# Paranal Airglow Line And Continuum Emission (PALACE) model: data and code of
# v1.0 (Noll et al. 2024)
# 
# Results of the evaluation of PALACE and the airglow component of the ESO Sky
# Model (noll+12) in comparison to X-shooter NIR-arm spectra
# 
# Column names:
# lam: central air wavelength of bin in µm
# lpix: lower pixel of bin in X-shooter NIR-arm spectra
# upix: upper pixel of bin in X-shooter NIR-arm spectra
# Nsel: number of selected X-shooter spectra
# mfx: mean flux of X-shooter data in R/nm
# mfp: mean flux of PALACE in R/nm
# mdfp: mean scatter of PALACE in R/nm
# mfo: mean flux of other sky radiation components from ESO Sky Model in R/nm
# fng: fraction of nightglow from ratio of mfp and mfp + mfo
# rdelp: relative deviation for PALACE (mfp / mfx - 1)
# rdp: relative scatter for PALACE (mdfp divided by standard deviation of
#      fp - fx from individual spectra)
# mfs: mean flux of airglow component of ESO Sky Model in R/nm
# mdfs: mean scatter of airglow component of ESO Sky Model in R/nm
# rdels: relative deviation for ESO Sky Model (mfs / mfx - 1)
# rds: relative scatter for ESO Sky Model (mdfs divided by standard deviation
#      of fs - fx from individual spectra)
# 
# References:
# noll+12: https://doi.org/10.1051/0004-6361/201219040
# 
     lam   lpix   upix  Nsel         mfx        mfp       mdfp        mfo        fng    rdelp    rdp        mfs       mdfs   rdels    rds 
 0.99449      0     16  6864   6.158e+01  7.148e+02  1.959e+02  4.843e+00  9.933e-01   10.608  1.064  5.725e+02  1.453e+02   8.357  0.861 
 0.99548     17     32  6873   1.554e+02  3.699e+02  9.406e+01  4.822e+00  9.871e-01    1.380  0.510  2.837e+02  7.693e+01   0.826  0.418 
 0.99648     33     49  6872   1.316e+02  2.961e+02  8.551e+01  4.830e+00  9.840e-01    1.251  0.531  3.300e+02  8.791e+01   1.509  0.541 
 0.99747     50     65  6872   7.811e+01  1.421e+02  3.734e+01  4.833e+00  9.671e-01    0.819  0.319  8.941e+01  2.765e+01   0.145  0.240 
 0.99847     66     82  6871   2.699e+01  1.569e+01  4.644e+00  4.819e+00  7.651e-01   -0.419  0.041  2.181e+01  1.178e+01  -0.192  0.105 
 0.99947     83     99  6874   5.345e+01  3.411e+01  1.146e+01  4.798e+00  8.767e-01   -0.362  0.109  4.952e+01  1.820e+01  -0.073  0.172 
 1.00047    100    115  6867   8.290e+01  6.166e+01  1.972e+01  4.815e+00  9.276e-01   -0.256  0.202  6.205e+01  2.123e+01  -0.251  0.217 
 1.00147    116    132  6872   6.432e+02  7.557e+02  2.017e+02  4.804e+00  9.937e-01    0.175  0.703  6.104e+02  1.579e+02  -0.051  0.515 
 1.00247    133    149  6871   2.302e+02  2.460e+02  6.240e+01  4.793e+00  9.809e-01    0.068  0.652  2.006e+02  5.600e+01  -0.129  0.567 
 1.00347    150    165  6874   4.068e+01  2.356e+01  6.684e+00  4.743e+00  8.324e-01   -0.421  0.094  2.843e+01  1.301e+01  -0.301  0.181 
 1.00448    166    182  6873   1.091e+02  9.037e+01  2.334e+01  4.652e+00  9.510e-01   -0.172  0.416  8.647e+01  2.768e+01  -0.207  0.483 
 1.00548    183    199  6856   1.635e+02  4.525e+01  1.400e+01  4.465e+00  9.102e-01   -0.723  0.364  4.966e+01  1.840e+01  -0.696  0.459 
 1.00649    200    216  6856   2.972e+02  1.821e+02  4.854e+01  4.713e+00  9.748e-01   -0.387  0.722  1.402e+02  4.039e+01  -0.528  0.550 
 1.00749    217    232  6868   7.173e+01  5.804e+01  1.878e+01  4.767e+00  9.241e-01   -0.191  0.459  6.328e+01  2.141e+01  -0.118  0.513 
 1.00850    233    249  6873   3.977e+02  4.165e+02  1.053e+02  4.750e+00  9.887e-01    0.047  1.250  3.125e+02  8.513e+01  -0.214  0.901 
 1.00951    250    266  6874   3.690e+01  2.192e+01  6.614e+00  4.755e+00  8.217e-01   -0.406  0.210  2.987e+01  1.341e+01  -0.191  0.410 
 1.01052    267    283  6867   1.828e+02  1.858e+02  4.729e+01  4.759e+00  9.750e-01    0.016  1.037  1.406e+02  4.157e+01  -0.231  0.844 
 1.01153    284    300  6874   1.831e+01  8.497e+00  2.806e+00  4.753e+00  6.413e-01   -0.536  0.095  2.229e+01  1.224e+01   0.217  0.394 
 1.01254    301    317  6872   4.863e+02  5.116e+02  1.300e+02  4.734e+00  9.908e-01    0.052  1.178  3.729e+02  9.896e+01  -0.233  0.794 
 1.01355    318    333  6873   3.673e+01  3.059e+01  9.874e+00  4.762e+00  8.653e-01   -0.167  0.410  3.785e+01  1.476e+01   0.030  0.580 
 1.01457    334    350  6864   7.843e+01  7.991e+01  2.343e+01  4.696e+00  9.445e-01    0.019  0.920  5.227e+01  1.781e+01  -0.333  0.666 
 1.01558    351    367  6871   2.578e+02  2.665e+02  7.446e+01  4.708e+00  9.826e-01    0.034  1.071  2.157e+02  5.955e+01  -0.163  0.771 
 1.01660    368    384  6866   1.461e+02  1.334e+02  3.811e+01  4.674e+00  9.662e-01   -0.086  0.821  8.563e+01  2.698e+01  -0.414  0.516 
 1.01761    385    401  6873   5.297e+02  5.624e+02  1.599e+02  4.731e+00  9.917e-01    0.062  1.106  5.396e+02  1.413e+02   0.019  0.864 
 1.01863    402    418  6873   3.870e+02  3.825e+02  1.089e+02  4.641e+00  9.880e-01   -0.011  0.963  4.740e+02  1.258e+02   0.225  0.949 
 1.01965    419    435  6873   2.833e+01  4.276e+01  1.200e+01  4.638e+00  9.022e-01    0.509  0.551  2.633e+01  1.291e+01  -0.071  0.654 
 1.02067    436    452  6874   5.977e+02  6.193e+02  1.740e+02  4.691e+00  9.925e-01    0.036  1.031  7.142e+02  1.856e+02   0.195  0.934 
 1.02169    453    469  6858   9.682e+01  9.217e+01  2.601e+01  4.630e+00  9.522e-01   -0.048  0.557  8.898e+01  2.920e+01  -0.080  0.570 
 1.02271    470    486  6872   3.825e+02  4.085e+02  1.156e+02  4.693e+00  9.886e-01    0.068  1.126  3.686e+02  9.836e+01  -0.036  0.846 
 1.02373    487    503  6872   1.149e+01  2.079e+01  5.969e+00  4.693e+00  8.158e-01    0.809  0.358  2.304e+01  1.273e+01   1.005  0.718 
 1.02476    504    520  6871   4.441e+00  9.020e+00  3.021e+00  4.696e+00  6.576e-01    1.031  0.249  2.287e+01  1.273e+01   4.149  0.871 
 1.02578    521    537  6871   1.072e+01  1.566e+01  4.606e+00  4.701e+00  7.691e-01    0.460  0.490  2.295e+01  1.276e+01   1.141  1.065 
 1.02681    538    555  6868   7.864e+01  9.367e+01  2.638e+01  4.682e+00  9.524e-01    0.191  1.301  5.826e+01  2.034e+01  -0.259  0.931 
 1.02784    556    572  6865   3.004e+01  2.830e+01  8.096e+00  4.694e+00  8.577e-01   -0.058  0.854  3.106e+01  1.487e+01   0.034  1.368 
 1.02886    573    589  6874   1.193e+03  1.454e+03  4.083e+02  4.645e+00  9.968e-01    0.219  1.012  1.629e+03  4.172e+02   0.365  0.894 
 1.02989    590    606  6872   1.666e+02  4.116e+02  1.156e+02  4.664e+00  9.888e-01    1.471  1.527  5.026e+02  1.340e+02   2.017  1.329 
 1.03092    607    623  6872   1.313e+02  1.448e+02  4.098e+01  4.656e+00  9.689e-01    0.103  1.010  1.954e+02  5.457e+01   0.488  1.128 
 1.03195    624    640  6874   1.347e+01  1.263e+01  4.240e+00  4.658e+00  7.306e-01   -0.062  0.435  2.907e+01  1.391e+01   1.158  1.170 
 1.03298    641    658  6870   3.722e+01  4.229e+01  1.399e+01  4.575e+00  9.024e-01    0.136  0.998  6.487e+01  2.279e+01   0.743  1.385 
 1.03402    659    675  6872   5.270e+01  6.384e+01  1.808e+01  4.602e+00  9.328e-01    0.211  1.113  4.049e+01  1.577e+01  -0.232  0.895 
 1.03505    676    692  6873   3.244e+02  3.367e+02  9.523e+01  4.583e+00  9.866e-01    0.038  1.039  3.589e+02  9.436e+01   0.106  0.900 
 1.03609    693    709  6869   1.033e+01  1.064e+01  3.488e+00  4.638e+00  6.965e-01    0.030  0.480  2.430e+01  1.285e+01   1.352  1.227 
 1.03712    710    727  6873   7.952e+02  8.155e+02  2.290e+02  4.568e+00  9.944e-01    0.026  1.072  9.548e+02  2.481e+02   0.201  0.963 
 1.03816    728    744  6868   1.411e+01  1.365e+01  4.262e+00  4.584e+00  7.486e-01   -0.033  0.607  2.523e+01  1.278e+01   0.788  1.284 
 1.03920    745    761  6867   2.712e+02  2.343e+02  6.594e+01  4.601e+00  9.807e-01   -0.136  0.768  2.763e+02  7.542e+01   0.019  0.792 
 1.04024    762    778  6870   7.416e+01  1.218e+02  3.460e+01  4.576e+00  9.638e-01    0.642  1.045  1.426e+02  4.209e+01   0.924  1.087 
 1.04128    779    796  6867   3.921e+02  3.397e+02  9.581e+01  4.605e+00  9.866e-01   -0.134  0.718  3.639e+02  9.744e+01  -0.072  0.672 
 1.04232    797    813  6873   5.535e+02  6.403e+02  1.799e+02  4.576e+00  9.929e-01    0.157  1.046  7.135e+02  1.866e+02   0.289  0.921 
 1.04336    814    831  6869   2.642e+01  3.093e+01  9.268e+00  4.575e+00  8.711e-01    0.171  1.162  3.196e+01  1.341e+01   0.210  1.214 
 1.04440    832    848  6861   2.651e+01  3.402e+01  9.900e+00  4.594e+00  8.810e-01    0.283  0.642  3.481e+01  1.463e+01   0.313  0.919 
 1.04545    849    865  6871   2.442e+02  2.448e+02  6.913e+01  4.523e+00  9.819e-01    0.003  0.906  3.004e+02  8.067e+01   0.230  0.917 
 1.04649    866    883  6872   5.626e+02  5.430e+02  1.527e+02  4.509e+00  9.918e-01   -0.035  0.900  6.519e+02  1.700e+02   0.159  0.867 
 1.04754    884    900  6865   2.369e+01  6.045e+01  1.736e+01  4.548e+00  9.300e-01    1.552  0.847  4.742e+01  1.771e+01   1.005  0.909 
 1.04859    901    918  6870   2.625e+01  3.111e+01  9.185e+00  4.569e+00  8.719e-01    0.185  1.129  2.480e+01  1.191e+01  -0.055  0.990 
 1.04964    919    935  6867   1.919e+01  2.187e+01  6.837e+00  4.554e+00  8.277e-01    0.140  1.095  2.588e+01  1.181e+01   0.349  1.231 
 1.05069    936    953  6871   1.614e+02  1.680e+02  5.526e+01  4.551e+00  9.736e-01    0.041  1.094  1.704e+02  4.772e+01   0.056  0.842 
 1.05174    954    970  6869   3.261e+01  3.477e+01  1.008e+01  4.537e+00  8.846e-01    0.066  1.131  2.378e+01  1.148e+01  -0.270  0.902 
 1.05279    971    988  6872   2.871e+02  2.948e+02  9.935e+01  4.534e+00  9.849e-01    0.027  1.073  3.335e+02  8.889e+01   0.162  0.842 
 1.05384    989   1005  6872   1.064e+01  9.737e+00  3.249e+00  4.505e+00  6.837e-01   -0.085  0.586  2.297e+01  1.118e+01   1.160  1.237 
 1.05490   1006   1023  6870   1.897e+01  1.714e+01  5.325e+00  4.535e+00  7.908e-01   -0.097  0.781  2.260e+01  1.103e+01   0.191  1.104 
 1.05595   1024   1040  6872   1.087e+01  9.667e+00  3.231e+00  4.528e+00  6.810e-01   -0.110  0.570  2.222e+01  1.088e+01   1.045  1.232 
 1.05701   1041   1058  6866   7.106e+01  7.159e+01  2.392e+01  4.521e+00  9.406e-01    0.007  1.012  7.901e+01  2.467e+01   0.112  0.943 
 1.05806   1059   1076  6869   8.101e+01  7.899e+01  2.655e+01  4.451e+00  9.467e-01   -0.025  0.918  9.306e+01  2.802e+01   0.149  0.891 
 1.05912   1077   1093  6869   6.618e+01  6.788e+01  2.182e+01  4.392e+00  9.392e-01    0.026  0.989  6.436e+01  2.092e+01  -0.027  0.847 
 1.06018   1094   1111  6872   2.707e+01  2.674e+01  7.628e+00  4.436e+00  8.577e-01   -0.012  1.000  2.123e+01  1.028e+01  -0.216  1.042 
 1.06124   1112   1129  6869   1.790e+01  1.518e+01  4.606e+00  4.420e+00  7.744e-01   -0.152  0.747  2.034e+01  1.013e+01   0.137  1.180 
 1.06230   1130   1146  6869   1.614e+01  1.525e+01  4.818e+00  4.459e+00  7.737e-01   -0.056  0.777  2.020e+01  1.005e+01   0.252  1.162 
 1.06336   1147   1164  6867   1.112e+01  1.114e+01  3.591e+00  4.413e+00  7.162e-01    0.002  0.680  2.060e+01  1.016e+01   0.853  1.264 
 1.06443   1165   1182  6865   3.384e+01  3.552e+01  1.178e+01  4.466e+00  8.883e-01    0.050  1.053  3.813e+01  1.364e+01   0.127  1.061 
 1.06549   1183   1200  6863   4.787e+01  4.893e+01  1.647e+01  4.445e+00  9.167e-01    0.022  1.010  5.269e+01  1.727e+01   0.101  0.950 
 1.06656   1201   1217  6867   1.442e+01  1.431e+01  4.495e+00  4.345e+00  7.670e-01   -0.008  0.758  2.181e+01  1.049e+01   0.512  1.169 
 1.06762   1218   1235  6863   1.604e+01  1.274e+01  4.310e+00  4.439e+00  7.417e-01   -0.206  0.696  2.221e+01  1.060e+01   0.385  1.185 
 1.06869   1236   1253  6870   1.346e+02  1.453e+02  4.341e+01  4.267e+00  9.715e-01    0.079  1.136  8.235e+01  2.285e+01  -0.388  0.533 
 1.06976   1254   1271  6870   1.679e+02  1.737e+02  5.587e+01  4.286e+00  9.759e-01    0.034  1.069  1.623e+02  4.461e+01  -0.033  0.775 
 1.07083   1272   1289  6871   3.190e+02  3.342e+02  1.110e+02  4.424e+00  9.869e-01    0.048  1.135  3.570e+02  9.442e+01   0.119  0.851 
 1.07190   1290   1306  6872   1.838e+02  1.853e+02  5.931e+01  4.437e+00  9.766e-01    0.008  1.091  1.711e+02  4.716e+01  -0.069  0.781 
 1.07297   1307   1324  6873   5.067e+02  5.282e+02  1.484e+02  4.343e+00  9.918e-01    0.042  1.027  5.870e+02  1.531e+02   0.159  0.913 
 1.07405   1325   1342  6873   2.315e+02  2.370e+02  6.631e+01  4.432e+00  9.816e-01    0.024  0.993  2.512e+02  6.826e+01   0.085  0.908 
 1.07512   1343   1360  6873   6.118e+02  6.319e+02  1.782e+02  4.339e+00  9.932e-01    0.033  1.092  6.950e+02  1.810e+02   0.136  0.942 
 1.07620   1361   1378  6871   3.080e+01  2.477e+01  6.895e+00  4.454e+00  8.476e-01   -0.196  1.099  2.583e+01  1.164e+01  -0.161  1.177 
 1.07727   1379   1396  6873   2.180e+02  2.270e+02  6.398e+01  4.426e+00  9.809e-01    0.041  1.048  2.545e+02  6.870e+01   0.167  0.976 
 1.07835   1397   1414  6861   1.683e+01  1.293e+01  4.191e+00  4.384e+00  7.468e-01   -0.231  0.917  2.668e+01  1.188e+01   0.585  1.262 
 1.07943   1415   1432  6871   3.506e+01  3.758e+01  1.049e+01  4.381e+00  8.956e-01    0.072  1.422  2.777e+01  1.197e+01  -0.208  1.143 
 1.08051   1433   1450  6869   2.936e+01  2.964e+01  8.557e+00  4.413e+00  8.704e-01    0.010  1.379  2.857e+01  1.210e+01  -0.027  1.212 
 1.08159   1451   1468  6863   1.891e+01  1.573e+01  4.769e+00  4.289e+00  7.857e-01   -0.168  1.053  2.787e+01  1.219e+01   0.474  1.282 
 1.08267   1469   1486  6873   1.544e+03  1.648e+03  4.619e+02  4.247e+00  9.974e-01    0.067  1.118  1.793e+03  4.592e+02   0.161  0.928 
 1.08375   1487   1504  6871   7.802e+02  8.233e+02  2.310e+02  4.339e+00  9.948e-01    0.055  1.038  7.975e+02  2.058e+02   0.022  0.809 
 1.08484   1505   1522  6857   5.498e+01  8.212e+01  2.340e+01  4.391e+00  9.492e-01    0.494  0.942  8.397e+01  2.559e+01   0.529  0.915 
 1.08592   1523   1540  6873   1.868e+02  1.949e+02  5.510e+01  4.343e+00  9.782e-01    0.043  1.048  2.355e+02  6.331e+01   0.261  1.031 
 1.08701   1541   1558  6871   3.622e+01  3.772e+01  1.166e+01  4.208e+00  8.996e-01    0.041  1.227  3.828e+01  1.382e+01   0.057  1.182 
 1.08809   1559   1576  6873   6.993e+01  7.639e+01  2.337e+01  4.345e+00  9.462e-01    0.092  1.324  8.238e+01  2.489e+01   0.178  1.203 
 1.08918   1577   1595  6873   3.509e+02  3.513e+02  9.887e+01  4.286e+00  9.879e-01    0.001  1.023  3.786e+02  9.953e+01   0.079  0.898 
 1.09027   1596   1613  6872   2.293e+01  3.048e+01  9.711e+00  4.325e+00  8.757e-01    0.329  1.094  3.705e+01  1.329e+01   0.617  1.322 
 1.09136   1614   1631  6867   1.143e+01  1.084e+01  3.391e+00  4.370e+00  7.127e-01   -0.052  0.855  2.397e+01  1.036e+01   1.096  1.261 
 1.09245   1632   1649  6873   1.181e+03  1.215e+03  3.403e+02  4.218e+00  9.965e-01    0.029  1.132  1.239e+03  3.187e+02   0.049  0.899 
 1.09354   1650   1667  6860   1.158e+01  1.008e+01  3.375e+00  4.108e+00  7.105e-01   -0.129  0.780  2.531e+01  1.008e+01   1.186  1.204 
 1.09464   1668   1686  6873   4.431e+02  4.583e+02  1.287e+02  4.036e+00  9.913e-01    0.034  1.007  4.692e+02  1.226e+02   0.059  0.840 
 1.09573   1687   1704  6870   1.459e+01  1.007e+01  3.258e+00  4.124e+00  7.094e-01   -0.310  0.706  2.155e+01  9.221e+00   0.477  1.161 
 1.09683   1705   1722  6873   1.313e+03  1.319e+03  3.693e+02  4.202e+00  9.968e-01    0.005  1.046  1.351e+03  3.461e+02   0.029  0.847 
 1.09793   1723   1740  6846   7.138e+01  9.713e+01  2.720e+01  4.112e+00  9.594e-01    0.361  0.789  2.539e+01  9.977e+00  -0.643  0.285 
 1.09902   1741   1759  6863   9.539e+00  1.025e+01  3.265e+00  4.073e+00  7.155e-01    0.074  0.916  1.975e+01  8.452e+00   1.070  1.148 
 1.10012   1760   1777  6869   2.751e+02  2.542e+02  7.169e+01  4.198e+00  9.838e-01   -0.076  0.805  2.602e+02  6.926e+01  -0.054  0.706 
 1.10122   1778   1795  6867   1.160e+02  1.461e+02  4.127e+01  4.124e+00  9.726e-01    0.260  0.880  1.482e+02  4.073e+01   0.278  0.799 
 1.10232   1796   1814  6873   8.536e+02  8.692e+02  2.439e+02  4.002e+00  9.954e-01    0.018  0.996  8.718e+02  2.246e+02   0.021  0.801 
 1.10343   1815   1832  6852   2.333e+01  2.783e+01  7.846e+00  4.161e+00  8.699e-01    0.193  0.789  1.848e+01  8.156e+00  -0.202  0.999 
 1.10453   1833   1851  6871   2.160e+01  2.056e+01  6.088e+00  4.103e+00  8.336e-01   -0.048  1.156  1.816e+01  8.248e+00  -0.159  1.058 
 1.10563   1852   1869  6871   3.398e+01  3.392e+01  9.615e+00  3.984e+00  8.949e-01   -0.002  1.317  1.749e+01  8.172e+00  -0.485  0.778 
 1.10674   1870   1887  6871   2.389e+02  2.489e+02  8.209e+01  4.127e+00  9.837e-01    0.042  1.124  2.235e+02  6.047e+01  -0.064  0.740 
 1.10785   1888   1906  6873   3.218e+01  3.038e+01  8.936e+00  3.943e+00  8.851e-01   -0.056  1.154  1.713e+01  8.445e+00  -0.468  0.778 
 1.10895   1907   1924  6872   4.766e+02  4.852e+02  1.636e+02  4.042e+00  9.917e-01    0.018  1.119  4.717e+02  1.233e+02  -0.010  0.745 
 1.11006   1925   1943  6863   1.075e+01  1.040e+01  3.266e+00  3.915e+00  7.266e-01   -0.032  0.930  1.672e+01  8.692e+00   0.554  1.321 
 1.11117   1944   1961  6865   9.463e+00  9.466e+00  3.025e+00  3.820e+00  7.125e-01    0.000  0.847  1.627e+01  8.692e+00   0.720  1.313 
 1.11228   1962   1980  6874   1.809e+01  1.848e+01  5.605e+00  3.774e+00  8.304e-01    0.022  1.137  1.609e+01  8.815e+00  -0.110  1.173 
 1.11340   1981   1998  6867   1.047e+02  1.062e+02  3.578e+01  3.375e+00  9.692e-01    0.015  1.047  9.967e+01  2.926e+01  -0.048  0.777 
 1.11451   1999   2017  6869   1.131e+01  1.309e+01  4.332e+00  3.529e+00  7.876e-01    0.157  0.815  1.498e+01  8.532e+00   0.326  1.195 
 1.11562   2018   2036  6866   1.812e+02  1.841e+02  6.133e+01  3.210e+00  9.829e-01    0.016  1.078  1.649e+02  4.571e+01  -0.090  0.719 
 1.11674   2037   2054  6874   2.703e+01  2.886e+01  7.946e+00  2.538e+00  9.192e-01    0.068  1.439  1.043e+01  6.337e+00  -0.614  0.832 
 1.11786   2055   2073  6870   9.258e+00  9.975e+00  3.117e+00  3.508e+00  7.398e-01    0.077  0.779  1.432e+01  8.904e+00   0.548  1.406 
 1.11897   2074   2091  6869   6.340e+00  5.993e+00  2.004e+00  2.723e+00  6.876e-01   -0.055  0.477  1.125e+01  7.177e+00   0.775  1.147 
 1.12009   2092   2110  6868   8.459e+00  8.214e+00  2.698e+00  3.006e+00  7.321e-01   -0.029  0.735  1.231e+01  8.040e+00   0.455  1.389 
 1.12121   2111   2129  6871   2.965e+01  3.346e+01  1.105e+01  2.869e+00  9.210e-01    0.128  1.384  2.684e+01  1.099e+01  -0.095  1.209 
 1.12233   2130   2147  6855   2.767e+01  3.282e+01  1.098e+01  2.308e+00  9.343e-01    0.186  1.362  2.788e+01  1.090e+01   0.008  1.103 
 1.12346   2148   2166  6858   6.675e+00  6.672e+00  2.215e+00  2.871e+00  6.991e-01   -0.001  0.654  1.132e+01  7.947e+00   0.694  1.439 
 1.12458   2167   2185  6866   7.600e+00  8.739e+00  2.811e+00  3.015e+00  7.435e-01    0.150  0.778  1.205e+01  8.445e+00   0.585  1.415 
 1.12571   2186   2204  6865   6.935e+00  6.538e+00  2.068e+00  2.174e+00  7.505e-01   -0.057  0.597  9.107e+00  6.184e+00   0.314  1.205 
 1.12683   2205   2222  6872   2.366e+01  2.382e+01  6.611e+00  3.111e+00  8.845e-01    0.007  1.386  1.278e+01  8.465e+00  -0.460  1.215 
 1.12796   2223   2241  6870   2.725e+01  2.565e+01  7.519e+00  2.773e+00  9.024e-01   -0.059  1.273  1.672e+01  8.391e+00  -0.386  1.106 
 1.12909   2242   2260  6864   2.494e+02  2.687e+02  8.143e+01  2.551e+00  9.906e-01    0.077  1.167  1.689e+02  4.462e+01  -0.322  0.545 
 1.13021   2261   2279  6868   1.847e+02  1.869e+02  5.760e+01  3.265e+00  9.828e-01    0.012  1.064  1.398e+02  3.963e+01  -0.243  0.658 
 1.13135   2280   2298  6871   4.010e+02  3.922e+02  1.204e+02  3.633e+00  9.908e-01   -0.022  1.058  3.818e+02  1.015e+02  -0.048  0.793 
 1.13248   2299   2317  6869   7.193e+02  7.299e+02  1.972e+02  3.149e+00  9.957e-01    0.015  1.006  7.379e+02  1.927e+02   0.026  0.858 
 1.13361   2318   2335  6867   9.640e+00  7.529e+00  2.365e+00  2.255e+00  7.695e-01   -0.219  0.576  1.027e+01  5.743e+00   0.067  1.136 
 1.13474   2336   2354  6867   4.649e+02  4.617e+02  1.203e+02  1.531e+00  9.967e-01   -0.007  1.033  4.934e+02  1.306e+02   0.062  0.938 
 1.13588   2355   2373  6873   3.499e+01  3.952e+01  1.055e+01  2.974e+00  9.300e-01    0.129  0.903  1.495e+01  7.542e+00  -0.573  0.798 
 1.13701   2374   2392  6858   8.550e+01  8.696e+01  2.334e+01  3.459e+00  9.617e-01    0.017  1.148  9.530e+01  2.954e+01   0.115  1.075 
 1.13815   2393   2411  6872   7.050e+01  7.675e+01  2.083e+01  3.312e+00  9.586e-01    0.089  1.383  1.851e+01  8.129e+00  -0.737  0.433 
 1.13929   2412   2430  6874   2.859e+01  3.024e+01  8.519e+00  3.428e+00  8.982e-01    0.058  1.420  1.728e+01  8.048e+00  -0.396  0.974 
 1.14043   2431   2449  6867   9.979e+00  8.878e+00  2.969e+00  3.334e+00  7.270e-01   -0.110  0.835  1.631e+01  7.763e+00   0.635  1.087 
 1.14157   2450   2468  6869   1.250e+01  1.216e+01  3.798e+00  3.236e+00  7.899e-01   -0.027  1.080  1.571e+01  7.521e+00   0.257  1.180 
 1.14271   2469   2487  6871   3.437e+01  3.544e+01  9.752e+00  3.720e+00  9.050e-01    0.031  1.397  1.805e+01  8.694e+00  -0.475  0.904 
 1.14385   2488   2506  6873   1.689e+03  1.824e+03  4.763e+02  2.764e+00  9.985e-01    0.080  1.153  1.730e+03  4.463e+02   0.025  0.917 
 1.14500   2507   2525  6873   6.274e+02  6.740e+02  1.764e+02  2.958e+00  9.956e-01    0.074  1.092  6.911e+02  1.794e+02   0.102  0.948 
 1.14614   2526   2544  6869   1.987e+02  2.187e+02  5.742e+01  2.785e+00  9.874e-01    0.101  1.086  2.440e+02  6.474e+01   0.228  1.026 
 1.14729   2545   2564  6870   3.908e+01  4.455e+01  1.170e+01  2.932e+00  9.382e-01    0.140  1.431  1.534e+01  7.180e+00  -0.607  0.694 
 1.14843   2565   2583  6869   7.337e+01  7.950e+01  2.484e+01  3.391e+00  9.591e-01    0.083  1.274  9.432e+01  2.706e+01   0.286  1.168 
 1.14958   2584   2602  6868   9.049e+00  8.560e+00  2.847e+00  2.868e+00  7.491e-01   -0.054  0.730  1.383e+01  6.912e+00   0.529  1.002 
 1.15073   2603   2621  6849   6.699e+01  7.369e+01  1.986e+01  3.321e+00  9.569e-01    0.100  1.456  5.336e+01  1.804e+01  -0.203  0.933 
 1.15188   2622   2640  6873   2.923e+01  3.253e+01  9.643e+00  2.968e+00  9.164e-01    0.113  1.394  3.336e+01  1.163e+01   0.142  1.281 
 1.15304   2641   2659  6873   8.524e+02  8.594e+02  2.252e+02  3.450e+00  9.960e-01    0.008  0.949  8.442e+02  2.198e+02  -0.010  0.808 
 1.15419   2660   2679  6868   4.402e+02  4.709e+02  1.236e+02  3.222e+00  9.932e-01    0.070  0.810  4.519e+02  1.189e+02   0.027  0.728 
 1.15534   2680   2698  6868   1.618e+01  1.351e+01  4.375e+00  3.433e+00  7.974e-01   -0.165  0.827  1.789e+01  8.733e+00   0.106  1.028 
 1.15650   2699   2717  6860   3.022e+02  3.253e+02  8.502e+01  3.607e+00  9.890e-01    0.076  1.128  2.946e+02  8.234e+01  -0.025  0.917 
 1.15765   2718   2736  6872   4.911e+01  4.660e+01  1.235e+01  3.515e+00  9.299e-01   -0.051  1.325  1.709e+01  8.811e+00  -0.652  0.696 
 1.15881   2737   2756  6873   1.370e+03  1.416e+03  3.705e+02  3.579e+00  9.975e-01    0.034  1.052  1.328e+03  3.433e+02  -0.031  0.849 
 1.15997   2757   2775  6870   1.880e+01  1.201e+01  3.920e+00  3.431e+00  7.778e-01   -0.361  0.782  1.686e+01  8.888e+00  -0.103  1.082 
 1.16113   2776   2794  6874   3.977e+01  3.648e+01  1.038e+01  3.669e+00  9.086e-01   -0.083  1.217  1.830e+01  9.698e+00  -0.540  0.772 
 1.16229   2795   2814  6872   4.347e+02  4.459e+02  1.173e+02  3.779e+00  9.916e-01    0.026  0.941  4.126e+02  1.093e+02  -0.051  0.784 
 1.16345   2815   2833  6872   4.247e+01  4.319e+01  1.163e+01  3.810e+00  9.189e-01    0.017  1.337  1.860e+01  9.906e+00  -0.562  0.883 
 1.16462   2834   2852  6872   1.022e+03  1.053e+03  2.756e+02  3.755e+00  9.964e-01    0.030  0.993  9.875e+02  2.569e+02  -0.034  0.813 
 1.16578   2853   2872  6870   1.270e+01  1.141e+01  3.816e+00  3.718e+00  7.543e-01   -0.101  0.839  1.821e+01  9.876e+00   0.434  1.224 
 1.16695   2873   2891  6870   3.096e+01  3.095e+01  8.597e+00  3.794e+00  8.908e-01   -0.000  1.349  1.846e+01  1.007e+01  -0.403  1.107 
 1.16811   2892   2911  6873   6.078e+01  6.128e+01  1.648e+01  3.874e+00  9.405e-01    0.008  1.359  1.870e+01  1.025e+01  -0.692  0.616 
 1.16928   2912   2930  6872   2.970e+02  3.037e+02  9.490e+01  3.830e+00  9.875e-01    0.023  1.052  2.716e+02  7.353e+01  -0.086  0.733 
 1.17045   2931   2950  6871   2.184e+01  2.332e+01  7.072e+00  3.859e+00  8.580e-01    0.068  0.938  1.864e+01  1.034e+01  -0.146  1.070 
 1.17162   2951   2969  6871   6.471e+02  6.559e+02  2.033e+02  3.911e+00  9.941e-01    0.014  1.072  5.761e+02  1.510e+02  -0.109  0.712 
 1.17279   2970   2989  6869   1.896e+01  1.814e+01  5.475e+00  3.893e+00  8.233e-01   -0.043  0.953  1.879e+01  1.055e+01  -0.009  1.151 
 1.17397   2990   3008  6866   1.311e+01  1.138e+01  3.772e+00  3.718e+00  7.537e-01   -0.132  0.756  1.790e+01  1.010e+01   0.365  1.219 
 1.17514   3009   3028  6870   2.463e+01  2.477e+01  7.316e+00  3.793e+00  8.672e-01    0.006  1.108  1.849e+01  1.042e+01  -0.249  1.046 
 1.17632   3029   3048  6871   1.520e+02  1.555e+02  4.812e+01  3.960e+00  9.752e-01    0.023  1.024  1.246e+02  3.640e+01  -0.180  0.706 
 1.17749   3049   3067  6871   3.871e+01  4.197e+01  1.156e+01  3.667e+00  9.196e-01    0.084  1.366  1.748e+01  9.699e+00  -0.548  0.851 
 1.17867   3068   3087  6871   3.049e+02  3.075e+02  9.371e+01  3.835e+00  9.877e-01    0.009  1.033  2.313e+02  6.313e+01  -0.241  0.625 
 1.17985   3088   3106  6867   2.253e+01  1.977e+01  6.020e+00  3.912e+00  8.348e-01   -0.123  0.951  1.751e+01  9.759e+00  -0.223  0.974 
 1.18103   3107   3126  6867   2.122e+01  1.780e+01  5.751e+00  3.726e+00  8.269e-01   -0.161  0.905  1.655e+01  9.203e+00  -0.219  0.928 
 1.18221   3127   3146  6866   1.068e+01  1.135e+01  3.799e+00  3.717e+00  7.534e-01    0.063  0.833  1.635e+01  9.064e+00   0.533  1.131 
 1.18339   3147   3166  6865   1.626e+01  1.183e+01  3.955e+00  3.735e+00  7.600e-01   -0.273  0.640  1.669e+01  9.224e+00   0.027  0.947 
 1.18458   3167   3185  6869   7.847e+01  8.021e+01  2.525e+01  3.723e+00  9.556e-01    0.022  1.119  5.356e+01  1.784e+01  -0.317  0.699 
 1.18576   3186   3205  6866   8.382e+01  7.648e+01  2.410e+01  3.925e+00  9.512e-01   -0.087  0.946  5.861e+01  1.916e+01  -0.301  0.676 
 1.18695   3206   3225  6871   6.402e+01  6.375e+01  1.974e+01  3.790e+00  9.439e-01   -0.004  1.025  4.065e+01  1.455e+01  -0.365  0.664 
 1.18813   3226   3245  6870   2.749e+01  2.696e+01  7.783e+00  3.655e+00  8.806e-01   -0.020  1.187  1.510e+01  8.235e+00  -0.451  0.841 
 1.18932   3246   3264  6866   2.971e+01  3.055e+01  8.544e+00  3.751e+00  8.906e-01    0.028  1.298  1.533e+01  8.330e+00  -0.484  0.904 
 1.19051   3265   3284  6870   5.154e+01  4.641e+01  1.241e+01  3.842e+00  9.236e-01   -0.099  1.199  1.494e+01  8.088e+00  -0.710  0.597 
 1.19170   3285   3304  6874   3.684e+01  2.573e+01  7.374e+00  3.926e+00  8.676e-01   -0.302  0.792  1.492e+01  8.045e+00  -0.595  0.695 
 1.19289   3305   3324  6872   4.360e+01  4.096e+01  1.223e+01  3.837e+00  9.143e-01   -0.061  1.118  1.851e+01  8.443e+00  -0.575  0.631 
 1.19409   3325   3344  6871   3.768e+01  3.771e+01  1.161e+01  3.930e+00  9.056e-01    0.001  1.223  2.086e+01  8.780e+00  -0.446  0.726 
 1.19528   3345   3364  6867   5.708e+01  5.730e+01  1.738e+01  3.803e+00  9.378e-01    0.004  1.187  2.930e+01  1.070e+01  -0.487  0.618 
 1.19647   3365   3384  6868   2.838e+02  2.975e+02  9.051e+01  3.872e+00  9.872e-01    0.048  1.146  1.209e+02  3.248e+01  -0.574  0.350 
 1.19767   3385   3404  6865   3.377e+02  3.761e+02  1.131e+02  3.705e+00  9.902e-01    0.114  1.189  2.239e+02  6.010e+01  -0.337  0.565 
 1.19887   3405   3424  6871   4.409e+02  4.656e+02  1.449e+02  3.552e+00  9.924e-01    0.056  1.148  3.893e+02  1.020e+02  -0.117  0.718 
 1.20007   3425   3444  6872   1.025e+03  1.073e+03  2.914e+02  3.789e+00  9.965e-01    0.047  1.034  8.641e+02  2.222e+02  -0.157  0.702 
 1.20127   3445   3464  6873   2.527e+01  2.241e+01  6.649e+00  3.792e+00  8.553e-01   -0.113  0.822  1.236e+01  6.403e+00  -0.511  0.655 
 1.20247   3465   3484  6872   1.270e+03  1.330e+03  3.479e+02  3.842e+00  9.971e-01    0.047  1.056  1.031e+03  2.645e+02  -0.188  0.711 
 1.20367   3485   3504  6872   5.543e+01  5.417e+01  1.608e+01  3.446e+00  9.402e-01   -0.023  1.292  1.460e+01  6.213e+00  -0.737  0.391 
 1.20487   3505   3524  6872   3.368e+02  3.455e+02  9.096e+01  3.775e+00  9.892e-01    0.026  0.997  2.752e+02  7.258e+01  -0.183  0.713 
 1.20608   3525   3544  6872   5.018e+01  5.701e+01  1.497e+01  3.822e+00  9.372e-01    0.136  1.162  1.143e+01  5.766e+00  -0.772  0.388 
 1.20729   3545   3564  6865   1.251e+01  1.575e+01  4.834e+00  3.761e+00  8.073e-01    0.259  1.122  1.092e+01  5.476e+00  -0.127  0.914 
 1.20849   3565   3584  6865   1.172e+01  1.320e+01  4.318e+00  3.561e+00  7.875e-01    0.126  0.997  1.080e+01  5.413e+00  -0.079  0.872 
 1.20970   3585   3604  6872   4.186e+01  3.942e+01  1.069e+01  3.782e+00  9.125e-01   -0.058  1.199  1.087e+01  5.516e+00  -0.740  0.461 
 1.21091   3605   3624  6869   1.867e+01  1.463e+01  4.592e+00  3.683e+00  7.988e-01   -0.217  0.788  1.070e+01  5.489e+00  -0.427  0.722 
 1.21212   3625   3645  6873   2.260e+03  2.477e+03  6.476e+02  3.787e+00  9.985e-01    0.096  1.153  1.965e+03  5.017e+02  -0.131  0.782 
 1.21333   3646   3665  6873   8.998e+02  9.589e+02  2.502e+02  3.811e+00  9.960e-01    0.066  1.101  7.597e+02  1.953e+02  -0.156  0.758 
 1.21455   3666   3685  6870   1.960e+02  2.041e+02  5.364e+01  3.778e+00  9.818e-01    0.041  0.997  1.253e+02  3.439e+01  -0.361  0.566 
 1.21576   3686   3705  6871   1.750e+02  1.901e+02  4.978e+01  3.850e+00  9.801e-01    0.086  1.017  1.672e+02  4.549e+01  -0.045  0.844 
 1.21698   3706   3726  6871   5.155e+01  5.810e+01  1.800e+01  3.832e+00  9.381e-01    0.127  1.223  4.397e+01  1.385e+01  -0.147  0.846 
 1.21820   3727   3746  6873   6.237e+01  7.051e+01  2.221e+01  3.777e+00  9.492e-01    0.130  1.212  6.684e+01  1.965e+01   0.072  0.952 
 1.21941   3747   3766  6872   5.010e+02  5.327e+02  1.397e+02  3.775e+00  9.930e-01    0.063  1.049  4.074e+02  1.063e+02  -0.187  0.709 
 1.22063   3767   3787  6872   3.548e+01  3.967e+01  1.259e+01  3.819e+00  9.122e-01    0.118  1.253  3.435e+01  1.114e+01  -0.032  0.952 
 1.22185   3788   3807  6866   1.932e+02  2.088e+02  5.487e+01  3.757e+00  9.823e-01    0.080  0.525  9.173e+01  2.647e+01  -0.525  0.226 
 1.22308   3808   3827  6874   1.490e+03  1.518e+03  3.968e+02  3.767e+00  9.975e-01    0.019  1.058  1.257e+03  3.223e+02  -0.156  0.760 
 1.22430   3828   3848  6872   6.649e+01  6.847e+01  1.830e+01  3.809e+00  9.473e-01    0.030  1.186  1.612e+01  6.868e+00  -0.758  0.345 
 1.22552   3849   3868  6872   6.734e+02  7.027e+02  1.841e+02  3.801e+00  9.946e-01    0.044  0.993  5.319e+02  1.383e+02  -0.210  0.665 
 1.22675   3869   3889  6865   1.217e+01  1.079e+01  3.693e+00  3.729e+00  7.433e-01   -0.113  0.717  9.904e+00  5.953e+00  -0.186  0.817 
 1.22797   3890   3909  6872   1.844e+03  1.904e+03  4.981e+02  3.767e+00  9.980e-01    0.032  1.053  1.505e+03  3.854e+02  -0.184  0.717 
 1.22920   3910   3929  6860   5.355e+01  6.574e+01  1.787e+01  3.797e+00  9.454e-01    0.228  0.825  1.101e+01  6.150e+00  -0.794  0.326 
 1.23043   3930   3950  6871   4.399e+01  4.118e+01  1.111e+01  3.795e+00  9.156e-01   -0.064  1.053  9.799e+00  6.111e+00  -0.777  0.434 
 1.23166   3951   3970  6870   3.348e+02  2.601e+02  6.858e+01  3.781e+00  9.857e-01   -0.223  0.628  1.697e+02  4.650e+01  -0.493  0.387 
 1.23289   3971   3991  6873   2.639e+02  3.675e+02  9.675e+01  3.761e+00  9.899e-01    0.392  1.049  2.723e+02  7.265e+01   0.032  0.749 
 1.23413   3992   4012  6868   4.574e+02  3.767e+02  9.904e+01  3.772e+00  9.901e-01   -0.177  0.594  2.584e+02  6.922e+01  -0.435  0.381 
 1.23536   4013   4032  6870   9.559e+02  1.104e+03  2.884e+02  3.765e+00  9.966e-01    0.155  1.032  8.303e+02  2.145e+02  -0.131  0.705 
 1.23660   4033   4053  6870   3.039e+01  2.857e+01  7.951e+00  3.774e+00  8.833e-01   -0.060  1.064  9.428e+00  6.258e+00  -0.690  0.610 
 1.23783   4054   4073  6864   1.336e+01  1.085e+01  3.632e+00  3.776e+00  7.419e-01   -0.188  0.648  9.361e+00  6.291e+00  -0.299  0.798 
 1.23907   4074   4094  6868   1.638e+02  1.569e+02  4.646e+01  3.741e+00  9.767e-01   -0.042  0.851  7.123e+01  2.186e+01  -0.565  0.347 
 1.24031   4095   4115  6867   2.549e+02  2.866e+02  8.918e+01  3.732e+00  9.871e-01    0.124  1.093  2.008e+02  5.451e+01  -0.212  0.615 
 1.24155   4116   4135  6871   7.722e+02  7.542e+02  2.353e+02  3.749e+00  9.951e-01   -0.023  1.044  5.650e+02  1.467e+02  -0.268  0.577 
 1.24279   4136   4156  6862   6.807e+01  1.135e+02  3.398e+01  3.700e+00  9.684e-01    0.667  1.174  4.380e+01  1.495e+01  -0.355  0.545 
 1.24403   4157   4177  6870   2.627e+01  2.383e+01  6.977e+00  3.704e+00  8.655e-01   -0.093  1.045  1.054e+01  6.499e+00  -0.599  0.701 
 1.24528   4178   4198  6860   4.833e+01  3.960e+01  1.096e+01  3.733e+00  9.139e-01   -0.181  0.968  1.284e+01  7.193e+00  -0.734  0.456 
 1.24652   4199   4218  6854   3.555e+01  3.205e+01  1.021e+01  3.708e+00  8.963e-01   -0.098  1.057  1.912e+01  9.233e+00  -0.461  0.628 
 1.24777   4219   4239  6868   2.828e+02  2.910e+02  8.692e+01  3.707e+00  9.874e-01    0.029  1.090  1.489e+02  4.259e+01  -0.473  0.460 
 1.24902   4240   4260  6838   4.792e+01  5.035e+01  1.592e+01  3.712e+00  9.313e-01    0.051  1.069  5.507e+01  2.115e+01   0.155  0.741 
 1.25027   4261   4281  6868   4.094e+02  4.221e+02  1.329e+02  3.692e+00  9.913e-01    0.031  1.076  3.255e+02  9.149e+01  -0.205  0.634 
 1.25152   4282   4302  6844   3.326e+01  2.594e+01  8.397e+00  3.665e+00  8.762e-01   -0.220  0.731  1.149e+01  6.989e+00  -0.653  0.385 
 1.25277   4303   4322  6828   9.383e+01  9.844e+01  3.227e+01  3.633e+00  9.644e-01    0.049  1.129  1.284e+02  4.545e+01   0.381  0.698 
 1.25402   4323   4343  6825   1.071e+02  1.012e+02  3.380e+01  3.636e+00  9.653e-01   -0.055  1.028  1.438e+02  5.057e+01   0.354  0.651 
 1.25528   4344   4364  6833   1.063e+02  1.035e+02  3.457e+01  3.613e+00  9.663e-01   -0.026  1.087  1.332e+02  4.705e+01   0.263  0.621 
 1.25653   4365   4385  6860   1.862e+02  1.912e+02  6.172e+01  3.595e+00  9.815e-01    0.027  1.211  1.178e+02  3.801e+01  -0.367  0.502 
 1.25779   4386   4406  6845   9.076e+01  9.317e+01  3.047e+01  3.600e+00  9.628e-01    0.027  1.086  8.177e+01  2.851e+01  -0.095  0.562 
 1.25905   4407   4427  6837   3.550e+02  3.581e+02  1.162e+02  3.526e+00  9.902e-01    0.009  1.068  3.212e+02  1.016e+02  -0.091  0.550 
 1.26030   4428   4448  6830   4.456e+02  4.600e+02  1.480e+02  3.473e+00  9.925e-01    0.032  1.020  4.340e+02  1.457e+02  -0.019  0.493 
 1.26156   4449   4469  6844   4.096e+02  4.201e+02  1.361e+02  3.402e+00  9.920e-01    0.025  1.058  3.744e+02  1.263e+02  -0.080  0.465 
 1.26283   4470   4490  6850   2.251e+02  2.712e+02  9.009e+01  3.348e+00  9.878e-01    0.205  1.217  2.181e+02  7.423e+01  -0.023  0.447 
 1.26409   4491   4511  6845   2.239e+02  2.666e+02  8.891e+01  3.275e+00  9.879e-01    0.191  1.293  1.855e+02  6.352e+01  -0.164  0.391 
 1.26535   4512   4532  6840   2.616e+02  3.033e+02  1.012e+02  3.266e+00  9.893e-01    0.159  1.317  1.891e+02  6.485e+01  -0.269  0.349 
 1.26662   4533   4553  6837   5.091e+02  5.305e+02  1.746e+02  3.356e+00  9.937e-01    0.042  1.261  3.244e+02  1.084e+02  -0.357  0.336 
 1.26789   4554   4574  6841   1.491e+03  1.631e+03  5.411e+02  2.932e+00  9.982e-01    0.094  1.239  1.045e+03  3.459e+02  -0.292  0.338 
 1.26915   4575   4596  6822   1.806e+03  1.850e+03  6.172e+02  2.975e+00  9.984e-01    0.025  1.066  1.365e+03  4.515e+02  -0.234  0.347 
 1.27042   4597   4617  6823   6.435e+02  6.937e+02  2.311e+02  3.437e+00  9.951e-01    0.078  1.146  4.483e+02  1.497e+02  -0.294  0.327 
 1.27169   4618   4638  6825   6.163e+02  6.402e+02  2.137e+02  3.441e+00  9.947e-01    0.039  1.201  3.967e+02  1.331e+02  -0.348  0.308 
 1.27296   4639   4659  6840   3.661e+02  4.214e+02  1.396e+02  3.443e+00  9.919e-01    0.151  1.265  2.317e+02  7.911e+01  -0.360  0.310 
 1.27424   4660   4680  6850   1.143e+03  1.159e+03  3.690e+02  3.445e+00  9.970e-01    0.014  1.165  5.861e+02  1.876e+02  -0.485  0.307 
 1.27551   4681   4702  6863   1.865e+03  1.937e+03  5.883e+02  3.510e+00  9.982e-01    0.038  1.183  1.010e+03  2.925e+02  -0.458  0.384 
 1.27679   4703   4723  6859   9.459e+02  1.044e+03  3.200e+02  3.562e+00  9.966e-01    0.103  1.208  4.728e+02  1.433e+02  -0.499  0.327 
 1.27806   4724   4744  6859   1.849e+03  1.941e+03  5.529e+02  3.564e+00  9.982e-01    0.050  1.161  1.025e+03  2.906e+02  -0.445  0.394 
 1.27934   4745   4766  6841   7.925e+02  7.829e+02  2.222e+02  3.565e+00  9.955e-01   -0.012  1.008  3.856e+02  1.116e+02  -0.512  0.330 
 1.28062   4767   4787  6865   1.387e+03  1.493e+03  4.108e+02  3.502e+00  9.977e-01    0.076  1.204  8.314e+02  2.298e+02  -0.400  0.469 
 1.28190   4788   4808  6817   3.901e+02  3.981e+02  1.329e+02  3.200e+00  9.920e-01    0.021  1.084  1.693e+02  5.845e+01  -0.560  0.214 
 1.28318   4809   4830  6871   4.741e+02  4.960e+02  1.282e+02  3.431e+00  9.931e-01    0.046  1.045  2.501e+02  6.751e+01  -0.472  0.458 
 1.28447   4831   4851  6815   2.732e+02  2.804e+02  9.375e+01  3.559e+00  9.875e-01    0.027  1.105  1.111e+02  3.952e+01  -0.587  0.207 
 1.28575   4852   4872  6794   1.514e+02  1.328e+02  4.444e+01  3.592e+00  9.737e-01   -0.123  0.880  5.059e+01  1.953e+01  -0.660  0.193 
 1.28704   4873   4894  6861   8.988e+01  1.127e+02  3.500e+01  3.618e+00  9.689e-01    0.253  1.184  3.250e+01  1.381e+01  -0.637  0.301 
 1.28832   4895   4915  6838   1.858e+02  1.867e+02  5.673e+01  3.569e+00  9.812e-01    0.005  1.118  4.519e+01  1.770e+01  -0.755  0.182 
 1.28961   4916   4937  6871   2.296e+03  2.186e+03  5.499e+02  3.598e+00  9.984e-01   -0.048  0.949  1.159e+03  2.979e+02  -0.495  0.441 
 1.29090   4938   4958  6872   8.648e+02  1.293e+03  3.303e+02  3.570e+00  9.972e-01    0.495  1.081  6.911e+02  1.797e+02  -0.201  0.566 
 1.29219   4959   4980  6871   1.051e+03  1.090e+03  2.764e+02  3.600e+00  9.967e-01    0.037  1.073  6.294e+02  1.638e+02  -0.401  0.548 
 1.29349   4981   5001  6872   4.360e+02  4.324e+02  1.109e+02  3.598e+00  9.917e-01   -0.008  0.981  2.760e+02  7.362e+01  -0.367  0.567 
 1.29478   5002   5023  6868   7.558e+01  9.596e+01  2.630e+01  3.573e+00  9.641e-01    0.270  1.203  1.573e+01  7.936e+00  -0.792  0.266 
 1.29607   5024   5045  6871   7.355e+01  6.811e+01  1.991e+01  3.589e+00  9.499e-01   -0.074  1.088  2.533e+01  1.011e+01  -0.656  0.434 
 1.29737   5046   5066  6870   1.366e+02  1.453e+02  4.143e+01  3.518e+00  9.764e-01    0.063  1.187  8.531e+01  2.497e+01  -0.375  0.588 
 1.29867   5067   5088  6872   5.955e+02  6.139e+02  1.556e+02  3.571e+00  9.942e-01    0.031  1.023  3.430e+02  9.092e+01  -0.424  0.522 
 1.29997   5089   5109  6871   1.044e+02  1.065e+02  2.910e+01  3.522e+00  9.680e-01    0.021  1.219  3.549e+01  1.209e+01  -0.660  0.403 
 1.30127   5110   5131  6872   1.809e+03  1.740e+03  4.386e+02  3.540e+00  9.980e-01   -0.038  0.990  9.873e+02  2.546e+02  -0.454  0.496 
 1.30257   5132   5153  6866   2.239e+02  3.790e+02  9.630e+01  3.466e+00  9.909e-01    0.692  0.770  1.607e+02  4.466e+01  -0.282  0.380 
 1.30387   5154   5175  6870   3.289e+01  2.513e+01  7.777e+00  3.356e+00  8.822e-01   -0.236  1.026  1.044e+01  6.334e+00  -0.683  0.593 
 1.30517   5176   5196  6872   9.312e+02  9.695e+02  2.449e+02  3.548e+00  9.964e-01    0.041  1.005  4.882e+02  1.270e+02  -0.476  0.452 
 1.30648   5197   5218  6867   2.476e+01  1.851e+01  5.975e+00  3.372e+00  8.459e-01   -0.252  1.023  9.501e+00  6.229e+00  -0.616  0.705 
 1.30779   5219   5240  6873   2.278e+03  2.378e+03  5.982e+02  3.448e+00  9.986e-01    0.044  1.061  1.306e+03  3.354e+02  -0.426  0.515 
 1.30909   5241   5262  6816   3.086e+01  3.315e+01  9.724e+00  3.363e+00  9.079e-01    0.074  0.629  9.848e+00  6.254e+00  -0.672  0.626 
 1.31040   5263   5283  6872   4.266e+01  3.742e+01  1.076e+01  3.367e+00  9.174e-01   -0.123  1.155  1.080e+01  6.378e+00  -0.747  0.484 
 1.31171   5284   5305  6866   2.516e+02  1.845e+02  4.748e+01  3.427e+00  9.818e-01   -0.267  0.512  6.269e+01  1.981e+01  -0.751  0.187 
 1.31302   5306   5327  6870   6.024e+02  6.991e+02  1.764e+02  3.122e+00  9.956e-01    0.160  1.028  3.423e+02  9.049e+01  -0.432  0.481 
 1.31434   5328   5349  6872   7.366e+01  7.147e+01  1.881e+01  3.290e+00  9.560e-01   -0.030  1.171  9.526e+00  6.216e+00  -0.871  0.300 
 1.31565   5350   5371  6872   1.263e+03  1.304e+03  3.280e+02  3.282e+00  9.975e-01    0.032  1.035  6.894e+02  1.818e+02  -0.454  0.485 
 1.31697   5372   5393  6869   2.612e+01  1.806e+01  5.820e+00  3.343e+00  8.438e-01   -0.308  0.938  9.653e+00  6.304e+00  -0.630  0.685 
 1.31828   5394   5415  6866   1.581e+01  1.423e+01  4.763e+00  3.204e+00  8.162e-01   -0.100  1.007  9.332e+00  6.092e+00  -0.410  0.879 
 1.31960   5416   5437  6869   1.867e+01  1.410e+01  4.675e+00  3.075e+00  8.209e-01   -0.245  0.921  8.977e+00  5.890e+00  -0.519  0.792 
 1.32092   5438   5459  6870   5.540e+02  5.707e+02  1.605e+02  3.313e+00  9.942e-01    0.030  1.050  2.471e+02  6.680e+01  -0.554  0.374 
 1.32224   5460   5481  6871   5.931e+01  4.852e+01  1.314e+01  3.136e+00  9.393e-01   -0.182  1.029  9.597e+00  6.419e+00  -0.838  0.386 
 1.32357   5482   5503  6871   1.095e+03  1.124e+03  3.189e+02  3.165e+00  9.972e-01    0.027  1.061  5.624e+02  1.462e+02  -0.486  0.421 
 1.32489   5504   5525  6874   5.031e+01  4.410e+01  1.229e+01  3.342e+00  9.295e-01   -0.123  1.133  1.057e+01  7.229e+00  -0.790  0.465 
 1.32621   5526   5547  6872   5.061e+01  4.495e+01  1.222e+01  3.195e+00  9.336e-01   -0.112  1.283  1.036e+01  7.152e+00  -0.795  0.546 
 1.32754   5548   5569  6869   7.109e+01  5.882e+01  1.555e+01  3.105e+00  9.499e-01   -0.173  1.077  1.025e+01  7.137e+00  -0.856  0.371 
 1.32887   5570   5591  6871   3.036e+01  2.925e+01  8.355e+00  2.911e+00  9.095e-01   -0.036  1.259  9.976e+00  7.010e+00  -0.671  0.759 
 1.33020   5592   5614  6863   1.401e+02  1.430e+02  4.074e+01  2.920e+00  9.800e-01    0.021  1.145  6.104e+01  2.022e+01  -0.564  0.434 
 1.33153   5615   5636  6859   3.282e+02  2.991e+02  8.490e+01  2.546e+00  9.916e-01   -0.089  0.932  1.415e+02  4.064e+01  -0.569  0.352 
 1.33286   5637   5658  6868   5.329e+01  7.996e+01  2.292e+01  2.853e+00  9.655e-01    0.500  1.013  3.397e+01  1.358e+01  -0.362  0.665 
 1.33419   5659   5680  6869   2.795e+01  2.644e+01  7.430e+00  2.969e+00  8.991e-01   -0.054  1.299  1.066e+01  7.722e+00  -0.619  0.990 
 1.33552   5681   5702  6871   2.895e+01  2.692e+01  7.886e+00  2.907e+00  9.025e-01   -0.070  1.210  1.066e+01  7.776e+00  -0.632  0.876 
 1.33686   5703   5725  6870   1.194e+01  9.931e+00  3.315e+00  2.871e+00  7.757e-01   -0.168  0.675  1.068e+01  7.844e+00  -0.106  1.214 
 1.33820   5726   5747  6871   1.383e+01  1.494e+01  4.551e+00  2.932e+00  8.359e-01    0.080  0.964  1.115e+01  8.243e+00  -0.194  1.334 
 1.33954   5748   5769  6863   1.176e+02  1.242e+02  3.408e+01  2.633e+00  9.792e-01    0.056  1.199  3.189e+01  1.295e+01  -0.729  0.344 
 1.34087   5770   5792  6868   4.817e+01  4.819e+01  1.293e+01  2.808e+00  9.449e-01    0.000  1.059  1.173e+01  8.423e+00  -0.756  0.534 
 1.34222   5793   5814  6866   2.995e+02  2.917e+02  8.167e+01  2.996e+00  9.898e-01   -0.026  1.005  9.696e+01  2.988e+01  -0.676  0.312 
 1.34356   5815   5836  6871   1.061e+01  9.961e+00  3.167e+00  2.293e+00  8.129e-01   -0.061  0.870  9.262e+00  7.010e+00  -0.127  1.428 
 1.34490   5837   5859  6868   1.580e+01  1.416e+01  4.151e+00  2.421e+00  8.540e-01   -0.104  0.972  9.919e+00  7.551e+00  -0.372  1.306 
 1.34625   5860   5881  6869   7.305e+00  7.347e+00  2.450e+00  2.401e+00  7.537e-01    0.006  0.602  1.005e+01  7.692e+00   0.376  1.350 
 1.34759   5882   5904  6868   4.411e+00  4.045e+00  1.339e+00  1.313e+00  7.549e-01   -0.083  0.367  5.508e+00  4.236e+00   0.249  0.974 
 1.34894   5905   5926  6872   8.276e+00  6.183e+00  2.068e+00  2.038e+00  7.521e-01   -0.253  0.495  8.735e+00  6.777e+00   0.055  1.224 
 1.35029   5927   5949  6865   5.326e+01  5.435e+01  1.606e+01  1.321e+00  9.763e-01    0.021  1.370  1.250e+01  6.053e+00  -0.765  0.282 
 1.35164   5950   5971  6868   3.467e+01  3.076e+01  9.159e+00  1.147e+00  9.640e-01   -0.113  0.969  8.835e+00  4.865e+00  -0.745  0.318 
 1.35299   5972   5994  6865   5.402e+01  5.412e+01  1.601e+01  1.124e+00  9.797e-01    0.002  1.208  1.436e+01  6.130e+00  -0.734  0.308 
 1.35434   5995   6016  6862  -7.732e-01  1.769e+00  5.387e-01  4.172e-01  8.091e-01   -3.288  0.159  1.564e+00  1.394e+00  -3.019  0.419 
 1.35570   6017   6039  6868   2.232e+00  2.688e+00  8.680e-01  8.001e-01  7.706e-01    0.204  0.270  3.074e+00  2.854e+00   0.378  0.851 
 1.35705   6040   6061  6867   6.745e+00  8.441e+00  2.222e+00  6.021e-01  9.334e-01    0.251  0.660  2.241e+00  2.150e+00  -0.668  0.404 
 1.35841   6062   6084  6871   5.128e+00  6.484e+00  1.727e+00  5.417e-01  9.229e-01    0.264  0.527  1.932e+00  1.923e+00  -0.623  0.384 
 1.35977   6085   6107  6863   4.340e-01  1.221e+00  4.039e-01  4.239e-01  7.423e-01    1.814  0.150  1.463e+00  1.518e+00   2.382  0.557 
 1.36113   6108   6129  6862  -1.982e+00  3.555e-01  1.158e-01  1.449e-01  7.104e-01   -1.179  0.040  3.958e-01  4.248e-01  -1.200  0.149 
 1.36249   6130   6152  6868   2.039e+00  4.093e+00  1.236e+00  4.270e-01  9.055e-01    1.008  0.392  1.544e+00  1.597e+00  -0.242  0.330 
 1.36385   6153   6175  6861   5.517e+00  7.208e+00  2.166e+00  3.464e-01  9.541e-01    0.306  0.623  1.531e+00  1.314e+00  -0.719  0.142 
 1.36522   6176   6197  6864   3.502e-01  4.197e+00  1.254e+00  4.987e-01  8.938e-01   10.985  0.381  1.828e+00  1.966e+00   4.349  0.670 
 1.36658   6198   6220  6850   1.695e+02  1.702e+02  4.816e+01  5.100e-01  9.970e-01    0.004  1.150  9.316e+01  2.642e+01  -0.448  0.362 
 1.36795   6221   6243  6791   3.417e+00  6.190e+00  1.705e+00  1.797e-01  9.718e-01    0.811  0.455  1.702e+00  9.250e-01  -0.437  0.142 
 1.36932   6244   6266  6800   7.185e+01  7.361e+01  1.866e+01  5.455e-01  9.926e-01    0.024  0.943  4.860e+01  1.557e+01  -0.311  0.371 
 1.37069   6267   6289  6740   3.230e+01  3.415e+01  8.736e+00  3.528e-01  9.898e-01    0.057  0.694  2.258e+01  7.600e+00  -0.252  0.278 
 1.37206   6290   6312  6762   4.966e+00  7.124e+00  1.911e+00  4.701e-01  9.381e-01    0.434  0.448  4.140e+00  2.715e+00  -0.100  0.464 
 1.37343   6313   6334  6870   1.308e+01  1.505e+01  3.926e+00  7.680e-01  9.514e-01    0.150  1.180  2.094e+00  3.229e+00  -0.840  0.473 
 1.37480   6335   6357  6850   9.003e+01  9.308e+01  2.344e+01  9.179e-01  9.902e-01    0.034  1.133  4.427e+01  1.545e+01  -0.506  0.361 
 1.37618   6358   6380  6859   9.674e+00  8.630e+00  2.289e+00  5.631e-01  9.387e-01   -0.108  0.831  1.539e+00  2.412e+00  -0.840  0.263 
 1.37755   6381   6403  6873   8.015e+00  1.000e+01  2.813e+00  1.191e+00  8.936e-01    0.248  0.930  3.036e+00  5.349e+00  -0.621  1.644 
 1.37893   6404   6426  6870   3.925e+00  7.147e+00  2.042e+00  8.371e-01  8.952e-01    0.821  0.827  2.076e+00  3.707e+00  -0.470  1.723 
 1.38031   6427   6449  6851  -1.335e+00  5.876e-01  1.959e-01  2.054e-01  7.410e-01   -1.440  0.094  4.049e-01  7.199e-01  -1.303  0.353 
 1.38169   6450   6472  6725   7.132e+01  6.838e+01  1.733e+01  4.305e-01  9.937e-01   -0.041  0.756  4.609e+01  1.463e+01  -0.334  0.331 
 1.38307   6473   6495  6858   7.157e+01  6.096e+01  1.527e+01  2.707e-01  9.956e-01   -0.148  0.545  3.233e+01  9.656e+00  -0.547  0.225 
 1.38445   6496   6518  6869   1.787e+02  2.082e+02  5.220e+01  4.604e-01  9.978e-01    0.165  1.001  1.399e+02  3.978e+01  -0.216  0.637 
 1.38584   6519   6541  6862   9.588e+01  9.377e+01  2.365e+01  6.887e-01  9.927e-01   -0.022  0.992  8.020e+01  2.361e+01  -0.162  0.641 
 1.38722   6542   6564  6872   2.755e+01  3.765e+01  9.592e+00  6.908e-01  9.820e-01    0.367  0.769  2.994e+01  1.049e+01   0.087  0.820 
 1.38861   6565   6588  6871   2.689e+01  3.344e+01  8.843e+00  1.156e+00  9.666e-01    0.244  1.432  7.730e+00  6.247e+00  -0.712  0.518 
 1.39000   6589   6611  6866   1.202e+02  1.052e+02  2.780e+01  9.563e-01  9.910e-01   -0.125  0.871  6.358e+01  2.038e+01  -0.471  0.413 
 1.39139   6612   6634  6862   1.478e+02  1.568e+02  3.934e+01  9.536e-01  9.940e-01    0.061  1.086  6.931e+01  2.229e+01  -0.531  0.389 
 1.39278   6635   6657  6873   1.669e+01  2.182e+01  5.813e+00  8.782e-01  9.613e-01    0.307  1.489  3.420e+00  4.334e+00  -0.795  0.435 
 1.39418   6658   6680  6681   1.999e+01  2.333e+01  6.295e+00  6.016e-01  9.749e-01    0.167  0.774  1.307e+01  5.973e+00  -0.358  0.449 
 1.39557   6681   6704  6857  -2.041e+00  3.097e+00  8.872e-01  2.557e-01  9.237e-01   -2.517  0.252  1.032e+00  1.072e+00  -1.497  0.271 
 1.39696   6705   6727  6862   3.392e+01  3.503e+01  9.892e+00  1.217e+00  9.664e-01    0.033  1.276  1.136e+01  7.467e+00  -0.665  0.553 
 1.39836   6728   6750  6867   3.575e+02  3.587e+02  9.023e+01  1.254e+00  9.965e-01    0.003  1.051  1.969e+02  5.687e+01  -0.449  0.480 
 1.39976   6751   6773  6858  -2.829e-01  3.610e+00  9.878e-01  2.810e-01  9.278e-01  -13.758  0.345  1.601e+00  1.222e+00  -6.632  0.323 
 1.40116   6774   6797  6864   6.730e+02  6.288e+02  1.580e+02  5.583e-01  9.991e-01   -0.066  0.904  3.598e+02  9.759e+01  -0.465  0.415 
 1.40256   6798   6820  6869   3.660e+02  4.316e+02  1.082e+02  1.462e+00  9.966e-01    0.179  0.850  2.320e+02  6.789e+01  -0.366  0.518 
 1.40396   6821   6844  6837   1.119e+01  1.567e+01  4.744e+00  5.564e-01  9.657e-01    0.401  0.927  1.017e+01  5.077e+00  -0.086  0.660 
 1.40537   6845   6867  6850   7.293e+01  8.092e+01  2.661e+01  1.192e+00  9.855e-01    0.110  1.077  7.320e+01  2.440e+01   0.005  0.844 
 1.40677   6868   6890  6784   4.769e+01  5.363e+01  1.369e+01  5.759e-01  9.894e-01    0.125  0.996  2.719e+01  1.003e+01  -0.408  0.273 
 1.40818   6891   6914  6862   5.038e+02  5.301e+02  1.782e+02  1.198e+00  9.977e-01    0.052  1.080  5.551e+02  1.501e+02   0.102  0.763 
 1.40959   6915   6937  6863   5.205e+02  5.591e+02  1.431e+02  7.449e-01  9.987e-01    0.074  1.168  3.253e+02  9.002e+01  -0.374  0.512 
 1.41100   6938   6961  6846   6.419e+01  6.448e+01  2.121e+01  1.359e+00  9.794e-01    0.004  1.001  6.219e+01  2.325e+01  -0.031  0.901 
 1.41241   6962   6984  6857   8.068e+02  7.387e+02  2.118e+02  1.637e+00  9.978e-01   -0.084  0.819  8.277e+02  2.258e+02   0.026  0.734 
 1.41382   6985   7008  6866   1.619e+02  2.717e+02  7.784e+01  6.810e-01  9.975e-01    0.678  0.810  2.751e+02  7.553e+01   0.700  0.714 
 1.41523   7009   7032  6868   7.081e+02  7.373e+02  2.110e+02  1.444e+00  9.980e-01    0.041  0.945  6.651e+02  1.768e+02  -0.061  0.690 
 1.41665   7033   7055  6866   2.747e+02  3.344e+02  9.518e+01  1.623e+00  9.952e-01    0.218  0.857  2.336e+02  6.725e+01  -0.149  0.578 
 1.41807   7056   7079  6860   1.133e+03  1.195e+03  3.424e+02  1.333e+00  9.989e-01    0.055  1.054  1.287e+03  3.484e+02   0.136  0.843 
 1.41948   7080   7102  6836   1.282e+02  1.293e+02  3.629e+01  1.024e+00  9.921e-01    0.009  1.076  6.584e+01  2.297e+01  -0.483  0.310 
 1.42090   7103   7126  6864   2.407e+01  1.484e+01  4.351e+00  1.641e+00  9.004e-01   -0.383  0.548  6.144e+00  9.518e+00  -0.745  0.807 
 1.42233   7127   7150  6825   8.576e+01  7.753e+01  2.220e+01  1.602e+00  9.798e-01   -0.096  0.822  7.336e+01  2.820e+01  -0.145  0.755 
 1.42375   7151   7173  6861   1.720e+01  7.918e+00  2.647e+00  1.617e+00  8.304e-01   -0.540  0.315  6.194e+00  9.555e+00  -0.639  0.901 
 1.42517   7174   7197  6860   9.003e+00  9.896e+00  3.098e+00  1.572e+00  8.629e-01    0.099  0.729  6.054e+00  9.311e+00  -0.327  1.500 
 1.42660   7198   7221  6866   2.486e+02  2.685e+02  7.612e+01  1.912e+00  9.929e-01    0.080  1.134  1.144e+02  3.758e+01  -0.540  0.474 
 1.42802   7222   7245  6866   6.224e+01  6.159e+01  1.767e+01  1.248e+00  9.801e-01   -0.010  0.676  2.265e+01  1.173e+01  -0.636  0.379 
 1.42945   7246   7269  6867   3.868e+02  4.239e+02  1.205e+02  2.261e+00  9.947e-01    0.096  1.132  2.089e+02  6.406e+01  -0.460  0.530 
 1.43088   7270   7292  6873   5.044e+00  1.609e+01  4.516e+00  1.364e+00  9.218e-01    2.190  0.960  5.354e+00  8.131e+00   0.061  1.366 
 1.43231   7293   7316  6872   3.549e+00  1.151e+01  3.432e+00  1.415e+00  8.905e-01    2.244  0.789  5.552e+00  8.399e+00   0.565  1.430 
 1.43374   7317   7340  6851   3.084e+02  3.429e+02  9.864e+01  1.581e+00  9.954e-01    0.112  1.076  4.763e+02  1.327e+02   0.546  1.022 
 1.43518   7341   7364  6863   1.425e+03  1.502e+03  4.307e+02  1.906e+00  9.987e-01    0.054  1.063  1.957e+03  5.130e+02   0.374  0.968 
 1.43661   7365   7388  6857   1.946e+02  2.064e+02  5.899e+01  1.579e+00  9.924e-01    0.061  1.023  4.612e+02  1.285e+02   1.367  1.028 
 1.43805   7389   7412  6856   2.892e+01  2.218e+01  6.877e+00  1.807e+00  9.247e-01   -0.233  0.813  1.843e+01  1.382e+01  -0.362  1.064 
 1.43949   7413   7436  6864   1.994e+02  2.120e+02  6.440e+01  1.714e+00  9.920e-01    0.063  1.183  1.399e+02  4.359e+01  -0.298  0.702 
 1.44093   7437   7460  6867   5.027e+00  1.308e+01  4.148e+00  1.777e+00  8.804e-01    1.601  1.007  8.620e+00  1.170e+01   0.718  1.973 
 1.44237   7461   7484  6867   2.082e+01  2.907e+01  8.947e+00  1.835e+00  9.406e-01    0.397  1.396  3.190e+01  1.688e+01   0.533  1.852 
 1.44381   7485   7508  6855   7.943e+00  1.203e+01  4.021e+00  2.243e+00  8.429e-01    0.515  0.771  1.006e+01  1.480e+01   0.271  1.844 
 1.44525   7509   7532  6871  -1.059e+00  8.969e+00  2.785e+00  1.312e+00  8.724e-01   -9.468  0.834  7.451e+00  8.096e+00  -8.022  1.908 
 1.44670   7533   7556  6847   2.263e+02  2.319e+02  6.690e+01  2.172e+00  9.907e-01    0.025  0.939  2.445e+02  7.848e+01   0.080  0.767 
 1.44815   7557   7580  6863   1.092e+01  1.429e+01  4.729e+00  2.540e+00  8.491e-01    0.308  0.968  1.294e+01  1.600e+01   0.187  1.980 
 1.44959   7581   7604  6866   2.519e+01  3.097e+01  9.410e+00  1.770e+00  9.459e-01    0.229  1.546  1.339e+01  1.133e+01  -0.468  0.882 
 1.45104   7605   7629  6865   3.466e+03  3.617e+03  1.038e+03  1.724e+00  9.995e-01    0.044  1.088  3.783e+03  9.873e+02   0.092  0.838 
 1.45249   7630   7653  6863   1.181e+02  1.406e+02  4.099e+01  2.307e+00  9.839e-01    0.190  1.014  3.638e+01  1.874e+01  -0.691  0.503 
 1.45395   7654   7677  6868   3.625e+01  3.899e+01  1.094e+01  2.702e+00  9.352e-01    0.076  1.337  1.661e+01  1.629e+01  -0.542  1.321 
 1.45540   7678   7701  6864   1.417e+03  1.324e+03  3.812e+02  2.227e+00  9.983e-01   -0.066  0.843  1.396e+03  3.669e+02  -0.015  0.690 
 1.45686   7702   7726  6865   2.074e+02  3.806e+02  1.097e+02  2.507e+00  9.935e-01    0.835  0.954  2.832e+02  8.257e+01   0.367  0.669 
 1.45831   7727   7750  6865   1.755e+01  1.945e+01  6.429e+00  2.903e+00  8.701e-01    0.108  1.003  1.953e+01  1.640e+01   0.114  1.477 
 1.45977   7751   7774  6863   3.044e+03  3.267e+03  9.361e+02  2.418e+00  9.993e-01    0.073  1.078  3.284e+03  8.707e+02   0.079  0.813 
 1.46123   7775   7799  6874   2.116e+02  2.439e+02  6.413e+01  2.524e+00  9.898e-01    0.152  1.463  1.696e+01  1.475e+01  -0.920  0.230 
 1.46269   7800   7823  6871   9.956e+01  1.153e+02  3.183e+01  2.202e+00  9.813e-01    0.158  1.559  1.888e+01  1.344e+01  -0.810  0.438 
 1.46416   7824   7847  6872   7.182e+01  8.046e+01  2.344e+01  2.633e+00  9.683e-01    0.120  1.567  2.258e+01  1.670e+01  -0.686  0.791 
 1.46562   7848   7872  6859   8.149e+02  8.722e+02  2.510e+02  2.079e+00  9.976e-01    0.070  0.994  8.232e+02  2.242e+02   0.011  0.748 
 1.46708   7873   7896  6874   4.710e+01  5.812e+01  1.628e+01  2.200e+00  9.635e-01    0.234  1.155  1.989e+01  1.520e+01  -0.578  0.987 
 1.46855   7897   7921  6861   2.832e+02  2.980e+02  8.522e+01  2.372e+00  9.921e-01    0.052  0.627  1.796e+02  5.929e+01  -0.365  0.386 
 1.47002   7922   7945  6863   1.775e+03  1.893e+03  5.504e+02  1.820e+00  9.990e-01    0.067  0.996  2.020e+03  5.327e+02   0.138  0.799 
 1.47149   7946   7970  6861   5.616e+01  6.234e+01  1.927e+01  1.983e+00  9.692e-01    0.110  1.360  3.762e+01  1.945e+01  -0.330  1.086 
 1.47296   7971   7994  6861   3.783e+02  3.761e+02  1.244e+02  2.269e+00  9.940e-01   -0.006  0.948  3.631e+02  1.047e+02  -0.040  0.695 
 1.47443   7995   8019  6867   2.627e+02  2.642e+02  8.663e+01  2.898e+00  9.891e-01    0.005  0.987  2.056e+02  6.925e+01  -0.217  0.685 
 1.47591   8020   8043  6870   1.115e+02  1.460e+02  4.705e+01  2.201e+00  9.851e-01    0.309  1.229  1.022e+02  3.884e+01  -0.083  0.873 
 1.47739   8044   8068  6868   1.624e+03  1.630e+03  5.527e+02  2.221e+00  9.986e-01    0.004  1.013  1.819e+03  4.770e+02   0.121  0.753 
 1.47886   8069   8093  6864   9.413e+02  9.002e+02  3.001e+02  2.555e+00  9.972e-01   -0.044  0.955  7.559e+02  2.092e+02  -0.197  0.569 
 1.48034   8094   8117  6871   7.805e+02  9.658e+02  3.244e+02  2.348e+00  9.976e-01    0.237  1.187  9.448e+02  2.575e+02   0.211  0.822 
 1.48182   8118   8142  6846   4.475e+01  4.528e+01  1.380e+01  2.453e+00  9.486e-01    0.012  0.785  1.413e+01  1.989e+01  -0.682  1.092 
 1.48330   8143   8167  6872   2.450e+03  2.461e+03  7.080e+02  2.669e+00  9.989e-01    0.005  0.943  2.777e+03  7.266e+02   0.134  0.824 
 1.48479   8168   8191  6865   3.976e+01  3.548e+01  1.106e+01  2.678e+00  9.298e-01   -0.108  0.883  1.769e+01  2.314e+01  -0.555  1.264 
 1.48627   8192   8216  6867   9.026e+02  9.226e+02  2.651e+02  2.426e+00  9.974e-01    0.022  0.928  9.857e+02  2.707e+02   0.092  0.814 
 1.48776   8217   8241  6870   3.310e+03  3.240e+03  9.458e+02  2.541e+00  9.992e-01   -0.021  0.964  3.810e+03  9.853e+02   0.151  0.845 
 1.48925   8242   8266  6858   1.630e+02  3.383e+02  9.823e+01  2.808e+00  9.918e-01    1.075  0.694  1.444e+02  5.772e+01  -0.111  0.426 
 1.49074   8267   8291  6867   4.702e+02  5.002e+02  1.703e+02  2.904e+00  9.942e-01    0.064  1.003  4.775e+02  1.398e+02   0.016  0.719 
 1.49223   8292   8315  6871   1.233e+03  1.192e+03  3.439e+02  2.902e+00  9.976e-01   -0.033  0.903  1.398e+03  3.741e+02   0.134  0.842 
 1.49372   8316   8340  6866   1.034e+02  1.941e+02  5.757e+01  3.079e+00  9.844e-01    0.877  1.072  8.709e+01  4.488e+01  -0.156  0.841 
 1.49521   8341   8365  6865   7.432e+01  6.831e+01  2.077e+01  2.908e+00  9.592e-01   -0.081  0.981  5.374e+01  3.512e+01  -0.276  1.025 
 1.49671   8366   8390  6863   7.113e+01  6.824e+01  2.204e+01  2.986e+00  9.581e-01   -0.041  0.957  6.063e+01  3.800e+01  -0.147  0.968 
 1.49820   8391   8415  6860   8.160e+01  6.185e+01  2.050e+01  3.015e+00  9.535e-01   -0.242  0.657  6.258e+01  3.838e+01  -0.232  0.788 
 1.49970   8416   8440  6861   1.611e+02  1.484e+02  4.968e+01  3.169e+00  9.791e-01   -0.079  1.003  1.240e+02  5.246e+01  -0.229  0.776 
 1.50120   8441   8465  6861   9.641e+01  8.990e+01  2.953e+01  3.188e+00  9.658e-01   -0.068  0.949  7.125e+01  4.146e+01  -0.260  0.810 
 1.50270   8466   8490  6862   1.946e+02  2.065e+02  6.966e+01  2.888e+00  9.862e-01    0.061  1.134  1.697e+02  6.243e+01  -0.127  0.802 
 1.50421   8491   8515  6859   1.326e+03  1.173e+03  3.402e+02  2.785e+00  9.976e-01   -0.115  0.620  9.897e+02  2.717e+02  -0.253  0.403 
 1.50571   8516   8540  6873   1.054e+04  1.119e+04  3.221e+03  3.096e+00  9.997e-01    0.062  1.086  1.207e+04  3.088e+03   0.145  0.863 
 1.50722   8541   8565  6873   1.869e+03  2.022e+03  5.851e+02  3.183e+00  9.984e-01    0.082  1.004  2.334e+03  6.140e+02   0.249  0.878 
 1.50872   8566   8590  6872   1.031e+03  9.968e+02  2.903e+02  3.031e+00  9.970e-01   -0.033  0.959  5.863e+02  1.761e+02  -0.431  0.409 
 1.51023   8591   8616  6868   3.160e+02  2.924e+02  9.715e+01  3.260e+00  9.890e-01   -0.075  1.045  3.160e+02  9.942e+01   0.000  0.841 
 1.51174   8617   8641  6867   1.909e+02  1.886e+02  6.328e+01  3.246e+00  9.831e-01   -0.012  1.135  1.656e+02  6.386e+01  -0.132  0.808 
 1.51325   8642   8666  6865   1.496e+02  1.501e+02  4.836e+01  3.154e+00  9.794e-01    0.003  1.095  1.065e+02  4.603e+01  -0.287  0.711 
 1.51477   8667   8691  6863   1.557e+02  1.577e+02  4.922e+01  3.276e+00  9.797e-01    0.013  1.111  1.622e+02  5.878e+01   0.042  0.956 
 1.51628   8692   8716  6856   8.083e+01  6.314e+01  2.098e+01  3.212e+00  9.516e-01   -0.219  0.710  8.170e+01  4.282e+01   0.012  0.854 
 1.51780   8717   8742  6872   2.019e+03  2.003e+03  5.790e+02  3.252e+00  9.984e-01   -0.008  0.976  2.175e+03  5.726e+02   0.077  0.820 
 1.51932   8743   8767  6871   6.311e+01  8.566e+01  2.728e+01  3.262e+00  9.633e-01    0.357  0.856  8.510e+01  4.353e+01   0.349  1.040 
 1.52083   8768   8792  6861   6.176e+01  5.958e+01  1.958e+01  3.295e+00  9.476e-01   -0.035  0.946  8.748e+01  4.436e+01   0.418  1.070 
 1.52236   8793   8818  6862   7.638e+01  5.777e+01  1.908e+01  3.305e+00  9.459e-01   -0.244  0.797  8.789e+01  4.366e+01   0.151  1.017 
 1.52388   8819   8843  6873   7.090e+03  7.113e+03  2.046e+03  3.319e+00  9.995e-01    0.003  1.044  7.608e+03  1.951e+03   0.073  0.825 
 1.52540   8844   8869  6867   5.845e+01  5.697e+01  1.866e+01  3.322e+00  9.449e-01   -0.025  1.061  7.898e+01  4.066e+01   0.352  1.165 
 1.52693   8870   8894  6862   9.214e+01  8.956e+01  2.763e+01  3.350e+00  9.639e-01   -0.028  1.166  7.804e+01  3.938e+01  -0.152  0.965 
 1.52845   8895   8919  6872   2.638e+03  2.665e+03  7.677e+02  3.378e+00  9.987e-01    0.010  0.959  2.742e+03  7.165e+02   0.040  0.768 
 1.52998   8920   8945  6866   1.045e+02  1.030e+02  3.170e+01  3.278e+00  9.692e-01   -0.014  1.130  7.026e+01  3.698e+01  -0.327  0.850 
 1.53151   8946   8970  6861   7.706e+01  6.402e+01  2.033e+01  3.377e+00  9.499e-01   -0.169  0.922  6.711e+01  3.564e+01  -0.128  0.943 
 1.53304   8971   8996  6872   7.118e+03  7.163e+03  2.061e+03  3.366e+00  9.995e-01    0.006  1.000  7.539e+03  1.930e+03   0.059  0.788 
 1.53458   8997   9022  6871   2.070e+02  2.023e+02  5.997e+01  3.340e+00  9.838e-01   -0.023  1.107  6.075e+01  3.291e+01  -0.706  0.423 
 1.53611   9023   9047  6868   6.097e+01  6.283e+01  1.875e+01  3.404e+00  9.486e-01    0.031  1.299  5.797e+01  3.176e+01  -0.049  1.259 
 1.53765   9048   9073  6872   3.480e+02  3.635e+02  9.247e+01  3.411e+00  9.907e-01    0.045  1.276  5.608e+01  3.072e+01  -0.839  0.310 
 1.53919   9074   9098  6872   2.153e+03  2.188e+03  6.259e+02  3.382e+00  9.985e-01    0.016  0.911  2.127e+03  5.552e+02  -0.012  0.706 
 1.54072   9099   9124  6872   1.960e+02  2.327e+02  6.341e+01  3.377e+00  9.857e-01    0.187  1.503  5.755e+01  2.854e+01  -0.706  0.521 
 1.54227   9125   9150  6872   4.770e+03  4.753e+03  1.363e+03  3.429e+00  9.993e-01   -0.004  0.931  4.882e+03  1.251e+03   0.024  0.737 
 1.54381   9151   9175  6860   1.313e+02  2.286e+02  6.606e+01  3.479e+00  9.850e-01    0.741  0.833  6.894e+01  3.049e+01  -0.472  0.523 
 1.54535   9176   9201  6866   2.144e+02  2.181e+02  7.323e+01  3.513e+00  9.841e-01    0.017  1.046  1.929e+02  6.179e+01  -0.100  0.787 
 1.54690   9202   9227  6869   1.887e+02  2.001e+02  6.295e+01  3.492e+00  9.828e-01    0.060  1.166  1.241e+02  4.443e+01  -0.342  0.719 
 1.54844   9228   9253  6871   1.805e+02  1.824e+02  5.380e+01  3.484e+00  9.813e-01    0.011  1.142  3.949e+01  2.488e+01  -0.781  0.363 
 1.54999   9254   9279  6869   1.645e+03  1.649e+03  5.566e+02  3.502e+00  9.979e-01    0.002  0.985  1.635e+03  4.267e+02  -0.006  0.666 
 1.55154   9280   9304  6869   3.914e+02  4.358e+02  1.434e+02  3.549e+00  9.919e-01    0.113  1.080  3.337e+02  9.886e+01  -0.147  0.663 
 1.55309   9305   9330  6871   2.305e+03  2.234e+03  7.573e+02  3.545e+00  9.984e-01   -0.031  0.992  2.236e+03  5.797e+02  -0.030  0.660 
 1.55465   9331   9356  6872   1.537e+03  1.640e+03  5.510e+02  3.534e+00  9.978e-01    0.067  1.115  1.607e+03  4.217e+02   0.046  0.746 
 1.55620   9357   9382  6871   7.864e+02  8.261e+02  2.704e+02  3.557e+00  9.957e-01    0.050  1.077  7.519e+02  2.055e+02  -0.044  0.725 
 1.55776   9383   9408  6869   9.206e+01  9.098e+01  2.629e+01  3.609e+00  9.618e-01   -0.012  1.185  4.152e+01  2.607e+01  -0.549  0.810 
 1.55932   9409   9434  6872   2.921e+03  3.006e+03  8.437e+02  3.609e+00  9.988e-01    0.029  0.968  3.135e+03  8.119e+02   0.073  0.803 
 1.56087   9435   9460  6871   1.030e+02  9.682e+01  2.840e+01  3.668e+00  9.635e-01   -0.060  1.048  3.002e+01  2.330e+01  -0.708  0.621 
 1.56244   9461   9486  6872   1.683e+03  1.743e+03  5.166e+02  3.673e+00  9.979e-01    0.035  0.929  1.725e+03  4.528e+02   0.025  0.715 
 1.56400   9487   9512  6853   6.647e+01  8.524e+01  2.515e+01  3.677e+00  9.586e-01    0.282  0.633  2.780e+01  2.293e+01  -0.578  0.815 
 1.56556   9513   9538  6872   4.501e+03  4.562e+03  1.330e+03  3.703e+00  9.992e-01    0.014  1.005  4.691e+03  1.206e+03   0.042  0.781 
 1.56713   9539   9564  6819   4.402e+01  3.470e+01  1.162e+01  3.698e+00  9.037e-01   -0.212  0.909  5.212e+01  2.942e+01   0.188  1.180 
 1.56869   9565   9590  6824   9.444e+01  8.335e+01  2.631e+01  3.653e+00  9.580e-01   -0.117  1.069  1.059e+02  4.549e+01   0.126  0.912 
 1.57026   9591   9617  6871   1.205e+03  1.224e+03  3.474e+02  3.609e+00  9.971e-01    0.016  0.983  1.266e+03  3.405e+02   0.050  0.817 
 1.57183   9618   9643  6834   1.430e+02  1.475e+02  4.328e+01  3.609e+00  9.761e-01    0.031  1.339  1.153e+02  4.885e+01  -0.190  0.771 
 1.57341   9644   9669  6798   1.638e+02  1.468e+02  4.604e+01  3.663e+00  9.757e-01   -0.104  1.022  2.168e+02  8.148e+01   0.336  0.768 
 1.57498   9670   9695  6837   2.780e+02  2.578e+02  8.721e+01  3.671e+00  9.860e-01   -0.073  1.052  2.977e+02  1.002e+02   0.075  0.744 
 1.57655   9696   9722  6795   1.618e+02  1.547e+02  5.081e+01  3.598e+00  9.773e-01   -0.044  1.129  2.281e+02  8.433e+01   0.428  0.752 
 1.57813   9723   9748  6859   3.808e+02  3.700e+02  1.255e+02  3.676e+00  9.902e-01   -0.028  1.055  3.783e+02  1.179e+02  -0.005  0.707 
 1.57971   9749   9774  6774   5.964e+02  4.563e+02  1.528e+02  3.825e+00  9.917e-01   -0.235  0.796  7.105e+02  2.393e+02   0.213  0.553 
 1.58129   9775   9800  6798   1.716e+02  1.415e+02  4.724e+01  3.875e+00  9.733e-01   -0.175  0.812  2.190e+02  7.948e+01   0.295  0.618 
 1.58287   9801   9827  6873   1.024e+04  1.125e+04  3.154e+03  3.881e+00  9.997e-01    0.098  1.130  1.093e+04  2.791e+03   0.067  0.842 
 1.58445   9828   9853  6873   3.759e+03  3.937e+03  1.106e+03  3.972e+00  9.990e-01    0.047  1.054  4.048e+03  1.043e+03   0.077  0.837 
 1.58604   9854   9880  6870   1.257e+03  1.266e+03  3.594e+02  4.021e+00  9.968e-01    0.008  0.980  1.375e+03  3.652e+02   0.094  0.829 
 1.58762   9881   9906  6830   1.505e+02  1.233e+02  3.865e+01  3.994e+00  9.686e-01   -0.181  1.003  9.895e+01  4.154e+01  -0.339  0.569 
 1.58921   9907   9933  6868   5.292e+02  5.566e+02  1.752e+02  3.878e+00  9.931e-01    0.052  1.178  4.595e+02  1.297e+02  -0.131  0.719 
 1.59080   9934   9959  6862   1.530e+02  1.620e+02  4.769e+01  3.990e+00  9.760e-01    0.059  1.130  9.917e+01  3.789e+01  -0.351  0.668 
 1.59239   9960   9986  6856   1.231e+02  1.201e+02  4.035e+01  4.159e+00  9.665e-01   -0.024  1.118  1.447e+02  4.861e+01   0.177  0.961 
 1.59398   9987  10012  6856   3.074e+01  3.659e+01  1.170e+01  4.234e+00  8.963e-01    0.191  1.394  3.835e+01  2.135e+01   0.250  1.261 
 1.59558  10013  10039  6843   3.613e+01  3.816e+01  1.265e+01  4.218e+00  9.005e-01    0.056  1.206  4.290e+01  2.262e+01   0.192  1.070 
 1.59717  10040  10065  6873   2.250e+03  2.336e+03  6.567e+02  4.251e+00  9.982e-01    0.038  1.001  2.281e+03  5.888e+02   0.014  0.774 
 1.59877  10066  10092  6860   2.588e+01  2.305e+01  7.688e+00  4.280e+00  8.434e-01   -0.110  1.020  3.249e+01  1.938e+01   0.256  1.277 
 1.60037  10093  10119  6857   3.686e+01  2.518e+01  8.392e+00  4.207e+00  8.568e-01   -0.317  0.768  2.916e+01  1.815e+01  -0.208  0.964 
 1.60197  10120  10145  6872   6.421e+03  6.375e+03  1.788e+03  4.195e+00  9.993e-01   -0.007  0.986  6.579e+03  1.681e+03   0.025  0.791 
 1.60357  10146  10172  6857   1.146e+03  1.393e+03  3.904e+02  4.286e+00  9.969e-01    0.215  0.744  9.477e+02  2.512e+02  -0.172  0.461 
 1.60517  10173  10199  6872   1.104e+02  1.172e+02  3.402e+01  4.417e+00  9.637e-01    0.062  1.431  4.064e+01  2.125e+01  -0.632  0.663 
 1.60678  10200  10226  6871   2.245e+03  2.321e+03  6.493e+02  4.384e+00  9.981e-01    0.034  0.940  2.235e+03  5.791e+02  -0.004  0.728 
 1.60839  10227  10252  6858   6.930e+02  7.179e+02  2.027e+02  4.438e+00  9.939e-01    0.036  0.713  5.833e+02  1.594e+02  -0.158  0.518 
 1.60999  10253  10279  6868   6.018e+01  6.021e+01  1.882e+01  4.401e+00  9.319e-01    0.000  1.205  3.729e+01  2.145e+01  -0.380  0.843 
 1.61160  10280  10306  6872   4.152e+03  4.123e+03  1.157e+03  4.532e+00  9.989e-01   -0.007  0.860  3.893e+03  1.001e+03  -0.062  0.656 
 1.61322  10307  10333  6869   3.822e+03  4.046e+03  1.135e+03  4.653e+00  9.989e-01    0.058  0.902  3.891e+03  1.001e+03   0.018  0.710 
 1.61483  10334  10360  6871   1.854e+02  1.782e+02  5.203e+01  4.704e+00  9.743e-01   -0.039  1.108  4.316e+01  2.404e+01  -0.767  0.359 
 1.61644  10361  10387  6866   7.849e+01  6.476e+01  2.041e+01  4.696e+00  9.324e-01   -0.175  0.991  4.469e+01  2.467e+01  -0.430  0.758 
 1.61806  10388  10414  6857   4.379e+02  3.179e+02  9.065e+01  4.843e+00  9.850e-01   -0.274  0.434  1.588e+02  5.398e+01  -0.637  0.230 
 1.61968  10415  10441  6872   1.943e+03  2.160e+03  6.034e+02  4.862e+00  9.978e-01    0.112  0.982  2.045e+03  5.313e+02   0.053  0.759 
 1.62130  10442  10468  6872   2.737e+02  2.886e+02  7.452e+01  4.904e+00  9.833e-01    0.055  1.332  4.982e+01  2.647e+01  -0.818  0.346 
 1.62292  10469  10495  6872   5.507e+03  5.690e+03  1.589e+03  5.039e+00  9.991e-01    0.033  0.976  5.174e+03  1.326e+03  -0.060  0.708 
 1.62454  10496  10522  6872   2.657e+02  2.796e+02  7.610e+01  5.098e+00  9.821e-01    0.052  1.333  6.234e+01  2.845e+01  -0.765  0.379 
 1.62617  10523  10549  6871   2.223e+02  2.386e+02  6.499e+01  5.163e+00  9.788e-01    0.073  1.249  8.959e+01  3.547e+01  -0.597  0.560 
 1.62779  10550  10576  6870   1.156e+02  1.096e+02  3.260e+01  5.251e+00  9.543e-01   -0.051  1.172  7.536e+01  3.217e+01  -0.348  0.857 
 1.62942  10577  10603  6869   3.314e+02  3.289e+02  1.041e+02  5.293e+00  9.842e-01   -0.008  1.084  2.135e+02  6.592e+01  -0.355  0.604 
 1.63105  10604  10630  6871   1.515e+03  1.581e+03  5.254e+02  5.361e+00  9.966e-01    0.044  1.054  1.283e+03  3.366e+02  -0.153  0.597 
 1.63268  10631  10657  6866   5.519e+01  6.531e+01  2.112e+01  5.403e+00  9.236e-01    0.183  1.081  4.988e+01  2.663e+01  -0.096  1.003 
 1.63431  10658  10685  6872   3.209e+03  3.262e+03  1.093e+03  5.459e+00  9.983e-01    0.016  1.060  2.959e+03  7.620e+02  -0.078  0.652 
 1.63595  10686  10712  6872   5.816e+02  6.229e+02  1.895e+02  5.543e+00  9.912e-01    0.071  1.133  3.228e+02  9.438e+01  -0.445  0.488 
 1.63758  10713  10739  6871   8.069e+02  7.982e+02  2.667e+02  5.522e+00  9.931e-01   -0.011  0.978  7.696e+02  2.078e+02  -0.046  0.684 
 1.63922  10740  10767  6869   7.481e+02  7.808e+02  2.600e+02  5.554e+00  9.929e-01    0.044  1.032  7.412e+02  2.002e+02  -0.009  0.725 
 1.64086  10768  10794  6868   7.510e+02  7.713e+02  2.580e+02  5.661e+00  9.927e-01    0.027  1.080  7.056e+02  1.903e+02  -0.060  0.710 
 1.64250  10795  10821  6870   3.832e+01  3.247e+01  1.049e+01  5.743e+00  8.497e-01   -0.153  0.873  3.535e+01  2.118e+01  -0.077  1.195 
 1.64414  10822  10849  6873   3.353e+03  3.441e+03  9.946e+02  5.863e+00  9.983e-01    0.026  0.998  3.166e+03  8.138e+02  -0.056  0.719 
 1.64579  10850  10876  6872   8.798e+01  8.742e+01  2.350e+01  5.962e+00  9.362e-01   -0.006  1.253  3.135e+01  1.972e+01  -0.644  0.783 
 1.64743  10877  10903  6871   2.244e+03  2.293e+03  7.036e+02  6.064e+00  9.974e-01    0.022  0.962  2.065e+03  5.340e+02  -0.080  0.648 
 1.64908  10904  10931  6873   2.962e+03  2.768e+03  7.772e+02  6.155e+00  9.978e-01   -0.065  0.942  2.850e+03  7.344e+02  -0.038  0.775 
 1.65073  10932  10958  6863   3.551e+02  6.266e+02  1.762e+02  6.237e+00  9.901e-01    0.765  0.787  4.462e+02  1.242e+02   0.258  0.568 
 1.65238  10959  10986  6872   1.307e+02  1.514e+02  4.123e+01  6.381e+00  9.595e-01    0.158  1.440  2.338e+01  1.685e+01  -0.821  0.430 
 1.65403  10987  11014  6870   6.403e+02  6.093e+02  1.689e+02  6.476e+00  9.895e-01   -0.048  0.836  4.818e+02  1.327e+02  -0.247  0.594 
 1.65569  11015  11041  6869   7.565e+02  8.115e+02  2.285e+02  6.590e+00  9.919e-01    0.073  0.953  7.390e+02  1.979e+02  -0.023  0.742 
 1.65734  11042  11069  6865   1.476e+02  1.551e+02  5.225e+01  6.722e+00  9.585e-01    0.050  1.013  9.625e+01  3.389e+01  -0.348  0.584 
 1.65900  11070  11096  6866   1.104e+02  1.167e+02  3.927e+01  6.806e+00  9.449e-01    0.057  0.977  7.132e+01  2.751e+01  -0.354  0.615 
 1.66066  11097  11124  6865   3.871e+02  3.981e+02  1.328e+02  6.952e+00  9.828e-01    0.028  1.005  2.584e+02  7.456e+01  -0.332  0.500 
 1.66232  11125  11152  6859   1.837e+01  1.900e+01  6.349e+00  7.050e+00  7.294e-01    0.034  0.909  1.385e+01  1.336e+01  -0.246  1.251 
 1.66398  11153  11179  6858   2.326e+01  2.483e+01  8.214e+00  7.153e+00  7.764e-01    0.067  1.068  1.406e+01  1.352e+01  -0.395  1.175 
 1.66565  11180  11207  6872   8.416e+01  9.711e+01  2.520e+01  7.158e+00  9.313e-01    0.154  1.371  1.297e+01  1.242e+01  -0.846  0.516 
 1.66731  11208  11235  6860   2.858e+01  3.356e+01  1.034e+01  7.354e+00  8.203e-01    0.174  0.748  1.421e+01  1.356e+01  -0.500  1.051 
 1.66898  11236  11263  6873   9.899e+03  1.053e+04  2.949e+03  7.490e+00  9.993e-01    0.063  1.139  9.613e+03  2.452e+03  -0.029  0.812 
 1.67065  11264  11291  6873   3.397e+03  3.536e+03  9.870e+02  7.640e+00  9.978e-01    0.041  1.094  3.210e+03  8.245e+02  -0.055  0.790 
 1.67232  11292  11318  6872   1.381e+03  1.384e+03  3.867e+02  7.696e+00  9.945e-01    0.002  0.989  1.243e+03  3.241e+02  -0.100  0.731 
 1.67399  11319  11346  6867   4.569e+01  5.976e+01  1.766e+01  7.870e+00  8.836e-01    0.308  1.125  2.112e+01  1.541e+01  -0.537  0.803 
 1.67567  11347  11374  6869   4.966e+02  4.967e+02  1.590e+02  7.978e+00  9.842e-01    0.000  1.061  4.062e+02  1.109e+02  -0.182  0.657 
 1.67734  11375  11402  6844   1.246e+01  1.617e+01  5.414e+00  8.136e+00  6.653e-01    0.298  0.986  1.502e+01  1.405e+01   0.205  1.532 
 1.67902  11403  11430  6870   6.485e+01  7.240e+01  2.392e+01  8.253e+00  8.977e-01    0.116  1.237  7.921e+01  2.940e+01   0.222  1.269 
 1.68070  11431  11458  6868   5.386e+01  5.066e+01  1.679e+01  8.286e+00  8.594e-01   -0.059  1.077  3.820e+01  1.977e+01  -0.291  1.009 
 1.68238  11459  11486  6856   1.890e+01  1.994e+01  6.399e+00  8.495e+00  7.012e-01    0.055  0.641  1.585e+01  1.451e+01  -0.157  1.248 
 1.68406  11487  11514  6873   1.547e+03  1.642e+03  4.617e+02  8.739e+00  9.947e-01    0.061  1.069  1.522e+03  3.969e+02  -0.016  0.807 
 1.68575  11515  11542  6857   2.016e+01  2.344e+01  7.289e+00  8.909e+00  7.246e-01    0.163  1.203  1.755e+01  1.466e+01  -0.129  1.524 
 1.68743  11543  11570  6871   9.450e+01  9.848e+01  2.558e+01  9.074e+00  9.156e-01    0.042  1.280  1.827e+01  1.461e+01  -0.807  0.535 
 1.68912  11571  11599  6873   5.144e+03  5.262e+03  1.473e+03  9.245e+00  9.982e-01    0.023  1.053  4.851e+03  1.242e+03  -0.057  0.763 
 1.69081  11600  11627  6862   1.528e+03  1.880e+03  5.225e+02  9.503e+00  9.950e-01    0.231  0.855  1.342e+03  3.487e+02  -0.121  0.549 
 1.69250  11628  11655  6853   1.871e+01  1.567e+01  5.211e+00  9.638e+00  6.191e-01   -0.162  0.751  2.104e+01  1.498e+01   0.125  1.290 
 1.69419  11656  11683  6868   1.424e+03  1.098e+03  3.083e+02  9.819e+00  9.911e-01   -0.228  0.656  9.881e+02  2.601e+02  -0.306  0.506 
 1.69589  11684  11711  6873   1.182e+03  1.607e+03  4.513e+02  1.006e+01  9.938e-01    0.360  1.078  1.461e+03  3.803e+02   0.236  0.826 
 1.69758  11712  11740  6867   2.959e+01  2.875e+01  9.257e+00  1.023e+01  7.376e-01   -0.028  1.089  2.343e+01  1.507e+01  -0.208  1.183 
 1.69928  11741  11768  6804   1.502e+02  1.506e+02  4.293e+01  1.040e+01  9.354e-01    0.003  0.430  2.520e+01  1.542e+01  -0.829  0.106 
 1.70098  11769  11796  6872   6.987e+03  7.285e+03  2.041e+03  1.062e+01  9.985e-01    0.043  1.075  6.642e+03  1.699e+03  -0.049  0.776 
 1.70268  11797  11825  6850   2.106e+01  1.899e+01  6.043e+00  1.077e+01  6.381e-01   -0.098  0.994  2.613e+01  1.535e+01   0.241  1.351 
 1.70438  11826  11853  6872   1.661e+02  1.624e+02  4.307e+01  1.100e+01  9.366e-01   -0.022  1.108  2.728e+01  1.539e+01  -0.836  0.293 
 1.70609  11854  11881  6874   1.822e+02  2.153e+02  5.700e+01  1.125e+01  9.503e-01    0.181  1.383  2.712e+01  1.511e+01  -0.851  0.275 
 1.70779  11882  11910  6872   2.034e+03  2.126e+03  5.952e+02  1.162e+01  9.946e-01    0.045  0.959  1.849e+03  4.775e+02  -0.091  0.684 
 1.70950  11911  11938  6872   1.625e+02  1.931e+02  4.941e+01  1.166e+01  9.430e-01    0.188  1.322  2.540e+01  1.475e+01  -0.844  0.303 
 1.71121  11939  11967  6871   4.688e+03  4.709e+03  1.317e+03  1.181e+01  9.975e-01    0.005  0.968  4.275e+03  1.093e+03  -0.088  0.709 
 1.71292  11968  11995  6856   3.888e+02  5.573e+02  1.563e+02  1.220e+01  9.786e-01    0.433  0.688  3.197e+02  8.924e+01  -0.176  0.409 
 1.71463  11996  12024  6844   1.318e+01  1.403e+01  4.696e+00  1.262e+01  5.266e-01    0.064  0.869  2.375e+01  1.391e+01   0.801  1.318 
 1.71635  12025  12053  6871   2.544e+02  2.448e+02  6.106e+01  1.279e+01  9.503e-01   -0.038  1.060  2.474e+01  1.385e+01  -0.903  0.179 
 1.71806  12054  12081  6871   2.461e+02  2.647e+02  6.968e+01  1.289e+01  9.536e-01    0.076  1.221  3.102e+01  1.487e+01  -0.874  0.199 
 1.71978  12082  12110  6871   1.054e+03  1.053e+03  3.499e+02  1.320e+01  9.876e-01   -0.001  1.015  8.494e+02  2.226e+02  -0.194  0.573 
 1.72150  12111  12139  6870   5.488e+02  6.145e+02  1.899e+02  1.384e+01  9.780e-01    0.120  1.045  2.823e+02  7.759e+01  -0.485  0.390 
 1.72322  12140  12167  6866   4.072e+02  4.437e+02  1.256e+02  1.414e+01  9.691e-01    0.090  1.113  1.498e+02  4.480e+01  -0.632  0.330 
 1.72495  12168  12196  6872   2.735e+03  2.824e+03  9.373e+02  1.423e+01  9.950e-01    0.032  1.122  2.320e+03  5.961e+02  -0.152  0.632 
 1.72667  12197  12225  6871   1.386e+02  1.502e+02  4.355e+01  1.432e+01  9.129e-01    0.083  1.151  2.327e+01  1.315e+01  -0.832  0.254 
 1.72840  12226  12254  6871   6.066e+02  6.173e+02  1.894e+02  1.478e+01  9.766e-01    0.018  1.007  4.892e+02  1.305e+02  -0.194  0.624 
 1.73013  12255  12282  6870   3.587e+02  3.885e+02  1.185e+02  1.490e+01  9.631e-01    0.083  1.070  2.646e+02  7.388e+01  -0.262  0.598 
 1.73186  12283  12311  6870   1.172e+03  1.215e+03  3.711e+02  1.624e+01  9.868e-01    0.037  1.079  1.005e+03  2.614e+02  -0.142  0.672 
 1.73359  12312  12340  6865   4.370e+02  4.861e+02  1.446e+02  1.542e+01  9.692e-01    0.112  1.033  2.252e+02  6.395e+01  -0.484  0.419 
 1.73532  12341  12369  6870   1.225e+03  1.259e+03  4.036e+02  1.639e+01  9.872e-01    0.028  1.023  9.704e+02  2.520e+02  -0.208  0.572 
 1.73706  12370  12398  6867   7.110e+02  6.332e+02  2.086e+02  1.646e+01  9.747e-01   -0.109  0.805  4.541e+02  1.215e+02  -0.361  0.417 
 1.73880  12399  12427  6873   2.790e+03  3.000e+03  8.256e+02  1.683e+01  9.944e-01    0.075  1.027  2.636e+03  6.752e+02  -0.055  0.746 
 1.74053  12428  12456  6872   1.374e+02  1.570e+02  4.010e+01  1.797e+01  8.973e-01    0.143  1.285  1.652e+01  1.028e+01  -0.880  0.247 
 1.74227  12457  12485  6872   1.165e+03  1.215e+03  3.161e+02  1.728e+01  9.860e-01    0.044  0.971  9.038e+02  2.356e+02  -0.224  0.646 
 1.74402  12486  12514  6873   2.845e+03  2.953e+03  7.734e+02  1.837e+01  9.938e-01    0.038  1.051  2.570e+03  6.587e+02  -0.097  0.782 
 1.74576  12515  12543  6823   2.890e+01  4.257e+01  1.295e+01  1.974e+01  6.832e-01    0.473  0.596  1.493e+01  9.519e+00  -0.465  0.762 
 1.74751  12544  12572  6871   7.525e+01  7.766e+01  2.200e+01  1.941e+01  8.000e-01    0.032  1.296  1.492e+01  9.737e+00  -0.802  0.404 
 1.74925  12573  12601  6870   8.353e+02  8.162e+02  2.341e+02  1.885e+01  9.774e-01   -0.023  0.900  6.142e+02  1.615e+02  -0.265  0.555 
 1.75100  12602  12630  6871   4.798e+02  5.546e+02  1.458e+02  2.052e+01  9.643e-01    0.156  0.911  4.710e+02  1.256e+02  -0.018  0.727 
 1.75275  12631  12660  6868   4.632e+02  4.714e+02  1.531e+02  1.971e+01  9.599e-01    0.018  1.041  2.634e+02  7.264e+01  -0.431  0.436 
 1.75451  12661  12689  6872   1.043e+02  1.135e+02  2.908e+01  2.166e+01  8.397e-01    0.088  1.189  1.284e+01  9.730e+00  -0.877  0.310 
 1.75626  12690  12718  6864   2.364e+01  3.197e+01  9.525e+00  2.282e+01  5.835e-01    0.352  1.292  1.197e+01  9.460e+00  -0.494  0.965 
 1.75802  12719  12747  6869   3.012e+01  4.223e+01  1.157e+01  2.120e+01  6.658e-01    0.402  1.499  1.258e+01  1.024e+01  -0.582  1.000 
 1.75978  12748  12777  6872   7.079e+01  8.899e+01  2.298e+01  2.229e+01  7.997e-01    0.257  1.421  1.178e+01  1.003e+01  -0.834  0.466 
 1.76154  12778  12806  6872   1.905e+02  2.089e+02  5.231e+01  2.302e+01  9.008e-01    0.097  1.229  1.112e+01  9.919e+00  -0.942  0.173 
 1.76330  12807  12835  6873   4.230e+01  4.253e+01  1.177e+01  2.336e+01  6.454e-01    0.006  0.983  1.069e+01  9.977e+00  -0.747  0.688 
 1.76506  12836  12865  6873   7.964e+03  8.700e+03  2.274e+03  2.875e+01  9.967e-01    0.092  1.136  7.015e+03  1.792e+03  -0.119  0.779 
 1.76683  12866  12894  6873   2.747e+03  2.882e+03  7.532e+02  2.393e+01  9.918e-01    0.049  1.065  2.300e+03  5.974e+02  -0.162  0.728 
 1.76859  12895  12924  6868   8.861e+02  8.313e+02  2.214e+02  2.534e+01  9.704e-01   -0.062  0.907  8.312e+02  2.183e+02  -0.062  0.765 
 1.77036  12925  12953  6867   1.813e+02  2.226e+02  5.908e+01  2.630e+01  8.943e-01    0.227  0.919  9.350e+01  3.150e+01  -0.484  0.434 
 1.77213  12954  12983  6871   2.567e+02  2.408e+02  7.535e+01  2.554e+01  9.041e-01   -0.062  1.002  2.789e+02  7.798e+01   0.087  0.900 
 1.77390  12984  13012  6872   7.597e+01  9.381e+01  2.954e+01  2.934e+01  7.617e-01    0.235  1.149  1.813e+01  1.216e+01  -0.761  0.391 
 1.77568  13013  13042  6847   2.568e+01  3.083e+01  9.467e+00  3.058e+01  5.021e-01    0.200  1.088  1.621e+01  1.136e+01  -0.369  1.073 
 1.77745  13043  13072  6870   2.188e+02  2.313e+02  6.251e+01  3.076e+01  8.826e-01    0.057  1.134  7.150e+01  2.515e+01  -0.673  0.383 
 1.77923  13073  13101  6834   1.293e+01  1.504e+01  4.924e+00  3.093e+01  3.272e-01    0.163  0.776  6.776e+00  9.422e+00  -0.475  1.143 
 1.78101  13102  13131  6862   8.238e+02  8.363e+02  2.170e+02  3.530e+01  9.595e-01    0.015  1.078  6.134e+02  1.706e+02  -0.255  0.698 
 1.78279  13132  13161  6871   2.649e+02  2.898e+02  7.737e+01  3.039e+01  9.051e-01    0.094  1.256  2.767e+01  1.370e+01  -0.896  0.171 
 1.78457  13162  13190  6864   1.572e+02  1.682e+02  4.642e+01  4.355e+01  7.944e-01    0.070  1.189  1.356e+01  9.706e+00  -0.914  0.176 
 1.78636  13191  13220  6864   5.543e+01  1.484e+02  3.898e+01  3.865e+01  7.934e-01    1.678  0.520  8.031e+00  9.092e+00  -0.854  0.196 
 1.78814  13221  13250  6873   5.400e+03  5.484e+03  1.433e+03  3.330e+01  9.940e-01    0.015  1.069  4.607e+03  1.181e+03  -0.147  0.766 
 1.78993  13251  13280  6836   1.902e+01  1.862e+01  5.785e+00  3.853e+01  3.258e-01   -0.021  0.677  5.895e+00  8.518e+00  -0.690  0.794 
 1.79172  13281  13309  6820   2.033e+01  1.178e+01  3.900e+00  4.300e+01  2.151e-01   -0.420  0.374  5.377e+00  8.009e+00  -0.736  0.649 
 1.79351  13310  13339  6740   4.322e+01  4.687e+01  1.310e+01  4.696e+01  4.995e-01    0.084  0.584  4.142e+01  1.870e+01  -0.029  0.439 
 1.79531  13340  13369  6818   1.048e+01  1.394e+01  4.548e+00  4.635e+01  2.313e-01    0.330  0.452  5.506e+00  8.089e+00  -0.475  0.701 
 1.79710  13370  13399  6824   1.498e+01  1.176e+01  3.896e+00  4.930e+01  1.926e-01   -0.215  0.317  4.997e+00  8.064e+00  -0.666  0.589 
 1.79890  13400  13429  6873   5.780e+03  6.021e+03  1.572e+03  4.986e+01  9.918e-01    0.042  1.057  4.867e+03  1.252e+03  -0.158  0.733 
 1.80070  13430  13459  6829   2.987e+01  3.948e+01  1.035e+01  7.306e+01  3.508e-01    0.321  0.370  2.730e+00  7.234e+00  -0.909  0.213 
 1.80250  13460  13489  6852   1.842e+02  1.974e+02  4.997e+01  6.698e+01  7.466e-01    0.072  1.038  4.547e+00  7.514e+00  -0.975  0.092 
 1.80430  13490  13519  6854   1.509e+02  1.780e+02  4.473e+01  5.284e+01  7.711e-01    0.180  1.197  4.951e+00  7.894e+00  -0.967  0.151 
 1.80611  13520  13549  6866   1.139e+03  1.185e+03  3.087e+02  8.304e+01  9.345e-01    0.040  0.939  9.257e+02  2.504e+02  -0.187  0.640 
 1.80791  13550  13579  6819   3.172e+00  9.520e+00  3.148e+00  6.609e+01  1.259e-01    2.001  0.164  3.897e+00  7.747e+00   0.221  0.388 
 1.80972  13580  13610  6830   3.869e-01  8.313e+00  2.746e+00  7.507e+01  9.969e-02   20.488  0.108  3.318e+00  7.805e+00   7.178  0.301 
 1.81153  13611  13640  6868   3.019e+03  3.024e+03  7.871e+02  9.085e+01  9.708e-01    0.001  0.967  2.429e+03  6.437e+02  -0.195  0.673 
 1.81334  13641  13670  6814   2.586e+01  4.204e+01  1.108e+01  7.057e+01  3.733e-01    0.626  0.521  3.786e+00  7.952e+00  -0.855  0.320 
 1.81516  13671  13700  6830  -1.281e+01  1.073e+01  3.022e+00  1.022e+02  9.501e-02   -1.837  0.072  1.706e+00  8.093e+00  -1.133  0.193 
 1.81697  13701  13730  6806  -5.951e+00  7.549e+00  2.518e+00  7.926e+01  8.696e-02   -2.269  0.102  3.308e+00  8.119e+00  -1.559  0.326 
 1.81879  13731  13761  6835  -1.734e+01  6.165e+00  1.936e+00  1.015e+02  5.726e-02   -1.356  0.045  2.057e+00  8.772e+00  -1.119  0.201 
 1.82061  13762  13791  6858   3.223e+02  3.527e+02  1.081e+02  1.283e+02  7.333e-01    0.095  0.883  2.571e+02  7.831e+01  -0.201  0.469 
 1.82243  13792  13821  6838   5.697e+01  8.125e+01  2.151e+01  1.033e+02  4.403e-01    0.426  0.464  2.243e+00  8.756e+00  -0.961  0.162 
 1.82425  13822  13852  6855   9.103e+02  8.691e+02  2.663e+02  8.465e+01  9.112e-01   -0.045  0.994  6.463e+02  1.825e+02  -0.289  0.522 
 1.82607  13853  13882  6850   8.162e+01  1.574e+02  4.404e+01  1.241e+02  5.591e-01    0.928  0.624  2.991e+01  1.640e+01  -0.634  0.198 
 1.82790  13883  13913  6844   4.732e+01  8.900e+01  2.236e+01  1.315e+02  4.037e-01    0.881  0.343  1.664e+00  9.943e+00  -0.965  0.122 
 1.82973  13914  13943  6835   4.754e+01  8.065e+01  2.205e+01  1.367e+02  3.710e-01    0.697  0.311  7.367e+00  1.227e+01  -0.846  0.144 
 1.83156  13944  13974  6832   4.759e+00  3.697e+01  1.014e+01  1.410e+02  2.078e-01    6.768  0.154  6.828e+00  1.177e+01   0.432  0.168 
 1.83339  13975  14004  6835  -2.312e+01  1.121e+01  3.546e+00  1.341e+02  7.715e-02   -1.485  0.053  4.587e+00  1.205e+01  -1.199  0.178 
 1.83522  14005  14035  6825  -2.517e+01  8.254e+00  2.586e+00  1.672e+02  4.705e-02   -1.328  0.033  6.438e+00  1.204e+01  -1.257  0.147 
 1.83706  14036  14065  6835  -3.690e+01  4.208e+00  1.151e+00  1.709e+02  2.403e-02   -1.114  0.013  3.226e-01  1.180e+01  -1.009  0.134 
 1.83889  14066  14096  6833  -2.549e+01  8.558e+00  2.671e+00  1.651e+02  4.928e-02   -1.336  0.030  9.570e+00  1.450e+01  -1.378  0.158 
 1.84073  14097  14127  6833  -2.920e+01  1.111e+01  2.945e+00  1.770e+02  5.908e-02   -1.381  0.033  2.792e+00  1.265e+01  -1.096  0.141 
 1.84257  14128  14157  6838   1.394e+02  1.878e+02  5.765e+01  1.715e+02  5.227e-01    0.347  0.547  1.209e+02  4.558e+01  -0.132  0.352 
 1.84442  14158  14188  6826   1.079e+02  1.205e+02  3.154e+01  1.391e+02  4.643e-01    0.117  0.348  7.006e+01  3.067e+01  -0.351  0.274 
 1.84626  14189  14219  6855   4.285e+02  4.694e+02  1.221e+02  1.924e+02  7.093e-01    0.095  0.718  3.590e+02  1.113e+02  -0.161  0.503 
 1.84811  14220  14250  6823  -3.941e+01  2.841e+00  7.967e-01  1.989e+02  1.408e-02   -1.072  0.008  2.061e-01  1.270e+01  -1.005  0.131 
 1.84996  14251  14280  6840  -1.455e+01  3.769e+01  9.833e+00  1.895e+02  1.659e-01   -3.591  0.092  1.924e+01  1.987e+01  -2.335  0.172 
 1.85181  14281  14311  6846   4.957e+02  5.317e+02  1.384e+02  1.708e+02  7.568e-01    0.073  0.830  3.428e+02  1.080e+02  -0.308  0.404 
 1.85366  14312  14342  6835  -5.314e+01  8.246e-01  2.671e-01  2.153e+02  3.815e-03   -1.016  0.002  2.857e-01  1.593e+01  -1.005  0.132 
 1.85551  14343  14373  6831   5.315e+01  8.898e+01  2.600e+01  1.951e+02  3.133e-01    0.674  0.260  3.841e+01  2.425e+01  -0.277  0.204 
 1.85737  14374  14404  6848   1.329e+02  1.798e+02  4.689e+01  2.029e+02  4.699e-01    0.353  0.357  1.284e+02  5.122e+01  -0.035  0.333 
 1.85922  14405  14435  6824   2.568e+01  9.044e+01  2.352e+01  2.282e+02  2.839e-01    2.522  0.189  6.144e+01  3.262e+01   1.411  0.251 
 1.86108  14436  14466  6825   2.164e+01  6.271e+01  1.569e+01  1.938e+02  2.444e-01    1.898  0.161  1.233e+00  1.548e+01  -0.944  0.152 
 1.86294  14467  14497  6833  -1.071e+01  3.388e+01  8.493e+00  2.117e+02  1.380e-01   -4.164  0.075  9.036e-01  1.656e+01  -1.085  0.143 
 1.86481  14498  14528  6834  -5.222e+01  2.400e+00  8.006e-01  2.119e+02  1.120e-02   -1.046  0.007  1.021e+00  1.665e+01  -1.020  0.147 
 1.86667  14529  14559  6801  -4.129e+01  3.297e+00  9.426e-01  2.292e+02  1.418e-02   -1.080  0.009  6.649e-01  1.564e+01  -1.016  0.154 
 1.86854  14560  14590  6835  -6.085e+01  8.474e-01  2.710e-01  2.587e+02  3.265e-03   -1.014  0.002  2.736e-01  1.831e+01  -1.004  0.129 
 1.87041  14591  14622  6804  -4.880e+01  3.580e+00  1.033e+00  2.754e+02  1.283e-02   -1.073  0.007  6.249e-01  1.783e+01  -1.013  0.126 
 1.87228  14623  14653  6827  -5.465e+01  5.571e-01  1.799e-01  2.690e+02  2.066e-03   -1.010  0.001  2.276e-01  1.772e+01  -1.004  0.132 
 1.87415  14654  14684  6835   7.570e+02  8.580e+02  2.236e+02  2.818e+02  7.528e-01    0.133  0.740  6.113e+02  1.930e+02  -0.190  0.402 
 1.87602  14685  14715  6840   9.397e+01  1.561e+02  4.075e+01  2.835e+02  3.550e-01    0.661  0.240  1.366e+02  5.830e+01   0.435  0.282 
 1.87790  14716  14746  6829   1.660e+01  7.284e+01  1.852e+01  2.436e+02  2.302e-01    3.387  0.137  2.068e+01  2.556e+01   0.226  0.177 
 1.87978  14747  14778  6833   1.782e+02  2.207e+02  5.758e+01  2.513e+02  4.676e-01    0.239  0.384  2.071e+02  7.555e+01   0.162  0.431 
 1.88166  14779  14809  6824  -3.594e+01  1.959e+01  6.136e+00  2.324e+02  7.773e-02   -1.545  0.054  1.376e+01  2.150e+01  -1.383  0.189 
 1.88354  14810  14841  6826   4.575e+00  7.817e+01  2.230e+01  2.856e+02  2.149e-01   16.085  0.139  1.874e+01  2.725e+01   3.111  0.163 
 1.88542  14842  14872  6822   1.416e+01  7.665e+01  1.893e+01  2.624e+02  2.261e-01    4.414  0.139  1.074e+00  2.154e+01  -0.926  0.149 
 1.88731  14873  14903  6812  -7.736e+00  4.028e+01  1.238e+01  2.278e+02  1.503e-01   -6.207  0.124  2.613e+01  2.448e+01  -4.437  0.238 
 1.88920  14904  14935  6816  -1.240e+01  5.688e+01  1.701e+01  2.976e+02  1.604e-01   -5.585  0.108  9.201e+00  2.506e+01  -1.740  0.157 
 1.89108  14936  14966  6836   1.645e+02  2.345e+02  6.234e+01  3.133e+02  4.280e-01    0.425  0.317  1.443e+02  6.516e+01  -0.124  0.271 
 1.89298  14967  14998  6836  -8.624e+01  5.013e+00  1.581e+00  3.258e+02  1.515e-02   -1.058  0.008  9.996e-01  2.697e+01  -1.012  0.137 
 1.89487  14999  15029  6805  -4.097e+01  9.243e+00  2.939e+00  2.486e+02  3.584e-02   -1.226  0.027  6.469e+00  2.143e+01  -1.158  0.194 
 1.89676  15030  15061  6817  -7.868e+01  1.905e+00  6.328e-01  3.118e+02  6.073e-03   -1.024  0.004  8.954e-01  2.525e+01  -1.011  0.152 
 1.89866  15062  15093  6825  -9.891e+01  4.300e-01  1.439e-01  3.847e+02  1.116e-03   -1.004  0.001  2.748e-01  2.930e+01  -1.003  0.130 
 1.90056  15094  15124  6826  -1.029e+02  2.171e+00  6.753e-01  3.711e+02  5.815e-03   -1.021  0.003  1.188e+00  3.097e+01  -1.012  0.137 
 1.90246  15125  15156  6819  -9.731e+01  1.940e+00  5.948e-01  3.794e+02  5.088e-03   -1.020  0.003  4.316e-01  2.992e+01  -1.004  0.138 
 1.90436  15157  15188  6813   1.628e+02  2.490e+02  6.463e+01  3.911e+02  3.890e-01    0.530  0.288  1.569e+02  7.287e+01  -0.033  0.260 
 1.90627  15189  15219  6820  -1.039e+02  2.457e+00  6.566e-01  4.147e+02  5.889e-03   -1.024  0.003  2.654e-01  3.159e+01  -1.003  0.132 
 1.90817  15220  15251  6815  -7.151e+00  7.582e+01  1.878e+01  3.285e+02  1.875e-01  -11.603  0.112  1.401e+00  2.797e+01  -1.211  0.160 
 1.91008  15252  15283  6811  -7.449e+01  2.323e+01  5.804e+00  3.929e+02  5.583e-02   -1.312  0.026  1.762e+00  3.243e+01  -1.024  0.144 
 1.91199  15284  15315  6822  -1.181e+02  2.043e+00  6.204e-01  4.331e+02  4.695e-03   -1.017  0.002  4.146e-01  3.478e+01  -1.004  0.133 
 1.91390  15316  15347  6816  -1.019e+02  6.812e+00  1.723e+00  4.445e+02  1.509e-02   -1.067  0.007  3.220e-01  3.414e+01  -1.003  0.134 
 1.91582  15348  15379  6827  -9.620e+01  2.353e+01  6.013e+00  4.375e+02  5.105e-02   -1.245  0.022  4.977e-01  3.590e+01  -1.005  0.134 
 1.91773  15380  15411  6792   3.856e+01  8.555e+01  2.234e+01  2.896e+02  2.280e-01    1.218  0.184  4.547e+01  3.518e+01   0.166  0.261 
 1.91965  15412  15443  6809   2.137e+02  3.100e+02  8.065e+01  5.028e+02  3.814e-01    0.450  0.273  2.125e+02  9.407e+01  -0.002  0.283 
 1.92157  15444  15475  6815  -8.530e+01  1.856e+00  6.103e-01  3.697e+02  4.996e-03   -1.022  0.003  1.057e+00  3.088e+01  -1.012  0.162 
 1.92349  15476  15507  6835   6.277e+02  9.354e+02  2.431e+02  4.450e+02  6.776e-01    0.490  0.616  6.032e+02  1.956e+02  -0.039  0.451 
 1.92541  15508  15539  6847   1.393e+03  1.383e+03  3.598e+02  3.368e+02  8.041e-01   -0.007  0.783  9.319e+02  2.714e+02  -0.332  0.499 
 1.92734  15540  15571  6815  -1.305e+02  9.903e-01  3.015e-01  4.988e+02  1.982e-03   -1.008  0.001  4.291e-01  3.974e+01  -1.003  0.137 
 1.92927  15572  15603  6815  -2.619e+01  8.474e+01  2.083e+01  4.240e+02  1.666e-01   -4.236  0.092  9.855e-01  3.551e+01  -1.038  0.156 
 1.93120  15604  15635  6823  -8.734e+01  3.078e+01  7.696e+00  4.540e+02  6.350e-02   -1.352  0.030  8.128e-01  3.730e+01  -1.009  0.143 
 1.93313  15636  15667  6815  -5.052e+01  7.031e+01  1.758e+01  4.413e+02  1.374e-01   -2.392  0.075  8.426e-01  3.563e+01  -1.017  0.151 
 1.93506  15668  15700  6841   8.800e+02  1.023e+03  3.103e+02  3.569e+02  7.414e-01    0.163  0.960  5.417e+02  1.646e+02  -0.385  0.439 
 1.93700  15701  15732  6813  -1.024e+02  1.468e+00  4.772e-01  4.481e+02  3.264e-03   -1.014  0.002  8.332e-01  3.540e+01  -1.008  0.157 
 1.93893  15733  15764  6820   5.480e+01  1.636e+02  5.010e+01  4.988e+02  2.470e-01    1.986  0.174  9.994e+01  6.700e+01   0.813  0.202 
 1.94087  15765  15797  6819  -9.311e+01  9.221e+00  2.383e+00  4.361e+02  2.071e-02   -1.099  0.011  9.013e-01  3.242e+01  -1.010  0.151 
 1.94281  15798  15829  6806  -4.461e+01  2.012e+00  6.350e-01  3.460e+02  5.782e-03   -1.045  0.005  1.201e+00  2.056e+01  -1.027  0.172 
 1.94476  15830  15861  6817  -4.912e+01  3.303e+01  8.676e+00  4.356e+02  7.048e-02   -1.672  0.046  7.747e-01  2.864e+01  -1.016  0.152 
 1.94670  15862  15894  6804   2.159e+01  6.506e+01  1.616e+01  3.810e+02  1.459e-01    2.014  0.127  9.512e-01  2.066e+01  -0.957  0.159 
 1.94865  15895  15926  6804  -3.283e+01  1.736e+01  4.393e+00  3.932e+02  4.229e-02   -1.529  0.035  8.209e-01  1.974e+01  -1.025  0.155 
 1.95060  15927  15959  6844   5.506e+02  5.959e+02  1.743e+02  3.134e+02  6.554e-01    0.082  0.963  2.078e+02  6.097e+01  -0.623  0.300 
 1.95255  15960  15991  6822   2.276e+02  2.666e+02  7.201e+01  3.805e+02  4.120e-01    0.171  0.667  2.441e+01  1.690e+01  -0.893  0.141 
 1.95450  15992  16024  6828   2.557e+02  2.736e+02  8.248e+01  4.053e+02  4.029e-01    0.070  0.649  1.228e+02  4.173e+01  -0.520  0.296 
 1.95645  16025  16056  6822   2.428e+02  3.075e+02  9.378e+01  4.109e+02  4.280e-01    0.266  0.775  1.535e+02  4.926e+01  -0.368  0.382 
 1.95841  16057  16089  6819   2.028e+02  2.499e+02  7.048e+01  4.320e+02  3.665e-01    0.232  0.513  1.166e+02  4.492e+01  -0.427  0.298 
 1.96037  16090  16122  6817   1.935e+02  2.114e+02  5.810e+01  3.499e+02  3.766e-01    0.092  0.580  6.855e+01  2.833e+01  -0.646  0.257 
 1.96233  16123  16154  6804   1.521e+02  2.172e+02  5.787e+01  4.233e+02  3.391e-01    0.428  0.530  4.936e+01  2.534e+01  -0.676  0.221 
 1.96429  16155  16187  6863   9.507e+02  1.013e+03  2.850e+02  3.623e+02  7.366e-01    0.066  1.007  4.933e+02  1.317e+02  -0.481  0.417 
 1.96626  16188  16220  6856   2.304e+02  2.205e+02  6.283e+01  3.331e+02  3.982e-01   -0.043  0.746  9.401e+01  2.657e+01  -0.592  0.278 
 1.96822  16221  16253  6850   2.705e+02  2.934e+02  8.386e+01  3.433e+02  4.608e-01    0.085  0.889  1.181e+02  3.382e+01  -0.563  0.318 
 1.97019  16254  16285  6865   1.341e+03  1.492e+03  3.907e+02  3.588e+02  8.061e-01    0.113  1.034  7.280e+02  1.918e+02  -0.457  0.462 
 1.97216  16286  16318  6825   2.061e+02  2.103e+02  6.531e+01  3.505e+02  3.750e-01    0.020  0.695  8.730e+01  2.962e+01  -0.577  0.272 
 1.97413  16319  16351  6855   9.321e+02  1.050e+03  2.747e+02  3.591e+02  7.451e-01    0.126  0.946  4.985e+02  1.366e+02  -0.465  0.418 
 1.97611  16352  16384  6872   2.253e+03  2.415e+03  6.051e+02  3.218e+02  8.824e-01    0.072  1.058  1.183e+03  3.062e+02  -0.475  0.468 
 1.97808  16385  16417  6803   4.712e+01  6.035e+01  1.483e+01  3.174e+02  1.597e-01    0.281  0.382  6.794e-01  4.760e+00  -0.986  0.115 
 1.98006  16418  16450  6807  -1.453e+01  5.825e+01  1.451e+01  4.553e+02  1.134e-01   -5.010  0.104  5.008e-01  2.254e+01  -1.035  0.160 
 1.98204  16451  16483  6798   6.087e+00  2.787e+01  6.844e+00  3.350e+02  7.679e-02    3.578  0.166  5.676e-01  6.039e+00  -0.907  0.145 
 1.98402  16484  16516  6863   7.604e+02  8.169e+02  2.050e+02  3.339e+02  7.099e-01    0.074  0.927  4.216e+02  1.121e+02  -0.445  0.448 
 1.98601  16517  16549  6805  -5.376e+01  2.157e+00  5.928e-01  4.124e+02  5.204e-03   -1.040  0.006  4.091e-01  1.487e+01  -1.008  0.163 
 1.98799  16550  16582  6845   1.839e+02  2.285e+02  6.664e+01  3.296e+02  4.095e-01    0.243  1.022  3.292e+01  1.061e+01  -0.821  0.135 
 1.98998  16583  16615  6805   1.425e+02  1.849e+02  4.601e+01  4.341e+02  2.987e-01    0.297  0.427  7.254e-01  1.577e+01  -0.995  0.135 
 1.99197  16616  16649  6864   2.718e+02  2.951e+02  8.632e+01  3.371e+02  4.668e-01    0.086  1.003  5.666e+01  1.575e+01  -0.791  0.151 
 1.99396  16650  16682  6803   4.859e+00  4.726e+01  1.156e+01  3.893e+02  1.083e-01    8.726  0.244  1.845e-01  6.224e+00  -0.962  0.129 
 1.99596  16683  16715  6804   4.020e+01  7.476e+01  1.847e+01  4.183e+02  1.516e-01    0.860  0.389  1.072e-01  5.352e+00  -0.997  0.107 
 1.99795  16716  16748  6819  -1.363e+01  2.489e-01  6.316e-02  4.874e+02  5.103e-04   -1.018  0.002  3.991e-02  3.219e+00  -1.003  0.079 
 1.99995  16749  16782  6874   3.528e+03  3.887e+03  9.756e+02  5.424e+02  8.775e-01    0.102  1.147  1.995e+03  5.083e+02  -0.434  0.538 
 2.00195  16783  16815  6874   8.421e+02  8.811e+02  2.210e+02  6.211e+02  5.865e-01    0.046  0.993  5.143e+02  1.332e+02  -0.389  0.540 
 2.00395  16816  16848  6874   7.825e+01  1.073e+02  2.682e+01  6.230e+02  1.469e-01    0.371  0.411  4.688e+01  1.269e+01  -0.401  0.192 
 2.00596  16849  16882  6874   2.110e+02  2.121e+02  5.317e+01  6.161e+02  2.561e-01    0.005  0.705  1.239e+02  3.255e+01  -0.413  0.383 
 2.00796  16883  16915  6874  -2.952e+00  4.000e+00  1.156e+00  5.082e+02  7.810e-03   -2.355  0.033  8.761e-03  1.227e-01  -1.003  0.003 
 2.00997  16916  16949  6872   1.330e+02  1.570e+02  4.599e+01  5.723e+02  2.153e-01    0.181  0.874  1.737e+01  4.483e+00  -0.869  0.078 
 2.01198  16950  16982  6873   1.433e+02  1.571e+02  4.519e+01  6.095e+02  2.049e-01    0.096  0.790  2.150e+01  5.970e+00  -0.850  0.097 
 2.01399  16983  17016  6874  -8.901e+00  9.647e-01  2.369e-01  6.214e+02  1.550e-03   -1.108  0.005  7.699e-16  6.622e-01  -1.000  0.015 
 2.01601  17017  17049  6842   4.531e+01  6.548e+01  1.731e+01  6.535e+02  9.107e-02    0.445  0.324  1.716e+01  6.694e+00  -0.622  0.121 
 2.01802  17050  17083  6873   5.605e+02  5.654e+02  1.428e+02  6.004e+02  4.850e-01    0.009  0.923  2.832e+02  7.270e+01  -0.495  0.427 
 2.02004  17084  17117  6845   3.139e+01  7.593e+01  1.871e+01  6.041e+02  1.117e-01    1.419  0.415  1.745e+00  2.122e+00  -0.944  0.046 
 2.02206  17118  17150  6843  -9.424e+00  2.079e+01  5.198e+00  5.562e+02  3.603e-02   -3.206  0.134  1.264e+00  2.093e+00  -1.134  0.053 
 2.02408  17151  17184  6866  -7.223e+00  2.282e+01  6.463e+00  5.370e+02  4.076e-02   -4.159  0.166  9.383e+00  2.995e+00  -2.299  0.076 
 2.02611  17185  17218  6873   2.562e+03  2.522e+03  6.335e+02  5.144e+02  8.306e-01   -0.015  0.945  1.337e+03  3.403e+02  -0.478  0.449 
 2.02813  17219  17252  6858   8.203e+02  1.128e+03  2.813e+02  5.407e+02  6.761e-01    0.376  0.873  4.312e+02  1.139e+02  -0.474  0.348 
 2.03016  17253  17285  6854   8.033e+01  1.130e+02  2.766e+01  5.117e+02  1.809e-01    0.406  0.498  5.877e-01  1.348e+00  -0.993  0.021 
 2.03219  17286  17319  6853   2.386e+02  3.034e+02  7.549e+01  5.278e+02  3.650e-01    0.271  0.575  2.912e+01  9.910e+00  -0.878  0.062 
 2.03422  17320  17353  6872   1.693e+03  1.819e+03  4.555e+02  5.162e+02  7.789e-01    0.074  0.978  8.670e+02  2.204e+02  -0.488  0.419 
 2.03626  17354  17387  6874  -3.087e+01  8.280e+00  2.579e+00  5.251e+02  1.552e-02   -1.268  0.052  0.000e+00  2.770e-02  -1.000  0.001 
 2.03829  17388  17421  6869  -4.390e+01  4.978e-02  1.217e-02  5.432e+02  9.163e-05   -1.001  0.000  0.000e+00  5.603e-01  -1.000  0.011 
 2.04033  17422  17455  6873   4.664e+03  4.982e+03  1.251e+03  5.795e+02  8.958e-01    0.068  1.047  2.529e+03  6.469e+02  -0.458  0.472 
 2.04237  17456  17489  6865  -3.564e+01  2.876e+00  8.046e-01  5.687e+02  5.031e-03   -1.081  0.015  3.756e-01  7.025e-01  -1.011  0.013 
 2.04441  17490  17523  6851  -2.085e+01  1.817e+01  4.732e+00  5.861e+02  3.008e-02   -1.872  0.087  0.000e+00  1.412e+00  -1.000  0.026 
 2.04646  17524  17557  6874  -4.177e+01  4.186e+00  1.094e+00  6.019e+02  6.906e-03   -1.100  0.021  0.000e+00  1.794e-02  -1.000  0.000 
 2.04851  17558  17591  6872   6.909e+02  7.413e+02  1.862e+02  6.540e+02  5.313e-01    0.073  0.862  3.478e+02  8.858e+01  -0.496  0.374 
 2.05055  17592  17625  6867   1.021e+02  1.800e+02  4.481e+01  7.152e+02  2.011e-01    0.764  0.566  4.724e+01  1.242e+01  -0.537  0.150 
 2.05260  17626  17660  6872   9.334e+01  1.627e+02  4.001e+01  7.564e+02  1.770e-01    0.743  0.693  2.576e-02  2.632e-01  -1.000  0.004 
 2.05466  17661  17694  6870   9.066e+02  1.044e+03  2.610e+02  7.893e+02  5.695e-01    0.152  0.775  4.025e+02  1.024e+02  -0.556  0.266 
 2.05671  17695  17728  6872   2.339e+03  2.491e+03  6.243e+02  7.861e+02  7.601e-01    0.065  0.950  1.184e+03  3.019e+02  -0.494  0.420 
 2.05877  17729  17762  6874  -9.021e+00  3.420e+01  8.348e+00  7.148e+02  4.566e-02   -4.791  0.149  1.168e-02  4.196e-01  -1.001  0.007 
 2.06083  17763  17797  6849  -4.822e+01  1.396e-01  3.409e-02  7.437e+02  1.877e-04   -1.003  0.001  0.000e+00  1.748e+00  -1.000  0.030 
 2.06289  17798  17831  6874  -3.929e+01  2.047e+00  6.001e-01  8.071e+02  2.530e-03   -1.052  0.011  0.000e+00  5.043e-01  -1.000  0.009 
 2.06495  17832  17866  6869   3.292e+01  6.033e+01  1.474e+01  8.344e+02  6.742e-02    0.833  0.247  5.620e-03  6.385e-01  -1.000  0.010 
 2.06702  17867  17900  6874  -2.433e+01  2.059e+01  5.746e+00  8.314e+02  2.417e-02   -1.846  0.101  9.340e+00  2.539e+00  -1.384  0.045 
 2.06908  17901  17934  6873  -4.584e+01  8.445e-02  2.063e-02  8.485e+02  9.952e-05   -1.002  0.000  0.000e+00  6.335e-01  -1.000  0.011 
 2.07115  17935  17969  6868   4.207e+02  4.920e+02  1.390e+02  8.333e+02  3.712e-01    0.169  0.694  1.814e+02  4.664e+01  -0.569  0.202 
 2.07322  17970  18003  6870   1.863e+03  1.974e+03  5.569e+02  8.156e+02  7.076e-01    0.059  1.006  9.348e+02  2.377e+02  -0.498  0.384 
 2.07530  18004  18038  6874  -4.208e+01  2.462e+00  6.187e-01  8.213e+02  2.989e-03   -1.059  0.009  0.000e+00  2.185e-01  -1.000  0.003 
 2.07737  18039  18073  6845  -5.569e+01  9.090e-01  2.220e-01  8.267e+02  1.098e-03   -1.016  0.003  0.000e+00  2.414e+00  -1.000  0.032 
 2.07945  18074  18107  6873   8.426e+01  1.419e+02  3.466e+01  8.063e+02  1.497e-01    0.684  0.422  2.467e-02  3.055e-02  -1.000  0.000 
 2.08153  18108  18142  6872   1.636e+02  2.022e+02  4.985e+01  8.324e+02  1.954e-01    0.236  0.504  3.150e-02  4.859e-01  -1.000  0.004 
 2.08361  18143  18177  6856  -3.648e+01  2.785e+01  6.786e+00  8.647e+02  3.120e-02   -1.763  0.069  4.870e-03  1.849e+00  -1.000  0.019 
 2.08569  18178  18211  6868   7.400e+02  8.614e+02  2.362e+02  8.668e+02  4.984e-01    0.164  0.960  2.454e+02  6.256e+01  -0.668  0.221 
 2.08778  18212  18246  6870   8.092e+01  1.272e+02  3.108e+01  8.786e+02  1.265e-01    0.572  0.307  0.000e+00  1.043e-01  -1.000  0.001 
 2.08987  18247  18281  6872   1.024e+03  1.199e+03  3.397e+02  8.953e+02  5.726e-01    0.171  0.780  4.981e+02  1.271e+02  -0.514  0.271 
 2.09196  18282  18316  6869  -3.435e+01  6.605e+01  1.674e+01  9.087e+02  6.776e-02   -2.923  0.104  5.117e-04  3.297e-01  -1.000  0.002 
 2.09405  18317  18351  6858  -1.027e+02  5.896e+01  1.445e+01  9.385e+02  5.911e-02   -1.574  0.071  0.000e+00  2.808e+00  -1.000  0.014 
 2.09614  18352  18386  6862  -9.898e+01  1.058e+01  2.585e+00  9.358e+02  1.118e-02   -1.107  0.014  0.000e+00  1.603e-01  -1.000  0.001 
 2.09824  18387  18421  6853  -1.483e+02  2.932e-01  7.179e-02  9.915e+02  2.956e-04   -1.002  0.000  1.129e-30  6.125e+00  -1.000  0.023 
 2.10034  18422  18456  6826   1.697e+02  1.728e+02  4.899e+01  1.014e+03  1.455e-01    0.018  0.217  2.933e+01  1.375e+01  -0.827  0.060 
 2.10244  18457  18491  5385   2.935e+02  3.133e+02  8.609e+01  9.722e+02  2.437e-01    0.067  0.715  8.175e+01  2.149e+01  -0.721  0.158 
 2.10454  18492  18526  5384   2.878e+02  2.908e+02  8.255e+01  9.929e+02  2.265e-01    0.010  0.656  7.757e+01  2.055e+01  -0.730  0.145 
 2.10664  18527  18561  5383   6.853e+02  7.327e+02  2.031e+02  1.011e+03  4.202e-01    0.069  0.988  2.476e+02  6.444e+01  -0.639  0.269 
 2.10875  18562  18596  5384   4.899e+02  4.718e+02  1.291e+02  1.037e+03  3.127e-01   -0.037  0.790  1.319e+02  3.511e+01  -0.731  0.183 
 2.11086  18597  18631  5384   1.157e+03  1.198e+03  3.416e+02  1.066e+03  5.291e-01    0.036  1.019  5.662e+02  1.489e+02  -0.510  0.388 
 2.11297  18632  18666  5384   1.205e+01  8.908e+00  2.276e+00  1.073e+03  8.235e-03   -0.261  0.024  0.000e+00  4.274e-01  -1.000  0.004 
 2.11508  18667  18702  5385   3.221e+02  3.491e+02  9.950e+01  1.097e+03  2.414e-01    0.084  0.760  1.836e+02  4.831e+01  -0.430  0.341 
 2.11720  18703  18737  5373   1.193e+03  1.286e+03  3.246e+02  1.152e+03  5.275e-01    0.078  1.005  7.082e+02  1.898e+02  -0.406  0.520 
 2.11932  18738  18772  5377   1.687e+02  1.543e+02  3.826e+01  1.150e+03  1.183e-01   -0.085  0.342  0.000e+00  2.037e+00  -1.000  0.017 
 2.12144  18773  18807  5386   1.576e+02  1.574e+02  3.898e+01  1.157e+03  1.197e-01   -0.001  0.337  1.070e+01  3.002e+00  -0.932  0.024 
 2.12356  18808  18843  5384   1.572e+03  1.669e+03  4.221e+02  1.204e+03  5.808e-01    0.061  1.037  1.012e+03  2.663e+02  -0.356  0.583 
 2.12568  18844  18878  5386   5.148e+01  9.128e+01  2.293e+01  1.202e+03  7.057e-02    0.773  0.204  1.048e+01  2.844e+00  -0.797  0.025 
 2.12781  18879  18914  5363   2.305e+02  2.406e+02  7.055e+01  1.268e+03  1.596e-01    0.044  0.534  2.779e+01  1.354e+01  -0.880  0.095 
 2.12993  18915  18949  5386   1.027e+02  7.611e+01  2.256e+01  1.249e+03  5.742e-02   -0.259  0.195  1.149e+01  3.069e+00  -0.888  0.026 
 2.13206  18950  18985  5385   7.374e+02  7.211e+02  1.932e+02  1.274e+03  3.614e-01   -0.022  0.913  3.129e+02  8.123e+01  -0.576  0.337 
 2.13420  18986  19020  5386   1.040e+02  9.586e+01  2.369e+01  1.303e+03  6.853e-02   -0.078  0.202  0.000e+00  7.126e-01  -1.000  0.006 
 2.13633  19021  19056  5385   1.750e+02  1.584e+02  3.908e+01  1.332e+03  1.062e-01   -0.095  0.318  0.000e+00  1.165e+00  -1.000  0.009 
 2.13847  19057  19091  5385   6.642e+01  4.473e+01  1.101e+01  1.353e+03  3.200e-02   -0.327  0.092  0.000e+00  3.984e-01  -1.000  0.003 
 2.14060  19092  19127  5385   5.493e+01  4.066e+01  9.997e+00  1.377e+03  2.869e-02   -0.260  0.081  0.000e+00  9.729e-02  -1.000  0.001 
 2.14275  19128  19163  5385   6.295e+01  4.528e+01  1.114e+01  1.405e+03  3.122e-02   -0.281  0.089  0.000e+00  6.243e-02  -1.000  0.000 
 2.14489  19164  19199  5385   2.286e+01  4.254e-01  1.181e-01  1.434e+03  2.965e-04   -0.981  0.001  0.000e+00  2.931e-01  -1.000  0.002 
 2.14703  19200  19234  5385   2.649e+01  6.670e-01  1.883e-01  1.465e+03  4.550e-04   -0.975  0.001  0.000e+00  4.913e-01  -1.000  0.004 
 2.14918  19235  19270  5386   2.794e+03  2.819e+03  7.136e+02  1.499e+03  6.529e-01    0.009  1.034  1.598e+03  4.156e+02  -0.428  0.518 
 2.15133  19271  19306  5368   9.623e+02  1.251e+03  3.225e+02  1.581e+03  4.418e-01    0.300  0.973  5.752e+02  1.573e+02  -0.402  0.479 
 2.15348  19307  19342  5383   1.631e+03  1.655e+03  4.271e+02  1.578e+03  5.119e-01    0.015  1.055  7.884e+02  2.086e+02  -0.516  0.445 
 2.15563  19343  19378  5385   8.087e+01  5.390e+01  1.391e+01  1.584e+03  3.291e-02   -0.334  0.099  2.752e+01  7.506e+00  -0.660  0.053 
 2.15779  19379  19414  5373   5.296e+02  5.363e+02  1.353e+02  1.636e+03  2.469e-01    0.013  0.698  2.971e+02  8.089e+01  -0.439  0.389 
 2.15995  19415  19450  5384   6.202e+01  6.895e+01  1.699e+01  1.658e+03  3.992e-02    0.112  0.115  2.951e-14  1.475e+00  -1.000  0.010 
 2.16211  19451  19486  5326   8.569e+01  1.182e+02  3.365e+01  1.786e+03  6.206e-02    0.379  0.196  7.694e+01  3.781e+01  -0.104  0.218 
 2.16427  19487  19522  5385   9.829e+01  1.129e+02  3.023e+01  1.710e+03  6.194e-02    0.149  0.198  3.460e+01  9.521e+00  -0.648  0.062 
 2.16643  19523  19558  5385   1.068e+02  1.104e+02  2.713e+01  1.749e+03  5.935e-02    0.033  0.176  0.000e+00  6.020e-01  -1.000  0.004 
 2.16860  19559  19594  5349   3.799e+01  4.412e+01  1.127e+01  1.834e+03  2.349e-02    0.161  0.067  4.132e+00  1.117e+01  -0.891  0.067 
 2.17077  19595  19630  5385   8.330e+02  8.149e+02  2.076e+02  1.806e+03  3.109e-01   -0.022  0.825  4.633e+02  1.202e+02  -0.444  0.434 
 2.17294  19631  19666  5365   2.668e+01  2.177e-01  6.454e-02  1.886e+03  1.154e-04   -0.992  0.000  0.000e+00  6.167e+00  -1.000  0.036 
 2.17511  19667  19702  5361   1.449e+02  1.380e+02  3.394e+01  1.929e+03  6.675e-02   -0.047  0.190  1.459e+00  9.075e+00  -0.990  0.050 
 2.17729  19703  19739  5385   7.631e+01  3.669e+01  9.394e+00  1.918e+03  1.877e-02   -0.519  0.055  1.620e+00  6.317e-01  -0.979  0.004 
 2.17947  19740  19775  5384   2.635e+03  2.731e+03  6.899e+02  1.984e+03  5.793e-01    0.036  1.095  1.482e+03  3.899e+02  -0.438  0.538 
 2.18164  19776  19811  5361   2.660e+01  1.206e+01  2.999e+00  2.031e+03  5.903e-03   -0.547  0.016  0.000e+00  7.788e+00  -1.000  0.042 
 2.18383  19812  19848  5318  -3.724e+01  5.691e+01  1.400e+01  2.256e+03  2.461e-02   -2.528  0.056  0.000e+00  3.745e+01  -1.000  0.150 
 2.18601  19849  19884  5372   1.065e+03  1.086e+03  2.744e+02  2.099e+03  3.409e-01    0.019  0.829  6.031e+02  1.630e+02  -0.434  0.445 
 2.18820  19885  19921  5363   7.883e+01  1.565e+02  3.887e+01  2.149e+03  6.789e-02    0.986  0.199  2.355e+00  8.494e+00  -0.970  0.043 
 2.19038  19922  19957  5363   1.423e+01  2.579e+01  6.409e+00  2.182e+03  1.168e-02    0.812  0.033  3.112e-10  7.406e+00  -1.000  0.038 
 2.19257  19958  19994  5385   1.210e+01  4.052e-03  9.960e-04  2.181e+03  1.858e-06   -1.000  0.000  0.000e+00  3.042e-01  -1.000  0.002 
 2.19477  19995  20030  5373   2.983e+03  3.117e+03  7.881e+02  2.317e+03  5.737e-01    0.045  1.038  1.775e+03  4.749e+02  -0.405  0.547 
 2.19696  20031  20067  5326   4.634e+01  6.465e+01  1.590e+01  2.424e+03  2.598e-02    0.395  0.070  4.319e-22  2.348e+01  -1.000  0.103 
 2.19916  20068  20103  5383   1.956e+02  1.604e+02  3.954e+01  2.396e+03  6.273e-02   -0.180  0.194  1.948e-01  2.031e+00  -0.999  0.010 
 2.20136  20104  20140  5385   1.513e+02  9.644e+01  2.376e+01  2.394e+03  3.872e-02   -0.363  0.115  3.934e-01  9.628e-01  -0.997  0.005 
 2.20356  20141  20177  5360   7.026e+02  6.135e+02  1.550e+02  2.521e+03  1.957e-01   -0.127  0.498  3.018e+02  9.156e+01  -0.570  0.275 
 2.20576  20178  20214  5372   5.124e+02  5.693e+02  1.430e+02  2.489e+03  1.862e-01    0.111  0.554  2.223e+02  6.410e+01  -0.566  0.240 
 2.20797  20215  20250  5381   2.371e+01  9.909e-03  2.446e-03  2.504e+03  3.957e-06   -1.000  0.000  0.000e+00  2.784e+00  -1.000  0.012 
 2.21018  20251  20287  5382   2.509e+01  4.531e+00  1.261e+00  2.552e+03  1.773e-03   -0.819  0.006  7.446e-18  2.085e+00  -1.000  0.009 
 2.21239  20288  20324  5385   2.462e+03  2.514e+03  6.357e+02  2.586e+03  4.930e-01    0.021  0.984  1.372e+03  3.562e+02  -0.443  0.479 
 2.21460  20325  20361  5334  -1.576e+01  4.337e-01  1.067e-01  2.752e+03  1.576e-04   -1.028  0.000  3.383e-02  1.985e+01  -1.002  0.079 
 2.21681  20362  20398  5385   2.692e+01  1.114e-01  3.014e-02  2.701e+03  4.125e-05   -0.996  0.000  0.000e+00  8.633e-01  -1.000  0.004 
 2.21903  20399  20435  5385   1.728e+01  3.736e-02  1.071e-02  2.744e+03  1.361e-05   -0.998  0.000  0.000e+00  1.438e+00  -1.000  0.006 
 2.22125  20436  20472  5385   2.658e+00  5.763e-03  1.417e-03  2.810e+03  2.051e-06   -0.998  0.000  0.000e+00  9.635e-01  -1.000  0.004 
 2.22347  20473  20509  5386   6.556e+02  6.950e+02  1.981e+02  2.859e+03  1.955e-01    0.060  0.627  3.510e+02  9.351e+01  -0.465  0.275 
 2.22569  20510  20546  5375   1.590e+01  1.033e+02  2.570e+01  2.943e+03  3.392e-02    5.497  0.099  1.532e-02  4.466e+00  -0.999  0.017 
 2.22792  20547  20583  5385   2.638e+01  1.158e+02  2.850e+01  2.953e+03  3.775e-02    3.391  0.109  5.967e-03  2.949e-01  -1.000  0.001 
 2.23015  20584  20620  5385   1.577e+03  1.656e+03  4.679e+02  3.021e+03  3.540e-01    0.050  0.958  8.192e+02  2.126e+02  -0.480  0.382 
 2.23238  20621  20657  5385   1.516e+02  1.678e+02  4.137e+01  3.090e+03  5.149e-02    0.106  0.153  2.804e-02  3.558e-01  -1.000  0.001 
 2.23461  20658  20695  5381   9.053e+01  1.282e+02  3.179e+01  3.149e+03  3.912e-02    0.416  0.114  2.728e-02  2.912e+00  -1.000  0.010 
 2.23685  20696  20732  5385  -9.116e+00  3.169e+00  7.796e-01  3.207e+03  9.872e-04   -1.348  0.003  0.000e+00  2.152e-01  -1.000  0.001 
 2.23908  20733  20769  5385  -3.331e+01  6.897e-02  1.687e-02  3.254e+03  2.120e-05   -1.002  0.000  0.000e+00  2.343e-01  -1.000  0.001 
 2.24132  20770  20807  5385   4.491e+01  9.190e+01  2.279e+01  3.321e+03  2.692e-02    1.046  0.079  0.000e+00  2.486e-01  -1.000  0.001 
 2.24356  20808  20844  5385  -5.403e+00  2.763e+01  6.927e+00  3.398e+03  8.068e-03   -6.115  0.024  2.822e-25  9.715e-01  -1.000  0.003 
 2.24581  20845  20881  5386   3.240e+02  3.819e+02  1.089e+02  3.500e+03  9.837e-02    0.179  0.348  1.671e+02  4.461e+01  -0.484  0.139 
 2.24805  20882  20919  5385  -4.359e+01  4.964e-02  1.221e-02  3.499e+03  1.419e-05   -1.001  0.000  0.000e+00  3.637e-01  -1.000  0.001 
 2.25030  20920  20956  5384   6.739e+02  6.888e+02  1.964e+02  3.580e+03  1.613e-01    0.022  0.530  3.378e+02  8.778e+01  -0.499  0.222 
 2.25255  20957  20994  5385   2.976e+01  1.312e+02  3.715e+01  3.673e+03  3.449e-02    3.409  0.118  5.262e+01  1.377e+01   0.768  0.044 
 2.25480  20995  21031  5385  -1.397e+01  1.904e+01  4.817e+00  3.733e+03  5.074e-03   -2.363  0.015  0.000e+00  4.428e-01  -1.000  0.001 
 2.25706  21032  21069  5385  -4.326e+01  2.939e-02  7.231e-03  3.821e+03  7.691e-06   -1.001  0.000  0.000e+00  4.936e-01  -1.000  0.002 
 2.25931  21070  21107  5385  -2.161e+01  9.480e-03  2.315e-03  3.862e+03  2.454e-06   -1.000  0.000  9.551e-38  2.022e-01  -1.000  0.001 
 2.26157  21108  21144  5385   5.023e+01  7.462e+01  1.836e+01  3.993e+03  1.834e-02    0.485  0.055  5.821e-03  3.538e-01  -1.000  0.001 
 2.26384  21145  21182  5385   5.444e+01  7.825e+01  1.925e+01  4.058e+03  1.892e-02    0.437  0.057  5.553e-03  2.624e-01  -1.000  0.001 
 2.26610  21183  21220  5385  -2.513e+01  4.157e+01  1.022e+01  4.053e+03  1.015e-02   -2.654  0.029  1.507e-16  6.458e-01  -1.000  0.002 
 2.26837  21221  21257  5385   2.126e+02  2.970e+02  8.021e+01  4.249e+03  6.533e-02    0.397  0.221  5.641e+01  1.732e+01  -0.735  0.047 
 2.27063  21258  21295  5385  -1.393e+01  5.762e+01  1.426e+01  4.250e+03  1.338e-02   -5.137  0.039  0.000e+00  4.816e-01  -1.000  0.001 
 2.27290  21296  21333  5387  -3.445e+02  3.704e+02  1.056e+02  4.312e+03  7.910e-02   -2.075  0.238  1.487e+02  3.893e+01  -1.432  0.086 
 2.27518  21334  21371  5385  -3.171e+02  5.421e+01  1.377e+01  4.506e+03  1.189e-02   -1.171  0.037  7.703e-01  4.756e-01  -1.002  0.001 
 2.27745  21372  21409  5385  -3.466e+02  2.943e+01  7.253e+00  4.465e+03  6.548e-03   -1.085  0.018  0.000e+00  4.296e-01  -1.000  0.001 
 2.27973  21410  21447  5385  -3.394e+02  3.951e+00  9.892e-01  4.575e+03  8.629e-04   -1.012  0.002  0.000e+00  5.952e-01  -1.000  0.002 
 2.28201  21448  21485  5385  -3.347e+02  2.483e-01  6.099e-02  4.710e+03  5.271e-05   -1.001  0.000  0.000e+00  1.624e+00  -1.000  0.004 
 2.28429  21486  21523  5385  -3.050e+02  6.056e+00  1.651e+00  4.784e+03  1.264e-03   -1.020  0.004  0.000e+00  4.067e-01  -1.000  0.001 
 2.28658  21524  21561  5385  -2.979e+02  4.208e+01  1.039e+01  4.782e+03  8.722e-03   -1.141  0.025  0.000e+00  7.940e-01  -1.000  0.002 
 2.28886  21562  21599  5385  -2.892e+02  5.115e+00  1.256e+00  4.998e+03  1.022e-03   -1.018  0.003  0.000e+00  5.792e-01  -1.000  0.001 
 2.29115  21600  21637  5366  -2.981e+02  5.196e+00  1.278e+00  5.099e+03  1.018e-03   -1.017  0.003  0.000e+00  1.190e+01  -1.000  0.027 
 2.29344  21638  21676  5381  -1.465e+02  1.562e+02  4.388e+01  5.161e+03  2.938e-02   -2.066  0.101  2.254e+01  9.585e+00  -1.154  0.022 
 2.29574  21677  21714  5364  -2.217e+02  5.719e+01  1.414e+01  5.338e+03  1.060e-02   -1.258  0.031  4.764e-43  1.580e+01  -1.000  0.035 
 2.29803  21715  21752  5386  -3.874e+01  1.788e+02  5.208e+01  5.376e+03  3.219e-02   -5.615  0.118  4.102e+01  1.193e+01  -2.059  0.027 
 2.30033  21753  21790  5385  -1.836e+02  4.535e-03  1.116e-03  5.435e+03  8.344e-07   -1.000  0.000  0.000e+00  9.523e-01  -1.000  0.002 
 2.30263  21791  21829  5385  -1.328e+02  2.889e-01  7.067e-02  5.545e+03  5.210e-05   -1.002  0.000  0.000e+00  1.378e+00  -1.000  0.003 
 2.30493  21830  21867  5385  -1.174e+02  6.661e+00  1.713e+00  5.612e+03  1.185e-03   -1.057  0.004  0.000e+00  1.481e+00  -1.000  0.003 
 2.30724  21868  21906  5385  -6.624e+01  4.693e+01  1.154e+01  5.684e+03  8.190e-03   -1.709  0.024  0.000e+00  1.062e+00  -1.000  0.002 
 2.30955  21907  21944  5369  -4.032e+01  8.026e+01  1.974e+01  5.755e+03  1.376e-02   -2.990  0.039  0.000e+00  1.242e+01  -1.000  0.025 
 2.31185  21945  21983  5376  -5.446e+01  4.145e+01  1.020e+01  5.816e+03  7.075e-03   -1.761  0.020  0.000e+00  8.078e+00  -1.000  0.016 
 2.31417  21984  22021  5378  -7.059e+00  1.708e+00  4.201e-01  5.915e+03  2.887e-04   -1.242  0.001  0.000e+00  6.954e+00  -1.000  0.013 
 2.31648  22022  22060  5382   9.643e+01  1.208e-01  3.553e-02  6.623e+03  1.823e-05   -0.999  0.000  0.000e+00  4.501e+00  -1.000  0.009 
 2.31880  22061  22098  5386   1.226e+02  1.558e+01  4.622e+00  6.359e+03  2.444e-03   -0.873  0.009  1.407e+00  2.013e+00  -0.989  0.004 
 2.32112  22099  22137  5324  -3.731e+01  6.110e+01  1.779e+01  6.965e+03  8.696e-03   -2.638  0.024  5.100e+00  9.392e+01  -1.137  0.126 
 2.32344  22138  22176  5330   1.882e+02  8.101e+01  2.409e+01  6.708e+03  1.193e-02   -0.570  0.041  9.839e+00  5.719e+01  -0.948  0.097 
 2.32576  22177  22215  5385   2.725e+02  4.848e+01  1.289e+01  6.519e+03  7.383e-03   -0.822  0.024  2.483e+00  3.198e+00  -0.991  0.006 
 2.32809  22216  22253  5377   3.170e+02  3.781e+01  9.318e+00  6.744e+03  5.576e-03   -0.881  0.017  0.000e+00  7.873e+00  -1.000  0.014 
 2.33041  22254  22292  5363   3.563e+02  4.167e+01  1.025e+01  6.896e+03  6.006e-03   -0.883  0.018  0.000e+00  2.306e+01  -1.000  0.040 
 2.33274  22293  22331  5384   4.586e+02  2.268e+01  5.582e+00  6.891e+03  3.281e-03   -0.951  0.010  0.000e+00  3.599e+00  -1.000  0.006 
 2.33508  22332  22370  5366   5.029e+02  1.983e-01  4.833e-02  7.144e+03  2.775e-05   -1.000  0.000  0.000e+00  1.413e+01  -1.000  0.024 
 2.33741  22371  22409  5343   5.151e+02  3.590e+00  8.832e-01  7.412e+03  4.841e-04   -0.993  0.001  0.000e+00  4.093e+01  -1.000  0.066 
 2.33975  22410  22448  5329   6.145e+02  1.443e-02  3.531e-03  7.902e+03  1.826e-06   -1.000  0.000  0.000e+00  4.158e+01  -1.000  0.065 
 2.34209  22449  22487  5327   3.532e+02  2.444e+00  6.000e-01  8.303e+03  2.943e-04   -0.993  0.001  0.000e+00  1.498e+02  -1.000  0.144 
 2.34443  22488  22526  5342   6.900e+02  6.540e+00  1.610e+00  7.942e+03  8.227e-04   -0.991  0.002  0.000e+00  4.306e+01  -1.000  0.064 
 2.34678  22527  22565  5357   8.084e+02  1.662e+00  4.089e-01  8.105e+03  2.050e-04   -0.998  0.001  0.000e+00  2.870e+01  -1.000  0.043 
 2.34912  22566  22604  5328   7.347e+02  7.312e+01  1.799e+01  8.750e+03  8.287e-03   -0.900  0.020  1.294e+00  1.181e+02  -0.998  0.132 
 2.35147  22605  22643  5316  -2.722e+02  3.572e+01  8.996e+00  1.128e+04  3.158e-03   -1.131  0.003  7.536e-01  5.442e+02  -1.003  0.185 
 2.35382  22644  22682  5370   1.067e+03  3.795e+01  9.367e+00  8.273e+03  4.566e-03   -0.964  0.014  1.738e+00  1.265e+01  -0.998  0.019 
 2.35618  22683  22722  5330   9.983e+02  4.075e+01  1.003e+01  8.865e+03  4.576e-03   -0.959  0.013  0.000e+00  8.651e+01  -1.000  0.115 
 2.35853  22723  22761  5325   1.055e+03  1.079e+01  2.653e+00  9.168e+03  1.176e-03   -0.990  0.003  0.000e+00  1.040e+02  -1.000  0.129 
 2.36089  22762  22800  5363   1.227e+03  2.689e-03  6.537e-04  8.632e+03  3.115e-07   -1.000  0.000  0.000e+00  2.533e+01  -1.000  0.035 
 2.36325  22801  22840  5317   9.761e+02  2.658e-02  6.540e-03  9.766e+03  2.722e-06   -1.000  0.000  0.000e+00  1.948e+02  -1.000  0.172 
 2.36562  22841  22879  5327   1.180e+03  1.271e+01  3.126e+00  9.678e+03  1.312e-03   -0.989  0.003  0.000e+00  1.465e+02  -1.000  0.138 
 2.36798  22880  22919  5315   1.205e+03  1.262e+01  3.102e+00  1.036e+04  1.217e-03   -0.990  0.003  0.000e+00  2.167e+02  -1.000  0.182 
 2.37035  22920  22958  5323   1.447e+03  3.858e+00  9.503e-01  1.181e+04  3.267e-04   -0.997  0.001  0.000e+00  1.412e+02  -1.000  0.103 
 2.37272  22959  22998  5337   1.758e+03  4.200e-02  1.033e-02  9.820e+03  4.277e-06   -1.000  0.000  0.000e+00  4.920e+01  -1.000  0.061 
 2.37509  22999  23037  5319   1.377e+03  3.379e+00  8.313e-01  1.112e+04  3.038e-04   -0.998  0.001  0.000e+00  2.534e+02  -1.000  0.171 
 2.37747  23038  23077  5308   9.669e+01  1.240e-01  3.046e-02  1.420e+04  8.731e-06   -0.999  0.000  0.000e+00  8.465e+02  -1.000  0.194 
 2.37985  23078  23116  5315   1.791e+03  4.389e+01  1.079e+01  1.118e+04  3.908e-03   -0.975  0.009  2.897e-01  2.576e+02  -1.000  0.206 
 2.38223  23117  23156  5320   5.919e+02  1.317e+01  3.240e+00  1.419e+04  9.269e-04   -0.978  0.001  7.360e-02  6.902e+02  -1.000  0.178 
 2.38461  23157  23196  5317  -2.824e+02  2.804e+01  6.909e+00  1.577e+04  1.775e-03   -1.099  0.001  2.510e-01  1.023e+03  -1.001  0.180 
 2.38699  23197  23236  5314   6.108e+02  5.279e+00  1.381e+00  1.449e+04  3.640e-04   -0.991  0.000  0.000e+00  7.371e+02  -1.000  0.180 
 2.38938  23237  23275  5320   2.368e+03  2.331e+00  5.736e-01  1.149e+04  2.028e-04   -0.999  0.001  0.000e+00  1.863e+02  -1.000  0.171 
 2.39177  23276  23315  5310   6.953e+02  3.556e+00  8.741e-01  1.532e+04  2.320e-04   -0.995  0.000  0.000e+00  7.688e+02  -1.000  0.180 
 2.39416  23316  23355  5317   2.463e+03  2.020e+01  4.971e+00  1.202e+04  1.677e-03   -0.992  0.004  0.000e+00  2.283e+02  -1.000  0.190 
 2.39655  23356  23395  5318   8.374e+02  5.112e+00  1.257e+00  1.622e+04  3.151e-04   -0.994  0.000  0.000e+00  8.938e+02  -1.000  0.186 
 2.39895  23396  23435  5314   2.205e+03  2.163e-02  5.304e-03  1.355e+04  1.596e-06   -1.000  0.000  0.000e+00  4.540e+02  -1.000  0.208 
 2.40135  23436  23475  5322   2.972e+03  2.378e-01  5.817e-02  1.226e+04  1.939e-05   -1.000  0.000  0.000e+00  2.061e+02  -1.000  0.172 
 2.40375  23476  23515  5312   1.710e+02  1.295e+01  3.189e+00  1.845e+04  7.012e-04   -0.924  0.000  0.000e+00  1.212e+03  -1.000  0.165 
 2.40616  23516  23555  5309  -8.852e+02  1.923e+01  4.729e+00  2.195e+04  8.754e-04   -1.022  0.000  0.000e+00  1.919e+03  -1.000  0.190 
 2.40856  23556  23595  5312   1.221e+03  9.971e+00  2.453e+00  1.797e+04  5.546e-04   -0.992  0.000  0.000e+00  1.142e+03  -1.000  0.197 
 2.41097  23596  23635  5311   1.781e+03  4.972e-02  1.212e-02  1.743e+04  2.852e-06   -1.000  0.000  0.000e+00  1.083e+03  -1.000  0.219 
 2.41338  23636  23676  5309   4.429e+02  5.822e+00  1.432e+00  2.099e+04  2.773e-04   -0.987  0.000  3.739e-02  1.712e+03  -1.000  0.204 
 2.41579  23677  23716  5308  -3.767e+03  5.745e+00  1.412e+00  2.982e+04  1.926e-04   -1.002  0.000  3.725e-02  3.283e+03  -1.000  0.179 
 2.41821  23717  23756  5308  -7.862e+03  6.057e+00  1.490e+00  3.865e+04  1.567e-04   -1.001  0.000  3.533e-02  4.925e+03  -1.000  0.176 
 2.42063  23757  23796  5312   3.419e+03  9.217e-03  2.264e-03  1.671e+04  5.517e-07   -1.000  0.000  0.000e+00  7.862e+02  -1.000  0.246 
 2.42305  23797  23837  5310   2.307e+03  6.395e-01  1.815e-01  1.994e+04  3.207e-05   -1.000  0.000  0.000e+00  1.290e+03  -1.000  0.220 
 2.42547  23838  23877  5308   1.505e+03  6.312e+00  1.552e+00  2.180e+04  2.895e-04   -0.996  0.000  0.000e+00  1.649e+03  -1.000  0.208 
 2.42790  23878  23918  5316   4.761e+03  7.591e-04  1.867e-04  1.503e+04  5.049e-08   -1.000  0.000  0.000e+00  3.283e+02  -1.000  0.213 
 2.43033  23919  23958  5315   4.756e+03  8.240e-02  2.028e-02  1.551e+04  5.313e-06   -1.000  0.000  0.000e+00  4.025e+02  -1.000  0.238 
 2.43276  23959  23999  5309   1.067e+03  1.274e-02  3.122e-03  2.518e+04  5.060e-07   -1.000  0.000  0.000e+00  2.269e+03  -1.000  0.229 
 2.43519  24000  24039  5306  -1.855e+04  9.161e-01  2.246e-01  6.255e+04  1.465e-05   -1.000  0.000  0.000e+00  9.225e+03  -1.000  0.169 
 2.43762  24040  24080  5300   4.861e+03  6.024e+00  1.483e+00  1.733e+04  3.475e-04   -0.999  0.001  0.000e+00  6.474e+02  -1.000  0.308 
 2.44006  24081  24121  5313   5.178e+03  4.892e+00  1.202e+00  1.662e+04  2.943e-04   -0.999  0.001  0.000e+00  4.465e+02  -1.000  0.248 
 2.44250  24122  24161  5308   3.334e+03  8.001e+00  1.969e+00  2.243e+04  3.566e-04   -0.998  0.000  0.000e+00  1.611e+03  -1.000  0.270 
 2.44494  24162  24202  5305  -8.010e+03  9.492e-01  2.334e-01  4.486e+04  2.116e-05   -1.000  0.000  0.000e+00  5.962e+03  -1.000  0.187 
 2.44739  24203  24243  5304  -4.064e+03  5.403e-01  1.326e-01  3.843e+04  1.406e-05   -1.000  0.000  8.490e-20  4.640e+03  -1.000  0.203 
 2.44984  24244  24284  5306  -1.583e+04  7.068e+00  1.739e+00  6.117e+04  1.155e-04   -1.000  0.000  3.836e-03  8.978e+03  -1.000  0.178 
 2.45229  24285  24324  5304   1.885e+02  3.187e+00  7.841e-01  3.270e+04  9.744e-05   -0.983  0.000  6.650e-03  3.607e+03  -1.000  0.257 
 2.45474  24325  24365  5302  -2.174e+03  4.143e-02  1.019e-02  3.552e+04  1.166e-06   -1.000  0.000  4.117e-07  3.920e+03  -1.000  0.203 
 2.45719  24366  24406  5300   5.587e+03  2.374e+00  5.837e-01  2.040e+04  1.164e-04   -1.000  0.000  0.000e+00  9.085e+02  -1.000  0.326 
 2.45965  24407  24447  5300   5.137e+03  8.902e-01  2.190e-01  2.267e+04  3.927e-05   -1.000  0.000  0.000e+00  1.377e+03  -1.000  0.346 
 2.46211  24448  24488  5299  -1.049e+04  1.600e-01  4.752e-02  5.406e+04  2.960e-06   -1.000  0.000  0.000e+00  7.554e+03  -1.000  0.188 
 2.46457  24489  24529  5308   2.666e+03  2.034e-01  6.017e-02  2.929e+04  6.944e-06   -1.000  0.000  0.000e+00  2.547e+03  -1.000  0.247 
 2.46704  24530  24570  5306  -8.078e+02  4.923e-01  1.211e-01  3.785e+04  1.301e-05   -1.001  0.000  0.000e+00  4.289e+03  -1.000  0.228 
 2.46950  24571  24611  5302   4.608e+03  1.721e+00  4.231e-01  2.959e+04  5.813e-05   -1.000  0.000  0.000e+00  2.730e+03  -1.000  0.354 
 2.47197  24612  24653  5304  -3.047e+04  4.624e-02  1.138e-02  9.169e+04  5.044e-07   -1.000  0.000  0.000e+00  1.439e+04  -1.000  0.164 
 2.47444  24654  24694  5304   1.947e+03  1.841e+00  4.528e-01  3.536e+04  5.206e-05   -0.999  0.000  0.000e+00  3.750e+03  -1.000  0.286 
 2.47692  24695  24735  5305  -2.537e+02  8.141e-01  2.002e-01  4.091e+04  1.990e-05   -1.003  0.000  0.000e+00  4.865e+03  -1.000  0.252 
 2.47940  24736  24749  5304   2.458e+03  4.727e-03  1.167e-03  4.116e+04  1.149e-07   -1.000  0.000  0.000e+00  4.943e+03  -1.000  0.291 
