# Paranal Airglow Line And Continuum Emission (PALACE) model: data and code of
# v1.0 (Noll et al. 2024)
# 
# Intensity time series of KI0770 (see pmd_climfeat.dat) for intervals of
# 30 min of UVES data
# 
# Column names:
# bin: unique number of half-hourly bin
# fbin: fraction of bin (summed exposure time divided by 30 min)
# N: number of combined exposures
# year: year
# DOY: day of year
# LT: weighted local time for combined exposures in hours (for longitude of
#     Cerro Paranal)
# MJD: Modified Julian Date for LT
# S27d: solar radio flux averaged for 27 days in solar flux units (sfu)
# I: intensity in R (source: noll+19)
# 
    bin   fbin  N    year  DOY     LT        MJD   S27d          I 
   4374  1.222  1    2009   91  20.16  54923.035  201.2  4.812e-01 
   5380  0.333  1    2009  112  19.46  54944.007  175.4  5.107e-01 
   5381  0.333  1    2009  112  19.65  54944.014  175.4  5.718e-01 
   5427  0.750  1    2009  113  18.97  54944.986  173.6  4.602e-01 
   5428  0.750  1    2009  113  19.36  54945.002  173.5  6.786e-01 
   5429  0.750  1    2009  113  19.89  54945.024  173.5  6.361e-01 
   5430  0.750  1    2009  113  20.28  54945.041  173.5  6.081e-01 
   5476  1.222  1    2009  114  19.46  54946.006  171.8  6.059e-01 
   5478  1.222  1    2009  114  20.09  54946.032  171.7  5.437e-01 
   5479  0.917  1    2009  114  20.77  54946.061  171.7  3.843e-01 
   5480  0.917  1    2009  114  21.25  54946.081  171.6  3.209e-01 
   5481  0.572  1    2009  114  21.75  54946.102  171.6  3.652e-01 
   5482  0.500  1    2009  114  22.13  54946.118  171.6  4.310e-01 
   5483  1.017  2    2009  114  22.71  54946.142  171.5  4.292e-01 
   5484  1.194  1    2009  114  23.44  54946.172  171.5  2.475e-01 
   5487  0.889  1    2009  115   0.68  54946.224  171.4  2.873e-01 
   6771  0.750  1    2009  141  18.77  54972.978  198.1  6.236e-01 
   6772  0.750  1    2009  141  19.16  54972.994  198.1  5.846e-01 
   6819  0.667  2    2009  142  18.83  54973.980  199.4  1.059e+00 
   6821  0.750  1    2009  142  19.78  54974.020  199.5  9.867e-01 
   6868  1.222  1    2009  143  19.08  54974.991  200.7  6.774e-01 
   6869  1.222  1    2009  143  19.71  54975.017  200.7  7.811e-01 
   6932  1.333  1    2009  145   3.02  54976.321  201.6  8.812e-01 
   6933  1.333  1    2009  145   3.70  54976.350  201.6  1.088e+00 
   6976  1.333  1    2009  146   1.03  54977.239  201.8  8.800e-01 
   6977  1.333  1    2009  146   1.99  54977.279  201.8  6.854e-01 
   6979  1.333  1    2009  146   2.68  54977.307  201.8  6.913e-01 
   6982  1.333  1    2009  146   4.26  54977.373  201.9  9.463e-01 
   7157  2.000  1    2009  149  19.80  54981.021  197.3  1.358e+00 
   7159  2.000  1    2009  149  20.85  54981.064  197.2  6.192e-01 
   7161  2.000  1    2009  149  21.95  54981.110  197.1  8.488e-01 
   7163  2.000  1    2009  149  23.00  54981.154  197.0  4.552e-01 
   7204  2.000  1    2009  150  19.05  54981.989  195.2  9.857e-01 
   7208  2.000  1    2009  150  21.25  54982.081  195.0  1.286e+00 
   7222  2.333  1    2009  151   4.48  54982.382  194.2  2.380e+00 
   7256  2.000  1    2009  151  21.18  54983.078  192.6  4.416e-01 
   7258  2.000  1    2009  151  22.22  54983.121  192.5  7.392e-01 
   7260  2.000  1    2009  151  23.24  54983.164  192.4  1.001e+00 
   7262  2.000  1    2009  152   0.29  54983.208  192.3  1.601e+00 
   7264  1.000  1    2009  152   1.06  54983.240  192.2  2.073e+00 
   7655  2.333  1    2009  160   4.66  54991.390  182.0  1.396e+00 
   7800  2.000  1    2009  163   5.05  54994.406  183.6  1.709e+00 
   7848  2.000  1    2009  164   5.12  54995.409  184.4  1.437e+00 
  13500  2.000  1    2009  281  23.15  55113.160  175.1  6.498e-01 
  13502  2.000  1    2009  282   0.16  55113.202  174.9  5.301e-01 
  13509  2.500  1    2009  282   3.65  55113.348  174.6  8.086e-01 
  13553  2.000  1    2009  283   1.85  55114.273  172.2  4.372e-01 
  13555  2.000  1    2009  283   2.98  55114.320  172.1  5.459e-01 
  14646  2.000  1    2009  305  20.32  55137.042  169.7  4.476e-01 
  14648  2.000  1    2009  305  21.34  55137.085  169.7  2.672e-01 
  14650  2.000  1    2009  305  22.36  55137.127  169.7  2.160e-01 
  14652  2.000  1    2009  305  23.38  55137.170  169.7  3.396e-01 
  15318  2.000  1    2009  319  20.23  55151.038  173.5  1.140e+00 
  15320  2.000  1    2009  319  21.25  55151.081  173.4  1.294e+00 
  15324  2.000  1    2009  319  23.37  55151.169  173.4  1.270e+00 
  15328  2.000  1    2009  320   1.23  55151.247  173.4  1.249e+00 
  15330  2.000  1    2009  320   2.25  55151.289  173.4  1.127e+00 
  15514  2.000  1    2009  323  22.03  55155.113  171.8  7.918e-01 
  16758  2.000  1    2009  349  20.44  55181.047  167.4  6.104e-01 
  16760  2.000  1    2009  349  21.46  55181.090  167.4  5.596e-01 
  16814  2.000  1    2009  351   0.48  55182.215  167.5  8.199e-01 
  16861  1.151  1    2009  351  23.93  55183.193  168.1  6.838e-01 
  17098  2.000  1    2009  356  22.22  55188.121  172.4  2.973e-01 
  17100  2.000  1    2009  356  23.24  55188.164  172.5  3.189e-01 
  17102  2.000  1    2009  357   0.37  55188.211  172.5  5.865e-01 
  17104  2.000  1    2009  357   1.44  55188.256  172.6  5.111e-01 
  17675  2.500  1    2010    3  22.77  55200.144  173.1  3.765e-01 
  17685  1.667  1    2010    4   3.66  55200.348  172.8  1.224e+00 
  17827  2.000  1    2010    7   2.83  55203.313  168.6  5.226e-01 
  18151  0.798  1    2010   13  20.98  55210.070  162.5  8.306e-01 
  18203  2.000  1    2010   14  22.56  55211.135  162.0  4.019e-01 
  18299  1.623  1    2010   16  22.70  55213.141  161.8  3.339e-01 
  18309  2.000  1    2010   17   3.72  55213.351  161.7  4.479e-01 
  19691  2.000  1    2010   45  22.61  55242.138  144.1  4.798e-01 
  20646  2.000  1    2010   65  20.05  55262.031  143.2  4.100e-01 
  20657  2.000  1    2010   66   1.92  55262.276  143.2  1.615e+00 
  22581  2.000  1    2010  106   3.75  55302.352  176.6  3.313e-01 
  22583  2.000  1    2010  106   4.77  55302.394  176.5  2.967e-01 
  22624  2.000  1    2010  107   1.43  55303.255  174.9  7.791e-01 
  22626  2.000  1    2010  107   2.46  55303.298  174.9  1.404e+00 
  22629  2.000  1    2010  107   3.57  55303.344  174.8  1.034e+00 
  22631  2.000  1    2010  107   4.59  55303.387  174.8  1.292e+00 
  23388  2.000  1    2010  122  23.04  55319.155  168.6  4.016e-01 
  23427  0.333  1    2010  123  18.99  55319.987  168.9  6.748e-01 
  23443  2.000  1    2010  124   2.86  55320.315  168.8  3.561e-01 
  23775  0.500  1    2010  131   0.72  55327.225  158.3  2.071e+00 
  23816  1.111  1    2010  131  21.11  55328.075  157.3  3.440e-01 
  23817  1.111  1    2010  131  21.71  55328.100  157.3  4.350e-01 
  23820  1.111  1    2010  131  23.02  55328.155  157.2  2.996e-01 
  23821  1.111  1    2010  131  23.64  55328.180  157.2  3.860e-01 
  23865  2.000  1    2010  132  21.81  55329.104  156.5  1.427e+00 
  23867  2.000  1    2010  132  22.83  55329.147  156.5  1.188e+00 
  23875  2.000  1    2010  133   2.53  55329.301  156.3  8.527e-01 
  23879  2.000  1    2010  133   4.68  55329.390  156.3  9.085e-01 
  23880  0.333  1    2010  133   5.38  55329.420  156.2  1.349e+00 
  23975  0.667  2    2010  135   4.69  55331.391  153.4  9.242e-01 
  25110  0.333  1    2010  158  20.14  55355.035  170.6  6.861e-01 
  25115  0.333  1    2010  158  22.96  55355.152  170.7  4.698e-01 
  25156  1.000  2    2010  159  19.25  55355.998  171.7  9.920e-01 
  25157  0.667  2    2010  159  19.83  55356.022  171.8  7.981e-01 
  25594  2.000  1    2010  168  22.34  55365.126  183.6  8.166e-01 
  25596  2.000  1    2010  168  23.36  55365.169  183.6  7.664e-01 
  25686  2.111  1    2010  170  20.11  55367.034  182.6  7.618e-01 
  25696  1.367  1    2010  171   1.23  55367.247  182.5  4.939e-01 
  25782  1.771  1    2010  172  20.45  55369.048  180.8  6.933e-01 
  25785  2.000  1    2010  172  21.66  55369.098  180.7  8.192e-01 
  25793  1.333  1    2010  173   1.66  55369.265  180.5  7.501e-01 
  25796  2.000  1    2010  173   3.25  55369.331  180.4  8.140e-01 
  25798  2.000  1    2010  173   4.27  55369.373  180.3  8.731e-01 
  25828  2.167  1    2010  173  19.19  55369.995  179.3  1.091e+00 
  25839  1.333  1    2010  174   0.77  55370.228  178.7  7.342e-01 
  25876  2.111  1    2010  174  19.39  55371.004  176.9  1.129e+00 
  25885  2.000  1    2010  174  23.99  55371.195  176.5  1.112e+00 
  25888  2.000  1    2010  175   1.11  55371.242  176.4  1.171e+00 
  25890  2.000  1    2010  175   2.12  55371.284  176.3  1.155e+00 
  25892  2.000  1    2010  175   3.22  55371.330  176.2  1.478e+00 
  25894  2.000  1    2010  175   4.23  55371.372  176.1  1.122e+00 
  25925  2.000  1    2010  175  19.66  55372.015  174.7  8.785e-01 
  25927  2.500  1    2010  175  20.90  55372.066  174.6  5.645e-01 
  25936  1.333  1    2010  176   1.30  55372.250  174.3  4.266e-01 
  25943  1.500  1    2010  176   4.54  55372.385  174.1  1.165e+00 
  25972  0.667  2    2010  176  19.16  55372.994  173.1  1.446e+00 
  25973  0.667  2    2010  176  19.64  55373.014  173.1  1.398e+00 
  25974  0.667  2    2010  176  20.24  55373.039  173.0  1.505e+00 
  25975  0.667  2    2010  176  20.69  55373.058  173.0  1.966e+00 
  25976  0.667  2    2010  176  21.17  55373.078  173.0  1.942e+00 
  26024  0.500  1    2010  177  21.26  55374.081  171.6  6.953e-01 
  26129  1.333  1    2010  180   1.85  55376.273  167.6  1.117e+00 
  26132  2.000  1    2010  180   3.24  55376.330  167.4  2.113e+00 
  26182  2.000  1    2010  181   4.17  55377.369  164.9  2.456e+00 
  26183  0.333  1    2010  181   4.88  55377.399  164.9  2.987e+00 
  26184  0.333  1    2010  181   5.06  55377.406  164.9  3.675e+00 
  26455  0.500  1    2010  186  20.93  55383.068  151.3  9.664e-01 
  26456  0.500  1    2010  186  21.19  55383.079  151.2  1.077e+00 
  26884  2.500  1    2010  195  19.48  55392.007  138.5  7.597e-01 
  26887  2.000  1    2010  195  20.75  55392.060  138.4  5.479e-01 
  26889  2.000  1    2010  195  21.83  55392.105  138.4  7.289e-01 
  26900  2.000  1    2010  196   3.45  55392.339  138.3  1.120e+00 
  26903  2.000  1    2010  196   4.51  55392.384  138.2  1.042e+00 
  26932  2.500  1    2010  196  19.32  55393.001  137.8  1.350e+00 
  26934  0.667  2    2010  196  20.27  55393.040  137.8  1.443e+00 
  26935  0.667  2    2010  196  20.72  55393.059  137.8  1.277e+00 
  26936  1.000  3    2010  196  21.26  55393.081  137.8  1.175e+00 
  26937  0.333  1    2010  196  21.66  55393.098  137.8  1.113e+00 
  26942  0.500  1    2010  197   0.47  55393.215  137.7  5.331e-01 
  26948  0.667  2    2010  197   3.11  55393.325  137.6  8.898e-01 
  26949  2.000  1    2010  197   3.91  55393.358  137.6  7.793e-01 
  26952  2.000  1    2010  197   5.06  55393.406  137.5  7.392e-01 
  26993  0.667  2    2010  198   1.66  55394.265  136.9  9.702e-01 
  26994  0.667  2    2010  198   2.22  55394.288  136.9  1.038e+00 
  26995  0.667  2    2010  198   2.67  55394.307  136.9  8.941e-01 
  26996  1.000  3    2010  198   3.23  55394.330  136.9  7.898e-01 
  26997  0.667  2    2010  198   3.80  55394.354  136.8  7.335e-01 
  26998  0.667  2    2010  198   4.28  55394.374  136.8  7.265e-01 
  26999  0.333  1    2010  198   4.62  55394.388  136.8  7.016e-01 
  27028  2.703  1    2010  198  19.49  55395.008  136.4  7.223e-01 
  27043  0.456  1    2010  199   2.70  55395.308  136.2  5.671e-01 
  27048  1.156  1    2010  199   5.32  55395.417  136.1  7.854e-01 
  27138  2.800  1    2010  201   2.21  55397.288  135.4  8.755e-01 
  27143  2.000  1    2010  201   4.94  55397.401  135.4  1.834e+00 
  27172  2.750  1    2010  201  19.35  55398.002  135.5  1.543e+00 
  27188  2.000  1    2010  202   3.44  55398.339  135.5  1.199e+00 
  27221  2.750  1    2010  202  19.55  55399.010  135.7  5.955e-01 
  27226  2.800  1    2010  202  22.30  55399.125  135.7  4.652e-01 
  27239  0.333  1    2010  203   4.93  55399.401  135.9  2.203e+00 
  27240  0.333  1    2010  203   5.11  55399.409  135.9  2.191e+00 
  27268  0.667  2    2010  203  19.23  55399.997  136.2  8.173e-01 
  27269  0.333  1    2010  203  19.63  55400.013  136.2  1.047e+00 
  27270  0.333  1    2010  203  20.37  55400.044  136.3  1.153e+00 
  27287  2.000  1    2010  204   4.88  55400.399  136.6  6.879e-01 
  27325  3.000  1    2010  204  23.76  55401.186  137.3  6.449e-01 
  27334  3.000  1    2010  205   4.45  55401.381  137.5  1.284e+00 
  27375  2.800  1    2010  206   0.80  55402.229  138.4  6.065e-01 
  27383  2.000  1    2010  206   4.52  55402.384  138.6  8.899e-01 
  27414  1.000  2    2010  206  20.21  55403.038  139.4  8.170e-01 
  27415  0.333  1    2010  206  20.65  55403.056  139.4  1.022e+00 
  27416  0.667  2    2010  206  21.18  55403.078  139.5  9.841e-01 
  27417  1.000  3    2010  206  21.73  55403.101  139.5  1.088e+00 
  27418  0.333  1    2010  206  22.14  55403.118  139.5  1.014e+00 
  27423  1.000  2    2010  207   0.70  55403.225  139.7  1.175e+00 
  27424  0.667  2    2010  207   1.23  55403.247  139.7  9.338e-01 
  27466  1.000  2    2010  207  22.25  55404.123  140.8  7.021e-01 
  27514  0.333  1    2010  208  22.36  55405.127  142.0  1.244e+00 
  27515  0.333  1    2010  208  22.54  55405.135  142.0  1.150e+00 
  27516  0.456  1    2010  208  23.07  55405.157  142.0  9.597e-01 
  27522  2.000  1    2010  209   2.07  55405.282  142.2  1.456e+00 
  27524  2.000  1    2010  209   3.09  55405.324  142.2  1.803e+00 
  28088  2.000  1    2010  220  21.07  55417.074  147.4  1.548e+00 
  28138  2.000  1    2010  221  22.21  55418.121  148.6  1.037e+00 
  28185  2.000  1    2010  222  21.82  55419.105  150.1  1.113e+00 
  28234  2.000  1    2010  223  22.42  55420.130  152.0  8.021e-01 
  28241  2.000  1    2010  224   1.96  55420.277  152.3  4.452e-01 
  28277  3.000  1    2010  224  19.80  55421.021  154.1  5.800e-01 
  28280  2.000  1    2010  224  21.08  55421.074  154.3  7.055e-01 
  28282  2.000  1    2010  224  22.21  55421.121  154.4  7.600e-01 
  28286  2.000  1    2010  225   0.44  55421.214  154.7  6.341e-01 
  28288  2.000  1    2010  225   1.46  55421.256  154.9  6.718e-01 
  28327  0.667  2    2010  225  20.78  55422.062  157.3  7.256e-01 
  28328  0.667  2    2010  225  21.23  55422.080  157.3  7.436e-01 
  28329  0.667  2    2010  225  21.67  55422.099  157.4  5.602e-01 
  28330  0.667  2    2010  225  22.11  55422.117  157.4  5.595e-01 
  28331  0.500  1    2010  225  22.78  55422.145  157.5  5.540e-01 
  28335  2.000  1    2010  226   0.68  55422.224  157.7  1.044e+00 
  28337  2.000  1    2010  226   1.74  55422.268  157.8  7.521e-01 
  28339  2.000  1    2010  226   2.96  55422.319  158.0  6.820e-01 
  28342  2.000  1    2010  226   4.02  55422.363  158.1  7.583e-01 
  28429  2.000  1    2010  227  24.00  55424.195  163.3  8.996e-01 
  28432  2.000  1    2010  228   1.08  55424.240  163.4  8.203e-01 
  28434  2.000  1    2010  228   2.23  55424.288  163.6  7.518e-01 
  28436  2.000  1    2010  228   3.30  55424.333  163.7  6.784e-01 
  28478  2.000  1    2010  229   0.06  55425.198  166.2  4.916e-01 
  28482  2.000  1    2010  229   2.28  55425.290  166.5  6.138e-01 
  28524  2.000  1    2010  229  23.33  55426.168  168.8  3.338e-01 
  28526  2.000  1    2010  230   0.34  55426.210  169.0  3.328e-01 
  28579  2.250  1    2010  231   2.58  55427.303  171.2  8.879e-01 
  28581  1.667  1    2010  231   3.65  55427.348  171.3  1.458e+00 
  28582  0.333  1    2010  231   4.41  55427.379  171.3  1.661e+00 
  28583  0.333  1    2010  231   4.59  55427.387  171.3  1.420e+00 
  28622  2.000  1    2010  232   0.49  55428.216  172.4  8.109e-01 
  28862  2.000  1    2010  237   0.48  55433.216  179.5  1.016e+00 
  28868  2.000  1    2010  237   3.30  55433.333  179.8  1.170e+00 
  28870  2.000  1    2010  237   4.41  55433.379  179.9  1.776e+00 
  28909  1.701  1    2010  237  24.00  55434.195  181.7  6.718e-01 
  28916  2.600  1    2010  238   3.29  55434.333  182.0  1.497e+00 
  29687  1.500  1    2010  254   4.62  55450.388  221.6  1.010e+00 
  29828  2.600  1    2010  257   3.17  55453.328  229.8  7.562e-01 
  29973  2.000  1    2010  260   3.60  55456.346  238.9  5.227e-01 
  30017  2.000  1    2010  261   1.60  55457.262  240.4  5.750e-01 
  30117  2.600  1    2010  263   3.76  55459.352  240.6  1.317e+00 
  30166  2.600  1    2010  264   4.01  55460.363  239.5  1.055e+00 
  30205  2.000  1    2010  264  23.95  55461.194  238.4  6.319e-01 
  30210  1.333  1    2010  265   2.37  55461.294  238.2  9.043e-01 
  30212  1.333  1    2010  265   3.05  55461.322  238.2  1.139e+00 
  30252  2.000  1    2010  265  23.40  55462.171  236.4  6.387e-01 
  30254  2.000  1    2010  266   0.41  55462.213  236.3  6.695e-01 
  30256  2.000  1    2010  266   1.46  55462.257  236.2  6.221e-01 
  30258  2.000  1    2010  266   2.48  55462.299  236.0  7.539e-01 
  30261  2.000  1    2010  266   3.78  55462.353  235.9  9.882e-01 
  30305  2.600  1    2010  267   1.76  55463.269  233.6  6.194e-01 
  30308  2.600  1    2010  267   3.15  55463.327  233.4  7.540e-01 
  30346  0.900  1    2010  267  22.40  55464.129  231.5  8.154e-01 
  30348  1.239  1    2010  267  23.02  55464.155  231.4  1.004e+00 
  30349  0.861  1    2010  267  23.62  55464.180  231.4  6.963e-01 
  30350  0.861  1    2010  268   0.07  55464.198  231.3  1.038e+00 
  30351  0.861  1    2010  268   0.59  55464.220  231.3  1.039e+00 
  30352  1.722  2    2010  268   1.26  55464.248  231.2  1.155e+00 
  30355  0.858  1    2010  268   2.90  55464.316  231.0  1.304e+00 
  30356  1.021  1    2010  268   3.47  55464.340  230.9  9.864e-01 
  30358  0.972  1    2010  268   4.04  55464.364  230.9  1.371e+00 
  30922  1.000  1    2010  279  22.28  55476.124  214.8  5.509e-01 
  30923  1.000  1    2010  279  22.81  55476.146  214.8  6.235e-01 
  30925  0.537  1    2010  279  23.99  55476.195  214.8  7.236e-01 
  30973  0.889  1    2010  280  23.86  55477.190  214.3  7.973e-01 
  30974  0.889  1    2010  281   0.32  55477.209  214.3  7.616e-01 
  30975  0.889  1    2010  281   0.78  55477.228  214.3  6.690e-01 
  30976  0.500  1    2010  281   1.23  55477.247  214.3  5.430e-01 
  31118  2.000  1    2010  284   0.40  55480.212  209.2  1.052e+00 
  31120  2.000  1    2010  284   1.42  55480.255  209.1  1.151e+00 
  31360  2.000  1    2010  289   1.04  55485.239  204.8  3.494e-01 
  31362  2.000  1    2010  289   2.13  55485.284  204.8  4.039e-01 
  31364  2.889  1    2010  289   3.43  55485.339  204.8  4.987e-01 
  32122  0.500  1    2010  304  22.49  55501.133  231.3  2.652e-01 
  32310  1.000  1    2010  308  20.10  55505.033  227.6  8.296e-01 
  32654  0.667  2    2010  316   0.17  55512.203  214.3  1.182e+00 
  32657  0.500  1    2010  316   1.84  55512.272  214.2  1.383e+00 
  32658  0.889  1    2010  316   2.31  55512.292  214.1  1.435e+00 
  32659  0.889  1    2010  316   2.77  55512.311  214.1  1.895e+00 
  32660  0.889  1    2010  316   3.23  55512.330  214.1  1.405e+00 
  32661  0.750  1    2010  316   3.73  55512.351  214.0  1.173e+00 
  32934  2.000  1    2010  321  20.32  55518.042  206.8  4.775e-01 
  32936  2.000  1    2010  321  21.35  55518.085  206.8  4.232e-01 
  32938  2.000  1    2010  321  22.40  55518.129  206.8  4.170e-01 
  32940  2.000  1    2010  321  23.42  55518.171  206.8  3.995e-01 
  32986  2.000  1    2010  322  22.46  55519.132  206.9  3.058e-01 
  32989  2.000  1    2010  322  23.51  55519.175  206.9  2.785e-01 
  32991  2.000  1    2010  323   0.57  55519.219  206.9  3.972e-01 
  33030  1.000  1    2010  323  20.02  55520.030  206.7  6.306e-01 
  33031  1.000  1    2010  323  20.56  55520.052  206.7  4.425e-01 
  33032  2.000  1    2010  323  21.41  55520.088  206.7  4.298e-01 
  33034  2.000  1    2010  323  22.43  55520.130  206.7  3.970e-01 
  33037  2.000  1    2010  323  23.64  55520.181  206.8  3.813e-01 
  33039  2.000  1    2010  324   0.66  55520.223  206.8  4.764e-01 
  33090  0.750  1    2010  325   2.47  55521.298  206.9  6.189e-01 
  33091  0.750  1    2010  325   2.86  55521.315  206.9  6.658e-01 
  33183  2.000  1    2010  327   0.94  55523.235  205.2  7.333e-01 
  33185  2.000  1    2010  327   1.96  55523.277  205.2  3.989e-01 
  33231  0.500  1    2010  328   0.88  55524.232  204.5  7.375e-01 
  33284  0.500  1    2010  329   3.38  55525.337  203.5  4.063e-01 
  34192  1.500  2    2010  348   1.20  55544.245  222.7  9.061e-01 
  34195  0.667  1    2010  348   2.91  55544.317  222.9  9.030e-01 
  34230  1.333  1    2010  348  20.20  55545.037  224.2  5.724e-01 
  34231  1.333  1    2010  348  20.89  55545.066  224.2  6.194e-01 
  34237  2.000  1    2010  348  23.93  55545.193  224.4  3.774e-01 
  34239  2.000  1    2010  349   0.95  55545.235  224.5  4.717e-01 
  34327  1.067  1    2010  350  20.93  55547.068  227.1  6.300e-01 
  34333  2.000  1    2010  350  23.72  55547.184  227.2  6.604e-01 
  34339  0.333  1    2010  351   2.80  55547.312  227.3  1.180e+00 
  34471  1.667  1    2010  353  20.71  55550.058  228.4  5.850e-01 
  34473  2.000  1    2010  353  21.76  55550.102  228.3  7.266e-01 
  34475  2.000  1    2010  353  22.77  55550.144  228.3  7.271e-01 
  34526  2.000  1    2010  355   0.04  55551.197  228.0  6.892e-01 
  34528  2.000  1    2010  355   1.06  55551.240  228.0  8.219e-01 
  34615  2.000  1    2010  356  20.89  55553.066  227.3  2.101e-01 
  34620  2.000  1    2010  356  23.47  55553.173  227.3  3.727e-01 
  34622  2.000  1    2010  357   0.49  55553.216  227.3  4.594e-01 
  35341  0.889  1    2011    6  23.85  55568.189  224.8  5.848e-01 
  35342  0.889  1    2011    7   0.31  55568.208  224.8  5.114e-01 
  35343  0.889  1    2011    7   0.77  55568.228  224.8  4.047e-01 
  35347  0.889  1    2011    7   2.60  55568.304  224.7  3.568e-01 
  35383  2.000  1    2011    7  20.72  55569.059  223.5  2.657e-01 
  35385  2.000  1    2011    7  21.74  55569.101  223.4  2.695e-01 
  35387  2.000  1    2011    7  22.87  55569.148  223.3  5.505e-01 
  35389  2.000  1    2011    7  23.99  55569.195  223.2  6.606e-01 
  35392  2.111  1    2011    8   1.22  55569.246  223.1  5.935e-01 
  35397  0.500  1    2011    8   3.72  55569.350  222.9  1.724e+00 
  35672  1.067  1    2011   13  21.06  55575.073  215.6  2.768e-01 
  35685  0.333  1    2011   14   3.97  55575.361  215.7  6.314e-01 
  35686  0.333  1    2011   14   4.15  55575.368  215.7  6.618e-01 
  35718  1.067  1    2011   14  20.41  55576.046  215.9  4.518e-01 
  35729  1.833  1    2011   15   1.75  55576.268  215.9  8.571e-01 
  35731  2.000  1    2011   15   2.76  55576.311  215.9  7.284e-01 
  35733  0.880  1    2011   15   3.54  55576.343  215.9  8.498e-01 
  35767  2.667  1    2011   15  20.70  55577.058  216.2  2.780e-01 
  35778  2.000  1    2011   16   2.35  55577.294  216.5  5.885e-01 
  35780  1.667  1    2011   16   3.43  55577.339  216.5  6.516e-01 
  35814  2.000  1    2011   16  20.42  55578.046  217.3  4.439e-01 
  35816  2.000  1    2011   16  21.44  55578.089  217.3  5.005e-01 
  35827  2.000  1    2011   17   2.51  55578.300  217.5  1.198e+00 
  35829  2.000  1    2011   17   3.53  55578.343  217.6  1.198e+00 
  35864  2.000  1    2011   17  21.46  55579.090  218.5  2.866e-01 
  35866  2.000  1    2011   17  22.48  55579.132  218.5  3.570e-01 
  35871  0.611  1    2011   18   0.90  55579.233  218.7  3.784e-01 
  35872  0.611  1    2011   18   1.22  55579.247  218.7  4.475e-01 
  35873  0.611  1    2011   18   1.89  55579.274  218.7  4.714e-01 
  35874  0.611  1    2011   18   2.30  55579.291  218.7  4.328e-01 
  35875  1.222  2    2011   18   2.79  55579.312  218.8  3.784e-01 
  35876  0.611  1    2011   18   3.29  55579.333  218.8  3.287e-01 
  35877  1.222  2    2011   18   3.80  55579.354  218.8  2.913e-01 
  35916  2.667  1    2011   18  23.39  55580.170  219.8  3.031e-01 
  35923  0.611  1    2011   19   2.80  55580.312  219.9  5.320e-01 
  35924  1.222  2    2011   19   3.30  55580.333  219.9  5.145e-01 
  35925  0.611  1    2011   19   3.79  55580.354  219.9  5.148e-01 
  36018  0.333  1    2011   21   2.36  55582.294  222.3  8.204e-01 
  36055  1.000  1    2011   21  20.53  55583.051  223.6  1.863e-01 
  36066  2.000  1    2011   22   2.24  55583.289  223.9  2.729e-01 
  36068  2.000  1    2011   22   3.27  55583.332  224.0  2.617e-01 
  36103  1.000  1    2011   22  20.58  55584.053  225.1  2.975e-01 
  36114  2.000  1    2011   23   2.38  55584.295  225.4  8.550e-01 
  36116  2.000  1    2011   23   3.39  55584.337  225.5  6.808e-01 
  36151  1.000  1    2011   23  20.64  55585.056  226.1  2.812e-01 
  36200  1.067  1    2011   24  21.23  55586.080  225.7  2.508e-01 
  36205  0.611  1    2011   24  23.93  55586.192  225.6  2.510e-01 
  36206  0.611  1    2011   25   0.25  55586.206  225.6  3.056e-01 
  36207  1.222  2    2011   25   0.75  55586.227  225.6  6.154e-01 
  36638  0.611  1    2011   34   0.26  55595.207  218.9  4.856e-01 
  36639  1.222  2    2011   34   0.76  55595.227  218.9  4.121e-01 
  36640  0.611  1    2011   34   1.25  55595.248  218.9  3.880e-01 
  36735  0.611  1    2011   36   0.80  55597.229  217.1  4.289e-01 
  36736  1.222  2    2011   36   1.29  55597.249  217.1  3.149e-01 
  36737  0.611  1    2011   36   1.79  55597.270  217.1  3.576e-01 
  36924  0.500  1    2011   39  23.41  55601.171  212.4  5.077e-01 
  37064  2.889  1    2011   42  21.08  55604.074  206.8  3.257e-01 
  37111  2.278  1    2011   43  20.81  55605.063  204.6  2.766e-01 
  37117  0.333  1    2011   43  23.64  55605.181  204.4  5.348e-01 
  37159  2.889  1    2011   44  20.79  55606.062  202.9  3.484e-01 
  37166  0.611  1    2011   45   0.24  55606.205  202.6  6.545e-01 
  37167  1.222  2    2011   45   0.73  55606.226  202.6  5.062e-01 
  37168  0.611  1    2011   45   1.23  55606.247  202.6  8.814e-01 
  37207  2.889  1    2011   45  20.89  55607.066  201.2  4.274e-01 
  37212  0.333  1    2011   45  23.25  55607.164  201.1  6.547e-01 
  37214  2.278  1    2011   46   0.04  55607.197  201.0  6.417e-01 
  37305  2.278  1    2011   47  21.62  55609.097  198.2  3.847e-01 
  37404  3.000  1    2011   49  23.47  55611.173  194.8  3.753e-01 
  37459  2.000  1    2011   51   2.62  55612.305  192.9  5.840e-01 
  37461  2.000  1    2011   51   3.64  55612.347  192.8  5.512e-01 
  37510  0.333  1    2011   52   4.43  55613.380  191.5  8.014e-01 
  37545  0.417  1    2011   52  21.67  55614.098  190.9  2.042e-01 
  37547  3.000  1    2011   52  22.64  55614.139  190.9  4.929e-01 
  38127  0.500  1    2011   65   0.50  55626.217  184.8  7.205e-01 
  38128  2.667  1    2011   65   1.41  55626.254  184.8  6.902e-01 
  38131  2.667  1    2011   65   2.77  55626.311  184.8  4.431e-01 
  38167  0.833  2    2011   65  20.77  55627.061  184.5  4.468e-01 
  38173  0.992  1    2011   65  23.57  55627.178  184.5  6.623e-01 
  38174  0.992  1    2011   66   0.11  55627.200  184.4  4.562e-01 
  38265  0.559  1    2011   67  21.75  55629.102  183.5  6.805e-01 
  38316  2.889  1    2011   68  23.36  55630.169  183.0  6.607e-01 
  38319  1.743  1    2011   69   0.55  55630.219  182.9  8.068e-01 
  38939  0.992  1    2011   81  22.67  55643.140  182.3  8.682e-01 
  38940  0.992  1    2011   81  23.21  55643.163  182.3  9.940e-01 
  38942  2.958  1    2011   82   0.47  55643.215  182.4  8.919e-01 
  39465  2.000  1    2011   92  21.97  55654.111  193.9  5.909e-01 
  39468  2.000  1    2011   92  23.04  55654.155  193.9  6.825e-01 
  39515  2.000  1    2011   93  22.97  55655.153  194.9  3.414e-01 
  39518  2.000  1    2011   94   0.04  55655.197  194.9  3.539e-01 
  39556  1.986  1    2011   94  19.29  55656.000  195.3  9.742e-01 
  39558  1.986  1    2011   94  20.34  55656.043  195.3  7.465e-01 
  39561  2.889  1    2011   94  21.71  55656.100  195.4  7.875e-01 
  39610  2.889  1    2011   95  22.27  55657.123  196.2  1.617e+00 
  39655  2.889  1    2011   96  20.96  55658.069  196.8  6.309e-01 
  39704  2.000  1    2011   97  21.39  55659.087  197.2  9.380e-01 
  39709  2.000  1    2011   97  23.72  55659.184  197.2  9.365e-01 
  40137  0.992  1    2011  106  21.79  55668.103  192.6  6.156e-01 
  40138  0.992  1    2011  106  22.32  55668.126  192.6  6.370e-01 
  40186  1.831  1    2011  107  22.30  55669.125  190.7  3.988e-01 
  40279  0.992  1    2011  109  20.80  55671.062  187.0  1.093e+00 
  40280  0.992  1    2011  109  21.34  55671.085  186.9  9.893e-01 
  40282  1.833  1    2011  109  22.16  55671.119  186.9  8.741e-01 
  40820  1.000  1    2011  121   3.24  55682.331  178.7  2.005e+00 
  40868  1.111  2    2011  122   3.23  55683.330  177.7  7.280e-01 
  40871  0.556  1    2011  122   4.50  55683.383  177.6  6.642e-01 
  41304  0.500  1    2011  131   5.19  55692.412  175.9  9.814e-01 
  41639  0.333  1    2011  138   4.55  55699.385  183.2  3.996e+00 
  41640  0.333  1    2011  138   5.03  55699.405  183.2  4.429e+00 
  41774  0.833  1    2011  141   0.42  55702.213  182.9  1.207e+00 
  41775  0.833  1    2011  141   0.86  55702.231  182.9  1.162e+00 
  41818  0.333  1    2011  141  22.39  55703.129  182.4  2.179e+00 
  41819  0.500  1    2011  141  22.72  55703.142  182.4  2.429e+00 
  41820  0.500  1    2011  141  23.40  55703.171  182.4  2.073e+00 
  41822  0.333  1    2011  142   0.28  55703.207  182.4  1.719e+00 
  42340  1.986  1    2011  152  19.36  55714.002  174.1  8.469e-01 
  42342  1.986  1    2011  152  20.39  55714.045  174.1  7.123e-01 
  42345  1.667  1    2011  152  21.59  55714.095  174.0  7.355e-01 
  42772  2.000  1    2011  161  19.22  55722.997  161.3  1.222e+00 
  42780  1.986  1    2011  161  23.38  55723.170  161.0  1.789e+00 
  42820  1.889  1    2011  162  19.46  55724.006  159.7  1.249e+00 
  42880  2.000  1    2011  164   1.29  55725.249  157.9  1.435e+00 
  42882  2.000  1    2011  164   2.31  55725.292  157.9  1.270e+00 
  44080  0.674  1    2011  189   1.17  55750.244  152.4  2.368e+00 
  44081  1.347  2    2011  189   1.74  55750.268  152.4  3.020e+00 
  44082  0.674  1    2011  189   2.32  55750.292  152.4  3.434e+00 
  44083  0.840  1    2011  189   2.78  55750.311  152.5  3.306e+00 
  44084  0.840  1    2011  189   3.22  55750.330  152.5  3.356e+00 
  44116  1.667  1    2011  189  19.32  55751.001  153.5  1.475e+00 
  44127  2.000  1    2011  190   0.74  55751.226  153.8  6.393e-01 
  44129  2.000  1    2011  190   1.76  55751.269  153.8  8.182e-01 
  44131  2.000  1    2011  190   2.83  55751.314  153.9  1.403e+00 
  44133  2.000  1    2011  190   3.85  55751.356  154.0  1.611e+00 
  45236  1.133  1    2011  213   3.17  55774.328  190.6  2.802e+00 
  45379  1.167  1    2011  216   2.77  55777.311  193.3  8.637e-01 
  45380  1.167  1    2011  216   3.44  55777.339  193.3  1.164e+00 
  45463  2.000  1    2011  217  20.64  55779.055  195.9  7.747e-01 
  45477  1.133  1    2011  218   3.62  55779.347  196.4  1.524e+00 
  45513  2.000  1    2011  218  21.80  55780.104  197.8  1.406e+00 
  45515  2.000  1    2011  218  22.89  55780.149  197.8  1.467e+00 
  45671  1.000  1    2011  222   4.77  55783.394  199.0  1.368e+00 
  45672  0.907  1    2011  222   5.27  55783.415  198.9  1.369e+00 
  45893  1.000  1    2011  226  19.91  55788.025  191.7  1.180e+00 
  45993  1.703  1    2011  228  21.63  55790.097  189.3  3.784e-01 
  45995  1.703  1    2011  228  22.52  55790.134  189.3  6.990e-01 
  46050  3.000  1    2011  230   2.27  55791.290  188.9  8.504e-01 
  46053  3.000  1    2011  230   3.85  55791.356  188.9  8.579e-01 
  46097  3.000  1    2011  231   1.87  55792.274  189.4  9.481e-01 
  46102  3.000  1    2011  231   4.37  55792.378  189.5  6.530e-01 
  46104  0.333  1    2011  231   5.29  55792.416  189.6  9.112e-01 
  46958  1.067  1    2011  249   0.16  55810.202  191.0  6.720e-01 
  46962  1.133  1    2011  249   2.36  55810.294  190.8  1.532e+00 
  47050  0.840  1    2011  250  22.35  55812.127  187.2  6.047e-01 
  47052  0.840  1    2011  250  23.29  55812.166  187.1  6.639e-01 
  47061  1.986  1    2011  251   3.91  55812.359  186.9  6.806e-01 
  47098  0.840  1    2011  251  22.28  55813.124  186.0  5.563e-01 
  47099  0.840  1    2011  251  22.73  55813.143  186.0  7.136e-01 
  47100  0.840  1    2011  251  23.27  55813.165  186.0  3.664e-01 
  47241  1.703  1    2011  254  21.97  55816.111  184.6  1.517e+00 
  47243  1.703  1    2011  254  22.89  55816.149  184.6  1.460e+00 
  47251  1.896  1    2011  255   2.79  55816.312  184.5  1.327e+00 
  47254  2.000  1    2011  255   4.06  55816.365  184.5  1.585e+00 
  47296  1.901  1    2011  256   1.29  55817.249  184.1  9.368e-01 
  47301  1.133  1    2011  256   3.66  55817.348  184.0  1.106e+00 
  47342  2.000  1    2011  257   0.50  55818.216  183.4  9.597e-01 
  47345  2.000  1    2011  257   1.52  55818.259  183.3  7.431e-01 
  47346  0.889  1    2011  257   2.30  55818.291  183.3  6.399e-01 
  47389  1.133  1    2011  257  23.57  55819.178  182.5  8.539e-01 
  47393  1.986  1    2011  258   1.89  55819.274  182.3  1.121e+00 
  47395  1.986  1    2011  258   2.93  55819.318  182.3  1.311e+00 
  47398  2.167  1    2011  258   4.02  55819.363  182.2  1.145e+00 
  48163  2.000  1    2011  274   2.88  55835.316  160.3  6.324e-01 
  48165  2.000  1    2011  274   3.90  55835.358  160.3  7.325e-01 
  48207  2.000  1    2011  275   0.53  55836.218  160.0  7.304e-01 
  48209  2.000  1    2011  275   1.56  55836.261  160.0  4.364e-01 
  48358  1.200  1    2011  278   4.28  55839.374  160.3  4.855e-01 
  48392  1.000  1    2011  278  21.19  55840.078  160.6  8.934e-01 
  48400  2.000  1    2011  279   1.06  55840.240  160.7  3.482e+00 
  48404  2.000  1    2011  279   3.30  55840.333  160.7  2.499e+00 
  48486  2.500  1    2011  280  20.18  55842.036  161.8  8.325e-01 
  48488  2.500  1    2011  280  21.49  55842.091  161.8  1.171e+00 
  48500  0.889  1    2011  281   3.26  55842.331  162.0  9.723e-01 
  48501  0.889  1    2011  281   3.72  55842.351  162.0  5.797e-01 
  48535  2.500  1    2011  281  20.83  55843.064  162.7  8.189e-01 
  48548  1.000  1    2011  282   3.28  55843.332  162.9  8.120e-01 
  48549  1.000  1    2011  282   3.80  55843.354  162.9  7.865e-01 
  48594  1.900  1    2011  283   2.22  55844.288  163.5  7.496e-01 
  48596  1.900  1    2011  283   3.21  55844.329  163.5  6.715e-01 
  48633  1.000  1    2011  283  21.62  55845.096  163.9  8.922e-01 
  48634  1.000  1    2011  283  22.19  55845.120  163.9  6.347e-01 
  48635  1.000  1    2011  283  22.79  55845.145  163.9  6.967e-01 
  48636  1.000  1    2011  283  23.32  55845.167  163.9  9.448e-01 
  48637  1.000  1    2011  283  23.91  55845.192  163.9  9.834e-01 
  48638  1.000  1    2011  284   0.45  55845.214  163.9  1.175e+00 
  48645  1.000  1    2011  284   3.73  55845.351  164.0  2.268e+00 
  48646  1.000  1    2011  284   4.25  55845.372  164.0  2.773e+00 
  48676  1.333  1    2011  284  19.44  55846.006  164.2  1.171e+00 
  48678  1.333  1    2011  284  20.13  55846.034  164.3  1.187e+00 
  48679  1.000  1    2011  284  20.79  55846.062  164.3  1.316e+00 
  48680  1.000  1    2011  284  21.31  55846.083  164.3  1.421e+00 
  48681  1.000  1    2011  284  21.90  55846.108  164.3  1.189e+00 
  48682  1.000  1    2011  284  22.42  55846.130  164.3  1.245e+00 
  48687  1.000  1    2011  285   0.67  55846.223  164.3  1.803e+00 
  48688  1.000  1    2011  285   1.23  55846.247  164.3  1.271e+00 
  48689  1.000  1    2011  285   1.75  55846.269  164.3  1.162e+00 
  48693  1.000  1    2011  285   3.95  55846.360  164.3  1.210e+00 
  48694  0.754  1    2011  285   4.42  55846.380  164.3  1.456e+00 
  48738  1.900  1    2011  286   2.11  55847.283  164.8  4.017e+00 
  49451  2.000  1    2011  300  22.98  55862.153  171.1  7.070e-01 
  49454  2.000  1    2011  301   0.01  55862.196  171.1  7.224e-01 
  49456  2.000  1    2011  301   1.07  55862.240  171.1  4.986e-01 
  49836  1.900  1    2011  308  23.40  55870.170  173.1  1.060e+00 
  49839  1.900  1    2011  309   0.53  55870.218  173.1  8.864e-01 
  49843  1.000  1    2011  309   2.51  55870.300  173.1  6.405e-01 
  49844  1.000  1    2011  309   3.03  55870.322  173.1  3.893e-01 
  49985  1.667  1    2011  312   1.83  55873.272  173.3  2.099e+00 
  50032  1.667  1    2011  313   1.24  55874.247  172.9  7.956e-01 
  50987  2.000  1    2011  332  22.71  55894.142  152.0  6.884e-01 
  50989  1.667  1    2011  332  23.73  55894.184  152.0  8.336e-01 
  51030  2.000  1    2011  333  20.39  55895.045  150.8  3.228e-01 
  51378  2.000  1    2011  341   2.38  55902.295  154.5  5.492e-01 
  51620  2.000  1    2011  346   3.08  55907.324  160.2  1.268e+00 
  51655  2.000  1    2011  346  20.55  55908.052  160.2  1.033e+00 
  51657  2.000  1    2011  346  21.59  55908.095  160.2  1.012e+00 
  52235  2.000  1    2011  358  22.64  55920.139  150.0  5.201e-01 
  52239  2.500  1    2011  359   0.84  55920.231  150.0  6.532e-01 
  52284  2.000  1    2011  359  23.10  55921.158  150.2  6.850e-01 
  52286  2.000  1    2011  360   0.14  55921.201  150.2  5.263e-01 
  52288  2.000  1    2011  360   1.18  55921.245  150.2  6.297e-01 
  52335  1.000  1    2011  361   0.58  55922.220  150.7  9.222e-01 
  52387  2.000  1    2011  362   2.52  55923.300  151.4  7.636e-01 
  52723  1.667  1    2012    4   2.75  55930.310  145.0  4.509e-01 
  52767  1.833  1    2012    5   0.86  55931.231  143.4  4.912e-01 
  52769  1.833  1    2012    5   1.82  55931.271  143.3  5.589e-01 
  52816  1.833  1    2012    6   1.01  55932.238  142.0  8.010e-01 
  52818  2.389  1    2012    6   2.10  55932.283  141.9  6.948e-01 
  52820  2.389  1    2012    6   3.36  55932.335  141.9  7.680e-01 
  52864  2.667  1    2012    7   1.23  55933.247  140.8  1.131e+00 
  52866  2.074  1    2012    7   2.44  55933.297  140.8  8.310e-01 
  52868  2.000  1    2012    7   3.49  55933.341  140.7  8.097e-01 
  54259  1.000  1    2012   36   2.73  55962.309  127.0  8.183e-01 
  54260  1.000  1    2012   36   3.24  55962.331  127.0  7.526e-01 
  54391  2.000  1    2012   38  20.81  55965.063  125.2  8.724e-01 
  54393  2.000  1    2012   38  21.85  55965.106  125.2  6.332e-01 
  54395  2.000  1    2012   38  22.89  55965.149  125.2  5.567e-01 
  54742  1.778  1    2012   46   4.04  55972.364  121.4  3.580e-01 
  55219  2.500  1    2012   56   2.50  55982.300  124.6  5.951e-01 
  55448  1.333  1    2012   60  21.45  55987.089  126.4  3.946e-01 
  55450  1.333  1    2012   60  22.13  55987.118  126.4  5.221e-01 
  55737  1.667  1    2012   66  21.80  55993.104  128.2  2.539e-01 
  55739  1.667  1    2012   66  22.96  55993.152  128.2  1.922e-01 
  55741  1.667  1    2012   66  23.84  55993.189  128.2  1.577e-01 
  55743  1.667  1    2012   67   0.72  55993.226  128.2  3.258e-01 
  55789  1.667  1    2012   67  23.54  55994.177  127.5  2.000e-01 
  55791  1.986  1    2012   68   0.60  55994.221  127.5  3.525e-01 
  55795  1.700  1    2012   68   2.76  55994.310  127.4  1.315e+00 
  55830  1.986  1    2012   68  20.29  55995.041  127.1  3.964e-01 
  55836  1.667  1    2012   68  23.35  55995.169  127.0  4.322e-01 
  55845  1.667  1    2012   69   3.69  55995.349  126.9  5.270e-01 
  55878  1.700  1    2012   69  20.14  55996.035  126.6  2.677e-01 
  55883  1.000  2    2012   69  22.68  55996.141  126.6  3.085e-01 
  55884  0.514  1    2012   69  23.10  55996.158  126.6  3.487e-01 
  55887  1.667  1    2012   70   0.97  55996.236  126.6  2.608e-01 
  55893  1.667  1    2012   70   3.83  55996.355  126.5  5.674e-01 
  55935  1.667  1    2012   71   0.78  55997.228  126.4  4.002e-01 
  55941  1.986  1    2012   71   3.80  55997.354  126.4  5.959e-01 
  56022  1.000  1    2012   72  20.06  55999.031  126.4  4.954e-01 
  56024  1.000  1    2012   72  21.15  55999.077  126.5  2.760e-01 
  56025  1.000  1    2012   72  21.67  55999.098  126.5  2.656e-01 
  56084  1.700  1    2012   74   3.00  56000.321  127.1  6.696e-01 
  56085  1.700  1    2012   74   3.88  56000.357  127.1  6.120e-01 
  56453  1.000  1    2012   81  19.65  56008.014  130.0  6.944e-01 
  56454  1.000  1    2012   81  20.16  56008.036  130.0  5.978e-01 
  56455  1.000  1    2012   81  20.80  56008.062  130.0  6.878e-01 
  56456  1.000  1    2012   81  21.32  56008.084  130.0  7.669e-01 
  56844  1.000  1    2012   89  23.49  56016.174  123.9  4.257e-01 
  56847  1.000  1    2012   90   0.59  56016.220  123.9  4.621e-01 
  58373  1.700  1    2012  121  19.52  56048.009  126.8  1.298e+00 
  58374  1.700  1    2012  121  20.39  56048.045  126.8  1.739e+00 
  58471  1.986  1    2012  123  20.88  56050.066  126.4  1.751e+00 
  58473  1.986  1    2012  123  21.95  56050.110  126.3  1.658e+00 
  58476  1.986  1    2012  123  23.16  56050.161  126.3  2.070e+00 
  58577  1.986  1    2012  126   1.63  56052.264  125.3  1.315e+00 
  58613  0.506  1    2012  126  19.78  56053.020  124.9  1.407e+00 
  58614  1.011  2    2012  126  20.19  56053.037  124.9  1.318e+00 
  59916  1.389  1    2012  153  23.12  56080.159  134.7  2.904e+00 
  59917  1.389  1    2012  153  23.83  56080.188  134.8  3.797e+00 
  59919  1.389  1    2012  154   0.66  56080.223  134.8  3.180e+00 
  59920  1.389  1    2012  154   1.37  56080.253  134.8  2.709e+00 
  59962  1.389  1    2012  154  22.37  56081.128  135.2  1.979e+00 
  60015  1.389  1    2012  156   0.84  56082.231  135.4  1.232e+00 
  60017  1.389  1    2012  156   1.68  56082.265  135.4  1.203e+00 
  60018  1.389  1    2012  156   2.39  56082.295  135.4  1.644e+00 
  60056  1.889  1    2012  156  21.35  56083.085  135.5  7.922e-01 
  60058  1.889  1    2012  156  22.32  56083.126  135.5  1.058e+00 
  60060  1.389  1    2012  156  23.26  56083.165  135.5  1.252e+00 
  60061  1.389  1    2012  156  23.98  56083.195  135.5  1.184e+00 
  60109  1.389  1    2012  157  23.82  56084.188  135.7  1.612e+00 
  60111  1.389  1    2012  158   0.53  56084.218  135.7  1.946e+00 
  60251  1.389  1    2012  160  22.69  56087.141  135.5  1.727e+00 
  60252  1.389  1    2012  160  23.40  56087.171  135.5  1.692e+00 
  60254  1.389  1    2012  161   0.25  56087.206  135.5  1.572e+00 
  60255  1.389  1    2012  161   0.96  56087.235  135.5  1.643e+00 
  60257  1.389  1    2012  161   1.78  56087.270  135.4  1.641e+00 
  60258  1.389  1    2012  161   2.49  56087.299  135.4  2.009e+00 
  60408  1.333  1    2012  164   5.13  56090.409  133.5  1.354e+00 
  60683  1.389  1    2012  169  22.75  56096.143  135.3  2.370e+00 
  60684  1.389  1    2012  169  23.46  56096.173  135.3  2.341e+00 
  60686  1.389  1    2012  170   0.28  56096.207  135.4  2.660e+00 
  60687  1.389  1    2012  170   0.99  56096.237  135.4  1.911e+00 
  61401  1.333  1    2012  184  21.51  56111.092  129.4  1.965e+00 
  61402  1.167  1    2012  184  22.17  56111.119  129.4  1.885e+00 
  61403  1.333  1    2012  184  22.83  56111.147  129.4  1.734e+00 
  61405  1.333  1    2012  184  23.56  56111.177  129.4  1.230e+00 
  61406  1.333  1    2012  185   0.26  56111.206  129.4  1.122e+00 
  61408  1.333  1    2012  185   1.01  56111.238  129.4  1.193e+00 
  61409  1.333  1    2012  185   1.71  56111.267  129.4  1.042e+00 
  61410  1.333  1    2012  185   2.41  56111.296  129.5  1.097e+00 
  61448  1.333  1    2012  185  21.36  56112.085  129.9  9.777e-01 
  61544  1.167  1    2012  187  21.29  56114.083  131.8  9.313e-01 
  61554  1.333  1    2012  188   2.06  56114.281  132.1  9.238e-01 
  61555  1.333  1    2012  188   2.76  56114.310  132.1  9.595e-01 
  62262  0.833  1    2012  202  20.20  56129.037  128.6  8.466e-01 
  62263  0.833  1    2012  202  20.64  56129.055  128.6  7.320e-01 
  62308  1.889  1    2012  203  19.25  56129.998  128.2  6.885e-01 
  62644  1.889  1    2012  210  19.38  56137.003  129.4  1.374e+00 
  62693  1.889  1    2012  211  19.59  56138.012  129.4  6.169e-01 
  62741  0.456  1    2012  212  19.75  56139.019  129.0  9.683e-01 
  62742  0.833  1    2012  212  20.13  56139.034  129.0  8.459e-01 
  62743  0.833  1    2012  212  20.56  56139.052  129.0  9.434e-01 
  62753  1.333  1    2012  213   1.99  56139.278  129.0  9.019e-01 
  62755  1.333  1    2012  213   2.68  56139.307  129.0  9.078e-01 
  62756  1.333  1    2012  213   3.40  56139.337  128.9  1.286e+00 
  62801  1.200  1    2012  214   1.51  56140.259  128.6  1.273e+00 
  63036  1.167  1    2012  218  23.13  56145.159  123.4  8.463e-01 
  63091  0.833  1    2012  220   2.94  56146.318  122.4  7.987e-01 
  63092  0.833  1    2012  220   3.38  56146.336  122.4  7.913e-01 
  63139  0.833  1    2012  221   2.59  56147.303  122.2  3.903e-01 
  63140  1.667  2    2012  221   3.24  56147.331  122.2  4.412e-01 
  63141  0.833  1    2012  221   4.00  56147.362  122.2  4.805e-01 
  64239  0.833  1    2012  244   0.73  56170.226  113.1  4.085e-01 
  64240  0.833  1    2012  244   1.17  56170.244  113.1  3.384e-01 
  64244  0.778  1    2012  244   3.37  56170.336  113.0  9.316e-01 
  64245  0.778  1    2012  244   3.78  56170.353  113.0  1.097e+00 
  64246  0.778  1    2012  244   4.18  56170.370  112.9  7.788e-01 
  65865  0.556  1    2012  277  21.67  56204.099  117.2  4.468e-01 
  65910  1.389  1    2012  278  20.20  56205.037  116.7  3.486e-01 
  65912  1.667  1    2012  278  21.08  56205.074  116.7  5.107e-01 
  65914  1.667  1    2012  278  22.02  56205.113  116.6  5.529e-01 
  65957  1.667  1    2012  279  19.81  56206.021  116.3  3.095e-01 
  65970  1.986  1    2012  280   2.17  56206.286  116.2  1.497e+00 
  65972  1.667  1    2012  280   3.23  56206.330  116.2  2.023e+00 
  65974  1.056  1    2012  280   4.13  56206.368  116.2  2.003e+00 
  66007  1.056  1    2012  280  20.79  56207.062  116.2  7.699e-01 
  66008  0.667  1    2012  280  21.34  56207.085  116.2  5.322e-01 
  66069  1.667  1    2012  282   3.83  56208.355  116.7  2.849e-01 
  66403  0.667  2    2012  289   2.83  56215.313  135.5  7.123e-01 
  68369  1.986  1    2012  330   1.72  56256.267  135.0  7.130e-01 
  68372  1.703  1    2012  330   3.41  56256.338  134.9  5.303e-01 
  69426  0.333  1    2012  352   2.28  56278.290  109.8  8.932e-01 
  69559  2.000  1    2012  354  20.73  56281.059  109.3  6.235e-01 
  69561  2.000  1    2012  354  21.92  56281.109  109.3  7.872e-01 
  69564  2.000  1    2012  354  23.04  56281.155  109.4  7.637e-01 
  69566  2.000  1    2012  355   0.08  56281.199  109.4  9.562e-01 
  69568  1.806  1    2012  355   1.08  56281.241  109.4  1.199e+00 
  70711  1.667  1    2013   12  20.92  56305.067  114.4  1.699e-01 
  70759  1.667  1    2013   13  20.61  56306.054  114.1  2.954e-01 
  70807  1.667  1    2013   14  20.92  56307.067  113.5  3.183e-01 
  70951  1.667  1    2013   17  20.75  56310.060  110.7  3.932e-01 
  71047  1.667  1    2013   19  20.67  56312.057  109.0  5.933e-01 
  71338  1.667  1    2013   25  22.11  56318.117  106.1  3.901e-01 
  71339  0.500  1    2013   25  22.76  56318.144  106.1  2.741e-01 
  71431  1.667  1    2013   27  20.63  56320.055  106.1  4.143e-01 
  71479  1.667  1    2013   28  20.71  56321.058  105.9  3.272e-01 
  73074  0.722  1    2013   62   2.39  56354.295  103.8  4.521e-01 
  73075  0.722  1    2013   62   2.77  56354.311  103.8  4.464e-01 
  73124  0.700  2    2013   63   3.20  56355.329  104.1  8.195e-01 
  73175  1.667  1    2013   64   4.52  56356.384  104.6  8.473e-01 
  73270  0.833  1    2013   66   4.16  56358.369  105.9  7.206e-01 
  73548  0.700  2    2013   71  23.24  56364.164  107.5  6.009e-01 
  73549  0.722  1    2013   71  23.75  56364.185  107.5  5.428e-01 
  73748  0.833  1    2013   76   3.40  56368.337  110.4  1.793e+00 
  73985  0.700  2    2013   81   1.76  56373.269  113.8  7.093e-01 
  73986  0.722  1    2013   81   2.30  56373.291  113.8  7.249e-01 
  74129  1.444  2    2013   84   1.76  56376.269  113.9  4.704e-01 
  74131  0.350  1    2013   84   2.53  56376.301  113.9  4.465e-01 
  74464  0.722  1    2013   91   1.13  56383.242  110.5  6.987e-01 
  74465  1.072  2    2013   91   1.64  56383.264  110.5  9.450e-01 
  74466  0.350  1    2013   91   2.10  56383.283  110.5  9.150e-01 
  75662  0.556  1    2013  116   0.26  56408.207   99.3  7.698e-01 
  75663  1.000  2    2013  116   0.72  56408.226   99.3  6.431e-01 
  75668  1.000  2    2013  116   3.28  56408.332   99.3  1.377e+00 
  76044  0.500  1    2013  123  23.12  56416.159  100.5  2.199e+00 
  76045  0.556  1    2013  123  23.75  56416.185  100.5  2.496e+00 
  76046  0.556  1    2013  124   0.04  56416.197  100.5  2.884e+00 
  76280  1.000  2    2013  128  21.14  56421.077  100.0  4.011e-01 
  76282  0.500  1    2013  128  22.16  56421.119  100.0  5.195e-01 
  76385  0.556  1    2013  131   1.55  56423.260   99.8  1.210e+00 
  76386  1.000  2    2013  131   2.32  56423.292   99.8  1.526e+00 
  76387  0.500  1    2013  131   2.77  56423.311   99.8  1.156e+00 
  76420  2.000  1    2013  131  19.26  56423.998  100.0  5.559e-01 
  76426  2.000  1    2013  131  22.40  56424.129  100.1  9.839e-01 
  76428  1.000  2    2013  131  23.28  56424.165  100.1  1.362e+00 
  76487  0.500  1    2013  133   4.77  56425.395  100.7  9.844e-01 
  76488  0.500  1    2013  133   5.04  56425.406  100.7  1.633e+00 
  76526  1.511  1    2013  134   0.46  56426.215  101.1  1.381e+00 
  76578  1.111  2    2013  135   2.31  56427.292  101.7  1.518e+00 
  76579  0.556  1    2013  135   2.86  56427.315  101.8  1.829e+00 
  76580  0.556  1    2013  135   3.15  56427.327  101.8  1.823e+00 
  76581  1.111  2    2013  135   3.65  56427.348  101.8  1.644e+00 
  76723  0.667  1    2013  138   2.61  56430.304  102.7  1.413e+00 
  76761  1.111  2    2013  138  21.82  56431.105  103.0  6.621e-01 
  76762  0.556  1    2013  138  22.35  56431.127  103.0  9.645e-01 
  76766  1.669  1    2013  139   0.03  56431.197  103.0  5.856e-01 
  77093  1.669  1    2013  145  19.93  56438.026  103.4  1.251e+00 
  77095  1.669  1    2013  145  20.80  56438.062  103.4  1.027e+00 
  77099  1.669  1    2013  145  22.66  56438.140  103.4  7.362e-01 
  77103  1.669  1    2013  146   0.52  56438.217  103.4  6.583e-01 
  77152  1.669  1    2013  147   1.12  56439.242  103.2  9.561e-01 
  77156  1.669  1    2013  147   3.04  56439.322  103.2  1.124e+00 
  77204  0.822  2    2013  148   3.35  56440.335  102.7  2.765e+00 
  77912  1.111  2    2013  162  21.26  56455.081  101.5  1.160e+00 
  80661  0.542  1    2013  220   3.53  56512.343  117.8  7.081e-01 
  81173  0.611  1    2013  230  19.53  56523.009  116.4  1.472e+00 
  81174  0.611  1    2013  230  20.20  56523.037  116.4  7.657e-01 
  81231  0.667  1    2013  232   0.61  56524.221  116.4  1.693e+00 
  81232  0.583  1    2013  232   1.32  56524.251  116.4  1.258e+00 
  81320  0.917  1    2013  233  21.20  56526.079  116.5  1.065e+00 
  81323  0.917  1    2013  233  22.69  56526.141  116.5  5.098e-01 
  81324  0.917  1    2013  233  23.16  56526.161  116.5  8.811e-01 
  82046  2.000  1    2013  249   0.03  56541.197  107.0  7.346e-01 
  82048  2.000  1    2013  249   1.10  56541.241  107.0  6.314e-01 
  82054  2.000  1    2013  249   4.34  56541.376  106.9  8.452e-01 
  82328  2.000  1    2013  254  21.15  56547.077  105.7  1.280e+00 
  82380  2.333  1    2013  255  23.32  56548.167  105.7  9.464e-01 
  82385  2.333  1    2013  256   1.72  56548.267  105.7  1.118e+00 
  82387  2.000  1    2013  256   2.85  56548.314  105.7  1.499e+00 
  82390  2.333  1    2013  256   4.05  56548.364  105.7  8.800e-01 
  82913  2.000  1    2013  267   1.92  56559.275  100.2  7.323e-01 
  83012  2.333  1    2013  269   3.36  56561.336   97.5  7.322e-01 
  84254  2.000  1    2013  295   0.44  56587.214  111.0  9.312e-01 
  84301  2.000  1    2013  295  23.87  56588.190  112.5  2.158e+00 
  84309  1.874  1    2013  296   3.86  56588.356  112.8  3.991e+00 
  85446  2.000  1    2013  319  20.34  56612.043  111.3  9.543e-01 
  85882  1.000  1    2013  328  22.14  56621.118  101.3  1.066e+00 
  85929  0.833  1    2013  329  21.93  56622.109  100.9  1.367e+00 
  85932  1.222  1    2013  329  23.09  56622.158  100.9  1.145e+00 
  86070  1.222  1    2013  332  20.34  56625.043  100.0  3.148e-01 
  86081  1.111  1    2013  333   1.92  56625.275   99.9  7.488e-01 
  86082  0.500  1    2013  333   2.41  56625.296   99.9  1.019e+00 
  86123  1.000  1    2013  333  22.86  56626.148   99.5  5.027e-01 
  86127  0.833  1    2013  334   0.91  56626.233   99.4  3.699e-01 
  86129  1.000  1    2013  334   1.95  56626.277   99.4  5.091e-01 
  86169  1.500  1    2013  334  21.98  56627.111   98.9  4.073e-01 
  86224  0.833  1    2013  336   1.34  56628.251   98.1  6.277e-01 
  86268  1.111  1    2013  336  23.32  56629.167   97.6  4.029e-01 
  86270  1.336  1    2013  337   0.05  56629.198   97.6  4.565e-01 
  86325  1.336  1    2013  338   3.51  56630.342   97.0  3.212e-01 
  86366  1.336  1    2013  339   0.09  56631.199   96.6  4.520e-01 
  86367  1.336  1    2013  339   0.83  56631.230   96.6  4.495e-01 
  86369  1.336  1    2013  339   1.54  56631.260   96.6  4.277e-01 
  86370  1.336  1    2013  339   2.24  56631.289   96.6  5.437e-01 
  86409  1.667  1    2013  339  21.52  56632.092   96.3  6.589e-01 
  86558  0.347  1    2013  343   0.05  56635.197   94.9  6.905e-01 
  86753  1.667  1    2013  347   1.57  56639.261   93.0  6.479e-01 
  86845  1.556  2    2013  348  23.76  56641.186   91.6  3.509e-01 
  86890  0.972  1    2013  349  22.01  56642.113   91.3  4.567e-01 
  86891  0.972  1    2013  349  22.51  56642.134   91.3  3.504e-01 
  86900  0.972  1    2013  350   3.15  56642.327   91.2  3.788e-01 
  86901  0.972  1    2013  350   3.65  56642.348   91.2  3.849e-01 
  87036  2.094  1    2013  352  23.10  56645.158   90.8  3.707e-01 
  88582  0.753  1    2014   20   4.24  56677.372   99.9  7.929e-01 
  89574  2.000  1    2014   40  20.32  56698.042   96.6  6.264e-01 
  89576  2.000  1    2014   40  21.36  56698.085   96.6  6.927e-01 
  89578  2.000  1    2014   40  22.42  56698.130   96.6  7.968e-01 
  89587  2.000  1    2014   41   2.84  56698.314   96.7  8.679e-01 
  90690  2.000  1    2014   64   2.28  56721.290   89.6  1.055e+00 
  90692  2.000  1    2014   64   3.30  56721.333   89.6  1.626e+00 
  91118  2.669  1    2014   73   0.39  56730.212   90.4  6.114e-01 
  91121  2.669  1    2014   73   1.78  56730.270   90.4  6.995e-01 
  91124  2.669  1    2014   73   3.17  56730.328   90.4  1.383e+00 
  91165  2.000  1    2014   73  23.87  56731.190   90.5  2.269e+00 
  91167  2.000  1    2014   74   0.91  56731.234   90.5  1.456e+00 
  91169  2.000  1    2014   74   1.99  56731.279   90.5  1.250e+00 
  91206  1.667  1    2014   74  20.13  56732.034   90.7  8.206e-01 
  91212  2.000  1    2014   74  23.36  56732.169   90.7  1.253e+00 
  91308  2.000  1    2014   76  23.29  56734.166   91.1  7.056e-01 
  91310  2.000  1    2014   77   0.33  56734.209   91.1  7.416e-01 
  91312  2.000  1    2014   77   1.39  56734.254   91.1  8.890e-01 
  91352  0.722  1    2014   77  21.30  56735.083   91.1  1.107e+00 
  91353  0.722  1    2014   77  21.68  56735.099   91.1  9.372e-01 
  91400  0.750  1    2014   78  21.28  56736.082   91.1  5.001e-01 
  91401  0.750  1    2014   78  21.67  56736.099   91.1  8.423e-01 
  91405  0.823  1    2014   78  23.99  56736.195   91.1  1.100e+00 
  91406  0.823  1    2014   79   0.41  56736.213   91.1  1.482e+00 
  91496  0.333  1    2014   80  21.33  56738.084   90.9  1.384e+00 
  91497  1.306  2    2014   80  21.82  56738.105   90.9  1.249e+00 
  91498  0.972  1    2014   80  22.43  56738.130   90.9  9.275e-01 
  91500  2.000  1    2014   80  23.31  56738.167   90.9  2.756e+00 
  91503  2.000  1    2014   81   0.84  56738.231   90.9  9.150e-01 
  91506  2.000  1    2014   81   2.44  56738.297   90.9  1.698e+00 
  92372  1.833  1    2014   99   3.18  56756.328   82.8  1.267e+00 
  92453  1.278  1    2014  100  19.60  56758.012   82.8  9.610e-01 
  92510  2.000  1    2014  102   0.35  56759.210   82.9  1.092e+00 
  92548  1.278  1    2014  102  19.40  56760.004   83.1  5.019e-01 
  92563  1.111  1    2014  103   2.98  56760.320   83.2  5.134e-01 
  92566  2.969  1    2014  103   4.21  56760.371   83.2  4.898e-01 
  94001  0.822  1    2014  133   1.68  56790.266  103.6  1.567e+00 
  94002  0.611  1    2014  133   2.18  56790.286  103.6  1.577e+00 
  95250  2.969  1    2014  159   2.48  56816.299  100.5  1.244e+00 
  95254  2.969  1    2014  159   4.02  56816.363  100.5  1.285e+00 
  95295  2.969  1    2014  160   0.73  56817.226  100.5  8.178e-01 
  95298  2.969  1    2014  160   2.43  56817.297  100.5  8.318e-01 
  95301  2.969  1    2014  160   3.96  56817.360  100.5  1.233e+00 
  95342  2.969  1    2014  161   0.05  56818.197  100.4  1.121e+00 
  95345  2.969  1    2014  161   1.58  56818.261  100.4  2.087e+00 
  95348  2.969  1    2014  161   3.13  56818.326  100.3  1.276e+00 
  95351  2.969  1    2014  161   4.66  56818.390  100.3  1.577e+00 
  96495  2.969  1    2014  185   0.66  56842.223  100.8  7.434e-01 
  96498  2.969  1    2014  185   2.18  56842.286  100.7  8.866e-01 
  96544  2.969  1    2014  186   1.13  56843.243  100.3  1.432e+00 
  96595  2.833  1    2014  187   2.87  56844.315   99.8  9.368e-01 
  96598  2.833  1    2014  187   4.32  56844.375   99.8  1.598e+00 
  96641  2.833  1    2014  188   1.96  56845.277   99.5  3.837e-01 
  96688  2.969  1    2014  189   1.09  56846.241   99.2  8.722e-01 
  96735  2.969  1    2014  190   0.98  56847.236   99.0  1.213e+00 
  96739  2.833  1    2014  190   2.54  56847.301   99.0  1.690e+00 
  96783  2.969  1    2014  191   0.51  56848.217   98.9  7.870e-01 
  96786  2.969  1    2014  191   2.03  56848.280   98.9  8.306e-01 
  96831  2.969  1    2014  192   0.76  56849.227   98.9  6.760e-01 
  96881  2.969  1    2014  193   1.92  56850.276   98.9  1.303e+00 
  96884  2.000  1    2014  193   3.26  56850.332   98.9  1.366e+00 
  97741  0.444  1    2014  210  23.79  56868.187   91.5  1.552e+00 
  97743  0.667  2    2014  211   0.72  56868.225   91.5  1.209e+00 
  97744  0.797  2    2014  211   1.33  56868.251   91.5  1.145e+00 
  97750  0.800  2    2014  211   4.23  56868.372   91.4  1.761e+00 
  97780  0.826  2    2014  211  19.34  56869.001   91.2  1.281e+00 
  97783  0.361  1    2014  211  20.89  56869.066   91.2  1.065e+00 
  97784  0.361  1    2014  211  21.09  56869.074   91.2  1.059e+00 
  97795  1.262  2    2014  212   2.73  56869.309   91.2  1.285e+00 
  97831  1.667  1    2014  212  20.76  56870.060   91.2  1.636e+00 
  97835  0.797  2    2014  212  22.80  56870.146   91.2  1.372e+00 
  97840  0.444  1    2014  213   1.45  56870.256   91.2  1.693e+00 
  97841  0.611  1    2014  213   1.74  56870.268   91.2  1.654e+00 
  97844  0.333  1    2014  213   3.35  56870.335   91.2  2.303e+00 
  97845  0.333  1    2014  213   3.54  56870.343   91.2  2.422e+00 
  98085  2.000  1    2014  218   3.51  56875.342   91.9  2.051e+00 
  98165  0.444  1    2014  219  19.82  56877.021   92.6  6.935e-01 
  98166  0.444  1    2014  219  20.06  56877.032   92.6  6.625e-01 
  98173  2.969  1    2014  219  23.81  56877.188   92.7  5.512e-01 
  98178  0.667  1    2014  220   2.30  56877.291   92.8  5.994e-01 
  98223  2.000  1    2014  221   0.73  56878.226   93.4  1.116e+00 
  98269  2.000  1    2014  221  23.90  56879.191   93.9  1.139e+00 
  98321  2.000  1    2014  223   1.64  56880.264   94.6  6.539e-01 
  99326  2.000  1    2014  244   0.08  56901.199   94.0  3.770e-01 
  99328  2.000  1    2014  244   1.11  56901.242   94.1  3.334e-01 
  99571  2.000  1    2014  249   2.65  56906.306   97.6  8.676e-01 
  99573  2.000  1    2014  249   3.68  56906.349   97.6  8.136e-01 
  99622  2.000  1    2014  250   4.33  56907.376   97.2  1.126e+00 
 100422  1.667  1    2014  266  20.35  56924.044   92.0  7.418e-01 
 100426  2.000  1    2014  266  22.16  56924.119   91.9  7.037e-01 
 100434  0.631  1    2014  267   2.47  56924.298   91.8  3.498e-01 
 100438  0.428  1    2014  267   4.05  56924.364   91.7  6.291e-01 
 100665  2.000  1    2014  271  21.87  56929.107   85.4  8.471e-01 
 100711  2.000  1    2014  272  20.87  56930.065   83.9  1.187e+00 
 100713  2.000  1    2014  272  21.95  56930.110   83.9  1.281e+00 
 100762  2.000  1    2014  273  22.18  56931.120   82.3  8.869e-01 
 100764  2.000  1    2014  273  23.21  56931.163   82.2  9.539e-01 
 100813  2.000  1    2014  274  23.59  56932.179   81.0  5.347e-01 
 100815  1.833  1    2014  275   0.61  56932.221   81.0  4.767e-01 
 100818  0.333  1    2014  275   2.12  56932.284   80.9  7.014e-01 
 100867  0.856  2    2014  276   2.70  56933.308   79.9  7.752e-01 
 100914  0.789  2    2014  277   2.21  56934.288   79.3  1.059e+00 
 101205  0.333  1    2014  283   3.80  56940.354   77.3  1.308e+00 
 101239  2.000  1    2014  283  20.86  56941.065   77.1  8.038e-01 
 101241  2.000  1    2014  283  21.90  56941.108   77.1  4.397e-01 
 101294  1.261  2    2014  285   0.24  56942.206   76.8  1.058e+00 
 101341  0.394  1    2014  285  23.70  56943.183   76.7  6.031e-01 
 101344  0.397  1    2014  286   1.34  56943.251   76.6  1.158e+00 
 101345  0.397  1    2014  286   1.57  56943.261   76.6  1.503e+00 
 101391  0.944  1    2014  287   1.00  56944.237   76.5  7.633e-01 
 101395  0.333  1    2014  287   2.60  56944.304   76.5  9.851e-01 
 101728  1.278  1    2014  294   1.05  56951.239   75.9  6.427e-01 
 101729  1.278  1    2014  294   1.88  56951.274   75.9  9.312e-01 
 101822  0.333  1    2014  296   0.41  56953.212   75.7  5.432e-01 
 101867  2.000  1    2014  296  22.50  56954.133   75.6  3.574e-01 
 101869  2.000  1    2014  296  23.56  56954.177   75.6  1.049e+00 
 102115  0.605  1    2014  302   2.61  56959.304   75.7  1.160e+00 
 102246  2.000  1    2014  304  20.02  56962.030   75.7  9.107e-01 
 102306  1.000  1    2014  306   2.32  56963.292   76.2  1.548e+00 
 102342  0.583  1    2014  306  20.32  56964.042   76.6  1.166e+00 
 102343  0.583  1    2014  306  20.95  56964.069   76.6  8.162e-01 
 102345  2.000  1    2014  306  21.72  56964.101   76.7  7.866e-01 
 102491  2.000  1    2014  309  22.62  56967.138   79.0  7.604e-01 
 102546  0.333  1    2014  311   2.31  56968.292   80.0  1.142e+00 
 102547  0.333  1    2014  311   2.50  56968.300   80.1  1.357e+00 
 102548  0.791  1    2014  311   3.10  56968.325   80.1  9.562e-01 
 102549  0.791  1    2014  311   3.52  56968.342   80.1  9.822e-01 
 102831  0.667  2    2014  317   0.66  56974.223   84.0  5.628e-01 
 102832  1.278  1    2014  317   1.36  56974.252   84.0  4.716e-01 
 102834  1.278  1    2014  317   2.05  56974.281   84.0  6.145e-01 
 103215  2.000  1    2014  325   0.68  56982.224   87.2  1.708e+00 
 103259  2.000  1    2014  325  22.77  56983.144   87.8  1.150e+00 
 103316  0.333  1    2014  327   3.34  56984.335   88.3  8.018e-01 
 103317  0.333  1    2014  327   3.54  56984.343   88.3  8.602e-01 
 103358  0.667  2    2014  328   0.17  56985.203   88.7  8.219e-01 
 103457  0.791  1    2014  330   1.83  56987.272   89.4  6.068e-01 
 103458  0.791  1    2014  330   2.25  56987.289   89.4  6.439e-01 
 103459  0.667  2    2014  330   2.90  56987.317   89.5  8.142e-01 
 103460  0.500  1    2014  330   3.38  56987.336   89.5  6.859e-01 
 103461  0.500  1    2014  330   3.65  56987.348   89.5  8.524e-01 
 103503  0.791  1    2014  331   0.59  56988.220   89.7  1.790e+00 
 103504  0.791  1    2014  331   1.01  56988.237   89.7  1.686e+00 
 103590  2.000  1    2014  332  20.44  56990.047   89.9  7.199e-01 
 103594  2.000  1    2014  332  22.28  56990.124   89.9  7.240e-01 
 104023  2.000  1    2014  341  20.79  56999.062   86.7  5.937e-01 
 104125  1.582  2    2014  343  23.74  57001.185   86.7  5.750e-01 
 104940  0.791  1    2014  360  23.02  57018.155   84.6  2.465e-01 
 105427  0.767  2    2015    6   2.71  57028.308   81.6  6.987e-01 
 105949  1.111  1    2015   16  23.91  57039.192   81.1  3.415e-01 
 105952  1.111  1    2015   17   1.11  57039.242   81.0  1.921e-01 
 105998  1.000  1    2015   18   0.43  57040.213   80.9  2.259e-01 
 106423  0.791  1    2015   26  20.70  57049.058   79.9  2.827e-01 
 106424  0.972  1    2015   26  21.24  57049.081   79.9  2.445e-01 
 106472  0.791  1    2015   27  21.13  57050.076   79.8  5.309e-01 
 106482  0.794  2    2015   28   2.20  57050.287   79.8  3.819e-01 
 106577  2.000  1    2015   30   1.99  57052.279   79.7  5.513e-01 
 106580  2.000  1    2015   30   3.02  57052.321   79.7  3.287e-01 
 106618  0.791  1    2015   30  22.38  57053.128   79.5  2.641e-01 
 106622  1.261  2    2015   31   0.32  57053.209   79.5  4.511e-01 
 106662  0.791  1    2015   31  20.25  57054.039   79.3  4.593e-01 
 106663  0.791  1    2015   31  20.67  57054.057   79.3  4.633e-01 
 107729  3.000  1    2015   54   1.98  57076.278   74.6  5.603e-01 
 107733  3.729  1    2015   54   3.75  57076.352   74.6  9.015e-01 
 107769  3.500  1    2015   54  21.67  57077.099   74.6  8.040e-01 
 107773  4.000  1    2015   54  23.63  57077.180   74.6  8.629e-01 
 107777  3.000  1    2015   55   1.81  57077.271   74.6  5.114e-01 
 107781  4.167  1    2015   55   3.67  57077.349   74.6  7.375e-01 
 109114  2.000  1    2015   82  22.13  57105.117   78.3  8.298e-01 
 109116  2.000  1    2015   82  23.20  57105.162   78.3  6.354e-01 
 109118  2.000  1    2015   83   0.26  57105.206   78.4  3.479e-01 
 109506  1.857  1    2015   91   2.27  57113.290   83.9  8.578e-01 
 109541  2.000  1    2015   91  19.63  57114.014   84.2  8.121e-01 
 109637  2.000  1    2015   93  19.65  57116.014   84.6  7.532e-01 
 109684  2.000  1    2015   94  19.46  57117.006   84.6  9.175e-01 
 109781  2.000  1    2015   96  19.65  57119.014   84.7  7.299e-01 
 109978  0.333  1    2015  100  22.49  57123.133   85.6  6.077e-01 
 109979  1.000  1    2015  100  22.89  57123.149   85.6  8.008e-01 
 109987  0.433  1    2015  101   2.68  57123.307   85.7  7.765e-01 
 110367  2.667  1    2015  109   0.67  57131.223   89.2  8.538e-01 
 110405  2.000  1    2015  109  19.83  57132.022   89.1  8.925e-01 
 110407  2.000  1    2015  109  20.86  57132.065   89.0  9.263e-01 
 110414  2.000  1    2015  110   0.08  57132.199   89.0  8.585e-01 
 110416  2.000  1    2015  110   1.11  57132.242   89.0  8.071e-01 
 110419  2.000  1    2015  110   2.79  57132.312   89.0  1.744e+00 
 111330  0.667  2    2015  129   2.35  57151.294   86.3  7.956e-01 
 111332  0.667  2    2015  129   3.24  57151.331   86.3  9.435e-01 
 111333  1.000  2    2015  129   3.84  57151.356   86.3  1.067e+00 
 111334  0.333  1    2015  129   4.38  57151.378   86.3  1.439e+00 
 111335  0.667  2    2015  129   4.78  57151.395   86.3  1.051e+00 
 111336  0.333  1    2015  129   5.37  57151.419   86.3  1.061e+00 
 111363  0.333  1    2015  129  18.87  57151.982   86.0  1.025e+00 
 111364  1.000  3    2015  129  19.24  57151.997   86.0  1.022e+00 
 111365  0.333  1    2015  129  19.60  57152.012   86.0  9.792e-01 
 111366  0.333  1    2015  129  20.17  57152.036   85.9  1.019e+00 
 111367  0.667  2    2015  129  20.76  57152.060   85.9  1.089e+00 
 111368  0.667  2    2015  129  21.25  57152.081   85.9  1.123e+00 
 111369  0.667  2    2015  129  21.71  57152.100   85.9  1.037e+00 
 111370  0.333  1    2015  129  22.27  57152.123   85.9  1.240e+00 
 111371  0.667  2    2015  129  22.73  57152.143   85.9  1.300e+00 
 111372  0.667  2    2015  129  23.29  57152.166   85.9  1.009e+00 
 111373  0.667  2    2015  129  23.75  57152.185   85.9  1.271e+00 
 111374  1.000  3    2015  130   0.31  57152.208   85.9  1.594e+00 
 111375  0.667  2    2015  130   0.78  57152.228   85.9  2.085e+00 
 111376  1.000  3    2015  130   1.24  57152.247   85.9  1.777e+00 
 111377  1.000  3    2015  130   1.80  57152.271   85.8  1.893e+00 
 111378  0.667  2    2015  130   2.26  57152.290   85.8  1.641e+00 
 111379  0.500  1    2015  130   2.75  57152.310   85.8  1.118e+00 
 111380  1.000  2    2015  130   3.24  57152.331   85.8  8.295e-01 
 111381  0.333  1    2015  130   3.67  57152.349   85.8  7.304e-01 
 111382  0.667  2    2015  130   4.19  57152.370   85.8  7.503e-01 
 111383  0.500  1    2015  130   4.57  57152.386   85.8  7.596e-01 
 111384  1.000  2    2015  130   5.29  57152.416   85.8  8.758e-01 
 112055  0.556  1    2015  144   4.80  57166.396   79.7  2.470e+00 
 112439  1.167  1    2015  152   4.95  57174.402   80.9  7.296e-01 
 112487  1.167  1    2015  153   4.92  57175.400   81.1  1.445e+00 
 112529  0.611  1    2015  154   1.82  57176.271   81.1  1.960e+00 
 112530  0.611  1    2015  154   2.14  57176.285   81.1  1.780e+00 
 112771  2.667  1    2015  159   2.75  57181.310   80.1  6.315e-01 
 112773  1.389  1    2015  159   3.86  57181.356   80.1  8.623e-01 
 113001  0.611  1    2015  163  21.64  57186.097   78.3  7.737e-01 
 113141  0.333  1    2015  166  19.80  57189.021   78.0  1.084e+00 
 113198  0.611  1    2015  168   0.24  57190.206   78.4  1.699e+00 
 113199  0.611  1    2015  168   0.56  57190.219   78.4  1.238e+00 
 114018  0.667  1    2015  185   2.39  57207.295   80.3  5.260e-01 
 114020  1.667  1    2015  185   3.07  57207.323   80.3  5.570e-01 
 114340  1.000  1    2015  191  19.30  57214.000   80.0  8.158e-01 
 115170  1.667  1    2015  209   2.21  57231.287   74.5  1.162e+00 
 115172  1.667  1    2015  209   3.12  57231.326   74.5  1.411e+00 
 115174  1.667  1    2015  209   4.04  57231.364   74.5  1.606e+00 
 116854  0.556  1    2015  244   4.26  57266.373   83.0  1.184e+00 
 117047  0.556  1    2015  248   4.84  57270.397   81.7  1.424e+00 
 117479  0.556  1    2015  257   4.56  57279.385   79.5  1.407e+00 
 118007  0.556  1    2015  268   4.61  57290.388   76.8  1.098e+00 
 118053  0.556  1    2015  269   3.80  57291.354   76.4  7.507e-01 
 118101  0.556  1    2015  270   3.80  57292.354   76.0  1.565e+00 
 118102  0.417  1    2015  270   4.13  57292.368   76.0  2.939e+00 
 118103  0.556  1    2015  270   4.53  57292.384   76.0  2.425e+00 
 118147  0.556  1    2015  271   2.54  57293.301   75.6  1.402e+00 
 118196  0.556  1    2015  272   3.11  57294.325   75.3  7.776e-01 
 118198  0.556  1    2015  272   4.47  57294.382   75.2  9.309e-01 
 118805  1.583  1    2015  284  19.83  57307.022   74.0  7.526e-01 
 118807  1.583  1    2015  284  20.66  57307.056   74.0  6.807e-01 
 118808  1.583  1    2015  284  21.47  57307.090   74.0  7.485e-01 
 118853  1.583  1    2015  285  19.74  57308.018   74.1  6.837e-01 
 118960  1.583  1    2015  288   1.44  57310.255   73.8  7.610e-01 
 119007  1.583  1    2015  289   0.67  57311.223   73.6  5.731e-01 
 119093  3.000  1    2015  290  19.90  57313.025   73.2  1.420e+00 
 119097  3.000  1    2015  290  21.52  57313.092   73.2  1.452e+00 
 119100  2.833  1    2015  290  23.06  57313.156   73.2  7.945e-01 
 119106  2.833  1    2015  291   2.10  57313.283   73.2  9.930e-01 
 119109  2.833  1    2015  291   3.63  57313.347   73.2  6.503e-01 
 119150  2.833  1    2015  292   0.11  57314.200   73.2  7.949e-01 
 119193  1.583  1    2015  292  21.85  57315.106   73.3  1.184e+00 
 119200  1.583  1    2015  293   1.27  57315.249   73.4  1.376e+00 
 119251  1.583  1    2015  294   2.52  57316.301   73.7  1.624e+00 
 119290  1.583  1    2015  294  22.21  57317.121   74.0  1.188e+00 
 119343  1.583  1    2015  296   0.52  57318.217   74.4  5.425e-01 
 119344  1.583  1    2015  296   1.34  57318.252   74.4  9.852e-01 
 119685  1.250  1    2015  303   3.85  57325.356   77.7  2.536e+00 
 120260  1.250  1    2015  315   3.46  57337.340   84.2  7.904e-01 
 120498  1.250  1    2015  320   2.01  57342.279   84.6  1.036e+00 
 120499  1.250  1    2015  320   2.68  57342.307   84.6  8.233e-01 
 124908  0.912  1    2016   46  23.42  57434.172   75.7  1.460e+00 
 125387  2.111  1    2016   56  22.67  57444.140   72.7  1.433e+00 
 126058  1.401  1    2016   70  22.32  57458.126   71.3  6.757e-01 
 126060  2.111  1    2016   70  23.29  57458.166   71.3  1.020e+00 
 126249  2.111  1    2016   74  21.88  57462.107   71.2  6.002e-01 
 126251  0.944  1    2016   74  22.89  57462.149   71.2  7.817e-01 
 126252  0.944  1    2016   74  23.40  57462.171   71.2  7.349e-01 
 126589  0.944  1    2016   81  23.77  57469.186   71.3  9.354e-01 
 126590  0.944  1    2016   82   0.26  57469.207   71.3  8.560e-01 
 127363  0.822  1    2016   98   2.65  57485.306   71.0  4.712e-01 
 127406  1.667  1    2016   99   0.05  57486.198   70.9  5.836e-01 
 127408  1.667  1    2016   99   1.02  57486.238   70.9  7.060e-01 
 127409  1.667  1    2016   99   1.88  57486.274   70.9  6.930e-01 
 127411  1.667  1    2016   99   2.73  57486.309   70.9  6.495e-01 
 128215  1.667  1    2016  115  20.51  57503.050   76.4  1.310e+00 
 128216  1.667  1    2016  115  21.43  57503.089   76.4  1.272e+00 
 129088  0.833  1    2016  134   1.46  57521.257   77.6  1.299e+00 
 129321  0.814  1    2016  138  21.72  57526.101   74.7  1.063e+00 
 129366  0.814  1    2016  139  20.27  57527.040   74.5  8.832e-01 
 129372  0.814  1    2016  139  23.11  57527.159   74.5  1.578e+00 
 129556  0.814  1    2016  143  19.23  57530.997   75.8  2.490e+00 
 129557  0.814  1    2016  143  19.83  57531.022   75.8  1.790e+00 
 129558  0.814  1    2016  143  20.28  57531.041   75.8  2.072e+00 
 130181  0.814  1    2016  156  19.50  57544.008   76.6  1.025e+00 
 130182  1.628  2    2016  156  20.23  57544.038   76.6  1.330e+00 
 130232  1.667  1    2016  157  21.12  57545.075   76.4  1.217e+00 
 130248  1.333  1    2016  158   5.15  57545.410   76.4  1.590e+00 
 130280  1.667  1    2016  158  21.29  57546.083   76.3  9.678e-01 
 130283  0.814  1    2016  158  22.84  57546.147   76.3  1.310e+00 
 130284  0.814  1    2016  158  23.26  57546.165   76.3  1.559e+00 
 130326  0.944  1    2016  159  20.17  57547.036   76.2  1.128e+00 
 130327  0.418  1    2016  159  20.62  57547.055   76.2  1.030e+00 
 130371  0.944  1    2016  160  18.87  57547.982   76.1  1.345e+00 
 130372  0.944  1    2016  160  19.36  57548.002   76.1  1.294e+00 
 130375  0.564  1    2016  160  20.84  57548.064   76.1  9.804e-01 
 130957  0.814  1    2016  172  23.59  57560.178   73.5  1.662e+00 
 130958  0.814  1    2016  173   0.01  57560.196   73.5  1.695e+00 
 131301  1.333  1    2016  180   3.63  57567.347   73.2  1.010e+00 
 131302  1.333  1    2016  180   4.31  57567.375   73.2  1.443e+00 
 131303  1.333  1    2016  180   5.00  57567.404   73.2  1.799e+00 
 131860  0.822  1    2016  191  19.09  57578.991   75.4  1.341e+00 
 131861  0.822  1    2016  191  19.52  57579.009   75.4  1.542e+00 
 131863  1.667  1    2016  191  20.62  57579.055   75.4  1.015e+00 
 132390  0.944  1    2016  202  20.15  57590.035   73.6  7.749e-01 
 132391  0.944  1    2016  202  20.64  57590.056   73.6  7.088e-01 
 132436  0.944  1    2016  203  19.13  57590.993   73.4  7.775e-01 
 132437  0.944  1    2016  203  19.61  57591.013   73.4  9.781e-01 
 132484  1.667  1    2016  204  19.12  57591.992   73.2  9.733e-01 
 132580  0.814  1    2016  206  19.36  57594.002   72.5  3.771e-01 
 132581  0.814  1    2016  206  19.78  57594.020   72.5  4.773e-01 
 133791  2.500  1    2016  232   0.60  57619.220   70.8  3.718e-01 
 133793  2.667  1    2016  232   1.96  57619.277   70.8  5.223e-01 
 133796  2.500  1    2016  232   3.34  57619.335   70.8  6.093e-01 
 133799  2.500  1    2016  232   4.64  57619.389   70.8  6.721e-01 
 133889  2.500  1    2016  234   1.96  57621.277   70.8  5.779e-01 
 133892  2.500  1    2016  234   3.26  57621.331   70.8  6.158e-01 
 133895  2.667  1    2016  234   4.59  57621.387   70.7  9.332e-01 
 134986  2.169  1    2016  256  22.30  57644.125   68.2  4.968e-01 
 135127  2.169  1    2016  259  20.81  57647.063   67.7  7.517e-01 
 135943  2.000  1    2016  276  20.61  57664.054   67.4  8.150e-01 
 135945  2.000  1    2016  276  21.78  57664.103   67.4  9.463e-01 
 135951  1.667  1    2016  277   0.87  57664.232   67.4  7.150e-01 
 135953  1.667  1    2016  277   1.76  57664.269   67.4  4.728e-01 
 135955  1.667  1    2016  277   2.90  57664.317   67.4  9.297e-01 
 135957  2.333  1    2016  277   3.96  57664.361   67.4  7.886e-01 
 135989  2.500  1    2016  277  19.67  57665.015   67.4  9.784e-01 
 135994  1.667  1    2016  277  22.17  57665.119   67.4  8.281e-01 
 136001  1.667  1    2016  278   1.93  57665.276   67.4  1.436e+00 
 136003  1.667  1    2016  278   2.92  57665.317   67.4  1.508e+00 
 136006  2.333  1    2016  278   4.07  57665.365   67.4  1.547e+00 
 136229  0.500  1    2016  282  19.89  57670.024   67.3  5.207e-01 
 136230  0.500  1    2016  282  20.18  57670.036   67.3  8.061e-01 
 136231  0.500  1    2016  282  20.92  57670.067   67.3  5.886e-01 
 136474  2.069  1    2016  287  22.11  57675.117   67.2  7.023e-01 
 136533  1.600  1    2016  289   3.58  57676.345   67.2  7.268e-01 
 136760  2.000  1    2016  293  21.14  57681.076   67.0  5.421e-01 
 136766  1.555  1    2016  294   0.46  57681.215   67.0  4.461e-01 
 136912  1.250  1    2016  297   1.13  57684.242   66.8  2.570e+00 
 136913  1.250  1    2016  297   1.77  57684.269   66.8  2.628e+00 
 136914  1.250  1    2016  297   2.42  57684.296   66.8  2.784e+00 
 136916  1.250  1    2016  297   3.06  57684.323   66.8  2.236e+00 
 137285  0.667  1    2016  304  19.74  57692.018   66.9  1.045e+00 
 137286  1.039  2    2016  304  20.19  57692.037   66.9  9.478e-01 
 137291  2.667  1    2016  304  22.67  57692.140   66.9  1.176e+00 
 137293  0.667  1    2016  304  23.64  57692.181   66.9  8.766e-01 
 137335  0.500  1    2016  305  20.92  57693.067   66.9  1.545e+00 
 137336  1.000  2    2016  305  21.31  57693.084   66.9  1.527e+00 
 137432  2.069  1    2016  307  21.34  57695.085   67.0  3.972e-01 
 137434  2.069  1    2016  307  22.50  57695.133   67.0  4.175e-01 
 137437  2.069  1    2016  307  23.59  57695.178   67.0  4.885e-01 
 137623  2.000  1    2016  311  20.78  57699.061   67.3  5.575e-01 
 137626  2.000  1    2016  311  22.11  57699.117   67.3  5.636e-01 
 137628  2.000  1    2016  311  23.14  57699.160   67.3  6.994e-01 
 137630  2.000  1    2016  312   0.16  57699.202   67.3  2.456e-01 
 137632  2.000  1    2016  312   1.36  57699.252   67.3  4.802e-01 
 137634  2.000  1    2016  312   2.50  57699.300   67.3  6.329e-01 
 137637  2.000  1    2016  312   3.53  57699.342   67.3  6.668e-01 
 137671  1.500  1    2016  312  20.89  57700.066   67.3  5.267e-01 
 137673  2.000  1    2016  312  21.95  57700.110   67.3  5.266e-01 
 137675  2.000  1    2016  312  22.99  57700.153   67.3  4.235e-01 
 137678  2.000  1    2016  313   0.18  57700.203   67.3  7.771e-01 
 137680  2.000  1    2016  313   1.21  57700.246   67.3  6.998e-01 
 137682  2.500  1    2016  313   2.42  57700.296   67.3  7.007e-01 
 137685  1.833  1    2016  313   3.75  57700.352   67.3  8.024e-01 
 137717  1.500  1    2016  313  19.87  57701.024   67.4  7.891e-01 
 137728  2.500  1    2016  314   1.20  57701.246   67.4  5.276e-01 
 137733  2.000  1    2016  314   3.62  57701.347   67.4  4.480e-01 
 137766  2.000  1    2016  314  20.49  57702.049   67.4  2.087e-01 
 137771  2.000  1    2016  314  22.53  57702.134   67.4  3.213e-01 
 137773  2.000  1    2016  314  23.80  57702.187   67.4  3.594e-01 
 137775  2.000  1    2016  315   0.83  57702.230   67.4  5.925e-01 
 137777  2.000  1    2016  315   1.85  57702.273   67.4  6.453e-01 
 137780  2.000  1    2016  315   3.10  57702.325   67.4  8.398e-01 
 138013  0.500  1    2016  319  23.74  57707.185   68.0  9.135e-01 
 138056  0.500  1    2016  320  21.24  57708.081   68.1  9.571e-01 
 138057  0.500  1    2016  320  21.50  57708.091   68.1  7.771e-01 
 138058  0.667  1    2016  320  22.20  57708.121   68.1  7.619e-01 
 138059  0.667  1    2016  320  22.55  57708.135   68.1  1.214e+00 
 138060  0.667  1    2016  320  23.26  57708.165   68.1  8.502e-01 
 138061  1.333  2    2016  320  23.78  57708.187   68.1  8.899e-01 
 138102  1.000  2    2016  321  20.32  57709.042   68.2  6.188e-01 
 138103  0.333  1    2016  321  20.92  57709.067   68.2  1.487e+00 
 138105  0.500  1    2016  321  21.80  57709.104   68.2  8.361e-01 
 138110  0.500  1    2016  322   0.16  57709.202   68.2  9.649e-01 
 138154  0.333  1    2016  322  22.44  57710.130   68.3  6.932e-01 
 138157  1.000  2    2016  322  23.80  57710.187   68.3  7.383e-01 
 138159  0.500  1    2016  323   0.63  57710.222   68.3  4.087e-01 
 138583  2.069  1    2016  331  20.51  57719.050   71.1  3.664e-01 
 138974  1.600  1    2016  340   0.06  57727.198   76.4  1.423e+00 
 139019  1.167  2    2016  340  22.82  57728.147   76.6  5.711e-01 
 139020  0.583  1    2016  340  23.28  57728.166   76.6  7.460e-01 
 139023  1.600  1    2016  341   0.93  57728.234   76.6  9.302e-01 
 139112  1.333  2    2016  342  21.28  57730.082   76.7  9.042e-01 
 139162  0.667  1    2016  343  22.41  57731.130   76.7  7.334e-01 
 139351  1.667  1    2016  347  20.52  57735.051   76.7  3.667e-01 
 139497  0.667  1    2016  350  21.83  57738.105   76.7  4.356e-01 
 139498  0.667  1    2016  350  22.17  57738.119   76.7  3.747e-01 
 140324  0.944  1    2017    2   3.43  57755.338   72.7  2.493e-01 
 140455  0.667  1    2017    4  20.57  57758.053   72.8  7.948e-01 
 140504  0.667  1    2017    5  21.50  57759.091   72.8  6.582e-01 
 140707  0.822  1    2017   10   3.00  57763.321   72.6  8.565e-01 
 140708  0.822  1    2017   10   3.42  57763.338   72.6  1.220e+00 
 141856  2.333  1    2017   34   1.36  57787.252   69.3  5.941e-01 
 141859  2.333  1    2017   34   2.63  57787.305   69.3  5.890e-01 
 142284  1.944  1    2017   42  23.48  57796.174   69.6  5.560e-01 
 142286  1.538  1    2017   43   0.38  57796.212   69.6  3.418e-01 
 142292  1.944  1    2017   43   3.21  57796.329   69.6  6.224e-01 
 142294  1.500  1    2017   43   4.17  57796.369   69.6  6.169e-01 
 142327  1.944  1    2017   43  20.68  57797.057   69.6  5.355e-01 
 142329  1.944  1    2017   43  21.68  57797.099   69.6  7.950e-01 
 142331  1.944  1    2017   43  22.69  57797.141   69.6  7.339e-01 
 142333  1.944  1    2017   43  23.70  57797.183   69.6  7.928e-01 
 142341  1.111  1    2017   44   3.77  57797.353   69.5  3.306e-01 
 142342  1.111  1    2017   44   4.35  57797.377   69.5  3.890e-01 
 142377  1.000  1    2017   44  21.53  57798.093   69.5  2.354e-01 
 142378  1.944  1    2017   44  22.37  57798.128   69.5  2.953e-01 
 142380  1.944  1    2017   44  23.38  57798.170   69.5  5.322e-01 
 142382  1.944  1    2017   45   0.38  57798.211   69.5  5.605e-01 
 142384  1.944  1    2017   45   1.37  57798.252   69.5  1.102e+00 
 142386  1.111  1    2017   45   2.27  57798.290   69.5  7.701e-01 
 142387  1.111  1    2017   45   2.84  57798.314   69.5  9.676e-01 
 142388  1.111  1    2017   45   3.42  57798.338   69.5  1.045e+00 
 142389  1.111  1    2017   45   3.99  57798.362   69.5  1.118e+00 
 142626  0.333  1    2017   50   2.48  57803.299   69.3  8.371e-01 
 142914  0.500  1    2017   56   2.48  57809.299   69.0  1.053e+00 
 142915  0.500  1    2017   56   2.74  57809.310   69.0  8.392e-01 
 142916  1.000  2    2017   56   3.15  57809.327   69.0  7.479e-01 
 143055  1.067  1    2017   59   0.84  57812.230   69.0  1.801e+00 
 143056  1.067  1    2017   59   1.44  57812.256   69.0  2.637e+00 
 143060  1.067  1    2017   59   3.21  57812.329   69.0  1.955e+00 
 143061  1.067  1    2017   59   3.76  57812.352   69.0  1.910e+00 
 143105  1.067  1    2017   60   1.69  57813.266   69.0  3.876e-01 
 143106  1.667  1    2017   60   2.47  57813.299   69.0  3.761e-01 
 143156  1.667  1    2017   61   3.38  57814.336   69.0  3.838e-01 
 143442  0.333  1    2017   67   2.16  57820.286   68.8  8.615e-01 
 143445  0.778  1    2017   67   3.61  57820.346   68.8  4.908e-01 
 143446  0.778  1    2017   67   4.03  57820.363   68.8  6.784e-01 
 143591  0.767  1    2017   70   4.77  57823.395   68.7  1.110e+00 
 143676  2.336  1    2017   71  23.39  57825.170   69.3  6.129e-01 
 143679  2.336  1    2017   72   0.59  57825.220   69.4  4.363e-01 
 143681  2.336  1    2017   72   1.79  57825.270   69.4  4.143e-01 
 143973  0.694  1    2017   78   3.67  57831.348   72.7  7.063e-01 
 143974  1.389  2    2017   78   4.21  57831.371   72.7  6.242e-01 
 143975  0.694  1    2017   78   4.76  57831.394   72.7  5.970e-01 
 144021  1.000  1    2017   79   3.67  57832.348   73.1  9.757e-01 
 144023  0.667  1    2017   79   4.59  57832.387   73.1  7.111e-01 
 144391  1.500  1    2017   86  20.62  57840.055   74.0  1.194e+00 
 144450  0.500  1    2017   88   2.12  57841.284   74.0  7.927e-01 
 144493  0.500  1    2017   88  23.95  57842.193   74.0  8.112e-01 
 144494  1.000  2    2017   89   0.34  57842.210   74.0  8.232e-01 
 144495  0.500  1    2017   89   0.74  57842.227   74.0  7.223e-01 
 144500  0.500  1    2017   89   3.45  57842.339   74.0  6.468e-01 
 144501  0.500  1    2017   89   3.71  57842.350   74.0  6.355e-01 
 144540  0.500  1    2017   89  23.28  57843.166   73.9  1.212e+00 
 144541  1.000  2    2017   89  23.68  57843.182   73.9  1.881e+00 
 144542  0.500  1    2017   90   0.08  57843.199   73.9  1.946e+00 
 144641  0.889  2    2017   92   1.74  57845.268   73.9  2.015e+00 
 144790  1.000  2    2017   95   4.33  57848.376   74.1  1.407e+00 
 144791  0.500  1    2017   95   4.73  57848.393   74.1  1.320e+00 
 144821  0.822  1    2017   95  19.98  57849.028   74.1  9.568e-01 
 145013  3.000  1    2017   99  19.61  57853.012   73.2  1.577e+00 
 145019  2.000  1    2017   99  22.67  57853.140   73.2  1.443e+00 
 145061  3.000  1    2017  100  19.61  57854.013   72.9  6.785e-01 
 145063  1.735  1    2017  100  20.83  57854.064   72.9  8.108e-01 
 145159  1.667  1    2017  102  20.82  57856.063   72.0  7.645e-01 
 145161  1.667  1    2017  102  21.68  57856.099   71.9  7.995e-01 
 145163  1.667  1    2017  102  22.53  57856.134   71.9  8.326e-01 
 145164  1.667  1    2017  102  23.39  57856.170   71.9  1.021e+00 
 145219  1.500  1    2017  104   2.87  57857.315   71.4  2.609e+00 
 145492  0.556  1    2017  109  19.35  57863.002   69.9  7.020e-01 
 145493  0.556  1    2017  109  19.65  57863.014   69.9  9.027e-01 
 145496  1.000  1    2017  109  21.16  57863.077   69.9  1.148e+00 
 145497  1.000  1    2017  109  21.67  57863.099   69.9  7.820e-01 
 145553  0.333  1    2017  111   1.89  57864.274   69.8  1.092e+00 
 145554  0.333  1    2017  111   2.07  57864.282   69.8  7.432e-01 
 145555  0.667  2    2017  111   2.61  57864.304   69.8  9.231e-01 
 145558  0.667  1    2017  111   4.27  57864.374   69.8  6.047e-01 
 145701  0.500  1    2017  114   3.78  57867.353   69.7  8.780e-01 
 145702  1.000  2    2017  114   4.17  57867.369   69.7  8.161e-01 
 145843  1.000  2    2017  117   2.77  57870.311   69.7  1.151e+00 
 145844  0.500  1    2017  117   3.17  57870.327   69.7  1.466e+00 
 145846  0.667  1    2017  117   4.37  57870.378   69.8  9.540e-01 
 145847  0.667  1    2017  117   4.72  57870.392   69.8  1.447e+00 
 145848  0.667  1    2017  117   5.07  57870.407   69.8  1.008e+00 
 145893  0.500  1    2017  118   3.92  57871.359   69.7  1.277e+00 
 145894  0.500  1    2017  118   4.45  57871.381   69.7  1.732e+00 
 145943  1.000  3    2017  119   4.71  57872.392   69.7  1.142e+00 
 146020  1.622  1    2017  120  19.12  57873.992   69.7  9.441e-01 
 146022  1.194  1    2017  120  20.16  57874.036   69.7  8.395e-01 
 146024  1.944  1    2017  120  21.21  57874.080   69.7  8.962e-01 
 146026  1.944  1    2017  120  22.43  57874.130   69.7  8.722e-01 
 146029  1.944  1    2017  120  23.53  57874.176   69.7  9.658e-01 
 146032  1.944  1    2017  121   1.08  57874.240   69.7  1.738e+00 
 146034  1.944  1    2017  121   2.11  57874.283   69.7  1.328e+00 
 146036  1.944  1    2017  121   3.12  57874.326   69.7  1.634e+00 
 146038  1.944  1    2017  121   4.14  57874.368   69.7  1.899e+00 
 146039  1.000  1    2017  121   4.92  57874.400   69.7  2.249e+00 
 146068  1.944  1    2017  121  19.17  57874.994   69.7  1.300e+00 
 146070  1.944  1    2017  121  20.29  57875.041   69.7  1.390e+00 
 146072  1.944  1    2017  121  21.31  57875.083   69.7  1.177e+00 
 146074  1.944  1    2017  121  22.31  57875.125   69.7  1.409e+00 
 146077  1.944  1    2017  121  23.69  57875.183   69.7  1.863e+00 
 146079  1.944  1    2017  122   0.68  57875.224   69.7  2.167e+00 
 146081  1.944  1    2017  122   1.73  57875.267   69.7  1.705e+00 
 146083  1.944  1    2017  122   2.74  57875.310   69.7  1.651e+00 
 146085  1.944  1    2017  122   3.83  57875.355   69.7  1.845e+00 
 146087  1.944  1    2017  122   4.99  57875.403   69.7  2.089e+00 
 146116  1.944  1    2017  122  19.15  57875.994   69.7  8.211e-01 
 146118  1.944  1    2017  122  20.16  57876.035   69.8  1.064e+00 
 146120  1.944  1    2017  122  21.16  57876.077   69.8  1.143e+00 
 146122  1.944  1    2017  122  22.16  57876.119   69.8  1.361e+00 
 146127  1.944  1    2017  123   0.58  57876.220   69.8  1.329e+00 
 146129  1.944  1    2017  123   1.58  57876.261   69.8  1.752e+00 
 146131  1.944  1    2017  123   2.58  57876.303   69.8  1.996e+00 
 146133  1.944  1    2017  123   3.64  57876.347   69.8  2.250e+00 
 146135  1.944  1    2017  123   4.75  57876.394   69.8  1.910e+00 
 146659  0.500  1    2017  134   2.79  57887.312   69.9  9.027e-01 
 146660  1.000  2    2017  134   3.19  57887.328   69.9  9.008e-01 
 147238  0.667  1    2017  146   4.36  57899.377   69.9  1.320e+00 
 147239  0.667  1    2017  146   4.70  57899.392   69.9  1.624e+00 
 147240  0.667  1    2017  146   5.05  57899.406   69.9  1.611e+00 
 147911  0.500  1    2017  160   4.82  57913.396   68.4  2.345e+00 
 147912  1.000  2    2017  160   5.22  57913.413   68.4  2.000e+00 
 148486  0.500  1    2017  172   4.49  57925.382   68.0  1.934e+00 
 148487  0.500  1    2017  172   4.75  57925.393   68.0  1.731e+00 
 148488  0.500  1    2017  172   5.01  57925.404   68.0  1.090e+00 
 148807  0.822  1    2017  178  21.00  57932.070   67.9  1.996e+00 
 148808  0.822  1    2017  178  21.42  57932.088   67.9  1.687e+00 
 148868  2.500  1    2017  180   3.31  57933.334   67.9  1.194e+00 
 148919  3.000  1    2017  181   4.80  57934.395   67.8  2.213e+00 
 149060  0.833  1    2017  184   3.36  57937.336   67.8  1.200e+00 
 149061  0.833  1    2017  184   3.79  57937.354   67.8  1.372e+00 
 149427  0.944  1    2017  191  18.58  57944.970   67.9  1.038e+00 
 149428  0.944  1    2017  191  19.08  57944.990   67.9  1.155e+00 
 149907  0.822  1    2017  201  18.62  57954.971   67.8  1.455e+00 
 149908  0.822  1    2017  201  19.05  57954.989   67.8  1.097e+00 
 150213  1.000  1    2017  208   3.51  57961.342   67.9  5.927e-01 
 150214  1.000  1    2017  208   4.02  57961.363   67.9  4.494e-01 
 150398  1.500  1    2017  212   0.32  57965.209   67.9  8.252e-01 
 150449  1.500  1    2017  213   1.71  57966.267   67.9  7.866e-01 
 150496  1.500  1    2017  214   1.02  57967.238   67.9  5.832e-01 
 150552  0.778  1    2017  215   5.42  57968.421   67.9  7.562e-01 
 150677  1.000  1    2017  217  19.74  57971.018   67.8  1.748e+00 
 150788  1.500  1    2017  220   3.31  57973.334   67.9  7.745e-01 
 150883  1.000  1    2017  222   2.67  57975.307   67.9  5.224e-01 
 150884  1.000  1    2017  222   3.18  57975.328   67.9  4.496e-01 
 150885  1.000  1    2017  222   3.69  57975.350   67.9  4.657e-01 
 151889  1.669  1    2017  243   1.78  57996.270   67.9  7.558e-01 
 151891  1.669  1    2017  243   2.87  57996.315   67.9  6.385e-01 
 151893  1.669  1    2017  243   3.74  57996.351   67.9  8.379e-01 
 151895  1.669  1    2017  243   4.60  57996.387   67.9  1.066e+00 
 151936  1.669  1    2017  244   1.00  57997.237   67.9  2.977e-01 
 151983  1.669  1    2017  245   0.74  57998.226   67.8  4.838e-01 
 151985  1.669  1    2017  245   1.62  57998.263   67.8  4.246e-01 
 151990  1.669  1    2017  245   4.04  57998.364   67.8  6.967e-01 
 152029  1.669  1    2017  245  23.78  57999.187   67.8  5.546e-01 
 152031  1.669  1    2017  246   0.67  57999.223   67.8  6.239e-01 
 152033  1.669  1    2017  246   1.55  57999.260   67.8  5.857e-01 
 152034  1.669  1    2017  246   2.43  57999.297   67.8  4.627e-01 
 152075  1.669  1    2017  246  23.00  58000.154   67.8  4.402e-01 
 152077  1.669  1    2017  246  23.87  58000.190   67.8  4.305e-01 
 152086  1.556  2    2017  247   4.20  58000.371   67.9  4.145e-01 
 152803  0.778  1    2017  262   2.70  58015.308   67.9  3.655e-01 
 152853  0.667  1    2017  263   3.66  58016.348   67.9  7.087e-01 
 152854  0.667  1    2017  263   4.36  58016.377   67.9  6.925e-01 
 153093  0.667  1    2017  268   3.74  58021.351   67.8  1.255e+00 
 153094  1.333  2    2017  268   4.26  58021.373   67.8  1.098e+00 
 153130  1.618  1    2017  268  22.43  58022.130   67.7  6.356e-01 
 153429  0.667  1    2017  275   3.61  58028.346   68.1  1.120e+00 
 153430  0.667  1    2017  275   4.30  58028.375   68.1  1.829e+00 
 153476  0.822  1    2017  276   3.07  58029.323   68.2  1.010e+00 
 153516  0.778  2    2017  276  23.38  58030.170   68.2  1.720e+00 
 153521  0.822  1    2017  277   1.76  58030.269   68.3  1.143e+00 
 153617  0.822  1    2017  279   1.55  58032.260   68.4  7.672e-01 
 153665  0.822  1    2017  280   1.79  58033.270   68.4  1.475e+00 
 153666  0.822  1    2017  280   2.22  58033.288   68.4  1.715e+00 
 153717  0.822  1    2017  281   3.67  58034.348   68.3  1.012e+00 
 153718  0.822  1    2017  281   4.10  58034.366   68.3  1.256e+00 
 153748  0.667  2    2017  281  19.38  58035.003   68.3  7.788e-01 
 153749  0.667  2    2017  281  19.81  58035.021   68.3  6.252e-01 
 154329  0.778  2    2017  293  21.82  58047.105   68.0  3.994e-01 
 155094  1.833  1    2017  309  20.04  58063.031   67.0  6.822e-01 
 155096  2.000  1    2017  309  21.07  58063.074   67.0  7.371e-01 
 155098  1.667  1    2017  309  22.04  58063.114   67.0  9.917e-01 
 155099  1.667  1    2017  309  22.93  58063.151   67.0  1.163e+00 
 156115  0.822  1    2017  331   2.89  58084.316   66.9  9.690e-01 
 156441  0.822  1    2017  337  21.98  58091.111   67.0  6.160e-01 
 156442  0.822  1    2017  337  22.40  58091.129   67.0  7.015e-01 
 157890  0.944  1    2018    3   2.47  58121.298   67.1  3.342e-01 
 157891  0.944  1    2018    3   2.95  58121.319   67.1  2.860e-01 
 157932  0.822  1    2018    3  23.13  58122.159   67.1  7.252e-01 
 158081  0.778  1    2018    7   1.65  58125.264   67.5  6.284e-01 
 158082  0.778  1    2018    7   2.05  58125.281   67.5  6.410e-01 
 158215  1.250  1    2018    9  20.54  58128.052   67.6  8.307e-01 
 158216  1.250  1    2018    9  21.31  58128.083   67.6  4.006e-01 
 158218  1.250  1    2018    9  22.01  58128.113   67.6  4.021e-01 
 158219  1.250  1    2018    9  22.75  58128.143   67.6  2.114e-01 
 158369  0.350  1    2018   13   1.94  58131.276   67.6  3.380e-01 
 158469  0.333  1    2018   15   3.91  58133.359   67.6  6.151e-01 
 158517  0.944  1    2018   16   3.91  58134.358   67.7  1.780e-01 
 158561  0.500  1    2018   17   1.78  58135.270   67.7  3.843e-01 
 158562  1.000  2    2018   17   2.18  58135.286   67.7  3.269e-01 
 158563  0.500  1    2018   17   2.58  58135.303   67.7  5.458e-01 
 158564  0.333  1    2018   17   3.10  58135.325   67.7  5.916e-01 
 158658  0.500  1    2018   19   2.37  58137.294   67.7  9.795e-01 
 158659  1.000  2    2018   19   2.78  58137.311   67.7  9.773e-01 
 158660  0.500  1    2018   19   3.17  58137.328   67.7  9.743e-01 
 158751  2.336  1    2018   21   0.52  58139.217   67.7  4.685e-01 
 158893  2.336  1    2018   23  23.66  58142.181   67.8  4.820e-01 
 158901  1.167  1    2018   24   3.97  58142.361   67.8  7.037e-01 
 158942  2.336  1    2018   25   0.06  58143.198   67.8  8.078e-01 
 159182  2.336  1    2018   30   0.40  58148.212   67.8  6.637e-01 
 159228  0.833  1    2018   30  23.45  58149.173   67.8  3.973e-01 
 159229  0.833  1    2018   30  23.88  58149.191   67.8  5.296e-01 
 159230  0.833  1    2018   31   0.32  58149.209   67.8  4.436e-01 
 159231  0.833  1    2018   31   0.75  58149.227   67.8  5.765e-01 
 159232  0.694  1    2018   31   1.23  58149.247   67.8  5.134e-01 
 159233  1.389  2    2018   31   1.78  58149.270   67.8  3.548e-01 
 159234  0.694  1    2018   31   2.33  58149.293   67.8  3.520e-01 
 159236  0.825  1    2018   31   3.45  58149.339   67.8  4.415e-01 
 159237  0.825  1    2018   31   3.88  58149.357   67.8  4.200e-01 
 159277  0.556  1    2018   31  23.95  58150.194   67.8  1.095e+00 
 159278  0.556  1    2018   32   0.25  58150.206   67.8  1.188e+00 
 159279  1.111  2    2018   32   0.69  58150.224   67.8  1.024e+00 
 159326  0.825  1    2018   33   0.32  58151.209   67.8  6.961e-01 
 159327  0.825  1    2018   33   0.74  58151.227   67.8  7.020e-01 
 159328  1.167  1    2018   33   1.32  58151.251   67.8  7.702e-01 
 159329  1.167  1    2018   33   1.95  58151.277   67.8  1.004e+00 
 159330  0.350  1    2018   33   2.45  58151.298   67.8  1.140e+00 
 159331  0.350  1    2018   33   2.64  58151.306   67.8  1.100e+00 
 159376  1.111  2    2018   34   1.20  58152.246   67.7  8.028e-01 
 159423  0.333  1    2018   35   0.89  58153.233   67.7  7.491e-01 
 159424  0.333  1    2018   35   1.07  58153.240   67.7  7.834e-01 
 159425  1.644  2    2018   35   1.72  58153.267   67.7  7.479e-01 
 159805  0.500  1    2018   42  23.51  58161.175   68.0  2.361e-01 
 159856  0.556  1    2018   44   1.43  58162.255   68.1  1.159e+00 
 159857  0.556  1    2018   44   1.73  58162.267   68.1  1.031e+00 
 159910  0.333  1    2018   45   4.44  58163.381   68.2  6.321e-01 
 160041  2.336  1    2018   47  21.56  58166.094   68.3  9.015e-01 
 160183  2.336  1    2018   50  20.59  58169.053   68.4  4.341e-01 
 160281  0.694  1    2018   52  21.78  58171.103   68.4  4.901e-01 
 160282  0.694  1    2018   52  22.16  58171.119   68.4  4.744e-01 
 160283  1.389  2    2018   52  22.72  58171.142   68.4  6.618e-01 
 160333  0.556  1    2018   53  23.86  58172.190   68.3  6.847e-01 
 160334  1.111  2    2018   54   0.31  58172.208   68.3  6.308e-01 
 160335  0.556  1    2018   54   0.76  58172.227   68.3  8.172e-01 
 160381  0.833  1    2018   54  23.99  58173.195   68.3  5.376e-01 
 160382  0.833  1    2018   55   0.43  58173.214   68.3  4.497e-01 
 160383  0.833  1    2018   55   0.87  58173.232   68.3  5.847e-01 
 160384  0.833  1    2018   55   1.31  58173.250   68.3  5.108e-01 
 160387  0.667  2    2018   55   2.87  58173.315   68.3  5.861e-01 
 160518  0.389  1    2018   57  20.36  58176.044   68.3  1.220e+00 
 161350  0.389  1    2018   75   4.39  58193.379   68.3  1.785e+00 
 161351  0.444  1    2018   75   4.63  58193.389   68.3  2.197e+00 
 161622  1.111  2    2018   80  20.29  58199.041   68.8  1.012e+00 
 161639  0.333  1    2018   81   4.83  58199.397   68.9  1.657e+00 
 161640  0.333  1    2018   81   5.02  58199.405   68.9  1.733e+00 
 161735  0.333  1    2018   83   4.59  58201.387   69.0  1.149e+00 
 161780  1.000  1    2018   84   3.43  58202.339   69.1  9.630e-01 
 161781  1.000  1    2018   84   3.95  58202.360   69.1  1.010e+00 
 161875  1.000  1    2018   86   2.54  58204.301   69.3  2.545e+00 
 161876  1.000  1    2018   86   3.05  58204.323   69.3  1.989e+00 
 161877  1.000  1    2018   86   3.57  58204.344   69.3  2.864e+00 
 161878  1.000  1    2018   86   4.08  58204.366   69.3  9.935e-01 
 162020  2.222  1    2018   89   3.29  58207.332   69.5  2.051e+00 
 162102  1.056  1    2018   90  20.30  58209.041   69.6  1.019e+00 
 162116  1.669  1    2018   91   3.48  58209.340   69.6  2.256e+00 
 162118  1.669  1    2018   91   4.37  58209.378   69.6  1.985e+00 
 162165  1.669  1    2018   92   3.89  58210.358   69.7  1.868e+00 
 162167  1.669  1    2018   92   4.75  58210.394   69.7  2.447e+00 
 162299  0.822  1    2018   94  22.58  58213.136   69.9  8.032e-01 
 162300  0.822  1    2018   94  23.00  58213.154   69.9  7.318e-01 
 162582  0.822  1    2018  100  20.42  58219.046   70.4  7.861e-01 
 162631  0.822  1    2018  101  20.93  58220.068   70.4  4.422e-01 
 162632  0.822  1    2018  101  21.35  58220.085   70.4  7.137e-01 
 163064  1.367  1    2018  110  21.25  58229.081   70.2  1.836e+00 
 163074  1.367  1    2018  111   2.46  58229.298   70.2  1.130e+00 
 163111  1.367  1    2018  111  20.77  58230.061   70.2  1.810e+00 
 163113  1.367  1    2018  111  21.66  58230.098   70.2  1.655e+00 
 163116  1.367  1    2018  111  23.45  58230.172   70.2  1.163e+00 
 163118  1.367  1    2018  112   0.37  58230.211   70.2  1.199e+00 
 163120  1.367  1    2018  112   1.24  58230.247   70.2  6.693e-01 
 163158  1.367  1    2018  112  20.34  58231.043   70.1  1.311e+00 
 163165  0.500  1    2018  112  23.93  58231.193   70.1  4.357e+00 
 163166  1.367  1    2018  113   0.47  58231.215   70.1  4.869e+00 
 163168  1.367  1    2018  113   1.30  58231.250   70.1  4.121e+00 
 163175  0.667  1    2018  113   4.78  58231.395   70.1  1.871e+00 
 163300  2.033  1    2018  115  19.47  58234.007   70.2  1.164e+00 
 163354  3.000  1    2018  116  22.16  58235.119   70.3  1.027e+00 
 163357  3.000  1    2018  116  23.77  58235.186   70.3  9.093e-01 
 163396  3.000  1    2018  117  19.47  58236.007   70.4  9.708e-01 
 163400  3.000  1    2018  117  21.04  58236.072   70.4  1.035e+00 
 163408  3.000  1    2018  118   1.30  58236.250   70.5  1.243e+00 
 163411  3.000  1    2018  118   2.90  58236.316   70.5  1.267e+00 
 163448  3.000  1    2018  118  21.50  58237.091   70.6  1.241e+00 
 163457  3.000  1    2018  119   1.88  58237.274   70.6  1.380e+00 
 163460  3.000  1    2018  119   3.41  58237.338   70.6  1.925e+00 
 163463  2.000  1    2018  119   4.78  58237.395   70.6  2.427e+00 
 167826  1.667  1    2018  210   2.26  58328.290   69.6  7.927e-01 
 167828  1.667  1    2018  210   3.13  58328.326   69.6  1.093e+00 
 167830  1.667  1    2018  210   4.02  58328.363   69.6  1.188e+00 
 167921  1.667  1    2018  212   1.96  58330.277   69.6  8.425e-01 
 167923  1.667  1    2018  212   2.84  58330.314   69.6  1.160e+00 
 167925  1.667  1    2018  212   3.71  58330.350   69.6  1.114e+00 
 167927  1.667  1    2018  212   4.63  58330.388   69.6  1.412e+00 
 168341  1.000  1    2018  220  19.71  58339.017   69.5  6.847e-01 
 168790  1.667  1    2018  230   4.10  58348.366   68.9  5.175e-01 
 168791  0.797  1    2018  230   4.77  58348.394   68.9  5.423e-01 
 168832  1.667  1    2018  231   1.29  58349.249   68.9  3.155e-01 
 168834  1.667  1    2018  231   2.16  58349.286   68.9  2.846e-01 
 168836  1.667  1    2018  231   3.11  58349.325   68.9  4.341e-01 
 169124  0.350  1    2018  237   3.45  58355.339   69.2  5.310e-01 
 169125  0.350  1    2018  237   3.67  58355.348   69.2  7.296e-01 
 169269  0.461  1    2018  240   3.77  58358.353   69.3  6.279e-01 
 169270  0.461  1    2018  240   4.02  58358.363   69.3  5.194e-01 
 169972  1.333  1    2018  254  19.17  58372.994   70.5  3.267e-01 
 169973  1.333  1    2018  254  19.85  58373.023   70.5  4.257e-01 
 169975  1.333  1    2018  254  20.53  58373.051   70.5  5.071e-01 
 170081  0.922  2    2018  257   1.76  58375.269   70.8  8.473e-01 
 170260  1.333  1    2018  260  19.20  58378.995   71.3  6.966e-01 
 170261  1.333  1    2018  260  19.88  58379.024   71.3  9.398e-01 
 170263  1.333  1    2018  260  20.56  58379.052   71.3  7.601e-01 
 170270  0.461  1    2018  261   0.46  58379.215   71.3  4.004e-01 
 170271  0.461  1    2018  261   0.71  58379.225   71.3  5.782e-01 
 170316  0.461  1    2018  261  23.42  58380.171   71.4  6.905e-01 
 170317  0.461  1    2018  261  23.67  58380.182   71.4  4.831e-01 
 170319  0.922  2    2018  262   0.78  58380.228   71.4  6.806e-01 
 170405  1.333  1    2018  263  19.62  58382.013   71.5  8.268e-01 
 170406  1.333  1    2018  263  20.30  58382.041   71.5  7.733e-01 
 170409  3.000  1    2018  263  21.72  58382.101   71.5  8.253e-01 
 170412  3.000  1    2018  263  23.27  58382.165   71.5  1.081e+00 
 170416  3.000  1    2018  264   1.15  58382.244   71.5  1.290e+00 
 170419  3.000  1    2018  264   2.85  58382.314   71.5  1.324e+00 
 170422  2.027  1    2018  264   4.29  58382.374   71.5  1.433e+00 
 170452  1.333  1    2018  264  19.06  58382.990   71.6  4.614e-01 
 170453  1.333  1    2018  264  19.74  58383.018   71.6  5.768e-01 
 170454  1.333  1    2018  264  20.42  58383.046   71.6  4.210e-01 
 170463  3.000  1    2018  265   0.82  58383.230   71.6  1.033e+00 
 170466  3.000  1    2018  265   2.37  58383.294   71.6  1.295e+00 
 170470  3.000  1    2018  265   4.04  58383.364   71.6  1.477e+00 
 170511  3.000  1    2018  266   0.75  58384.227   71.6  1.978e+00 
 170514  3.000  1    2018  266   2.30  58384.291   71.6  1.563e+00 
 170518  3.000  1    2018  266   4.04  58384.364   71.6  1.126e+00 
 170558  3.000  1    2018  267   0.46  58385.215   71.6  1.080e+00 
 170562  3.000  1    2018  267   2.00  58385.279   71.6  1.705e+00 
 170565  3.000  1    2018  267   3.55  58385.343   71.6  1.896e+00 
 171653  1.333  1    2018  289  19.88  58408.024   71.5  3.677e-01 
 171655  1.333  1    2018  289  20.56  58408.052   71.5  5.170e-01 
 171749  1.000  1    2018  291  19.61  58410.013   71.8  7.389e-01 
 171750  1.000  1    2018  291  20.13  58410.034   71.8  4.695e-01 
 171751  1.000  1    2018  291  20.69  58410.058   71.8  4.225e-01 
 171801  1.000  1    2018  292  21.94  58411.110   71.9  1.106e+00 
 171802  1.000  1    2018  292  22.45  58411.131   71.9  1.034e+00 
 171803  1.000  1    2018  292  23.00  58411.154   71.9  1.170e+00 
 171805  1.000  1    2018  292  23.51  58411.175   71.9  1.249e+00 
 171806  1.000  1    2018  293   0.27  58411.207   71.9  8.321e-01 
 171807  1.000  1    2018  293   0.78  58411.228   71.9  8.926e-01 
 171808  1.000  1    2018  293   1.31  58411.250   71.9  1.164e+00 
 171809  1.000  1    2018  293   1.83  58411.272   71.9  1.225e+00 
 171811  1.000  1    2018  293   2.53  58411.301   71.9  9.912e-01 
 172950  0.806  1    2018  316  20.08  58435.032   72.4  1.080e+00 
 173199  0.528  1    2018  322   0.93  58440.234   72.2  2.762e+00 
 173919  0.667  1    2018  337   0.97  58455.236   71.8  5.148e-01 
 174204  2.000  1    2018  342  23.42  58461.171   73.3  7.129e-01 
 174248  1.833  1    2018  343  21.35  58462.085   73.6  7.558e-01 
 174250  1.367  1    2018  343  22.30  58462.125   73.6  7.438e-01 
 174252  2.333  1    2018  343  23.46  58462.173   73.6  7.936e-01 
 174439  1.000  1    2018  347  20.63  58466.055   74.1  4.041e-01 
 174440  1.000  1    2018  347  21.14  58466.077   74.1  5.446e-01 
 174547  1.609  1    2018  350   2.86  58468.315   74.4  7.525e-01 
 175117  1.000  1    2018  361  23.93  58480.193   76.2  5.896e-01 
 175118  1.000  1    2018  362   0.45  58480.214   76.2  5.624e-01 
 175120  1.609  1    2018  362   1.27  58480.248   76.2  3.735e-01 
 175158  1.000  1    2018  362  20.50  58481.050   76.4  7.456e-01 
 175207  1.000  1    2018  363  20.99  58482.070   76.6  4.314e-01 
 175210  0.667  1    2018  363  22.29  58482.124   76.6  6.583e-01 
 175352  1.000  1    2019    1  21.35  58485.085   77.3  3.089e-01 
 175688  0.667  1    2019    8  21.21  58492.079   78.0  4.357e-01 
 175689  0.667  1    2019    8  21.56  58492.094   78.1  3.857e-01 
 175737  0.667  1    2019    9  21.67  58493.098   78.3  7.471e-01 
 175738  0.667  1    2019    9  22.02  58493.113   78.3  6.735e-01 
 175742  1.609  1    2019   10   0.27  58493.207   78.3  5.877e-01 
 175744  0.944  1    2019   10   1.06  58493.240   78.3  3.203e-01 
 175745  0.944  1    2019   10   1.55  58493.260   78.3  4.484e-01 
 175746  0.833  1    2019   10   2.09  58493.283   78.3  5.865e-01 
 175747  0.833  1    2019   10   2.52  58493.301   78.3  5.210e-01 
 175748  1.278  1    2019   10   3.19  58493.328   78.3  5.633e-01 
 175790  1.667  1    2019   11   0.43  58494.213   78.6  1.656e+00 
 175792  1.667  1    2019   11   1.27  58494.249   78.6  1.670e+00 
 178098  1.000  1    2019   59   2.31  58542.292   80.7  7.246e-01 
 179337  1.000  1    2019   84  21.65  58568.098   83.3  9.299e-01 
 179338  1.000  1    2019   84  22.16  58568.119   83.3  1.339e+00 
 179541  1.417  1    2019   89   3.65  58572.347   81.5  9.142e-01 
 179542  1.417  1    2019   89   4.37  58572.378   81.5  7.215e-01 
 179814  1.667  1    2019   94  20.29  58578.041   79.5  7.837e-01 
 179816  1.667  1    2019   94  21.15  58578.077   79.5  8.527e-01 
 180198  1.667  1    2019  102  20.37  58586.044   76.9  1.017e+00 
 180200  1.667  1    2019  102  21.22  58586.080   76.9  9.287e-01 
 180202  1.667  1    2019  102  22.14  58586.118   76.8  7.486e-01 
 180203  1.667  1    2019  102  22.99  58586.154   76.8  5.649e-01 
 181303  1.667  1    2019  125  20.57  58609.052   76.7  2.205e+00 
 181304  1.667  1    2019  125  21.42  58609.088   76.7  2.342e+00 
 182744  1.000  1    2019  155  21.21  58639.079   74.6  4.304e-01 
 182745  1.000  1    2019  155  21.72  58639.101   74.6  5.198e-01 
 182746  1.000  1    2019  155  22.24  58639.122   74.6  8.041e-01 
 182747  1.000  1    2019  155  22.75  58639.144   74.6  7.717e-01 
 182889  1.333  1    2019  158  21.74  58642.101   74.4  1.345e+00 
 182890  1.333  1    2019  158  22.42  58642.130   74.4  1.635e+00 
 182892  1.333  1    2019  158  23.10  58642.158   74.4  1.790e+00 
 183316  2.917  1    2019  167  19.41  58651.004   74.7  1.123e+00 
 183319  2.917  1    2019  167  20.92  58651.067   74.7  1.139e+00 
 183328  2.233  1    2019  168   1.32  58651.251   74.7  1.112e+00 
 183330  2.233  1    2019  168   2.48  58651.299   74.7  9.669e-01 
 183333  2.222  1    2019  168   3.69  58651.349   74.7  9.224e-01 
 183335  2.233  1    2019  168   4.85  58651.398   74.7  1.109e+00 
 183364  2.917  1    2019  168  19.43  58652.005   74.7  7.450e-01 
 183367  2.917  1    2019  168  20.93  58652.068   74.7  8.433e-01 
 183376  2.222  1    2019  169   1.33  58652.251   74.7  1.240e+00 
 183378  2.222  1    2019  169   2.45  58652.298   74.7  1.153e+00 
 183381  2.222  1    2019  169   3.81  58652.354   74.7  1.234e+00 
 183383  2.222  1    2019  169   4.94  58652.401   74.7  1.145e+00 
 183413  1.000  1    2019  169  19.59  58653.012   74.7  9.362e-01 
 183414  1.667  2    2019  169  20.28  58653.040   74.7  7.618e-01 
 184139  0.640  1    2019  184  22.57  58668.136   77.2  6.257e-01 
 184191  1.000  1    2019  186   0.95  58669.235   77.6  1.045e+00 
 184192  1.000  1    2019  186   1.46  58669.257   77.6  1.013e+00 
 184719  1.000  1    2019  197   0.60  58680.221   82.0  6.679e-01 
 185723  1.000  1    2019  217  22.55  58701.135   86.1  3.244e-01 
 185724  1.000  1    2019  217  23.06  58701.157   86.1  5.316e-01 
 185725  1.000  1    2019  217  23.58  58701.178   86.1  4.716e-01 
 185726  1.000  1    2019  218   0.09  58701.200   86.1  5.678e-01 
 187270  1.667  1    2019  250   4.41  58733.379   78.5  1.176e+00 
 188845  1.667  1    2019  282  23.68  58766.182   81.3  5.979e-01 
 188847  1.667  1    2019  283   0.64  58766.222   81.3  6.397e-01 
 188849  1.667  1    2019  283   1.63  58766.264   81.3  6.613e-01 
 188852  1.667  1    2019  283   3.31  58766.333   81.3  7.272e-01 
 189331  1.250  1    2019  293   2.80  58776.312   81.1  7.913e-01 
 189332  1.250  1    2019  293   3.46  58776.340   81.1  9.958e-01 
 189909  2.556  1    2019  305   3.53  58788.342   82.9  1.102e+00 
 189941  2.444  1    2019  305  19.94  58789.026   82.9  5.081e-01 
 189944  2.444  1    2019  305  21.22  58789.080   82.9  5.558e-01 
 189956  2.500  1    2019  306   3.48  58789.340   82.8  3.827e-01 
 190004  2.944  1    2019  307   3.32  58790.334   82.8  9.977e-01 
 190037  2.444  1    2019  307  19.91  58791.025   82.9  6.957e-01 
 190040  2.444  1    2019  307  21.21  58791.079   82.9  5.950e-01 
 190049  2.778  1    2019  308   1.90  58791.275   83.0  8.206e-01 
 190052  2.844  1    2019  308   3.37  58791.336   83.0  8.441e-01 
 190086  2.667  1    2019  308  20.00  58792.029   83.1  6.974e-01 
 190088  2.667  1    2019  308  21.48  58792.090   83.2  8.581e-01 
 190091  2.667  1    2019  308  22.88  58792.149   83.2  9.130e-01 
 190094  2.667  1    2019  309   0.31  58792.208   83.2  6.833e-01 
 190097  2.844  1    2019  309   1.81  58792.271   83.2  9.335e-01 
 190100  2.944  1    2019  309   3.32  58792.334   83.2  7.900e-01 
 190623  1.250  1    2019  320   0.91  58803.234   80.7  6.044e-01 
 190627  1.250  1    2019  320   2.59  58803.304   80.7  6.630e-01 
 192679  1.667  1    2019  362  20.81  58846.063   81.2  5.239e-01 
 192727  1.667  1    2019  363  20.56  58847.052   80.9  6.396e-01 
 192885  1.167  1  192885    0   3.72  58850.351   80.6  5.921e-01 
 193317  1.278  1  193317    0   3.80  58859.354   81.7  7.348e-01 
 194132  1.167  1  194132    0   3.45  58876.339   79.5  1.168e+00 
 194605  1.167  1  194605    0  23.85  58886.189   88.1  5.849e-01 
 195755  1.278  1  195755    0  22.61  58910.138  112.7  6.554e-01 
 196185  1.278  1  196185    0  21.75  58919.102  111.4  3.715e-01 
 196187  1.278  1  196187    0  22.73  58919.143  111.4  3.107e-01 
 196765  1.167  1  196765    0  23.51  58931.175  108.7  3.654e-01 
 197013  2.778  1  197013    0   3.97  58936.361  106.5  4.766e-01 
 197058  2.778  1  197058    0   2.42  58937.296  106.6  1.837e-01 
 197061  3.111  1  197061    0   3.96  58937.361  106.6  4.261e-01 
 197106  2.778  1  197106    0   2.30  58938.291  106.9  2.670e-01 
 197109  2.654  1  197109    0   3.73  58938.351  106.9  4.061e-01 
 197154  2.778  1  197154    0   2.34  58939.293  107.5  5.271e-01 
 197202  2.778  1  197202    0   2.32  58940.292  108.6  3.590e-01 
 197436  1.194  1  197436    0  23.26  58945.165  113.1  8.160e-01 
 197440  0.333  1  197440    0   1.25  58945.248  113.1  7.497e-01 
 197441  0.856  2  197441    0   1.66  58945.265  113.1  6.906e-01 
 198501  1.667  1  198501    0   3.92  58967.359  111.5  8.902e-01 
 198549  1.667  1  198549    0   3.59  58968.345  110.5  5.521e-01 
 198588  1.000  1  198588    0  23.12  58969.159  109.5  6.307e-01 
 198589  1.000  1  198589    0  23.64  58969.180  109.5  5.249e-01 
 198590  1.000  1  198590    0   0.15  58969.202  109.5  7.833e-01 
 198591  1.000  1  198591    0   0.66  58969.223  109.4  6.833e-01 
 198777  1.194  1  198777    0  21.58  58973.095  106.6  1.514e+00 
 199510  1.667  1  199510    0   4.05  58988.364   96.5  2.171e+00 
 199511  1.667  1  199511    0   4.95  58988.402   96.5  2.110e+00 
 199790  1.556  1  199790    0   0.03  58994.197   97.6  1.011e+00 
 199879  0.333  1  199879    0  20.72  58996.059   97.5  1.519e+00 
 200227  1.333  1  200227    0   2.72  59003.309   97.9  7.794e-01 
 200228  1.333  1  200228    0   3.40  59003.337   98.0  7.254e-01 
 200751  1.667  1  200751    0   0.81  59014.229  100.3  1.409e+00 
 200754  1.667  1  200754    0   2.22  59014.288  100.2  1.918e+00 
 201700  0.333  1  201700    0  19.04  59033.989   93.2  1.294e+00 
 202517  1.000  1  202517    0  19.89  59051.025  101.6  9.730e-01 
 202626  1.667  1  202626    0   2.11  59053.283  104.2  1.263e+00 
 202628  1.667  1  202628    0   3.06  59053.323  104.2  9.539e-01 
 202661  1.278  1  202661    0  19.52  59054.009  104.8  5.532e-01 
 203092  1.000  1  203092    0  19.01  59062.988  104.0  9.054e-01 
 203093  1.000  1  203093    0  19.53  59063.009  104.0  9.395e-01 
 203094  1.000  1  203094    0  20.04  59063.031  104.0  8.833e-01 
 203098  1.444  1  203098    0  22.03  59063.113  104.0  8.514e-01 
 203099  1.444  1  203099    0  22.87  59063.148  104.0  8.051e-01 
 203496  1.000  1  203496    0   5.05  59071.406  105.6  7.699e-01 
 203620  0.667  1  203620    0  19.19  59073.995  105.1  7.652e-01 
 203622  0.667  1  203622    0  20.15  59074.035  105.1  8.493e-01 
 203623  1.333  2  203623    0  20.72  59074.059  105.1  5.942e-01 
 203767  1.000  1  203767    0  20.56  59077.052  103.1  2.424e-01 
 203769  1.000  1  203769    0  21.59  59077.095  103.1  3.820e-01 
 203770  0.929  1  203770    0  22.08  59077.116  103.0  1.942e-01 
 203831  1.000  1  203831    0   4.55  59078.385  102.0  6.780e-01 
 203871  1.667  1  203871    0   0.53  59079.218  101.6  5.197e-01 
 203872  1.667  1  203872    0   1.49  59079.258  101.6  7.018e-01 
 204340  1.000  1  204340    0  19.16  59088.994  107.4  5.310e-01 
 204342  1.000  1  204342    0  20.19  59089.037  107.4  5.639e-01 
 204681  1.667  1  204681    0  21.70  59096.100  116.8  5.014e-01 
 205972  1.000  1  205972    0  19.27  59122.999  139.4  5.125e-01 
 205973  1.000  1  205973    0  19.79  59123.020  139.4  3.945e-01 
 205974  1.000  1  205974    0  20.30  59123.041  139.4  5.235e-01 
 205975  1.000  1  205975    0  20.82  59123.063  139.4  4.613e-01 
 205977  0.385  1  205977    0  21.63  59123.097  139.4  5.567e-01 
 206029  1.278  1  206029    0  23.60  59124.179  138.9  5.566e-01 
 207415  3.000  1  207415    0  20.57  59153.053  153.1  4.275e-01 
 207427  2.778  1  207427    0   2.52  59153.300  153.1  6.488e-01 
 207429  1.785  1  207429    0   3.79  59153.353  153.1  5.064e-01 
 207462  3.000  1  207462    0  20.35  59154.043  153.2  3.570e-01 
 207470  3.333  1  207470    0   0.36  59154.211  153.3  5.207e-01 
 207473  2.500  1  207473    0   1.91  59154.275  153.3  6.132e-01 
 207476  2.500  1  207476    0   3.31  59154.333  153.3  7.378e-01 
 207518  3.000  1  207518    0   0.29  59155.208  153.5  3.801e-01 
 207524  2.556  1  207524    0   3.39  59155.337  153.5  4.734e-01 
 207566  3.000  1  207566    0   0.04  59156.197  153.3  3.215e-01 
 207569  3.000  1  207569    0   1.68  59156.266  153.2  3.049e-01 
 207572  3.000  1  207572    0   3.25  59156.331  153.2  5.397e-01 
 207615  2.667  1  207615    0   0.90  59157.233  152.5  2.893e-01 
 207618  2.667  1  207618    0   2.32  59157.292  152.5  4.410e-01 
 207621  2.009  1  207621    0   3.57  59157.344  152.4  4.248e-01 
 207668  1.250  1  207668    0   3.35  59158.335  151.6  1.487e+00 
 207714  1.250  1  207714    0   2.35  59159.294  150.9  1.005e+00 
 207765  1.250  1  207765    0   3.72  59160.350  150.4  1.061e+00 
 208532  1.194  1  208532    0   3.41  59176.338  146.2  1.133e+00 
 208766  0.833  1  208766    0   0.09  59181.199  141.5  6.923e-01 
 209049  1.250  1  209049    0  21.51  59187.092  137.5  1.088e+00 
 209537  0.556  1  209537    0   1.84  59197.272  137.0  2.073e+00 
 213040  0.556  1  213040    0   1.15  59270.244  109.7  8.129e-01 
 213428  1.000  1  213428    0   3.09  59278.324  115.3  4.473e-01 
 213429  1.000  1  213429    0   3.60  59278.346  115.2  2.834e-01 
 213430  1.000  1  213430    0   4.12  59278.367  115.2  7.739e-01 
 213431  1.000  1  213431    0   4.63  59278.389  115.2  9.967e-01 
 214532  1.000  1  214532    0   3.02  59301.321  104.0  6.217e-01 
 214534  1.000  1  214534    0   4.05  59301.364  103.9  9.200e-01 
 214535  1.000  1  214535    0   4.56  59301.386  103.9  8.146e-01 
 214710  2.222  1  214710    0  20.18  59305.037  101.6  1.355e+00 
 215493  1.000  1  215493    0   3.52  59321.342  114.3  8.894e-01 
 215494  1.111  1  215494    0   4.06  59321.365  114.3  7.999e-01 
 215715  1.167  1  215715    0  18.99  59325.987  116.7  5.339e-01 
 215775  1.000  1  215775    0   0.80  59327.229  117.6  1.445e+00 
 215776  1.000  1  215776    0   1.32  59327.250  117.6  1.392e+00 
 215777  1.000  1  215777    0   1.83  59327.272  117.6  1.919e+00 
 215778  1.000  1  215778    0   2.34  59327.293  117.6  1.726e+00 
 215824  1.000  1  215824    0   1.13  59328.243  118.5  1.135e+00 
 215825  1.000  1  215825    0   1.64  59328.264  118.5  1.029e+00 
 215826  1.000  1  215826    0   2.16  59328.285  118.5  1.089e+00 
 216682  1.000  1  216682    0  22.02  59346.113  126.1  1.551e+00 
 216683  1.000  1  216683    0  22.54  59346.135  126.1  1.449e+00 
 216684  1.667  2  216684    0  23.22  59346.163  126.1  1.598e+00 
 217060  1.167  1  217060    0  19.23  59353.997  125.7  1.351e+00 
 217125  1.000  1  217125    0   3.57  59355.345  126.4  1.592e+00 
 217126  1.000  1  217126    0   4.09  59355.366  126.4  1.354e+00 
 217127  1.000  1  217127    0   4.60  59355.387  126.4  1.218e+00 
 217128  1.000  1  217128    0   5.12  59355.409  126.4  1.285e+00 
 217164  1.000  1  217164    0  23.00  59356.154  126.7  1.233e+00 
 217166  1.000  1  217166    0   0.03  59356.197  126.8  1.027e+00 
 217167  1.000  1  217167    0   0.54  59356.218  126.8  1.193e+00 
 217264  1.000  1  217264    0   1.34  59358.251  127.4  1.079e+00 
 217265  1.000  1  217265    0   1.85  59358.273  127.4  1.179e+00 
 217266  1.000  1  217266    0   2.37  59358.294  127.4  9.601e-01 
 217267  1.000  1  217267    0   2.88  59358.316  127.5  7.964e-01 
 218746  1.000  1  218746    0  22.11  59389.117  128.1  1.555e+00 
 218747  1.000  1  218747    0  22.62  59389.138  128.2  1.433e+00 
 218748  1.000  1  218748    0  23.14  59389.160  128.2  1.373e+00 
 218749  1.000  1  218749    0  23.65  59389.181  128.2  1.263e+00 
 218837  1.000  1  218837    0  19.68  59391.016  130.4  1.581e+00 
 218838  1.000  1  218838    0  20.20  59391.037  130.5  6.291e-01 
 218840  1.000  1  218840    0  21.23  59391.080  130.5  8.255e-01 
 220949  1.000  1  220949    0  19.57  59435.011  123.9  4.839e-01 
 220950  1.000  1  220950    0  20.09  59435.033  123.9  3.206e-01 
 221148  1.000  1  221148    0  23.05  59439.156  120.5  1.055e+00 
 221149  1.000  1  221149    0  23.56  59439.177  120.5  1.184e+00 
 221150  1.000  1  221150    0   0.08  59439.199  120.4  7.379e-01 
 221151  1.000  1  221151    0   0.59  59439.220  120.4  1.003e+00 
 221529  1.667  1  221529    0  21.72  59447.101  115.2  8.602e-01 
 222341  1.667  1  222341    0  19.70  59464.016  118.7  4.581e-01 
 222343  1.667  1  222343    0  20.64  59464.056  118.7  4.945e-01 
 222345  1.667  1  222345    0  21.60  59464.095  118.7  4.094e-01 
 223157  0.367  1  223157    0  19.91  59481.025  118.2  1.241e+00 
 223780  1.000  1  223780    0  19.08  59493.991  124.1  1.212e+00 
 223781  1.000  1  223781    0  19.59  59494.012  124.1  9.650e-01 
 223782  1.000  1  223782    0  20.11  59494.033  124.1  9.671e-01 
 223783  1.000  1  223783    0  20.62  59494.055  124.2  8.507e-01 
 224308  1.000  1  224308    0  19.34  59505.001  123.7  1.324e+00 
 224309  1.000  1  224309    0  19.85  59505.023  123.7  4.061e-01 
 224310  1.000  1  224310    0  20.37  59505.044  123.7  3.114e-01 
 224311  1.000  1  224311    0  20.88  59505.066  123.7  2.833e-01 
 226097  0.417  1  226097    0   1.90  59542.275  120.1  9.003e-01 
 226099  1.250  1  226099    0   2.85  59542.314  120.1  1.515e+00 
 227105  1.167  1  227105    0   1.87  59563.273  105.2  6.425e-01 
 228546  1.167  1  228546    0   2.15  59593.285  127.9  4.245e-01 
 229075  1.167  1  229075    0   2.54  59604.301  114.0  1.291e+00 
 230851  1.000  1  230851    0   2.71  59641.309  109.0  2.317e-01 
 230852  1.000  1  230852    0   3.23  59641.330  109.1  3.766e-01 
 230853  1.000  1  230853    0   3.74  59641.352  109.1  2.649e-01 
 230854  1.000  1  230854    0   4.26  59641.373  109.1  4.779e-01 
 231236  1.000  1  231236    0   3.04  59649.322  111.5  1.308e+00 
 231237  1.000  1  231237    0   3.56  59649.344  111.5  1.387e+00 
 231238  1.000  1  231238    0   4.07  59649.365  111.5  1.095e+00 
 231239  1.000  1  231239    0   4.59  59649.387  111.5  1.063e+00 
 231331  1.000  1  231331    0   2.76  59651.310  111.6  7.704e-01 
 231333  1.000  1  231333    0   3.78  59651.353  111.6  6.907e-01 
 231334  1.000  1  231334    0   4.30  59651.375  111.6  4.786e-01 
 231381  2.000  1  231381    0   3.65  59652.348  111.3  6.916e-01 
 233095  1.056  1  233095    0  20.67  59688.057  126.5  9.357e-01 
 233097  1.556  1  233097    0  21.55  59688.094  126.5  7.703e-01 
 233110  1.669  1  233110    0   4.50  59688.383  126.9  8.712e-01 
 233157  1.669  1  233157    0   3.68  59689.349  127.8  8.440e-01 
 233922  0.889  1  233922    0   2.19  59705.287  137.3  2.125e+00 
 233923  0.889  1  233923    0   2.65  59705.306  137.4  2.107e+00 
 233924  0.889  1  233924    0   3.11  59705.325  137.4  2.381e+00 
 233967  2.167  1  233967    0   0.63  59706.222  138.2  1.442e+00 
 234020  1.669  1  234020    0   3.17  59707.328  139.0  2.071e+00 
 234022  1.111  1  234022    0   4.05  59707.364  139.1  2.002e+00 
 234252  2.167  1  234252    0  23.29  59712.166  140.9  7.707e-01 
 234254  2.167  1  234254    0   0.44  59712.214  140.9  7.597e-01 
 234257  1.669  1  234257    0   1.55  59712.260  140.9  9.033e-01 
 234258  1.669  1  234258    0   2.44  59712.297  140.8  1.069e+00 
 234445  1.111  1  234445    0  23.57  59716.178  135.7  3.997e-01 
 234446  1.000  1  234446    0   0.33  59716.210  135.7  5.470e-01 
 234447  1.000  1  234447    0   0.85  59716.231  135.6  6.330e-01 
 234448  1.000  1  234448    0   1.36  59716.252  135.6  6.573e-01 
 234449  1.000  1  234449    0   1.88  59716.274  135.6  5.523e-01 
 235265  1.000  1  235265    0   1.51  59733.258  114.1  1.287e+00 
 235267  1.000  1  235267    0   2.55  59733.302  114.0  1.578e+00 
 235268  1.000  1  235268    0   3.06  59733.323  114.0  1.910e+00 
 235506  1.000  1  235506    0   2.35  59738.293  112.3  1.513e+00 
 235507  1.000  1  235507    0   2.86  59738.315  112.3  1.530e+00 
 235508  1.000  1  235508    0   3.37  59738.336  112.3  2.192e+00 
 235599  1.669  1  235599    0   0.63  59740.222  112.9  2.314e+00 
 235600  1.669  1  235600    0   1.49  59740.257  112.9  2.408e+00 
 235644  0.500  1  235644    0  23.15  59741.160  113.4  1.070e+00 
 235646  1.667  1  235646    0   0.26  59741.206  113.4  1.202e+00 
 235648  1.669  1  235648    0   1.41  59741.254  113.5  1.270e+00 
 235693  1.669  1  235693    0  23.85  59742.189  114.1  1.349e+00 
 235695  1.669  1  235695    0   0.71  59742.225  114.1  1.309e+00 
 235941  0.822  1  235941    0   3.73  59747.351  114.3  7.388e-01 
 235942  0.822  1  235942    0   4.15  59747.369  114.3  9.840e-01 
 235943  0.822  1  235943    0   4.62  59747.388  114.3  1.573e+00 
 235944  0.822  1  235944    0   5.05  59747.406  114.3  2.028e+00 
 236084  1.000  1  236084    0   3.04  59750.322  113.9  1.569e+00 
 236085  1.000  1  236085    0   3.55  59750.343  113.9  1.337e+00 
 236086  1.000  1  236086    0   4.06  59750.365  113.9  1.278e+00 
 236087  1.000  1  236087    0   4.58  59750.386  113.9  1.310e+00 
 236129  0.822  1  236129    0   1.85  59751.272  114.2  1.029e+00 
 236130  0.822  1  236130    0   2.27  59751.290  114.2  1.003e+00 
 236131  0.822  1  236131    0   2.80  59751.312  114.3  1.136e+00 
 236132  0.434  1  236132    0   3.13  59751.326  114.3  1.145e+00 
 236182  1.644  2  236182    0   4.26  59752.373  115.2  2.008e+00 
 236656  1.000  1  236656    0   1.42  59762.255  122.9  2.375e+00 
 236657  1.000  1  236657    0   1.93  59762.276  122.9  2.181e+00 
 236658  1.000  1  236658    0   2.45  59762.297  122.9  2.496e+00 
 236659  1.000  1  236659    0   2.96  59762.319  122.9  3.156e+00 
 236698  1.669  1  236698    0  22.34  59763.127  122.6  1.471e+00 
 236700  1.669  1  236700    0  23.24  59763.164  122.6  1.471e+00 
 236893  1.000  1  236893    0  23.87  59767.190  120.4  5.141e-01 
 236894  1.000  1  236894    0   0.38  59767.211  120.4  6.083e-01 
 236895  1.000  1  236895    0   0.89  59767.233  120.4  5.843e-01 
 237239  1.644  2  237239    0   4.74  59774.393  119.7  1.958e+00 
 237941  1.000  1  237941    0  19.78  59789.020  112.7  8.871e-01 
 237942  1.000  1  237942    0  20.29  59789.041  112.7  1.016e+00 
 237943  1.000  1  237943    0  20.81  59789.063  112.7  1.029e+00 
 237944  1.000  1  237944    0  21.32  59789.084  112.6  1.205e+00 
 238092  1.556  1  238092    0  23.06  59792.156  112.3  8.634e-01 
 238134  1.669  1  238134    0  20.37  59793.044  112.6  8.982e-01 
 238136  1.669  1  238136    0  21.28  59793.082  112.6  9.926e-01 
 238183  1.669  1  238183    0  20.69  59794.057  113.0  7.727e-01 
 238185  1.669  1  238185    0  21.57  59794.094  113.0  9.189e-01 
 238187  1.669  1  238187    0  22.51  59794.134  113.0  9.078e-01 
 238189  1.000  1  238189    0  23.52  59794.176  113.0  7.368e-01 
 238190  1.000  1  238190    0   0.04  59794.197  113.0  9.437e-01 
 238191  1.000  1  238191    0   0.55  59794.218  113.0  9.404e-01 
 238192  1.000  1  238192    0   1.06  59794.240  113.0  1.168e+00 
 238193  0.822  1  238193    0   1.61  59794.263  113.0  1.437e+00 
 238194  0.822  1  238194    0   2.04  59794.280  113.0  9.527e-01 
 238230  1.669  1  238230    0  20.30  59795.042  113.3  6.330e-01 
 238233  1.000  1  238233    0  21.64  59795.097  113.3  6.041e-01 
 238234  1.000  1  238234    0  22.15  59795.118  113.3  8.935e-01 
 238235  1.000  1  238235    0  22.66  59795.140  113.3  8.462e-01 
 238236  1.000  1  238236    0  23.18  59795.161  113.3  7.349e-01 
 238419  1.000  1  238419    0  18.84  59798.981  116.5  6.440e-01 
 238420  1.000  1  238420    0  19.36  59799.002  116.5  5.066e-01 
 238422  1.000  1  238422    0  20.07  59799.032  116.5  5.094e-01 
 238423  1.000  1  238423    0  20.58  59799.053  116.5  5.125e-01 
 238615  1.669  1  238615    0  20.63  59803.055  119.5  9.005e-01 
 238710  0.822  1  238710    0  20.21  59805.038  119.7  7.957e-01 
 238711  0.822  1  238711    0  20.63  59805.055  119.7  8.311e-01 
 238917  1.588  1  238917    0   3.91  59809.359  119.2  8.629e-01 
 239009  0.822  1  239009    0   1.82  59811.272  119.2  7.455e-01 
 239093  1.669  1  239093    0  19.57  59813.011  119.2  5.213e-01 
 239430  1.000  1  239430    0  20.19  59820.037  116.8  6.108e-01 
 239431  1.000  1  239431    0  20.71  59820.058  116.8  5.433e-01 
 239433  1.000  1  239433    0  21.73  59820.101  116.7  7.502e-01 
 239477  1.669  1  239477    0  19.98  59821.028  115.6  1.196e+00 
 239639  1.588  1  239639    0   4.69  59824.391  110.6  1.317e+00 
 239671  1.000  1  239671    0  20.74  59825.060  109.7  9.848e-01 
 239774  1.588  1  239774    0   0.14  59827.201  106.8  6.936e-01 
 239776  1.588  1  239776    0   1.08  59827.241  106.7  6.081e-01 
 239861  1.669  1  239861    0  19.64  59829.014  104.8  8.687e-01 
 239909  1.669  1  239909    0  19.55  59830.010  104.2  9.538e-01 
 239911  1.669  1  239911    0  20.52  59830.051  104.1  9.696e-01 
 239957  1.669  1  239957    0  19.53  59831.009  103.8  9.411e-01 
 239958  1.669  1  239958    0  20.43  59831.047  103.8  7.336e-01 
 240580  1.669  1  240580    0  19.49  59844.007  103.5  2.467e-01 
 240628  2.111  1  240628    0  19.41  59845.004  103.8  8.760e-01 
 240631  2.003  1  240631    0  20.55  59845.052  103.9  7.944e-01 
 240633  2.003  1  240633    0  21.56  59845.094  103.9  7.416e-01 
 240676  2.000  1  240676    0  19.49  59846.008  104.2  5.906e-01 
 240679  2.003  1  240679    0  20.59  59846.054  104.2  5.096e-01 
 240681  2.333  1  240681    0  21.72  59846.101  104.2  3.377e-01 
 240689  2.000  1  240689    0   1.71  59846.267  104.3  7.831e-01 
 240691  2.000  1  240691    0   2.78  59846.311  104.3  6.054e-01 
 240693  2.000  1  240693    0   3.82  59846.355  104.3  5.835e-01 
 240729  2.003  1  240729    0  21.59  59847.095  104.7  4.690e-01 
 240732  1.669  1  240732    0  23.20  59847.162  104.7  3.068e-01 
 240734  1.669  1  240734    0   0.08  59847.199  104.7  7.936e-01 
 240738  1.669  1  240738    0   2.18  59847.286  104.8  6.102e-01 
 240781  1.669  1  240781    0  23.63  59848.180  105.3  3.977e-01 
 240783  0.667  1  240783    0   0.68  59848.224  105.4  5.634e-01 
 240785  1.667  1  240785    0   1.83  59848.272  105.4  4.959e-01 
 240821  1.000  1  240821    0  19.98  59849.028  105.9  6.133e-01 
 240822  1.000  1  240822    0  20.49  59849.049  105.9  6.442e-01 
 240824  1.000  1  240824    0  21.01  59849.071  105.9  4.228e-01 
 240929  1.669  1  240929    0   1.79  59851.270  108.0  4.273e-01 
 240931  1.669  1  240931    0   2.70  59851.308  108.1  6.160e-01 
 240933  1.669  1  240933    0   3.61  59851.346  108.1  7.426e-01 
 241112  2.003  1  241112    0  21.34  59855.085  112.3  5.565e-01 
 241121  1.667  1  241121    0   1.75  59855.269  112.5  7.381e-01 
 241168  1.669  1  241168    0   1.13  59856.243  113.1  5.321e-01 
 241174  1.167  1  241174    0   4.02  59856.363  113.2  9.150e-01 
 241220  1.667  1  241220    0   3.02  59857.322  114.0  8.472e-01 
 241253  2.003  1  241253    0  19.88  59858.024  114.7  6.174e-01 
 241255  2.003  1  241255    0  20.93  59858.068  114.7  6.317e-01 
 241257  2.003  1  241257    0  21.98  59858.111  114.8  8.722e-01 
 241260  2.003  1  241260    0  23.03  59858.155  114.8  7.998e-01 
 241266  1.669  1  241266    0   2.21  59858.288  114.9  1.214e+00 
 241267  0.556  1  241267    0   2.88  59858.316  115.0  1.528e+00 
 241268  0.556  1  241268    0   3.18  59858.328  115.0  1.520e+00 
 241301  2.003  1  241301    0  19.99  59859.028  115.6  1.589e+00 
 241304  2.003  1  241304    0  21.04  59859.072  115.7  1.805e+00 
 241306  1.669  1  241306    0  22.06  59859.115  115.7  1.633e+00 
 241307  1.669  1  241307    0  22.94  59859.151  115.7  1.286e+00 
 241309  1.669  1  241309    0  23.90  59859.191  115.8  1.207e+00 
 241311  1.669  1  241311    0   0.77  59859.228  115.8  9.678e-01 
 241313  1.669  1  241313    0   1.64  59859.264  115.8  7.407e-01 
 241315  1.667  1  241315    0   2.59  59859.304  115.8  8.085e-01 
 241349  1.000  1  241349    0  19.92  59860.026  116.4  3.886e-01 
 241350  1.000  1  241350    0  20.44  59860.047  116.4  4.978e-01 
 241351  1.000  1  241351    0  20.95  59860.068  116.4  6.130e-01 
 241363  1.667  1  241363    0   2.68  59860.307  116.6  6.719e-01 
 241365  1.572  1  241365    0   3.70  59860.350  116.7  6.596e-01 
 241449  1.919  1  241449    0  21.80  59862.104  118.3  9.371e-01 
 241500  1.669  1  241500    0  23.41  59863.171  119.7  4.285e-01 
 241636  1.000  1  241636    0  19.29  59865.999  125.0  1.168e+00 
 241637  1.000  1  241637    0  19.80  59866.021  125.0  3.233e-01 
 241732  1.000  1  241732    0  19.19  59867.995  129.5  6.000e-01 
 241733  1.000  1  241733    0  19.70  59868.017  129.6  8.934e-01 
 241735  1.000  1  241735    0  20.73  59868.059  129.7  7.667e-01 
 241934  1.667  1  241934    0   0.49  59872.216  135.3  3.212e-01 
 242085  1.667  1  242085    0   3.65  59875.348  139.2  4.891e-01 
 242170  1.669  1  242170    0  22.13  59877.117  141.3  5.650e-01 
 242366  1.669  1  242366    0   0.10  59881.200  144.3  7.181e-01 
 242367  0.508  1  242367    0   0.67  59881.224  144.3  7.857e-01 
 242368  1.669  1  242368    0   1.34  59881.252  144.3  9.156e-01 
 242413  1.669  1  242413    0  23.80  59882.187  145.4  2.069e+00 
 242415  1.669  1  242415    0   0.67  59882.223  145.4  1.868e+00 
 242459  1.669  1  242459    0  22.91  59883.150  146.7  4.685e-01 
 242461  1.669  1  242461    0  23.78  59883.186  146.7  3.555e-01 
 242463  1.669  1  242463    0   0.65  59883.223  146.8  1.047e+00 
 242511  0.556  1  242511    0   0.78  59884.228  148.1  1.001e+00 
 242512  0.556  1  242512    0   1.07  59884.240  148.1  9.702e-01 
 242549  0.741  1  242549    0  19.64  59885.014  149.0  5.407e-01 
 242550  1.919  1  242550    0  20.38  59885.045  149.1  5.187e-01 
 242552  1.919  1  242552    0  21.39  59885.087  149.1  6.525e-01 
 242554  1.919  1  242554    0  22.40  59885.129  149.2  1.074e+00 
 243712  1.224  1  243712    0   1.35  59909.252  143.3  8.659e-01 
 243859  1.224  1  243859    0   2.83  59912.313  143.3  6.091e-01 
 243947  1.869  1  243947    0  22.59  59914.137  142.5  7.312e-01 
 243949  1.869  1  243949    0  23.61  59914.179  142.4  9.211e-01 
 243950  0.556  1  243950    0   0.31  59914.208  142.4  1.320e+00 
 243951  0.556  1  243951    0   0.60  59914.221  142.4  1.370e+00 
 244135  2.269  1  244135    0  20.60  59918.054  141.4  4.852e-01 
 244909  1.250  1  244909    0  23.86  59934.190  145.4  5.411e-01 
 244913  1.750  1  244913    0   1.61  59934.263  145.4  2.502e-01 
 244998  1.224  1  244998    0  20.36  59936.044  147.2  7.052e-01 
 245000  1.667  1  245000    0  21.32  59936.084  147.4  1.015e+00 
 245104  1.667  1  245104    0   1.46  59938.256  152.1  6.659e-01 
 245335  1.869  1  245335    0  20.76  59943.061  157.3  6.545e-01 
 245431  1.869  1  245431    0  20.69  59945.058  157.5  6.502e-01 
 245433  1.667  1  245433    0  21.69  59945.099  157.5  1.237e+00 
 245436  1.224  1  245436    0  23.26  59945.165  157.4  1.334e+00 
 245479  1.869  1  245479    0  20.53  59946.051  156.9  6.774e-01 
 245624  1.669  1  245624    0  21.29  59949.083  154.3  2.670e-01 
 245628  1.667  1  245628    0  23.27  59949.165  154.2  4.415e-01 
 245770  1.224  1  245770    0  22.41  59952.129  153.3  6.705e-01 
 246300  1.667  1  246300    0  23.48  59963.174  152.9  7.142e-01 
 246302  1.224  1  246302    0   0.32  59963.209  152.8  4.904e-01 
 246775  1.224  1  246775    0  20.60  59973.054  150.1  5.848e-01 
 246780  2.667  1  246780    0  23.09  59973.158  150.2  9.389e-01 
 247309  1.750  1  247309    0  23.82  59984.188  161.2  3.598e-01 
 247316  1.750  1  247316    0   3.15  59984.327  161.3  3.161e-01 
 247318  1.750  1  247318    0   4.07  59984.365  161.3  3.043e-01 
 247360  1.750  1  247360    0   1.31  59985.250  162.1  3.799e-01 
 247362  1.750  1  247362    0   2.23  59985.289  162.2  3.468e-01 
 247407  1.750  1  247407    0   1.00  59986.237  163.1  4.481e-01 
 247409  1.750  1  247409    0   1.92  59986.276  163.2  3.902e-01 
 247453  1.750  1  247453    0  23.71  59987.183  163.9  8.661e-01 
 247455  1.750  1  247455    0   0.64  59987.222  164.0  2.260e+00 
 247457  1.750  1  247457    0   1.56  59987.261  164.0  1.307e+00 
 247459  1.750  1  247459    0   2.51  59987.300  164.0  2.072e+00 
 247508  1.750  1  247508    0   3.38  59988.336  164.6  3.930e-01 
 247510  1.750  1  247510    0   4.30  59988.375  164.7  5.812e-01 
 247687  1.667  1  247687    0  20.58  59992.053  165.8  5.232e-01 
 248086  1.750  1  248086    0   4.40  60000.379  157.7  1.003e+00 
 248169  2.667  1  248169    0  21.55  60002.093  156.8  3.367e-01 
 248171  2.667  1  248171    0  22.95  60002.152  156.8  4.539e-01 
 248323  1.750  1  248323    0   2.55  60005.302  155.5  8.718e-01 
 248324  1.750  1  248324    0   3.45  60005.339  155.5  9.456e-01 
 248360  2.667  1  248360    0  21.02  60006.071  155.1  2.173e-01 
 248411  0.691  1  248411    0  22.88  60007.149  154.5  3.113e-01 
 248511  2.336  1  248511    0   0.60  60009.221  153.4  3.247e-01 
 248513  1.750  1  248513    0   1.78  60009.270  153.4  4.544e-01 
 248515  2.336  1  248515    0   2.98  60009.320  153.4  5.136e-01 
 248556  2.336  1  248556    0  23.05  60010.156  153.0  2.545e-01 
 249044  1.000  1  249044    0   3.22  60020.330  147.7  6.484e-01 
 249045  1.000  1  249045    0   3.73  60020.351  147.7  3.806e-01 
 249331  0.533  1  249331    0   2.86  60026.315  148.0  9.583e-01 
 249898  0.833  1  249898    0  22.23  60038.122  147.6  5.066e-01 
 249900  0.833  1  249900    0  23.12  60038.159  147.6  7.530e-01 
 249908  1.000  1  249908    0   3.06  60038.323  147.9  8.164e-01 
 249909  1.000  1  249909    0   3.57  60038.344  147.9  6.738e-01 
 249910  1.000  1  249910    0   4.09  60038.366  147.9  8.353e-01 
 249911  1.056  1  249911    0   4.61  60038.388  147.9  5.211e-01 
 249942  0.833  1  249942    0  20.19  60039.037  148.7  3.456e-01 
 249943  0.833  1  249943    0  20.62  60039.055  148.8  4.960e-01 
 249944  0.833  1  249944    0  21.10  60039.075  148.8  5.203e-01 
 249946  1.667  2  249946    0  22.27  60039.123  148.8  4.223e-01 
 249997  1.669  1  249997    0  23.96  60040.194  149.9  4.930e-01 
 250378  0.806  1  250378    0  22.02  60048.113  149.6  5.919e-01 
 250473  0.833  1  250473    0  21.54  60050.093  147.4  8.664e-01 
 251000  0.528  1  251000    0  21.11  60061.075  144.3  9.045e-01 
 251061  0.542  1  251061    0   3.90  60062.358  145.2  1.426e+00 
 251062  0.542  1  251062    0   4.19  60062.370  145.2  9.978e-01 
 251108  0.542  1  251108    0   3.28  60063.332  145.8  8.290e-01 
 251109  1.083  2  251109    0   3.71  60063.350  145.8  7.792e-01 
 251533  0.889  1  251533    0  23.97  60072.194  139.8  1.311e+00 
 251534  0.889  1  251534    0   0.43  60072.213  139.8  1.396e+00 
 251535  0.889  1  251535    0   0.89  60072.232  139.8  1.378e+00 
 251536  0.889  1  251536    0   1.35  60072.252  139.8  1.723e+00 
 251574  1.669  1  251574    0  20.24  60073.039  139.3  7.184e-01 
 251576  1.669  1  251576    0  21.11  60073.075  139.2  8.142e-01 
 251577  1.669  1  251577    0  21.98  60073.111  139.2  8.285e-01 
 251579  1.669  1  251579    0  22.93  60073.151  139.2  7.996e-01 
 251581  1.669  1  251581    0  23.78  60073.187  139.2  6.758e-01 
 251583  1.669  1  251583    0   0.70  60073.225  139.2  7.899e-01 
 251585  1.669  1  251585    0   1.56  60073.261  139.1  1.181e+00 
 251586  1.669  1  251586    0   2.43  60073.297  139.1  1.377e+00 
 251620  1.669  1  251620    0  19.49  60074.008  138.8  8.498e-01 
 251622  1.669  1  251622    0  20.36  60074.044  138.7  5.250e-01 
 251631  2.333  1  251631    0   0.92  60074.234  138.7  7.650e-01 
 251716  0.333  1  251716    0  19.37  60076.003  138.3  4.566e-01 
 251717  0.333  1  251717    0  19.55  60076.010  138.3  1.039e+00 
 251719  0.333  1  251719    0  20.56  60076.052  138.3  6.871e-01 
 252448  1.278  2  252448    0   1.24  60091.247  124.1  7.130e-01 
 252449  0.639  1  252449    0   1.88  60091.274  124.1  7.383e-01 
 252488  3.000  1  252488    0  21.10  60092.075  123.9  7.468e-01 
 252582  0.528  1  252582    0  20.14  60094.035  124.3  7.301e-01 
 252590  1.000  1  252590    0   0.28  60094.207  124.4  1.333e+00 
 252591  1.000  1  252591    0   0.79  60094.228  124.4  1.316e+00 
 252592  1.000  1  252592    0   1.30  60094.250  124.4  1.645e+00 
 252593  1.000  1  252593    0   1.82  60094.271  124.4  2.341e+00 
 252678  0.400  1  252678    0  20.05  60096.031  126.4  1.354e+00 
 252682  2.000  1  252682    0  22.38  60096.128  126.4  1.052e+00 
 252743  0.889  2  252743    0   4.76  60097.394  127.3  2.448e+00 
 252772  1.669  1  252772    0  19.26  60097.998  127.7  9.922e-01 
 252925  2.333  1  252925    0  23.81  60101.187  128.2  9.349e-01 
 252964  0.639  1  252964    0  19.36  60102.002  128.2  6.857e-01 
 252966  2.000  1  252966    0  20.14  60102.035  128.2  9.089e-01 
 252968  2.000  1  252968    0  21.22  60102.080  128.2  1.298e+00 
 252970  2.000  1  252970    0  22.25  60102.123  128.2  7.855e-01 
 252975  1.000  1  252975    0   0.58  60102.220  128.2  1.130e+00 
 252976  1.000  1  252976    0   1.09  60102.241  128.2  1.058e+00 
 252977  1.000  1  252977    0   1.72  60102.267  128.2  7.335e-01 
 252978  1.000  1  252978    0   2.26  60102.290  128.2  8.931e-01 
 253588  2.000  1  253588    0  19.33  60115.001  130.2  9.087e-01 
 253591  3.000  1  253591    0  20.81  60115.063  130.3  8.303e-01 
 253649  1.000  1  253649    0   1.63  60116.263  132.8  1.467e+00 
 253650  1.000  1  253650    0   2.14  60116.285  132.8  1.542e+00 
 253651  1.000  1  253651    0   2.65  60116.306  132.9  1.488e+00 
 253652  1.000  1  253652    0   3.17  60116.328  132.9  1.489e+00 
 253740  0.542  1  253740    0  23.43  60118.172  136.3  1.442e+00 
 253741  0.542  1  253741    0  23.72  60118.184  136.4  1.346e+00 
 253742  0.542  1  253742    0   0.00  60118.196  136.4  1.422e+00 
 253847  0.422  1  253847    0   4.81  60120.396  139.7  3.398e+00 
 253848  0.844  2  253848    0   5.15  60120.410  139.7  2.915e+00 
 254122  1.000  1  254122    0  22.25  60126.123  145.0  3.478e-01 
 254124  1.000  1  254124    0  23.28  60126.165  145.0  3.848e-01 
 254169  1.833  1  254169    0  21.59  60127.095  145.2  1.303e+00 
 254231  0.508  1  254231    0   4.78  60128.395  144.9  1.242e+00 
 254232  0.508  1  254232    0   5.25  60128.414  144.8  1.602e+00 
 254266  0.472  1  254266    0  22.47  60129.132  144.5  1.435e+00 
 254280  0.489  1  254280    0   5.10  60129.408  144.3  1.786e+00 
 254327  0.561  1  254327    0   4.87  60130.399  143.7  1.197e+00 
 254596  1.833  1  254596    0  19.09  60135.991  142.1  2.437e-01 
 254598  1.833  1  254598    0  20.03  60136.030  142.1  3.463e-01 
 255173  3.000  1  255173    0  19.93  60148.026  131.6  9.691e-01 
 255317  3.000  1  255317    0  19.70  60151.017  125.6  7.574e-01 
 255365  1.000  1  255365    0  19.68  60152.015  124.5  5.827e-01 
 255383  0.422  1  255383    0   4.76  60152.394  124.2  1.207e+00 
 255384  0.422  1  255384    0   5.21  60152.413  124.2  1.519e+00 
 255470  1.000  1  255470    0   0.16  60154.202  123.2  4.042e-01 
 255719  0.508  1  255719    0   4.71  60159.392  125.3  1.037e+00 
 255811  0.489  1  255811    0   2.67  60161.307  127.1  1.259e+00 
 256420  0.833  1  256420    0  19.22  60173.996  125.5  9.453e-01 
 256525  0.833  1  256525    0  23.80  60176.187  123.7  8.385e-01 
 256526  0.833  1  256526    0   0.23  60176.205  123.7  9.975e-01 
 256774  0.511  1  256774    0   4.09  60181.366  126.2  1.308e+00 
 257143  1.000  1  257143    0  20.63  60189.055  140.2  6.033e-01 
 257144  1.000  1  257144    0  21.15  60189.077  140.2  9.229e-01 
 257145  1.000  1  257145    0  21.66  60189.098  140.2  4.936e-01 
 257158  1.667  1  257158    0   4.46  60189.382  140.5  4.859e-01 
 257253  0.489  1  257253    0   3.94  60191.360  142.0  1.121e+00 
 258157  1.589  1  258157    0  23.78  60210.186  148.5  6.468e-01 
 258166  0.822  1  258166    0   4.19  60210.370  148.3  1.225e+00 
 258167  0.822  1  258167    0   4.62  60210.388  148.2  1.403e+00 
 258300  1.589  1  258300    0  23.13  60213.159  144.2  2.490e-01 
 258302  1.589  1  258302    0   0.13  60213.201  144.2  2.839e-01 
 258304  1.589  1  258304    0   1.04  60213.239  144.1  4.293e-01 
 258306  0.822  1  258306    0   2.30  60213.291  144.1  3.283e-01 
 258307  0.822  1  258307    0   2.72  60213.309  144.0  3.789e-01 
 258348  1.589  1  258348    0  23.09  60214.158  143.1  3.378e-01 
 258400  0.450  1  258400    0   1.32  60215.251  141.8  7.438e-01 
 258403  0.822  1  258403    0   2.71  60215.308  141.7  4.414e-01 
 258404  0.822  1  258404    0   3.13  60215.326  141.7  4.803e-01 
 258450  0.822  1  258450    0   2.22  60216.288  140.7  4.865e-01 
 258490  0.611  1  258490    0  22.27  60217.123  139.9  7.475e-01 
 258491  0.611  1  258491    0  22.59  60217.137  139.9  8.024e-01 
 258597  1.250  1  258597    0   3.66  60219.348  138.4  1.180e+00 
 258598  1.250  1  258598    0   4.32  60219.375  138.4  1.315e+00 
 259793  0.822  1  259793    0   1.85  60244.273  158.0  1.112e+00 
 259794  0.822  1  259794    0   2.30  60244.292  158.0  1.158e+00 
 259925  1.000  1  259925    0  19.73  60247.018  159.1  1.038e+00 
 259926  1.000  1  259926    0  20.24  60247.039  159.1  7.393e-01 
 259927  0.643  1  259927    0  20.67  60247.057  159.1  6.809e-01 
 260180  1.667  1  260180    0   3.40  60252.337  158.5  2.634e+00 
 260994  1.667  1  260994    0   2.16  60269.286  157.0  9.125e-01 
 261087  1.667  1  261087    0   0.90  60271.233  157.8  2.279e+00 
 261232  1.667  1  261232    0   1.43  60274.255  157.3  1.012e+00 
 261280  1.667  1  261280    0   1.37  60275.252  156.9  6.471e-01 
 261329  1.667  1  261329    0   1.71  60276.267  156.5  7.769e-01 
 261850  1.667  1  261850    0  22.07  60287.115  161.6  2.309e-01 
 263912  1.667  1  263912    0  21.02  60330.071  137.1  2.906e-01 
 264489  1.667  1  264489    0  21.53  60342.093  136.6  6.984e-01 
 265306  1.200  1  265306    0  22.27  60359.123  124.1  3.874e-01 
