# Paranal Airglow Line And Continuum Emission (PALACE) model: data and code of
# v1.0 (Noll et al. 2024)
# 
# Intensity time series of FeOf06a (see pmd_climfeat.dat) for intervals of
# 30 min of X-shooter data
# 
# Column names:
# bin: unique number of half-hourly bin
# fbin: fraction of bin (summed exposure time divided by 30 min)
# N: number of combined exposures
# year: year
# DOY: day of year
# LT: weighted local time for combined exposures in hours (for longitude of
#     Cerro Paranal)
# MJD: Modified Julian Date for LT
# S27d: solar radio flux averaged for 27 days in solar flux units (sfu)
# I: intensity in R (source: noll+24)
# 
    bin   fbin  N  year  DOY     LT        MJD   S27d          I 
  13496  2.000  1  2009  281  21.38  55113.087   70.6  2.730e+01 
  13548  2.000  1  2009  282  23.14  55114.160   70.6  1.624e+01 
  13593  2.000  1  2009  283  21.97  55115.111   70.6  1.919e+01 
  13596  2.000  1  2009  283  23.24  55115.164   70.6  1.337e+01 
  13598  1.000  1  2009  284   0.45  55115.214   70.6  1.981e+01 
  13639  0.533  1  2009  284  20.74  55116.060   70.6  1.676e+01 
  13640  1.067  2  2009  284  21.23  55116.080   70.6  2.885e+01 
  13641  0.533  1  2009  284  21.71  55116.100   70.6  2.119e+01 
  13647  1.000  1  2009  285   0.97  55116.236   70.6  2.698e+01 
  13648  1.000  1  2009  285   1.49  55116.258   70.6  2.092e+01 
  13650  1.000  1  2009  285   2.32  55116.292   70.6  1.685e+01 
  13651  1.000  1  2009  285   2.84  55116.314   70.6  1.981e+01 
  13878  0.820  1  2009  289  20.11  55121.033   71.7  1.911e+01 
  13879  0.713  1  2009  289  20.51  55121.050   71.7  1.725e+01 
  13934  1.000  1  2009  291   0.44  55122.214   71.8  2.804e+01 
  13935  1.000  1  2009  291   0.97  55122.236   71.8  2.709e+01 
  13937  1.000  1  2009  291   1.78  55122.270   71.8  2.299e+01 
  13938  1.000  1  2009  291   2.31  55122.292   71.8  2.710e+01 
  13972  0.333  1  2009  291  19.37  55123.003   71.9  2.936e+01 
  13973  1.000  3  2009  291  19.76  55123.019   71.9  3.092e+01 
  13975  0.833  2  2009  291  20.77  55123.061   71.9  2.267e+01 
  14021  0.651  1  2009  292  19.86  55124.023   71.9  2.156e+01 
  14022  0.651  1  2009  292  20.21  55124.038   71.9  1.612e+01 
  14023  1.302  2  2009  292  20.73  55124.059   71.9  1.731e+01 
  14024  0.651  1  2009  292  21.36  55124.086   71.9  1.701e+01 
  14025  0.651  1  2009  292  21.71  55124.100   71.9  2.021e+01 
  14026  1.302  2  2009  292  22.23  55124.122   71.9  1.833e+01 
  14028  1.302  2  2009  292  23.20  55124.162   71.9  1.922e+01 
  14029  0.651  1  2009  292  23.72  55124.184   71.9  2.086e+01 
  14030  0.651  1  2009  293   0.06  55124.198   71.9  1.730e+01 
  14032  0.933  2  2009  293   1.18  55124.245   71.9  1.538e+01 
  14033  0.933  2  2009  293   1.69  55124.266   71.9  1.895e+01 
  14034  0.467  1  2009  293   2.42  55124.296   71.9  1.721e+01 
  14035  0.933  2  2009  293   2.80  55124.312   71.9  2.366e+01 
  14036  0.467  1  2009  293   3.19  55124.328   71.9  2.638e+01 
  14037  0.548  1  2009  293   3.69  55124.349   71.9  2.039e+01 
  14069  0.651  1  2009  293  19.79  55125.020   72.0  2.522e+01 
  14070  1.302  2  2009  293  20.31  55125.042   72.0  2.381e+01 
  14071  0.651  1  2009  293  20.84  55125.064   72.0  2.482e+01 
  14072  0.651  1  2009  293  21.45  55125.089   72.0  2.936e+01 
  14073  0.651  1  2009  293  21.80  55125.104   72.0  2.597e+01 
  14074  1.302  2  2009  293  22.32  55125.125   72.0  2.224e+01 
  14076  0.467  1  2009  293  23.40  55125.171   72.0  1.820e+01 
  14077  0.467  1  2009  293  23.92  55125.192   72.0  2.416e+01 
  14080  0.467  1  2009  294   1.29  55125.249   72.0  3.465e+01 
  14081  0.467  1  2009  294   1.55  55125.260   72.0  3.096e+01 
  14082  0.467  1  2009  294   2.06  55125.281   72.0  3.506e+01 
  14117  2.001  1  2009  294  19.76  55126.019   72.0  2.908e+01 
  14119  2.001  1  2009  294  20.86  55126.065   72.0  2.931e+01 
  14122  2.001  1  2009  294  22.13  55126.118   72.1  3.240e+01 
  14124  0.969  2  2009  294  23.33  55126.168   72.1  2.597e+01 
  14125  0.969  2  2009  294  23.86  55126.190   72.1  2.852e+01 
  14127  0.933  2  2009  295   0.69  55126.225   72.1  2.887e+01 
  14128  0.933  2  2009  295   1.21  55126.246   72.1  2.650e+01 
  14129  0.933  2  2009  295   1.82  55126.271   72.1  2.073e+01 
  14130  0.933  2  2009  295   2.34  55126.293   72.1  2.345e+01 
  14132  0.548  1  2009  295   3.19  55126.328   72.1  2.532e+01 
  14133  0.548  1  2009  295   3.51  55126.342   72.1  2.657e+01 
  14134  0.548  1  2009  295   4.11  55126.367   72.1  2.962e+01 
  14175  1.000  1  2009  296   0.51  55127.217   72.1  3.305e+01 
  14178  0.667  1  2009  296   2.16  55127.286   72.1  3.784e+01 
  14225  0.667  1  2009  297   1.97  55128.278   72.1  3.661e+01 
  14264  0.333  1  2009  297  21.09  55129.074   72.1  4.746e+01 
  14267  0.500  1  2009  297  22.82  55129.146   72.1  3.007e+01 
  14934  0.533  1  2009  311  20.05  55143.031   73.2  4.178e+01 
  14935  1.333  2  2009  311  20.76  55143.061   73.2  3.066e+01 
  14939  1.000  1  2009  311  22.88  55143.149   73.2  2.619e+01 
  14986  1.000  1  2009  312  22.00  55144.112   73.1  2.844e+01 
  15032  1.000  1  2009  313  21.38  55145.086   72.9  2.200e+01 
  15036  1.000  1  2009  313  23.41  55145.171   72.8  3.092e+01 
  15041  0.667  1  2009  314   1.82  55145.271   72.8  4.550e+01 
  15045  0.333  1  2009  314   3.51  55145.342   72.8  5.933e+01 
  15081  0.667  1  2009  314  21.53  55146.093   72.6  2.557e+01 
  15086  0.667  1  2009  315   0.50  55146.216   72.6  3.934e+01 
  15271  0.694  1  2009  318  20.79  55150.062   72.2  2.459e+01 
  15273  0.694  1  2009  318  21.94  55150.110   72.2  1.968e+01 
  15414  0.967  1  2009  321  20.04  55153.030   72.2  1.583e+01 
  15415  0.967  1  2009  321  20.54  55153.052   72.2  1.547e+01 
  15416  0.967  1  2009  321  21.05  55153.073   72.2  1.481e+01 
  15417  0.967  1  2009  321  21.65  55153.098   72.2  2.364e+01 
  15418  0.967  1  2009  321  22.16  55153.119   72.2  2.693e+01 
  15419  0.967  1  2009  321  22.69  55153.141   72.2  2.694e+01 
  15420  0.967  1  2009  321  23.19  55153.162   72.2  2.344e+01 
  15421  0.967  1  2009  321  23.81  55153.188   72.2  2.241e+01 
  15422  0.967  1  2009  322   0.32  55153.209   72.2  2.447e+01 
  15423  0.967  1  2009  322   0.83  55153.230   72.2  1.968e+01 
  15424  0.967  1  2009  322   1.33  55153.251   72.2  1.835e+01 
  15425  0.967  1  2009  322   1.99  55153.278   72.2  2.120e+01 
  15426  0.967  1  2009  322   2.50  55153.300   72.2  2.014e+01 
  15428  0.967  1  2009  322   3.16  55153.327   72.2  2.248e+01 
  15429  0.967  1  2009  322   3.67  55153.348   72.2  2.080e+01 
  15461  0.967  1  2009  322  19.92  55154.026   72.2  2.340e+01 
  15462  0.967  1  2009  322  20.43  55154.047   72.2  2.271e+01 
  15463  0.967  1  2009  322  20.94  55154.068   72.2  2.088e+01 
  15464  0.967  1  2009  322  21.44  55154.089   72.2  2.291e+01 
  15466  0.967  1  2009  322  22.09  55154.116   72.2  2.398e+01 
  15467  0.967  1  2009  322  22.59  55154.137   72.2  2.148e+01 
  15468  0.967  1  2009  322  23.22  55154.163   72.2  1.955e+01 
  15469  0.967  1  2009  322  23.72  55154.184   72.2  2.060e+01 
  15471  0.967  1  2009  323   0.56  55154.219   72.2  2.133e+01 
  15472  0.967  1  2009  323   1.07  55154.240   72.2  2.216e+01 
  15473  0.967  1  2009  323   1.76  55154.269   72.2  2.093e+01 
  15475  0.967  1  2009  323   2.88  55154.315   72.2  2.149e+01 
  15476  0.967  1  2009  323   3.38  55154.337   72.2  2.099e+01 
  15511  1.395  2  2009  323  20.79  55155.062   72.2  1.202e+01 
  15512  0.697  1  2009  323  21.35  55155.085   72.2  1.173e+01 
  15513  0.697  1  2009  323  21.71  55155.100   72.2  1.214e+01 
  15514  0.520  1  2009  323  22.24  55155.122   72.2  1.035e+01 
  15515  1.039  2  2009  323  22.66  55155.140   72.2  1.163e+01 
  15516  0.520  1  2009  323  23.07  55155.157   72.2  1.111e+01 
  15519  1.000  1  2009  324   0.69  55155.225   72.2  8.971e+00 
  15520  1.000  1  2009  324   1.22  55155.246   72.2  1.009e+01 
  15521  1.000  1  2009  324   1.75  55155.268   72.2  1.150e+01 
  15522  1.000  1  2009  324   2.27  55155.290   72.2  1.269e+01 
  15558  0.697  1  2009  324  20.25  55156.039   72.2  1.531e+01 
  15559  1.395  2  2009  324  20.80  55156.062   72.2  1.549e+01 
  15560  0.697  1  2009  324  21.36  55156.085   72.2  1.210e+01 
  15562  1.000  1  2009  324  22.23  55156.122   72.2  1.579e+01 
  15563  1.000  1  2009  324  22.76  55156.144   72.2  1.795e+01 
  15564  1.000  1  2009  324  23.29  55156.166   72.2  1.587e+01 
  15565  1.000  1  2009  324  23.81  55156.188   72.2  1.559e+01 
  15619  0.722  1  2009  326   2.96  55157.319   72.2  2.274e+01 
  15620  0.722  1  2009  326   3.35  55157.335   72.2  1.940e+01 
  15656  0.500  1  2009  326  21.13  55158.076   72.2  1.796e+01 
  15657  1.000  2  2009  326  21.82  55158.105   72.2  2.385e+01 
  15658  0.500  1  2009  326  22.24  55158.122   72.2  1.915e+01 
  15659  0.500  1  2009  326  22.51  55158.134   72.2  1.694e+01 
  15660  0.946  1  2009  326  23.28  55158.165   72.2  2.213e+01 
  15661  0.946  1  2009  326  23.77  55158.186   72.2  2.056e+01 
  15662  0.946  1  2009  327   0.27  55158.207   72.2  1.903e+01 
  15663  0.946  1  2009  327   0.77  55158.228   72.2  1.721e+01 
  15665  1.111  2  2009  327   1.84  55158.272   72.2  1.168e+01 
  15667  1.000  2  2009  327   2.69  55158.308   72.2  1.268e+01 
  15702  1.000  2  2009  327  20.24  55159.039   72.1  1.454e+01 
  15703  1.000  2  2009  327  20.80  55159.062   72.1  1.335e+01 
  15704  1.000  2  2009  327  21.35  55159.085   72.1  1.361e+01 
  15706  1.293  2  2009  327  22.29  55159.124   72.1  1.864e+01 
  15707  0.647  1  2009  327  22.82  55159.147   72.1  1.636e+01 
  15708  0.647  1  2009  327  23.18  55159.161   72.1  1.480e+01 
  15709  1.052  2  2009  327  23.85  55159.189   72.1  1.695e+01 
  15711  0.781  1  2009  328   0.68  55159.224   72.1  1.479e+01 
  15712  0.781  1  2009  328   1.11  55159.242   72.1  1.497e+01 
  15713  0.781  1  2009  328   1.75  55159.268   72.1  1.194e+01 
  15714  0.781  1  2009  328   2.19  55159.287   72.1  1.480e+01 
  15716  2.000  1  2009  328   3.36  55159.336   72.1  6.995e+00 
  15761  0.454  1  2009  329   1.63  55160.264   72.0  1.339e+01 
  15763  0.909  2  2009  329   2.77  55160.311   72.0  1.352e+01 
  15764  0.909  2  2009  329   3.34  55160.335   72.0  1.639e+01 
  16230  1.000  1  2009  338  20.49  55170.050   72.6  8.946e+00 
  16278  0.820  1  2009  339  20.38  55171.045   72.8  7.641e+00 
  16279  0.820  1  2009  339  20.81  55171.063   72.8  9.089e+00 
  16326  0.694  1  2009  340  20.37  55172.044   73.0  1.408e+01 
  16327  0.694  1  2009  340  20.78  55172.062   73.0  1.141e+01 
  16329  1.000  1  2009  340  21.76  55172.102   73.0  1.187e+01 
  16330  1.000  1  2009  340  22.29  55172.124   73.0  1.437e+01 
  16470  0.820  1  2009  343  20.14  55175.035   73.8  7.325e+00 
  16471  0.820  1  2009  343  20.58  55175.053   73.8  9.119e+00 
  16473  0.694  1  2009  343  21.81  55175.104   73.8  1.256e+01 
  16711  0.820  1  2009  348  20.59  55180.053   74.4  4.387e+00 
  16854  1.000  3  2009  351  20.22  55183.038   74.8  1.329e+01 
  16855  0.333  1  2009  351  20.60  55183.054   74.8  7.953e+00 
  16856  1.000  3  2009  351  21.21  55183.079   74.8  1.864e+01 
  16857  0.333  1  2009  351  21.60  55183.095   74.8  1.192e+01 
  16858  0.667  2  2009  351  22.39  55183.128   74.8  1.595e+01 
  16859  0.667  2  2009  351  22.77  55183.145   74.9  1.529e+01 
  16860  0.667  2  2009  351  23.36  55183.169   74.9  1.829e+01 
  16861  0.667  2  2009  351  23.74  55183.185   74.9  1.863e+01 
  16862  0.667  2  2009  352   0.38  55183.212   74.9  1.069e+01 
  16863  0.667  2  2009  352   0.77  55183.228   74.9  1.140e+01 
  16902  1.000  3  2009  352  20.27  55184.040   75.1  1.606e+01 
  16903  0.333  1  2009  352  20.66  55184.056   75.1  1.222e+01 
  16904  1.000  3  2009  352  21.26  55184.081   75.1  1.387e+01 
  16905  0.333  1  2009  352  21.65  55184.098   75.1  1.242e+01 
  16906  0.333  1  2009  352  22.34  55184.126   75.1  6.512e+00 
  16907  1.000  3  2009  352  22.72  55184.142   75.1  1.003e+01 
  16908  0.667  2  2009  352  23.38  55184.170   75.1  1.081e+01 
  16909  0.667  2  2009  352  23.77  55184.186   75.1  8.960e+00 
  16910  0.667  2  2009  353   0.36  55184.211   75.1  1.115e+01 
  16911  0.667  2  2009  353   0.75  55184.227   75.1  1.239e+01 
  16912  0.333  1  2009  353   1.43  55184.255   75.1  8.399e+00 
  16913  0.333  1  2009  353   1.63  55184.263   75.1  8.683e+00 
  17048  0.500  1  2009  355  21.46  55187.090   75.6  1.421e+01 
  17050  0.500  1  2009  355  22.40  55187.129   75.6  1.447e+01 
  17051  1.000  2  2009  355  22.82  55187.146   75.6  1.160e+01 
  17055  0.667  1  2009  356   0.52  55187.217   75.6  1.201e+01 
  17056  2.667  1  2009  356   1.42  55187.255   75.6  6.811e+00 
  17059  0.667  1  2009  356   2.72  55187.309   75.6  9.650e+00 
  17060  1.333  2  2009  356   3.26  55187.331   75.6  8.592e+00 
  17061  0.667  1  2009  356   3.80  55187.354   75.6  1.119e+01 
  17095  0.400  1  2009  356  20.93  55188.068   75.6  1.997e+01 
  17099  1.000  2  2009  356  22.85  55188.148   75.6  1.068e+01 
  17100  0.500  1  2009  356  23.26  55188.165   75.6  8.177e+00 
  17101  1.022  2  2009  356  23.74  55188.185   75.6  1.278e+01 
  17102  0.522  1  2009  357   0.23  55188.205   75.6  1.482e+01 
  17103  1.044  2  2009  357   0.65  55188.223   75.6  1.585e+01 
  17105  0.400  1  2009  357   1.96  55188.277   75.6  1.036e+01 
  17106  0.333  1  2009  357   2.32  55188.292   75.6  1.322e+01 
  17107  1.000  2  2009  357   2.78  55188.311   75.6  1.014e+01 
  17108  0.667  1  2009  357   3.27  55188.332   75.6  1.120e+01 
  17109  0.667  1  2009  357   3.63  55188.347   75.6  9.602e+00 
  17143  0.500  1  2009  357  20.78  55189.062   75.7  1.006e+01 
  17144  1.000  2  2009  357  21.20  55189.079   75.7  9.076e+00 
  17145  1.000  2  2009  357  21.80  55189.104   75.7  1.504e+01 
  17146  0.500  1  2009  357  22.27  55189.124   75.7  1.103e+01 
  17147  1.000  2  2009  357  22.69  55189.141   75.7  1.388e+01 
  17148  1.000  2  2009  357  23.35  55189.169   75.7  1.221e+01 
  17149  0.500  1  2009  357  23.77  55189.186   75.7  1.388e+01 
  17150  0.500  1  2009  358   0.04  55189.197   75.7  1.588e+01 
  17152  1.000  2  2009  358   1.25  55189.248   75.8  1.088e+01 
  17153  1.000  2  2009  358   1.80  55189.271   75.8  1.246e+01 
  17154  1.000  2  2009  358   2.35  55189.294   75.8  8.369e+00 
  17155  0.333  1  2009  358   2.82  55189.313   75.8  9.709e+00 
  17156  1.000  2  2009  358   3.26  55189.331   75.8  9.124e+00 
  17157  0.667  1  2009  358   3.74  55189.351   75.8  9.379e+00 
  18107  2.000  1  2010   12  22.97  55209.153   79.3  1.406e+01 
  18110  2.000  1  2010   13   0.20  55209.204   79.3  1.316e+01 
  18112  1.000  1  2010   13   1.29  55209.249   79.3  1.112e+01 
  18113  1.000  1  2010   13   1.82  55209.271   79.3  1.322e+01 
  18163  1.000  1  2010   14   2.70  55210.308   79.4  1.306e+01 
  18164  1.000  1  2010   14   3.22  55210.330   79.4  9.221e+00 
  18253  2.000  1  2010   15  23.94  55212.193   79.3  7.962e+00 
  18255  1.000  1  2010   16   0.97  55212.236   79.3  1.381e+01 
  18256  1.000  1  2010   16   1.50  55212.258   79.3  1.895e+01 
  18258  1.000  1  2010   16   2.31  55212.292   79.3  1.160e+01 
  18259  1.000  1  2010   16   2.84  55212.314   79.3  1.595e+01 
  18297  0.333  1  2010   16  21.94  55213.110   79.2  1.367e+01 
  18298  0.667  2  2010   16  22.23  55213.122   79.2  1.728e+01 
  18299  0.333  1  2010   16  22.88  55213.149   79.2  1.316e+01 
  18300  0.667  2  2010   16  23.17  55213.161   79.2  1.343e+01 
  18301  0.333  1  2010   16  23.93  55213.193   79.2  2.033e+01 
  18302  0.667  2  2010   17   0.22  55213.205   79.2  1.213e+01 
  18304  1.000  1  2010   17   1.11  55213.242   79.2  8.617e+00 
  18305  1.000  1  2010   17   1.64  55213.264   79.2  1.327e+01 
  18306  1.000  1  2010   17   2.37  55213.294   79.2  1.373e+01 
  18307  1.000  1  2010   17   2.90  55213.316   79.2  1.491e+01 
  18448  0.442  1  2010   20   1.46  55216.257   79.2  1.612e+01 
  18487  1.014  1  2010   20  20.60  55217.054   79.1  1.844e+01 
  18488  1.014  1  2010   20  21.14  55217.076   79.1  2.087e+01 
  18490  1.005  1  2010   20  22.05  55217.114   79.1  1.360e+01 
  18491  1.005  1  2010   20  22.57  55217.136   79.1  1.407e+01 
  18492  0.894  1  2010   20  23.27  55217.165   79.1  1.194e+01 
  18493  0.894  1  2010   20  23.73  55217.184   79.1  1.353e+01 
  18494  0.894  1  2010   21   0.19  55217.204   79.1  1.596e+01 
  18495  0.894  1  2010   21   0.66  55217.223   79.1  1.496e+01 
  18496  1.005  1  2010   21   1.36  55217.252   79.1  1.038e+01 
  18497  1.005  1  2010   21   1.88  55217.274   79.1  1.155e+01 
  18498  1.005  1  2010   21   2.40  55217.296   79.1  1.285e+01 
  18499  1.005  1  2010   21   2.92  55217.317   79.1  1.017e+01 
  18500  0.672  1  2010   21   3.43  55217.338   79.1  1.216e+01 
  18501  0.672  1  2010   21   3.78  55217.353   79.1  1.043e+01 
  18541  0.916  1  2010   21  23.59  55218.178   79.0  1.101e+01 
  18542  0.916  1  2010   22   0.06  55218.198   79.0  1.008e+01 
  18543  0.467  1  2010   22   0.84  55218.231   79.0  8.896e+00 
  18544  0.933  2  2010   22   1.22  55218.247   79.0  1.175e+01 
  18545  0.933  2  2010   22   1.74  55218.268   79.0  1.471e+01 
  18546  0.933  2  2010   22   2.25  55218.289   79.0  1.594e+01 
  18547  0.467  1  2010   22   2.64  55218.305   79.0  1.148e+01 
  18548  0.933  2  2010   22   3.27  55218.332   79.0  1.738e+01 
  18549  0.933  2  2010   22   3.78  55218.353   79.0  1.851e+01 
  18550  0.467  1  2010   22   4.16  55218.369   79.0  2.248e+01 
  18588  0.467  1  2010   22  23.31  55219.167   78.9  2.006e+01 
  18589  0.933  2  2010   22  23.69  55219.183   78.9  1.387e+01 
  18590  0.933  2  2010   23   0.21  55219.204   78.9  1.698e+01 
  18591  0.467  1  2010   23   0.59  55219.220   78.9  1.778e+01 
  18592  1.666  1  2010   23   1.45  55219.256   78.9  1.758e+01 
  18594  1.666  1  2010   23   2.31  55219.292   78.9  1.139e+01 
  18596  0.933  2  2010   23   3.29  55219.333   78.9  1.522e+01 
  18597  0.933  2  2010   23   3.81  55219.354   78.9  1.781e+01 
  18598  0.467  1  2010   23   4.19  55219.370   78.9  1.265e+01 
  18638  2.017  1  2010   24   0.34  55220.210   78.9  7.584e+00 
  18640  2.017  1  2010   24   1.46  55220.256   78.9  1.058e+01 
  18643  2.017  1  2010   24   2.50  55220.300   78.9  1.037e+01 
  18645  2.017  1  2010   24   3.62  55220.346   78.9  9.632e+00 
  18694  0.467  1  2010   25   4.25  55221.373   79.0  1.557e+01 
  19158  0.649  1  2010   34  20.31  55231.042   81.1  1.127e+01 
  19159  0.649  1  2010   34  20.68  55231.057   81.1  2.011e+01 
  19160  0.649  1  2010   34  21.05  55231.072   81.1  1.883e+01 
  19161  0.649  1  2010   34  21.66  55231.098   81.1  2.272e+01 
  19352  0.793  2  2010   38  21.34  55235.085   81.4  2.259e+01 
  19353  0.793  2  2010   38  21.80  55235.104   81.4  1.912e+01 
  19356  1.500  1  2010   38  23.38  55235.170   81.4  8.253e+00 
  19358  1.500  1  2010   39   0.16  55235.202   81.4  9.707e+00 
  19359  1.500  1  2010   39   0.93  55235.235   81.4  1.035e+01 
  19361  1.500  1  2010   39   1.71  55235.267   81.4  1.057e+01 
  19411  1.424  1  2010   40   2.84  55236.314   81.5  2.259e+01 
  19413  1.424  1  2010   40   3.72  55236.351   81.5  2.496e+01 
  19497  0.333  1  2010   41  21.92  55238.109   81.9  8.355e+00 
  19498  0.667  2  2010   41  22.21  55238.121   81.9  1.452e+01 
  19507  0.998  1  2010   42   2.50  55238.300   82.0  1.423e+01 
  19508  0.998  1  2010   42   3.02  55238.322   82.0  1.098e+01 
  19509  0.998  1  2010   42   3.62  55238.346   82.0  1.198e+01 
  19510  0.998  1  2010   42   4.14  55238.368   82.0  1.613e+01 
  19592  1.298  2  2010   43  21.22  55240.080   82.6  1.344e+01 
  19593  0.649  1  2010   43  21.77  55240.103   82.6  1.324e+01 
  19594  0.649  1  2010   43  22.14  55240.118   82.6  1.373e+01 
  19687  1.500  1  2010   45  20.69  55242.058   82.9  6.926e+00 
  19688  0.667  1  2010   45  21.41  55242.088   82.9  1.267e+01 
  19690  1.500  1  2010   45  22.27  55242.124   82.9  8.949e+00 
  19692  1.167  1  2010   45  23.13  55242.159   82.9  1.056e+01 
  19694  1.500  1  2010   46   0.19  55242.203   82.9  1.162e+01 
  19695  1.500  1  2010   46   0.96  55242.236   82.9  9.041e+00 
  19697  1.500  1  2010   46   1.73  55242.268   82.9  9.913e+00 
  19699  1.167  1  2010   46   2.60  55242.304   82.9  1.122e+01 
  19700  0.833  1  2010   46   3.39  55242.337   82.9  1.669e+01 
  19701  0.833  1  2010   46   3.91  55242.359   82.9  1.387e+01 
  19734  0.500  1  2010   46  20.36  55243.044   83.0  1.154e+01 
  19735  0.500  1  2010   46  20.62  55243.055   83.0  1.297e+01 
  19738  2.000  1  2010   46  22.37  55243.128   83.0  1.292e+01 
  19740  2.000  1  2010   46  23.50  55243.175   83.0  1.535e+01 
  19743  2.000  1  2010   47   0.59  55243.220   83.1  1.290e+01 
  19745  1.000  2  2010   47   1.67  55243.265   83.1  2.029e+01 
  19746  1.000  2  2010   47   2.27  55243.290   83.1  2.105e+01 
  19748  0.533  1  2010   47   3.26  55243.331   83.1  1.521e+01 
  19749  1.027  1  2010   47   3.89  55243.358   83.1  1.281e+01 
  19797  1.000  1  2010   48   3.63  55244.347   83.2  1.727e+01 
  19798  1.000  1  2010   48   4.16  55244.369   83.2  1.875e+01 
  19830  0.880  2  2010   48  20.29  55245.041   83.4  2.277e+01 
  19832  0.880  2  2010   48  21.26  55245.081   83.4  2.061e+01 
  19834  0.500  1  2010   48  22.17  55245.119   83.4  1.705e+01 
  19835  1.000  1  2010   48  22.56  55245.136   83.4  1.958e+01 
  19836  0.500  1  2010   48  23.19  55245.162   83.4  1.787e+01 
  19837  1.000  1  2010   48  23.58  55245.178   83.4  1.430e+01 
  19838  0.500  1  2010   49   0.37  55245.211   83.4  1.639e+01 
  19839  1.000  1  2010   49   0.76  55245.227   83.4  1.805e+01 
  19840  0.500  1  2010   49   1.44  55245.256   83.5  1.409e+01 
  19841  1.000  1  2010   49   1.83  55245.272   83.5  2.115e+01 
  19842  0.500  1  2010   49   2.49  55245.299   83.5  1.821e+01 
  19843  1.000  1  2010   49   2.87  55245.315   83.5  2.042e+01 
  19886  0.500  1  2010   50   0.29  55246.208   83.7  1.395e+01 
  19887  1.000  2  2010   50   0.71  55246.225   83.7  2.049e+01 
  19888  0.500  1  2010   50   1.12  55246.242   83.7  1.762e+01 
  19926  0.880  2  2010   50  20.27  55247.040   83.7  3.580e+01 
  19929  0.667  1  2010   50  21.99  55247.112   83.7  2.642e+01 
  19930  0.667  1  2010   50  22.35  55247.127   83.7  2.102e+01 
  19931  0.667  1  2010   50  22.71  55247.142   83.7  2.293e+01 
  19932  0.667  1  2010   50  23.07  55247.157   83.7  2.212e+01 
  19973  0.440  1  2010   51  19.99  55248.028   83.4  2.428e+01 
  19974  0.440  1  2010   51  20.31  55248.042   83.4  2.960e+01 
  20033  0.540  1  2010   53   1.81  55249.271   82.9  3.330e+01 
  20034  0.540  1  2010   53   2.19  55249.287   82.9  3.292e+01 
  20038  0.540  1  2010   53   4.23  55249.372   82.8  3.512e+01 
  20082  0.733  2  2010   54   2.32  55250.292   82.3  3.645e+01 
  20083  0.367  1  2010   54   2.64  55250.306   82.3  3.537e+01 
  20084  0.733  2  2010   54   3.28  55250.332   82.3  3.247e+01 
  20085  0.733  2  2010   54   3.82  55250.355   82.3  2.220e+01 
  20086  0.733  2  2010   54   4.25  55250.373   82.3  2.946e+01 
  20087  0.367  1  2010   54   4.57  55250.386   82.3  4.214e+01 
  20132  2.000  1  2010   55   3.26  55251.331   81.8  1.962e+01 
  20751  0.998  1  2010   68   0.96  55264.235   81.3  1.457e+01 
  20752  0.998  1  2010   68   1.48  55264.257   81.3  1.328e+01 
  20754  0.998  1  2010   68   2.30  55264.291   81.3  9.898e+00 
  20755  0.998  1  2010   68   2.82  55264.313   81.3  1.593e+01 
  20757  1.000  1  2010   68   3.67  55264.349   81.3  1.394e+01 
  20758  1.000  1  2010   68   4.20  55264.371   81.3  1.712e+01 
  20798  2.000  1  2010   69   0.26  55265.206   81.3  1.457e+01 
  20801  1.000  1  2010   69   1.77  55265.269   81.3  1.232e+01 
  20802  1.000  1  2010   69   2.29  55265.291   81.3  1.289e+01 
  20804  1.000  1  2010   69   3.27  55265.332   81.3  1.715e+01 
  20805  1.000  1  2010   69   3.79  55265.354   81.3  1.443e+01 
  20895  1.000  1  2010   71   0.54  55267.218   81.6  2.115e+01 
  20896  1.000  1  2010   71   1.07  55267.240   81.6  2.095e+01 
  20939  2.000  1  2010   71  22.73  55268.143   81.8  1.891e+01 
  20941  2.000  1  2010   71  23.95  55268.194   81.9  1.705e+01 
  21034  1.469  2  2010   73  22.24  55270.122   82.6  1.963e+01 
  21077  0.649  1  2010   74  20.00  55271.029   82.9  2.872e+01 
  21078  0.649  1  2010   74  20.36  55271.044   82.9  2.228e+01 
  21079  0.649  1  2010   74  20.73  55271.059   82.9  2.410e+01 
  21080  0.649  1  2010   74  21.09  55271.074   82.9  2.034e+01 
  21081  1.351  2  2010   74  21.75  55271.102   82.9  2.374e+01 
  21094  0.667  2  2010   75   4.24  55271.372   82.9  2.675e+01 
  21095  0.667  2  2010   75   4.62  55271.388   82.9  2.614e+01 
  21126  0.667  1  2010   75  20.45  55272.048   83.0  1.640e+01 
  21127  0.667  1  2010   75  20.81  55272.063   83.0  1.835e+01 
  21128  0.667  1  2010   75  21.17  55272.078   83.0  1.474e+01 
  21129  0.667  1  2010   75  21.98  55272.111   83.0  1.538e+01 
  21131  0.667  1  2010   75  22.93  55272.151   83.0  1.673e+01 
  21133  0.913  2  2010   75  23.65  55272.181   83.0  2.276e+01 
  21134  0.456  1  2010   76   0.06  55272.198   83.0  2.330e+01 
  21135  0.913  2  2010   76   0.70  55272.225   83.0  1.499e+01 
  21136  0.456  1  2010   76   1.42  55272.255   83.1  1.657e+01 
  21138  1.000  3  2010   76   2.23  55272.288   83.1  2.660e+01 
  21139  0.333  1  2010   76   2.65  55272.306   83.1  2.962e+01 
  21140  0.333  1  2010   76   3.41  55272.338   83.1  3.810e+01 
  21141  0.667  2  2010   76   3.73  55272.351   83.1  1.450e+01 
  21142  0.333  1  2010   76   4.05  55272.365   83.1  1.811e+01 
  21143  0.667  2  2010   76   4.71  55272.392   83.1  2.159e+01 
  21173  1.000  1  2010   76  19.89  55273.024   83.1  1.411e+01 
  21174  1.000  1  2010   76  20.42  55273.046   83.1  1.611e+01 
  21176  1.000  1  2010   76  21.12  55273.076   83.1  1.618e+01 
  21177  1.000  1  2010   76  21.65  55273.098   83.1  1.542e+01 
  21178  1.000  1  2010   76  22.18  55273.120   83.1  1.706e+01 
  21179  1.000  1  2010   76  22.70  55273.142   83.1  1.888e+01 
  21180  1.000  1  2010   76  23.36  55273.169   83.1  2.214e+01 
  21181  1.000  1  2010   76  23.89  55273.191   83.1  2.125e+01 
  21185  1.000  1  2010   77   1.75  55273.268   83.1  1.442e+01 
  21186  1.000  1  2010   77   2.28  55273.290   83.1  1.501e+01 
  21187  1.000  1  2010   77   2.80  55273.312   83.1  1.643e+01 
  21188  1.000  1  2010   77   3.33  55273.334   83.1  1.718e+01 
  21189  0.333  1  2010   77   3.88  55273.357   83.1  2.925e+01 
  21190  0.333  1  2010   77   4.10  55273.366   83.1  3.413e+01 
  21191  0.667  2  2010   77   4.63  55273.388   83.1  3.822e+01 
  21221  0.333  1  2010   77  19.86  55274.023   83.2  2.339e+01 
  21222  1.000  3  2010   77  20.24  55274.039   83.2  2.748e+01 
  21224  2.000  1  2010   77  21.34  55274.085   83.2  2.027e+01 
  21227  2.000  1  2010   77  22.56  55274.135   83.2  2.105e+01 
  21229  2.000  1  2010   77  23.75  55274.185   83.2  2.363e+01 
  21231  0.913  2  2010   78   0.86  55274.231   83.2  2.209e+01 
  21232  0.456  1  2010   78   1.27  55274.249   83.2  2.517e+01 
  21233  0.333  1  2010   78   1.88  55274.274   83.2  2.178e+01 
  21234  0.333  1  2010   78   2.08  55274.282   83.2  2.616e+01 
  21236  0.667  2  2010   78   3.33  55274.334   83.2  3.143e+01 
  21237  0.667  2  2010   78   3.76  55274.352   83.2  3.220e+01 
  21238  0.333  1  2010   78   4.35  55274.377   83.2  3.129e+01 
  21239  0.333  1  2010   78   4.56  55274.386   83.2  2.347e+01 
  21269  1.190  3  2010   78  19.75  55275.019   83.2  2.762e+01 
  21270  0.397  1  2010   78  20.21  55275.038   83.2  3.441e+01 
  21272  1.000  1  2010   78  21.03  55275.072   83.2  1.900e+01 
  21273  1.000  1  2010   78  21.56  55275.094   83.2  1.911e+01 
  21274  1.000  1  2010   78  22.50  55275.133   83.2  2.040e+01 
  21276  1.000  1  2010   78  23.02  55275.155   83.2  2.176e+01 
  21277  1.000  1  2010   78  23.55  55275.177   83.2  2.605e+01 
  21278  1.000  1  2010   79   0.15  55275.202   83.2  2.378e+01 
  21279  1.000  1  2010   79   0.67  55275.223   83.2  2.594e+01 
  21280  1.000  1  2010   79   1.19  55275.245   83.2  2.606e+01 
  21282  1.000  1  2010   79   2.11  55275.283   83.2  2.438e+01 
  21283  1.000  1  2010   79   2.63  55275.305   83.2  2.031e+01 
  21284  1.000  1  2010   79   3.16  55275.327   83.2  1.797e+01 
  21285  0.833  1  2010   79   3.68  55275.349   83.2  2.043e+01 
  21286  0.833  1  2010   79   4.13  55275.367   83.2  2.630e+01 
  21287  0.833  1  2010   79   4.57  55275.386   83.2  2.208e+01 
  21316  0.397  1  2010   79  19.41  55276.004   83.2  2.632e+01 
  21317  0.793  2  2010   79  19.76  55276.019   83.2  2.917e+01 
  21318  0.397  1  2010   79  20.11  55276.033   83.2  2.867e+01 
  21320  0.333  1  2010   79  21.50  55276.091   83.2  2.653e+01 
  21321  0.333  1  2010   79  21.69  55276.099   83.2  2.473e+01 
  21322  1.000  2  2010   79  22.34  55276.126   83.2  2.047e+01 
  21323  0.500  1  2010   79  22.79  55276.145   83.2  2.662e+01 
  21324  1.000  2  2010   79  23.23  55276.164   83.2  1.929e+01 
  21325  0.500  1  2010   79  23.76  55276.185   83.2  1.954e+01 
  21326  1.000  2  2010   80   0.20  55276.204   83.2  2.480e+01 
  21327  1.000  2  2010   80   0.80  55276.229   83.2  2.431e+01 
  21328  0.500  1  2010   80   1.29  55276.249   83.2  2.053e+01 
  21329  1.000  2  2010   80   1.73  55276.268   83.2  2.013e+01 
  21330  1.000  2  2010   80   2.33  55276.293   83.2  2.257e+01 
  21331  0.500  1  2010   80   2.88  55276.316   83.2  2.137e+01 
  21332  1.000  2  2010   80   3.33  55276.334   83.2  2.323e+01 
  21333  0.500  1  2010   80   3.77  55276.353   83.2  2.278e+01 
  21334  0.833  2  2010   80   4.21  55276.371   83.2  2.617e+01 
  21335  0.667  2  2010   80   4.73  55276.393   83.2  2.289e+01 
  21370  0.750  1  2010   80  22.37  55277.128   83.3  4.016e+01 
  21372  0.694  1  2010   80  23.15  55277.160   83.3  3.441e+01 
  21373  0.694  1  2010   80  23.94  55277.193   83.3  3.907e+01 
  21375  1.693  1  2010   81   0.79  55277.228   83.3  2.360e+01 
  21377  1.693  1  2010   81   1.71  55277.267   83.3  1.737e+01 
  21379  1.693  1  2010   81   2.71  55277.309   83.3  1.471e+01 
  21381  1.693  1  2010   81   3.62  55277.346   83.3  1.703e+01 
  21414  0.397  1  2010   81  20.36  55278.044   83.4  4.127e+01 
  21415  0.793  2  2010   81  20.70  55278.058   83.4  2.875e+01 
  21416  0.397  1  2010   81  21.05  55278.073   83.4  2.617e+01 
  21417  0.500  1  2010   81  21.58  55278.095   83.4  3.501e+01 
  21420  0.500  1  2010   81  23.26  55278.165   83.4  3.482e+01 
  21421  1.000  2  2010   81  23.71  55278.183   83.4  3.134e+01 
  21422  0.500  1  2010   82   0.15  55278.202   83.4  1.891e+01 
  21423  0.500  1  2010   82   0.52  55278.217   83.4  2.350e+01 
  21424  0.500  1  2010   82   1.41  55278.254   83.4  2.954e+01 
  21426  1.000  2  2010   82   2.35  55278.293   83.4  2.475e+01 
  21427  0.500  1  2010   82   2.79  55278.312   83.4  2.541e+01 
  21428  0.500  1  2010   82   3.09  55278.324   83.4  2.481e+01 
  21470  0.456  1  2010   83   0.31  55279.208   83.4  3.375e+01 
  21471  0.913  2  2010   83   0.72  55279.226   83.4  3.141e+01 
  21474  0.611  1  2010   83   2.03  55279.280   83.4  3.372e+01 
  21475  1.222  1  2010   83   2.53  55279.301   83.4  2.647e+01 
  21477  1.000  3  2010   83   3.75  55279.352   83.4  2.622e+01 
  21478  0.333  1  2010   83   4.17  55279.369   83.4  3.055e+01 
  21520  0.556  1  2010   84   1.38  55280.253   83.3  2.520e+01 
  21522  1.000  1  2010   84   2.13  55280.284   83.3  2.660e+01 
  21523  1.000  1  2010   84   2.66  55280.306   83.3  2.239e+01 
  21571  1.000  1  2010   85   2.82  55281.313   82.9  3.470e+01 
  21572  1.000  1  2010   85   3.35  55281.335   82.9  3.529e+01 
  21942  0.387  1  2010   92  20.29  55289.041   79.8  4.025e+01 
  22136  0.500  1  2010   96  21.41  55293.088   78.7  5.060e+01 
  22137  0.500  1  2010   96  21.71  55293.100   78.7  4.566e+01 
  22138  1.000  2  2010   96  22.16  55293.119   78.7  4.473e+01 
  22141  1.000  2  2010   96  23.81  55293.188   78.6  2.884e+01 
  22142  0.500  1  2010   97   0.26  55293.206   78.6  2.669e+01 
  22143  0.500  1  2010   97   0.55  55293.219   78.6  3.389e+01 
  22148  0.333  1  2010   97   3.23  55293.330   78.6  4.394e+01 
  22245  2.000  1  2010   99   3.59  55295.345   77.9  2.397e+01 
  22277  2.000  1  2010   99  19.56  55296.011   77.7  3.304e+01 
  22279  2.000  1  2010   99  20.79  55296.062   77.7  2.442e+01 
  22281  2.000  1  2010   99  21.91  55296.109   77.6  2.412e+01 
  22295  2.000  1  2010  100   4.70  55296.391   77.5  2.495e+01 
  22324  1.000  3  2010  100  19.31  55297.000   77.2  2.127e+01 
  22325  0.333  1  2010  100  19.69  55297.016   77.2  2.961e+01 
  22329  0.667  2  2010  100  21.61  55297.096   77.2  3.270e+01 
  22339  0.720  2  2010  101   2.81  55297.313   77.1  2.499e+01 
  22340  0.720  2  2010  101   3.21  55297.329   77.1  3.239e+01 
  22481  1.567  2  2010  104   1.74  55300.268   76.4  2.081e+01 
  22519  0.333  1  2010  104  20.60  55301.054   76.3  2.531e+01 
  22527  0.333  1  2010  105   0.90  55301.233   76.2  3.015e+01 
  22528  0.333  1  2010  105   1.10  55301.241   76.2  1.941e+01 
  22530  1.067  2  2010  105   2.24  55301.289   76.2  2.950e+01 
  22531  0.533  1  2010  105   2.72  55301.309   76.2  2.955e+01 
  22532  0.533  1  2010  105   3.05  55301.323   76.2  3.159e+01 
  22575  1.000  1  2010  106   0.53  55302.218   76.2  2.629e+01 
  22576  0.867  1  2010  106   1.05  55302.240   76.2  2.722e+01 
  22659  0.397  1  2010  107  18.97  55303.986   76.3  3.664e+01 
  22660  0.793  2  2010  107  19.32  55304.000   76.3  3.682e+01 
  22661  0.793  2  2010  107  19.81  55304.021   76.3  4.420e+01 
  22662  0.397  1  2010  107  20.44  55304.047   76.3  3.211e+01 
  22663  0.397  1  2010  107  20.67  55304.057   76.3  3.088e+01 
  22664  0.500  1  2010  107  21.36  55304.085   76.3  4.536e+01 
  22665  1.000  2  2010  107  21.80  55304.104   76.3  4.144e+01 
  22666  0.500  1  2010  107  22.25  55304.123   76.3  4.053e+01 
  22667  1.000  2  2010  107  22.74  55304.143   76.3  4.326e+01 
  22668  0.500  1  2010  107  23.23  55304.163   76.3  3.602e+01 
  22669  1.000  2  2010  107  23.68  55304.182   76.3  3.305e+01 
  22670  0.433  1  2010  108   0.12  55304.201   76.3  4.254e+01 
  22672  1.000  2  2010  108   1.17  55304.244   76.3  4.751e+01 
  22673  1.000  2  2010  108   1.77  55304.269   76.3  4.855e+01 
  22674  0.500  1  2010  108   2.21  55304.288   76.3  4.667e+01 
  22675  1.000  2  2010  108   2.76  55304.311   76.3  4.898e+01 
  22676  0.500  1  2010  108   3.32  55304.334   76.3  5.301e+01 
  22677  0.500  1  2010  108   3.60  55304.345   76.3  5.202e+01 
  22678  1.000  1  2010  108   4.29  55304.374   76.3  5.120e+01 
  22679  1.000  1  2010  108   4.81  55304.396   76.3  4.516e+01 
  22708  1.000  1  2010  108  19.13  55304.993   76.4  4.782e+01 
  22710  1.000  1  2010  108  20.23  55305.039   76.4  4.876e+01 
  22716  0.833  1  2010  108  23.28  55305.166   76.4  4.522e+01 
  22718  0.833  1  2010  109   0.21  55305.204   76.4  4.020e+01 
  22720  1.333  2  2010  109   1.20  55305.246   76.4  3.507e+01 
  22721  0.667  1  2010  109   1.74  55305.268   76.4  2.985e+01 
  22722  0.667  1  2010  109   2.10  55305.283   76.4  3.477e+01 
  22761  0.498  1  2010  109  21.94  55306.110   76.4  4.427e+01 
  22762  0.498  1  2010  109  22.24  55306.122   76.4  5.119e+01 
  22764  1.000  1  2010  109  23.41  55306.171   76.5  2.808e+01 
  22765  1.000  1  2010  109  23.94  55306.193   76.5  2.388e+01 
  22767  1.000  1  2010  110   0.52  55306.217   76.5  2.390e+01 
  22768  1.000  1  2010  110   1.05  55306.239   76.5  2.455e+01 
  22772  0.667  1  2010  110   3.29  55306.333   76.5  3.409e+01 
  22773  0.667  1  2010  110   3.65  55306.348   76.5  3.678e+01 
  22774  1.333  2  2010  110   4.19  55306.370   76.5  4.216e+01 
  22809  0.498  1  2010  110  21.79  55307.104   76.6  2.984e+01 
  22810  0.996  2  2010  110  22.28  55307.124   76.6  3.081e+01 
  22811  0.498  1  2010  110  22.77  55307.144   76.6  2.627e+01 
  22813  0.498  1  2010  110  23.84  55307.189   76.6  4.046e+01 
  22814  0.996  2  2010  111   0.32  55307.209   76.6  3.398e+01 
  22815  0.498  1  2010  111   0.80  55307.229   76.6  4.945e+01 
  22816  0.498  1  2010  111   1.30  55307.250   76.6  3.474e+01 
  22817  0.996  2  2010  111   1.78  55307.270   76.7  3.643e+01 
  22818  0.498  1  2010  111   2.26  55307.290   76.7  2.414e+01 
  22819  0.498  1  2010  111   2.90  55307.317   76.7  3.597e+01 
  22820  0.498  1  2010  111   3.20  55307.329   76.7  2.920e+01 
  22821  0.667  1  2010  111   3.70  55307.350   76.7  4.138e+01 
  22822  1.333  2  2010  111   4.24  55307.372   76.7  3.312e+01 
  22823  0.667  1  2010  111   4.78  55307.395   76.7  3.243e+01 
  22862  0.498  1  2010  112   0.15  55308.202   76.9  3.192e+01 
  22863  0.996  2  2010  112   0.68  55308.224   76.9  3.667e+01 
  22864  0.498  1  2010  112   1.34  55308.251   76.9  3.143e+01 
  22865  0.498  1  2010  112   1.64  55308.264   76.9  1.884e+01 
  22866  0.996  2  2010  112   2.15  55308.285   76.9  2.834e+01 
  22867  0.498  1  2010  112   2.80  55308.312   76.9  1.981e+01 
  22868  0.996  2  2010  112   3.28  55308.332   77.0  2.398e+01 
  22869  0.498  1  2010  112   3.76  55308.352   77.0  3.337e+01 
  22870  0.498  1  2010  112   4.37  55308.378   77.0  3.542e+01 
  22871  0.498  1  2010  112   4.66  55308.390   77.0  2.676e+01 
  22912  0.498  1  2010  113   1.22  55309.246   77.2  3.283e+01 
  22913  0.996  2  2010  113   1.73  55309.268   77.2  3.574e+01 
  23013  1.500  1  2010  115   3.66  55311.348   77.6  4.993e+01 
  23482  0.667  2  2010  124  22.30  55321.125   76.7  5.581e+01 
  23726  0.783  1  2010  130   0.11  55326.200   75.9  2.554e+01 
  23727  0.783  1  2010  130   0.54  55326.218   75.9  2.576e+01 
  23729  0.783  1  2010  130   1.75  55326.268   75.9  3.314e+01 
  23811  0.793  2  2010  131  18.82  55327.980   75.8  8.125e+01 
  23812  0.793  2  2010  131  19.29  55327.999   75.8  6.324e+01 
  23825  1.104  2  2010  132   1.70  55328.266   75.8  4.989e+01 
  24105  0.821  1  2010  137  21.59  55334.095   74.8  3.431e+01 
  24106  1.642  2  2010  137  22.24  55334.122   74.8  2.970e+01 
  24107  0.821  1  2010  137  22.89  55334.149   74.8  2.841e+01 
  24109  0.821  1  2010  137  23.64  55334.181   74.8  2.447e+01 
  24110  0.821  1  2010  138   0.08  55334.199   74.8  2.958e+01 
  24111  1.642  2  2010  138   0.73  55334.226   74.8  2.848e+01 
  24113  0.821  1  2010  138   1.65  55334.264   74.7  4.697e+01 
  24114  0.821  1  2010  138   2.08  55334.282   74.7  4.821e+01 
  24115  1.642  2  2010  138   2.73  55334.309   74.7  5.147e+01 
  24118  2.001  1  2010  138   4.01  55334.363   74.7  5.455e+01 
  24120  1.667  1  2010  138   5.04  55334.406   74.7  5.255e+01 
  24159  0.821  1  2010  139   0.75  55335.227   74.4  3.269e+01 
  24160  0.821  1  2010  139   1.19  55335.245   74.4  3.324e+01 
  24161  0.821  1  2010  139   1.62  55335.263   74.4  3.777e+01 
  24162  1.629  2  2010  139   2.27  55335.290   74.4  3.516e+01 
  24916  0.752  1  2010  154  19.46  55351.006   74.6  2.367e+01 
  24917  0.752  1  2010  154  19.89  55351.024   74.6  2.254e+01 
  25059  0.667  2  2010  157  18.85  55353.981   74.4  4.113e+01 
  25060  0.667  2  2010  157  19.28  55353.999   74.4  3.751e+01 
  25107  0.333  1  2010  158  18.88  55354.982   74.3  2.164e+01 
  25108  0.667  2  2010  158  19.20  55354.996   74.3  3.886e+01 
  25109  0.667  2  2010  158  19.69  55355.016   74.3  3.603e+01 
  25110  1.000  3  2010  158  20.28  55355.040   74.3  3.804e+01 
  25168  0.417  1  2010  160   1.45  55356.256   74.3  3.264e+01 
  25169  0.417  1  2010  160   1.71  55356.267   74.3  2.721e+01 
  25171  0.833  2  2010  160   2.64  55356.305   74.3  2.126e+01 
  25172  0.833  2  2010  160   3.15  55356.327   74.3  2.292e+01 
  25204  0.752  1  2010  160  19.12  55356.992   74.3  2.084e+01 
  25305  0.500  1  2010  162  21.98  55359.111   74.5  2.178e+01 
  25306  0.500  1  2010  162  22.25  55359.123   74.5  2.146e+01 
  25307  1.000  2  2010  162  22.67  55359.140   74.5  1.776e+01 
  25312  2.000  1  2010  163   1.19  55359.245   74.5  2.855e+01 
  25753  0.333  1  2010  172   5.54  55368.426   75.1  3.335e+01 
  26264  0.333  1  2010  182  21.49  55379.091   77.0  1.844e+01 
  26265  0.667  2  2010  182  21.78  55379.103   77.0  2.221e+01 
  26266  0.333  1  2010  182  22.06  55379.115   77.0  2.931e+01 
  26414  1.104  2  2010  186   0.30  55382.208   77.9  1.718e+01 
  26512  0.386  1  2010  188   1.31  55384.250   78.4  2.595e+01 
  26513  1.158  3  2010  188   1.73  55384.268   78.4  2.483e+01 
  26516  0.772  2  2010  188   3.30  55384.333   78.5  2.998e+01 
  26517  0.772  2  2010  188   3.72  55384.351   78.5  2.736e+01 
  26518  0.667  1  2010  188   4.39  55384.378   78.5  3.029e+01 
  26519  0.667  1  2010  188   4.75  55384.393   78.5  2.990e+01 
  26520  1.333  2  2010  188   5.29  55384.416   78.5  3.342e+01 
  26552  1.158  3  2010  188  21.27  55385.082   78.9  2.228e+01 
  26553  0.386  1  2010  188  21.69  55385.099   78.9  2.309e+01 
  26554  0.772  2  2010  188  22.31  55385.125   78.9  2.047e+01 
  26555  0.772  2  2010  188  22.73  55385.143   78.9  2.122e+01 
  26556  0.386  1  2010  188  23.42  55385.172   78.9  1.739e+01 
  26557  0.772  2  2010  188  23.74  55385.185   78.9  1.748e+01 
  26558  0.386  1  2010  189   0.06  55385.198   78.9  1.057e+01 
  26559  1.158  3  2010  189   0.72  55385.225   78.9  1.325e+01 
  26560  0.386  1  2010  189   1.14  55385.243   78.9  1.188e+01 
  26599  1.000  1  2010  189  20.84  55386.064   79.4  1.656e+01 
  26600  1.000  1  2010  189  21.36  55386.086   79.4  1.373e+01 
  26602  1.158  3  2010  189  22.23  55386.122   79.4  1.339e+01 
  26603  0.386  1  2010  189  22.65  55386.139   79.4  1.411e+01 
  26612  0.386  1  2010  190   3.31  55386.334   79.5  1.699e+01 
  26613  1.158  3  2010  190   3.73  55386.351   79.5  1.746e+01 
  26614  0.386  1  2010  190   4.30  55386.375   79.6  2.532e+01 
  26615  1.158  3  2010  190   4.72  55386.392   79.6  1.762e+01 
  26649  0.667  2  2010  190  21.70  55387.100   79.9  1.753e+01 
  26650  0.667  2  2010  190  22.12  55387.117   79.9  1.789e+01 
  26657  0.387  1  2010  191   1.87  55387.273   80.0  1.758e+01 
  26658  0.775  2  2010  191   2.18  55387.287   80.0  1.428e+01 
  26659  0.387  1  2010  191   2.50  55387.300   80.0  1.064e+01 
  26660  1.162  3  2010  191   3.25  55387.331   80.0  1.590e+01 
  26661  0.387  1  2010  191   3.68  55387.349   80.0  1.530e+01 
  26692  1.000  1  2010  191  19.41  55388.004   80.3  1.402e+01 
  26693  1.000  1  2010  191  19.94  55388.026   80.3  1.272e+01 
  26695  1.000  1  2010  191  20.76  55388.061   80.3  1.134e+01 
  26696  1.000  1  2010  191  21.29  55388.083   80.4  1.007e+01 
  26697  0.333  1  2010  191  21.86  55388.107   80.4  2.247e+01 
  26698  0.667  2  2010  191  22.18  55388.120   80.4  2.393e+01 
  26699  0.333  1  2010  191  22.51  55388.133   80.4  1.727e+01 
  26707  0.385  1  2010  192   2.96  55388.319   80.5  6.021e+00 
  26708  0.771  2  2010  192   3.27  55388.332   80.5  9.765e+00 
  26709  0.771  2  2010  192   3.78  55388.353   80.5  1.155e+01 
  26710  0.771  2  2010  192   4.28  55388.374   80.5  1.993e+01 
  26711  0.385  1  2010  192   4.59  55388.387   80.5  1.279e+01 
  26740  1.000  1  2010  192  19.17  55388.994   80.8  1.184e+01 
  26744  1.000  1  2010  192  21.10  55389.075   80.8  1.264e+01 
  26745  1.000  1  2010  192  21.63  55389.097   80.8  1.153e+01 
  26746  0.667  2  2010  192  22.34  55389.126   80.8  2.181e+01 
  26747  0.667  2  2010  192  22.77  55389.144   80.8  2.243e+01 
  26753  0.771  2  2010  193   1.76  55389.269   80.9  9.726e+00 
  26754  0.771  2  2010  193   2.18  55389.286   80.9  1.400e+01 
  26755  0.771  2  2010  193   2.89  55389.316   80.9  1.258e+01 
  26756  0.771  2  2010  193   3.31  55389.333   80.9  1.446e+01 
  26757  0.667  2  2010  193   3.87  55389.357   80.9  2.644e+01 
  26758  0.667  2  2010  193   4.30  55389.375   80.9  2.877e+01 
  26759  0.667  2  2010  193   4.84  55389.397   80.9  2.994e+01 
  26760  0.333  1  2010  193   5.16  55389.410   80.9  1.536e+01 
  26789  1.000  1  2010  193  19.83  55390.022   81.2  1.750e+01 
  26790  1.000  1  2010  193  20.36  55390.044   81.2  1.681e+01 
  26792  1.067  2  2010  193  21.26  55390.081   81.2  2.011e+01 
  26793  0.533  1  2010  193  21.75  55390.102   81.2  2.051e+01 
  26794  0.533  1  2010  193  22.07  55390.115   81.2  2.130e+01 
  26838  1.000  1  2010  194  20.01  55391.029   81.6  1.483e+01 
  26839  1.000  1  2010  194  20.53  55391.051   81.6  1.634e+01 
  26886  0.333  1  2010  195  20.31  55392.042   82.0  3.438e+01 
  26887  1.000  3  2010  195  20.74  55392.060   82.0  1.718e+01 
  26936  0.417  1  2010  196  21.32  55393.084   82.4  2.864e+01 
  26937  0.833  2  2010  196  21.70  55393.100   82.4  3.328e+01 
  26938  0.417  1  2010  196  22.09  55393.116   82.5  2.827e+01 
  27036  0.417  1  2010  198  23.25  55395.164   83.3  2.027e+01 
  27094  0.983  1  2010  200   4.07  55396.365   83.7  1.104e+01 
  27095  0.983  1  2010  200   4.59  55396.387   83.7  1.276e+01 
  27096  0.983  1  2010  200   5.10  55396.408   83.7  1.225e+01 
  27142  0.967  1  2010  201   4.47  55397.382   83.9  1.968e+01 
  27143  0.633  1  2010  201   4.99  55397.404   83.9  2.315e+01 
  27144  0.633  1  2010  201   5.33  55397.418   83.9  2.152e+01 
  27145  0.466  1  2010  201   5.63  55397.430   83.9  2.263e+01 
  27603  0.500  1  2010  210  18.91  55406.983   85.8  1.364e+01 
  27604  1.000  2  2010  210  19.32  55407.001   85.8  1.290e+01 
  27605  0.500  1  2010  210  19.74  55407.018   85.8  1.147e+01 
  27652  0.500  1  2010  211  19.47  55408.007   86.0  1.680e+01 
  27653  0.500  1  2010  211  19.75  55408.018   86.0  1.731e+01 
  27654  1.000  2  2010  211  20.16  55408.036   86.0  2.053e+01 
  27655  0.417  1  2010  211  20.88  55408.065   86.0  2.793e+01 
  27656  0.833  2  2010  211  21.26  55408.081   86.0  2.433e+01 
  27700  1.000  2  2010  212  19.26  55408.998   86.2  1.214e+01 
  27701  1.000  2  2010  212  19.82  55409.021   86.2  1.335e+01 
  27748  1.000  2  2010  213  19.32  55410.001   86.5  1.659e+01 
  27749  0.500  1  2010  213  19.73  55410.018   86.5  1.837e+01 
  27750  0.500  1  2010  213  20.01  55410.029   86.5  1.458e+01 
  27903  0.396  1  2010  217   0.88  55413.232   86.1  1.539e+01 
  27904  0.791  2  2010  217   1.20  55413.246   86.1  1.590e+01 
  27905  0.396  1  2010  217   1.54  55413.260   86.1  1.616e+01 
  28139  0.379  1  2010  221  22.61  55418.138   84.3  2.152e+01 
  28140  0.379  1  2010  221  23.26  55418.165   84.3  1.829e+01 
  28141  0.399  1  2010  221  23.79  55418.187   84.3  1.084e+01 
  28142  1.197  3  2010  222   0.22  55418.205   84.3  1.454e+01 
  28143  0.396  1  2010  222   0.88  55418.232   84.3  9.734e+00 
  28144  0.791  2  2010  222   1.21  55418.246   84.3  1.311e+01 
  28145  0.396  1  2010  222   1.54  55418.260   84.3  2.051e+01 
  28151  0.791  2  2010  222   4.88  55418.399   84.2  2.552e+01 
  28152  0.396  1  2010  222   5.21  55418.412   84.2  2.728e+01 
  28325  1.500  1  2010  225  19.58  55422.011   82.7  1.124e+01 
  28326  1.500  1  2010  225  20.35  55422.044   82.7  1.454e+01 
  28328  1.500  1  2010  225  21.13  55422.076   82.7  1.229e+01 
  28329  1.500  1  2010  225  21.91  55422.108   82.7  1.279e+01 
  28331  1.000  1  2010  225  22.98  55422.153   82.7  1.285e+01 
  28335  0.667  1  2010  226   0.73  55422.226   82.6  1.157e+01 
  28336  1.333  2  2010  226   1.27  55422.248   82.6  1.264e+01 
  28337  0.667  1  2010  226   1.81  55422.271   82.6  1.138e+01 
  28339  1.000  1  2010  226   2.89  55422.316   82.6  1.532e+01 
  28340  1.000  1  2010  226   3.42  55422.338   82.6  1.623e+01 
  28341  1.000  1  2010  226   3.94  55422.360   82.6  1.612e+01 
  28343  0.667  1  2010  226   4.92  55422.400   82.6  2.075e+01 
  28344  0.667  1  2010  226   5.28  55422.416   82.6  2.367e+01 
  28372  1.000  1  2010  226  19.38  55423.003   82.4  1.331e+01 
  28380  1.000  1  2010  226  23.39  55423.170   82.3  2.188e+01 
  28381  1.000  1  2010  226  23.91  55423.192   82.3  2.202e+01 
  28383  0.944  1  2010  227   0.55  55423.218   82.3  2.543e+01 
  28384  0.944  1  2010  227   1.04  55423.239   82.3  2.512e+01 
  28385  0.944  1  2010  227   1.54  55423.260   82.3  1.914e+01 
  28387  1.333  2  2010  227   2.73  55423.309   82.3  1.881e+01 
  28388  0.667  1  2010  227   3.27  55423.332   82.3  1.929e+01 
  28389  0.667  1  2010  227   3.63  55423.347   82.3  2.037e+01 
  28437  0.389  1  2010  228   3.83  55424.355   82.0  4.717e+01 
  28438  0.389  1  2010  228   4.04  55424.364   82.0  2.788e+01 
  28479  0.667  1  2010  229   0.99  55425.237   81.8  1.504e+01 
  28480  0.667  1  2010  229   1.35  55425.252   81.8  1.359e+01 
  28530  1.333  2  2010  230   2.26  55426.290   81.5  1.355e+01 
  28531  0.667  1  2010  230   2.80  55426.312   81.5  1.442e+01 
  28533  0.786  2  2010  230   3.72  55426.351   81.5  1.946e+01 
  28534  0.786  2  2010  230   4.16  55426.369   81.5  1.925e+01 
  28535  0.775  2  2010  230   4.87  55426.399   81.5  2.067e+01 
  28536  0.388  1  2010  230   5.19  55426.412   81.5  1.255e+01 
  28629  0.399  1  2010  232   3.88  55428.357   81.0  2.012e+01 
  28630  0.798  2  2010  232   4.20  55428.371   81.0  2.249e+01 
  28631  0.399  1  2010  232   4.53  55428.384   81.0  1.698e+01 
  28632  0.791  2  2010  232   5.16  55428.411   81.0  1.764e+01 
  28948  1.000  1  2010  238  19.37  55435.002   79.1  2.148e+01 
  28995  0.417  1  2010  239  18.96  55435.986   78.7  3.635e+01 
  28996  0.833  2  2010  239  19.34  55436.002   78.7  3.483e+01 
  29044  0.417  1  2010  240  19.30  55437.000   78.3  3.669e+01 
  29045  0.833  2  2010  240  19.68  55437.016   78.3  1.817e+01 
  29046  0.417  1  2010  240  20.06  55437.031   78.3  3.302e+01 
  29047  0.417  1  2010  240  20.84  55437.064   78.3  2.869e+01 
  29048  0.417  1  2010  240  21.09  55437.074   78.3  2.486e+01 
  29141  0.467  1  2010  242  19.85  55439.023   77.8  2.298e+01 
  29142  0.933  2  2010  242  20.24  55439.039   77.8  1.785e+01 
  29143  0.467  1  2010  242  20.63  55439.055   77.8  2.266e+01 
  29144  0.933  2  2010  242  21.30  55439.083   77.8  1.743e+01 
  29145  0.933  2  2010  242  21.82  55439.105   77.8  1.937e+01 
  29148  0.556  1  2010  242  23.12  55439.159   77.7  3.049e+01 
  29188  0.933  2  2010  243  19.25  55439.998   77.7  1.852e+01 
  29189  0.933  2  2010  243  19.77  55440.019   77.7  1.825e+01 
  29190  0.467  1  2010  243  20.46  55440.048   77.7  2.017e+01 
  29191  0.933  2  2010  243  20.85  55440.065   77.7  1.903e+01 
  29192  0.467  1  2010  243  21.25  55440.081   77.7  1.958e+01 
  29331  0.467  1  2010  246  18.98  55442.986   78.0  2.418e+01 
  29332  0.467  1  2010  246  19.24  55442.997   78.0  2.726e+01 
  29333  0.467  1  2010  246  19.50  55443.008   78.0  2.469e+01 
  29334  0.933  2  2010  246  20.17  55443.036   78.0  2.637e+01 
  29335  0.933  2  2010  246  20.70  55443.058   78.0  2.650e+01 
  29336  0.556  1  2010  246  21.36  55443.085   78.0  3.433e+01 
  29337  0.556  1  2010  246  21.66  55443.098   78.0  2.524e+01 
  29338  0.760  2  2010  246  22.35  55443.127   78.0  2.045e+01 
  29339  0.760  2  2010  246  22.77  55443.144   78.0  2.264e+01 
  29340  0.760  2  2010  246  23.32  55443.167   78.0  2.101e+01 
  29341  0.760  2  2010  246  23.74  55443.185   78.0  1.762e+01 
  29342  0.396  1  2010  247   0.34  55443.210   78.0  2.283e+01 
  29343  1.187  3  2010  247   0.78  55443.228   78.0  2.089e+01 
  29344  0.396  1  2010  247   1.31  55443.250   78.0  1.984e+01 
  29345  1.187  3  2010  247   1.75  55443.268   78.0  2.106e+01 
  29346  0.333  1  2010  247   2.48  55443.299   78.0  1.735e+01 
  29347  0.667  2  2010  247   2.77  55443.311   78.0  2.228e+01 
  29348  0.333  1  2010  247   3.06  55443.323   78.0  3.234e+01 
  29349  0.687  1  2010  247   3.68  55443.349   78.0  2.912e+01 
  29350  0.687  1  2010  247   4.10  55443.366   78.0  4.556e+01 
  29380  0.933  2  2010  247  19.30  55444.000   78.2  2.006e+01 
  29381  0.467  1  2010  247  19.95  55444.027   78.2  2.599e+01 
  29382  0.467  1  2010  247  20.21  55444.038   78.2  2.311e+01 
  29393  0.786  2  2010  248   1.77  55444.269   78.2  2.829e+01 
  29394  0.786  2  2010  248   2.20  55444.287   78.2  2.516e+01 
  29395  0.393  1  2010  248   2.78  55444.312   78.2  2.979e+01 
  29396  1.179  3  2010  248   3.22  55444.330   78.3  2.332e+01 
  29397  0.333  1  2010  248   3.84  55444.356   78.3  3.457e+01 
  29398  1.000  3  2010  248   4.27  55444.373   78.3  3.656e+01 
  29477  0.667  2  2010  249  19.72  55446.017   78.6  3.328e+01 
  29478  0.744  1  2010  249  20.26  55446.040   78.6  3.412e+01 
  29479  0.744  1  2010  249  20.71  55446.058   78.6  3.109e+01 
  29481  0.393  1  2010  249  21.98  55446.111   78.7  2.498e+01 
  29482  0.786  2  2010  249  22.30  55446.125   78.7  2.066e+01 
  29483  0.393  1  2010  249  22.63  55446.139   78.7  2.119e+01 
  29486  0.393  1  2010  250   0.49  55446.216   78.7  1.398e+01 
  29487  0.786  2  2010  250   0.81  55446.229   78.7  1.119e+01 
  29488  0.393  1  2010  250   1.14  55446.243   78.7  1.639e+01 
  29489  0.687  1  2010  250   1.72  55446.267   78.7  1.394e+01 
  29490  0.687  1  2010  250   2.14  55446.285   78.7  2.012e+01 
  29493  0.379  1  2010  250   3.97  55446.361   78.7  2.619e+01 
  29494  0.758  2  2010  250   4.29  55446.374   78.7  3.884e+01 
  29495  0.379  1  2010  250   4.62  55446.388   78.7  3.937e+01 
  29573  0.352  1  2010  251  19.87  55448.023   79.3  3.053e+01 
  29574  0.352  1  2010  251  20.45  55448.048   79.3  2.622e+01 
  29575  0.352  1  2010  251  20.64  55448.056   79.3  2.400e+01 
  29620  0.352  1  2010  252  19.39  55449.003   79.7  3.006e+01 
  29621  0.704  2  2010  252  19.79  55449.020   79.7  2.603e+01 
  29624  0.352  1  2010  252  21.19  55449.078   79.7  3.128e+01 
  29625  0.704  2  2010  252  21.87  55449.107   79.7  3.327e+01 
  29627  0.352  1  2010  252  22.55  55449.135   79.7  3.430e+01 
  29628  0.352  1  2010  252  23.08  55449.157   79.8  3.400e+01 
  29629  0.704  2  2010  252  23.76  55449.186   79.8  3.210e+01 
  29630  0.352  1  2010  253   0.44  55449.214   79.8  2.520e+01 
  29631  0.352  1  2010  253   0.95  55449.235   79.8  2.150e+01 
  29633  0.704  2  2010  253   1.63  55449.264   79.8  1.852e+01 
  29634  0.352  1  2010  253   2.31  55449.292   79.8  1.811e+01 
  29668  0.556  1  2010  253  19.08  55449.991   80.1  3.987e+01 
  29669  0.352  1  2010  253  19.59  55450.012   80.1  3.279e+01 
  29670  0.704  2  2010  253  20.27  55450.040   80.1  2.934e+01 
  29672  0.352  1  2010  253  21.49  55450.091   80.1  2.559e+01 
  29674  0.704  2  2010  253  22.17  55450.120   80.1  2.858e+01 
  29675  0.352  1  2010  253  22.85  55450.148   80.1  2.090e+01 
  29676  0.352  1  2010  253  23.26  55450.165   80.1  2.033e+01 
  29677  0.352  1  2010  253  23.84  55450.189   80.1  2.672e+01 
  29678  0.352  1  2010  254   0.04  55450.197   80.1  2.397e+01 
  29679  0.704  2  2010  254   0.80  55450.229   80.2  2.439e+01 
  29681  0.704  2  2010  254   1.67  55450.265   80.2  2.820e+01 
  29682  0.352  1  2010  254   2.35  55450.293   80.2  2.066e+01 
  29683  0.352  1  2010  254   2.60  55450.304   80.2  3.202e+01 
  29719  1.000  2  2010  254  20.73  55451.059   80.4  2.719e+01 
  29720  1.000  2  2010  254  21.33  55451.084   80.4  2.666e+01 
  29721  0.500  1  2010  254  21.77  55451.103   80.5  2.311e+01 
  29722  0.500  1  2010  254  22.07  55451.115   80.5  2.290e+01 
  29723  1.360  2  2010  254  22.73  55451.143   80.5  3.388e+01 
  29725  1.000  1  2010  254  23.69  55451.182   80.5  2.090e+01 
  29726  1.000  1  2010  255   0.23  55451.205   80.5  2.345e+01 
  29727  1.000  1  2010  255   0.93  55451.234   80.5  2.879e+01 
  29728  1.000  1  2010  255   1.48  55451.257   80.5  2.463e+01 
  29730  0.500  1  2010  255   2.34  55451.293   80.5  2.388e+01 
  29731  1.000  2  2010  255   2.78  55451.312   80.5  2.553e+01 
  29732  0.500  1  2010  255   3.23  55451.330   80.5  2.804e+01 
  29733  1.000  2  2010  255   3.67  55451.349   80.5  3.214e+01 
  29768  0.347  1  2010  255  21.48  55452.090   80.7  5.301e+01 
  29770  1.000  2  2010  255  22.23  55452.122   80.8  2.603e+01 
  29771  0.500  1  2010  255  22.76  55452.144   80.8  3.479e+01 
  29772  1.000  2  2010  255  23.25  55452.164   80.8  3.400e+01 
  29774  0.500  1  2010  256   0.44  55452.214   80.8  3.701e+01 
  29775  0.500  1  2010  256   0.74  55452.226   80.8  3.417e+01 
  29776  1.000  2  2010  256   1.23  55452.247   80.8  3.706e+01 
  29777  0.500  1  2010  256   1.73  55452.268   80.8  3.969e+01 
  29778  1.000  2  2010  256   2.21  55452.288   80.8  3.192e+01 
  29779  0.500  1  2010  256   2.68  55452.307   80.8  4.212e+01 
  29780  1.000  2  2010  256   3.24  55452.330   80.8  5.667e+01 
  29781  0.500  1  2010  256   3.72  55452.351   80.8  4.512e+01 
  29782  0.500  1  2010  256   4.02  55452.363   80.8  4.486e+01 
  29820  0.500  1  2010  256  23.27  55453.165   81.1  3.199e+01 
  29821  1.000  2  2010  256  23.74  55453.185   81.1  2.935e+01 
  29822  0.500  1  2010  257   0.21  55453.204   81.1  3.633e+01 
  29823  0.500  1  2010  257   0.83  55453.230   81.1  2.090e+01 
  29824  1.000  2  2010  257   1.29  55453.249   81.1  2.189e+01 
  29825  0.500  1  2010  257   1.76  55453.269   81.1  2.097e+01 
  29826  0.500  1  2010  257   2.22  55453.288   81.1  3.293e+01 
  29827  1.000  2  2010  257   2.69  55453.308   81.1  2.592e+01 
  29828  1.000  2  2010  257   3.33  55453.334   81.1  2.449e+01 
  29829  0.500  1  2010  257   3.80  55453.354   81.1  3.178e+01 
  29861  0.847  1  2010  257  19.71  55454.017   81.3  2.970e+01 
  29862  0.847  1  2010  257  20.18  55454.036   81.3  2.399e+01 
  29863  0.500  1  2010  257  20.97  55454.069   81.3  2.569e+01 
  29864  0.500  1  2010  257  21.27  55454.082   81.3  3.268e+01 
  29865  1.000  2  2010  257  21.75  55454.102   81.3  3.106e+01 
  29866  0.500  1  2010  257  22.23  55454.122   81.3  3.441e+01 
  29867  0.500  1  2010  257  22.53  55454.134   81.3  3.090e+01 
  29868  0.500  1  2010  257  23.21  55454.163   81.3  4.034e+01 
  29869  0.500  1  2010  257  23.51  55454.175   81.3  3.827e+01 
  29870  1.000  2  2010  258   0.27  55454.207   81.3  3.511e+01 
  29871  0.500  1  2010  258   0.74  55454.227   81.3  3.548e+01 
  29872  0.500  1  2010  258   1.04  55454.239   81.3  3.427e+01 
  29921  1.056  2  2010  259   1.73  55455.268   81.7  2.098e+01 
  29922  0.500  1  2010  259   2.29  55455.291   81.7  2.302e+01 
  29923  1.000  2  2010  259   2.78  55455.311   81.7  2.703e+01 
  29924  0.500  1  2010  259   3.28  55455.332   81.7  4.183e+01 
  29925  0.847  2  2010  259   3.72  55455.351   81.7  4.036e+01 
  29926  0.347  1  2010  259   4.14  55455.368   81.7  5.183e+01 
  30020  0.500  1  2010  261   3.42  55457.338   82.4  2.301e+01 
  30021  0.500  1  2010  261   3.72  55457.350   82.4  3.095e+01 
  30022  1.000  2  2010  261   4.20  55457.371   82.4  1.970e+01 
  30388  0.667  2  2010  268  19.14  55464.993   82.2  2.344e+01 
  30487  0.396  1  2010  270  20.95  55467.069   81.9  3.659e+01 
  30488  0.791  2  2010  270  21.28  55467.082   81.9  3.233e+01 
  30489  0.396  1  2010  270  21.61  55467.096   81.9  2.625e+01 
  30534  0.833  1  2010  271  20.23  55468.039   81.6  2.559e+01 
  30535  0.833  1  2010  271  20.68  55468.057   81.6  1.796e+01 
  30588  0.399  1  2010  272  23.34  55469.168   81.3  2.846e+01 
  30589  0.798  2  2010  272  23.66  55469.182   81.3  2.849e+01 
  30832  0.758  2  2010  278   1.24  55474.247   81.3  2.883e+01 
  30837  1.137  3  2010  278   3.74  55474.351   81.3  2.699e+01 
  30872  0.800  1  2010  278  21.32  55475.084   81.4  2.440e+01 
  30873  0.800  1  2010  278  21.74  55475.101   81.4  2.295e+01 
  30874  0.800  1  2010  278  22.43  55475.130   81.4  2.529e+01 
  30875  0.800  1  2010  278  22.85  55475.148   81.4  1.952e+01 
  30877  1.600  2  2010  278  23.75  55475.185   81.4  2.374e+01 
  30879  1.001  2  2010  279   0.72  55475.225   81.4  2.044e+01 
  30880  1.001  2  2010  279   1.26  55475.248   81.4  2.642e+01 
  30883  0.378  1  2010  279   2.90  55475.316   81.4  2.984e+01 
  30884  0.756  2  2010  279   3.21  55475.329   81.4  2.331e+01 
  30885  0.378  1  2010  279   3.53  55475.343   81.4  2.113e+01 
  30964  0.758  2  2010  280  19.25  55476.998   81.3  3.492e+01 
  30965  0.758  2  2010  280  19.69  55477.016   81.3  3.799e+01 
  30966  0.393  1  2010  280  20.36  55477.044   81.3  2.991e+01 
  30967  0.786  2  2010  280  20.69  55477.058   81.3  2.897e+01 
  30968  0.393  1  2010  280  21.02  55477.071   81.3  2.932e+01 
  30969  1.137  3  2010  280  21.75  55477.102   81.3  3.283e+01 
  30970  0.379  1  2010  280  22.19  55477.120   81.3  4.122e+01 
  30971  0.800  1  2010  280  22.78  55477.145   81.3  2.492e+01 
  30972  0.800  1  2010  280  23.20  55477.162   81.3  2.544e+01 
  30973  0.800  1  2010  280  23.87  55477.190   81.3  2.730e+01 
  30974  0.800  1  2010  281   0.29  55477.208   81.3  2.387e+01 
  30976  1.600  2  2010  281   1.22  55477.246   81.3  1.957e+01 
  30978  0.800  1  2010  281   2.16  55477.286   81.3  1.577e+01 
  30979  0.800  1  2010  281   2.59  55477.303   81.3  2.146e+01 
  30980  0.800  1  2010  281   3.30  55477.333   81.3  1.970e+01 
  30981  0.800  1  2010  281   3.72  55477.351   81.3  2.191e+01 
  31060  1.000  1  2010  282  19.42  55479.005   81.2  2.577e+01 
  31061  1.000  1  2010  282  19.94  55479.027   81.2  2.396e+01 
  31062  1.000  1  2010  282  20.47  55479.048   81.2  2.721e+01 
  31063  1.000  1  2010  282  21.00  55479.070   81.2  2.410e+01 
  31074  0.667  1  2010  283   2.16  55479.286   81.2  2.571e+01 
  31075  1.333  2  2010  283   2.70  55479.308   81.2  2.207e+01 
  31076  0.667  1  2010  283   3.24  55479.330   81.2  2.147e+01 
  31077  0.778  2  2010  283   3.73  55479.351   81.2  1.934e+01 
  31108  0.463  1  2010  283  19.44  55480.005   81.2  3.606e+01 
  31109  0.927  2  2010  283  19.82  55480.022   81.2  4.004e+01 
  31110  0.463  1  2010  283  20.21  55480.038   81.2  4.512e+01 
  31111  0.927  2  2010  283  20.79  55480.062   81.2  4.445e+01 
  31112  0.927  2  2010  283  21.31  55480.083   81.2  3.214e+01 
  31313  0.800  1  2010  288   1.63  55484.264   80.8  2.009e+01 
  31314  0.800  1  2010  288   2.06  55484.281   80.8  2.052e+01 
  31315  0.800  1  2010  288   2.68  55484.307   80.8  1.872e+01 
  31316  0.800  1  2010  288   3.11  55484.325   80.8  1.957e+01 
  31362  0.760  2  2010  289   2.30  55485.291   80.8  2.651e+01 
  31363  0.760  2  2010  289   2.72  55485.309   80.8  2.581e+01 
  31365  0.700  2  2010  289   3.81  55485.354   80.8  3.992e+01 
  31366  0.350  1  2010  289   4.34  55485.377   80.8  5.295e+01 
  31925  1.000  1  2010  300  19.75  55497.019   82.9  2.687e+01 
  31926  1.000  1  2010  300  20.28  55497.041   82.9  2.732e+01 
  31927  1.000  1  2010  300  20.82  55497.063   82.9  3.285e+01 
  31928  1.000  1  2010  300  21.35  55497.085   82.9  3.038e+01 
  31930  1.000  1  2010  300  22.11  55497.117   82.9  2.378e+01 
  31973  0.933  1  2010  301  19.86  55498.023   83.0  4.624e+01 
  31974  0.933  1  2010  301  20.36  55498.044   83.0  4.651e+01 
  31975  0.933  1  2010  301  20.95  55498.068   83.0  4.417e+01 
  31976  0.933  1  2010  301  21.44  55498.089   83.0  4.596e+01 
  31977  0.500  1  2010  301  21.98  55498.111   83.0  4.117e+01 
  31978  0.500  1  2010  301  22.26  55498.123   83.0  4.224e+01 
  31979  1.000  2  2010  301  22.82  55498.147   83.0  4.114e+01 
  31980  0.933  1  2010  301  23.47  55498.174   83.0  3.335e+01 
  32021  1.000  1  2010  302  19.72  55499.017   83.0  2.941e+01 
  32022  1.000  1  2010  302  20.24  55499.039   83.0  2.675e+01 
  32024  1.000  1  2010  302  21.09  55499.074   83.0  2.762e+01 
  32025  1.000  1  2010  302  21.62  55499.096   83.0  2.286e+01 
  32026  1.000  1  2010  302  22.27  55499.123   83.0  2.294e+01 
  32027  1.000  1  2010  302  22.79  55499.145   83.0  2.214e+01 
  32028  1.000  1  2010  302  23.46  55499.173   83.0  1.699e+01 
  32029  1.000  1  2010  302  23.99  55499.195   83.0  1.950e+01 
  32357  0.758  2  2010  309  19.72  55506.017   83.4  4.416e+01 
  32359  0.758  2  2010  309  20.76  55506.060   83.4  3.905e+01 
  32360  0.758  2  2010  309  21.30  55506.083   83.4  3.260e+01 
  32361  0.379  1  2010  309  21.63  55506.097   83.4  4.437e+01 
  32362  0.758  2  2010  309  22.19  55506.120   83.4  3.479e+01 
  32363  0.758  2  2010  309  22.63  55506.138   83.4  3.280e+01 
  32364  0.758  2  2010  309  23.29  55506.166   83.4  3.567e+01 
  32365  0.758  2  2010  309  23.73  55506.184   83.4  3.315e+01 
  32366  0.378  1  2010  310   0.33  55506.209   83.4  2.124e+01 
  32367  1.133  3  2010  310   0.76  55506.227   83.4  2.459e+01 
  32405  0.758  2  2010  310  19.69  55507.016   83.4  4.210e+01 
  32406  0.758  2  2010  310  20.13  55507.034   83.4  4.342e+01 
  32408  0.379  1  2010  310  21.17  55507.078   83.4  4.168e+01 
  32409  0.379  1  2010  310  21.82  55507.105   83.4  5.861e+01 
  32410  0.758  2  2010  310  22.31  55507.125   83.4  3.137e+01 
  32411  0.758  2  2010  310  22.75  55507.143   83.4  3.594e+01 
  32412  0.379  1  2010  310  23.38  55507.170   83.4  4.079e+01 
  32413  0.758  2  2010  310  23.70  55507.183   83.4  3.823e+01 
  32414  0.757  2  2010  311   0.25  55507.206   83.4  3.355e+01 
  32415  0.756  2  2010  311   0.79  55507.229   83.3  2.388e+01 
  32416  0.378  1  2010  311   1.11  55507.242   83.3  2.470e+01 
  32417  0.378  1  2010  311   1.83  55507.272   83.3  2.956e+01 
  32418  1.133  3  2010  311   2.25  55507.289   83.3  2.218e+01 
  32420  1.333  1  2010  311   3.21  55507.329   83.3  1.657e+01 
  32458  0.758  2  2010  311  22.27  55508.124   83.2  2.919e+01 
  32459  0.758  2  2010  311  22.71  55508.142   83.2  3.942e+01 
  32465  0.756  2  2010  312   1.86  55508.273   83.1  1.649e+01 
  32466  0.756  2  2010  312   2.28  55508.291   83.1  1.797e+01 
  32502  1.778  1  2010  312  20.15  55509.035   82.8  2.995e+01 
  32504  1.778  1  2010  312  21.39  55509.087   82.8  3.081e+01 
  32506  1.778  1  2010  312  22.39  55509.128   82.8  3.334e+01 
  32508  1.778  1  2010  312  23.37  55509.170   82.8  3.001e+01 
  32510  1.778  1  2010  313   0.40  55509.212   82.8  2.849e+01 
  32512  1.778  1  2010  313   1.40  55509.254   82.7  2.660e+01 
  32514  1.778  1  2010  313   2.38  55509.295   82.7  2.355e+01 
  32516  1.778  1  2010  313   3.40  55509.337   82.7  2.174e+01 
  32552  1.269  2  2010  313  21.22  55510.080   82.4  3.078e+01 
  32553  0.634  1  2010  313  21.72  55510.101   82.3  2.805e+01 
  32554  0.634  1  2010  313  22.06  55510.115   82.3  1.838e+01 
  32597  0.500  1  2010  314  19.71  55511.017   81.9  4.774e+01 
  32598  1.000  2  2010  314  20.16  55511.036   81.9  3.678e+01 
  32599  1.000  2  2010  314  20.79  55511.062   81.9  3.453e+01 
  32600  0.500  1  2010  314  21.28  55511.082   81.9  2.999e+01 
  32601  1.000  2  2010  314  21.72  55511.101   81.9  2.676e+01 
  32602  0.500  1  2010  314  22.25  55511.123   81.9  2.878e+01 
  32603  1.000  2  2010  314  22.70  55511.141   81.9  2.779e+01 
  32604  0.500  1  2010  314  23.15  55511.160   81.9  2.894e+01 
  32645  0.333  1  2010  315  19.95  55512.027   81.5  2.365e+01 
  32646  0.667  2  2010  315  20.24  55512.039   81.5  2.878e+01 
  32647  1.000  3  2010  315  20.72  55512.059   81.5  2.733e+01 
  32648  0.667  2  2010  315  21.20  55512.079   81.5  2.763e+01 
  32649  0.667  2  2010  315  21.90  55512.108   81.5  1.844e+01 
  32650  0.667  2  2010  315  22.29  55512.124   81.5  2.196e+01 
  32651  1.000  3  2010  315  22.77  55512.144   81.5  2.191e+01 
  32652  0.333  1  2010  315  23.15  55512.160   81.5  2.563e+01 
  32653  0.333  1  2010  315  23.88  55512.190   81.5  2.151e+01 
  32654  1.000  3  2010  316   0.26  55512.207   81.4  2.148e+01 
  32655  0.667  2  2010  316   0.74  55512.227   81.4  1.952e+01 
  32656  0.667  2  2010  316   1.13  55512.243   81.4  1.671e+01 
  32661  1.000  2  2010  316   3.68  55512.349   81.4  2.537e+01 
  32694  1.333  1  2010  316  20.39  55513.045   81.2  2.905e+01 
  32696  1.333  1  2010  316  21.20  55513.079   81.2  2.532e+01 
  32699  0.349  1  2010  316  22.85  55513.148   81.1  4.062e+01 
  32700  1.047  3  2010  316  23.25  55513.164   81.1  5.162e+01 
  32701  0.349  1  2010  316  23.67  55513.182   81.1  5.555e+01 
  32702  0.349  1  2010  317   0.42  55513.213   81.1  5.180e+01 
  32703  0.698  2  2010  317   0.72  55513.226   81.1  3.760e+01 
  32704  0.698  2  2010  317   1.34  55513.251   81.1  3.807e+01 
  32705  0.698  2  2010  317   1.74  55513.268   81.1  2.995e+01 
  32707  1.333  1  2010  317   2.51  55513.300   81.1  2.221e+01 
  32708  1.333  1  2010  317   3.23  55513.330   81.1  2.167e+01 
  32757  0.500  1  2010  318   3.85  55514.356   80.8  1.880e+01 
  33270  0.456  1  2010  328  20.23  55525.038   81.6  2.627e+01 
  33271  0.913  2  2010  328  20.66  55525.056   81.6  3.077e+01 
  33318  0.913  2  2010  329  20.19  55526.037   81.7  3.839e+01 
  33319  0.456  1  2010  329  20.62  55526.055   81.7  3.034e+01 
  33367  0.824  2  2010  330  20.69  55527.058   81.7  2.812e+01 
  33564  0.691  2  2010  334  23.34  55531.168   81.5  2.611e+01 
  33565  0.691  2  2010  334  23.74  55531.185   81.5  1.772e+01 
  33566  0.691  2  2010  335   0.29  55531.207   81.5  2.978e+01 
  33567  0.691  2  2010  335   0.68  55531.224   81.5  3.279e+01 
  33846  0.798  2  2010  340  20.17  55537.036   81.7  2.588e+01 
  33847  0.798  2  2010  340  20.61  55537.054   81.7  2.601e+01 
  33848  0.350  1  2010  340  21.40  55537.087   81.7  3.958e+01 
  33849  0.350  1  2010  340  21.83  55537.105   81.7  4.603e+01 
  33860  0.746  1  2010  341   3.16  55537.327   81.8  1.785e+01 
  33861  0.746  1  2010  341   3.58  55537.345   81.8  2.130e+01 
  33894  1.333  1  2010  341  20.28  55538.040   81.8  2.398e+01 
  33896  1.333  1  2010  341  21.32  55538.084   81.8  1.849e+01 
  33953  0.500  1  2010  343   1.74  55539.268   81.8  1.251e+01 
  33954  0.500  1  2010  343   2.02  55539.280   81.8  1.478e+01 
  33955  1.000  2  2010  343   2.70  55539.308   81.8  1.563e+01 
  33956  1.000  2  2010  343   3.25  55539.331   81.8  1.801e+01 
  33990  0.500  1  2010  343  20.44  55540.047   81.8  1.923e+01 
  33991  0.500  1  2010  343  20.99  55540.070   81.8  1.841e+01 
  33992  0.500  1  2010  343  21.27  55540.082   81.8  1.655e+01 
  33995  1.333  1  2010  343  22.67  55540.140   81.9  1.823e+01 
  34040  2.000  1  2010  344  21.19  55541.078   82.0  1.025e+01 
  34043  2.000  1  2010  344  22.65  55541.140   82.0  1.395e+01 
  34045  2.000  1  2010  344  23.82  55541.188   82.0  1.285e+01 
  34049  2.000  1  2010  345   1.60  55541.262   82.0  1.696e+01 
  34051  2.000  1  2010  345   2.76  55541.311   82.0  1.999e+01 
  34136  1.260  2  2010  346  21.24  55543.081   81.9  2.423e+01 
  34137  0.630  1  2010  346  21.75  55543.102   81.9  2.198e+01 
  34138  0.630  1  2010  346  22.09  55543.116   81.9  2.836e+01 
  34190  1.260  2  2010  348   0.30  55544.208   81.8  2.058e+01 
  34191  0.630  1  2010  348   0.81  55544.229   81.8  2.181e+01 
  34192  0.630  1  2010  348   1.15  55544.243   81.8  1.953e+01 
  34710  0.913  2  2010  358  20.31  55555.042   81.6  2.644e+01 
  34711  0.456  1  2010  358  20.73  55555.059   81.6  2.164e+01 
  34806  0.456  1  2010  360  20.31  55557.042   81.4  2.692e+01 
  34807  0.913  2  2010  360  20.74  55557.060   81.4  2.918e+01 
  34907  0.350  1  2010  362  22.84  55559.147   80.9  4.580e+01 
  34908  0.700  2  2010  362  23.18  55559.161   80.9  4.398e+01 
  34909  0.350  1  2010  362  23.51  55559.175   80.9  2.630e+01 
  34910  0.700  2  2010  363   0.27  55559.207   80.9  4.056e+01 
  34911  0.700  2  2010  363   0.72  55559.225   80.9  3.173e+01 
  34915  0.500  1  2010  363   2.69  55559.308   80.9  1.224e+01 
  34950  0.456  1  2010  363  20.35  55560.044   80.8  1.036e+01 
  34951  0.913  2  2010  363  20.78  55560.061   80.8  1.620e+01 
  34953  0.700  2  2010  363  21.69  55560.099   80.8  2.834e+01 
  34954  0.700  2  2010  363  22.14  55560.118   80.8  3.622e+01 
  34955  0.350  1  2010  363  22.81  55560.146   80.8  2.799e+01 
  34956  1.050  3  2010  363  23.26  55560.165   80.8  2.861e+01 
  34958  0.800  1  2010  364   0.27  55560.207   80.8  1.025e+01 
  34959  0.800  1  2010  364   0.70  55560.225   80.8  8.165e+00 
  34960  0.500  1  2010  364   1.36  55560.252   80.7  1.380e+01 
  34961  1.000  1  2010  364   1.76  55560.269   80.7  1.077e+01 
  35002  0.350  1  2010  364  22.37  55561.127   80.6  3.342e+01 
  35005  0.647  1  2010  364  23.85  55561.189   80.6  1.352e+01 
  35006  0.647  1  2010  365   0.20  55561.204   80.6  1.392e+01 
  35007  1.293  2  2010  365   0.71  55561.225   80.6  1.567e+01 
  35009  1.500  2  2010  365   1.81  55561.271   80.6  1.902e+01 
  35046  0.456  1  2010  365  20.34  55562.043   80.6  1.909e+01 
  35047  0.913  2  2010  365  20.77  55562.061   80.6  1.663e+01 
  35051  1.333  1  2010  365  22.77  55562.144   80.6  1.952e+01 
  35053  1.293  2  2010  365  23.78  55562.186   80.6  1.385e+01 
  35054  0.647  1  2011    1   0.29  55562.208   80.6  1.534e+01 
  35055  0.647  1  2011    1   0.64  55562.222   80.6  1.116e+01 
  35056  0.800  1  2011    1   1.32  55562.251   80.6  1.374e+01 
  35057  0.800  1  2011    1   1.75  55562.268   80.6  1.286e+01 
  35098  0.700  2  2011    1  22.33  55563.126   80.5  4.562e+01 
  35099  0.700  2  2011    1  22.76  55563.144   80.5  2.969e+01 
  35101  1.600  2  2011    1  23.78  55563.187   80.5  1.448e+01 
  35148  0.800  1  2011    2  23.37  55564.169   80.5  9.885e+00 
  35149  0.800  1  2011    2  23.79  55564.187   80.5  9.491e+00 
  35151  1.600  2  2011    3   0.77  55564.228   80.5  1.033e+01 
  35153  0.500  1  2011    3   1.63  55564.263   80.5  1.461e+01 
  35154  1.000  1  2011    3   2.03  55564.280   80.5  1.364e+01 
  35155  0.500  1  2011    3   2.74  55564.310   80.5  1.121e+01 
  35156  1.000  1  2011    3   3.14  55564.326   80.6  1.534e+01 
  35190  0.630  1  2011    3  20.45  55565.048   80.6  2.086e+01 
  35191  0.630  1  2011    3  20.79  55565.062   80.6  1.860e+01 
  35192  1.260  2  2011    3  21.30  55565.083   80.6  1.737e+01 
  35195  0.350  1  2011    3  22.96  55565.152   80.6  4.527e+01 
  35196  0.700  2  2011    3  23.28  55565.166   80.6  2.417e+01 
  35197  0.350  1  2011    3  23.60  55565.179   80.6  2.567e+01 
  35198  0.800  1  2011    4   0.20  55565.204   80.6  1.120e+01 
  35199  0.800  1  2011    4   0.63  55565.222   80.7  9.080e+00 
  35239  1.000  1  2011    4  20.56  55566.052   80.8  9.886e+00 
  35240  1.000  1  2011    4  21.09  55566.074   80.8  1.390e+01 
  35241  1.000  1  2011    4  21.71  55566.100   80.8  1.052e+01 
  35242  1.000  1  2011    4  22.23  55566.122   80.8  9.408e+00 
  35243  0.350  1  2011    4  22.99  55566.154   80.8  2.761e+01 
  35244  0.700  2  2011    4  23.32  55566.167   80.8  3.814e+01 
  35245  0.350  1  2011    4  23.64  55566.180   80.8  2.161e+01 
  35246  0.800  1  2011    5   0.25  55566.206   80.8  1.124e+01 
  35247  0.800  1  2011    5   0.68  55566.224   80.8  9.714e+00 
  35286  0.456  1  2011    5  20.46  55567.048   80.9  1.377e+01 
  35287  0.456  1  2011    5  20.75  55567.060   80.9  1.414e+01 
  35288  0.456  1  2011    5  21.03  55567.072   80.9  1.374e+01 
  35289  0.756  2  2011    5  21.70  55567.100   80.9  1.219e+01 
  35290  0.756  2  2011    5  22.12  55567.117   80.9  1.414e+01 
  35291  0.756  2  2011    5  22.79  55567.145   80.9  1.399e+01 
  35292  0.756  2  2011    5  23.21  55567.163   80.9  1.468e+01 
  35297  0.500  1  2011    6   1.85  55567.273   80.9  5.482e+00 
  35298  1.000  1  2011    6   2.25  55567.289   80.9  8.401e+00 
  35299  0.500  1  2011    6   2.92  55567.317   80.9  1.316e+01 
  35300  1.000  1  2011    6   3.32  55567.334   80.9  9.259e+00 
  35301  1.000  1  2011    6   3.96  55567.361   80.9  1.633e+01 
  35335  0.756  2  2011    6  20.70  55568.058   80.9  2.448e+01 
  35336  0.756  2  2011    6  21.12  55568.076   80.9  2.385e+01 
  35337  0.756  2  2011    6  21.85  55568.106   80.9  1.806e+01 
  35338  0.756  2  2011    6  22.27  55568.123   80.9  2.131e+01 
  35339  0.378  1  2011    6  22.84  55568.147   80.9  1.470e+01 
  35340  1.133  3  2011    6  23.27  55568.165   80.9  1.615e+01 
  35342  0.800  1  2011    7   0.11  55568.200   80.9  1.595e+01 
  35343  0.800  1  2011    7   0.53  55568.218   80.9  1.437e+01 
  35344  0.667  1  2011    7   1.27  55568.249   80.9  1.844e+01 
  35345  1.333  2  2011    7   1.81  55568.271   80.9  1.419e+01 
  35346  0.667  1  2011    7   2.35  55568.294   80.9  2.014e+01 
  35348  1.333  2  2011    7   3.22  55568.330   80.9  1.452e+01 
  35349  0.667  1  2011    7   3.76  55568.352   81.0  2.061e+01 
  35383  1.133  3  2011    7  20.79  55569.062   81.1  2.076e+01 
  35384  0.378  1  2011    7  21.21  55569.079   81.1  1.766e+01 
  35385  0.756  2  2011    7  21.81  55569.104   81.1  1.468e+01 
  35386  0.756  2  2011    7  22.23  55569.122   81.1  1.521e+01 
  35387  0.756  2  2011    7  22.89  55569.149   81.1  1.488e+01 
  35388  0.756  2  2011    7  23.31  55569.167   81.1  1.093e+01 
  35431  1.333  1  2011    8  20.67  55570.057   81.4  1.966e+01 
  35433  0.756  2  2011    8  21.74  55570.101   81.4  1.871e+01 
  35434  0.756  2  2011    8  22.16  55570.119   81.4  1.118e+01 
  35435  0.756  2  2011    8  22.89  55570.149   81.4  1.365e+01 
  35436  0.756  2  2011    8  23.31  55570.167   81.4  1.131e+01 
  35438  1.600  2  2011    9   0.27  55570.207   81.4  1.464e+01 
  35440  0.913  2  2011    9   1.27  55570.248   81.4  1.721e+01 
  35441  0.456  1  2011    9   1.69  55570.266   81.4  1.784e+01 
  35488  0.800  1  2011   10   1.24  55571.247   81.6  8.661e+00 
  35489  0.800  1  2011   10   1.66  55571.265   81.6  1.111e+01 
  35490  0.800  1  2011   10   2.42  55571.296   81.6  8.821e+00 
  35491  0.800  1  2011   10   2.85  55571.314   81.6  1.039e+01 
  35527  0.350  1  2011   10  20.83  55572.064   81.7  3.998e+01 
  35528  0.700  2  2011   10  21.15  55572.077   81.7  5.672e+01 
  35530  1.333  1  2011   10  22.02  55572.113   81.7  1.245e+01 
  35532  1.333  1  2011   10  23.02  55572.155   81.8  1.396e+01 
  35577  0.500  1  2011   11  21.69  55573.099   81.8  1.782e+01 
  35578  0.500  1  2011   11  22.39  55573.129   81.8  1.330e+01 
  35579  1.000  2  2011   11  22.84  55573.147   81.8  8.125e+00 
  35580  0.500  1  2011   11  23.28  55573.166   81.8  1.225e+01 
  35583  0.500  1  2011   12   0.72  55573.226   81.8  2.530e+01 
  35584  1.000  2  2011   12   1.17  55573.244   81.8  1.774e+01 
  35585  0.500  1  2011   12   1.61  55573.263   81.8  2.239e+01 
  35586  0.927  2  2011   12   2.16  55573.286   81.8  2.065e+01 
  35587  0.927  2  2011   12   2.68  55573.307   81.8  3.089e+01 
  35629  0.463  1  2011   12  23.93  55574.193   81.7  3.286e+01 
  35633  0.913  2  2011   13   1.70  55574.266   81.7  2.167e+01 
  35634  0.456  1  2011   13   2.13  55574.284   81.7  1.881e+01 
  35635  0.913  2  2011   13   2.82  55574.313   81.7  1.755e+01 
  35636  0.456  1  2011   13   3.25  55574.331   81.7  1.792e+01 
  36102  0.700  2  2011   22  20.25  55584.039   79.1  1.847e+01 
  36103  0.700  2  2011   22  20.68  55584.057   79.1  2.921e+01 
  36198  1.000  1  2011   24  20.28  55586.040   79.0  8.140e+00 
  36199  1.000  1  2011   24  20.81  55586.062   79.0  9.370e+00 
  36246  1.000  1  2011   25  20.48  55587.049   79.1  7.061e+00 
  36248  1.000  1  2011   25  21.01  55587.071   79.1  8.071e+00 
  36249  1.333  1  2011   25  21.91  55587.108   79.1  1.196e+01 
  36343  0.378  1  2011   27  20.83  55589.064   79.8  1.716e+01 
  36344  1.133  3  2011   27  21.25  55589.081   79.8  1.554e+01 
  36346  0.642  1  2011   27  22.35  55589.127   79.8  1.076e+01 
  36347  0.642  1  2011   27  22.69  55589.141   79.8  1.493e+01 
  36348  1.284  2  2011   27  23.19  55589.162   79.8  1.620e+01 
  36355  1.000  1  2011   28   2.75  55589.310   79.9  1.066e+01 
  36356  1.000  1  2011   28   3.28  55589.332   79.9  1.122e+01 
  36357  1.000  1  2011   28   3.92  55589.359   79.9  1.061e+01 
  36391  0.746  1  2011   28  20.96  55590.069   80.2  5.658e+00 
  36392  0.746  1  2011   28  21.38  55590.087   80.3  1.477e+01 
  36394  0.746  1  2011   28  22.33  55590.126   80.3  1.001e+01 
  36395  0.746  1  2011   28  22.75  55590.144   80.3  8.827e+00 
  36399  0.752  1  2011   29   0.59  55590.220   80.3  1.164e+01 
  36400  0.752  1  2011   29   1.02  55590.238   80.3  1.226e+01 
  36401  0.752  1  2011   29   1.75  55590.268   80.3  1.209e+01 
  36402  0.752  1  2011   29   2.18  55590.286   80.3  1.618e+01 
  36403  0.746  1  2011   29   2.93  55590.318   80.4  1.975e+01 
  36404  0.746  1  2011   29   3.35  55590.335   80.4  9.927e+00 
  36445  1.000  1  2011   29  23.66  55591.182   80.8  1.626e+01 
  36446  0.500  1  2011   30   0.49  55591.216   80.8  1.902e+01 
  36447  1.000  1  2011   30   0.88  55591.232   80.8  1.024e+01 
  36450  0.667  1  2011   30   2.36  55591.294   80.8  1.289e+01 
  36451  0.667  1  2011   30   2.72  55591.309   80.8  1.650e+01 
  36452  1.333  2  2011   30   3.26  55591.331   80.8  1.219e+01 
  36496  0.667  1  2011   31   1.39  55592.253   81.5  6.232e+00 
  36497  0.667  1  2011   31   1.75  55592.268   81.5  1.302e+01 
  36498  1.333  2  2011   31   2.29  55592.291   81.6  9.513e+00 
  36500  1.333  2  2011   31   3.26  55592.331   81.6  7.593e+00 
  36501  0.667  1  2011   31   3.80  55592.354   81.6  8.198e+00 
  36502  0.667  1  2011   31   4.16  55592.369   81.6  1.065e+01 
  36542  0.752  1  2011   32   0.50  55593.216   82.5  1.498e+01 
  36543  0.752  1  2011   32   0.93  55593.234   82.5  1.468e+01 
  36545  0.667  1  2011   32   1.83  55593.272   82.6  1.135e+01 
  36546  0.667  1  2011   32   2.19  55593.287   82.6  1.334e+01 
  36547  1.333  2  2011   32   2.73  55593.309   82.6  1.536e+01 
  36549  0.752  1  2011   32   3.72  55593.351   82.7  1.114e+01 
  36550  0.752  1  2011   32   4.15  55593.369   82.7  9.638e+00 
  36596  0.800  1  2011   33   3.18  55594.328   83.8  1.468e+01 
  36597  0.800  1  2011   33   3.61  55594.346   83.8  1.264e+01 
  36740  0.752  1  2011   36   3.16  55597.327   87.1  1.275e+01 
  36741  0.752  1  2011   36   3.59  55597.345   87.1  1.170e+01 
  36775  0.630  1  2011   36  20.80  55598.062   88.0  1.398e+01 
  36776  1.260  2  2011   36  21.31  55598.083   88.0  1.450e+01 
  36777  0.630  1  2011   36  21.82  55598.105   88.1  1.362e+01 
  36830  1.289  2  2011   38   0.23  55599.205   89.1  2.023e+01 
  36831  0.644  1  2011   38   0.74  55599.226   89.1  1.601e+01 
  36832  0.644  1  2011   38   1.08  55599.241   89.1  1.865e+01 
  36871  1.144  1  2011   38  20.77  55600.061   89.7  1.563e+01 
  36872  1.144  1  2011   38  21.36  55600.086   89.7  1.807e+01 
  36874  1.144  1  2011   38  22.04  55600.114   89.7  1.415e+01 
  36875  1.144  1  2011   38  22.63  55600.138   89.8  1.367e+01 
  36876  1.144  1  2011   38  23.43  55600.172   89.8  1.389e+01 
  36878  1.144  1  2011   39   0.02  55600.196   89.8  6.906e+00 
  36879  1.144  1  2011   39   0.74  55600.226   89.8  1.336e+01 
  36880  1.144  1  2011   39   1.33  55600.251   89.8  1.190e+01 
  36882  1.313  1  2011   39   2.11  55600.283   89.9  1.033e+01 
  36883  1.313  1  2011   39   2.78  55600.311   89.9  7.822e+00 
  36885  1.313  1  2011   39   3.58  55600.345   89.9  1.456e+01 
  36886  1.313  1  2011   39   4.26  55600.373   89.9  1.303e+01 
  36930  0.522  1  2011   40   2.45  55601.297   90.4  1.317e+01 
  36931  0.522  1  2011   40   2.74  55601.310   90.4  2.372e+01 
  36932  1.044  2  2011   40   3.19  55601.328   90.4  2.315e+01 
  36933  0.711  2  2011   40   3.77  55601.352   90.4  2.208e+01 
  36934  0.711  2  2011   40   4.20  55601.370   90.4  2.751e+01 
  36973  1.044  2  2011   40  23.77  55602.186   90.7  1.819e+01 
  36974  0.522  1  2011   41   0.22  55602.205   90.7  9.398e+00 
  36975  1.044  2  2011   41   0.68  55602.224   90.7  1.180e+01 
  36976  0.522  1  2011   41   1.45  55602.256   90.8  1.472e+01 
  36977  0.522  1  2011   41   1.74  55602.268   90.8  3.080e+01 
  36978  1.044  2  2011   41   2.24  55602.289   90.8  1.888e+01 
  36979  1.044  2  2011   41   2.84  55602.314   90.8  2.359e+01 
  36980  0.522  1  2011   41   3.31  55602.334   90.8  3.162e+01 
  36981  0.522  1  2011   41   3.61  55602.346   90.8  2.480e+01 
  36982  0.878  2  2011   41   4.31  55602.375   90.8  1.668e+01 
  37026  1.000  1  2011   42   2.39  55603.295   91.1  6.123e+00 
  37029  1.000  1  2011   42   3.66  55603.348   91.1  1.087e+01 
  37072  1.000  1  2011   43   1.09  55604.241   91.4  1.419e+01 
  37073  1.000  1  2011   43   1.62  55604.263   91.4  1.494e+01 
  37074  1.000  1  2011   43   2.19  55604.287   91.4  1.454e+01 
  37075  1.000  1  2011   43   2.72  55604.309   91.4  1.612e+01 
  37076  0.680  1  2011   43   3.31  55604.333   91.4  1.740e+01 
  37077  0.680  1  2011   43   3.67  55604.348   91.4  1.577e+01 
  37078  1.360  2  2011   43   4.22  55604.371   91.4  1.487e+01 
  37890  0.913  2  2011   60   2.25  55621.289  112.9  3.300e+01 
  37891  0.456  1  2011   60   2.68  55621.307  112.9  2.788e+01 
  37893  0.913  2  2011   60   3.71  55621.350  112.9  2.667e+01 
  37936  0.456  1  2011   61   1.31  55622.250  112.7  2.487e+01 
  37937  0.913  2  2011   61   1.74  55622.268  112.7  2.192e+01 
  37941  0.456  1  2011   61   3.86  55622.356  112.7  2.182e+01 
  37942  0.913  2  2011   61   4.29  55622.374  112.6  2.170e+01 
  37975  0.913  2  2011   61  20.71  55623.058  112.4  2.440e+01 
  37976  0.456  1  2011   61  21.14  55623.076  112.4  2.808e+01 
  37981  0.760  2  2011   61  23.87  55623.190  112.4  2.086e+01 
  38022  1.333  1  2011   62  20.40  55624.046  112.0  2.088e+01 
  38024  0.333  1  2011   62  21.31  55624.084  112.0  3.722e+01 
  38025  1.000  3  2011   62  21.74  55624.101  112.0  3.328e+01 
  38026  0.333  1  2011   62  22.43  55624.130  111.9  4.034e+01 
  38027  0.667  2  2011   62  22.75  55624.144  111.9  2.930e+01 
  38028  0.333  1  2011   62  23.07  55624.157  111.9  1.708e+01 
  38029  0.800  1  2011   62  23.61  55624.179  111.9  2.070e+01 
  38030  0.800  1  2011   63   0.04  55624.197  111.9  2.148e+01 
  38031  0.487  1  2011   63   0.88  55624.232  111.8  2.546e+01 
  38032  0.973  2  2011   63   1.27  55624.249  111.8  2.941e+01 
  38033  0.487  1  2011   63   1.66  55624.265  111.8  2.096e+01 
  38037  0.647  1  2011   63   3.70  55624.350  111.7  1.543e+01 
  38038  1.293  2  2011   63   4.22  55624.371  111.6  2.060e+01 
  38039  0.647  1  2011   63   4.73  55624.393  111.6  1.479e+01 
  38076  2.380  1  2011   63  23.14  55625.160  110.8  1.540e+01 
  38079  2.960  1  2011   64   0.73  55625.226  110.8  1.850e+01 
  38083  2.960  1  2011   64   2.54  55625.301  110.7  1.975e+01 
  38085  2.316  1  2011   64   3.99  55625.362  110.7  2.363e+01 
  38127  1.167  1  2011   65   0.60  55626.220  110.1  2.368e+01 
  38129  2.000  1  2011   65   1.63  55626.263  110.1  1.692e+01 
  38131  1.833  1  2011   65   2.93  55626.318  110.1  2.100e+01 
  38134  2.000  1  2011   65   4.15  55626.369  110.1  1.816e+01 
  38168  0.380  1  2011   65  21.41  55627.088  109.8  2.306e+01 
  38169  0.760  2  2011   65  21.73  55627.101  109.8  1.611e+01 
  38170  0.380  1  2011   65  22.04  55627.114  109.8  1.780e+01 
  38171  1.140  3  2011   65  22.78  55627.145  109.8  1.628e+01 
  38172  0.380  1  2011   65  23.20  55627.162  109.8  2.054e+01 
  38174  2.333  1  2011   66   0.47  55627.215  109.8  1.732e+01 
  38177  0.833  1  2011   66   1.51  55627.259  109.8  1.280e+01 
  38178  1.500  1  2011   66   2.22  55627.288  109.8  1.234e+01 
  38180  1.167  1  2011   66   3.10  55627.325  109.7  1.308e+01 
  38181  1.500  1  2011   66   3.88  55627.357  109.7  1.396e+01 
  38213  1.260  2  2011   66  19.82  55628.022  109.8  2.207e+01 
  38214  0.630  1  2011   66  20.33  55628.043  109.8  2.678e+01 
  38215  0.630  1  2011   66  20.67  55628.057  109.8  2.425e+01 
  38223  1.389  1  2011   67   0.51  55628.217  109.8  2.346e+01 
  38224  1.389  1  2011   67   1.23  55628.247  109.9  1.959e+01 
  38226  1.500  1  2011   67   2.18  55628.286  109.9  1.848e+01 
  38228  1.500  1  2011   67   3.10  55628.325  109.9  1.724e+01 
  38230  1.911  1  2011   67   4.20  55628.371  109.9  9.412e+00 
  38270  0.833  1  2011   68   0.39  55629.212  110.3  1.732e+01 
  38272  2.000  1  2011   68   1.36  55629.252  110.3  1.425e+01 
  38274  1.000  1  2011   68   2.39  55629.295  110.3  1.205e+01 
  38276  1.667  1  2011   68   3.18  55629.328  110.3  1.712e+01 
  38278  1.667  1  2011   68   4.26  55629.373  110.3  1.260e+01 
  38312  0.333  1  2011   68  21.50  55630.091  110.7  4.168e+01 
  38313  0.667  2  2011   68  21.79  55630.103  110.7  3.429e+01 
  38314  0.667  2  2011   68  22.26  55630.123  110.7  3.005e+01 
  38315  0.667  2  2011   68  22.73  55630.143  110.7  3.460e+01 
  38316  0.333  1  2011   68  23.02  55630.155  110.7  3.173e+01 
  38317  1.250  3  2011   68  23.76  55630.185  110.8  3.140e+01 
  38318  0.417  1  2011   69   0.22  55630.205  110.8  3.607e+01 
  38319  0.500  1  2011   69   0.94  55630.235  110.8  2.139e+01 
  38321  1.000  2  2011   69   1.83  55630.272  110.8  1.503e+01 
  38324  0.500  1  2011   69   3.27  55630.332  110.8  1.238e+01 
  38325  1.000  2  2011   69   3.68  55630.349  110.9  1.465e+01 
  38326  1.000  2  2011   69   4.23  55630.372  110.9  1.292e+01 
  38327  0.500  1  2011   69   4.65  55630.389  110.9  1.387e+01 
  38357  0.630  1  2011   69  19.75  55631.019  111.3  2.686e+01 
  38358  1.260  2  2011   69  20.26  55631.040  111.3  2.196e+01 
  38369  0.867  1  2011   70   1.82  55631.271  111.5  2.015e+01 
  38370  0.867  1  2011   70   2.28  55631.291  111.5  2.082e+01 
  38371  0.867  1  2011   70   2.74  55631.310  111.5  1.899e+01 
  38372  0.667  1  2011   70   3.24  55631.331  111.5  2.003e+01 
  38373  1.333  2  2011   70   3.78  55631.353  111.6  2.315e+01 
  38374  0.667  1  2011   70   4.32  55631.376  111.6  2.428e+01 
  38405  0.630  1  2011   70  19.77  55632.019  112.1  2.421e+01 
  38406  0.333  1  2011   70  20.36  55632.044  112.1  3.975e+01 
  38407  0.667  2  2011   70  20.68  55632.057  112.1  3.332e+01 
  38408  0.333  1  2011   70  21.00  55632.071  112.1  4.286e+01 
  38414  0.487  1  2011   71   0.40  55632.212  112.3  2.204e+01 
  38415  0.973  2  2011   71   0.79  55632.228  112.3  2.605e+01 
  38416  0.487  1  2011   71   1.18  55632.245  112.3  2.136e+01 
  38417  0.667  2  2011   71   1.88  55632.274  112.3  2.340e+01 
  38418  0.667  2  2011   71   2.31  55632.292  112.3  3.501e+01 
  38420  1.293  2  2011   71   3.24  55632.331  112.4  1.870e+01 
  38421  0.647  1  2011   71   3.75  55632.352  112.4  1.760e+01 
  38422  0.647  1  2011   71   4.10  55632.366  112.4  1.766e+01 
  38980  0.368  1  2011   82  19.46  55644.006  107.9  2.520e+01 
  38981  0.368  1  2011   82  19.98  55644.028  107.9  3.498e+01 
  38982  0.368  1  2011   82  20.39  55644.045  107.9  2.074e+01 
  39030  0.368  1  2011   83  20.10  55645.033  107.4  4.252e+01 
  39031  0.368  1  2011   83  20.52  55645.050  107.4  4.475e+01 
  39076  1.000  1  2011   84  19.34  55646.001  107.1  3.243e+01 
  39126  1.600  2  2011   85  20.26  55647.040  106.7  3.373e+01 
  39137  0.667  2  2011   86   1.86  55647.273  106.7  2.115e+01 
  39138  0.667  2  2011   86   2.28  55647.291  106.7  2.591e+01 
  39508  0.746  1  2011   93  19.39  55655.004  112.0  2.051e+01 
  39509  0.746  1  2011   93  19.81  55655.021  112.0  3.106e+01 
  39511  1.307  2  2011   93  20.69  55655.057  112.1  2.302e+01 
  39520  0.630  1  2011   94   1.39  55655.253  112.2  2.627e+01 
  39521  0.630  1  2011   94   1.73  55655.268  112.2  3.406e+01 
  39522  1.260  2  2011   94   2.24  55655.289  112.2  2.556e+01 
  39524  0.927  2  2011   94   3.36  55655.336  112.2  3.627e+01 
  39525  0.463  1  2011   94   3.75  55655.352  112.2  3.451e+01 
  39526  0.463  1  2011   94   4.00  55655.362  112.2  3.787e+01 
  39556  0.746  1  2011   94  19.36  55656.002  112.6  2.925e+01 
  39557  0.746  1  2011   94  19.78  55656.020  112.6  2.999e+01 
  39653  0.746  1  2011   96  19.97  55658.028  113.3  2.596e+01 
  39654  0.746  1  2011   96  20.40  55658.045  113.3  3.171e+01 
  39700  0.746  1  2011   97  19.35  55659.002  113.7  3.364e+01 
  39701  0.746  1  2011   97  19.78  55659.020  113.7  2.897e+01 
  39702  0.500  1  2011   97  20.48  55659.049  113.7  3.293e+01 
  39703  1.000  1  2011   97  20.88  55659.065  113.7  5.471e+01 
  39706  1.333  1  2011   97  22.12  55659.117  113.7  2.335e+01 
  39707  1.333  1  2011   97  22.81  55659.146  113.7  2.251e+01 
  39709  1.333  1  2011   97  23.70  55659.183  113.7  2.505e+01 
  39710  1.333  1  2011   98   0.40  55659.212  113.7  2.391e+01 
  39748  0.746  1  2011   98  19.32  55660.001  113.8  3.222e+01 
  39749  0.746  1  2011   98  19.75  55660.018  113.8  2.122e+01 
  39751  0.667  2  2011   98  20.85  55660.064  113.8  3.619e+01 
  39752  0.667  2  2011   98  21.28  55660.082  113.8  4.134e+01 
  39753  0.333  1  2011   98  21.94  55660.110  113.8  4.296e+01 
  39754  0.667  2  2011   98  22.26  55660.123  113.8  4.174e+01 
  39755  0.333  1  2011   98  22.58  55660.136  113.8  3.210e+01 
  39760  0.500  1  2011   99   1.34  55660.251  113.8  2.398e+01 
  39761  1.000  2  2011   99   1.75  55660.269  113.8  1.940e+01 
  39762  0.500  1  2011   99   2.17  55660.286  113.8  2.330e+01 
  39763  0.500  1  2011   99   2.78  55660.312  113.8  2.507e+01 
  39764  1.000  2  2011   99   3.20  55660.329  113.8  2.121e+01 
  39765  0.500  1  2011   99   3.61  55660.346  113.8  1.419e+01 
  39903  0.856  1  2011  102   0.61  55663.221  114.0  2.500e+01 
  40373  0.497  1  2011  111  19.61  55673.013  113.1  4.157e+01 
  40421  0.500  1  2011  112  19.96  55674.027  113.1  3.593e+01 
  40422  0.500  1  2011  112  20.25  55674.039  113.1  3.719e+01 
  40423  1.000  2  2011  112  20.70  55674.058  113.1  4.375e+01 
  40470  1.000  1  2011  113  20.12  55675.034  113.0  2.854e+01 
  40471  1.000  1  2011  113  20.64  55675.056  113.0  2.824e+01 
  40472  1.000  1  2011  113  21.29  55675.083  113.0  3.232e+01 
  40473  1.000  1  2011  113  21.82  55675.105  113.0  3.411e+01 
  40475  1.000  1  2011  113  22.51  55675.134  113.0  2.781e+01 
  40528  0.369  1  2011  115   1.25  55676.248  112.9  5.586e+01 
  40529  0.369  1  2011  115   1.87  55676.274  112.9  3.783e+01 
  40577  0.789  1  2011  116   1.70  55677.266  112.8  4.429e+01 
  40578  0.789  1  2011  116   2.12  55677.284  112.8  4.021e+01 
  40579  0.789  1  2011  116   2.89  55677.316  112.8  4.161e+01 
  40580  0.789  1  2011  116   3.31  55677.333  112.8  4.240e+01 
  40581  0.501  1  2011  116   3.80  55677.354  112.8  3.951e+01 
  40582  1.001  2  2011  116   4.21  55677.371  112.8  3.846e+01 
  40583  0.501  1  2011  116   4.62  55677.388  112.8  4.140e+01 
  40623  0.379  1  2011  117   0.63  55678.222  112.4  2.780e+01 
  40624  1.329  2  2011  117   1.30  55678.250  112.4  2.944e+01 
  40626  0.664  1  2011  117   2.39  55678.295  112.4  3.419e+01 
  40627  0.664  1  2011  117   2.75  55678.310  112.4  3.371e+01 
  40708  0.653  1  2011  118  19.40  55680.004  110.9  4.120e+01 
  40712  0.997  1  2011  118  21.37  55680.086  110.8  3.214e+01 
  40713  0.997  1  2011  118  21.89  55680.108  110.8  2.642e+01 
  40715  0.677  1  2011  118  22.65  55680.139  110.7  3.060e+01 
  40716  1.353  2  2011  118  23.20  55680.162  110.7  3.182e+01 
  40717  0.677  1  2011  118  23.74  55680.185  110.7  2.892e+01 
  40718  0.500  1  2011  119   0.33  55680.209  110.6  3.190e+01 
  40719  1.000  2  2011  119   0.74  55680.227  110.6  2.937e+01 
  40720  0.500  1  2011  119   1.16  55680.244  110.6  2.937e+01 
  40721  0.490  1  2011  119   1.73  55680.268  110.6  2.538e+01 
  40722  0.980  2  2011  119   2.17  55680.286  110.5  3.465e+01 
  40811  0.997  1  2011  120  22.60  55682.137  108.6  2.334e+01 
  40812  0.997  1  2011  120  23.12  55682.159  108.6  2.115e+01 
  40816  0.526  1  2011  121   1.32  55682.251  108.5  3.977e+01 
  40817  1.052  2  2011  121   1.75  55682.268  108.5  3.332e+01 
  40818  0.526  1  2011  121   2.17  55682.286  108.5  2.374e+01 
  40856  1.078  2  2011  121  21.30  55683.083  107.9  3.763e+01 
  40857  0.539  1  2011  121  21.74  55683.101  107.9  4.258e+01 
  40858  0.539  1  2011  121  22.04  55683.114  107.9  5.112e+01 
  40859  1.078  2  2011  121  22.76  55683.144  107.8  3.451e+01 
  40860  0.539  1  2011  121  23.20  55683.162  107.8  3.769e+01 
  40861  0.539  1  2011  121  23.50  55683.175  107.8  3.368e+01 
  40864  0.653  1  2011  122   1.43  55683.255  107.8  3.802e+01 
  40865  0.653  1  2011  122   1.77  55683.269  107.8  5.441e+01 
  40866  0.567  1  2011  122   2.33  55683.293  107.8  6.195e+01 
  40867  0.567  1  2011  122   2.67  55683.307  107.8  6.733e+01 
  40869  0.789  1  2011  122   3.84  55683.356  107.7  4.788e+01 
  40871  0.789  1  2011  122   4.65  55683.389  107.7  4.884e+01 
  40872  0.633  1  2011  122   5.03  55683.405  107.7  3.914e+01 
  40901  0.997  1  2011  122  19.71  55684.017  107.3  4.126e+01 
  40902  0.997  1  2011  122  20.23  55684.038  107.3  4.285e+01 
  40903  0.539  1  2011  122  20.94  55684.068  107.3  3.790e+01 
  40904  0.539  1  2011  122  21.24  55684.080  107.3  4.159e+01 
  40905  1.078  2  2011  122  21.68  55684.099  107.3  3.636e+01 
  40912  0.567  1  2011  123   1.40  55684.254  107.2  4.950e+01 
  40913  0.567  1  2011  123   1.74  55684.268  107.2  5.989e+01 
  40914  0.567  1  2011  123   2.20  55684.287  107.2  5.206e+01 
  40915  0.567  1  2011  123   2.54  55684.301  107.2  4.330e+01 
  40916  1.133  2  2011  123   3.26  55684.331  107.1  4.629e+01 
  40965  1.052  2  2011  124   3.76  55685.352  106.3  5.720e+01 
  40966  1.052  2  2011  124   4.33  55685.376  106.3  5.583e+01 
  41043  0.511  1  2011  125  18.88  55686.982  104.9  5.542e+01 
  41044  1.022  2  2011  125  19.29  55686.999  104.9  5.205e+01 
  41045  0.511  1  2011  125  19.71  55687.017  104.9  5.038e+01 
  41046  1.022  2  2011  125  20.22  55687.038  104.9  5.220e+01 
  41047  1.022  2  2011  125  20.78  55687.061  104.9  5.363e+01 
  41049  1.022  2  2011  125  21.70  55687.100  104.8  5.594e+01 
  41050  0.856  2  2011  125  22.32  55687.125  104.8  5.437e+01 
  41051  0.856  2  2011  125  22.79  55687.145  104.8  5.105e+01 
  41052  0.511  1  2011  125  23.27  55687.165  104.7  5.907e+01 
  41053  0.511  1  2011  125  23.55  55687.177  104.7  5.859e+01 
  41062  0.746  1  2011  126   4.36  55687.377  104.5  4.527e+01 
  41063  0.746  1  2011  126   4.79  55687.395  104.5  5.120e+01 
  41095  0.746  1  2011  126  20.94  55688.068  103.7  3.561e+01 
  41096  0.746  1  2011  126  21.36  55688.086  103.7  2.571e+01 
  41098  1.000  2  2011  126  22.20  55688.121  103.6  4.812e+01 
  41099  1.000  2  2011  126  22.75  55688.144  103.6  5.306e+01 
  41100  0.333  1  2011  126  23.41  55688.171  103.6  5.236e+01 
  41101  0.333  1  2011  126  23.60  55688.179  103.6  4.197e+01 
  41111  0.772  2  2011  127   4.81  55688.396  103.3  5.502e+01 
  41112  0.772  2  2011  127   5.23  55688.413  103.3  4.565e+01 
  41189  1.000  2  2011  128  19.81  55690.021  101.3  3.823e+01 
  41194  1.000  2  2011  128  22.18  55690.120  101.2  4.821e+01 
  41197  1.231  2  2011  128  23.69  55690.183  101.2  4.189e+01 
  41235  0.500  1  2011  129  18.95  55690.985  100.4  5.486e+01 
  41236  0.500  1  2011  129  19.25  55690.997  100.4  5.942e+01 
  41237  0.500  1  2011  129  19.72  55691.017  100.3  6.432e+01 
  41238  1.167  2  2011  129  20.28  55691.041  100.3  6.800e+01 
  41239  0.667  1  2011  129  20.87  55691.065  100.3  5.032e+01 
  41240  0.667  1  2011  129  21.25  55691.081  100.3  5.101e+01 
  41241  0.667  1  2011  129  21.74  55691.102  100.3  6.091e+01 
  41242  0.667  1  2011  129  22.13  55691.117  100.3  4.250e+01 
  41243  1.333  2  2011  129  22.70  55691.141  100.2  4.073e+01 
  41245  1.000  2  2011  129  23.68  55691.182  100.2  5.956e+01 
  41246  0.500  1  2011  130   0.34  55691.210  100.2  6.075e+01 
  41247  1.000  2  2011  130   0.76  55691.227  100.2  4.805e+01 
  41248  0.500  1  2011  130   1.17  55691.244  100.1  3.807e+01 
  41249  0.746  1  2011  130   1.81  55691.271  100.1  3.835e+01 
  41250  0.746  1  2011  130   2.23  55691.288  100.1  3.617e+01 
  41251  0.746  1  2011  130   2.80  55691.312  100.1  3.995e+01 
  41252  0.746  1  2011  130   3.22  55691.330  100.1  4.115e+01 
  41345  1.329  2  2011  132   1.75  55693.268   98.2  6.163e+01 
  41397  0.501  1  2011  133   3.86  55694.357   97.1  4.036e+01 
  41398  1.001  2  2011  133   4.27  55694.374   97.0  4.868e+01 
  41399  0.501  1  2011  133   4.68  55694.391   97.0  4.813e+01 
  41495  0.746  1  2011  135   4.91  55696.400   95.8  3.786e+01 
  41865  1.000  2  2011  142  21.67  55704.098   97.4  2.640e+01 
  41866  1.000  2  2011  142  22.22  55704.121   97.4  2.597e+01 
  42003  0.789  1  2011  145  18.92  55706.984   97.6  1.781e+01 
  42004  0.789  1  2011  145  19.34  55707.002   97.6  1.598e+01 
  42006  1.578  2  2011  145  20.27  55707.040   97.6  1.734e+01 
  42008  1.578  2  2011  145  21.22  55707.080   97.6  1.758e+01 
  42010  0.369  1  2011  145  22.13  55707.118   97.6  3.733e+01 
  42011  0.369  1  2011  145  22.75  55707.143   97.6  3.525e+01 
  42012  0.369  1  2011  145  23.22  55707.163   97.6  4.394e+01 
  42013  0.369  1  2011  145  23.85  55707.189   97.6  5.106e+01 
  42014  0.746  1  2011  146   0.44  55707.214   97.6  4.213e+01 
  42015  0.746  1  2011  146   0.87  55707.232   97.6  5.528e+01 
  42101  0.746  1  2011  147  19.95  55709.027   97.4  3.435e+01 
  42102  0.746  1  2011  147  20.38  55709.045   97.4  2.132e+01 
  42104  0.746  1  2011  147  21.11  55709.075   97.4  2.716e+01 
  42106  0.746  1  2011  147  22.33  55709.126   97.4  4.016e+01 
  42110  1.111  1  2011  148   0.22  55709.205   97.4  2.265e+01 
  42150  0.792  1  2011  148  20.27  55710.040   97.2  1.881e+01 
  42151  0.792  1  2011  148  20.68  55710.057   97.2  1.761e+01 
  42155  1.492  2  2011  148  22.72  55710.142   97.2  2.453e+01 
  42157  0.500  1  2011  148  23.76  55710.186   97.2  2.705e+01 
  42158  1.000  2  2011  149   0.18  55710.203   97.2  3.105e+01 
  42159  0.500  1  2011  149   0.59  55710.220   97.2  3.033e+01 
  42197  1.111  1  2011  149  19.51  55711.008   96.9  2.081e+01 
  42208  0.630  1  2011  150   1.23  55711.247   96.8  3.417e+01 
  42209  1.260  2  2011  150   1.74  55711.268   96.8  3.341e+01 
  42210  0.630  1  2011  150   2.25  55711.289   96.8  3.498e+01 
  42212  0.694  1  2011  150   3.14  55711.326   96.8  4.137e+01 
  42213  0.694  1  2011  150   3.50  55711.342   96.8  4.415e+01 
  42214  0.694  1  2011  150   4.17  55711.369   96.8  4.933e+01 
  42215  0.694  1  2011  150   4.53  55711.384   96.8  5.020e+01 
  42216  0.733  1  2011  150   5.19  55711.412   96.8  6.066e+01 
  42243  0.746  1  2011  150  18.82  55711.980   96.7  3.139e+01 
  42244  0.746  1  2011  150  19.24  55711.997   96.7  2.848e+01 
  42246  1.072  1  2011  150  20.09  55712.033   96.7  2.693e+01 
  42250  1.011  1  2011  150  22.48  55712.132   96.6  2.783e+01 
  42252  0.746  1  2011  150  23.23  55712.164   96.6  3.012e+01 
  42253  0.746  1  2011  150  23.66  55712.181   96.6  2.225e+01 
  42254  0.746  1  2011  151   0.35  55712.210   96.6  2.884e+01 
  42255  0.746  1  2011  151   0.77  55712.228   96.6  2.355e+01 
  42291  0.856  1  2011  151  18.84  55712.981   96.6  3.933e+01 
  42339  0.856  1  2011  152  18.58  55713.970   97.0  2.499e+01 
  42340  0.856  1  2011  152  19.03  55713.989   97.0  2.715e+01 
  42341  0.856  1  2011  152  19.84  55714.022   97.0  2.518e+01 
  42342  0.856  1  2011  152  20.29  55714.041   97.0  2.220e+01 
  42594  1.037  3  2011  158   2.21  55719.287  100.6  3.214e+01 
  42595  0.346  1  2011  158   2.60  55719.304  100.6  3.571e+01 
  42596  0.691  2  2011  158   3.24  55719.331  100.6  3.958e+01 
  42597  0.691  2  2011  158   3.64  55719.347  100.6  4.338e+01 
  42631  0.346  1  2011  158  20.74  55720.060  101.1  3.206e+01 
  42632  0.346  1  2011  158  21.33  55720.084  101.1  4.732e+01 
  42886  0.746  1  2011  164   4.28  55725.374  101.0  4.681e+01 
  43396  0.789  1  2011  174  19.38  55736.003   94.7  1.610e+01 
  43397  0.789  1  2011  174  19.80  55736.021   94.7  1.491e+01 
  43399  0.500  1  2011  174  20.57  55736.052   94.7  3.668e+01 
  43404  1.000  2  2011  174  23.18  55736.161   94.7  1.435e+01 
  43447  0.789  1  2011  175  20.91  55737.067   94.7  1.208e+01 
  43448  0.789  1  2011  175  21.33  55737.084   94.7  1.083e+01 
  43450  0.789  1  2011  175  22.33  55737.126   94.7  1.018e+01 
  43451  0.789  1  2011  175  22.75  55737.144   94.7  1.099e+01 
  43499  1.578  2  2011  176  22.71  55738.142   94.8  1.625e+01 
  43503  0.789  1  2011  177   0.65  55738.223   94.8  1.812e+01 
  43504  0.789  1  2011  177   1.07  55738.240   94.8  1.746e+01 
  43505  0.378  1  2011  177   1.81  55738.271   94.8  4.512e+01 
  43506  1.133  1  2011  177   2.22  55738.288   94.8  4.726e+01 
  43508  0.746  1  2011  177   3.31  55738.333   94.8  3.576e+01 
  43509  0.746  1  2011  177   3.73  55738.351   94.8  2.912e+01 
  43510  0.746  1  2011  177   4.39  55738.379   94.8  3.247e+01 
  43511  0.746  1  2011  177   4.82  55738.396   94.8  3.686e+01 
  43541  0.792  1  2011  177  19.62  55739.013   94.8  1.791e+01 
  43542  0.792  1  2011  177  20.03  55739.030   94.8  1.594e+01 
  43543  1.028  1  2011  177  20.74  55739.060   94.8  1.433e+01 
  43544  0.500  1  2011  177  21.39  55739.087   94.8  2.547e+01 
  43545  1.000  2  2011  177  21.80  55739.104   94.8  1.883e+01 
  43546  0.500  1  2011  177  22.22  55739.121   94.8  1.371e+01 
  43547  0.746  1  2011  177  22.93  55739.151   94.9  1.222e+01 
  43548  0.746  1  2011  177  23.35  55739.168   94.9  1.116e+01 
  43557  0.730  1  2011  178   3.96  55739.360   94.9  2.294e+01 
  43558  0.667  2  2011  178   4.39  55739.378   94.9  3.037e+01 
  43559  0.333  1  2011  178   4.71  55739.392   94.9  2.943e+01 
  43560  0.667  2  2011  178   5.15  55739.410   94.9  3.143e+01 
  43603  0.388  1  2011  179   2.94  55740.318   94.8  1.518e+01 
  43604  0.776  2  2011  179   3.26  55740.331   94.8  1.668e+01 
  43605  0.388  1  2011  179   3.58  55740.345   94.8  1.866e+01 
  43606  1.052  2  2011  179   4.28  55740.374   94.8  1.795e+01 
  43607  1.052  2  2011  179   4.85  55740.398   94.8  1.941e+01 
  43636  1.072  1  2011  179  19.39  55741.003   94.5  1.836e+01 
  43638  0.789  1  2011  179  20.45  55741.048   94.5  1.649e+01 
  43639  0.789  1  2011  179  20.87  55741.065   94.5  1.495e+01 
  43641  0.789  1  2011  179  21.84  55741.105   94.5  1.599e+01 
  43642  0.789  1  2011  179  22.26  55741.123   94.5  1.280e+01 
  43654  1.067  1  2011  180   4.00  55741.362   94.4  1.425e+01 
  43655  0.694  1  2011  180   4.76  55741.394   94.4  1.124e+01 
  43656  0.694  1  2011  180   5.12  55741.409   94.4  1.486e+01 
  43684  0.789  1  2011  180  19.27  55741.999   94.2  1.277e+01 
  43685  0.724  1  2011  180  19.68  55742.015   94.2  1.358e+01 
  43689  0.653  1  2011  180  21.90  55742.108   94.1  1.535e+01 
  43690  0.653  1  2011  180  22.24  55742.122   94.1  1.612e+01 
  43694  0.526  1  2011  181   0.27  55742.207   94.1  1.721e+01 
  43695  1.052  2  2011  181   0.70  55742.225   94.1  1.871e+01 
  43696  0.526  1  2011  181   1.12  55742.242   94.1  1.336e+01 
  43731  0.500  1  2011  181  18.98  55742.986   93.8  2.674e+01 
  43732  0.500  1  2011  181  19.25  55742.998   93.8  1.761e+01 
  43733  1.000  2  2011  181  19.66  55743.015   93.8  2.322e+01 
  43734  1.000  2  2011  181  20.28  55743.041   93.8  2.457e+01 
  43735  1.000  2  2011  181  20.82  55743.063   93.8  2.150e+01 
  43736  0.500  1  2011  181  21.39  55743.087   93.8  1.927e+01 
  43738  0.500  1  2011  181  22.20  55743.121   93.8  1.763e+01 
  43739  0.500  1  2011  181  22.56  55743.136   93.8  1.728e+01 
  43740  0.500  1  2011  181  23.37  55743.169   93.8  1.503e+01 
  43741  0.500  1  2011  181  23.78  55743.187   93.8  1.449e+01 
  43744  0.500  1  2011  182   1.39  55743.253   93.7  3.930e+01 
  43745  0.500  1  2011  182   1.66  55743.265   93.7  3.281e+01 
  43780  0.500  1  2011  182  19.06  55743.990   93.5  2.423e+01 
  43781  0.433  1  2011  182  19.90  55744.025   93.5  1.808e+01 
  43782  0.500  1  2011  182  20.23  55744.038   93.5  1.809e+01 
  43784  1.000  2  2011  182  21.25  55744.081   93.5  2.070e+01 
  43785  1.000  2  2011  182  21.86  55744.106   93.5  2.040e+01 
  43786  0.500  1  2011  182  22.26  55744.123   93.5  1.920e+01 
  43788  0.500  1  2011  182  23.35  55744.168   93.5  2.027e+01 
  43790  0.500  1  2011  183   0.16  55744.202   93.4  1.843e+01 
  43791  0.500  1  2011  183   0.59  55744.220   93.4  1.820e+01 
  43792  0.500  1  2011  183   1.40  55744.254   93.4  1.294e+01 
  43793  0.500  1  2011  183   1.91  55744.275   93.4  8.270e+00 
  43795  0.500  1  2011  183   2.87  55744.315   93.4  1.252e+01 
  43796  1.000  2  2011  183   3.28  55744.332   93.4  1.482e+01 
  43797  0.500  1  2011  183   3.68  55744.349   93.4  1.433e+01 
  44278  0.416  1  2011  193   4.33  55754.376   93.8  6.381e+01 
  44279  0.416  1  2011  193   4.85  55754.398   93.8  6.687e+01 
  44280  0.416  1  2011  193   5.37  55754.419   93.8  5.217e+01 
  44792  0.490  1  2011  203  21.35  55765.085  104.0  3.723e+01 
  44793  0.980  2  2011  203  21.82  55765.105  104.0  3.280e+01 
  44838  0.386  1  2011  204  20.49  55766.049  104.8  2.199e+01 
  44839  0.772  2  2011  204  20.81  55766.062  104.9  1.956e+01 
  44840  0.386  1  2011  204  21.12  55766.076  104.9  1.557e+01 
  44841  0.490  1  2011  204  21.72  55766.101  104.9  2.122e+01 
  44842  0.980  2  2011  204  22.19  55766.120  104.9  2.371e+01 
  44845  0.526  1  2011  204  23.89  55766.191  104.9  1.920e+01 
  44846  1.052  2  2011  205   0.32  55766.209  105.0  1.726e+01 
  44847  0.526  1  2011  205   0.75  55766.227  105.0  1.504e+01 
  44855  0.530  1  2011  205   4.60  55766.387  105.1  2.077e+01 
  44893  1.000  2  2011  205  23.79  55767.187  105.6  1.979e+01 
  44894  0.500  1  2011  206   0.22  55767.205  105.6  1.548e+01 
  44896  0.824  2  2011  206   1.20  55767.245  105.6  1.893e+01 
  45076  0.500  1  2011  209  19.45  55771.006  106.2  3.545e+01 
  45077  1.000  2  2011  209  19.86  55771.023  106.2  3.761e+01 
  45078  0.500  1  2011  209  20.27  55771.040  106.2  3.965e+01 
  45080  0.980  2  2011  209  21.25  55771.081  106.2  5.248e+01 
  45081  0.490  1  2011  209  21.71  55771.100  106.2  4.067e+01 
  45091  1.600  2  2011  210   2.74  55771.310  106.1  2.405e+01 
  45093  0.800  1  2011  210   3.65  55771.348  106.1  2.244e+01 
  45094  0.800  1  2011  210   4.07  55771.365  106.1  1.853e+01 
  45123  0.628  1  2011  210  18.85  55771.981  105.8  2.721e+01 
  45124  1.172  1  2011  210  19.45  55772.006  105.8  2.574e+01 
  45126  1.172  1  2011  210  20.08  55772.032  105.8  2.005e+01 
  45127  1.172  1  2011  210  20.70  55772.058  105.8  1.849e+01 
  45128  1.172  1  2011  210  21.40  55772.087  105.8  1.246e+01 
  45130  1.172  1  2011  210  22.10  55772.116  105.8  1.685e+01 
  45131  1.172  1  2011  210  22.72  55772.142  105.7  1.490e+01 
  45132  1.172  1  2011  210  23.45  55772.173  105.7  1.277e+01 
  45134  1.172  1  2011  211   0.08  55772.199  105.7  1.103e+01 
  45135  1.172  1  2011  211   0.70  55772.225  105.7  1.995e+01 
  45136  1.172  1  2011  211   1.40  55772.254  105.7  1.424e+01 
  45138  1.172  1  2011  211   2.02  55772.280  105.7  2.411e+01 
  45139  1.172  1  2011  211   2.64  55772.306  105.7  1.852e+01 
  45140  1.172  1  2011  211   3.33  55772.334  105.7  2.039e+01 
  45141  1.172  1  2011  211   3.96  55772.360  105.7  1.611e+01 
  45143  1.172  1  2011  211   4.58  55772.386  105.6  1.631e+01 
  45144  0.628  1  2011  211   5.25  55772.414  105.6  1.778e+01 
  45277  1.172  1  2011  213  23.95  55775.193  104.0  2.428e+01 
  45279  1.172  1  2011  214   0.57  55775.219  103.9  2.082e+01 
  45281  0.647  1  2011  214   1.83  55775.272  103.9  2.166e+01 
  45282  0.647  1  2011  214   2.17  55775.286  103.9  1.235e+01 
  45283  1.293  2  2011  214   2.68  55775.307  103.9  2.360e+01 
  45316  0.500  1  2011  214  19.32  55776.001  103.7  2.873e+01 
  45317  1.000  2  2011  214  19.74  55776.018  103.6  2.437e+01 
  45318  0.500  1  2011  214  20.15  55776.035  103.6  2.336e+01 
  45336  1.078  1  2011  215   5.18  55776.411  103.5  1.963e+01 
  45364  0.772  2  2011  215  19.28  55776.999  103.4  2.568e+01 
  45365  0.772  2  2011  215  19.70  55777.016  103.4  2.432e+01 
  45366  0.386  1  2011  215  20.32  55777.042  103.4  2.685e+01 
  45367  0.772  2  2011  215  20.78  55777.061  103.4  2.702e+01 
  45368  0.772  2  2011  215  21.20  55777.079  103.4  2.076e+01 
  45372  1.000  2  2011  215  23.16  55777.161  103.4  1.762e+01 
  45373  1.000  2  2011  215  23.72  55777.184  103.4  2.049e+01 
  45374  0.500  1  2011  216   0.47  55777.215  103.4  2.028e+01 
  45375  0.500  1  2011  216   0.75  55777.227  103.4  1.853e+01 
  45376  1.000  2  2011  216   1.16  55777.244  103.4  2.280e+01 
  45377  0.500  1  2011  216   1.83  55777.272  103.4  2.639e+01 
  45378  1.000  2  2011  216   2.25  55777.289  103.4  2.043e+01 
  45379  0.500  1  2011  216   2.66  55777.306  103.4  2.088e+01 
  45380  1.000  2  2011  216   3.14  55777.326  103.4  2.284e+01 
  45381  1.000  2  2011  216   3.70  55777.350  103.4  2.198e+01 
  45382  0.500  1  2011  216   4.32  55777.376  103.4  1.890e+01 
  45383  1.000  2  2011  216   4.74  55777.393  103.4  1.950e+01 
  45384  0.500  1  2011  216   5.15  55777.410  103.4  2.272e+01 
  45479  1.078  1  2011  218   4.85  55779.398  103.8  1.391e+01 
  45575  0.333  1  2011  220   4.85  55781.398  104.8  2.849e+01 
  45576  1.000  3  2011  220   5.24  55781.414  104.8  2.807e+01 
  46132  0.661  1  2011  231  19.20  55792.996  101.5  2.957e+01 
  46133  0.661  1  2011  231  19.56  55793.010  101.5  3.610e+01 
  46135  0.994  1  2011  231  20.66  55793.056  101.5  2.045e+01 
  46136  0.994  1  2011  231  21.18  55793.078  101.5  1.610e+01 
  46137  0.994  1  2011  231  21.69  55793.099  101.5  2.410e+01 
  46138  0.994  1  2011  231  22.21  55793.121  101.5  2.085e+01 
  46180  0.661  1  2011  232  19.36  55794.002  101.7  2.297e+01 
  46181  0.661  1  2011  232  19.71  55794.017  101.7  2.293e+01 
  46182  0.994  1  2011  232  20.49  55794.050  101.7  1.951e+01 
  46184  0.994  1  2011  232  21.01  55794.071  101.7  1.968e+01 
  46185  0.994  1  2011  232  21.53  55794.093  101.7  1.850e+01 
  46186  0.994  1  2011  232  22.05  55794.114  101.7  1.857e+01 
  46187  0.994  1  2011  232  22.96  55794.152  101.7  1.980e+01 
  46188  0.994  1  2011  232  23.47  55794.174  101.7  2.239e+01 
  46229  0.994  1  2011  233  19.71  55795.017  102.2  2.281e+01 
  46230  0.994  1  2011  233  20.23  55795.038  102.2  2.265e+01 
  46232  0.994  1  2011  233  21.14  55795.076  102.2  2.196e+01 
  46233  0.994  1  2011  233  21.65  55795.098  102.2  2.580e+01 
  46235  0.994  1  2011  233  22.71  55795.142  102.2  2.368e+01 
  46236  0.994  1  2011  233  23.23  55795.163  102.3  2.285e+01 
  46238  0.994  1  2011  234   0.31  55795.208  102.3  1.997e+01 
  46243  0.994  1  2011  234   2.78  55795.311  102.3  1.408e+01 
  46245  0.772  1  2011  234   3.73  55795.351  102.4  1.447e+01 
  46246  0.772  1  2011  234   4.13  55795.368  102.4  1.291e+01 
  46247  1.544  2  2011  234   4.74  55795.393  102.4  1.502e+01 
  46324  0.490  1  2011  235  19.35  55797.002  103.6  4.926e+01 
  46325  0.980  2  2011  235  19.82  55797.021  103.6  4.361e+01 
  46332  1.052  2  2011  235  23.27  55797.165  103.7  1.946e+01 
  46333  1.052  2  2011  235  23.84  55797.189  103.7  2.385e+01 
  46335  1.052  2  2011  236   0.80  55797.229  103.7  2.235e+01 
  46337  0.526  1  2011  236   1.51  55797.259  103.8  1.966e+01 
  46338  0.944  2  2011  236   2.24  55797.289  103.8  2.354e+01 
  46339  0.944  2  2011  236   2.77  55797.311  103.8  2.741e+01 
  46342  0.472  1  2011  236   4.35  55797.377  103.9  3.427e+01 
  46343  0.472  1  2011  236   4.61  55797.388  103.9  2.036e+01 
  46372  0.490  1  2011  236  19.50  55798.008  104.4  2.991e+01 
  46373  0.490  1  2011  236  19.81  55798.021  104.4  2.604e+01 
  46374  0.490  1  2011  236  20.12  55798.034  104.4  3.091e+01 
  46381  0.526  1  2011  236  23.92  55798.192  104.6  2.339e+01 
  46382  0.526  1  2011  237   0.20  55798.204  104.6  2.080e+01 
  46383  0.526  1  2011  237   0.77  55798.228  104.6  2.209e+01 
  46384  0.526  1  2011  237   1.35  55798.252  104.6  2.221e+01 
  46385  1.052  2  2011  237   1.78  55798.270  104.7  2.641e+01 
  46386  0.526  1  2011  237   2.21  55798.288  104.7  2.080e+01 
  46387  0.526  1  2011  237   2.72  55798.309  104.7  2.355e+01 
  46388  0.526  1  2011  237   3.29  55798.333  104.7  2.371e+01 
  46389  0.526  1  2011  237   3.58  55798.345  104.7  2.133e+01 
  46390  0.746  1  2011  237   4.22  55798.371  104.8  2.581e+01 
  46391  0.746  1  2011  237   4.64  55798.389  104.8  3.169e+01 
  46428  0.647  1  2011  237  23.33  55799.168  105.6  1.455e+01 
  46429  0.647  1  2011  237  23.67  55799.182  105.6  2.013e+01 
  46430  1.293  2  2011  238   0.19  55799.203  105.6  1.760e+01 
  46431  0.526  1  2011  238   0.90  55799.233  105.6  2.332e+01 
  46432  1.052  2  2011  238   1.33  55799.251  105.6  2.351e+01 
  46433  0.526  1  2011  238   1.75  55799.269  105.7  2.582e+01 
  46434  0.526  1  2011  238   2.33  55799.293  105.7  1.852e+01 
  46435  1.052  2  2011  238   2.76  55799.311  105.7  2.379e+01 
  46436  0.526  1  2011  238   3.19  55799.328  105.7  2.106e+01 
  46569  1.000  2  2011  240  21.82  55802.105  108.6  2.769e+01 
  46570  0.500  1  2011  240  22.24  55802.122  108.6  2.192e+01 
  46571  0.500  1  2011  240  22.51  55802.134  108.6  1.180e+01 
  46572  0.500  1  2011  240  23.13  55802.159  108.6  2.581e+01 
  46573  1.000  2  2011  240  23.82  55802.188  108.7  2.327e+01 
  46574  0.500  1  2011  241   0.24  55802.205  108.7  1.920e+01 
  46575  0.500  1  2011  241   0.51  55802.217  108.7  1.423e+01 
  46576  1.000  2  2011  241   1.23  55802.247  108.7  1.574e+01 
  46577  1.000  2  2011  241   1.78  55802.270  108.7  1.848e+01 
  46578  0.526  1  2011  241   2.49  55802.299  108.8  1.856e+01 
  46579  0.526  1  2011  241   2.78  55802.311  108.8  1.757e+01 
  46580  1.052  2  2011  241   3.20  55802.329  108.8  1.670e+01 
  46621  1.000  2  2011  241  23.80  55803.187  109.8  2.710e+01 
  46622  1.000  2  2011  242   0.35  55803.210  109.8  2.489e+01 
  46624  0.500  1  2011  242   1.26  55803.248  109.8  2.735e+01 
  46625  1.000  2  2011  242   1.67  55803.265  109.9  2.895e+01 
  46627  1.611  1  2011  242   2.72  55803.309  109.9  2.473e+01 
  46629  1.611  1  2011  242   3.80  55803.354  110.0  2.698e+01 
  46631  1.492  2  2011  242   4.78  55803.395  110.0  3.213e+01 
  46672  1.000  2  2011  243   1.29  55804.249  111.0  2.720e+01 
  46673  0.500  1  2011  243   1.73  55804.267  111.0  3.509e+01 
  46674  0.500  1  2011  243   2.01  55804.279  111.0  3.593e+01 
  46675  1.333  2  2011  243   2.79  55804.312  111.0  3.228e+01 
  46676  0.667  1  2011  243   3.34  55804.335  111.1  2.834e+01 
  46677  0.667  1  2011  243   3.72  55804.350  111.1  3.050e+01 
  46678  1.000  2  2011  243   4.32  55804.376  111.1  3.324e+01 
  46679  0.500  1  2011  243   4.75  55804.394  111.1  2.798e+01 
  46717  1.000  1  2011  243  23.66  55805.181  112.2  2.103e+01 
  46718  1.000  1  2011  244   0.18  55805.203  112.2  2.415e+01 
  46719  1.000  1  2011  244   0.71  55805.225  112.3  2.346e+01 
  46720  1.000  1  2011  244   1.23  55805.247  112.3  2.162e+01 
  46721  1.000  1  2011  244   1.99  55805.278  112.4  2.312e+01 
  46723  1.000  1  2011  244   2.51  55805.300  112.4  2.452e+01 
  46724  1.000  1  2011  244   3.04  55805.322  112.4  3.083e+01 
  46725  1.000  1  2011  244   3.57  55805.344  112.5  2.616e+01 
  46758  0.333  1  2011  244  20.46  55806.048  113.6  2.286e+01 
  46759  0.333  1  2011  244  20.66  55806.056  113.6  2.738e+01 
  46760  1.089  2  2011  244  21.28  55806.082  113.7  2.099e+01 
  46761  0.544  1  2011  244  21.80  55806.104  113.7  2.349e+01 
  46762  0.544  1  2011  244  22.10  55806.117  113.7  2.355e+01 
  46763  1.089  2  2011  244  22.76  55806.144  113.7  2.373e+01 
  46764  0.544  1  2011  244  23.29  55806.166  113.8  2.495e+01 
  46765  1.044  2  2011  244  23.78  55806.187  113.8  2.997e+01 
  46766  0.500  1  2011  245   0.29  55806.208  113.8  3.046e+01 
  46767  1.000  2  2011  245   0.74  55806.226  113.9  3.750e+01 
  46769  0.657  1  2011  245   1.84  55806.272  113.9  2.055e+01 
  46771  0.667  1  2011  245   2.67  55806.307  114.0  2.500e+01 
  46772  1.333  2  2011  245   3.21  55806.329  114.0  2.654e+01 
  46773  0.667  1  2011  245   3.75  55806.352  114.1  2.434e+01 
  46774  0.667  1  2011  245   4.22  55806.371  114.1  2.477e+01 
  46775  0.667  1  2011  245   4.58  55806.386  114.1  2.284e+01 
  46803  0.380  1  2011  245  18.95  55806.985  115.0  2.960e+01 
  46804  0.760  2  2011  245  19.27  55806.998  115.1  2.008e+01 
  46805  0.760  2  2011  245  19.70  55807.017  115.1  2.643e+01 
  46806  1.140  3  2011  245  20.25  55807.039  115.1  2.956e+01 
  46814  2.000  1  2011  246   0.32  55807.209  115.4  1.710e+01 
  46817  0.667  1  2011  246   1.77  55807.269  115.5  2.042e+01 
  46818  1.333  2  2011  246   2.31  55807.292  115.5  2.535e+01 
  46819  0.667  1  2011  246   2.85  55807.315  115.6  2.521e+01 
  46820  0.667  1  2011  246   3.32  55807.334  115.6  2.592e+01 
  46821  0.667  1  2011  246   3.68  55807.349  115.6  2.699e+01 
  46822  1.333  2  2011  246   4.22  55807.372  115.6  2.706e+01 
  46823  0.522  1  2011  246   4.87  55807.398  115.7  1.942e+01 
  46862  0.667  1  2011  247   0.23  55808.205  116.9  2.850e+01 
  46863  1.333  2  2011  247   0.77  55808.228  117.0  2.784e+01 
  46864  0.667  1  2011  247   1.31  55808.250  117.0  2.585e+01 
  46865  0.667  1  2011  247   1.67  55808.265  117.0  2.540e+01 
  46866  1.333  2  2011  247   2.26  55808.290  117.1  2.865e+01 
  46867  0.667  1  2011  247   2.86  55808.315  117.1  2.871e+01 
  46868  0.667  1  2011  247   3.22  55808.330  117.1  2.636e+01 
  46869  1.333  2  2011  247   3.76  55808.352  117.2  2.408e+01 
  46870  0.667  1  2011  247   4.30  55808.375  117.2  2.092e+01 
  46871  0.667  1  2011  247   4.72  55808.392  117.2  1.652e+01 
  46912  0.667  1  2011  248   1.12  55809.242  118.6  1.361e+01 
  46913  0.667  1  2011  248   1.72  55809.267  118.6  1.766e+01 
  46914  1.333  2  2011  248   2.26  55809.290  118.6  1.477e+01 
  46915  0.667  1  2011  248   2.80  55809.312  118.7  1.600e+01 
  46916  0.667  1  2011  248   3.16  55809.327  118.7  2.193e+01 
  46917  1.333  2  2011  248   3.73  55809.351  118.7  2.063e+01 
  46918  0.667  1  2011  248   4.31  55809.375  118.8  1.758e+01 
  46919  0.667  1  2011  248   4.67  55809.390  118.8  2.161e+01 
  46920  0.667  1  2011  248   5.03  55809.405  118.8  2.086e+01 
  46962  1.000  1  2011  249   2.32  55810.292  120.1  2.066e+01 
  46963  0.667  1  2011  249   2.89  55810.316  120.1  2.332e+01 
  46964  0.667  1  2011  249   3.25  55810.331  120.1  3.112e+01 
  46965  1.333  2  2011  249   3.79  55810.353  120.2  2.652e+01 
  46966  0.667  1  2011  249   4.33  55810.376  120.2  2.893e+01 
  46967  0.667  1  2011  249   4.69  55810.391  120.2  2.203e+01 
  47014  1.611  1  2011  250   4.15  55811.368  121.6  3.542e+01 
  47060  0.813  1  2011  251   3.47  55812.340  123.0  2.293e+01 
  47062  0.813  1  2011  251   4.36  55812.377  123.0  1.882e+01 
  47063  0.813  1  2011  251   4.78  55812.395  123.1  1.787e+01 
  47110  0.813  1  2011  252   4.08  55813.366  124.6  3.192e+01 
  47529  0.399  1  2011  260  21.78  55822.103  138.1  2.886e+01 
  47530  1.197  3  2011  260  22.22  55822.121  138.1  2.043e+01 
  47779  0.776  2  2011  266   2.83  55827.313  140.8  2.731e+01 
  47780  0.776  2  2011  266   3.26  55827.331  140.9  3.181e+01 
  47781  0.388  1  2011  266   3.93  55827.359  140.9  3.413e+01 
  47782  0.776  2  2011  266   4.26  55827.373  140.9  3.284e+01 
  47783  0.388  1  2011  266   4.58  55827.386  140.9  2.720e+01 
  47819  0.380  1  2011  266  22.81  55828.146  141.1  3.653e+01 
  47820  1.140  3  2011  266  23.24  55828.164  141.1  4.672e+01 
  47823  1.611  1  2011  267   0.71  55828.225  141.1  2.097e+01 
  47826  1.611  1  2011  267   2.03  55828.280  141.1  1.909e+01 
  47828  1.611  1  2011  267   3.26  55828.331  141.1  1.655e+01 
  47871  1.164  3  2011  268   0.76  55829.227  141.1  2.346e+01 
  47872  0.388  1  2011  268   1.18  55829.245  141.1  2.527e+01 
  47874  1.611  1  2011  268   2.17  55829.286  141.1  1.934e+01 
  47916  0.388  1  2011  268  23.44  55830.172  141.0  1.795e+01 
  47917  0.776  2  2011  268  23.76  55830.186  141.0  2.469e+01 
  47918  0.388  1  2011  269   0.09  55830.199  141.0  2.256e+01 
  47919  0.776  2  2011  269   0.69  55830.224  141.0  2.573e+01 
  47920  0.776  2  2011  269   1.12  55830.242  141.0  2.793e+01 
  47922  1.611  1  2011  269   2.08  55830.282  140.9  2.041e+01 
  47924  1.611  1  2011  269   3.34  55830.335  140.9  1.840e+01 
  48012  1.158  3  2011  270  23.25  55832.164  140.5  1.622e+01 
  48013  0.386  1  2011  270  23.67  55832.182  140.5  1.938e+01 
  48015  1.611  1  2011  271   0.73  55832.226  140.5  1.817e+01 
  48018  1.611  1  2011  271   2.05  55832.281  140.4  1.432e+01 
  48020  1.611  1  2011  271   3.29  55832.333  140.4  1.303e+01 
  48055  0.386  1  2011  271  20.83  55833.064  140.0  2.769e+01 
  48056  1.158  3  2011  271  21.25  55833.081  140.0  2.619e+01 
  48058  0.386  1  2011  271  22.31  55833.125  140.0  2.569e+01 
  48059  1.158  3  2011  271  22.73  55833.143  140.0  2.077e+01 
  48061  0.388  1  2011  271  23.74  55833.185  140.0  1.504e+01 
  48068  0.388  1  2011  272   3.43  55833.339  140.0  2.529e+01 
  48069  0.776  2  2011  272   3.76  55833.352  140.0  2.125e+01 
  48070  0.388  1  2011  272   4.08  55833.366  139.9  1.737e+01 
  48245  0.801  1  2011  275  19.70  55837.016  138.6  2.733e+01 
  48246  0.801  1  2011  275  20.12  55837.034  138.6  2.702e+01 
  48247  0.801  1  2011  275  20.82  55837.063  138.6  2.501e+01 
  48248  0.801  1  2011  275  21.24  55837.081  138.6  2.311e+01 
  48249  0.472  1  2011  275  21.95  55837.110  138.7  3.258e+01 
  48250  0.472  1  2011  275  22.22  55837.121  138.7  2.223e+01 
  48251  0.653  1  2011  275  22.88  55837.149  138.7  2.775e+01 
  48253  0.472  1  2011  275  23.79  55837.187  138.7  2.996e+01 
  48254  0.944  2  2011  276   0.19  55837.204  138.7  2.648e+01 
  48255  0.472  1  2011  276   0.59  55837.220  138.7  3.109e+01 
  48257  1.611  1  2011  276   1.94  55837.277  138.7  2.123e+01 
  48259  0.776  2  2011  276   2.88  55837.316  138.7  2.499e+01 
  48260  0.776  2  2011  276   3.31  55837.334  138.7  2.866e+01 
  48262  1.164  3  2011  276   4.28  55837.374  138.7  3.027e+01 
  48501  1.129  3  2011  281   3.72  55842.351  138.3  3.650e+01 
  48502  0.376  1  2011  281   4.15  55842.368  138.3  3.912e+01 
  48549  1.333  1  2011  282   3.95  55843.360  137.8  2.485e+01 
  48550  0.435  1  2011  282   4.42  55843.380  137.7  2.167e+01 
  49061  1.000  1  2011  292  19.56  55854.011  137.6  3.240e+01 
  49062  1.000  1  2011  292  20.09  55854.032  137.6  3.565e+01 
  49063  1.000  1  2011  292  20.66  55854.056  137.6  3.965e+01 
  49064  1.000  1  2011  292  21.19  55854.078  137.6  4.405e+01 
  49065  1.000  1  2011  292  21.91  55854.108  137.7  4.446e+01 
  49066  1.000  1  2011  292  22.43  55854.130  137.7  4.143e+01 
  49068  1.000  1  2011  292  23.01  55854.154  137.7  3.922e+01 
  49069  1.000  1  2011  292  23.54  55854.176  137.7  3.928e+01 
  49070  0.833  1  2011  293   0.23  55854.205  137.8  3.717e+01 
  49071  0.833  1  2011  293   0.67  55854.223  137.8  3.370e+01 
  49072  0.833  1  2011  293   1.17  55854.244  137.8  2.778e+01 
  49073  0.833  1  2011  293   1.62  55854.263  137.8  3.487e+01 
  49074  0.400  1  2011  293   2.29  55854.291  137.9  3.456e+01 
  49075  1.200  3  2011  293   2.72  55854.309  137.9  3.893e+01 
  49109  2.000  1  2011  293  19.78  55855.020  138.7  3.847e+01 
  49111  2.000  1  2011  293  20.91  55855.067  138.7  3.987e+01 
  49114  2.000  1  2011  293  22.07  55855.115  138.8  3.204e+01 
  49116  2.000  1  2011  293  23.23  55855.164  138.9  2.058e+01 
  49118  2.000  1  2011  294   0.35  55855.210  138.9  2.203e+01 
  49120  2.000  1  2011  294   1.48  55855.257  139.0  1.913e+01 
  49157  0.841  1  2011  294  19.84  55856.022  140.0  3.679e+01 
  49159  0.841  1  2011  294  20.64  55856.056  140.1  2.794e+01 
  49160  0.841  1  2011  294  21.09  55856.074  140.1  2.729e+01 
  49162  0.897  1  2011  294  22.16  55856.119  140.2  2.648e+01 
  49168  1.793  2  2011  295   1.24  55856.247  140.4  2.481e+01 
  49205  0.333  1  2011  295  19.97  55857.028  141.7  5.078e+01 
  49206  0.667  2  2011  295  20.29  55857.041  141.7  4.569e+01 
  49207  0.333  1  2011  295  20.61  55857.054  141.7  3.444e+01 
  49208  0.500  1  2011  295  21.37  55857.086  141.8  3.280e+01 
  49209  1.000  2  2011  295  21.81  55857.104  141.8  3.289e+01 
  49210  0.500  1  2011  295  22.26  55857.123  141.8  3.550e+01 
  49211  1.000  2  2011  295  22.76  55857.144  141.9  3.872e+01 
  49212  1.000  2  2011  295  23.35  55857.169  141.9  3.347e+01 
  49214  0.500  1  2011  296   0.23  55857.205  142.0  3.364e+01 
  49215  1.000  2  2011  296   0.67  55857.224  142.0  3.218e+01 
  49216  1.000  2  2011  296   1.30  55857.250  142.1  3.562e+01 
  49217  0.500  1  2011  296   1.78  55857.270  142.1  3.849e+01 
  49253  0.801  1  2011  296  19.86  55858.023  143.5  2.849e+01 
  49254  0.801  1  2011  296  20.27  55858.040  143.5  2.621e+01 
  49256  0.500  1  2011  296  21.41  55858.088  143.6  3.391e+01 
  49257  0.500  1  2011  296  21.71  55858.100  143.6  3.472e+01 
  49258  1.000  2  2011  296  22.15  55858.119  143.6  3.473e+01 
  49259  0.500  1  2011  296  22.98  55858.153  143.7  3.176e+01 
  49260  0.500  1  2011  296  23.28  55858.166  143.7  2.133e+01 
  49261  0.500  1  2011  296  23.87  55858.190  143.7  3.896e+01 
  49262  0.500  1  2011  297   0.23  55858.205  143.8  2.809e+01 
  49263  0.500  1  2011  297   0.52  55858.217  143.8  3.009e+01 
  49264  0.746  1  2011  297   1.15  55858.244  143.8  2.851e+01 
  49265  0.746  1  2011  297   1.57  55858.261  143.9  2.647e+01 
  49269  0.987  2  2011  297   3.83  55858.355  144.0  3.493e+01 
  49307  0.500  1  2011  297  22.72  55859.142  145.4  3.898e+01 
  49314  0.456  1  2011  298   2.48  55859.299  145.7  2.566e+01 
  49315  0.456  1  2011  298   2.73  55859.309  145.7  4.108e+01 
  49316  0.933  2  2011  298   3.28  55859.332  145.8  3.174e+01 
  49317  0.467  1  2011  298   3.67  55859.348  145.8  2.836e+01 
  49358  1.611  1  2011  299   0.04  55860.197  147.3  2.688e+01 
  49360  1.611  1  2011  299   1.11  55860.242  147.4  3.187e+01 
  49361  0.467  1  2011  299   1.97  55860.278  147.4  2.951e+01 
  49362  0.933  2  2011  299   2.36  55860.294  147.5  3.230e+01 
  49363  0.467  1  2011  299   2.74  55860.310  147.5  3.447e+01 
  49364  0.467  1  2011  299   3.38  55860.336  147.5  3.167e+01 
  49365  0.933  2  2011  299   3.77  55860.353  147.6  3.195e+01 
  49398  0.746  1  2011  299  20.31  55861.042  148.6  2.959e+01 
  49399  0.746  1  2011  299  20.73  55861.060  148.7  3.406e+01 
  49401  1.333  2  2011  299  21.77  55861.103  148.7  3.379e+01 
  49403  1.333  2  2011  299  22.82  55861.146  148.8  3.152e+01 
  49405  0.667  1  2011  299  23.96  55861.194  148.9  3.483e+01 
  49406  0.667  1  2011  300   0.33  55861.209  148.9  2.536e+01 
  49407  0.667  1  2011  300   0.91  55861.233  148.9  2.251e+01 
  49408  0.667  1  2011  300   1.27  55861.248  149.0  3.188e+01 
  49451  0.746  1  2011  300  22.87  55862.148  150.3  1.550e+01 
  49452  0.746  1  2011  300  23.29  55862.166  150.3  1.952e+01 
  49454  1.492  2  2011  301   0.27  55862.207  150.4  1.754e+01 
  49456  1.333  2  2011  301   1.28  55862.249  150.4  1.964e+01 
  49501  0.667  2  2011  301  23.86  55863.190  151.7  2.698e+01 
  49502  0.667  2  2011  302   0.29  55863.208  151.7  3.064e+01 
  50504  1.333  1  2011  322  21.19  55884.079  149.4  1.587e+01 
  50505  1.333  1  2011  322  21.89  55884.108  149.4  1.791e+01 
  50507  0.378  1  2011  322  22.90  55884.150  149.4  2.683e+01 
  50508  0.756  2  2011  322  23.22  55884.163  149.4  1.782e+01 
  50509  0.378  1  2011  322  23.53  55884.176  149.3  2.057e+01 
  50694  0.400  1  2011  326  20.46  55888.048  146.6  3.294e+01 
  50695  0.800  2  2011  326  20.79  55888.062  146.5  2.119e+01 
  50696  0.400  1  2011  326  21.11  55888.075  146.5  1.241e+01 
  50697  0.800  2  2011  326  21.74  55888.101  146.5  1.219e+01 
  50698  0.800  2  2011  326  22.17  55888.120  146.5  1.458e+01 
  50699  0.373  1  2011  326  22.94  55888.151  146.4  1.573e+01 
  50700  0.800  2  2011  326  23.26  55888.165  146.4  2.886e+01 
  50701  0.400  1  2011  326  23.59  55888.178  146.4  1.841e+01 
  50702  0.800  2  2011  327   0.21  55888.204  146.4  1.666e+01 
  50703  0.400  1  2011  327   0.53  55888.218  146.4  2.098e+01 
  50755  1.333  1  2011  328   2.70  55889.308  145.1  2.091e+01 
  50756  1.333  1  2011  328   3.39  55889.337  145.1  1.776e+01 
  50789  0.656  1  2011  328  19.79  55890.020  144.3  9.481e+00 
  50790  0.656  1  2011  328  20.14  55890.035  144.3  1.104e+01 
  50791  0.656  1  2011  328  20.79  55890.062  144.3  1.848e+01 
  50792  0.656  1  2011  328  21.14  55890.077  144.3  1.544e+01 
  50793  0.656  1  2011  328  21.76  55890.102  144.2  1.669e+01 
  50794  0.656  1  2011  328  22.11  55890.117  144.2  1.765e+01 
  50795  0.800  2  2011  328  22.69  55890.141  144.2  2.069e+01 
  50796  0.800  2  2011  328  23.12  55890.159  144.2  1.595e+01 
  50797  0.800  2  2011  328  23.85  55890.189  144.1  2.295e+01 
  50798  0.773  2  2011  329   0.29  55890.208  144.1  1.928e+01 
  50799  0.376  1  2011  329   0.88  55890.232  144.1  3.025e+01 
  50800  0.753  2  2011  329   1.19  55890.245  144.1  4.308e+01 
  50801  0.376  1  2011  329   1.51  55890.259  144.1  4.353e+01 
  50802  1.129  3  2011  329   2.22  55890.288  144.0  2.691e+01 
  50803  0.753  2  2011  329   2.81  55890.312  144.0  2.789e+01 
  50804  0.753  2  2011  329   3.29  55890.333  144.0  2.708e+01 
  50805  0.376  1  2011  329   3.60  55890.346  144.0  1.647e+01 
  50842  0.667  1  2011  329  22.38  55891.128  143.1  1.546e+01 
  50843  0.667  1  2011  329  22.74  55891.143  143.1  1.797e+01 
  50844  0.400  1  2011  329  23.34  55891.168  143.1  2.109e+01 
  50845  1.200  3  2011  329  23.77  55891.186  143.1  2.038e+01 
  50847  0.987  2  2011  330   0.64  55891.222  143.1  2.442e+01 
  50849  0.493  1  2011  330   1.95  55891.277  143.0  2.175e+01 
  50850  0.493  1  2011  330   2.21  55891.287  143.0  2.353e+01 
  50851  0.378  1  2011  330   2.74  55891.310  143.0  3.551e+01 
  50852  1.133  1  2011  330   3.15  55891.327  143.0  3.029e+01 
  50893  0.378  1  2011  330  23.96  55892.194  142.2  2.783e+01 
  50894  0.756  2  2011  331   0.28  55892.207  142.2  3.283e+01 
  50895  0.378  1  2011  331   0.60  55892.220  142.2  3.195e+01 
  50896  0.467  1  2011  331   1.25  55892.247  142.2  2.826e+01 
  50897  0.933  2  2011  331   1.63  55892.264  142.2  2.923e+01 
  50898  0.467  1  2011  331   2.02  55892.280  142.2  3.122e+01 
  50899  1.129  3  2011  331   2.77  55892.311  142.2  4.073e+01 
  50900  0.376  1  2011  331   3.20  55892.329  142.2  4.501e+01 
  50933  0.801  1  2011  331  19.90  55893.025  141.7  1.698e+01 
  50934  0.801  1  2011  331  20.32  55893.042  141.7  1.541e+01 
  50936  0.735  1  2011  331  21.20  55893.079  141.6  1.697e+01 
  50937  0.735  1  2011  331  21.61  55893.096  141.6  1.511e+01 
  50989  0.400  1  2011  332  23.89  55894.191  140.6  2.397e+01 
  50990  0.800  2  2011  333   0.21  55894.205  140.6  2.273e+01 
  50991  0.400  1  2011  333   0.54  55894.218  140.6  2.346e+01 
  51030  1.267  2  2011  333  20.25  55895.039  140.1  1.912e+01 
  51031  0.667  1  2011  333  20.81  55895.063  140.1  1.668e+01 
  51032  0.333  1  2011  333  21.39  55895.087  140.1  2.348e+01 
  51033  1.000  3  2011  333  21.77  55895.103  140.1  2.229e+01 
  51034  0.667  2  2011  333  22.31  55895.125  140.1  1.693e+01 
  51035  0.333  1  2011  333  22.95  55895.152  140.1  1.863e+01 
  51036  0.667  2  2011  333  23.24  55895.164  140.1  2.280e+01 
  51037  0.333  1  2011  333  23.53  55895.176  140.1  2.453e+01 
  51041  0.333  1  2011  334   1.88  55895.274  140.0  2.594e+01 
  51042  0.667  2  2011  334   2.27  55895.290  140.0  1.914e+01 
  51043  0.667  2  2011  334   2.76  55895.311  140.0  1.728e+01 
  51044  0.667  2  2011  334   3.15  55895.327  140.0  1.927e+01 
  51045  0.333  1  2011  334   3.72  55895.351  140.0  1.346e+01 
  51077  0.333  1  2011  334  19.94  55896.026  139.7  2.111e+01 
  51078  0.667  2  2011  334  20.23  55896.038  139.7  2.999e+01 
  51079  1.000  3  2011  334  20.71  55896.059  139.7  2.370e+01 
  51080  0.667  2  2011  334  21.20  55896.079  139.7  2.495e+01 
  51081  0.333  1  2011  334  21.83  55896.105  139.6  2.554e+01 
  51082  1.000  3  2011  334  22.21  55896.121  139.6  2.432e+01 
  51084  1.000  3  2011  334  23.20  55896.162  139.6  2.859e+01 
  51085  1.000  3  2011  334  23.78  55896.186  139.6  2.196e+01 
  51086  0.667  2  2011  335   0.33  55896.209  139.6  2.372e+01 
  51087  0.667  2  2011  335   0.79  55896.228  139.6  2.419e+01 
  51088  1.000  3  2011  335   1.27  55896.249  139.6  2.588e+01 
  51089  0.667  2  2011  335   1.75  55896.269  139.5  2.114e+01 
  51090  0.333  1  2011  335   2.34  55896.293  139.5  2.214e+01 
  51091  1.000  3  2011  335   2.73  55896.309  139.5  2.457e+01 
  51092  0.667  2  2011  335   3.21  55896.329  139.5  2.195e+01 
  51093  0.667  2  2011  335   3.60  55896.346  139.5  2.458e+01 
  51126  0.800  2  2011  335  20.18  55897.036  139.0  2.908e+01 
  51127  0.800  2  2011  335  20.61  55897.054  139.0  2.109e+01 
  51128  0.800  2  2011  335  21.23  55897.080  139.0  1.690e+01 
  51129  0.800  2  2011  335  21.67  55897.098  139.0  1.522e+01 
  51130  0.800  2  2011  335  22.25  55897.122  139.0  1.984e+01 
  51131  0.800  2  2011  335  22.68  55897.141  139.0  1.575e+01 
  51136  0.753  2  2011  336   1.38  55897.253  138.9  3.441e+01 
  51137  0.753  2  2011  336   1.80  55897.271  138.9  2.875e+01 
  51139  1.129  3  2011  336   2.74  55897.310  138.8  2.131e+01 
  51140  0.376  1  2011  336   3.16  55897.327  138.8  1.473e+01 
  51183  0.933  2  2011  337   0.85  55898.231  138.2  1.704e+01 
  51184  0.933  2  2011  337   1.37  55898.252  138.1  1.651e+01 
  51235  0.376  1  2011  338   2.88  55899.315  137.4  1.840e+01 
  51236  0.753  2  2011  338   3.20  55899.329  137.3  1.119e+01 
  51237  0.376  1  2011  338   3.51  55899.342  137.3  1.370e+01 
  51281  1.129  3  2011  339   1.78  55900.270  136.7  1.821e+01 
  51282  0.376  1  2011  339   2.21  55900.288  136.7  1.813e+01 
  51283  1.129  3  2011  339   2.79  55900.312  136.7  1.655e+01 
  51284  0.376  1  2011  339   3.21  55900.329  136.7  1.865e+01 
  51330  0.753  2  2011  340   2.35  55901.294  136.2  3.432e+01 
  51331  0.376  1  2011  340   2.67  55901.307  136.2  2.385e+01 
  51332  0.400  1  2011  340   3.20  55901.329  136.2  2.334e+01 
  51846  0.667  1  2011  350  20.31  55912.042  136.0  1.612e+01 
  51847  0.667  1  2011  350  20.67  55912.057  136.0  1.450e+01 
  51848  0.800  2  2011  350  21.24  55912.081  136.0  1.765e+01 
  51849  0.800  2  2011  350  21.68  55912.099  136.0  2.333e+01 
  51850  0.400  1  2011  350  22.32  55912.126  136.0  1.961e+01 
  51851  1.200  3  2011  350  22.76  55912.144  136.0  2.167e+01 
  51895  0.933  2  2011  351  20.72  55913.059  135.1  1.665e+01 
  51896  0.933  2  2011  351  21.24  55913.080  135.1  1.781e+01 
  51897  0.467  1  2011  351  21.89  55913.108  135.1  1.702e+01 
  51898  0.933  2  2011  351  22.27  55913.124  135.0  2.329e+01 
  51899  0.467  1  2011  351  22.66  55913.140  135.0  2.096e+01 
  51900  0.933  2  2011  351  23.34  55913.168  135.0  1.884e+01 
  51901  0.933  2  2011  351  23.85  55913.189  135.0  2.287e+01 
  51902  0.467  1  2011  352   0.42  55913.213  134.9  1.749e+01 
  51903  0.933  2  2011  352   0.81  55913.229  134.9  1.483e+01 
  51904  0.467  1  2011  352   1.19  55913.245  134.9  1.231e+01 
  51905  0.400  1  2011  352   1.79  55913.270  134.9  1.523e+01 
  51906  1.200  3  2011  352   2.23  55913.288  134.9  1.838e+01 
  51943  1.333  2  2011  352  20.81  55914.063  134.0  1.363e+01 
  51947  0.378  1  2011  352  22.61  55914.137  134.0  6.117e+01 
  51948  1.133  1  2011  352  23.02  55914.155  134.0  3.225e+01 
  51955  0.800  2  2011  353   2.80  55914.312  133.8  1.426e+01 
  51956  0.800  2  2011  353   3.24  55914.330  133.8  1.420e+01 
  52146  0.746  1  2011  357   2.45  55918.298  131.8  9.257e+00 
  52147  0.746  1  2011  357   2.87  55918.315  131.8  1.297e+01 
  52148  0.333  1  2011  357   3.33  55918.334  131.8  1.350e+01 
  52149  0.333  1  2011  357   3.52  55918.342  131.8  1.652e+01 
  52231  1.723  1  2011  358  20.94  55920.068  131.7  2.241e+01 
  52234  1.723  1  2011  358  22.18  55920.120  131.7  1.723e+01 
  52328  0.667  1  2011  360  21.35  55922.085  132.0  1.312e+01 
  52329  0.667  1  2011  360  21.71  55922.100  132.1  1.148e+01 
  52330  0.333  1  2011  360  22.46  55922.132  132.1  2.135e+01 
  52331  0.667  2  2011  360  22.75  55922.144  132.1  1.688e+01 
  52332  0.333  1  2011  360  23.05  55922.156  132.1  1.515e+01 
  52337  0.652  1  2011  361   1.74  55922.268  132.1  1.479e+01 
  52338  0.652  1  2011  361   2.08  55922.282  132.1  1.330e+01 
  52423  1.333  1  2011  362  20.51  55924.050  132.1  1.646e+01 
  52424  1.333  1  2011  362  21.22  55924.080  132.1  1.452e+01 
  52426  1.333  1  2011  362  22.44  55924.131  132.1  1.004e+01 
  52428  1.333  1  2011  362  23.14  55924.160  132.1  1.101e+01 
  52430  1.333  2  2011  363   0.27  55924.207  132.1  1.017e+01 
  52431  0.667  1  2011  363   0.84  55924.230  132.1  1.137e+01 
  52432  0.667  1  2011  363   1.20  55924.245  132.1  9.621e+00 
  52433  0.746  1  2011  363   1.92  55924.276  132.1  7.181e+00 
  52434  0.746  1  2011  363   2.34  55924.293  132.1  9.615e+00 
  52436  0.667  2  2011  363   3.28  55924.332  132.1  1.562e+01 
  52437  0.667  2  2011  363   3.67  55924.348  132.1  1.015e+01 
  52470  0.801  1  2011  363  20.49  55925.049  132.0  1.001e+01 
  52473  0.467  1  2011  363  21.95  55925.110  132.0  2.200e+01 
  52474  0.933  2  2011  363  22.34  55925.126  132.0  1.811e+01 
  52477  0.467  1  2011  363  23.88  55925.191  132.0  1.463e+01 
  52478  0.933  2  2011  364   0.27  55925.207  131.9  1.135e+01 
  53190  0.376  1  2012   13  20.33  55940.043  131.4  4.454e+01 
  53191  0.376  1  2012   13  20.97  55940.069  131.4  4.506e+01 
  53238  0.378  1  2012   14  20.35  55941.044  131.6  2.770e+01 
  53239  1.133  3  2012   14  20.78  55941.061  131.5  1.937e+01 
  53241  0.756  2  2012   14  21.72  55941.100  131.5  2.942e+01 
  53242  0.756  2  2012   14  22.14  55941.118  131.5  2.905e+01 
  53334  0.376  1  2012   16  20.42  55943.047  130.0  2.405e+01 
  53335  0.753  2  2012   16  20.74  55943.060  130.0  4.599e+01 
  53336  0.376  1  2012   16  21.06  55943.073  130.0  2.148e+01 
  53431  0.753  2  2012   18  20.88  55945.066  128.6  3.128e+01 
  53432  0.753  2  2012   18  21.30  55945.083  128.5  4.009e+01 
  53439  0.333  1  2012   19   0.86  55945.232  128.4  3.339e+01 
  53440  1.000  3  2012   19   1.25  55945.248  128.4  1.576e+01 
  53446  0.667  2  2012   19   4.12  55945.367  128.3  1.070e+01 
  53527  1.200  3  2012   20  20.73  55947.060  127.1  2.066e+01 
  53528  0.400  1  2012   20  21.17  55947.078  127.1  2.286e+01 
  53529  0.467  1  2012   20  21.97  55947.111  127.0  1.455e+01 
  53530  0.933  2  2012   20  22.35  55947.127  127.0  1.843e+01 
  53587  0.746  1  2012   22   2.77  55948.311  125.8  1.057e+01 
  53588  0.746  1  2012   22   3.20  55948.329  125.8  6.534e+00 
  53630  0.800  2  2012   23   0.31  55949.208  124.7  2.163e+01 
  53631  0.800  2  2012   23   0.75  55949.227  124.7  1.921e+01 
  53632  0.653  1  2012   23   1.41  55949.254  124.7  1.465e+01 
  53633  0.653  1  2012   23   1.75  55949.269  124.6  1.463e+01 
  53634  0.633  1  2012   23   2.46  55949.298  124.6  1.396e+01 
  53635  0.789  1  2012   23   2.84  55949.314  124.6  1.567e+01 
  53637  1.578  2  2012   23   3.78  55949.353  124.5  9.313e+00 
  53719  0.667  1  2012   24  20.73  55951.059  123.2  2.925e+01 
  53721  2.014  1  2012   24  21.88  55951.107  123.2  1.890e+01 
  53724  2.014  1  2012   24  23.03  55951.155  123.1  2.013e+01 
  53726  2.014  1  2012   25   0.47  55951.215  123.1  1.565e+01 
  53729  2.014  1  2012   25   1.63  55951.263  123.1  1.773e+01 
  53731  2.014  1  2012   25   3.00  55951.320  123.1  1.182e+01 
  53734  1.514  1  2012   25   4.02  55951.363  123.0  9.732e+00 
  53767  0.680  1  2012   25  20.55  55952.052  122.7  1.174e+01 
  53769  2.014  1  2012   25  21.63  55952.097  122.7  7.718e+00 
  53771  2.014  1  2012   25  22.81  55952.146  122.6  8.282e+00 
  53774  2.014  1  2012   26   0.47  55952.215  122.6  9.316e+00 
  53777  2.014  1  2012   26   1.64  55952.264  122.5  8.033e+00 
  53814  0.680  1  2012   26  20.13  55953.035  122.0  1.321e+01 
  53816  2.014  1  2012   26  21.20  55953.079  121.9  1.531e+01 
  53818  2.014  1  2012   26  22.36  55953.127  121.9  1.185e+01 
  53821  2.014  1  2012   26  23.74  55953.185  121.8  1.416e+01 
  53823  2.014  1  2012   27   0.89  55953.233  121.8  1.437e+01 
  53828  1.339  1  2012   27   3.33  55953.334  121.7  8.133e+00 
  53864  2.014  1  2012   27  21.18  55954.078  121.1  1.081e+01 
  53866  2.014  1  2012   27  22.33  55954.126  121.1  8.742e+00 
  53869  2.014  1  2012   27  23.75  55954.185  121.0  9.130e+00 
  53871  2.014  1  2012   28   0.93  55954.234  121.0  8.680e+00 
  53874  2.014  1  2012   28   2.14  55954.285  120.9  9.416e+00 
  53876  0.903  1  2012   28   3.18  55954.328  120.9  1.264e+01 
  53877  0.903  1  2012   28   3.77  55954.353  120.9  1.219e+01 
  53878  0.569  1  2012   28   4.29  55954.374  120.9  1.318e+01 
  53915  0.691  2  2012   28  22.84  55955.147  120.3  1.196e+01 
  53916  0.691  2  2012   28  23.24  55955.164  120.3  2.426e+01 
  53917  0.691  2  2012   28  23.63  55955.180  120.3  2.147e+01 
  54062  0.676  1  2012   32   0.05  55958.198  117.2  2.388e+01 
  54064  1.708  2  2012   32   1.25  55958.248  117.1  2.165e+01 
  54065  0.854  1  2012   32   1.99  55958.279  117.1  1.404e+01 
  54066  0.854  1  2012   32   2.45  55958.298  117.1  1.639e+01 
  54068  1.652  2  2012   32   3.28  55958.332  117.0  1.670e+01 
  54069  0.826  1  2012   32   3.99  55958.362  117.0  3.678e+00 
  54070  0.826  1  2012   32   4.44  55958.380  116.9  1.131e+01 
  54869  0.630  1  2012   48  19.96  55975.027  103.3  2.871e+01 
  54871  0.630  1  2012   48  20.64  55975.055  103.3  2.644e+01 
  54918  0.630  1  2012   49  20.22  55976.038  103.5  2.405e+01 
  54919  1.260  2  2012   49  20.73  55976.059  103.5  2.240e+01 
  54922  0.722  1  2012   49  22.28  55976.124  103.6  1.728e+01 
  54923  0.722  1  2012   49  22.69  55976.141  103.6  2.131e+01 
  54965  0.722  1  2012   50  20.00  55977.029  104.0  1.870e+01 
  54966  0.722  1  2012   50  20.41  55977.046  104.0  2.272e+01 
  54979  0.670  1  2012   51   2.95  55977.319  104.1  1.574e+01 
  54980  0.670  1  2012   51   3.32  55977.334  104.1  1.889e+01 
  54981  0.670  1  2012   51   3.68  55977.349  104.1  2.434e+01 
  54982  0.670  1  2012   51   4.04  55977.364  104.1  2.442e+01 
  55015  0.722  1  2012   51  20.60  55978.054  104.5  2.424e+01 
  55067  0.400  1  2012   52  22.99  55979.153  105.7  1.912e+01 
  55068  0.800  2  2012   52  23.31  55979.167  105.7  1.775e+01 
  55069  0.400  1  2012   52  23.64  55979.181  105.7  2.703e+01 
  55114  0.800  2  2012   53  22.32  55980.125  107.1  4.234e+01 
  55115  0.800  2  2012   53  22.75  55980.144  107.2  4.655e+01 
  55116  0.400  1  2012   53  23.38  55980.170  107.2  5.122e+01 
  55117  0.800  2  2012   53  23.71  55980.184  107.2  3.971e+01 
  55118  0.400  1  2012   54   0.04  55980.197  107.2  4.267e+01 
  55119  1.052  2  2012   54   0.74  55980.226  107.3  2.893e+01 
  55120  1.052  2  2012   54   1.31  55980.250  107.3  2.460e+01 
  55122  1.052  2  2012   54   2.22  55980.288  107.4  3.512e+01 
  55123  1.052  2  2012   54   2.79  55980.312  107.4  3.088e+01 
  55125  1.052  2  2012   54   3.64  55980.347  107.5  2.436e+01 
  55126  1.052  2  2012   54   4.21  55980.371  107.5  2.169e+01 
  55164  0.746  1  2012   54  23.21  55981.163  108.5  1.895e+01 
  55165  0.746  1  2012   54  23.63  55981.180  108.5  1.330e+01 
  55206  0.333  1  2012   55  20.33  55982.042  109.5  1.811e+01 
  55207  1.000  3  2012   55  20.71  55982.059  109.5  2.316e+01 
  55213  1.333  2  2012   55  23.80  55982.187  109.7  2.027e+01 
  55264  0.789  1  2012   57   1.34  55983.251  111.1  1.770e+01 
  55265  0.789  1  2012   57   1.76  55983.269  111.1  1.439e+01 
  55266  0.400  1  2012   57   2.49  55983.299  111.2  2.577e+01 
  55267  0.800  2  2012   57   2.82  55983.313  111.2  2.324e+01 
  55268  0.400  1  2012   57   3.14  55983.327  111.2  2.098e+01 
  55269  0.746  1  2012   57   3.92  55983.359  111.2  2.332e+01 
  55270  0.746  1  2012   57   4.34  55983.377  111.3  1.909e+01 
  55351  0.987  2  2012   58  20.64  55985.056  112.9  1.460e+01 
  55352  0.493  1  2012   58  21.05  55985.072  112.9  1.762e+01 
  55402  0.667  1  2012   59  22.32  55986.126  113.5  2.891e+01 
  55403  0.667  1  2012   59  22.68  55986.141  113.6  2.654e+01 
  55404  1.333  2  2012   59  23.22  55986.163  113.6  2.802e+01 
  55405  0.667  1  2012   59  23.98  55986.195  113.6  3.228e+01 
  55406  0.667  1  2012   60   0.34  55986.210  113.7  2.997e+01 
  55407  0.667  1  2012   60   0.70  55986.225  113.7  3.833e+01 
  55408  0.667  1  2012   60   1.06  55986.240  113.7  3.384e+01 
  55409  1.333  2  2012   60   1.71  55986.267  113.7  3.635e+01 
  55410  0.667  1  2012   60   2.25  55986.289  113.8  3.565e+01 
  55411  0.667  1  2012   60   2.61  55986.304  113.8  3.426e+01 
  55412  1.333  2  2012   60   3.25  55986.331  113.8  3.674e+01 
  55413  0.667  1  2012   60   3.79  55986.353  113.9  2.379e+01 
  55414  0.667  1  2012   60   4.15  55986.368  113.9  2.488e+01 
  55415  0.426  1  2012   60   4.54  55986.385  113.9  2.514e+01 
  55454  0.400  1  2012   61   0.40  55987.212  114.7  1.910e+01 
  55455  0.800  2  2012   61   0.72  55987.226  114.8  2.776e+01 
  55456  0.400  1  2012   61   1.05  55987.239  114.8  2.834e+01 
  55457  1.000  2  2012   61   1.72  55987.267  114.8  2.985e+01 
  55460  0.995  2  2012   61   3.30  55987.333  114.8  2.073e+01 
  55461  0.995  2  2012   61   3.82  55987.355  114.8  1.935e+01 
  55462  0.497  1  2012   61   4.32  55987.376  114.8  1.603e+01 
  55463  0.497  1  2012   61   4.58  55987.387  114.9  1.867e+01 
  55507  0.995  2  2012   62   2.77  55988.311  115.3  2.372e+01 
  55508  0.995  2  2012   62   3.29  55988.333  115.3  2.110e+01 
  55509  0.497  1  2012   62   3.97  55988.361  115.3  2.119e+01 
  55510  0.995  2  2012   62   4.36  55988.377  115.3  1.567e+01 
  55511  0.497  1  2012   62   4.75  55988.394  115.3  1.629e+01 
  55556  0.995  2  2012   63   3.24  55989.330  115.4  1.152e+01 
  55557  0.995  2  2012   63   3.76  55989.352  115.4  1.034e+01 
  55558  0.497  1  2012   63   4.26  55989.373  115.3  1.888e+01 
  55559  0.497  1  2012   63   4.53  55989.384  115.3  1.207e+01 
  56217  0.722  1  2012   76  21.90  56003.108  114.8  2.608e+01 
  56218  0.722  1  2012   76  22.31  56003.125  114.8  2.490e+01 
  56220  1.444  2  2012   76  23.21  56003.163  114.8  2.324e+01 
  56265  0.789  1  2012   77  21.80  56004.104  114.6  3.837e+01 
  56266  0.789  1  2012   77  22.22  56004.121  114.6  3.843e+01 
  56267  0.789  1  2012   77  22.90  56004.150  114.6  3.515e+01 
  56268  0.789  1  2012   77  23.32  56004.167  114.6  3.580e+01 
  56277  0.526  1  2012   78   3.54  56004.343  114.6  4.534e+01 
  56278  0.649  1  2012   78   4.28  56004.374  114.5  4.558e+01 
  56279  0.649  1  2012   78   4.62  56004.388  114.5  4.706e+01 
  56309  0.400  1  2012   78  19.82  56005.021  114.3  4.569e+01 
  56310  1.200  3  2012   78  20.25  56005.040  114.2  4.230e+01 
  56312  1.200  3  2012   78  21.22  56005.080  114.2  4.489e+01 
  56313  0.400  1  2012   78  21.65  56005.098  114.2  3.455e+01 
  56314  0.500  1  2012   78  22.29  56005.124  114.2  3.370e+01 
  56315  1.000  1  2012   78  22.69  56005.141  114.2  2.999e+01 
  56317  0.677  1  2012   78  23.70  56005.183  114.1  2.562e+01 
  56318  1.353  2  2012   79   0.25  56005.206  114.1  2.724e+01 
  56319  0.677  1  2012   79   0.79  56005.229  114.1  2.413e+01 
  56320  0.677  1  2012   79   1.44  56005.256  114.1  2.258e+01 
  56321  0.677  1  2012   79   1.81  56005.271  114.0  2.741e+01 
  56322  0.677  1  2012   79   2.17  56005.286  114.0  2.451e+01 
  56323  0.677  1  2012   79   2.53  56005.301  114.0  2.230e+01 
  56324  0.653  1  2012   79   3.18  56005.328  114.0  2.056e+01 
  56325  0.653  1  2012   79   3.52  56005.342  114.0  2.460e+01 
  56326  1.307  2  2012   79   4.32  56005.376  114.0  2.491e+01 
  56356  0.630  1  2012   79  19.49  56006.008  113.4  4.366e+01 
  56357  0.630  1  2012   79  19.83  56006.022  113.4  4.389e+01 
  56358  0.630  1  2012   79  20.17  56006.036  113.4  4.323e+01 
  56408  0.652  1  2012   80  21.38  56007.087  112.2  2.292e+01 
  56409  0.652  1  2012   80  21.73  56007.101  112.2  2.597e+01 
  56411  1.298  2  2012   80  22.72  56007.142  112.1  2.266e+01 
  56414  0.649  1  2012   81   0.27  56007.207  112.1  1.573e+01 
  56415  0.649  1  2012   81   0.61  56007.221  112.0  1.887e+01 
  56416  1.052  2  2012   81   1.33  56007.251  112.0  1.820e+01 
  56417  0.526  1  2012   81   1.75  56007.269  112.0  1.960e+01 
  56418  0.526  1  2012   81   2.04  56007.281  112.0  1.471e+01 
  56419  1.052  2  2012   81   2.79  56007.312  111.9  1.822e+01 
  56420  0.526  1  2012   81   3.22  56007.330  111.9  2.251e+01 
  56421  0.526  1  2012   81   3.50  56007.342  111.9  2.044e+01 
  56422  0.753  1  2012   81   4.12  56007.367  111.9  2.965e+01 
  56462  0.789  1  2012   82   0.23  56008.205  110.9  2.979e+01 
  56463  0.789  1  2012   82   0.65  56008.223  110.8  2.526e+01 
  56464  0.789  1  2012   82   1.48  56008.257  110.8  3.306e+01 
  56465  0.789  1  2012   82   1.90  56008.275  110.8  2.656e+01 
  56468  0.753  1  2012   82   3.34  56008.335  110.7  3.150e+01 
  56558  0.677  1  2012   84   0.01  56010.196  107.8  3.159e+01 
  56559  0.677  1  2012   84   0.74  56010.226  107.7  3.305e+01 
  56560  0.677  1  2012   84   1.10  56010.241  107.7  3.100e+01 
  56598  1.921  1  2012   84  20.02  56011.030  106.4  3.351e+01 
  56600  1.921  1  2012   84  21.16  56011.077  106.4  3.742e+01 
  56602  1.921  1  2012   84  22.28  56011.124  106.3  3.409e+01 
  56604  1.921  1  2012   84  23.40  56011.170  106.3  3.220e+01 
  56645  1.931  1  2012   85  19.98  56012.028  105.4  4.284e+01 
  56648  1.931  1  2012   85  21.25  56012.081  105.3  3.008e+01 
  56650  1.931  1  2012   85  22.38  56012.128  105.3  3.206e+01 
  56652  0.988  1  2012   85  23.26  56012.165  105.3  2.735e+01 
  56653  0.416  1  2012   85  23.81  56012.188  105.2  2.785e+01 
  56654  0.416  1  2012   86   0.04  56012.197  105.2  3.022e+01 
  56656  0.647  1  2012   86   1.31  56012.250  105.2  1.723e+01 
  56657  1.293  2  2012   86   1.82  56012.272  105.2  1.666e+01 
  56658  0.647  1  2012   86   2.34  56012.293  105.2  1.725e+01 
  56693  1.923  1  2012   86  19.67  56013.015  104.5  2.892e+01 
  56695  1.923  1  2012   86  20.81  56013.062  104.4  2.774e+01 
  56697  1.923  1  2012   86  21.96  56013.110  104.3  2.235e+01 
  56700  1.923  1  2012   86  23.10  56013.158  104.2  2.495e+01 
  56702  0.333  1  2012   87   0.46  56013.215  104.1  3.156e+01 
  56703  0.667  2  2012   87   0.75  56013.227  104.1  2.479e+01 
  56704  0.333  1  2012   87   1.04  56013.239  104.1  1.932e+01 
  56758  0.667  1  2012   88   4.38  56014.378  102.6  2.833e+01 
  56759  0.667  1  2012   88   4.74  56014.393  102.6  2.283e+01 
  57605  1.756  1  2012  105  19.60  56032.012  113.6  5.324e+01 
  57607  1.756  1  2012  105  20.53  56032.051  113.6  5.131e+01 
  57608  0.784  2  2012  105  21.31  56032.083  113.6  5.106e+01 
  57609  0.784  2  2012  105  21.75  56032.102  113.6  4.893e+01 
  57611  0.482  1  2012  105  22.97  56032.153  113.6  4.638e+01 
  57612  0.964  2  2012  105  23.36  56032.169  113.6  4.133e+01 
  57613  0.482  1  2012  105  23.75  56032.185  113.7  3.985e+01 
  57653  0.672  2  2012  106  19.79  56033.020  114.1  4.767e+01 
  57654  1.009  3  2012  106  20.26  56033.040  114.1  5.447e+01 
  57655  0.336  1  2012  106  20.66  56033.056  114.1  6.094e+01 
  57656  0.784  2  2012  106  21.23  56033.080  114.1  5.073e+01 
  57657  0.784  2  2012  106  21.65  56033.098  114.1  4.938e+01 
  57658  0.784  2  2012  106  22.18  56033.120  114.2  5.364e+01 
  57659  1.175  3  2012  106  22.73  56033.143  114.2  4.728e+01 
  57660  0.392  1  2012  106  23.18  56033.161  114.2  4.710e+01 
  57663  0.672  2  2012  107   0.72  56033.226  114.2  5.186e+01 
  57709  0.482  1  2012  107  23.93  56034.193  114.6  4.600e+01 
  57710  0.964  2  2012  108   0.32  56034.209  114.6  4.183e+01 
  57711  0.482  1  2012  108   0.71  56034.225  114.6  4.763e+01 
  57712  0.482  1  2012  108   1.26  56034.248  114.7  4.217e+01 
  57713  0.964  2  2012  108   1.80  56034.271  114.7  5.009e+01 
  57714  0.964  2  2012  108   2.32  56034.292  114.7  4.567e+01 
  57748  0.978  2  2012  108  19.20  56034.996  115.0  5.864e+01 
  57749  0.978  2  2012  108  19.77  56035.019  115.0  5.783e+01 
  57750  0.489  1  2012  108  20.29  56035.041  115.0  4.959e+01 
  57751  0.978  2  2012  108  20.72  56035.059  115.0  5.488e+01 
  57752  0.489  1  2012  108  21.15  56035.077  115.0  5.267e+01 
  57758  0.489  1  2012  109   0.36  56035.211  115.1  6.066e+01 
  57759  0.489  1  2012  109   0.65  56035.223  115.1  6.094e+01 
  57767  0.367  1  2012  109   4.96  56035.402  115.1  6.093e+01 
  57796  1.333  2  2012  109  19.24  56035.997  115.4  2.661e+01 
  57798  1.333  2  2012  109  20.27  56036.040  115.4  2.880e+01 
  57799  0.489  1  2012  109  20.88  56036.066  115.4  3.609e+01 
  57800  0.978  2  2012  109  21.31  56036.083  115.4  3.021e+01 
  57801  0.489  1  2012  109  21.73  56036.101  115.4  4.395e+01 
  57802  0.333  1  2012  109  22.33  56036.126  115.5  4.310e+01 
  57803  1.000  3  2012  109  22.72  56036.142  115.5  3.792e+01 
  57805  0.978  2  2012  109  23.72  56036.184  115.5  4.719e+01 
  57807  1.167  1  2012  110   0.53  56036.218  115.5  4.538e+01 
  57808  1.167  1  2012  110   1.14  56036.243  115.5  5.117e+01 
  57812  0.750  1  2012  110   3.50  56036.341  115.6  6.092e+01 
  57813  0.750  1  2012  110   3.90  56036.358  115.6  6.312e+01 
  57814  0.750  1  2012  110   4.30  56036.375  115.6  5.633e+01 
  57815  0.750  1  2012  110   4.70  56036.392  115.6  5.254e+01 
  57844  2.000  1  2012  110  19.45  56037.006  116.0  3.752e+01 
  57847  2.000  1  2012  110  20.56  56037.052  116.0  3.495e+01 
  57849  2.000  1  2012  110  21.81  56037.104  116.1  3.873e+01 
  57851  2.000  1  2012  110  22.92  56037.151  116.1  3.478e+01 
  57853  0.633  1  2012  110  23.87  56037.190  116.1  4.516e+01 
  57894  2.000  1  2012  111  20.17  56038.036  116.7  3.679e+01 
  57896  2.000  1  2012  111  21.29  56038.083  116.7  3.355e+01 
  57899  2.000  1  2012  111  22.56  56038.136  116.8  3.177e+01 
  57901  2.000  1  2012  111  23.66  56038.182  116.8  3.322e+01 
  57939  0.646  1  2012  112  18.88  56038.982  117.3  4.090e+01 
  57940  0.646  1  2012  112  19.22  56038.996  117.3  4.929e+01 
  57941  1.293  2  2012  112  19.73  56039.018  117.4  5.214e+01 
  57942  0.980  1  2012  112  20.42  56039.046  117.4  4.007e+01 
  57943  0.980  1  2012  112  20.93  56039.068  117.4  3.379e+01 
  57945  0.980  1  2012  112  21.68  56039.099  117.4  3.404e+01 
  57946  0.980  1  2012  112  22.21  56039.121  117.5  3.689e+01 
  57947  0.980  1  2012  112  22.74  56039.143  117.5  4.110e+01 
  57948  0.980  1  2012  112  23.27  56039.165  117.5  4.726e+01 
  57988  0.667  1  2012  113  19.17  56039.994  118.3  2.547e+01 
  57989  1.333  2  2012  113  19.71  56040.017  118.3  3.015e+01 
  57990  0.667  1  2012  113  20.25  56040.039  118.3  2.781e+01 
  57993  1.273  2  2012  113  21.72  56040.100  118.4  3.018e+01 
  57994  0.636  1  2012  113  22.23  56040.122  118.4  2.769e+01 
  57995  1.235  2  2012  113  22.77  56040.144  118.4  2.855e+01 
  57996  0.599  1  2012  113  23.31  56040.167  118.4  3.247e+01 
  57997  1.198  2  2012  113  23.80  56040.187  118.4  3.286e+01 
  58003  0.482  1  2012  114   2.88  56040.316  118.5  3.139e+01 
  58004  0.964  2  2012  114   3.27  56040.332  118.6  3.406e+01 
  58005  0.482  1  2012  114   3.66  56040.348  118.6  4.371e+01 
  58006  0.964  2  2012  114   4.33  56040.376  118.6  4.415e+01 
  58007  0.964  2  2012  114   4.84  56040.397  118.6  4.458e+01 
  58134  0.487  1  2012  116  20.50  56043.050  121.6  3.614e+01 
  58135  0.487  1  2012  116  20.76  56043.061  121.6  3.670e+01 
  58136  0.973  2  2012  116  21.15  56043.077  121.6  3.747e+01 
  58137  0.487  1  2012  116  21.73  56043.101  121.6  4.753e+01 
  58852  1.333  2  2012  131  19.22  56057.996  126.1  3.515e+01 
  58853  0.667  1  2012  131  19.76  56058.019  126.1  4.330e+01 
  58854  0.400  1  2012  131  20.36  56058.044  126.1  3.126e+01 
  58855  0.800  2  2012  131  20.69  56058.058  126.1  3.733e+01 
  58856  0.400  1  2012  131  21.02  56058.071  126.1  3.965e+01 
  59094  0.400  1  2012  136  20.38  56063.045  125.7  3.179e+01 
  59095  0.800  2  2012  136  20.70  56063.058  125.7  2.896e+01 
  59096  0.400  1  2012  136  21.03  56063.072  125.7  3.112e+01 
  59139  0.667  1  2012  137  18.75  56063.977  125.5  2.951e+01 
  59140  1.333  2  2012  137  19.29  56063.999  125.5  2.855e+01 
  59141  0.667  1  2012  137  19.83  56064.022  125.5  2.956e+01 
  59147  0.971  2  2012  137  22.83  56064.147  125.5  3.403e+01 
  59151  1.300  2  2012  138   0.69  56064.224  125.5  4.275e+01 
  59153  0.650  1  2012  138   1.70  56064.266  125.5  4.556e+01 
  59154  0.650  1  2012  138   2.04  56064.281  125.5  3.899e+01 
  59155  0.483  1  2012  138   2.81  56064.313  125.5  4.929e+01 
  59156  0.483  1  2012  138   3.07  56064.324  125.5  5.705e+01 
  59157  0.483  1  2012  138   3.75  56064.352  125.5  4.383e+01 
  59158  0.483  1  2012  138   4.01  56064.363  125.5  5.360e+01 
  59159  0.964  2  2012  138   4.81  56064.396  125.5  4.708e+01 
  59160  0.482  1  2012  138   5.20  56064.412  125.5  4.379e+01 
  59187  0.400  1  2012  138  18.93  56064.984  125.5  5.823e+01 
  59188  0.800  2  2012  138  19.25  56064.998  125.5  5.326e+01 
  59189  0.400  1  2012  138  19.58  56065.011  125.5  4.960e+01 
  59190  0.800  2  2012  138  20.29  56065.041  125.5  4.556e+01 
  59191  0.800  2  2012  138  20.73  56065.059  125.5  3.911e+01 
  59240  0.746  1  2012  139  21.37  56066.086  125.7  3.104e+01 
  59241  0.746  1  2012  139  21.79  56066.104  125.7  2.838e+01 
  59243  1.433  1  2012  139  22.79  56066.145  125.8  4.167e+01 
  59245  0.486  1  2012  139  23.79  56066.187  125.8  4.289e+01 
  59246  0.486  1  2012  140   0.05  56066.198  125.8  3.414e+01 
  59247  0.971  2  2012  140   0.75  56066.227  125.8  3.780e+01 
  59248  0.486  1  2012  140   1.46  56066.256  125.8  4.768e+01 
  59249  0.486  1  2012  140   1.72  56066.267  125.8  5.632e+01 
  59286  0.400  1  2012  140  20.48  56067.049  126.2  4.881e+01 
  59287  0.800  2  2012  140  20.81  56067.063  126.2  5.184e+01 
  59288  0.400  1  2012  140  21.14  56067.076  126.2  4.862e+01 
  59289  0.964  2  2012  140  21.77  56067.103  126.3  3.502e+01 
  59290  0.964  2  2012  140  22.29  56067.124  126.3  2.936e+01 
  59291  0.482  1  2012  140  22.92  56067.151  126.3  2.349e+01 
  59292  0.964  2  2012  140  23.31  56067.167  126.3  2.578e+01 
  59293  0.482  1  2012  140  23.70  56067.183  126.3  2.396e+01 
  59294  0.650  1  2012  141   0.18  56067.203  126.3  2.480e+01 
  59295  0.650  1  2012  141   0.53  56067.218  126.3  2.135e+01 
  59296  0.964  2  2012  141   1.31  56067.250  126.3  4.083e+01 
  59297  0.964  2  2012  141   1.83  56067.272  126.3  4.356e+01 
  59332  0.800  2  2012  141  19.26  56067.998  126.7  2.997e+01 
  59333  0.800  2  2012  141  19.70  56068.016  126.7  3.161e+01 
  59334  0.486  1  2012  141  20.32  56068.042  126.7  2.519e+01 
  59335  0.486  1  2012  141  20.58  56068.053  126.7  2.413e+01 
  59336  0.971  2  2012  141  21.26  56068.081  126.7  3.505e+01 
  59337  0.486  1  2012  141  21.90  56068.108  126.7  2.801e+01 
  59338  0.486  1  2012  141  22.17  56068.119  126.7  3.523e+01 
  59429  0.789  1  2012  143  19.91  56070.025  127.3  2.070e+01 
  59430  0.789  1  2012  143  20.33  56070.043  127.3  1.608e+01 
  59431  0.482  1  2012  143  20.99  56070.070  127.3  2.594e+01 
  59432  0.482  1  2012  143  21.46  56070.090  127.3  2.241e+01 
  59433  0.482  1  2012  143  21.72  56070.101  127.4  2.153e+01 
  59434  0.482  1  2012  143  22.24  56070.122  127.4  1.512e+01 
  59435  0.482  1  2012  143  22.85  56070.148  127.4  1.865e+01 
  59436  0.964  2  2012  143  23.24  56070.164  127.4  2.413e+01 
  59438  0.947  2  2012  144   0.29  56070.208  127.4  3.917e+01 
  59439  0.473  1  2012  144   0.70  56070.225  127.4  3.632e+01 
  59489  0.456  1  2012  145   1.92  56071.276  128.1  3.013e+01 
  59490  0.911  2  2012  145   2.31  56071.292  128.1  2.326e+01 
  59491  0.456  1  2012  145   2.70  56071.308  128.1  1.690e+01 
  60244  0.971  2  2012  160  19.23  56086.997  128.8  2.233e+01 
  60245  0.486  1  2012  160  19.88  56087.024  128.8  3.303e+01 
  60246  0.486  1  2012  160  20.14  56087.035  128.8  3.066e+01 
  60295  1.433  1  2012  161  20.69  56088.058  128.0  1.937e+01 
  60297  1.433  1  2012  161  21.64  56088.097  127.9  1.669e+01 
  60348  0.486  1  2012  162  23.31  56089.167  126.9  2.417e+01 
  60349  0.486  1  2012  162  23.57  56089.178  126.9  3.048e+01 
  60390  0.482  1  2012  163  20.45  56090.048  126.1  2.893e+01 
  60391  0.964  2  2012  163  20.84  56090.064  126.1  2.396e+01 
  60392  0.482  1  2012  163  21.23  56090.080  126.1  2.537e+01 
  60396  0.964  2  2012  163  23.17  56090.161  126.0  1.620e+01 
  60397  0.964  2  2012  163  23.68  56090.182  126.0  2.370e+01 
  60398  0.482  1  2012  164   0.44  56090.214  126.0  1.639e+01 
  60399  0.964  2  2012  164   0.83  56090.230  126.0  2.002e+01 
  60400  0.482  1  2012  164   1.22  56090.246  126.0  2.707e+01 
  60549  0.964  2  2012  167   3.83  56093.355  124.6  3.266e+01 
  60550  0.964  2  2012  167   4.34  56093.377  124.6  3.293e+01 
  60582  1.578  2  2012  167  20.26  56094.040  124.4  2.072e+01 
  60584  0.971  2  2012  167  21.35  56094.085  124.3  2.559e+01 
  60598  0.964  2  2012  168   4.37  56094.378  124.2  4.260e+01 
  60599  0.482  1  2012  168   4.76  56094.394  124.2  4.488e+01 
  60600  0.482  1  2012  168   5.02  56094.405  124.2  2.993e+01 
  60629  0.750  1  2012  168  19.91  56095.025  124.0  1.470e+01 
  60630  0.750  1  2012  168  20.31  56095.042  124.0  1.503e+01 
  60632  1.500  2  2012  168  21.30  56095.083  124.0  1.454e+01 
  61063  0.482  1  2012  177  20.81  56104.063  132.1  2.231e+01 
  61064  0.964  2  2012  177  21.20  56104.079  132.1  3.339e+01 
  61078  0.482  1  2012  178   4.45  56104.381  132.5  2.564e+01 
  61829  0.667  1  2012  193  19.95  56120.027  141.6  2.026e+01 
  61877  1.333  2  2012  194  19.76  56121.019  141.2  1.766e+01 
  61878  0.667  1  2012  194  20.30  56121.041  141.2  1.263e+01 
  61879  0.667  1  2012  194  20.66  56121.056  141.2  1.254e+01 
  61923  0.667  1  2012  195  18.83  56121.980  141.1  1.567e+01 
  61924  0.667  1  2012  195  19.19  56121.995  141.1  1.763e+01 
  61925  0.667  1  2012  195  19.68  56122.015  141.1  1.797e+01 
  61983  1.333  2  2012  197   0.78  56123.228  140.9  1.076e+01 
  61984  0.667  1  2012  197   1.32  56123.250  140.9  1.148e+01 
  61985  0.667  1  2012  197   1.68  56123.265  140.9  1.311e+01 
  62126  0.639  1  2012  200   0.47  56126.215  138.7  1.954e+01 
  62127  0.639  1  2012  200   0.81  56126.229  138.7  1.625e+01 
  62128  1.278  2  2012  200   1.32  56126.251  138.6  2.083e+01 
  62182  0.667  1  2012  201   4.27  56127.374  137.8  1.012e+01 
  62183  1.228  2  2012  201   4.78  56127.395  137.8  1.043e+01 
  62356  1.333  1  2012  204  19.30  56131.000  134.1  1.641e+01 
  62357  1.333  1  2012  204  19.99  56131.029  134.1  1.120e+01 
  63231  0.964  2  2012  223   0.77  56149.227  122.3  3.557e+01 
  63232  0.964  2  2012  223   1.28  56149.249  122.3  2.728e+01 
  63233  0.482  1  2012  223   1.93  56149.276  122.3  2.659e+01 
  63234  0.964  2  2012  223   2.32  56149.292  122.3  3.076e+01 
  63235  0.482  1  2012  223   2.71  56149.309  122.3  2.400e+01 
  63236  0.800  2  2012  223   3.24  56149.331  122.2  3.186e+01 
  63237  0.800  2  2012  223   3.68  56149.349  122.2  3.187e+01 
  63239  0.400  1  2012  223   4.97  56149.403  122.2  3.310e+01 
  63459  0.500  1  2012  227  18.93  56153.984  117.5  2.978e+01 
  63460  0.500  1  2012  227  19.21  56153.996  117.5  2.777e+01 
  63461  0.500  1  2012  227  19.77  56154.019  117.5  3.270e+01 
  63462  0.500  1  2012  227  20.04  56154.031  117.5  2.774e+01 
  63468  0.333  1  2012  227  23.31  56154.167  117.3  3.096e+01 
  63469  1.000  3  2012  227  23.70  56154.183  117.2  2.601e+01 
  63475  0.667  1  2012  228   2.81  56154.312  117.0  1.569e+01 
  63476  0.667  1  2012  228   3.17  56154.327  117.0  1.358e+01 
  63477  0.800  2  2012  228   3.86  56154.356  117.0  2.046e+01 
  63478  0.800  2  2012  228   4.29  56154.374  116.9  1.423e+01 
  63606  0.833  1  2012  230  20.37  56157.044  115.0  1.605e+01 
  63607  0.833  1  2012  230  20.81  56157.063  115.0  2.320e+01 
  63608  0.833  1  2012  230  21.41  56157.088  115.0  2.247e+01 
  63609  0.833  1  2012  230  21.86  56157.106  115.0  2.261e+01 
  63611  0.833  1  2012  230  22.76  56157.144  115.0  2.862e+01 
  63612  0.833  1  2012  230  23.20  56157.162  115.0  2.545e+01 
  63659  1.111  2  2012  231  22.78  56158.145  114.8  2.678e+01 
  63660  0.556  1  2012  231  23.37  56158.169  114.8  2.488e+01 
  63661  0.556  1  2012  231  23.67  56158.182  114.8  2.454e+01 
  63662  0.667  2  2012  232   0.29  56158.208  114.9  3.055e+01 
  63663  0.500  1  2012  232   0.74  56158.226  114.9  2.970e+01 
  63664  0.500  1  2012  232   1.02  56158.238  114.9  3.584e+01 
  63667  0.800  2  2012  232   2.75  56158.310  114.9  3.868e+01 
  63668  0.800  2  2012  232   3.19  56158.328  114.9  3.702e+01 
  63669  0.667  1  2012  232   3.91  56158.359  114.9  2.369e+01 
  63670  0.667  1  2012  232   4.27  56158.374  114.9  2.482e+01 
  64005  2.160  1  2012  239   3.58  56165.345  116.7  2.884e+01 
  64052  0.734  1  2012  240   3.41  56166.338  117.2  2.219e+01 
  64053  0.734  1  2012  240   3.84  56166.356  117.2  2.783e+01 
  64101  0.467  1  2012  241   3.97  56167.361  117.6  3.078e+01 
  64102  0.933  2  2012  241   4.35  56167.377  117.6  3.792e+01 
  64667  0.667  2  2012  252  22.89  56179.149  119.9  2.250e+01 
  64814  0.722  1  2012  256   0.30  56182.208  122.1  3.398e+01 
  64815  0.722  1  2012  256   0.70  56182.225  122.1  3.325e+01 
  64816  0.400  1  2012  256   1.35  56182.252  122.2  3.194e+01 
  64817  0.800  2  2012  256   1.68  56182.266  122.2  3.472e+01 
  64818  0.373  1  2012  256   2.01  56182.279  122.2  3.504e+01 
  64819  0.800  2  2012  256   2.74  56182.310  122.2  3.298e+01 
  64820  0.800  2  2012  256   3.17  56182.328  122.2  3.023e+01 
  64821  0.800  2  2012  256   3.83  56182.355  122.2  2.863e+01 
  64822  0.800  2  2012  256   4.27  56182.373  122.2  2.752e+01 
  64860  1.667  1  2012  256  23.23  56183.164  122.7  2.090e+01 
  64862  1.667  1  2012  257   0.37  56183.211  122.7  2.070e+01 
  64867  0.491  1  2012  257   2.81  56183.313  122.8  2.309e+01 
  64868  0.983  2  2012  257   3.23  56183.330  122.8  2.406e+01 
  64870  0.722  1  2012  257   4.30  56183.375  122.8  1.721e+01 
  64871  0.722  1  2012  257   4.69  56183.391  122.8  2.030e+01 
  64915  0.491  1  2012  258   2.85  56184.314  123.0  3.529e+01 
  64916  0.983  2  2012  258   3.27  56184.332  123.0  2.418e+01 
  64918  0.722  1  2012  258   4.27  56184.374  123.0  2.793e+01 
  64919  0.722  1  2012  258   4.67  56184.390  123.0  2.666e+01 
  65008  0.639  1  2012  260   1.22  56186.246  122.5  2.922e+01 
  65009  1.278  2  2012  260   1.73  56186.268  122.5  2.310e+01 
  65010  0.639  1  2012  260   2.24  56186.289  122.5  3.478e+01 
  65012  1.333  2  2012  260   3.19  56186.328  122.5  2.943e+01 
  65044  0.500  1  2012  260  19.34  56187.001  122.3  3.070e+01 
  65045  1.000  2  2012  260  19.75  56187.018  122.3  2.819e+01 
  65046  0.500  1  2012  260  20.16  56187.035  122.2  2.364e+01 
  65050  1.000  2  2012  260  22.27  56187.124  122.2  2.336e+01 
  65051  1.000  2  2012  260  22.82  56187.146  122.2  3.066e+01 
  65054  0.646  1  2012  261   0.13  56187.201  122.2  2.284e+01 
  65055  0.646  1  2012  261   0.81  56187.229  122.2  2.546e+01 
  65057  0.646  1  2012  261   1.70  56187.266  122.2  3.608e+01 
  65058  1.293  2  2012  261   2.21  56187.288  122.2  3.034e+01 
  65059  0.646  1  2012  261   2.73  56187.309  122.2  2.183e+01 
  65060  0.646  1  2012  261   3.30  56187.333  122.2  1.993e+01 
  65061  0.646  1  2012  261   3.65  56187.347  122.2  2.179e+01 
  65062  1.293  2  2012  261   4.26  56187.373  122.1  2.844e+01 
  65099  1.667  1  2012  261  22.85  56188.148  121.9  3.527e+01 
  65102  1.293  2  2012  262   0.25  56188.206  121.8  2.886e+01 
  65103  0.646  1  2012  262   0.76  56188.227  121.8  3.078e+01 
  65104  0.646  1  2012  262   1.10  56188.242  121.8  2.705e+01 
  65105  0.646  1  2012  262   1.67  56188.265  121.8  2.383e+01 
  65106  1.293  2  2012  262   2.18  56188.287  121.8  2.384e+01 
  65140  1.167  2  2012  262  19.32  56189.001  121.5  3.883e+01 
  65141  0.583  1  2012  262  19.80  56189.021  121.5  3.494e+01 
  65142  0.583  1  2012  262  20.12  56189.034  121.5  3.462e+01 
  65150  1.293  2  2012  263   0.17  56189.203  121.4  2.079e+01 
  65151  0.646  1  2012  263   0.69  56189.224  121.3  2.142e+01 
  65152  0.646  1  2012  263   1.03  56189.238  121.3  2.718e+01 
  65153  1.293  2  2012  263   1.77  56189.269  121.3  2.867e+01 
  65154  0.646  1  2012  263   2.28  56189.291  121.3  3.124e+01 
  65155  0.646  1  2012  263   2.62  56189.305  121.3  3.709e+01 
  65156  0.646  1  2012  263   3.19  56189.329  121.3  4.053e+01 
  65157  1.293  2  2012  263   3.70  56189.350  121.3  3.521e+01 
  65158  0.646  1  2012  263   4.22  56189.371  121.2  3.485e+01 
  65197  0.646  1  2012  263  23.83  56190.188  120.7  2.925e+01 
  65198  0.646  1  2012  264   0.17  56190.203  120.7  2.800e+01 
  65199  1.293  2  2012  264   0.69  56190.224  120.7  2.490e+01 
  65200  0.646  1  2012  264   1.41  56190.255  120.7  2.835e+01 
  65201  0.646  1  2012  264   1.76  56190.269  120.7  2.684e+01 
  65202  1.293  2  2012  264   2.27  56190.290  120.7  2.609e+01 
  65204  1.293  2  2012  264   3.25  56190.331  120.6  3.157e+01 
  65205  0.646  1  2012  264   3.76  56190.352  120.6  2.495e+01 
  65206  0.354  1  2012  264   4.03  56190.363  120.6  2.349e+01 
  65236  0.372  1  2012  264  19.41  56191.004  120.1  2.640e+01 
  65237  0.744  2  2012  264  19.71  56191.017  120.1  2.730e+01 
  65238  0.372  1  2012  264  20.02  56191.030  120.1  2.977e+01 
  65245  0.522  1  2012  264  23.85  56191.189  119.9  1.835e+01 
  65246  0.522  1  2012  265   0.13  56191.201  119.9  1.692e+01 
  65247  0.944  2  2012  265   0.67  56191.224  119.9  1.388e+01 
  65248  0.862  2  2012  265   1.18  56191.245  119.9  1.978e+01 
  65249  0.944  2  2012  265   1.84  56191.272  119.9  2.139e+01 
  65250  0.944  2  2012  265   2.35  56191.293  119.8  2.565e+01 
  65251  0.472  1  2012  265   2.87  56191.315  119.8  2.025e+01 
  65252  0.944  2  2012  265   3.25  56191.331  119.8  2.499e+01 
  65253  0.472  1  2012  265   3.63  56191.347  119.8  2.576e+01 
  65286  0.355  1  2012  265  20.18  56192.036  119.1  4.734e+01 
  65297  0.619  1  2012  266   1.74  56192.268  118.9  2.395e+01 
  65298  1.241  2  2012  266   2.23  56192.288  118.9  2.089e+01 
  65299  0.697  1  2012  266   2.84  56192.314  118.9  2.137e+01 
  65300  0.697  1  2012  266   3.21  56192.329  118.9  1.763e+01 
  66106  0.482  1  2012  282  22.29  56209.124  125.5  2.793e+01 
  66107  0.964  2  2012  282  22.68  56209.140  125.5  3.389e+01 
  66108  0.482  1  2012  282  23.06  56209.157  125.5  3.047e+01 
  66109  0.964  2  2012  282  23.76  56209.185  125.5  3.655e+01 
  66110  0.964  2  2012  283   0.28  56209.207  125.6  3.792e+01 
  66111  0.378  1  2012  283   0.86  56209.231  125.6  4.485e+01 
  66112  1.133  3  2012  283   1.28  56209.249  125.6  4.502e+01 
  66115  0.347  1  2012  283   2.81  56209.313  125.6  1.013e+02 
  66116  0.347  1  2012  283   3.02  56209.321  125.6  8.726e+01 
  66117  0.482  1  2012  283   3.81  56209.354  125.6  5.076e+01 
  66118  0.964  2  2012  283   4.20  56209.371  125.6  4.610e+01 
  66151  1.667  1  2012  283  20.75  56210.060  125.9  3.014e+01 
  66153  1.667  1  2012  283  21.96  56210.111  125.9  2.917e+01 
  66155  0.482  1  2012  283  22.91  56210.150  125.9  4.177e+01 
  66156  0.964  2  2012  283  23.30  56210.166  125.9  4.139e+01 
  66157  0.482  1  2012  283  23.68  56210.182  125.9  3.515e+01 
  66158  0.756  2  2012  284   0.30  56210.208  125.9  2.869e+01 
  66159  0.756  2  2012  284   0.73  56210.226  125.9  2.949e+01 
  66160  0.482  1  2012  284   1.38  56210.253  125.9  2.346e+01 
  66161  0.964  2  2012  284   1.76  56210.269  125.9  3.045e+01 
  66162  0.482  1  2012  284   2.15  56210.285  125.9  2.764e+01 
  66208  0.964  2  2012  285   1.17  56211.244  125.9  3.062e+01 
  66209  0.964  2  2012  285   1.69  56211.266  125.9  3.148e+01 
  66249  0.333  1  2012  285  21.66  56212.098  125.8  5.330e+01 
  66250  0.333  1  2012  285  22.30  56212.125  125.8  4.054e+01 
  66294  0.667  1  2012  286  20.32  56213.042  125.5  3.572e+01 
  66295  0.667  1  2012  286  20.68  56213.057  125.5  3.667e+01 
  66304  0.667  1  2012  287   1.14  56213.243  125.4  2.603e+01 
  66305  0.667  1  2012  287   1.50  56213.258  125.4  2.862e+01 
  66352  0.667  1  2012  288   1.21  56214.246  125.0  3.293e+01 
  66353  0.667  1  2012  288   1.57  56214.261  125.0  3.654e+01 
  66389  0.964  2  2012  288  19.81  56215.021  124.6  5.124e+01 
  66390  0.964  2  2012  288  20.33  56215.043  124.6  5.150e+01 
  66397  0.734  1  2012  288  23.58  56215.178  124.5  2.972e+01 
  66398  0.734  1  2012  289   0.00  56215.196  124.5  2.155e+01 
  66437  0.667  1  2012  289  19.68  56216.016  124.1  2.773e+01 
  66438  0.667  1  2012  289  20.04  56216.031  124.1  2.281e+01 
  66442  1.333  2  2012  289  22.27  56216.123  124.1  2.777e+01 
  66444  0.667  1  2012  289  23.28  56216.166  124.1  2.629e+01 
  66445  0.667  1  2012  289  23.64  56216.181  124.0  2.848e+01 
  66446  0.964  2  2012  290   0.21  56216.204  124.0  3.836e+01 
  66447  0.964  2  2012  290   0.72  56216.226  124.0  3.364e+01 
  66448  0.486  1  2012  290   1.46  56216.257  124.0  4.533e+01 
  66449  0.486  1  2012  290   1.72  56216.267  124.0  3.131e+01 
  66450  0.964  2  2012  290   2.24  56216.289  124.0  3.108e+01 
  66451  0.964  2  2012  290   2.75  56216.310  124.0  3.022e+01 
  66452  0.482  1  2012  290   3.45  56216.339  124.0  3.794e+01 
  66453  0.964  2  2012  290   3.84  56216.356  124.0  3.213e+01 
  66454  0.482  1  2012  290   4.23  56216.372  124.0  3.125e+01 
  66490  0.964  2  2012  290  22.21  56217.121  123.7  2.974e+01 
  66491  0.964  2  2012  290  22.73  56217.143  123.7  3.309e+01 
  66492  0.667  1  2012  290  23.48  56217.174  123.7  3.453e+01 
  66493  0.667  1  2012  290  23.84  56217.189  123.7  3.636e+01 
  66494  0.482  1  2012  291   0.42  56217.213  123.7  3.752e+01 
  66495  0.964  2  2012  291   0.81  56217.229  123.7  4.331e+01 
  66496  0.482  1  2012  291   1.20  56217.245  123.7  4.781e+01 
  66497  0.964  2  2012  291   1.85  56217.273  123.7  4.030e+01 
  66498  0.964  2  2012  291   2.37  56217.294  123.7  4.378e+01 
  66540  1.333  2  2012  291  23.25  56218.164  123.4  2.589e+01 
  66542  1.333  2  2012  292   0.22  56218.205  123.4  2.597e+01 
  66544  0.964  2  2012  292   1.15  56218.243  123.4  2.821e+01 
  66545  0.964  2  2012  292   1.67  56218.265  123.4  2.497e+01 
  66546  0.482  1  2012  292   2.43  56218.297  123.4  2.256e+01 
  66547  0.964  2  2012  292   2.82  56218.313  123.4  2.858e+01 
  66548  0.482  1  2012  292   3.21  56218.329  123.4  2.773e+01 
  66549  0.486  1  2012  292   3.77  56218.353  123.4  2.373e+01 
  66550  0.486  1  2012  292   4.03  56218.363  123.4  2.426e+01 
  66583  0.482  1  2012  292  20.81  56219.063  123.2  2.462e+01 
  66584  0.964  2  2012  292  21.20  56219.079  123.2  3.250e+01 
  66585  0.482  1  2012  292  21.59  56219.095  123.2  3.313e+01 
  66587  0.971  2  2012  292  22.85  56219.148  123.2  3.459e+01 
  66588  0.482  1  2012  292  23.50  56219.175  123.1  2.670e+01 
  66589  0.482  1  2012  292  23.75  56219.185  123.1  2.086e+01 
  66590  0.964  2  2012  293   0.14  56219.201  123.1  2.555e+01 
  66591  0.964  2  2012  293   0.80  56219.229  123.1  2.533e+01 
  66592  0.964  2  2012  293   1.31  56219.250  123.1  3.238e+01 
  66629  0.806  2  2012  293  19.71  56220.017  122.9  3.828e+01 
  66630  0.806  2  2012  293  20.31  56220.042  122.9  3.955e+01 
  66631  0.403  1  2012  293  20.80  56220.062  122.9  3.396e+01 
  66632  0.806  2  2012  293  21.22  56220.080  122.9  3.934e+01 
  66633  0.403  1  2012  293  21.64  56220.097  122.9  3.794e+01 
  66634  0.806  2  2012  293  22.15  56220.118  122.9  3.486e+01 
  66635  0.754  2  2012  293  22.81  56220.146  122.9  3.332e+01 
  66636  0.403  1  2012  293  23.21  56220.163  122.9  3.204e+01 
  66637  0.403  1  2012  293  23.75  56220.185  122.9  4.776e+01 
  66638  0.493  1  2012  294   0.23  56220.205  122.9  3.300e+01 
  66639  0.987  2  2012  294   0.65  56220.223  122.9  3.170e+01 
  66640  0.987  2  2012  294   1.26  56220.248  122.9  3.251e+01 
  66641  0.493  1  2012  294   1.74  56220.268  122.9  2.493e+01 
  66642  0.987  2  2012  294   2.16  56220.286  122.9  2.946e+01 
  66643  0.493  1  2012  294   2.86  56220.315  122.8  2.349e+01 
  66644  0.987  2  2012  294   3.28  56220.332  122.8  2.203e+01 
  66645  0.493  1  2012  294   3.70  56220.350  122.8  2.145e+01 
  66677  0.493  1  2012  294  19.91  56221.025  122.7  3.764e+01 
  66678  0.493  1  2012  294  20.19  56221.037  122.7  3.367e+01 
  66679  0.493  1  2012  294  20.73  56221.059  122.7  3.726e+01 
  66680  0.987  2  2012  294  21.19  56221.078  122.7  2.720e+01 
  66681  0.493  1  2012  294  21.65  56221.098  122.7  2.350e+01 
  66682  0.987  2  2012  294  22.30  56221.125  122.7  2.828e+01 
  66683  0.987  2  2012  294  22.86  56221.148  122.7  2.272e+01 
  66684  0.493  1  2012  294  23.36  56221.169  122.7  2.052e+01 
  66685  0.987  2  2012  294  23.79  56221.187  122.7  2.477e+01 
  66686  0.493  1  2012  295   0.21  56221.204  122.7  2.089e+01 
  66687  0.987  2  2012  295   0.86  56221.231  122.7  2.580e+01 
  66688  0.493  1  2012  295   1.28  56221.249  122.7  1.867e+01 
  66689  0.987  2  2012  295   1.75  56221.268  122.7  2.851e+01 
  66690  0.493  1  2012  295   2.21  56221.288  122.7  2.479e+01 
  66691  0.493  1  2012  295   2.75  56221.310  122.7  1.803e+01 
  66692  0.987  2  2012  295   3.25  56221.331  122.7  2.946e+01 
  66725  0.724  2  2012  295  19.87  56222.023  122.5  3.689e+01 
  66726  0.362  1  2012  295  20.30  56222.042  122.5  4.117e+01 
  66727  0.724  2  2012  295  20.69  56222.058  122.5  3.199e+01 
  66728  0.362  1  2012  295  21.09  56222.074  122.5  2.607e+01 
  66729  0.724  2  2012  295  21.65  56222.098  122.5  2.779e+01 
  66730  0.724  2  2012  295  22.22  56222.121  122.4  3.301e+01 
  66732  0.362  1  2012  295  23.35  56222.169  122.4  1.646e+01 
  66733  0.724  2  2012  295  23.73  56222.185  122.4  1.914e+01 
  66734  0.362  1  2012  296   0.12  56222.200  122.4  2.875e+01 
  66735  0.724  2  2012  296   0.62  56222.221  122.4  1.959e+01 
  66736  0.724  2  2012  296   1.24  56222.247  122.4  2.347e+01 
  66737  0.724  2  2012  296   1.80  56222.270  122.4  2.201e+01 
  66738  0.724  2  2012  296   2.35  56222.293  122.4  2.879e+01 
  66739  0.362  1  2012  296   2.84  56222.314  122.4  3.217e+01 
  66740  0.724  2  2012  296   3.24  56222.331  122.4  2.936e+01 
  66741  0.724  2  2012  296   3.74  56222.352  122.4  3.245e+01 
  66742  0.362  1  2012  296   4.07  56222.365  122.4  3.006e+01 
  67253  0.500  1  2012  306  19.78  56233.020  119.5  2.890e+01 
  67254  0.500  1  2012  306  20.04  56233.031  119.5  2.186e+01 
  67501  0.486  1  2012  311  23.90  56238.192  117.6  1.908e+01 
  67502  0.486  1  2012  312   0.17  56238.202  117.6  2.552e+01 
  67503  0.486  1  2012  312   0.92  56238.234  117.6  2.508e+01 
  67504  0.486  1  2012  312   1.18  56238.245  117.6  2.991e+01 
  67505  0.482  1  2012  312   1.93  56238.276  117.6  2.707e+01 
  67506  0.964  2  2012  312   2.31  56238.292  117.6  2.106e+01 
  67507  0.482  1  2012  312   2.70  56238.308  117.6  2.307e+01 
  67549  0.964  2  2012  312  23.67  56239.182  117.8  1.973e+01 
  67550  0.964  2  2012  313   0.19  56239.203  117.8  1.897e+01 
  67551  0.486  1  2012  313   0.79  56239.228  117.8  2.106e+01 
  67552  0.486  1  2012  313   1.05  56239.239  117.8  2.313e+01 
  67637  0.482  1  2012  314  19.89  56241.024  117.8  3.053e+01 
  67638  0.964  2  2012  314  20.27  56241.040  117.8  2.621e+01 
  67639  0.482  1  2012  314  20.66  56241.056  117.8  2.660e+01 
  67640  0.482  1  2012  314  21.34  56241.085  117.8  1.525e+01 
  67641  0.964  2  2012  314  21.73  56241.101  117.8  2.181e+01 
  67644  0.486  1  2012  314  23.24  56241.164  117.9  1.497e+01 
  67645  0.486  1  2012  314  23.50  56241.175  117.9  1.317e+01 
  67739  1.659  1  2012  316  22.52  56243.134  118.0  2.264e+01 
  67746  1.107  3  2012  317   2.26  56243.290  118.1  2.569e+01 
  67747  0.369  1  2012  317   2.68  56243.307  118.1  2.939e+01 
  67782  1.333  2  2012  317  20.28  56244.041  118.5  1.846e+01 
  67788  0.693  2  2012  317  23.32  56244.167  118.5  3.387e+01 
  67789  0.347  1  2012  317  23.64  56244.180  118.5  4.786e+01 
  67829  0.667  1  2012  318  19.96  56245.027  118.9  1.786e+01 
  67830  0.667  1  2012  318  20.32  56245.042  118.9  2.012e+01 
  67835  0.667  1  2012  318  22.75  56245.143  119.0  1.959e+01 
  67836  0.667  1  2012  318  23.11  56245.158  119.0  2.388e+01 
  67877  0.811  1  2012  319  19.90  56246.025  119.4  1.957e+01 
  67878  0.811  1  2012  319  20.34  56246.043  119.4  2.074e+01 
  67880  0.811  1  2012  319  21.06  56246.073  119.4  1.273e+01 
  67881  0.811  1  2012  319  21.50  56246.091  119.4  1.624e+01 
  67882  0.811  1  2012  319  22.21  56246.121  119.4  2.106e+01 
  67883  0.811  1  2012  319  22.65  56246.139  119.4  1.781e+01 
  67888  1.333  2  2012  320   1.26  56246.248  119.5  1.766e+01 
  67939  0.716  2  2012  321   2.89  56247.316  120.1  1.619e+01 
  67940  0.716  2  2012  321   3.30  56247.333  120.1  2.247e+01 
  67987  0.358  1  2012  322   2.81  56248.313  120.6  1.017e+01 
  67988  1.073  3  2012  322   3.22  56248.330  120.7  1.444e+01 
  68023  0.347  1  2012  322  20.95  56249.068  121.0  2.945e+01 
  68024  0.347  1  2012  322  21.16  56249.077  121.0  4.083e+01 
  68026  0.971  2  2012  322  22.22  56249.121  121.0  2.614e+01 
  68073  0.486  1  2012  323  21.94  56250.110  121.1  2.373e+01 
  68074  0.486  1  2012  323  22.20  56250.121  121.1  2.219e+01 
  68080  0.964  2  2012  324   1.30  56250.250  121.1  2.344e+01 
  68081  0.964  2  2012  324   1.82  56250.271  121.1  1.718e+01 
  68082  0.482  1  2012  324   2.43  56250.297  121.1  2.028e+01 
  68083  0.964  2  2012  324   2.82  56250.313  121.1  1.623e+01 
  68084  0.482  1  2012  324   3.20  56250.329  121.1  1.288e+01 
  68982  0.648  1  2012  342  20.28  56269.041  106.4  1.335e+01 
  68983  0.648  1  2012  342  20.80  56269.062  106.4  1.720e+01 
  68984  0.648  1  2012  342  21.14  56269.077  106.4  1.358e+01 
  68988  0.648  1  2012  342  23.27  56269.165  106.3  1.495e+01 
  68989  0.648  1  2012  342  23.62  56269.180  106.3  1.719e+01 
  68991  0.648  1  2012  343   0.84  56269.231  106.3  1.434e+01 
  68992  0.648  1  2012  343   1.19  56269.245  106.3  1.572e+01 
  68993  1.297  2  2012  343   1.78  56269.270  106.3  1.290e+01 
  68994  0.648  1  2012  343   2.40  56269.296  106.3  1.740e+01 
  68995  0.648  1  2012  343   2.74  56269.310  106.3  1.085e+01 
  69030  1.297  2  2012  343  20.28  56270.041  106.2  2.202e+01 
  69033  0.648  1  2012  343  21.74  56270.101  106.2  1.708e+01 
  69034  1.297  2  2012  343  22.25  56270.123  106.2  1.760e+01 
  69035  0.648  1  2012  343  22.76  56270.144  106.2  1.581e+01 
  69036  0.648  1  2012  343  23.23  56270.163  106.2  1.337e+01 
  69037  1.297  2  2012  343  23.77  56270.186  106.1  1.278e+01 
  69038  0.648  1  2012  344   0.32  56270.209  106.1  1.656e+01 
  69039  0.648  1  2012  344   0.81  56270.229  106.1  9.927e+00 
  69040  0.648  1  2012  344   1.15  56270.244  106.1  1.373e+01 
  69042  0.648  1  2012  344   2.36  56270.294  106.1  1.433e+01 
  69043  0.648  1  2012  344   2.71  56270.308  106.1  1.402e+01 
  69044  0.648  1  2012  344   3.20  56270.329  106.1  1.415e+01 
  69045  0.648  1  2012  344   3.54  56270.343  106.1  1.251e+01 
  69078  0.648  1  2012  344  20.06  56271.031  105.9  1.141e+01 
  69080  0.648  1  2012  344  21.27  56271.082  105.9  1.738e+01 
  69081  0.648  1  2012  344  21.62  56271.096  105.9  1.227e+01 
  69082  1.297  2  2012  344  22.29  56271.124  105.9  1.791e+01 
  69083  0.648  1  2012  344  22.81  56271.146  105.9  1.591e+01 
  69084  0.648  1  2012  344  23.15  56271.160  105.9  1.672e+01 
  69085  1.297  2  2012  344  23.76  56271.186  105.9  1.702e+01 
  69086  0.648  1  2012  345   0.34  56271.210  105.9  1.696e+01 
  69087  0.648  1  2012  345   0.68  56271.224  105.9  1.606e+01 
  69088  1.297  2  2012  345   1.30  56271.250  105.9  1.750e+01 
  69089  0.648  1  2012  345   1.87  56271.274  105.9  1.432e+01 
  69090  0.648  1  2012  345   2.22  56271.288  105.8  1.608e+01 
  69091  0.648  1  2012  345   2.69  56271.308  105.8  2.425e+01 
  69092  0.648  1  2012  345   3.03  56271.322  105.8  2.153e+01 
  69126  0.648  1  2012  345  20.20  56272.037  105.6  1.949e+01 
  69128  0.648  1  2012  345  21.37  56272.086  105.6  1.765e+01 
  69129  0.648  1  2012  345  21.72  56272.100  105.6  2.278e+01 
  69130  0.648  1  2012  345  22.16  56272.119  105.6  1.428e+01 
  69131  1.297  2  2012  345  22.70  56272.141  105.6  1.733e+01 
  69132  0.648  1  2012  345  23.24  56272.164  105.6  1.798e+01 
  69133  0.648  1  2012  345  23.68  56272.182  105.6  1.791e+01 
  69134  1.297  2  2012  346   0.22  56272.205  105.6  1.126e+01 
  69135  0.648  1  2012  346   0.77  56272.227  105.6  1.813e+01 
  69139  0.648  1  2012  346   2.86  56272.315  105.6  1.210e+01 
  69140  0.648  1  2012  346   3.20  56272.329  105.6  1.051e+01 
  69141  0.648  1  2012  346   3.65  56272.348  105.6  1.887e+01 
  69175  0.482  1  2012  346  20.82  56273.063  105.5  1.654e+01 
  69176  0.964  2  2012  346  21.21  56273.079  105.5  2.020e+01 
  69177  0.482  1  2012  346  21.60  56273.095  105.5  1.545e+01 
  69185  0.964  2  2012  347   1.70  56273.266  105.5  1.637e+01 
  69186  0.964  2  2012  347   2.21  56273.288  105.5  1.640e+01 
  69223  0.667  2  2012  347  20.63  56274.055  105.4  1.674e+01 
  69231  0.467  1  2012  348   0.59  56274.220  105.4  2.034e+01 
  69232  0.933  2  2012  348   1.17  56274.244  105.4  1.765e+01 
  69233  0.467  1  2012  348   1.56  56274.261  105.4  2.222e+01 
  69270  1.000  3  2012  348  20.26  56275.040  105.3  2.894e+01 
  69273  0.980  2  2012  348  21.77  56275.103  105.3  2.124e+01 
  69274  0.980  2  2012  348  22.30  56275.125  105.3  1.973e+01 
  69326  0.734  1  2012  350   0.19  56276.204  105.2  1.321e+01 
  69327  0.734  1  2012  350   0.62  56276.221  105.2  2.035e+01 
  69419  0.667  1  2012  351  22.65  56278.139  105.6  1.318e+01 
  69420  0.667  1  2012  351  23.01  56278.155  105.6  1.352e+01 
  69421  0.667  1  2012  351  23.68  56278.182  105.6  8.902e+00 
  69422  0.667  1  2012  352   0.04  56278.197  105.6  1.007e+01 
  69426  0.491  1  2012  352   2.47  56278.299  105.7  1.410e+01 
  69427  0.491  1  2012  352   2.75  56278.310  105.7  2.148e+01 
  69428  0.491  1  2012  352   3.03  56278.322  105.7  1.706e+01 
  69464  0.980  2  2012  352  21.15  56279.077  106.0  1.379e+01 
  69466  0.980  2  2012  352  22.20  56279.120  106.0  1.228e+01 
  69467  0.980  2  2012  352  22.73  56279.142  106.0  1.544e+01 
  69469  0.467  1  2012  352  23.96  56279.194  106.1  1.589e+01 
  69470  0.933  2  2012  353   0.35  56279.210  106.1  1.873e+01 
  69471  0.467  1  2012  353   0.73  56279.226  106.1  1.381e+01 
  69522  0.971  2  2012  354   2.30  56280.291  106.8  1.856e+01 
  69567  0.486  1  2012  355   0.97  56281.236  107.5  1.560e+01 
  69568  0.486  1  2012  355   1.23  56281.247  107.5  1.581e+01 
  69569  0.964  2  2012  355   1.87  56281.273  107.6  1.730e+01 
  69570  0.482  1  2012  355   2.25  56281.290  107.6  1.895e+01 
  69615  0.527  1  2012  356   0.76  56282.227  108.4  5.026e+01 
  69617  0.971  2  2012  356   1.74  56282.268  108.5  1.227e+01 
  69618  0.482  1  2012  356   2.44  56282.297  108.5  2.073e+01 
  69619  0.964  2  2012  356   2.83  56282.313  108.5  1.169e+01 
  69620  0.482  1  2012  356   3.22  56282.330  108.5  6.218e+00 
  69665  0.482  1  2012  357   1.83  56283.272  109.8  1.673e+01 
  69666  0.964  2  2012  357   2.21  56283.288  109.8  1.663e+01 
  69667  0.482  1  2012  357   2.60  56283.304  109.8  1.182e+01 
  70135  0.924  2  2012  366  20.68  56293.057  125.8  1.517e+01 
  70136  0.462  1  2012  366  21.07  56293.073  125.8  1.585e+01 
  70184  0.924  2  2013    1  21.29  56294.083  127.1  1.849e+01 
  70185  0.462  1  2013    1  21.68  56294.099  127.1  1.588e+01 
  70231  2.160  1  2013    2  20.92  56295.067  128.0  1.337e+01 
  70234  0.467  1  2013    2  22.17  56295.119  128.0  1.805e+01 
  70615  0.758  2  2013   10  20.83  56303.063  128.2  1.481e+01 
  70616  0.758  2  2013   10  21.24  56303.081  128.2  1.035e+01 
  70619  0.758  2  2013   10  22.64  56303.139  128.2  1.454e+01 
  70663  1.137  3  2013   11  20.77  56304.061  128.1  1.060e+01 
  70664  0.379  1  2013   11  21.18  56304.078  128.1  1.457e+01 
  70666  0.379  1  2013   11  22.45  56304.131  128.1  9.195e+00 
  70667  0.758  2  2013   11  22.76  56304.144  128.1  1.109e+01 
  70668  0.379  1  2013   11  23.07  56304.157  128.1  9.024e+00 
  70669  0.379  1  2013   11  23.94  56304.193  128.1  1.143e+01 
  70670  0.379  1  2013   12   0.14  56304.202  128.1  1.027e+01 
  70710  0.379  1  2013   12  20.50  56305.050  127.9  1.354e+01 
  70711  0.758  2  2013   12  20.81  56305.063  127.9  9.871e+00 
  70712  0.379  1  2013   12  21.12  56305.075  127.9  1.702e+01 
  70714  0.379  1  2013   12  22.35  56305.127  127.9  1.219e+01 
  70715  1.137  3  2013   12  22.77  56305.144  127.9  1.307e+01 
  70716  0.379  1  2013   12  23.34  56305.168  127.9  1.215e+01 
  70717  1.137  3  2013   12  23.75  56305.185  127.9  1.671e+01 
  70723  0.491  1  2013   13   2.82  56305.313  127.9  1.810e+01 
  70724  0.983  2  2013   13   3.24  56305.331  127.9  1.802e+01 
  70759  1.137  3  2013   13  20.76  56306.061  127.6  1.241e+01 
  70760  0.379  1  2013   13  21.16  56306.077  127.6  7.274e+00 
  70762  0.379  1  2013   13  22.39  56306.129  127.6  8.860e+00 
  70763  1.137  3  2013   13  22.79  56306.145  127.6  6.620e+00 
  70764  0.379  1  2013   13  23.38  56306.170  127.6  6.008e+00 
  70765  0.758  2  2013   13  23.68  56306.182  127.5  6.922e+00 
  70769  0.491  1  2013   14   1.78  56306.270  127.5  1.712e+01 
  70770  0.491  1  2013   14   2.06  56306.282  127.5  2.182e+01 
  70771  0.491  1  2013   14   2.63  56306.305  127.5  1.665e+01 
  70772  0.482  1  2013   14   3.30  56306.333  127.5  1.348e+01 
  70773  0.964  2  2013   14   3.69  56306.349  127.5  1.601e+01 
  70774  0.482  1  2013   14   4.08  56306.366  127.4  1.900e+01 
  70817  1.000  2  2013   15   1.80  56307.271  126.9  1.537e+01 
  70818  1.000  2  2013   15   2.36  56307.294  126.9  1.169e+01 
  70819  0.500  1  2013   15   2.91  56307.317  126.8  1.893e+01 
  70820  1.000  2  2013   15   3.32  56307.334  126.8  1.579e+01 
  70821  0.500  1  2013   15   3.74  56307.351  126.8  1.224e+01 
  70855  0.667  1  2013   15  20.96  56308.069  126.3  1.100e+01 
  70856  0.667  1  2013   15  21.32  56308.084  126.3  1.243e+01 
  71252  1.323  1  2013   24   3.46  56316.340  113.9  1.833e+01 
  71254  1.323  1  2013   24   4.17  56316.369  113.8  1.032e+01 
  71302  1.323  1  2013   25   4.25  56317.372  111.3  1.354e+01 
  71574  0.462  1  2013   30  20.50  56323.050  101.9  1.213e+01 
  71575  0.462  1  2013   30  20.76  56323.060  101.8  1.137e+01 
  71673  0.462  1  2013   32  21.93  56325.109  100.7  9.378e+00 
  71674  0.462  1  2013   32  22.19  56325.120  100.6  1.548e+01 
  71776  1.653  1  2013   35   1.06  56327.240  100.4  1.813e+01 
  71821  0.700  1  2013   35  23.57  56328.177  100.3  3.630e+01 
  71822  0.700  1  2013   36   0.00  56328.196  100.3  3.281e+01 
  71823  0.747  1  2013   36   0.77  56328.228  100.3  1.939e+01 
  71824  0.747  1  2013   36   1.20  56328.246  100.3  2.829e+01 
  71966  1.333  2  2013   39   0.28  56331.207  101.0  2.150e+01 
  72201  0.667  2  2013   43  21.73  56336.101  101.6  2.250e+01 
  72202  0.667  2  2013   43  22.29  56336.124  101.6  1.759e+01 
  72203  0.667  2  2013   43  22.67  56336.140  101.6  2.357e+01 
  72207  0.983  2  2013   44   0.82  56336.230  101.6  2.073e+01 
  72208  0.491  1  2013   44   1.24  56336.247  101.6  2.606e+01 
  72209  0.491  1  2013   44   1.87  56336.274  101.6  2.240e+01 
  72210  0.983  2  2013   44   2.29  56336.291  101.6  2.284e+01 
  72211  0.850  1  2013   44   2.97  56336.319  101.6  1.643e+01 
  72246  1.058  2  2013   44  20.24  56337.039  101.7  1.862e+01 
  72247  1.058  2  2013   44  20.83  56337.064  101.7  1.718e+01 
  72248  0.529  1  2013   44  21.42  56337.088  101.7  2.277e+01 
  72249  0.529  1  2013   44  21.72  56337.101  101.7  1.852e+01 
  72250  1.058  2  2013   44  22.16  56337.119  101.7  2.161e+01 
  72251  0.640  1  2013   44  22.78  56337.145  101.7  1.437e+01 
  72252  1.280  2  2013   44  23.31  56337.167  101.7  2.550e+01 
  72253  0.640  1  2013   44  23.84  56337.189  101.7  2.155e+01 
  72255  0.640  1  2013   45   0.93  56337.234  101.7  1.717e+01 
  72256  0.640  1  2013   45   1.28  56337.249  101.7  1.509e+01 
  72257  1.280  2  2013   45   1.81  56337.271  101.7  1.660e+01 
  72258  0.529  1  2013   45   2.45  56337.298  101.7  1.395e+01 
  72259  0.529  1  2013   45   2.75  56337.310  101.7  1.654e+01 
  72260  1.058  2  2013   45   3.19  56337.329  101.7  1.970e+01 
  72261  0.681  1  2013   45   3.83  56337.355  101.7  1.873e+01 
  72262  0.681  1  2013   45   4.21  56337.371  101.7  2.323e+01 
  72296  0.529  1  2013   45  21.31  56338.084  101.7  5.192e+01 
  72297  1.058  2  2013   45  21.76  56338.102  101.7  2.966e+01 
  72298  0.529  1  2013   45  22.20  56338.121  101.7  2.608e+01 
  72304  1.058  2  2013   46   1.15  56338.244  101.8  1.815e+01 
  72305  1.058  2  2013   46   1.75  56338.268  101.8  2.134e+01 
  72306  0.529  1  2013   46   2.32  56338.292  101.8  1.369e+01 
  72307  0.529  1  2013   46   2.62  56338.305  101.8  1.516e+01 
  72343  0.924  2  2013   46  20.73  56339.059  101.8  1.822e+01 
  72344  0.924  2  2013   46  21.25  56339.081  101.8  2.186e+01 
  72348  0.983  2  2013   46  23.28  56339.166  101.8  1.661e+01 
  72349  0.491  1  2013   46  23.70  56339.183  101.8  1.854e+01 
  72354  0.764  2  2013   47   2.33  56339.293  101.9  2.681e+01 
  72355  0.764  2  2013   47   2.79  56339.312  101.9  2.142e+01 
  72356  0.764  2  2013   47   3.37  56339.336  101.9  1.800e+01 
  72357  0.764  2  2013   47   3.83  56339.355  101.9  2.216e+01 
  72358  0.382  1  2013   47   4.29  56339.374  101.9  1.714e+01 
  72359  0.382  1  2013   47   4.52  56339.384  101.9  2.529e+01 
  72394  1.333  2  2013   47  22.21  56340.121  101.9  1.363e+01 
  72395  0.667  1  2013   47  22.75  56340.143  101.9  1.437e+01 
  72396  0.667  1  2013   47  23.11  56340.158  101.9  9.568e+00 
  73061  0.747  1  2013   61  19.99  56354.028  109.6  3.723e+01 
  73062  0.747  1  2013   61  20.42  56354.046  109.6  2.654e+01 
  73064  0.700  1  2013   61  21.09  56354.074  109.6  3.507e+01 
  73111  0.486  1  2013   62  20.90  56355.066  110.4  1.358e+01 
  73112  0.486  1  2013   62  21.16  56355.077  110.5  2.358e+01 
  73164  0.368  1  2013   63  23.41  56356.171  111.2  3.931e+01 
  73166  1.333  2  2013   64   0.25  56356.206  111.2  1.775e+01 
  73167  0.667  1  2013   64   0.80  56356.229  111.2  2.062e+01 
  73168  0.667  1  2013   64   1.16  56356.244  111.2  2.701e+01 
  73169  0.482  1  2013   64   1.74  56356.268  111.2  1.515e+01 
  73170  0.964  2  2013   64   2.13  56356.284  111.2  1.725e+01 
  73171  0.482  1  2013   64   2.52  56356.301  111.2  1.908e+01 
  73215  0.964  2  2013   65   0.74  56357.226  111.3  3.135e+01 
  73216  0.964  2  2013   65   1.25  56357.248  111.3  3.211e+01 
  73217  0.482  1  2013   65   1.93  56357.276  111.3  8.114e+00 
  73218  0.964  2  2013   65   2.31  56357.292  111.3  1.358e+01 
  73219  0.482  1  2013   65   2.70  56357.308  111.3  2.197e+01 
  73220  0.482  1  2013   65   3.25  56357.331  111.3  2.882e+01 
  73221  0.964  2  2013   65   3.63  56357.347  111.3  2.640e+01 
  73222  0.482  1  2013   65   4.02  56357.363  111.3  2.575e+01 
  73260  0.333  1  2013   65  23.31  56358.167  111.3  5.264e+01 
  73261  1.000  3  2013   65  23.70  56358.183  111.3  3.670e+01 
  73265  0.667  2  2013   66   1.72  56358.267  111.3  3.988e+01 
  73266  0.667  2  2013   66   2.15  56358.285  111.3  3.529e+01 
  73268  0.667  2  2013   66   3.24  56358.330  111.3  2.273e+01 
  73269  0.667  2  2013   66   3.66  56358.348  111.3  2.468e+01 
  73358  0.500  1  2013   68   0.42  56360.213  111.3  1.840e+01 
  73359  0.500  1  2013   68   0.70  56360.225  111.4  1.709e+01 
  73360  1.000  2  2013   68   1.25  56360.248  111.4  1.805e+01 
  73361  0.500  1  2013   68   1.81  56360.271  111.4  1.469e+01 
  73362  0.500  1  2013   68   2.09  56360.283  111.4  1.518e+01 
  73363  1.000  2  2013   68   2.79  56360.312  111.4  1.763e+01 
  73453  0.983  2  2013   69  23.80  56362.187  111.6  3.352e+01 
  73454  0.491  1  2013   70   0.22  56362.205  111.6  3.149e+01 
  73459  0.667  2  2013   70   2.74  56362.310  111.6  3.014e+01 
  73460  0.667  2  2013   70   3.13  56362.326  111.6  2.409e+01 
  73461  0.667  2  2013   70   3.81  56362.354  111.6  2.246e+01 
  73462  0.667  2  2013   70   4.20  56362.370  111.6  1.817e+01 
  73494  0.747  1  2013   70  20.21  56363.037  111.6  3.223e+01 
  73495  0.747  1  2013   70  20.64  56363.056  111.6  3.719e+01 
  73547  0.491  1  2013   71  22.95  56364.152  111.4  2.557e+01 
  73548  0.491  1  2013   71  23.23  56364.164  111.4  3.063e+01 
  73549  0.491  1  2013   71  23.51  56364.175  111.4  2.716e+01 
  73550  0.983  2  2013   72   0.18  56364.203  111.4  2.934e+01 
  73551  0.491  1  2013   72   0.60  56364.221  111.4  3.011e+01 
  73637  0.876  2  2013   73  19.71  56366.017  110.7  2.380e+01 
  73638  1.020  1  2013   73  20.37  56366.044  110.7  2.254e+01 
  73639  0.930  1  2013   73  20.87  56366.065  110.7  2.595e+01 
  73641  1.020  1  2013   73  21.52  56366.092  110.7  2.331e+01 
  73642  1.020  1  2013   73  22.05  56366.114  110.6  2.093e+01 
  73645  1.124  2  2013   73  23.65  56366.181  110.6  2.400e+01 
  73684  0.438  1  2013   74  19.40  56367.004  110.3  3.038e+01 
  73685  0.438  1  2013   74  19.66  56367.015  110.3  2.312e+01 
  73686  1.020  1  2013   74  20.20  56367.037  110.3  2.540e+01 
  73687  1.020  1  2013   74  20.73  56367.059  110.3  3.009e+01 
  73689  0.980  1  2013   74  21.65  56367.098  110.3  2.950e+01 
  73690  0.980  1  2013   74  22.16  56367.119  110.3  2.325e+01 
  73691  0.980  1  2013   74  22.78  56367.145  110.3  2.544e+01 
  73692  0.980  1  2013   74  23.29  56367.166  110.3  2.427e+01 
  73733  0.652  1  2013   75  19.71  56368.017  110.2  1.852e+01 
  73734  1.303  2  2013   75  20.24  56368.039  110.1  1.644e+01 
  73735  0.652  1  2013   75  20.78  56368.061  110.1  1.819e+01 
  73736  0.652  1  2013   75  21.24  56368.081  110.1  1.748e+01 
  73737  1.303  2  2013   75  21.77  56368.103  110.1  2.076e+01 
  73738  0.652  1  2013   75  22.30  56368.125  110.1  2.383e+01 
  73739  0.652  1  2013   75  22.89  56368.149  110.1  1.455e+01 
  73740  0.652  1  2013   75  23.24  56368.164  110.1  1.452e+01 
  73741  1.303  2  2013   75  23.78  56368.187  110.1  1.647e+01 
  73743  1.303  2  2013   76   0.68  56368.224  110.1  1.713e+01 
  73744  0.652  1  2013   76   1.23  56368.247  110.1  1.357e+01 
  73745  0.652  1  2013   76   1.57  56368.261  110.1  1.259e+01 
  73746  0.652  1  2013   76   2.24  56368.289  110.1  1.514e+01 
  73747  1.303  2  2013   76   2.77  56368.311  110.1  1.411e+01 
  73748  0.652  1  2013   76   3.31  56368.333  110.1  1.268e+01 
  73749  0.652  1  2013   76   3.77  56368.353  110.1  1.861e+01 
  73750  1.303  2  2013   76   4.30  56368.375  110.1  1.864e+01 
  73751  0.652  1  2013   76   4.83  56368.397  110.1  1.764e+01 
  73781  1.303  2  2013   76  19.74  56369.018  110.1  2.135e+01 
  73782  0.652  1  2013   76  20.29  56369.041  110.1  2.287e+01 
  73783  0.652  1  2013   76  20.63  56369.055  110.1  2.731e+01 
  73784  1.303  2  2013   76  21.27  56369.082  110.1  1.951e+01 
  73785  0.652  1  2013   76  21.81  56369.104  110.1  2.492e+01 
  73786  0.652  1  2013   76  22.16  56369.119  110.1  2.870e+01 
  73787  0.652  1  2013   76  22.79  56369.145  110.1  3.002e+01 
  73788  0.652  1  2013   76  23.13  56369.159  110.1  2.947e+01 
  73789  1.303  2  2013   76  23.68  56369.182  110.1  2.843e+01 
  73790  0.652  1  2013   77   0.33  56369.209  110.1  2.419e+01 
  73791  0.652  1  2013   77   0.67  56369.224  110.1  2.235e+01 
  73792  1.303  2  2013   77   1.22  56369.246  110.1  1.534e+01 
  73794  1.303  2  2013   77   2.19  56369.287  110.1  2.202e+01 
  73795  0.652  1  2013   77   2.74  56369.310  110.1  1.824e+01 
  73796  0.652  1  2013   77   3.08  56369.324  110.1  9.020e+00 
  73797  1.303  2  2013   77   3.70  56369.350  110.1  1.531e+01 
  73798  0.652  1  2013   77   4.25  56369.373  110.1  1.560e+01 
  73799  0.652  1  2013   77   4.60  56369.387  110.1  1.479e+01 
  73828  0.500  1  2013   77  19.46  56370.007  110.1  2.667e+01 
  73829  0.500  1  2013   77  19.74  56370.018  110.1  2.527e+01 
  73830  1.000  2  2013   77  20.16  56370.035  110.1  1.905e+01 
  73831  1.000  2  2013   77  20.81  56370.063  110.1  2.217e+01 
  73832  0.500  1  2013   77  21.23  56370.080  110.1  2.170e+01 
  73833  0.500  1  2013   77  21.51  56370.092  110.1  1.949e+01 
  73834  1.042  2  2013   77  22.33  56370.126  110.1  2.122e+01 
  73835  0.521  1  2013   77  22.76  56370.144  110.1  2.292e+01 
  73836  0.521  1  2013   77  23.04  56370.155  110.1  2.490e+01 
  73838  1.042  2  2013   78   0.19  56370.203  110.2  2.096e+01 
  73839  1.042  2  2013   78   0.75  56370.227  110.2  2.329e+01 
  73842  1.036  2  2013   78   2.20  56370.287  110.2  1.838e+01 
  73843  1.036  2  2013   78   2.75  56370.310  110.2  1.242e+01 
  73845  0.518  1  2013   78   3.89  56370.358  110.2  2.077e+01 
  73846  1.036  2  2013   78   4.31  56370.375  110.2  1.960e+01 
  73847  0.518  1  2013   78   4.72  56370.392  110.2  1.547e+01 
  73885  0.500  1  2013   78  23.91  56371.192  110.3  2.248e+01 
  73886  1.000  2  2013   79   0.32  56371.209  110.3  2.702e+01 
  73887  0.500  1  2013   79   0.74  56371.226  110.3  1.981e+01 
  73888  0.518  1  2013   79   1.36  56371.252  110.4  2.334e+01 
  73889  0.518  1  2013   79   1.64  56371.264  110.4  1.846e+01 
  73891  2.000  1  2013   79   2.51  56371.300  110.4  1.365e+01 
  74356  0.486  1  2013   88  19.38  56381.003  117.2  3.338e+01 
  74357  0.486  1  2013   88  19.64  56381.014  117.2  3.537e+01 
  74405  1.667  1  2013   89  19.74  56382.018  117.6  2.777e+01 
  74453  1.667  1  2013   90  19.70  56383.016  117.7  2.339e+01 
  74455  0.983  2  2013   90  20.67  56383.057  117.7  3.490e+01 
  74456  0.491  1  2013   90  21.09  56383.074  117.7  2.792e+01 
  74549  0.983  2  2013   92  19.75  56385.019  117.9  2.661e+01 
  74550  0.491  1  2013   92  20.18  56385.036  117.9  2.928e+01 
  74552  0.491  1  2013   92  21.30  56385.083  117.9  2.605e+01 
  74553  0.983  2  2013   92  21.72  56385.100  117.9  3.043e+01 
  74554  0.482  1  2013   92  22.37  56385.128  117.9  2.811e+01 
  74555  0.964  2  2013   92  22.75  56385.144  117.9  2.823e+01 
  74556  0.482  1  2013   92  23.14  56385.160  117.9  2.841e+01 
  74557  0.372  1  2013   92  23.64  56385.181  118.0  3.872e+01 
  74558  0.743  2  2013   93   0.19  56385.203  118.0  3.559e+01 
  74559  0.482  1  2013   93   0.91  56385.233  118.0  2.949e+01 
  74560  0.964  2  2013   93   1.30  56385.250  118.0  2.789e+01 
  74561  0.482  1  2013   93   1.68  56385.266  118.0  2.872e+01 
  74562  0.482  1  2013   93   2.25  56385.289  118.0  2.719e+01 
  74563  0.964  2  2013   93   2.64  56385.306  118.0  2.633e+01 
  74564  0.482  1  2013   93   3.03  56385.322  118.0  3.766e+01 
  74565  1.000  2  2013   93   3.86  56385.356  118.0  3.519e+01 
  74566  0.500  1  2013   93   4.27  56385.374  118.0  4.052e+01 
  74567  0.500  1  2013   93   4.55  56385.385  118.0  4.120e+01 
  74601  0.358  1  2013   93  21.80  56386.104  118.2  5.124e+01 
  74602  1.075  3  2013   93  22.23  56386.122  118.2  5.872e+01 
  74644  0.347  1  2013   94  19.41  56387.004  118.3  3.649e+01 
  74645  0.694  2  2013   94  19.71  56387.017  118.3  4.418e+01 
  74646  0.347  1  2013   94  20.01  56387.029  118.3  4.671e+01 
  74652  0.347  1  2013   94  23.42  56387.171  118.3  3.202e+01 
  74653  0.694  2  2013   94  23.71  56387.184  118.3  3.985e+01 
  74654  0.347  1  2013   95   0.01  56387.196  118.3  3.783e+01 
  74660  0.694  2  2013   95   3.29  56387.333  118.4  3.906e+01 
  74661  0.694  2  2013   95   3.69  56387.349  118.4  4.112e+01 
  74836  0.667  2  2013   98  19.27  56390.998  119.8  4.371e+01 
  74852  0.347  1  2013   99   3.48  56391.340  120.1  3.738e+01 
  74853  0.347  1  2013   99   3.67  56391.349  120.1  4.294e+01 
  74981  2.040  1  2013  101  19.55  56394.010  122.2  3.082e+01 
  74983  2.040  1  2013  101  20.99  56394.070  122.2  3.258e+01 
  74985  0.482  1  2013  101  21.81  56394.104  122.3  3.132e+01 
  74986  0.964  2  2013  101  22.20  56394.121  122.3  2.940e+01 
  74987  0.482  1  2013  101  22.59  56394.137  122.3  3.074e+01 
  75029  0.667  1  2013  102  19.88  56395.024  122.8  3.506e+01 
  75030  0.667  1  2013  102  20.26  56395.040  122.8  3.040e+01 
  75033  0.667  1  2013  102  21.89  56395.107  122.8  4.400e+01 
  75034  0.667  1  2013  102  22.38  56395.128  122.8  4.514e+01 
  75037  0.667  1  2013  102  23.89  56395.191  122.9  5.662e+01 
  75038  0.667  1  2013  103   0.27  56395.207  122.9  5.112e+01 
  75076  0.498  1  2013  103  19.25  56395.998  123.3  5.135e+01 
  75077  0.996  2  2013  103  19.70  56396.016  123.4  4.813e+01 
  75078  0.996  2  2013  103  20.31  56396.042  123.4  4.295e+01 
  75079  0.498  1  2013  103  20.75  56396.060  123.4  4.540e+01 
  75080  0.489  1  2013  103  21.45  56396.089  123.4  4.417e+01 
  75081  0.489  1  2013  103  21.72  56396.101  123.4  5.050e+01 
  75082  0.978  2  2013  103  22.19  56396.120  123.4  4.468e+01 
  75083  0.978  2  2013  103  22.80  56396.145  123.4  4.179e+01 
  75094  0.667  2  2013  104   4.24  56396.372  123.6  3.103e+01 
  75095  0.667  2  2013  104   4.63  56396.388  123.6  3.660e+01 
  75124  0.996  2  2013  104  19.31  56397.000  123.9  4.007e+01 
  75125  0.498  1  2013  104  19.78  56397.020  123.9  3.963e+01 
  75126  0.996  2  2013  104  20.22  56397.038  123.9  4.297e+01 
  75127  0.498  1  2013  104  20.66  56397.056  123.9  4.612e+01 
  75128  0.498  1  2013  104  21.33  56397.084  124.0  4.585e+01 
  75129  0.996  2  2013  104  21.77  56397.103  124.0  4.072e+01 
  75130  0.498  1  2013  104  22.21  56397.121  124.0  3.903e+01 
  75131  0.996  2  2013  104  22.71  56397.142  124.0  3.888e+01 
  75133  1.333  2  2013  104  23.71  56397.183  124.0  3.782e+01 
  75135  0.667  1  2013  105   0.67  56397.224  124.0  3.586e+01 
  75136  0.667  1  2013  105   1.05  56397.239  124.0  3.108e+01 
  75138  0.664  1  2013  105   2.28  56397.291  124.1  2.793e+01 
  75139  0.664  1  2013  105   2.63  56397.305  124.1  3.149e+01 
  75172  0.498  1  2013  105  19.29  56397.999  124.5  4.081e+01 
  75173  0.996  2  2013  105  19.73  56398.018  124.5  4.462e+01 
  75174  0.498  1  2013  105  20.18  56398.036  124.5  4.485e+01 
  75175  0.996  2  2013  105  20.65  56398.056  124.6  4.036e+01 
  75176  0.498  1  2013  105  21.45  56398.089  124.6  4.041e+01 
  75177  0.498  1  2013  105  21.72  56398.101  124.6  3.738e+01 
  75178  0.996  2  2013  105  22.20  56398.120  124.6  4.177e+01 
  75179  0.996  2  2013  105  22.80  56398.146  124.6  3.456e+01 
  75181  1.329  2  2013  105  23.82  56398.188  124.7  3.871e+01 
  75183  0.664  1  2013  106   0.99  56398.237  124.7  3.599e+01 
  75184  0.664  1  2013  106   1.34  56398.251  124.7  3.225e+01 
  75189  1.000  3  2013  106   3.74  56398.351  124.8  3.183e+01 
  75190  0.333  1  2013  106   4.13  56398.368  124.8  2.555e+01 
  75220  0.498  1  2013  106  19.17  56398.994  125.4  3.677e+01 
  75221  0.498  1  2013  106  19.78  56399.020  125.4  3.595e+01 
  75222  0.996  2  2013  106  20.22  56399.038  125.4  4.146e+01 
  75223  0.498  1  2013  106  20.66  56399.056  125.4  3.584e+01 
  75224  0.498  1  2013  106  21.32  56399.084  125.5  3.476e+01 
  75225  0.996  2  2013  106  21.75  56399.102  125.5  3.558e+01 
  75226  0.498  1  2013  106  22.19  56399.120  125.5  4.076e+01 
  75227  0.996  2  2013  106  22.66  56399.140  125.5  3.878e+01 
  75430  0.333  1  2013  111   4.32  56403.375  128.8  3.183e+01 
  75431  1.000  3  2013  111   4.70  56403.392  128.8  4.250e+01 
  75476  1.396  1  2013  112   3.18  56404.328  128.9  3.713e+01 
  75478  1.651  1  2013  112   4.39  56404.378  128.9  3.293e+01 
  75795  0.667  1  2013  118  18.97  56410.986  128.2  3.546e+01 
  75796  0.667  1  2013  118  19.35  56411.002  128.2  3.552e+01 
  75797  0.667  1  2013  118  19.87  56411.023  128.2  3.755e+01 
  75798  0.667  1  2013  118  20.25  56411.039  128.2  4.153e+01 
  75846  2.040  1  2013  119  20.36  56412.044  129.6  2.075e+01 
  75892  2.040  1  2013  120  19.32  56413.000  131.0  3.037e+01 
  75895  2.040  1  2013  120  20.71  56413.058  131.1  3.498e+01 
  76148  0.876  1  2013  126   3.40  56418.337  138.3  3.498e+01 
  76149  0.876  1  2013  126   3.87  56418.357  138.3  3.235e+01 
  76191  0.500  1  2013  127   0.97  56419.236  139.0  3.733e+01 
  76192  0.500  1  2013  127   1.25  56419.248  139.0  3.340e+01 
  76193  1.000  2  2013  127   1.66  56419.265  139.0  3.558e+01 
  76246  0.333  1  2013  128   4.38  56420.378  139.6  4.665e+01 
  76247  1.000  3  2013  128   4.77  56420.394  139.6  4.570e+01 
  76283  0.993  2  2013  128  22.66  56421.140  140.0  3.401e+01 
  76284  0.993  2  2013  128  23.22  56421.163  140.0  3.931e+01 
  76293  0.496  1  2013  129   3.92  56421.359  140.1  4.163e+01 
  76294  0.993  2  2013  129   4.35  56421.377  140.1  3.450e+01 
  76295  0.496  1  2013  129   4.77  56421.394  140.1  2.911e+01 
  76324  0.667  1  2013  129  19.14  56421.993  140.5  3.359e+01 
  76325  0.667  1  2013  129  19.52  56422.009  140.5  3.371e+01 
  76327  0.667  1  2013  129  20.95  56422.068  140.5  2.527e+01 
  76328  0.667  1  2013  129  21.33  56422.084  140.5  2.860e+01 
  76331  1.660  1  2013  129  22.81  56422.146  140.6  1.836e+01 
  76333  1.660  1  2013  129  23.93  56422.193  140.6  1.825e+01 
  76335  0.496  1  2013  130   0.85  56422.231  140.6  3.275e+01 
  76336  0.993  2  2013  130   1.28  56422.249  140.6  3.585e+01 
  76337  0.496  1  2013  130   1.70  56422.267  140.6  4.258e+01 
  76338  0.496  1  2013  130   2.28  56422.290  140.6  3.762e+01 
  76339  0.993  2  2013  130   2.70  56422.308  140.7  4.092e+01 
  76340  0.496  1  2013  130   3.12  56422.326  140.7  4.338e+01 
  76341  1.000  3  2013  130   3.72  56422.351  140.7  4.265e+01 
  76342  0.333  1  2013  130   4.11  56422.367  140.7  4.314e+01 
  76343  0.735  2  2013  130   4.71  56422.392  140.7  5.050e+01 
  76344  0.368  1  2013  130   5.04  56422.405  140.7  5.912e+01 
  76376  0.482  1  2013  130  21.39  56423.087  141.0  5.051e+01 
  76377  0.964  2  2013  130  21.78  56423.103  141.0  4.102e+01 
  76378  0.482  1  2013  130  22.16  56423.119  141.0  5.228e+01 
  76379  0.993  2  2013  130  22.82  56423.147  141.0  5.057e+01 
  76380  0.496  1  2013  130  23.25  56423.164  141.0  3.829e+01 
  76381  0.496  1  2013  130  23.53  56423.176  141.0  4.213e+01 
  76387  0.993  2  2013  131   2.75  56423.310  141.0  4.835e+01 
  76388  0.993  2  2013  131   3.31  56423.334  141.0  5.751e+01 
  76390  0.735  2  2013  131   4.23  56423.372  141.0  7.672e+01 
  76391  0.735  2  2013  131   4.66  56423.390  141.0  8.097e+01 
  76467  0.350  1  2013  132  18.90  56424.983  140.6  4.101e+01 
  76468  0.350  1  2013  132  19.48  56425.007  140.5  3.899e+01 
  76471  0.350  1  2013  132  20.84  56425.064  140.5  3.537e+01 
  76472  0.350  1  2013  132  21.42  56425.088  140.5  3.669e+01 
  76476  0.350  1  2013  132  23.43  56425.172  140.4  3.396e+01 
  76478  0.350  1  2013  133   0.02  56425.196  140.4  3.272e+01 
  76480  0.350  1  2013  133   1.38  56425.253  140.3  3.193e+01 
  76481  0.350  1  2013  133   1.97  56425.278  140.3  3.434e+01 
  76484  0.350  1  2013  133   3.26  56425.331  140.3  3.759e+01 
  76485  0.350  1  2013  133   3.84  56425.356  140.3  4.603e+01 
  76515  0.350  1  2013  133  18.77  56425.977  139.6  2.314e+01 
  76516  0.350  1  2013  133  19.35  56426.002  139.6  2.430e+01 
  76519  0.350  1  2013  133  20.61  56426.054  139.5  2.366e+01 
  76520  0.350  1  2013  133  21.19  56426.079  139.5  2.407e+01 
  76522  0.350  1  2013  133  22.48  56426.132  139.4  1.654e+01 
  76524  0.350  1  2013  133  23.06  56426.157  139.4  2.225e+01 
  76525  0.350  1  2013  133  23.51  56426.175  139.3  1.226e+01 
  76526  0.350  1  2013  134   0.09  56426.199  139.3  2.360e+01 
  76528  0.350  1  2013  134   1.45  56426.256  139.2  1.193e+01 
  76529  0.350  1  2013  134   1.75  56426.269  139.2  1.388e+01 
  76530  0.350  1  2013  134   2.14  56426.285  139.2  1.750e+01 
  76531  0.350  1  2013  134   2.73  56426.309  139.1  2.286e+01 
  76570  0.667  2  2013  134  22.32  56427.125  137.7  2.193e+01 
  76571  0.667  2  2013  134  22.71  56427.142  137.6  1.910e+01 
  76580  1.651  1  2013  135   3.36  56427.336  137.3  2.178e+01 
  76582  1.651  1  2013  135   4.49  56427.383  137.2  2.606e+01 
  76818  0.993  2  2013  140   2.19  56432.287  130.2  3.882e+01 
  76819  0.993  2  2013  140   2.75  56432.310  130.2  3.229e+01 
  77524  0.333  1  2013  154  19.40  56447.004  113.0  2.926e+01 
  77525  1.000  3  2013  154  19.79  56447.020  113.0  2.338e+01 
  77532  1.088  2  2013  154  23.28  56447.166  113.0  1.992e+01 
  77533  1.088  2  2013  154  23.85  56447.190  113.0  2.048e+01 
  77537  0.544  1  2013  155   1.77  56447.269  113.0  3.257e+01 
  77538  1.088  2  2013  155   2.20  56447.287  113.0  3.366e+01 
  77539  0.544  1  2013  155   2.63  56447.305  113.0  2.244e+01 
  77540  0.333  1  2013  155   3.41  56447.338  113.0  3.624e+01 
  77541  1.000  3  2013  155   3.80  56447.354  113.0  3.257e+01 
  77543  1.000  3  2013  155   4.75  56447.394  113.0  2.920e+01 
  77544  0.333  1  2013  155   5.14  56447.410  113.0  2.352e+01 
  77667  0.491  1  2013  157  18.76  56449.977  112.3  3.162e+01 
  77668  0.983  2  2013  157  19.18  56449.995  112.3  4.130e+01 
  77677  1.000  3  2013  157  23.76  56450.186  112.3  3.457e+01 
  77678  0.333  1  2013  158   0.19  56450.204  112.3  2.670e+01 
  77679  0.667  2  2013  158   0.88  56450.232  112.3  2.561e+01 
  77686  0.333  1  2013  158   4.31  56450.375  112.3  4.054e+01 
  77687  1.000  3  2013  158   4.74  56450.393  112.3  4.400e+01 
  77780  1.433  1  2013  160   3.02  56452.322  113.0  3.040e+01 
  77859  0.969  2  2013  161  18.66  56453.973  114.0  2.719e+01 
  77860  0.971  2  2013  161  19.31  56454.000  114.0  2.636e+01 
  77917  0.333  1  2013  162  23.87  56455.190  114.6  1.787e+01 
  77918  0.333  1  2013  163   0.06  56455.198  114.6  1.699e+01 
  78309  0.500  1  2013  171   3.99  56463.362  114.3  2.749e+01 
  78310  0.500  1  2013  171   4.29  56463.374  114.3  3.411e+01 
  78627  1.444  2  2013  177  18.79  56469.979  122.1  3.608e+01 
  78826  0.349  1  2013  181  22.04  56474.114  123.0  2.926e+01 
  78837  0.653  1  2013  182   3.77  56474.353  122.9  4.908e+01 
  78838  0.653  1  2013  182   4.45  56474.381  122.9  5.234e+01 
  78918  1.067  1  2013  183  20.28  56476.041  122.2  3.282e+01 
  79108  1.200  1  2013  187  19.12  56479.992  119.9  1.880e+01 
  79267  1.660  1  2013  191   2.94  56483.318  119.0  1.739e+01 
  79300  1.200  1  2013  191  19.07  56483.990  119.0  1.768e+01 
  79351  0.797  1  2013  192  20.78  56485.061  119.3  2.415e+01 
  79352  0.797  1  2013  192  21.19  56485.079  119.4  1.934e+01 
  79365  1.312  1  2013  193   3.89  56485.358  119.4  1.726e+01 
  79367  1.312  1  2013  193   4.57  56485.386  119.4  2.181e+01 
  79398  0.797  1  2013  193  20.18  56486.036  119.6  1.583e+01 
  79399  0.797  1  2013  193  20.59  56486.053  119.6  1.706e+01 
  79400  0.797  1  2013  193  21.29  56486.083  119.6  1.215e+01 
  79401  0.797  1  2013  193  21.71  56486.100  119.6  1.963e+01 
  79402  0.797  1  2013  193  22.26  56486.123  119.6  1.532e+01 
  79403  0.797  1  2013  193  22.67  56486.140  119.6  2.106e+01 
  79509  1.646  1  2013  196   3.54  56488.343  120.1  2.612e+01 
  79511  1.333  2  2013  196   4.69  56488.391  120.1  2.623e+01 
  79552  0.619  1  2013  197   1.13  56489.243  120.1  3.465e+01 
  79553  0.619  1  2013  197   1.88  56489.274  120.1  5.241e+01 
  79554  0.619  1  2013  197   2.33  56489.293  120.1  4.414e+01 
  79556  0.619  1  2013  197   3.08  56489.324  120.1  1.826e+01 
  79557  0.556  1  2013  197   3.80  56489.354  120.0  2.757e+01 
  79558  1.111  2  2013  197   4.26  56489.373  120.0  4.078e+01 
  79559  0.556  1  2013  197   4.71  56489.392  120.0  2.770e+01 
  79600  1.793  1  2013  198   1.25  56490.248  119.8  2.375e+01 
  79605  0.833  1  2013  198   3.82  56490.355  119.8  3.400e+01 
  79606  0.833  1  2013  198   4.35  56490.377  119.8  3.083e+01 
  79607  0.833  1  2013  198   4.88  56490.399  119.7  2.022e+01 
  79608  0.833  1  2013  198   5.40  56490.421  119.7  1.851e+01 
  80270  0.759  2  2013  212   0.32  56504.209  112.3  2.434e+01 
  80271  0.759  2  2013  212   0.73  56504.226  112.3  2.488e+01 
  80273  1.646  1  2013  212   1.59  56504.262  112.3  1.790e+01 
  80275  1.646  1  2013  212   2.78  56504.311  112.3  1.408e+01 
  80371  0.982  2  2013  214   2.74  56506.310  113.0  1.435e+01 
  80372  0.982  2  2013  214   3.27  56506.332  113.0  2.219e+01 
  80416  1.646  1  2013  215   1.21  56507.246  113.3  2.018e+01 
  80418  1.646  1  2013  215   2.34  56507.293  113.3  2.416e+01 
  80420  1.333  2  2013  215   3.28  56507.332  113.3  2.674e+01 
  80422  1.333  2  2013  215   4.24  56507.372  113.3  2.559e+01 
  80454  1.594  2  2013  215  20.27  56508.040  113.8  1.731e+01 
  80467  1.660  1  2013  216   2.69  56508.308  114.2  1.682e+01 
  80500  1.000  2  2013  216  19.31  56509.000  115.1  2.160e+01 
  80501  1.000  2  2013  216  19.86  56509.023  115.1  2.130e+01 
  80503  0.500  1  2013  216  20.98  56509.070  115.1  1.901e+01 
  80504  0.500  1  2013  216  21.25  56509.081  115.1  1.440e+01 
  80505  1.000  2  2013  216  21.67  56509.098  115.1  1.777e+01 
  80506  1.000  2  2013  216  22.32  56509.126  115.1  1.949e+01 
  80507  0.500  1  2013  216  22.74  56509.143  115.1  1.196e+01 
  80508  0.500  1  2013  216  23.01  56509.154  115.1  1.432e+01 
  80516  0.653  1  2013  217   3.30  56509.333  115.2  1.663e+01 
  80517  0.653  1  2013  217   3.99  56509.362  115.3  1.682e+01 
  80519  0.653  1  2013  217   4.58  56509.386  115.3  1.837e+01 
  80520  0.653  1  2013  217   5.27  56509.415  115.3  1.268e+01 
  80644  0.797  1  2013  219  19.17  56511.994  117.3  2.078e+01 
  80645  0.797  1  2013  219  19.59  56512.012  117.4  2.014e+01 
  80647  1.000  2  2013  219  20.82  56512.063  117.4  2.328e+01 
  80648  0.500  1  2013  219  21.24  56512.080  117.4  1.984e+01 
  80660  1.312  1  2013  220   3.24  56512.331  117.6  1.467e+01 
  80661  1.312  1  2013  220   3.92  56512.359  117.7  1.973e+01 
  80704  1.660  1  2013  221   1.22  56513.246  118.4  2.016e+01 
  80706  0.973  2  2013  221   2.21  56513.288  118.4  2.140e+01 
  80707  0.973  2  2013  221   2.73  56513.309  118.4  2.175e+01 
  80711  0.720  2  2013  221   4.69  56513.391  118.5  1.982e+01 
  80712  0.720  2  2013  221   5.12  56513.409  118.5  1.972e+01 
  80742  0.349  1  2013  221  20.15  56514.035  119.0  2.140e+01 
  80744  1.651  1  2013  221  21.07  56514.073  119.0  1.669e+01 
  80746  0.800  1  2013  221  22.16  56514.119  119.0  1.592e+01 
  80747  0.800  1  2013  221  22.61  56514.137  119.0  2.628e+01 
  80748  0.800  1  2013  221  23.32  56514.167  119.1  2.367e+01 
  80749  0.800  1  2013  221  23.77  56514.186  119.1  1.737e+01 
  80751  1.651  1  2013  222   0.56  56514.219  119.1  1.524e+01 
  80753  1.651  1  2013  222   1.68  56514.266  119.1  1.940e+01 
  80754  0.811  1  2013  222   2.46  56514.298  119.1  2.834e+01 
  80755  0.811  1  2013  222   2.90  56514.317  119.1  2.708e+01 
  80757  0.487  1  2013  222   3.73  56514.351  119.2  2.524e+01 
  80758  0.487  1  2013  222   4.25  56514.373  119.2  2.794e+01 
  80759  0.500  1  2013  222   4.86  56514.398  119.2  3.078e+01 
  80760  0.500  1  2013  222   5.16  56514.410  119.2  2.919e+01 
  80799  0.982  2  2013  223   0.65  56515.223  119.5  1.839e+01 
  80800  0.982  2  2013  223   1.19  56515.245  119.5  1.720e+01 
  80801  0.491  1  2013  223   1.83  56515.272  119.6  1.653e+01 
  80802  0.982  2  2013  223   2.22  56515.288  119.6  1.711e+01 
  80803  0.491  1  2013  223   2.62  56515.305  119.6  1.606e+01 
  80895  1.312  1  2013  225   0.66  56517.223  119.6  1.593e+01 
  80896  1.312  1  2013  225   1.34  56517.251  119.6  2.218e+01 
  81046  1.021  1  2013  228   4.37  56520.378  119.3  1.856e+01 
  81658  0.379  1  2013  240  22.47  56533.132  115.5  2.353e+01 
  81659  0.759  2  2013  240  22.77  56533.144  115.5  2.876e+01 
  81661  1.312  1  2013  240  23.90  56533.191  115.4  1.584e+01 
  81663  1.312  1  2013  241   0.57  56533.220  115.4  1.350e+01 
  81664  0.498  1  2013  241   1.25  56533.248  115.4  1.423e+01 
  81668  0.498  1  2013  241   3.17  56533.328  115.3  3.194e+01 
  81669  0.498  1  2013  241   3.97  56533.361  115.2  2.022e+01 
  81670  0.498  1  2013  241   4.24  56533.372  115.2  3.286e+01 
  81672  0.498  1  2013  241   5.09  56533.408  115.2  1.824e+01 
  81712  0.498  1  2013  242   1.40  56534.254  114.2  1.949e+01 
  81713  0.498  1  2013  242   1.68  56534.265  114.2  1.856e+01 
  81715  0.498  1  2013  242   2.85  56534.314  114.2  2.251e+01 
  81716  0.498  1  2013  242   3.12  56534.325  114.2  2.345e+01 
  81717  0.996  2  2013  242   3.83  56534.355  114.1  2.633e+01 
  81718  0.498  1  2013  242   4.47  56534.382  114.1  2.794e+01 
  81719  0.498  1  2013  242   4.74  56534.393  114.1  2.642e+01 
  81720  0.498  1  2013  242   5.08  56534.407  114.1  2.062e+01 
  81751  0.667  2  2013  242  20.89  56535.066  113.1  3.620e+01 
  81752  0.667  2  2013  242  21.32  56535.084  113.1  3.608e+01 
  81755  1.646  1  2013  242  22.66  56535.140  112.9  2.019e+01 
  81856  1.660  1  2013  245   1.07  56537.240  109.5  1.800e+01 
  81858  1.660  1  2013  245   2.23  56537.288  109.4  1.728e+01 
  81860  1.660  1  2013  245   3.16  56537.327  109.4  2.073e+01 
  81862  1.660  1  2013  245   4.09  56537.366  109.3  2.215e+01 
  81905  1.312  1  2013  246   1.75  56538.269  108.0  1.726e+01 
  81906  1.312  1  2013  246   2.43  56538.297  108.0  2.359e+01 
  81908  1.660  1  2013  246   3.43  56538.338  107.9  2.899e+01 
  81993  0.379  1  2013  247  21.82  56540.105  105.7  2.774e+01 
  81994  1.138  3  2013  247  22.22  56540.122  105.7  2.262e+01 
  81995  0.379  1  2013  247  22.97  56540.153  105.6  2.172e+01 
  81996  0.759  2  2013  247  23.27  56540.165  105.6  1.764e+01 
  81997  0.379  1  2013  247  23.58  56540.178  105.6  1.503e+01 
  82046  0.412  1  2013  249   0.26  56541.206  104.6  2.458e+01 
  82047  0.412  1  2013  249   0.77  56541.228  104.6  2.538e+01 
  82048  0.412  1  2013  249   1.49  56541.258  104.6  3.073e+01 
  82050  0.824  2  2013  249   2.24  56541.289  104.6  2.722e+01 
  82051  0.412  1  2013  249   2.98  56541.320  104.6  1.772e+01 
  82097  0.811  1  2013  250   1.69  56542.266  104.1  2.525e+01 
  82098  0.637  1  2013  250   2.09  56542.283  104.1  3.370e+01 
  82143  0.653  1  2013  251   0.77  56543.227  103.8  1.714e+01 
  82144  0.653  1  2013  251   1.45  56543.256  103.8  1.132e+01 
  82146  0.653  1  2013  251   2.11  56543.283  103.8  1.652e+01 
  82147  0.653  1  2013  251   2.63  56543.305  103.8  1.789e+01 
  82148  0.653  1  2013  251   3.31  56543.334  103.8  2.155e+01 
  82149  0.667  1  2013  251   3.95  56543.360  103.8  2.518e+01 
  82150  0.667  1  2013  251   4.31  56543.375  103.8  2.175e+01 
  82180  0.349  1  2013  251  19.21  56543.996  103.7  2.979e+01 
  82191  0.811  1  2013  252   0.79  56544.228  103.7  1.162e+01 
  82192  0.811  1  2013  252   1.23  56544.247  103.7  1.495e+01 
  82194  0.653  1  2013  252   2.01  56544.279  103.7  1.417e+01 
  82195  0.653  1  2013  252   2.70  56544.308  103.7  1.792e+01 
  82228  0.349  1  2013  252  19.31  56545.000  103.6  2.283e+01 
  82237  0.653  1  2013  252  23.82  56545.188  103.6  1.323e+01 
  82239  0.653  1  2013  253   0.51  56545.217  103.6  1.424e+01 
  82243  0.840  1  2013  253   2.65  56545.306  103.6  1.862e+01 
  82244  0.840  1  2013  253   3.09  56545.324  103.6  1.890e+01 
  82245  0.667  1  2013  253   3.88  56545.357  103.6  2.142e+01 
  82246  0.667  1  2013  253   4.25  56545.372  103.6  2.456e+01 
  82295  0.744  2  2013  254   4.62  56546.388  103.5  2.593e+01 
  82950  1.000  1  2013  267  20.21  56560.038  105.2  2.809e+01 
  82951  1.000  1  2013  267  20.74  56560.060  105.2  2.960e+01 
  82952  1.000  1  2013  267  21.36  56560.086  105.3  3.159e+01 
  82953  1.000  1  2013  267  21.89  56560.108  105.3  2.562e+01 
  83148  0.412  1  2013  271  23.04  56564.155  109.2  2.946e+01 
  83149  0.412  1  2013  271  23.55  56564.177  109.2  2.903e+01 
  83150  0.412  1  2013  272   0.20  56564.204  109.2  3.119e+01 
  83151  0.412  1  2013  272   0.72  56564.225  109.3  2.187e+01 
  83152  0.412  1  2013  272   1.37  56564.253  109.3  4.255e+01 
  83153  0.412  1  2013  272   1.89  56564.274  109.3  3.312e+01 
  83191  0.602  1  2013  272  20.70  56565.058  110.3  2.855e+01 
  83192  1.204  2  2013  272  21.20  56565.079  110.3  2.666e+01 
  83193  0.602  1  2013  272  21.69  56565.099  110.3  2.434e+01 
  83194  0.602  1  2013  272  22.41  56565.129  110.4  1.957e+01 
  83195  0.602  1  2013  272  22.73  56565.143  110.4  6.378e+00 
  83196  1.204  2  2013  272  23.23  56565.163  110.4  2.592e+01 
  83198  1.204  2  2013  273   0.19  56565.203  110.5  1.949e+01 
  83199  0.602  1  2013  273   0.68  56565.224  110.5  1.414e+01 
  83200  0.602  1  2013  273   1.01  56565.238  110.5  6.584e+00 
  83201  1.204  2  2013  273   1.75  56565.269  110.5  2.383e+01 
  83202  0.602  1  2013  273   2.25  56565.289  110.6  2.764e+01 
  83203  0.602  1  2013  273   2.58  56565.303  110.6  2.705e+01 
  83204  0.602  1  2013  273   3.35  56565.335  110.6  1.731e+01 
  83205  0.602  1  2013  273   3.67  56565.349  110.6  2.275e+01 
  83206  1.204  2  2013  273   4.17  56565.369  110.7  3.179e+01 
  83242  0.602  1  2013  273  22.35  56566.127  111.5  3.565e+01 
  83243  0.602  1  2013  273  22.68  56566.141  111.5  3.075e+01 
  83244  1.204  2  2013  273  23.17  56566.161  111.5  3.299e+01 
  83245  0.602  1  2013  273  23.94  56566.193  111.6  3.627e+01 
  83246  0.602  1  2013  274   0.26  56566.207  111.6  2.694e+01 
  83247  1.204  2  2013  274   0.76  56566.227  111.6  3.201e+01 
  83248  0.602  1  2013  274   1.41  56566.254  111.6  2.793e+01 
  83249  0.602  1  2013  274   1.74  56566.268  111.6  3.328e+01 
  83250  1.204  2  2013  274   2.23  56566.288  111.7  2.688e+01 
  83777  0.347  1  2013  285   1.86  56577.273  123.5  6.923e+01 
  83778  0.347  1  2013  285   2.30  56577.291  123.5  1.090e+02 
  83825  0.503  1  2013  286   1.54  56578.260  125.6  2.816e+01 
  84345  0.808  2  2013  296  21.85  56589.106  141.3  1.935e+01 
  84346  0.808  2  2013  296  22.28  56589.124  141.3  1.664e+01 
  84390  2.173  1  2013  297  20.18  56590.036  142.2  2.920e+01 
  84392  2.233  1  2013  297  21.49  56590.091  142.3  4.199e+01 
  84395  1.393  1  2013  297  22.65  56590.139  142.3  3.751e+01 
  84396  0.583  1  2013  297  23.20  56590.162  142.3  3.529e+01 
  84438  1.569  1  2013  298  20.43  56591.047  142.8  3.413e+01 
  84440  0.685  1  2013  298  21.33  56591.084  142.9  4.367e+01 
  84442  1.569  1  2013  298  22.24  56591.122  142.9  4.471e+01 
  84444  1.591  1  2013  298  23.39  56591.170  142.9  5.007e+01 
  84486  1.076  1  2013  299  20.02  56592.030  143.4  3.168e+01 
  84487  1.199  1  2013  299  20.77  56592.061  143.4  3.377e+01 
  84494  0.530  1  2013  300   0.34  56592.210  143.5  4.678e+01 
  84495  1.060  2  2013  300   0.76  56592.227  143.5  4.743e+01 
  84496  0.530  1  2013  300   1.25  56592.248  143.6  4.804e+01 
  84497  1.060  2  2013  300   1.68  56592.265  143.6  4.697e+01 
  84498  0.530  1  2013  300   2.49  56592.299  143.6  4.820e+01 
  84499  0.530  1  2013  300   2.77  56592.311  143.6  5.428e+01 
  84500  0.530  1  2013  300   3.06  56592.323  143.6  6.238e+01 
  84582  0.766  1  2013  301  20.11  56594.033  145.2  3.046e+01 
  84583  0.766  1  2013  301  20.52  56594.050  145.2  2.595e+01 
  84585  0.766  1  2013  301  21.81  56594.104  145.3  3.759e+01 
  84589  0.766  1  2013  301  23.73  56594.184  145.4  3.684e+01 
  84590  0.766  1  2013  302   0.14  56594.201  145.4  3.804e+01 
  84591  0.766  1  2013  302   0.95  56594.235  145.4  3.695e+01 
  84592  0.766  1  2013  302   1.36  56594.252  145.5  4.872e+01 
  84594  0.766  1  2013  302   2.11  56594.283  145.5  3.767e+01 
  84595  0.766  1  2013  302   2.51  56594.300  145.5  3.354e+01 
  84596  1.531  2  2013  302   3.25  56594.331  145.6  3.715e+01 
  84629  0.766  1  2013  302  19.64  56595.014  146.5  3.377e+01 
  84630  0.766  1  2013  302  20.05  56595.031  146.5  3.702e+01 
  84635  1.659  1  2013  302  22.90  56595.150  146.7  2.064e+01 
  84641  1.000  1  2013  303   1.67  56595.265  146.8  2.780e+01 
  84642  1.000  1  2013  303   2.19  56595.287  146.9  2.789e+01 
  84643  0.766  1  2013  303   2.98  56595.320  146.9  3.455e+01 
  84644  0.766  1  2013  303   3.38  56595.337  146.9  3.593e+01 
  84677  0.667  2  2013  303  19.80  56596.021  147.8  3.068e+01 
  84678  0.667  2  2013  303  20.19  56596.037  147.9  3.206e+01 
  84679  0.667  2  2013  303  20.80  56596.062  147.9  2.942e+01 
  84681  0.722  1  2013  303  21.60  56596.096  147.9  2.830e+01 
  84682  0.722  1  2013  303  22.01  56596.113  147.9  3.567e+01 
  84685  1.212  3  2013  303  23.77  56596.186  148.0  2.808e+01 
  84686  0.404  1  2013  304   0.20  56596.204  148.1  2.925e+01 
  84692  1.653  1  2013  304   3.05  56596.322  148.2  2.839e+01 
  84778  1.531  2  2013  305  22.26  56598.123  150.5  2.220e+01 
  84780  0.766  1  2013  305  23.17  56598.161  150.5  2.471e+01 
  84781  0.766  1  2013  305  23.58  56598.178  150.6  1.828e+01 
  84825  0.404  1  2013  306  21.96  56599.110  152.0  2.754e+01 
  84826  0.808  2  2013  306  22.28  56599.124  152.0  3.307e+01 
  84827  0.404  1  2013  306  22.61  56599.137  152.0  2.749e+01 
  84828  0.808  2  2013  306  23.24  56599.164  152.1  2.460e+01 
  84829  0.808  2  2013  306  23.67  56599.182  152.1  2.373e+01 
  84875  0.808  2  2013  307  22.64  56600.139  153.5  2.495e+01 
  84876  0.404  1  2013  307  23.18  56600.161  153.5  1.679e+01 
  84877  0.808  2  2013  307  23.78  56600.186  153.5  2.173e+01 
  84878  0.808  2  2013  308   0.21  56600.204  153.6  2.269e+01 
  84917  0.333  1  2013  308  19.92  56601.026  154.6  3.515e+01 
  84918  0.667  2  2013  308  20.21  56601.038  154.6  2.846e+01 
  84919  0.333  1  2013  308  20.50  56601.050  154.6  3.272e+01 
  84925  1.000  3  2013  308  23.78  56601.186  154.6  3.642e+01 
  84926  0.333  1  2013  309   0.16  56601.202  154.6  3.771e+01 
  84927  0.333  1  2013  309   0.97  56601.236  154.7  3.835e+01 
  84928  0.667  2  2013  309   1.26  56601.248  154.7  3.649e+01 
  84929  0.333  1  2013  309   1.55  56601.260  154.7  3.668e+01 
  85024  0.667  2  2013  311   1.40  56603.254  154.7  2.063e+01 
  85025  0.333  1  2013  311   1.90  56603.275  154.7  2.417e+01 
  85029  0.667  2  2013  311   3.67  56603.349  154.6  2.744e+01 
  85062  0.404  1  2013  311  20.44  56604.047  154.2  2.091e+01 
  85063  0.808  2  2013  311  20.76  56604.061  154.2  1.939e+01 
  85064  0.404  1  2013  311  21.09  56604.074  154.2  1.507e+01 
  85065  0.808  2  2013  311  21.84  56604.106  154.1  2.192e+01 
  85066  0.808  2  2013  311  22.27  56604.124  154.1  1.893e+01 
  85110  2.022  1  2013  312  20.10  56605.033  153.3  2.145e+01 
  85158  2.022  1  2013  313  20.34  56606.043  152.2  2.675e+01 
  85163  2.022  1  2013  313  22.70  56606.142  152.1  1.659e+01 
  85268  0.679  2  2013  316   3.14  56608.326  149.3  2.280e+01 
  85269  0.679  2  2013  316   3.64  56608.347  149.3  2.258e+01 
  85638  0.762  1  2013  323  20.24  56616.039  144.1  2.059e+01 
  85685  0.482  1  2013  324  19.84  56617.022  143.5  2.488e+01 
  85686  0.964  2  2013  324  20.23  56617.038  143.5  1.699e+01 
  85687  0.482  1  2013  324  20.62  56617.055  143.5  1.093e+01 
  85733  0.482  1  2013  325  19.96  56618.027  143.2  2.517e+01 
  85734  0.964  2  2013  325  20.35  56618.043  143.2  2.279e+01 
  85735  0.482  1  2013  325  20.74  56618.060  143.2  2.696e+01 
  85784  0.824  1  2013  326  21.48  56619.091  143.2  1.923e+01 
  85785  0.824  1  2013  326  21.93  56619.109  143.2  1.325e+01 
  85879  0.766  1  2013  328  20.59  56621.054  143.3  2.325e+01 
  85880  0.766  1  2013  328  21.00  56621.071  143.3  2.620e+01 
  85881  0.824  1  2013  328  21.73  56621.101  143.3  1.667e+01 
  85882  0.824  1  2013  328  22.18  56621.120  143.3  2.280e+01 
  85883  0.824  1  2013  328  22.91  56621.150  143.3  2.632e+01 
  85884  0.824  1  2013  328  23.36  56621.169  143.3  2.311e+01 
  85985  0.824  1  2013  331   1.68  56623.266  143.3  2.097e+01 
  85986  0.824  1  2013  331   2.13  56623.284  143.3  2.294e+01 
  85987  0.824  1  2013  331   2.86  56623.315  143.3  2.237e+01 
  85988  0.824  1  2013  331   3.30  56623.333  143.3  2.247e+01 
  86034  0.824  1  2013  332   2.17  56624.286  143.3  2.745e+01 
  86035  0.824  1  2013  332   2.62  56624.305  143.3  2.478e+01 
  86083  0.482  1  2013  333   2.88  56625.316  142.9  2.153e+01 
  86084  0.964  2  2013  333   3.27  56625.332  142.9  2.010e+01 
  86085  0.482  1  2013  333   3.66  56625.348  142.9  2.021e+01 
  86126  1.653  1  2013  334   0.30  56626.208  142.4  2.259e+01 
  86130  0.482  1  2013  334   2.34  56626.293  142.4  2.001e+01 
  86131  0.964  2  2013  334   2.73  56626.309  142.4  1.445e+01 
  86132  0.482  1  2013  334   3.12  56626.326  142.4  1.560e+01 
  86171  0.824  1  2013  334  22.66  56627.140  142.0  2.325e+01 
  86172  0.824  1  2013  334  23.11  56627.158  142.0  2.219e+01 
  86213  0.766  1  2013  335  19.92  56628.026  141.6  1.687e+01 
  86214  0.766  1  2013  335  20.33  56628.043  141.6  2.109e+01 
  86216  1.531  2  2013  335  21.27  56628.082  141.6  1.675e+01 
  86217  0.766  1  2013  335  21.96  56628.111  141.5  2.088e+01 
  86218  0.766  1  2013  335  22.37  56628.128  141.5  1.722e+01 
  86220  0.766  1  2013  335  23.44  56628.172  141.5  2.432e+01 
  86221  0.766  1  2013  335  23.85  56628.189  141.5  2.852e+01 
  86223  1.000  1  2013  336   0.63  56628.222  141.5  1.770e+01 
  86224  1.000  1  2013  336   1.15  56628.244  141.5  1.643e+01 
  86225  1.000  1  2013  336   1.94  56628.276  141.5  1.397e+01 
  86226  1.000  1  2013  336   2.46  56628.298  141.5  1.684e+01 
  86228  1.000  1  2013  336   3.06  56628.323  141.5  1.277e+01 
  86229  1.000  1  2013  336   3.58  56628.345  141.5  1.252e+01 
  86268  0.735  1  2013  336  23.43  56629.172  141.3  1.264e+01 
  86269  0.735  1  2013  336  23.84  56629.189  141.3  8.598e+00 
  86271  0.839  1  2013  337   0.64  56629.222  141.3  1.132e+01 
  86272  0.839  1  2013  337   1.08  56629.241  141.3  1.461e+01 
  86273  0.839  1  2013  337   1.81  56629.271  141.3  1.288e+01 
  86274  0.839  1  2013  337   2.25  56629.289  141.3  1.392e+01 
  86275  0.839  1  2013  337   2.95  56629.318  141.3  1.434e+01 
  86276  0.839  1  2013  337   3.39  56629.337  141.3  1.349e+01 
  86311  1.659  1  2013  337  20.55  56630.052  141.4  1.156e+01 
  86321  1.000  1  2013  338   1.52  56630.259  141.5  1.104e+01 
  86322  1.000  1  2013  338   2.04  56630.281  141.5  1.269e+01 
  86323  1.000  1  2013  338   2.87  56630.315  141.5  1.109e+01 
  86324  1.000  1  2013  338   3.39  56630.337  141.5  1.041e+01 
  86365  0.722  1  2013  338  23.94  56631.193  141.9  1.732e+01 
  86367  0.766  1  2013  339   0.94  56631.235  141.9  8.589e+00 
  86368  0.766  1  2013  339   1.35  56631.252  141.9  1.502e+01 
  86509  0.824  1  2013  341  23.96  56634.194  143.2  2.358e+01 
  86510  0.824  1  2013  342   0.41  56634.213  143.2  2.075e+01 
  86657  0.766  1  2013  345   1.81  56637.271  144.9  1.847e+01 
  86658  0.766  1  2013  345   2.22  56637.288  144.9  1.345e+01 
  87223  1.649  2  2013  356  20.78  56649.061  150.3  2.506e+01 
  87271  0.824  1  2013  357  20.63  56650.055  151.9  1.882e+01 
  87272  0.824  1  2013  357  21.08  56650.074  151.9  2.338e+01 
  87319  1.159  1  2013  358  20.76  56651.061  153.2  2.291e+01 
  87320  1.159  1  2013  358  21.38  56651.086  153.3  1.799e+01 
  87322  0.824  1  2013  358  22.27  56651.123  153.4  1.741e+01 
  87323  0.824  1  2013  358  22.71  56651.142  153.4  2.084e+01 
  87325  0.530  1  2013  358  23.51  56651.175  153.5  1.531e+01 
  87378  0.766  1  2013  360   2.34  56652.293  155.6  1.420e+01 
  87379  0.766  1  2013  360   2.75  56652.310  155.6  9.354e+00 
  87424  0.964  2  2013  361   1.28  56653.249  156.4  1.513e+01 
  87425  0.964  2  2013  361   1.80  56653.271  156.4  1.368e+01 
  87427  0.971  2  2013  361   2.64  56653.305  156.5  1.597e+01 
  87428  0.971  2  2013  361   3.30  56653.333  156.5  1.428e+01 
  87520  0.482  1  2013  363   1.42  56655.255  157.4  1.931e+01 
  87521  0.964  2  2013  363   1.81  56655.271  157.4  2.216e+01 
  87522  0.482  1  2013  363   2.20  56655.287  157.4  1.681e+01 
  87524  0.333  1  2013  363   3.45  56655.339  157.4  8.918e+00 
  87525  0.333  1  2013  363   3.64  56655.347  157.4  1.686e+01 
  87568  0.482  1  2013  364   1.36  56656.252  157.6  2.041e+01 
  87569  0.964  2  2013  364   1.75  56656.269  157.6  1.653e+01 
  87570  0.482  1  2013  364   2.14  56656.285  157.6  2.670e+01 
  87618  1.212  3  2013  365   2.23  56657.289  157.4  1.971e+01 
  87619  0.404  1  2013  365   2.66  56657.306  157.4  1.686e+01 
  87654  0.667  2  2013  365  20.28  56658.040  156.9  1.917e+01 
  87655  0.667  2  2013  365  20.67  56658.057  156.9  1.888e+01 
  87760  0.482  1  2014    3   1.26  56660.248  155.0  2.429e+01 
  87761  0.964  2  2014    3   1.65  56660.264  155.0  2.368e+01 
  87762  0.482  1  2014    3   2.04  56660.281  154.9  2.430e+01 
  87763  0.964  2  2014    3   2.69  56660.308  154.9  1.692e+01 
  87764  0.964  2  2014    3   3.22  56660.330  154.9  1.486e+01 
  87799  0.735  1  2014    3  20.70  56661.058  154.3  9.437e+00 
  87800  0.735  1  2014    3  21.12  56661.076  154.3  1.001e+01 
  87806  1.000  1  2014    4   0.01  56661.196  154.2  1.027e+01 
  87807  1.000  1  2014    4   0.53  56661.218  154.2  1.020e+01 
  87808  0.982  2  2014    4   1.35  56661.252  154.2  1.964e+01 
  87809  0.491  1  2014    4   1.75  56661.268  154.2  1.908e+01 
  87810  0.491  1  2014    4   2.01  56661.279  154.1  1.843e+01 
  87811  0.683  1  2014    4   2.70  56661.308  154.1  1.144e+01 
  87812  0.683  1  2014    4   3.08  56661.324  154.1  1.832e+01 
  87944  0.766  1  2014    6  21.31  56664.084  153.3  1.443e+01 
  87945  0.766  1  2014    6  21.72  56664.101  153.3  1.086e+01 
  87947  1.653  1  2014    6  22.64  56664.139  153.3  1.612e+01 
  87949  0.982  2  2014    6  23.64  56664.180  153.4  1.742e+01 
  87950  0.982  2  2014    7   0.17  56664.203  153.4  2.041e+01 
  87951  1.000  1  2014    7   0.98  56664.236  153.4  1.378e+01 
  88096  0.982  2  2014   10   1.26  56667.248  155.2  2.044e+01 
  88097  0.982  2  2014   10   1.79  56667.270  155.2  1.389e+01 
  88567  0.667  1  2014   19  20.87  56677.065  149.1  2.810e+01 
  88957  0.482  1  2014   27  23.83  56685.188  150.2  2.484e+01 
  88958  0.964  2  2014   28   0.22  56685.205  150.2  2.222e+01 
  88959  0.482  1  2014   28   0.61  56685.221  150.2  2.204e+01 
  88960  0.982  2  2014   28   1.27  56685.249  150.2  2.087e+01 
  88961  0.982  2  2014   28   1.80  56685.271  150.3  1.937e+01 
  88963  0.683  1  2014   28   2.79  56685.312  150.3  1.450e+01 
  88964  0.683  1  2014   28   3.17  56685.328  150.3  1.344e+01 
  88965  0.486  1  2014   28   3.80  56685.354  150.3  1.739e+01 
  88966  0.486  1  2014   28   4.07  56685.365  150.4  1.868e+01 
  89001  1.000  1  2014   28  21.81  56686.104  151.2  1.390e+01 
  89002  1.000  1  2014   28  22.34  56686.126  151.3  1.412e+01 
  89047  0.526  1  2014   29  20.59  56687.053  152.8  1.719e+01 
  89049  1.653  1  2014   29  21.55  56687.093  152.8  1.770e+01 
  89051  1.653  1  2014   29  22.81  56687.146  152.9  1.694e+01 
  89053  0.982  2  2014   29  23.73  56687.184  153.0  1.764e+01 
  89054  0.982  2  2014   30   0.26  56687.206  153.0  1.896e+01 
  89055  0.404  1  2014   30   0.96  56687.235  153.0  1.150e+01 
  89056  0.808  2  2014   30   1.28  56687.249  153.1  1.020e+01 
  89057  0.404  1  2014   30   1.60  56687.262  153.1  9.935e+00 
  89058  0.722  1  2014   30   2.29  56687.291  153.1  1.641e+01 
  89059  0.722  1  2014   30   2.69  56687.308  153.1  1.920e+01 
  89061  0.964  2  2014   30   3.75  56687.352  153.2  1.913e+01 
  89062  0.964  2  2014   30   4.27  56687.373  153.2  1.200e+01 
  89097  1.653  1  2014   30  21.51  56688.092  154.3  1.934e+01 
  89098  0.491  1  2014   30  22.33  56688.126  154.3  1.960e+01 
  89099  0.982  2  2014   30  22.73  56688.143  154.3  2.516e+01 
  89100  0.491  1  2014   30  23.13  56688.159  154.4  2.014e+01 
  89107  0.964  2  2014   31   2.86  56688.315  154.6  1.566e+01 
  89108  0.482  1  2014   31   3.25  56688.331  154.6  1.695e+01 
  89109  0.482  1  2014   31   3.51  56688.342  154.6  2.219e+01 
  89145  0.491  1  2014   31  21.86  56689.107  155.7  1.071e+01 
  89146  0.982  2  2014   31  22.26  56689.123  155.7  1.569e+01 
  89147  0.491  1  2014   31  22.66  56689.140  155.7  1.001e+01 
  89153  0.683  1  2014   32   1.84  56689.272  155.9  8.186e+00 
  89154  0.683  1  2014   32   2.22  56689.288  155.9  1.846e+01 
  89156  1.366  2  2014   32   3.21  56689.329  156.0  1.406e+01 
  89193  0.491  1  2014   32  21.86  56690.106  157.0  2.267e+01 
  89194  0.982  2  2014   32  22.26  56690.123  157.0  2.037e+01 
  89195  0.491  1  2014   32  22.66  56690.140  157.1  2.396e+01 
  89202  0.683  1  2014   33   2.27  56690.290  157.3  1.145e+01 
  89203  0.683  1  2014   33   2.65  56690.306  157.3  1.358e+01 
  89204  0.482  1  2014   33   3.23  56690.330  157.3  2.064e+01 
  89245  0.491  1  2014   33  23.96  56691.194  158.2  2.243e+01 
  89246  0.982  2  2014   34   0.36  56691.211  158.2  2.569e+01 
  89247  0.491  1  2014   34   0.76  56691.227  158.2  2.359e+01 
  89248  0.491  1  2014   34   1.25  56691.248  158.2  2.906e+01 
  89249  0.982  2  2014   34   1.65  56691.264  158.2  1.714e+01 
  89250  0.491  1  2014   34   2.05  56691.281  158.2  1.699e+01 
  89253  0.480  1  2014   34   3.80  56691.354  158.3  2.315e+01 
  89254  0.480  1  2014   34   4.06  56691.365  158.3  2.069e+01 
  89292  1.212  3  2014   34  23.22  56692.163  158.7  1.721e+01 
  89293  0.404  1  2014   34  23.65  56692.181  158.7  1.505e+01 
  89337  0.982  2  2014   35  21.68  56693.099  159.0  2.221e+01 
  89338  0.982  2  2014   35  22.21  56693.121  159.0  1.768e+01 
  89340  1.212  3  2014   35  23.27  56693.165  159.0  2.148e+01 
  89341  0.378  1  2014   35  23.71  56693.183  159.0  1.667e+01 
  89387  0.839  1  2014   36  22.94  56694.151  159.5  1.854e+01 
  89388  0.839  1  2014   36  23.38  56694.170  159.5  1.498e+01 
  89391  0.491  1  2014   37   0.81  56694.229  159.5  1.895e+01 
  89392  0.982  2  2014   37   1.21  56694.246  159.5  1.313e+01 
  89393  0.491  1  2014   37   1.61  56694.263  159.6  1.595e+01 
  89394  0.982  2  2014   37   2.28  56694.290  159.6  2.032e+01 
  89395  0.982  2  2014   37   2.81  56694.313  159.6  1.280e+01 
  89488  1.323  1  2014   39   1.01  56696.238  161.2  1.404e+01 
  89489  1.323  1  2014   39   1.73  56696.268  161.2  1.441e+01 
  89491  0.798  1  2014   39   2.85  56696.314  161.3  9.825e+00 
  89492  0.798  1  2014   39   3.26  56696.332  161.3  8.847e+00 
  89494  0.519  1  2014   39   4.36  56696.377  161.3  1.899e+01 
  89536  1.323  1  2014   40   1.49  56697.258  162.1  1.098e+01 
  89538  0.486  1  2014   40   2.30  56697.291  162.2  2.319e+01 
  89539  0.971  2  2014   40   2.87  56697.315  162.2  1.752e+01 
  89587  0.964  2  2014   41   2.71  56698.309  163.2  1.246e+01 
  89588  0.964  2  2014   41   3.23  56698.330  163.2  1.837e+01 
  89636  1.323  1  2014   42   3.15  56699.327  164.0  2.602e+01 
  89638  0.971  2  2014   42   4.19  56699.370  164.0  2.729e+01 
  89685  0.491  1  2014   43   3.73  56700.351  164.7  3.494e+01 
  90153  0.404  1  2014   52  21.81  56710.104  159.4  6.393e+00 
  90154  1.212  3  2014   52  22.24  56710.122  159.4  1.622e+01 
  90155  0.404  1  2014   52  23.00  56710.154  159.4  1.662e+01 
  90198  0.404  1  2014   53  20.41  56711.046  158.7  1.078e+01 
  90199  0.808  2  2014   53  20.73  56711.059  158.6  1.410e+01 
  90200  0.404  1  2014   53  21.06  56711.073  158.6  1.546e+01 
  90201  0.808  2  2014   53  21.69  56711.099  158.6  1.372e+01 
  90202  0.808  2  2014   53  22.12  56711.117  158.6  1.818e+01 
  90203  0.482  1  2014   53  22.74  56711.143  158.6  2.185e+01 
  90204  0.964  2  2014   53  23.13  56711.159  158.6  2.292e+01 
  90205  0.482  1  2014   53  23.52  56711.175  158.5  3.037e+01 
  90206  0.964  2  2014   54   0.21  56711.204  158.5  2.874e+01 
  90207  0.964  2  2014   54   0.73  56711.226  158.5  2.048e+01 
  90208  0.482  1  2014   54   1.38  56711.253  158.5  2.250e+01 
  90209  0.964  2  2014   54   1.77  56711.269  158.5  2.676e+01 
  90210  0.482  1  2014   54   2.16  56711.286  158.4  2.988e+01 
  90211  0.964  2  2014   54   2.82  56711.313  158.4  2.579e+01 
  90212  0.964  2  2014   54   3.34  56711.335  158.4  2.805e+01 
  90214  1.333  2  2014   54   4.19  56711.370  158.4  1.993e+01 
  90249  0.887  2  2014   54  21.70  56712.100  157.8  1.660e+01 
  90250  0.982  2  2014   54  22.22  56712.122  157.8  2.024e+01 
  90251  0.491  1  2014   54  22.88  56712.149  157.8  2.017e+01 
  90252  0.982  2  2014   54  23.28  56712.166  157.8  2.023e+01 
  90253  0.491  1  2014   54  23.68  56712.182  157.8  1.854e+01 
  90254  1.212  3  2014   55   0.28  56712.207  157.7  1.678e+01 
  90255  0.404  1  2014   55   0.71  56712.225  157.7  1.892e+01 
  90299  0.683  1  2014   55  22.95  56713.152  157.2  1.517e+01 
  90300  0.683  1  2014   55  23.32  56713.167  157.2  1.606e+01 
  90346  0.683  1  2014   56  22.17  56714.119  156.8  2.119e+01 
  90347  0.683  1  2014   56  22.55  56714.135  156.8  1.750e+01 
  90348  0.808  2  2014   56  23.31  56714.167  156.8  1.798e+01 
  90349  0.808  2  2014   56  23.74  56714.185  156.8  1.344e+01 
  90350  0.404  1  2014   57   0.38  56714.212  156.9  1.906e+01 
  90351  0.808  2  2014   57   0.71  56714.225  156.9  1.249e+01 
  90352  0.808  2  2014   57   1.21  56714.246  156.9  1.684e+01 
  90353  0.808  2  2014   57   1.71  56714.267  156.9  1.244e+01 
  90354  0.404  1  2014   57   2.03  56714.280  156.9  1.542e+01 
  90358  0.519  1  2014   57   4.26  56714.373  156.9  2.025e+01 
  90359  0.519  1  2014   57   4.56  56714.385  156.9  2.514e+01 
  90394  1.366  2  2014   57  22.31  56715.125  156.8  1.616e+01 
  90396  0.808  2  2014   57  23.23  56715.164  156.8  1.385e+01 
  90397  0.808  2  2014   57  23.66  56715.182  156.8  1.477e+01 
  90398  0.808  2  2014   58   0.37  56715.211  156.8  1.679e+01 
  90399  0.808  2  2014   58   0.81  56715.229  156.8  1.199e+01 
  90406  0.971  2  2014   58   4.23  56715.372  156.7  1.687e+01 
  90440  0.683  1  2014   58  21.15  56716.077  156.2  1.558e+01 
  90441  0.683  1  2014   58  21.53  56716.093  156.2  1.897e+01 
  90446  0.798  1  2014   59   0.12  56716.201  156.2  2.474e+01 
  90447  0.798  1  2014   59   0.54  56716.218  156.1  2.493e+01 
  90488  0.683  1  2014   59  21.47  56717.090  155.6  1.453e+01 
  90489  0.683  1  2014   59  21.84  56717.106  155.6  1.579e+01 
  90491  0.683  1  2014   59  22.91  56717.150  155.6  7.090e+00 
  90492  0.683  1  2014   59  23.28  56717.166  155.6  1.903e+01 
  90493  0.808  2  2014   59  23.85  56717.189  155.6  1.641e+01 
  90494  0.808  2  2014   60   0.28  56717.207  155.5  1.575e+01 
  90495  0.404  1  2014   60   0.92  56717.234  155.5  1.150e+01 
  90496  0.808  2  2014   60   1.25  56717.248  155.5  1.308e+01 
  90497  0.404  1  2014   60   1.57  56717.261  155.5  1.451e+01 
  90533  0.333  1  2014   60  19.84  56718.022  155.1  1.419e+01 
  90534  1.000  3  2014   60  20.23  56718.038  155.1  2.443e+01 
  90535  0.667  2  2014   60  20.84  56718.064  155.1  1.774e+01 
  90536  0.667  2  2014   60  21.22  56718.080  155.1  1.775e+01 
  90537  0.667  2  2014   60  21.87  56718.107  155.0  1.961e+01 
  90538  0.667  2  2014   60  22.26  56718.123  155.0  2.056e+01 
  90540  1.159  1  2014   60  23.18  56718.161  155.0  2.247e+01 
  90541  1.159  1  2014   60  23.80  56718.187  155.0  2.192e+01 
  90586  0.683  1  2014   61  22.18  56719.120  154.6  1.552e+01 
  90587  0.683  1  2014   61  22.56  56719.135  154.5  1.333e+01 
  90630  1.335  1  2014   62  20.04  56720.030  154.1  3.539e+01 
  90632  1.897  1  2014   62  21.07  56720.074  154.0  2.520e+01 
  90634  1.775  1  2014   62  22.46  56720.132  154.0  2.349e+01 
  90636  0.408  1  2014   62  23.12  56720.159  154.0  2.447e+01 
  90641  0.628  1  2014   63   1.97  56720.278  154.0  2.991e+01 
  90642  0.628  1  2014   63   2.33  56720.293  153.9  3.139e+01 
  90643  0.628  1  2014   63   2.68  56720.307  153.9  2.659e+01 
  90644  0.628  1  2014   63   3.12  56720.326  153.9  2.758e+01 
  90645  1.256  1  2014   63   3.65  56720.348  153.9  2.830e+01 
  90646  0.781  1  2014   63   4.30  56720.375  153.9  2.994e+01 
  90678  1.444  1  2014   63  20.15  56721.035  153.6  2.658e+01 
  90680  1.444  1  2014   63  21.04  56721.072  153.5  2.546e+01 
  90682  1.775  1  2014   63  22.03  56721.113  153.5  2.331e+01 
  90684  1.775  1  2014   63  23.04  56721.156  153.5  2.234e+01 
  90686  1.775  1  2014   64   0.06  56721.198  153.5  2.665e+01 
  90688  1.775  1  2014   64   1.09  56721.241  153.4  2.197e+01 
  90690  1.411  1  2014   64   2.29  56721.291  153.4  3.195e+01 
  90691  0.481  1  2014   64   2.81  56721.313  153.4  3.339e+01 
  90693  1.887  1  2014   64   3.56  56721.344  153.4  2.979e+01 
  90694  1.118  1  2014   64   4.46  56721.381  153.3  3.071e+01 
  90728  1.116  1  2014   64  21.40  56722.087  153.0  2.151e+01 
  90731  0.937  1  2014   64  22.52  56722.134  153.0  2.536e+01 
  90732  0.440  1  2014   64  23.05  56722.156  153.0  2.658e+01 
  90733  1.176  1  2014   64  23.61  56722.179  153.0  2.688e+01 
  90734  0.436  1  2014   65   0.21  56722.204  153.0  1.995e+01 
  90735  1.891  1  2014   65   0.95  56722.235  153.0  2.758e+01 
  90738  1.891  1  2014   65   2.05  56722.281  153.0  2.799e+01 
  90740  1.891  1  2014   65   3.15  56722.327  153.0  3.125e+01 
  90742  1.137  1  2014   65   4.06  56722.365  153.0  2.060e+01 
  90824  0.404  1  2014   66  21.30  56724.083  152.7  1.934e+01 
  90825  1.212  3  2014   66  21.73  56724.101  152.7  1.781e+01 
  90827  1.212  3  2014   66  22.73  56724.143  152.6  1.675e+01 
  90828  0.404  1  2014   66  23.17  56724.161  152.6  2.543e+01 
  90829  0.683  1  2014   66  23.89  56724.191  152.6  2.360e+01 
  90830  0.683  1  2014   67   0.27  56724.207  152.6  1.127e+01 
  90835  0.667  1  2014   67   2.73  56724.309  152.6  2.517e+01 
  90836  0.667  1  2014   67   3.09  56724.324  152.6  1.667e+01 
  90837  0.971  2  2014   67   3.85  56724.356  152.6  2.034e+01 
  90878  0.491  1  2014   68   0.15  56725.202  152.2  2.866e+01 
  90978  1.000  1  2014   70   2.23  56727.289  151.3  2.567e+01 
  90979  1.000  1  2014   70   2.75  56727.310  151.3  2.495e+01 
  90980  1.000  1  2014   70   3.38  56727.336  151.2  2.749e+01 
  90981  1.000  1  2014   70   3.90  56727.358  151.2  1.876e+01 
  91026  0.667  1  2014   71   2.40  56728.296  150.6  2.964e+01 
  91027  0.667  1  2014   71   2.76  56728.311  150.6  1.825e+01 
  91028  0.482  1  2014   71   3.38  56728.336  150.6  1.800e+01 
  91029  0.964  2  2014   71   3.77  56728.353  150.6  1.779e+01 
  91030  0.482  1  2014   71   4.16  56728.369  150.6  2.076e+01 
  91598  0.404  1  2014   83   0.33  56740.209  148.2  2.131e+01 
  91599  1.212  3  2014   83   0.76  56740.227  148.2  2.766e+01 
  91601  1.333  2  2014   83   1.78  56740.270  148.1  3.000e+01 
  91603  0.667  1  2014   83   2.76  56740.311  148.1  2.470e+01 
  91604  0.667  1  2014   83   3.12  56740.326  148.1  3.199e+01 
  91605  0.667  1  2014   83   3.80  56740.354  148.1  3.328e+01 
  91606  0.667  1  2014   83   4.17  56740.369  148.1  2.908e+01 
  91643  1.159  1  2014   83  23.00  56741.154  147.7  2.400e+01 
  91645  1.159  1  2014   83  23.61  56741.179  147.7  1.994e+01 
  91648  0.918  1  2014   84   1.10  56741.241  147.6  3.049e+01 
  91649  0.918  1  2014   84   1.60  56741.262  147.6  2.530e+01 
  91651  1.159  1  2014   84   2.78  56741.311  147.6  3.723e+01 
  91652  1.159  1  2014   84   3.39  56741.337  147.6  3.584e+01 
  91693  1.159  1  2014   84  23.62  56742.180  147.0  2.915e+01 
  91694  1.159  1  2014   85   0.23  56742.205  147.0  2.640e+01 
  91696  1.159  1  2014   85   1.44  56742.255  146.9  1.807e+01 
  91698  1.159  1  2014   85   2.05  56742.281  146.9  2.623e+01 
  91700  0.964  2  2014   85   3.18  56742.328  146.9  2.620e+01 
  91701  0.964  2  2014   85   3.70  56742.350  146.9  2.708e+01 
  91741  1.312  1  2014   85  23.69  56743.183  146.5  1.900e+01 
  91742  1.312  1  2014   86   0.37  56743.211  146.4  2.181e+01 
  91782  1.366  2  2014   86  20.22  56744.038  146.1  2.569e+01 
  91784  0.683  1  2014   86  21.17  56744.078  146.1  2.382e+01 
  91785  0.683  1  2014   86  21.55  56744.093  146.1  3.194e+01 
  91786  0.683  1  2014   86  22.39  56744.128  146.0  2.882e+01 
  91787  0.683  1  2014   86  22.77  56744.144  146.0  1.823e+01 
  91789  1.000  2  2014   86  23.65  56744.181  146.0  2.695e+01 
  91790  1.000  2  2014   87   0.20  56744.204  146.0  2.829e+01 
  91791  0.500  1  2014   87   0.79  56744.228  146.0  2.775e+01 
  91792  0.500  1  2014   87   1.07  56744.240  146.0  2.419e+01 
  91834  1.312  1  2014   87  22.20  56745.121  145.9  2.816e+01 
  91835  1.312  1  2014   87  22.88  56745.149  145.9  2.342e+01 
  91839  0.798  1  2014   88   0.86  56745.232  145.9  2.703e+01 
  91840  0.798  1  2014   88   1.28  56745.249  145.9  2.585e+01 
  91877  0.828  1  2014   88  19.89  56746.025  146.0  3.943e+01 
  91879  0.828  1  2014   88  20.89  56746.066  146.0  4.859e+01 
  91881  0.828  1  2014   88  21.51  56746.092  146.0  3.866e+01 
  91886  0.828  1  2014   89   0.19  56746.203  146.0  3.703e+01 
  91887  0.994  1  2014   89   0.83  56746.230  146.0  1.268e+01 
  91891  0.994  1  2014   89   2.76  56746.310  146.0  2.267e+01 
  91895  0.828  1  2014   89   4.84  56746.397  146.0  1.749e+01 
  92073  1.040  3  2014   92  21.75  56750.102  147.6  3.130e+01 
  92074  0.347  1  2014   92  22.17  56750.119  147.6  3.221e+01 
  92075  0.693  2  2014   92  22.80  56750.146  147.6  2.976e+01 
  92076  0.693  2  2014   92  23.22  56750.163  147.7  3.205e+01 
  92276  1.099  2  2014   97   3.25  56754.331  151.0  2.862e+01 
  92277  0.549  1  2014   97   3.68  56754.349  151.0  2.894e+01 
  92318  0.661  1  2014   98   0.35  56755.210  151.2  2.294e+01 
  92320  1.099  2  2014   98   1.17  56755.244  151.2  1.590e+01 
  92321  0.549  1  2014   98   1.60  56755.262  151.2  2.234e+01 
  92322  0.487  1  2014   98   2.37  56755.294  151.3  2.011e+01 
  92323  0.974  1  2014   98   2.75  56755.310  151.3  2.378e+01 
  92324  0.746  1  2014   98   3.41  56755.338  151.3  2.190e+01 
  92325  0.746  1  2014   98   3.84  56755.355  151.3  3.112e+01 
  92837  1.789  1  2014  108  19.81  56766.021  143.2  9.230e+01 
  92886  1.176  1  2014  109  20.04  56767.031  143.0  6.085e+01 
  92887  0.436  1  2014  109  20.68  56767.057  143.0  6.320e+01 
  92888  1.933  1  2014  109  21.47  56767.090  143.0  5.179e+01 
  92933  2.457  1  2014  110  19.55  56768.010  142.8  5.614e+01 
  92935  0.878  1  2014  110  20.53  56768.051  142.8  5.782e+01 
  92936  0.993  1  2014  110  21.08  56768.074  142.7  5.971e+01 
  92937  0.878  1  2014  110  21.71  56768.100  142.7  5.940e+01 
  92938  0.586  1  2014  110  22.15  56768.118  142.7  6.131e+01 
  92980  0.878  1  2014  111  19.34  56769.002  142.6  4.876e+01 
  92982  1.176  1  2014  111  20.03  56769.030  142.6  6.411e+01 
  92984  1.119  1  2014  111  21.02  56769.071  142.6  5.389e+01 
  92986  1.602  1  2014  111  22.13  56769.118  142.7  5.935e+01 
  93029  1.040  3  2014  112  19.76  56770.019  143.0  5.065e+01 
  93030  0.347  1  2014  112  20.17  56770.036  143.0  5.090e+01 
  93031  0.808  2  2014  112  20.85  56770.064  143.0  4.796e+01 
  93032  0.808  2  2014  112  21.28  56770.082  143.0  5.159e+01 
  93033  0.404  1  2014  112  21.93  56770.109  143.0  4.056e+01 
  93034  0.808  2  2014  112  22.26  56770.123  143.0  4.450e+01 
  93035  0.404  1  2014  112  22.58  56770.136  143.0  4.310e+01 
  93036  0.746  1  2014  112  23.21  56770.163  143.0  4.180e+01 
  93037  0.746  1  2014  112  23.64  56770.180  143.0  4.066e+01 
  93079  0.404  1  2014  113  20.95  56771.068  143.4  4.970e+01 
  93080  0.808  2  2014  113  21.27  56771.082  143.4  4.539e+01 
  93081  0.404  1  2014  113  21.59  56771.095  143.4  3.784e+01 
  93082  0.808  2  2014  113  22.20  56771.120  143.4  3.691e+01 
  93083  0.808  2  2014  113  22.63  56771.138  143.4  3.714e+01 
  93084  0.368  1  2014  113  23.30  56771.166  143.4  3.673e+01 
  93085  1.103  3  2014  113  23.73  56771.184  143.4  4.111e+01 
  93091  0.746  1  2014  114   2.93  56771.318  143.5  3.642e+01 
  93092  0.746  1  2014  114   3.36  56771.335  143.5  4.513e+01 
  93094  0.766  1  2014  114   4.12  56771.367  143.5  5.390e+01 
  93095  0.766  1  2014  114   4.53  56771.384  143.5  5.494e+01 
  93123  0.404  1  2014  114  18.92  56771.984  143.8  4.337e+01 
  93124  0.808  2  2014  114  19.25  56771.997  143.8  4.449e+01 
  93125  0.404  1  2014  114  19.57  56772.011  143.8  3.966e+01 
  93140  1.462  1  2014  115   3.08  56772.324  143.9  4.922e+01 
  93180  0.487  1  2014  115  23.43  56773.172  144.4  4.098e+01 
  93181  0.974  1  2014  115  23.82  56773.188  144.4  5.166e+01 
  93221  1.067  1  2014  116  19.90  56774.025  145.0  4.844e+01 
  93223  0.404  1  2014  116  20.98  56774.070  145.0  4.173e+01 
  93224  0.808  2  2014  116  21.31  56774.083  145.0  4.812e+01 
  93225  0.404  1  2014  116  21.63  56774.097  145.0  4.022e+01 
  93226  0.808  2  2014  116  22.20  56774.120  145.0  4.385e+01 
  93227  0.808  2  2014  116  22.63  56774.138  145.1  4.463e+01 
  93228  0.491  1  2014  116  23.23  56774.164  145.1  4.964e+01 
  93229  0.981  1  2014  116  23.62  56774.180  145.1  5.717e+01 
  93373  0.799  1  2014  119  23.75  56777.185  145.9  1.693e+01 
  93374  0.799  1  2014  120   0.17  56777.203  145.9  2.400e+01 
  93411  0.333  1  2014  120  18.73  56777.976  145.3  4.253e+01 
  93413  1.660  1  2014  120  19.53  56778.009  145.3  3.281e+01 
  93414  0.644  1  2014  120  20.45  56778.048  145.3  3.053e+01 
  93415  0.644  1  2014  120  20.80  56778.062  145.3  3.185e+01 
  93417  1.660  1  2014  120  21.63  56778.097  145.3  3.234e+01 
  93419  0.746  1  2014  120  22.76  56778.144  145.2  3.696e+01 
  93420  0.746  1  2014  120  23.19  56778.162  145.2  4.499e+01 
  93421  0.746  1  2014  120  23.91  56778.192  145.2  4.887e+01 
  93422  0.746  1  2014  121   0.33  56778.209  145.2  5.749e+01 
  93507  0.667  2  2014  122  18.89  56779.983  144.1  3.831e+01 
  93508  0.667  2  2014  122  19.29  56779.999  144.0  4.682e+01 
  93575  1.531  2  2014  124   4.79  56781.395  142.6  4.575e+01 
  93710  0.333  1  2014  127   0.45  56784.214  139.8  6.990e+01 
  93711  0.667  2  2014  127   0.81  56784.229  139.8  5.667e+01 
  93712  0.667  2  2014  127   1.25  56784.248  139.8  6.087e+01 
  93713  1.000  3  2014  127   1.79  56784.270  139.7  4.911e+01 
  93716  1.036  1  2014  127   3.15  56784.327  139.7  5.864e+01 
  93717  1.036  1  2014  127   3.71  56784.350  139.7  4.985e+01 
  93718  0.772  1  2014  127   4.49  56784.383  139.7  6.045e+01 
  93719  0.772  1  2014  127   4.92  56784.400  139.7  5.681e+01 
  93760  0.333  1  2014  128   1.44  56785.256  139.1  4.875e+01 
  93761  0.667  2  2014  128   1.73  56785.268  139.1  5.363e+01 
  93762  0.333  1  2014  128   2.02  56785.280  139.1  5.895e+01 
  93766  0.333  1  2014  128   4.35  56785.377  139.1  5.735e+01 
  93767  1.000  3  2014  128   4.74  56785.393  139.1  5.805e+01 
  94725  0.746  1  2014  148   3.99  56805.362  124.0  2.578e+01 
  94726  0.746  1  2014  148   4.41  56805.379  124.0  3.000e+01 
  94755  1.660  1  2014  148  18.86  56805.981  124.2  3.703e+01 
  94758  1.660  1  2014  148  20.04  56806.030  124.3  3.026e+01 
  94851  0.644  1  2014  150  18.84  56807.980  126.3  3.717e+01 
  94852  0.644  1  2014  150  19.19  56807.995  126.3  3.692e+01 
  94856  1.300  2  2014  150  21.24  56808.081  126.4  2.665e+01 
  94858  0.650  1  2014  150  22.18  56808.120  126.4  2.847e+01 
  94859  0.650  1  2014  150  22.54  56808.135  126.4  2.771e+01 
  94901  1.660  1  2014  151  19.98  56809.028  127.1  2.799e+01 
  94910  1.000  1  2014  152   0.38  56809.212  127.2  2.376e+01 
  94911  1.000  1  2014  152   0.91  56809.234  127.2  2.798e+01 
  94913  1.000  1  2014  152   1.97  56809.277  127.3  3.271e+01 
  94914  1.000  1  2014  152   2.49  56809.299  127.3  4.000e+01 
  94947  0.484  1  2014  152  18.91  56809.983  127.7  3.346e+01 
  94948  0.969  2  2014  152  19.30  56810.000  127.7  2.745e+01 
  94949  0.484  1  2014  152  19.68  56810.016  127.7  2.216e+01 
  94964  0.944  2  2014  153   3.34  56810.335  127.9  4.774e+01 
  94965  0.944  2  2014  153   3.85  56810.356  127.9  5.078e+01 
  94967  0.472  1  2014  153   4.66  56810.390  127.9  4.855e+01 
  94995  0.690  1  2014  153  19.00  56810.987  128.2  3.727e+01 
  94996  0.690  1  2014  153  19.37  56811.003  128.2  3.338e+01 
  94998  1.409  1  2014  153  20.07  56811.032  128.2  4.646e+01 
  94999  1.409  1  2014  153  20.93  56811.068  128.2  5.493e+01 
  95001  1.409  1  2014  153  21.87  56811.107  128.2  4.257e+01 
  95003  1.409  1  2014  153  22.72  56811.142  128.2  5.578e+01 
  95104  1.462  1  2014  156   1.23  56813.247  128.2  2.287e+01 
  95110  1.660  1  2014  156   4.01  56813.363  128.2  2.387e+01 
  95112  1.660  1  2014  156   5.16  56813.411  128.2  2.435e+01 
  95152  1.000  1  2014  157   1.05  56814.239  128.2  1.881e+01 
  95153  1.050  1  2014  157   1.91  56814.275  128.2  1.991e+01 
  95154  1.050  1  2014  157   2.45  56814.298  128.2  1.789e+01 
  95158  0.766  1  2014  157   4.44  56814.381  128.2  2.255e+01 
  95159  0.766  1  2014  157   4.85  56814.398  128.2  1.862e+01 
  95252  0.502  1  2014  159   3.24  56816.331  127.0  3.630e+01 
  95253  1.004  1  2014  159   3.66  56816.348  127.0  5.267e+01 
  95302  1.492  2  2014  160   4.29  56817.374  126.6  2.418e+01 
  95350  0.944  2  2014  161   4.21  56818.371  126.1  3.130e+01 
  95351  0.472  1  2014  161   4.59  56818.387  126.0  1.809e+01 
  95399  1.506  1  2014  162   4.93  56819.401  125.7  5.577e+01 
  95769  0.703  2  2014  169  21.84  56827.106  130.4  2.179e+01 
  95770  0.703  2  2014  169  22.26  56827.123  130.4  2.405e+01 
  95862  0.749  1  2014  171  20.43  56829.047  134.2  2.875e+01 
  95863  0.749  1  2014  171  20.85  56829.064  134.2  2.460e+01 
  95864  0.749  1  2014  171  21.32  56829.084  134.3  2.549e+01 
  95865  0.749  1  2014  171  21.72  56829.101  134.3  2.730e+01 
  95879  1.660  1  2014  172   4.80  56829.396  134.9  2.541e+01 
  95913  0.662  1  2014  172  21.74  56830.101  136.2  2.432e+01 
  95914  1.324  2  2014  172  22.27  56830.124  136.3  2.526e+01 
  95915  0.662  1  2014  172  22.80  56830.146  136.3  2.276e+01 
  95924  0.746  1  2014  173   3.33  56830.334  136.6  2.954e+01 
  95925  0.746  1  2014  173   3.75  56830.352  136.6  3.219e+01 
  95926  0.746  1  2014  173   4.30  56830.375  136.7  3.324e+01 
  95927  0.746  1  2014  173   4.72  56830.392  136.7  3.800e+01 
  95974  1.531  2  2014  174   4.23  56831.372  138.3  3.307e+01 
  96006  0.368  1  2014  174  20.36  56832.044  139.3  3.102e+01 
  96007  0.735  2  2014  174  20.69  56832.058  139.3  2.216e+01 
  96023  0.766  1  2014  175   4.80  56832.396  139.7  5.201e+01 
  96024  0.766  1  2014  175   5.21  56832.413  139.7  5.445e+01 
  96119  1.506  1  2014  177   4.64  56834.389  142.0  3.270e+01 
  96291  0.426  1  2014  180  18.85  56837.981  144.9  3.484e+01 
  96293  0.426  1  2014  180  19.59  56838.012  144.9  2.417e+01 
  96353  0.766  1  2014  182   1.80  56839.270  145.2  4.294e+01 
  96354  0.766  1  2014  182   2.21  56839.287  145.2  4.732e+01 
  96356  1.531  2  2014  182   3.26  56839.332  145.2  3.960e+01 
  96358  0.792  1  2014  182   4.20  56839.371  145.2  3.678e+01 
  96359  0.792  1  2014  182   4.62  56839.388  145.2  3.787e+01 
  96406  0.792  1  2014  183   4.50  56840.383  144.9  2.205e+01 
  96407  0.792  1  2014  183   4.91  56840.400  144.9  2.337e+01 
  96451  1.660  1  2014  184   2.76  56841.311  144.3  2.268e+01 
  96453  1.660  1  2014  184   3.90  56841.358  144.3  2.536e+01 
  96455  1.660  1  2014  184   4.85  56841.398  144.3  2.637e+01 
  96498  1.660  1  2014  185   2.02  56842.280  143.7  1.875e+01 
  97211  1.000  1  2014  199  22.92  56857.151  136.3  2.126e+01 
  97212  1.000  1  2014  199  23.45  56857.173  136.3  2.082e+01 
  97214  1.000  1  2014  200   0.47  56857.215  136.2  2.193e+01 
  97215  1.000  1  2014  200   1.00  56857.237  136.2  1.967e+01 
  97217  0.766  1  2014  200   1.73  56857.268  136.2  3.731e+01 
  97218  0.766  1  2014  200   2.14  56857.285  136.1  3.563e+01 
  97220  1.531  2  2014  200   3.22  56857.330  136.1  4.177e+01 
  97222  0.639  1  2014  200   4.33  56857.376  136.1  4.644e+01 
  97223  0.639  1  2014  200   4.67  56857.390  136.0  3.025e+01 
  97251  0.426  1  2014  200  18.93  56857.984  135.4  2.957e+01 
  97253  0.426  1  2014  200  19.67  56858.015  135.3  3.665e+01 
  97270  0.639  1  2014  201   4.46  56858.382  134.7  4.694e+01 
  97271  0.639  1  2014  201   4.81  56858.396  134.6  4.122e+01 
  97555  0.792  1  2014  207   2.65  56864.306  124.2  2.134e+01 
  97556  0.792  1  2014  207   3.07  56864.323  124.2  2.685e+01 
  97557  0.792  1  2014  207   3.88  56864.357  124.2  2.534e+01 
  97558  0.792  1  2014  207   4.30  56864.375  124.2  2.538e+01 
  97648  1.660  1  2014  209   1.11  56866.242  123.2  1.482e+01 
  97650  0.404  1  2014  209   2.34  56866.293  123.2  1.645e+01 
  97651  1.212  3  2014  209   2.77  56866.311  123.2  2.192e+01 
  97653  0.808  2  2014  209   3.84  56866.355  123.2  2.641e+01 
  97654  0.808  2  2014  209   4.27  56866.373  123.2  3.125e+01 
  97695  1.660  1  2014  210   0.51  56867.217  123.2  1.683e+01 
  97697  1.660  1  2014  210   1.90  56867.275  123.2  1.507e+01 
  97699  0.808  2  2014  210   2.89  56867.316  123.2  1.692e+01 
  97700  0.808  2  2014  210   3.32  56867.334  123.2  1.320e+01 
  97701  0.404  1  2014  210   3.96  56867.361  123.2  1.982e+01 
  97702  0.808  2  2014  210   4.28  56867.374  123.2  1.816e+01 
  97703  0.404  1  2014  210   4.61  56867.388  123.2  1.190e+01 
  97783  1.506  1  2014  211  20.70  56869.058  123.8  1.910e+01 
  97799  1.506  1  2014  212   4.65  56869.389  124.0  2.997e+01 
  97828  1.506  1  2014  212  19.40  56870.004  124.3  2.523e+01 
  97986  1.050  1  2014  216   2.13  56873.284  127.1  3.027e+01 
  97987  1.050  1  2014  216   2.68  56873.307  127.1  2.747e+01 
  97988  0.746  1  2014  216   3.49  56873.341  127.1  3.485e+01 
  97989  0.746  1  2014  216   3.92  56873.359  127.2  3.042e+01 
  97991  0.792  1  2014  216   4.67  56873.390  127.2  2.935e+01 
  97992  0.792  1  2014  216   5.09  56873.407  127.2  2.468e+01 
  98603  0.733  1  2014  228  22.98  56886.153  125.3  3.006e+01 
  98604  0.733  1  2014  228  23.38  56886.170  125.3  2.524e+01 
  98650  0.500  1  2014  229  22.37  56887.128  124.3  2.013e+01 
  98651  1.000  2  2014  229  22.81  56887.146  124.3  2.319e+01 
  98652  0.500  1  2014  229  23.24  56887.164  124.3  2.112e+01 
  98653  0.500  1  2014  229  23.87  56887.190  124.3  1.720e+01 
  98654  1.000  2  2014  230   0.30  56887.208  124.3  2.127e+01 
  98655  0.500  1  2014  230   0.74  56887.226  124.3  2.137e+01 
  98656  1.000  2  2014  230   1.30  56887.250  124.3  2.079e+01 
  98657  0.500  1  2014  230   1.76  56887.269  124.3  2.343e+01 
  98658  0.500  1  2014  230   2.03  56887.280  124.3  2.174e+01 
  98659  1.000  2  2014  230   2.66  56887.307  124.2  2.595e+01 
  98660  1.000  2  2014  230   3.26  56887.331  124.2  2.278e+01 
  98664  0.500  1  2014  230   5.21  56887.413  124.2  3.043e+01 
  98699  0.767  1  2014  230  22.80  56888.146  123.8  2.680e+01 
  98700  0.767  1  2014  230  23.22  56888.163  123.7  2.915e+01 
  98702  0.500  1  2014  231   0.42  56888.213  123.7  2.692e+01 
  98703  0.500  1  2014  231   0.69  56888.224  123.7  2.660e+01 
  98704  1.000  2  2014  231   1.15  56888.243  123.7  2.696e+01 
  98711  1.000  2  2014  231   4.76  56888.394  123.6  3.702e+01 
  98758  0.500  1  2014  232   4.31  56889.375  123.3  2.818e+01 
  98759  1.000  2  2014  232   4.75  56889.393  123.3  3.013e+01 
  98760  0.500  1  2014  232   5.18  56889.412  123.3  3.730e+01 
  98943  1.026  1  2014  236   0.73  56893.226  126.0  2.934e+01 
  99043  0.746  1  2014  238   2.64  56895.306  130.1  1.620e+01 
  99044  0.746  1  2014  238   3.07  56895.323  130.2  1.986e+01 
  99045  1.356  1  2014  238   3.99  56895.362  130.3  4.629e+01 
  99090  1.599  2  2014  239   2.21  56896.288  132.2  3.273e+01 
  99092  1.036  1  2014  239   3.17  56896.328  132.3  3.975e+01 
  99130  0.749  1  2014  239  22.21  56897.121  134.1  3.527e+01 
  99131  0.749  1  2014  239  22.62  56897.138  134.2  3.760e+01 
  99132  0.749  1  2014  239  23.34  56897.168  134.3  3.478e+01 
  99133  0.749  1  2014  239  23.75  56897.185  134.3  2.898e+01 
  99134  0.749  1  2014  240   0.31  56897.208  134.4  3.261e+01 
  99135  0.749  1  2014  240   0.72  56897.226  134.4  3.258e+01 
  99274  1.013  1  2014  242  22.36  56900.127  139.2  2.838e+01 
  99275  1.013  1  2014  242  22.91  56900.150  139.2  2.111e+01 
  99281  1.014  1  2014  243   1.53  56900.259  139.3  2.075e+01 
  99282  1.014  1  2014  243   2.08  56900.282  139.3  2.659e+01 
  99283  1.013  1  2014  243   2.90  56900.316  139.4  2.506e+01 
  99284  1.013  1  2014  243   3.44  56900.339  139.4  2.533e+01 
  99286  1.014  1  2014  243   4.42  56900.380  139.4  2.553e+01 
  99287  1.014  1  2014  243   4.97  56900.403  139.5  2.369e+01 
  99330  1.014  1  2014  244   2.37  56901.294  140.4  2.610e+01 
  99331  1.014  1  2014  244   2.92  56901.317  140.4  2.537e+01 
  99333  1.000  1  2014  244   3.71  56901.350  140.5  2.121e+01 
  99334  1.000  1  2014  244   4.26  56901.373  140.5  2.151e+01 
  99335  0.514  1  2014  244   4.80  56901.396  140.5  2.973e+01 
  99336  0.514  1  2014  244   5.10  56901.408  140.5  3.020e+01 
  99377  1.014  1  2014  245   1.64  56902.264  141.3  2.262e+01 
  99378  1.014  1  2014  245   2.19  56902.287  141.3  2.024e+01 
  99379  1.015  1  2014  245   2.95  56902.318  141.3  2.812e+01 
  99380  1.015  1  2014  245   3.50  56902.341  141.4  2.895e+01 
  99382  1.015  1  2014  245   4.16  56902.369  141.4  3.119e+01 
  99383  1.015  1  2014  245   4.71  56902.392  141.4  2.924e+01 
 101385  0.333  1  2014  286  21.87  56944.107  155.1  4.461e+01 
 101386  0.333  1  2014  286  22.30  56944.125  155.1  4.210e+01 
 101387  0.333  1  2014  286  22.52  56944.134  155.1  3.123e+01 
 101587  1.506  1  2014  291   2.58  56948.303  156.0  3.804e+01 
 101589  1.506  1  2014  291   3.68  56948.349  155.9  3.643e+01 
 101627  1.212  3  2014  291  22.73  56949.143  155.7  1.728e+01 
 101628  0.404  1  2014  291  23.16  56949.161  155.7  1.731e+01 
 101629  0.513  1  2014  291  23.72  56949.184  155.7  3.121e+01 
 101630  0.513  1  2014  292   0.01  56949.196  155.7  2.975e+01 
 101631  0.639  1  2014  292   0.75  56949.227  155.7  2.963e+01 
 101632  1.276  2  2014  292   1.28  56949.249  155.6  2.952e+01 
 101633  0.637  1  2014  292   1.80  56949.271  155.6  3.284e+01 
 101635  1.000  2  2014  292   2.70  56949.308  155.6  3.300e+01 
 101636  1.000  2  2014  292   3.25  56949.331  155.6  3.377e+01 
 101638  0.980  1  2014  292   4.05  56949.364  155.6  3.086e+01 
 101673  0.376  1  2014  292  21.75  56950.102  155.3  4.473e+01 
 101674  0.376  1  2014  292  22.50  56950.133  155.3  3.808e+01 
 101677  0.347  1  2014  292  23.75  56950.185  155.3  3.904e+01 
 101678  0.695  1  2014  293   0.02  56950.197  155.3  3.523e+01 
 101680  1.166  3  2014  293   1.22  56950.247  155.3  2.573e+01 
 101681  0.693  1  2014  293   1.81  56950.271  155.3  2.823e+01 
 101682  1.475  1  2014  293   2.48  56950.299  155.3  3.749e+01 
 101685  1.042  2  2014  293   3.84  56950.356  155.3  3.679e+01 
 101721  1.000  2  2014  293  21.65  56951.097  155.1  2.828e+01 
 101722  1.000  2  2014  293  22.20  56951.120  155.1  2.818e+01 
 101723  0.513  1  2014  293  22.91  56951.150  155.1  4.400e+01 
 101724  0.513  1  2014  293  23.21  56951.163  155.1  3.170e+01 
 101725  0.639  1  2014  293  23.97  56951.194  155.1  3.195e+01 
 101726  0.639  1  2014  294   0.31  56951.209  155.1  2.823e+01 
 101727  0.637  1  2014  294   0.68  56951.224  155.1  3.889e+01 
 101728  0.637  1  2014  294   1.03  56951.238  155.1  4.053e+01 
 101732  1.011  2  2014  294   3.22  56951.330  155.1  3.299e+01 
 101733  1.011  2  2014  294   3.78  56951.353  155.1  3.751e+01 
 101813  1.000  2  2014  295  19.83  56953.022  155.3  3.624e+01 
 101814  0.500  1  2014  295  20.24  56953.039  155.3  3.180e+01 
 101815  0.500  1  2014  295  20.52  56953.050  155.3  3.609e+01 
 101816  0.748  2  2014  295  21.12  56953.076  155.3  3.012e+01 
 101817  0.652  1  2014  295  21.79  56953.104  155.4  2.831e+01 
 101818  0.652  1  2014  295  22.13  56953.118  155.4  2.610e+01 
 101819  1.027  2  2014  295  22.73  56953.143  155.4  3.058e+01 
 101821  1.279  2  2014  295  23.77  56953.186  155.4  2.630e+01 
 101822  0.637  1  2014  296   0.31  56953.208  155.4  2.552e+01 
 101823  0.637  1  2014  296   0.65  56953.223  155.5  3.960e+01 
 101824  0.500  1  2014  296   1.29  56953.249  155.5  2.807e+01 
 101825  1.000  2  2014  296   1.71  56953.267  155.5  4.184e+01 
 101826  0.500  1  2014  296   2.12  56953.284  155.5  3.466e+01 
 101827  0.653  1  2014  296   2.76  56953.310  155.5  4.289e+01 
 101828  0.653  1  2014  296   3.10  56953.325  155.6  3.724e+01 
 101872  0.986  1  2014  297   1.12  56954.242  156.2  3.254e+01 
 101873  0.986  1  2014  297   1.63  56954.263  156.2  3.446e+01 
 101874  0.500  1  2014  297   2.35  56954.293  156.2  4.363e+01 
 101875  1.000  2  2014  297   2.76  56954.311  156.2  3.880e+01 
 101876  0.500  1  2014  297   3.18  56954.328  156.2  3.924e+01 
 101910  1.506  1  2014  297  20.08  56955.032  156.7  3.168e+01 
 101911  0.486  1  2014  297  20.99  56955.070  156.7  3.496e+01 
 101912  0.486  1  2014  297  21.25  56955.081  156.8  3.863e+01 
 101914  1.658  1  2014  297  22.19  56955.120  156.8  3.769e+01 
 101916  1.658  1  2014  297  23.36  56955.169  156.9  3.676e+01 
 101918  0.972  2  2014  298   0.17  56955.203  156.9  3.679e+01 
 101920  0.989  1  2014  298   1.02  56955.238  156.9  3.186e+01 
 101921  0.989  1  2014  298   1.91  56955.275  157.0  3.799e+01 
 101958  1.506  1  2014  298  20.08  56956.032  157.8  2.636e+01 
 102005  1.506  1  2014  299  19.99  56957.028  158.5  3.246e+01 
 102008  1.506  1  2014  299  21.23  56957.080  158.5  2.998e+01 
 102010  1.506  1  2014  299  22.45  56957.131  158.5  2.599e+01 
 102013  1.506  1  2014  299  23.53  56957.176  158.6  2.744e+01 
 102015  1.506  1  2014  300   0.52  56957.217  158.6  2.374e+01 
 102017  1.506  1  2014  300   1.77  56957.269  158.6  2.788e+01 
 102019  1.506  1  2014  300   2.73  56957.309  158.7  2.856e+01 
 102060  1.658  1  2014  300  23.35  56958.168  159.0  5.347e+01 
 102062  0.506  1  2014  301   0.43  56958.214  159.0  6.909e+01 
 102063  1.011  2  2014  301   0.85  56958.231  159.0  6.495e+01 
 102064  0.506  1  2014  301   1.26  56958.248  159.0  5.368e+01 
 102105  0.667  2  2014  301  21.75  56959.102  159.2  5.609e+01 
 102106  0.667  2  2014  301  22.14  56959.118  159.2  4.965e+01 
 102108  0.989  1  2014  301  23.21  56959.163  159.2  3.528e+01 
 102110  0.989  1  2014  302   0.04  56959.197  159.2  2.997e+01 
 102111  0.989  1  2014  302   0.68  56959.224  159.2  4.017e+01 
 102150  0.342  1  2014  302  20.35  56960.043  159.7  5.206e+01 
 102151  1.027  3  2014  302  20.73  56960.059  159.7  4.649e+01 
 102152  0.684  2  2014  302  21.24  56960.081  159.7  4.788e+01 
 102153  1.027  3  2014  302  21.76  56960.102  159.7  4.632e+01 
 102154  0.342  1  2014  302  22.14  56960.118  159.7  4.124e+01 
 102155  0.989  1  2014  302  22.60  56960.137  159.7  3.720e+01 
 102157  1.393  1  2014  302  23.97  56960.194  159.7  4.916e+01 
 102159  1.027  1  2014  303   0.88  56960.232  159.7  4.605e+01 
 102161  1.393  1  2014  303   1.79  56960.270  159.8  4.751e+01 
 102163  1.393  1  2014  303   2.80  56960.312  159.8  5.537e+01 
 102165  1.259  1  2014  303   3.77  56960.353  159.8  4.365e+01 
 102200  0.911  1  2014  303  21.22  56961.080  160.1  6.162e+01 
 102203  0.444  1  2014  303  22.92  56961.151  160.1  4.948e+01 
 102207  1.333  1  2014  304   0.72  56961.225  160.1  4.370e+01 
 102208  0.444  1  2014  304   1.29  56961.250  160.1  4.230e+01 
 102209  1.778  1  2014  304   1.88  56961.274  160.1  5.188e+01 
 102629  0.495  1  2014  312  19.78  56970.020  148.2  2.092e+01 
 102726  0.495  1  2014  314  20.46  56972.048  145.8  2.895e+01 
 102727  0.495  1  2014  314  20.94  56972.068  145.8  2.965e+01 
 102773  0.495  1  2014  315  19.78  56973.020  145.2  1.216e+01 
 102774  0.495  1  2014  315  20.31  56973.042  145.2  1.352e+01 
 102776  0.495  1  2014  315  21.01  56973.071  145.3  1.200e+01 
 102821  0.495  1  2014  316  19.85  56974.023  145.9  1.957e+01 
 102822  0.495  1  2014  316  20.11  56974.033  145.9  1.628e+01 
 102823  0.495  1  2014  316  20.52  56974.051  146.0  1.922e+01 
 102869  0.495  1  2014  317  19.99  56975.028  147.2  3.173e+01 
 102871  0.495  1  2014  317  20.78  56975.061  147.2  2.470e+01 
 102917  0.495  1  2014  318  19.73  56976.018  149.2  2.261e+01 
 102918  0.495  1  2014  318  20.26  56976.040  149.2  2.211e+01 
 102965  0.495  1  2014  319  19.90  56977.025  151.3  2.051e+01 
 102966  0.495  1  2014  319  20.43  56977.047  151.4  2.101e+01 
 102967  0.495  1  2014  319  20.70  56977.058  151.4  1.880e+01 
 102969  1.658  1  2014  319  21.85  56977.106  151.5  2.038e+01 
 103019  1.658  1  2014  320  22.64  56978.139  153.4  1.703e+01 
 103021  1.000  2  2014  320  23.69  56978.182  153.5  1.908e+01 
 103022  1.000  2  2014  321   0.24  56978.205  153.5  1.864e+01 
 103026  1.664  1  2014  321   2.29  56978.291  153.6  2.093e+01 
 103028  1.664  1  2014  321   3.40  56978.337  153.7  1.566e+01 
 103063  1.001  1  2014  321  20.93  56979.068  155.0  2.213e+01 
 103064  1.001  1  2014  321  21.44  56979.089  155.0  1.431e+01 
 103066  1.000  2  2014  321  22.33  56979.126  155.0  2.080e+01 
 103067  0.500  1  2014  321  22.74  56979.143  155.1  1.593e+01 
 103068  0.500  1  2014  321  23.02  56979.155  155.1  1.750e+01 
 103074  1.559  1  2014  322   2.13  56979.284  155.2  1.584e+01 
 103076  1.664  1  2014  322   3.23  56979.330  155.3  1.695e+01 
 103111  1.506  1  2014  322  20.51  56980.050  156.1  2.430e+01 
 103113  1.506  1  2014  322  21.72  56980.100  156.2  2.360e+01 
 103115  1.506  1  2014  322  22.73  56980.143  156.2  2.057e+01 
 103117  0.989  1  2014  322  23.72  56980.184  156.2  1.960e+01 
 103118  0.989  1  2014  323   0.35  56980.210  156.3  2.007e+01 
 103122  1.664  1  2014  323   2.39  56980.295  156.3  3.215e+01 
 103124  0.980  1  2014  323   3.31  56980.334  156.4  3.008e+01 
 103159  1.658  1  2014  323  20.52  56981.050  156.9  2.236e+01 
 103160  0.541  1  2014  323  21.41  56981.088  156.9  2.275e+01 
 103161  1.081  2  2014  323  21.84  56981.106  156.9  2.116e+01 
 103163  0.461  1  2014  323  22.84  56981.147  156.9  3.164e+01 
 103164  0.922  2  2014  323  23.22  56981.163  156.9  3.524e+01 
 103165  0.461  1  2014  323  23.61  56981.179  156.9  3.943e+01 
 103166  0.928  2  2014  324   0.30  56981.208  157.0  3.245e+01 
 103167  0.928  2  2014  324   0.82  56981.230  157.0  2.261e+01 
 103304  1.658  1  2014  326  21.23  56984.080  157.8  2.717e+01 
 103306  0.922  2  2014  326  22.24  56984.122  157.8  4.269e+01 
 103307  0.922  2  2014  326  22.75  56984.144  157.8  4.523e+01 
 103314  1.664  1  2014  327   2.32  56984.292  157.8  2.137e+01 
 103316  0.980  1  2014  327   3.25  56984.331  157.8  1.939e+01 
 103351  1.680  1  2014  327  20.50  56985.050  157.6  2.819e+01 
 103352  0.541  1  2014  327  21.45  56985.089  157.6  2.851e+01 
 103353  0.541  1  2014  327  21.74  56985.101  157.6  2.401e+01 
 103354  0.541  1  2014  327  22.03  56985.113  157.6  2.644e+01 
 103355  0.541  1  2014  327  22.78  56985.145  157.6  2.465e+01 
 103356  1.081  2  2014  327  23.22  56985.163  157.6  2.644e+01 
 103357  0.464  1  2014  327  23.78  56985.186  157.6  4.069e+01 
 103358  0.928  2  2014  328   0.17  56985.202  157.6  3.484e+01 
 103359  0.464  1  2014  328   0.55  56985.219  157.6  3.994e+01 
 103363  1.664  1  2014  328   2.93  56985.318  157.6  1.985e+01 
 103398  1.680  1  2014  328  20.48  56986.049  157.4  3.443e+01 
 103400  0.541  1  2014  328  21.35  56986.085  157.4  4.060e+01 
 103401  1.081  2  2014  328  21.79  56986.103  157.4  3.338e+01 
 103403  1.081  2  2014  328  22.71  56986.142  157.4  3.211e+01 
 103404  0.541  1  2014  328  23.14  56986.160  157.3  3.428e+01 
 103405  1.000  2  2014  328  23.77  56986.186  157.3  2.743e+01 
 103406  1.000  2  2014  329   0.32  56986.209  157.3  2.933e+01 
 103411  1.001  1  2014  329   2.90  56986.316  157.3  2.055e+01 
 103412  1.001  1  2014  329   3.41  56986.338  157.3  2.255e+01 
 103446  1.680  1  2014  329  20.36  56987.044  157.0  2.649e+01 
 103451  1.081  2  2014  329  22.70  56987.141  156.9  2.891e+01 
 103452  0.541  1  2014  329  23.13  56987.159  156.9  3.238e+01 
 103453  0.743  2  2014  329  23.84  56987.189  156.9  1.961e+01 
 103454  0.743  2  2014  330   0.25  56987.206  156.9  2.202e+01 
 103460  1.664  1  2014  330   3.01  56987.321  156.8  2.478e+01 
 103497  2.000  1  2014  330  21.70  56988.100  156.5  1.528e+01 
 103499  0.922  2  2014  330  22.81  56988.146  156.5  2.711e+01 
 103500  0.922  2  2014  330  23.33  56988.168  156.5  3.102e+01 
 103502  1.506  1  2014  331   0.32  56988.209  156.5  1.382e+01 
 103542  1.000  2  2014  331  20.33  56989.042  156.2  2.327e+01 
 103543  0.500  1  2014  331  20.74  56989.060  156.2  2.730e+01 
 103544  0.500  1  2014  331  21.02  56989.071  156.2  2.812e+01 
 103546  2.000  1  2014  331  22.01  56989.113  156.2  2.267e+01 
 103547  0.464  1  2014  331  22.98  56989.153  156.2  3.393e+01 
 103548  0.928  2  2014  331  23.36  56989.169  156.2  3.204e+01 
 103549  0.464  1  2014  331  23.75  56989.185  156.2  3.993e+01 
 103555  1.559  1  2014  332   2.77  56989.311  156.1  2.268e+01 
 103596  1.114  3  2014  332  23.23  56990.163  155.7  1.922e+01 
 103597  0.371  1  2014  332  23.63  56990.180  155.7  2.423e+01 
 103599  1.000  2  2014  333   0.67  56990.224  155.7  1.646e+01 
 103600  1.000  2  2014  333   1.22  56990.247  155.7  1.948e+01 
 103648  1.500  1  2014  334   1.38  56991.253  155.3  2.422e+01 
 103650  1.000  1  2014  334   2.04  56991.281  155.3  2.416e+01 
 103652  2.000  1  2014  334   3.01  56991.321  155.3  1.803e+01 
 103697  1.000  1  2014  335   1.51  56992.258  155.0  1.656e+01 
 103698  1.000  1  2014  335   2.44  56992.297  155.0  1.443e+01 
 103700  1.000  1  2014  335   3.30  56992.333  155.0  1.748e+01 
 103747  1.664  1  2014  336   2.52  56993.301  155.0  1.795e+01 
 104311  1.658  1  2014  347  20.57  57005.053  159.1  1.339e+01 
 104313  0.922  2  2014  347  21.68  57005.099  159.0  3.236e+01 
 104314  0.922  2  2014  347  22.20  57005.120  159.0  2.572e+01 
 104359  1.658  1  2014  348  20.59  57006.054  157.6  1.532e+01 
 104360  0.464  1  2014  348  21.44  57006.089  157.5  2.671e+01 
 104361  0.928  2  2014  348  21.82  57006.105  157.5  2.565e+01 
 104362  0.464  1  2014  348  22.21  57006.121  157.5  3.010e+01 
 104364  1.559  1  2014  348  23.01  57006.154  157.4  1.816e+01 
 104370  1.333  1  2014  349   2.29  57006.291  157.3  2.080e+01 
 104371  1.333  1  2014  349   2.96  57006.319  157.2  1.817e+01 
 104455  0.461  1  2014  350  20.93  57008.068  155.0  4.434e+01 
 104456  0.922  2  2014  350  21.31  57008.084  155.0  2.372e+01 
 104457  0.461  1  2014  350  21.70  57008.100  155.0  4.289e+01 
 104458  0.464  1  2014  350  22.25  57008.123  155.0  3.109e+01 
 104459  0.928  2  2014  350  22.64  57008.139  155.0  2.733e+01 
 104460  0.464  1  2014  350  23.02  57008.155  154.9  3.025e+01 
 104504  0.461  1  2014  351  21.34  57009.085  154.1  2.475e+01 
 104505  0.922  2  2014  351  21.72  57009.101  154.1  2.888e+01 
 104506  0.461  1  2014  351  22.11  57009.117  154.1  1.525e+01 
 104507  0.928  2  2014  351  22.82  57009.146  154.1  2.356e+01 
 104508  0.928  2  2014  351  23.34  57009.168  154.1  1.655e+01 
 104512  0.989  1  2014  352   1.43  57009.255  154.0  1.065e+01 
 104550  0.922  2  2014  352  20.25  57010.039  153.5  2.890e+01 
 104551  0.922  2  2014  352  20.77  57010.061  153.5  2.547e+01 
 104552  0.464  1  2014  352  21.44  57010.089  153.5  2.030e+01 
 104553  0.928  2  2014  352  21.82  57010.105  153.5  2.714e+01 
 104554  0.464  1  2014  352  22.21  57010.121  153.5  1.774e+01 
 104555  0.922  2  2014  352  22.76  57010.144  153.5  3.014e+01 
 104556  0.922  2  2014  352  23.28  57010.165  153.5  2.636e+01 
 104558  0.720  2  2014  353   0.25  57010.206  153.5  1.803e+01 
 104559  0.720  2  2014  353   0.68  57010.224  153.5  1.793e+01 
 104560  1.001  1  2014  353   1.46  57010.256  153.5  1.970e+01 
 104561  1.001  1  2014  353   1.97  57010.278  153.5  1.089e+01 
 104598  2.000  1  2014  353  20.37  57011.044  153.6  1.213e+01 
 104600  0.464  1  2014  353  21.35  57011.085  153.6  2.614e+01 
 104601  0.928  2  2014  353  21.74  57011.101  153.6  2.806e+01 
 104602  0.464  1  2014  353  22.12  57011.117  153.6  1.811e+01 
 104603  0.461  1  2014  353  22.78  57011.145  153.7  2.583e+01 
 104604  0.922  2  2014  353  23.17  57011.161  153.7  2.435e+01 
 104605  0.461  1  2014  353  23.56  57011.177  153.7  2.655e+01 
 104606  0.720  2  2014  354   0.23  57011.205  153.7  1.139e+01 
 104607  0.720  2  2014  354   0.66  57011.223  153.7  9.825e+00 
 104694  0.461  1  2014  355  20.33  57013.043  154.8  3.120e+01 
 104695  0.922  2  2014  355  20.72  57013.059  154.8  2.491e+01 
 104696  0.461  1  2014  355  21.10  57013.075  154.8  1.836e+01 
 104697  0.928  2  2014  355  21.78  57013.103  154.8  2.337e+01 
 104698  0.928  2  2014  355  22.29  57013.124  154.8  2.132e+01 
 104745  0.461  1  2014  356  21.55  57014.093  155.3  1.604e+01 
 104746  0.461  1  2014  356  22.06  57014.115  155.3  1.039e+01 
 104750  0.989  1  2014  357   0.49  57014.216  155.3  1.100e+01 
 104753  2.000  1  2014  357   1.59  57014.262  155.3  1.818e+01 
 104756  2.000  1  2014  357   3.06  57014.323  155.3  1.503e+01 
 104790  0.464  1  2014  357  20.35  57015.044  155.3  1.464e+01 
 104791  0.928  2  2014  357  20.74  57015.060  155.2  1.729e+01 
 104792  0.464  1  2014  357  21.13  57015.076  155.2  3.723e+01 
 104841  0.928  2  2014  358  21.86  57016.106  155.0  3.076e+01 
 104842  0.464  1  2014  358  22.24  57016.122  155.0  3.391e+01 
 104843  0.464  1  2014  358  22.50  57016.133  155.0  3.304e+01 
 104849  2.000  1  2014  359   1.72  57016.267  155.0  1.310e+01 
 104889  0.922  2  2014  359  21.67  57017.098  155.0  1.648e+01 
 104890  0.922  2  2014  359  22.18  57017.120  155.0  1.928e+01 
 104991  0.653  1  2014  362   0.66  57019.223  154.6  1.231e+01 
 104992  0.653  1  2014  362   1.35  57019.252  154.5  1.385e+01 
 104995  0.821  1  2014  362   2.93  57019.318  154.5  1.136e+01 
 104996  0.821  1  2014  362   3.36  57019.336  154.5  1.089e+01 
 105039  1.333  1  2014  363   0.88  57020.232  154.0  1.770e+01 
 105041  1.333  1  2014  363   1.59  57020.262  154.0  1.561e+01 
 105043  1.000  2  2014  363   2.82  57020.313  154.0  2.044e+01 
 105088  1.429  1  2014  364   1.34  57021.251  153.3  9.619e+00 
 105090  1.040  1  2014  364   2.33  57021.292  153.2  9.644e+00 
 105091  1.040  1  2014  364   2.87  57021.315  153.2  1.069e+01 
 105093  0.527  1  2014  364   3.71  57021.350  153.2  8.837e+00 
 105094  0.527  1  2014  364   4.00  57021.362  153.2  1.264e+01 
 105847  0.464  1  2015   14  20.91  57037.067  134.9  2.258e+01 
 105848  0.464  1  2015   14  21.17  57037.078  134.9  1.372e+01 
 105855  1.001  1  2015   15   0.84  57037.230  135.0  1.746e+01 
 105904  1.333  1  2015   16   1.17  57038.244  135.9  9.878e+00 
 105950  0.486  1  2015   17   0.32  57039.209  136.6  1.769e+01 
 105951  0.486  1  2015   17   0.59  57039.220  136.6  1.674e+01 
 105953  1.000  2  2015   17   1.81  57039.271  136.7  1.470e+01 
 105954  0.500  1  2015   17   2.22  57039.288  136.7  1.764e+01 
 106195  1.664  1  2015   22   2.91  57044.317  137.2  1.676e+01 
 106197  0.921  2  2015   22   3.76  57044.352  137.2  1.572e+01 
 106231  1.200  1  2015   22  20.67  57045.057  137.1  1.739e+01 
 106237  0.821  1  2015   22  23.74  57045.185  137.1  1.222e+01 
 106238  0.821  1  2015   23   0.17  57045.203  137.1  2.033e+01 
 106245  0.484  1  2015   23   3.79  57045.354  137.0  2.448e+01 
 106246  0.484  1  2015   23   4.05  57045.364  137.0  2.063e+01 
 106286  1.506  1  2015   24   0.48  57046.215  136.8  8.879e+00 
 106288  1.506  1  2015   24   1.49  57046.257  136.8  9.912e+00 
 106423  1.830  1  2015   26  20.68  57049.057  136.4  2.331e+01 
 106426  2.430  1  2015   26  22.12  57049.117  136.4  2.037e+01 
 106429  1.230  1  2015   26  23.77  57049.186  136.4  1.782e+01 
 106431  0.404  1  2015   27   0.90  57049.233  136.4  1.574e+01 
 106432  0.808  2  2015   27   1.23  57049.247  136.4  1.693e+01 
 106433  0.404  1  2015   27   1.92  57049.276  136.4  8.922e+00 
 106434  0.404  1  2015   27   2.35  57049.293  136.4  1.481e+01 
 106435  0.404  1  2015   27   2.85  57049.314  136.4  1.151e+01 
 106528  0.484  1  2015   29   1.44  57051.256  136.3  2.941e+01 
 106578  0.484  1  2015   30   2.31  57052.292  136.4  1.796e+01 
 106579  0.969  2  2015   30   2.70  57052.308  136.4  2.828e+01 
 106580  0.484  1  2015   30   3.09  57052.324  136.4  2.291e+01 
 106627  0.484  1  2015   31   2.92  57053.317  136.5  2.896e+01 
 106628  0.484  1  2015   31   3.44  57053.339  136.5  1.659e+01 
 107251  0.821  1  2015   44   2.75  57066.310  128.2  2.369e+01 
 107252  0.821  1  2015   44   3.18  57066.328  128.2  1.881e+01 
 107253  0.821  1  2015   44   3.94  57066.360  128.2  2.136e+01 
 107254  0.821  1  2015   44   4.37  57066.378  128.1  1.724e+01 
 107295  0.500  1  2015   45   0.97  57067.236  126.9  2.235e+01 
 107296  0.500  1  2015   45   1.25  57067.248  126.9  2.799e+01 
 107297  1.000  2  2015   45   1.66  57067.265  126.8  2.780e+01 
 107299  1.641  2  2015   45   2.78  57067.311  126.8  2.709e+01 
 107302  2.000  1  2015   45   4.06  57067.365  126.7  2.503e+01 
 107340  2.000  1  2015   45  23.38  57068.170  125.9  2.121e+01 
 107342  0.484  1  2015   46   0.40  57068.212  125.9  2.167e+01 
 107343  0.969  2  2015   46   0.79  57068.228  125.9  2.565e+01 
 107344  0.484  1  2015   46   1.18  57068.245  125.9  2.807e+01 
 107348  0.989  1  2015   46   3.42  57068.338  125.8  1.864e+01 
 107350  1.305  2  2015   46   4.31  57068.375  125.8  1.936e+01 
 107435  1.664  1  2015   47  22.56  57070.135  124.8  1.382e+01 
 107436  0.484  1  2015   47  23.45  57070.173  124.8  3.032e+01 
 107437  0.969  2  2015   47  23.84  57070.189  124.8  2.359e+01 
 107438  0.484  1  2015   48   0.23  57070.205  124.7  2.768e+01 
 107439  0.484  1  2015   48   0.75  57070.227  124.7  2.636e+01 
 107440  0.969  2  2015   48   1.14  57070.243  124.7  2.475e+01 
 107441  0.484  1  2015   48   1.53  57070.259  124.7  2.036e+01 
 107484  1.749  1  2015   48  23.48  57071.174  124.0  1.388e+01 
 107487  1.749  1  2015   49   0.76  57071.227  124.0  1.706e+01 
 107489  2.000  1  2015   49   1.93  57071.276  123.9  1.308e+01 
 107492  2.000  1  2015   49   3.32  57071.334  123.8  1.382e+01 
 107723  0.969  2  2015   53  22.85  57076.148  121.1  1.912e+01 
 107724  0.969  2  2015   53  23.37  57076.169  121.1  2.576e+01 
 107726  0.969  2  2015   54   0.28  57076.207  121.1  2.079e+01 
 107727  0.969  2  2015   54   0.80  57076.229  121.1  1.872e+01 
 107770  0.811  1  2015   54  22.35  57077.127  120.5  1.799e+01 
 107771  0.811  1  2015   54  22.78  57077.145  120.4  2.405e+01 
 107773  0.969  2  2015   54  23.74  57077.185  120.4  2.286e+01 
 107774  0.969  2  2015   55   0.26  57077.206  120.4  1.799e+01 
 107775  0.484  1  2015   55   1.00  57077.237  120.4  2.092e+01 
 107776  0.484  1  2015   55   1.25  57077.248  120.4  2.139e+01 
 107777  0.969  2  2015   55   1.64  57077.264  120.4  2.173e+01 
 107779  2.000  1  2015   55   2.68  57077.307  120.3  1.344e+01 
 107781  0.821  1  2015   55   3.85  57077.356  120.3  1.541e+01 
 107782  0.821  1  2015   55   4.28  57077.374  120.3  2.206e+01 
 107818  0.484  1  2015   55  22.38  57078.128  119.9  2.924e+01 
 107819  0.969  2  2015   55  22.77  57078.144  119.9  2.097e+01 
 107820  0.484  1  2015   55  23.16  57078.160  119.9  2.876e+01 
 107821  0.484  1  2015   55  23.75  57078.185  119.9  1.568e+01 
 107822  0.969  2  2015   56   0.14  57078.201  119.9  1.553e+01 
 107823  0.484  1  2015   56   0.53  57078.218  119.9  1.877e+01 
 107824  1.597  1  2015   56   1.36  57078.252  119.9  1.730e+01 
 107869  0.414  1  2015   56  23.79  57079.187  119.8  3.682e+01 
 107870  0.828  2  2015   57   0.19  57079.203  119.8  2.839e+01 
 107871  0.414  1  2015   57   0.52  57079.217  119.8  2.362e+01 
 107872  1.042  3  2015   57   1.19  57079.245  119.8  3.102e+01 
 107873  0.695  2  2015   57   1.74  57079.268  119.8  2.827e+01 
 107874  0.347  1  2015   57   2.02  57079.280  119.8  2.451e+01 
 107875  2.014  1  2015   57   2.71  57079.309  119.8  1.924e+01 
 107876  0.512  1  2015   57   3.47  57079.340  119.8  2.405e+01 
 107877  0.512  1  2015   57   3.74  57079.351  119.8  2.244e+01 
 107878  0.512  1  2015   57   4.07  57079.365  119.8  2.181e+01 
 108826  0.484  1  2015   76  22.43  57099.130  125.0  4.654e+01 
 108827  0.969  2  2015   76  22.81  57099.146  125.0  4.233e+01 
 108828  0.484  1  2015   76  23.20  57099.162  125.0  3.532e+01 
 108829  0.969  2  2015   76  23.68  57099.182  125.0  3.674e+01 
 108830  0.969  2  2015   77   0.19  57099.204  125.0  3.309e+01 
 108879  0.969  2  2015   78   0.64  57100.222  124.9  2.168e+01 
 108880  0.969  2  2015   78   1.16  57100.244  124.9  2.440e+01 
 108922  0.484  1  2015   78  22.42  57101.130  124.6  3.041e+01 
 108923  0.969  2  2015   78  22.81  57101.146  124.6  2.947e+01 
 108924  0.484  1  2015   78  23.20  57101.162  124.6  2.322e+01 
 108925  0.969  2  2015   78  23.86  57101.190  124.6  2.092e+01 
 108926  0.484  1  2015   79   0.25  57101.206  124.6  2.456e+01 
 108927  0.484  1  2015   79   0.51  57101.217  124.6  1.925e+01 
 108928  0.969  2  2015   79   1.33  57101.251  124.5  2.193e+01 
 108930  1.000  2  2015   79   2.16  57101.286  124.5  2.711e+01 
 108931  1.000  2  2015   79   2.72  57101.309  124.5  3.224e+01 
 108933  1.506  1  2015   79   3.85  57101.356  124.5  4.456e+01 
 108965  0.969  2  2015   79  19.67  57102.015  124.3  4.050e+01 
 108966  0.969  2  2015   79  20.19  57102.037  124.3  3.649e+01 
 108967  0.484  1  2015   79  20.89  57102.066  124.3  3.983e+01 
 108968  0.969  2  2015   79  21.27  57102.082  124.3  3.077e+01 
 108969  0.484  1  2015   79  21.66  57102.098  124.3  3.118e+01 
 108970  0.333  1  2015   79  22.33  57102.126  124.3  4.694e+01 
 108971  1.000  3  2015   79  22.72  57102.142  124.3  2.776e+01 
 108972  0.333  1  2015   79  23.41  57102.171  124.3  3.484e+01 
 108973  0.667  2  2015   79  23.79  57102.187  124.2  3.061e+01 
 108975  0.989  1  2015   80   0.64  57102.222  124.2  1.921e+01 
 108976  0.989  1  2015   80   1.22  57102.246  124.2  1.948e+01 
 108980  1.000  2  2015   80   3.18  57102.328  124.2  2.621e+01 
 108981  1.000  2  2015   80   3.73  57102.351  124.2  2.505e+01 
 108983  0.982  2  2015   80   4.65  57102.389  124.1  3.253e+01 
 109012  0.484  1  2015   80  19.42  57103.005  123.9  3.288e+01 
 109013  0.969  2  2015   80  19.80  57103.021  123.9  3.295e+01 
 109014  0.484  1  2015   80  20.19  57103.037  123.9  3.820e+01 
 109511  1.000  1  2015   91   4.66  57113.390  125.4  3.218e+01 
 110024  0.969  2  2015  101  21.33  57124.084  134.3  3.404e+01 
 110025  0.969  2  2015  101  21.84  57124.106  134.2  3.304e+01 
 110175  0.821  1  2015  105   0.84  57127.231  132.4  3.839e+01 
 110176  0.821  1  2015  105   1.27  57127.249  132.4  4.055e+01 
 110178  0.802  1  2015  105   2.10  57127.283  132.4  4.524e+01 
 110179  0.802  1  2015  105   2.52  57127.301  132.3  4.034e+01 
 110222  0.802  1  2015  106   0.08  57128.199  131.8  3.191e+01 
 110223  0.802  1  2015  106   0.51  57128.217  131.8  3.121e+01 
 110227  0.802  1  2015  106   2.67  57128.307  131.8  2.580e+01 
 110228  0.802  1  2015  106   3.10  57128.325  131.8  3.132e+01 
 110275  0.680  1  2015  107   2.63  57129.305  131.2  4.873e+01 
 110357  0.747  2  2015  108  19.70  57131.016  130.0  5.879e+01 
 110358  0.747  2  2015  108  20.13  57131.034  130.0  6.399e+01 
 110373  1.467  1  2015  109   3.58  57131.345  129.8  3.796e+01 
 110408  0.388  1  2015  109  21.29  57132.082  129.4  8.714e+01 
 110409  1.165  3  2015  109  21.74  57132.101  129.4  7.465e+01 
 110417  0.502  1  2015  110   1.91  57132.275  129.3  6.070e+01 
 110418  1.004  2  2015  110   2.33  57132.293  129.3  5.407e+01 
 110419  0.502  1  2015  110   2.76  57132.311  129.3  5.493e+01 
 110420  0.502  1  2015  110   3.49  57132.341  129.3  6.085e+01 
 110421  0.502  1  2015  110   3.78  57132.353  129.3  5.826e+01 
 110422  1.004  2  2015  110   4.20  57132.371  129.3  5.883e+01 
 110464  0.653  1  2015  111   1.44  57133.256  129.3  6.254e+01 
 110465  0.653  1  2015  111   1.78  57133.270  129.3  5.356e+01 
 110548  0.373  1  2015  112  19.41  57135.004  130.6  6.872e+01 
 110549  0.747  2  2015  112  19.73  57135.018  130.6  6.983e+01 
 110550  0.373  1  2015  112  20.05  57135.031  130.6  6.901e+01 
 110551  1.467  1  2015  112  20.89  57135.066  130.7  6.393e+01 
 110555  0.777  2  2015  112  22.78  57135.145  130.8  6.419e+01 
 110556  0.777  2  2015  112  23.23  57135.164  130.8  6.900e+01 
 110597  0.363  1  2015  113  19.71  57136.017  131.7  7.198e+01 
 110598  0.363  1  2015  113  20.05  57136.031  131.7  7.077e+01 
 110600  0.363  1  2015  113  21.28  57136.082  131.8  8.142e+01 
 110601  0.363  1  2015  113  21.76  57136.102  131.8  7.435e+01 
 110602  0.726  2  2015  113  22.19  57136.120  131.8  6.420e+01 
 110603  0.363  1  2015  113  22.84  57136.147  131.8  6.804e+01 
 110604  0.363  1  2015  113  23.29  57136.166  131.9  5.365e+01 
 110605  0.726  2  2015  113  23.73  57136.184  131.9  5.290e+01 
 110606  0.726  2  2015  114   0.27  57136.207  131.9  5.346e+01 
 110608  0.726  2  2015  114   1.17  57136.244  132.0  4.996e+01 
 110693  0.726  2  2015  115  19.77  57138.019  133.9  4.533e+01 
 110802  1.148  3  2015  118   2.23  57140.288  135.7  4.239e+01 
 110803  0.383  1  2015  118   2.66  57140.307  135.7  4.122e+01 
 110804  0.500  1  2015  118   3.43  57140.339  135.7  5.695e+01 
 110805  1.000  2  2015  118   3.84  57140.356  135.8  4.848e+01 
 110806  0.500  1  2015  118   4.26  57140.373  135.8  4.039e+01 
 110852  1.467  1  2015  119   3.09  57141.324  136.3  2.165e+01 
 110902  1.142  3  2015  120   4.28  57142.374  136.7  4.858e+01 
 110903  0.381  1  2015  120   4.71  57142.392  136.7  4.256e+01 
 111411  0.512  1  2015  130  18.96  57152.985  127.6  2.566e+01 
 111412  1.024  1  2015  130  19.36  57153.002  127.6  2.829e+01 
 111413  0.512  1  2015  130  19.84  57153.022  127.6  2.668e+01 
 111414  0.512  1  2015  130  20.11  57153.033  127.6  2.807e+01 
 111415  1.399  1  2015  130  20.73  57153.059  127.6  2.710e+01 
 111416  0.864  1  2015  130  21.44  57153.089  127.6  3.626e+01 
 111417  0.864  1  2015  130  21.97  57153.111  127.6  3.540e+01 
 111418  0.864  1  2015  130  22.44  57153.131  127.6  2.987e+01 
 111419  0.656  1  2015  130  22.92  57153.151  127.6  2.893e+01 
 111461  1.406  1  2015  131  19.71  57154.017  127.3  3.098e+01 
 111462  0.703  1  2015  131  20.32  57154.042  127.3  3.274e+01 
 111464  1.666  1  2015  131  21.07  57154.073  127.3  3.364e+01 
 111466  1.666  1  2015  131  22.01  57154.113  127.3  3.300e+01 
 111468  1.619  1  2015  131  23.01  57154.154  127.2  2.770e+01 
 111471  0.410  1  2015  132   0.71  57154.225  127.2  1.836e+01 
 111472  1.231  1  2015  132   1.23  57154.247  127.2  3.645e+01 
 111473  1.231  1  2015  132   1.95  57154.277  127.2  3.666e+01 
 111475  1.232  1  2015  132   2.66  57154.307  127.2  4.064e+01 
 111477  1.535  1  2015  132   3.69  57154.349  127.2  3.700e+01 
 111520  0.999  1  2015  133   1.14  57155.243  126.9  3.878e+01 
 111522  0.761  2  2015  133   2.21  57155.288  126.8  4.490e+01 
 111523  0.761  2  2015  133   2.64  57155.306  126.8  4.459e+01 
 111564  0.802  1  2015  133  23.11  57156.158  126.6  2.937e+01 
 111565  0.802  1  2015  133  23.53  57156.176  126.6  3.278e+01 
 111566  0.802  1  2015  134   0.36  57156.211  126.6  3.486e+01 
 111567  0.802  1  2015  134   0.79  57156.228  126.6  3.353e+01 
 111568  0.500  1  2015  134   1.31  57156.250  126.6  3.463e+01 
 111569  1.000  2  2015  134   1.72  57156.267  126.6  3.967e+01 
 111570  0.500  1  2015  134   2.14  57156.285  126.6  3.629e+01 
 111615  1.604  2  2015  135   0.78  57157.228  126.4  2.232e+01 
 111620  1.593  1  2015  135   3.08  57157.324  126.4  2.365e+01 
 111621  0.667  2  2015  135   3.87  57157.357  126.4  4.255e+01 
 111622  0.667  2  2015  135   4.26  57157.373  126.4  4.357e+01 
 111651  0.667  2  2015  135  18.80  57157.979  126.2  4.456e+01 
 111652  0.333  1  2015  135  19.09  57157.991  126.2  3.578e+01 
 111653  1.279  2  2015  135  19.79  57158.020  126.2  4.162e+01 
 111654  0.639  1  2015  135  20.34  57158.043  126.2  3.833e+01 
 111655  0.639  1  2015  135  20.68  57158.057  126.2  3.520e+01 
 111664  0.383  1  2015  136   1.33  57158.251  126.1  4.954e+01 
 111665  0.765  2  2015  136   1.66  57158.265  126.1  5.637e+01 
 111670  0.800  2  2015  136   4.31  57158.375  126.0  5.163e+01 
 111671  0.800  2  2015  136   4.75  57158.394  126.0  5.414e+01 
 111702  0.355  1  2015  136  20.38  57159.045  125.7  5.257e+01 
 111703  0.710  2  2015  136  20.70  57159.058  125.7  4.505e+01 
 111704  0.355  1  2015  136  21.02  57159.071  125.7  4.554e+01 
 111760  1.000  2  2015  138   1.35  57160.252  124.8  5.290e+01 
 111761  0.500  1  2015  138   1.76  57160.269  124.8  5.829e+01 
 111762  0.500  1  2015  138   2.04  57160.281  124.8  5.867e+01 
 111766  1.333  1  2015  138   4.19  57160.370  124.7  4.423e+01 
 111767  1.333  1  2015  138   4.87  57160.398  124.6  3.782e+01 
 111853  0.333  1  2015  139  23.81  57162.188  122.7  3.270e+01 
 111854  1.000  3  2015  140   0.20  57162.204  122.7  2.380e+01 
 111905  1.035  1  2015  141   1.85  57163.273  121.3  3.397e+01 
 111906  1.035  1  2015  141   2.40  57163.296  121.3  3.757e+01 
 111992  1.467  1  2015  142  21.36  57165.086  119.1  4.223e+01 
 111999  1.004  2  2015  143   0.72  57165.226  118.9  4.235e+01 
 112000  1.004  2  2015  143   1.29  57165.249  118.9  3.948e+01 
 112002  0.502  1  2015  143   2.32  57165.292  118.9  4.788e+01 
 112004  0.502  1  2015  143   3.17  57165.328  118.8  6.166e+01 
 113100  1.004  2  2015  165  23.17  57188.161  134.0  3.794e+01 
 113101  0.333  1  2015  165  23.84  57188.189  134.0  3.026e+01 
 113102  1.000  3  2015  166   0.23  57188.205  134.0  3.422e+01 
 113104  1.000  3  2015  166   1.30  57188.250  134.0  2.934e+01 
 113105  0.333  1  2015  166   1.69  57188.266  134.0  3.548e+01 
 113106  0.333  1  2015  166   2.38  57188.295  134.0  3.247e+01 
 113107  0.667  2  2015  166   2.67  57188.307  134.0  2.964e+01 
 113108  0.667  2  2015  166   3.33  57188.334  134.0  2.920e+01 
 113110  0.802  1  2015  166   4.14  57188.368  134.0  3.493e+01 
 113111  0.802  1  2015  166   4.56  57188.386  134.0  2.973e+01 
 113139  0.639  1  2015  166  18.90  57188.983  133.9  1.909e+01 
 113140  0.639  1  2015  166  19.24  57188.997  133.9  1.944e+01 
 113141  1.279  2  2015  166  19.79  57189.020  133.9  1.740e+01 
 113187  0.639  1  2015  167  18.98  57189.986  133.8  3.341e+01 
 113188  0.639  1  2015  167  19.32  57190.000  133.8  3.119e+01 
 113189  0.639  1  2015  167  19.70  57190.017  133.7  3.390e+01 
 113190  0.639  1  2015  167  20.05  57190.031  133.7  3.458e+01 
 113192  0.530  1  2015  167  21.43  57190.088  133.7  3.375e+01 
 113193  1.059  2  2015  167  21.85  57190.106  133.7  2.696e+01 
 113195  1.059  2  2015  167  22.79  57190.145  133.7  3.075e+01 
 113196  0.530  1  2015  167  23.21  57190.163  133.7  4.322e+01 
 113197  0.333  1  2015  167  23.95  57190.194  133.7  2.768e+01 
 113198  0.667  2  2015  168   0.24  57190.206  133.7  3.245e+01 
 113199  0.333  1  2015  168   0.53  57190.218  133.7  3.372e+01 
 113204  1.604  2  2015  168   3.25  57190.331  133.7  5.328e+01 
 113206  0.802  1  2015  168   4.23  57190.372  133.7  4.372e+01 
 113207  0.802  1  2015  168   4.66  57190.390  133.6  4.405e+01 
 113236  1.385  2  2015  168  19.30  57191.000  133.5  3.272e+01 
 113239  1.971  1  2015  168  20.63  57191.055  133.5  3.105e+01 
 113242  1.678  1  2015  168  22.03  57191.114  133.4  3.928e+01 
 113337  0.799  1  2015  170  21.94  57193.110  132.6  2.663e+01 
 113340  0.999  1  2015  170  23.29  57193.166  132.5  1.945e+01 
 113348  0.800  2  2015  171   3.39  57193.337  132.4  2.249e+01 
 113349  0.800  2  2015  171   3.83  57193.355  132.4  2.676e+01 
 113350  0.400  1  2015  171   4.45  57193.381  132.4  2.159e+01 
 113351  0.800  2  2015  171   4.78  57193.395  132.4  2.799e+01 
 113352  0.400  1  2015  171   5.11  57193.409  132.3  2.539e+01 
 113590  0.965  2  2015  176   4.21  57198.371  130.5  3.341e+01 
 113591  0.965  2  2015  176   4.73  57198.393  130.5  2.092e+01 
 114298  0.383  1  2015  190  22.44  57213.130  112.2  4.911e+01 
 114299  0.765  2  2015  190  22.77  57213.144  112.2  4.159e+01 
 114300  0.383  1  2015  190  23.10  57213.158  112.2  5.576e+01 
 114302  0.765  2  2015  191   0.18  57213.203  112.2  3.954e+01 
 114303  0.765  2  2015  191   0.62  57213.221  112.2  4.204e+01 
 114388  0.799  1  2015  192  19.48  57215.007  111.7  2.225e+01 
 114396  0.502  1  2015  192  23.48  57215.174  111.6  2.585e+01 
 114438  0.502  1  2015  193  20.26  57216.040  111.5  3.075e+01 
 114443  0.502  1  2015  193  22.66  57216.140  111.5  1.958e+01 
 114586  0.999  1  2015  196  22.06  57219.115  111.0  1.673e+01 
 114594  1.467  1  2015  197   2.03  57219.280  110.9  1.647e+01 
 114596  1.467  1  2015  197   3.24  57219.331  110.9  2.723e+01 
 114627  0.802  1  2015  197  18.91  57219.983  110.6  1.758e+01 
 114628  0.802  1  2015  197  19.34  57220.001  110.6  1.557e+01 
 114678  1.478  1  2015  198  20.34  57221.043  110.1  2.847e+01 
 114726  1.478  1  2015  199  20.27  57222.040  109.4  4.863e+01 
 114729  1.971  1  2015  199  21.61  57222.096  109.4  3.822e+01 
 115689  1.004  2  2015  219  21.65  57242.098  105.0  1.814e+01 
 115891  0.373  1  2015  224   2.86  57246.315  109.0  1.468e+01 
 115892  0.747  2  2015  224   3.19  57246.328  109.0  2.264e+01 
 115893  0.373  1  2015  224   3.51  57246.342  109.0  2.594e+01 
 115929  0.502  1  2015  224  21.89  57247.108  109.6  1.938e+01 
 115940  0.373  1  2015  225   3.29  57247.333  109.8  1.727e+01 
 115941  1.120  3  2015  225   3.72  57247.351  109.8  2.091e+01 
 115942  0.373  1  2015  225   4.41  57247.379  109.8  1.593e+01 
 115943  0.373  1  2015  225   4.63  57247.388  109.9  1.987e+01 
 115944  0.373  1  2015  225   5.06  57247.406  109.9  1.947e+01 
 116078  1.004  1  2015  228   0.26  57250.206  110.7  1.486e+01 
 116126  1.004  1  2015  229   0.27  57251.207  110.5  1.641e+01 
 116127  1.004  1  2015  229   0.85  57251.231  110.4  2.150e+01 
 116128  0.521  1  2015  229   1.31  57251.250  110.4  1.765e+01 
 116166  0.502  1  2015  229  20.42  57252.046  110.0  3.461e+01 
 116167  0.502  1  2015  229  20.71  57252.058  110.0  3.568e+01 
 116174  1.004  1  2015  230   0.41  57252.213  109.9  2.922e+01 
 116175  1.004  1  2015  230   0.97  57252.236  109.9  2.466e+01 
 116177  1.004  1  2015  230   1.55  57252.260  109.8  2.708e+01 
 116178  1.004  1  2015  230   2.12  57252.284  109.8  2.855e+01 
 116179  1.004  1  2015  230   2.70  57252.308  109.8  2.379e+01 
 116180  1.004  1  2015  230   3.30  57252.333  109.8  2.373e+01 
 116181  1.004  1  2015  230   3.90  57252.358  109.8  2.272e+01 
 116183  1.004  1  2015  230   4.52  57252.384  109.8  3.190e+01 
 116184  1.004  1  2015  230   5.10  57252.408  109.7  2.548e+01 
 116222  1.004  1  2015  231   0.21  57253.204  109.1  2.117e+01 
 116471  1.660  1  2015  236   4.88  57258.399  103.0  1.587e+01 
 116516  0.472  1  2015  237   3.47  57259.340  102.3  2.618e+01 
 116517  0.472  1  2015  237   3.74  57259.351  102.3  3.506e+01 
 116518  0.944  2  2015  237   4.14  57259.368  102.3  2.344e+01 
 116519  0.601  1  2015  237   4.91  57259.400  102.2  1.656e+01 
 116565  0.944  2  2015  238   3.69  57260.349  101.6  2.583e+01 
 116615  0.811  1  2015  239   4.66  57261.390  101.0  2.718e+01 
 117182  0.793  1  2015  251   0.22  57273.205   98.7  1.939e+01 
 117183  0.793  1  2015  251   0.64  57273.222   98.6  1.826e+01 
 117228  0.802  1  2015  251  23.18  57274.161   97.9  2.455e+01 
 117229  0.802  1  2015  251  23.60  57274.179   97.9  2.253e+01 
 117234  1.604  2  2015  252   2.26  57274.290   97.8  2.405e+01 
 117237  2.611  1  2015  252   3.79  57274.353   97.8  2.366e+01 
 117282  2.611  1  2015  253   2.32  57275.292   97.4  3.314e+01 
 117285  1.660  1  2015  253   3.89  57275.358   97.4  2.576e+01 
 117327  1.003  2  2015  254   0.75  57276.227   97.3  2.315e+01 
 117370  0.673  1  2015  254  22.19  57277.120   97.4  1.725e+01 
 117371  0.673  1  2015  254  22.55  57277.135   97.4  1.180e+01 
 117430  1.660  1  2015  256   4.20  57278.370   98.5  2.479e+01 
 117463  1.037  1  2015  256  20.78  57279.061   99.2  2.915e+01 
 117464  1.037  1  2015  256  21.33  57279.084   99.3  2.761e+01 
 117466  0.711  1  2015  256  22.18  57279.120   99.3  2.392e+01 
 117467  0.711  1  2015  256  22.56  57279.136   99.3  3.620e+01 
 117468  1.037  1  2015  256  23.31  57279.167   99.4  2.272e+01 
 117469  1.037  1  2015  256  23.86  57279.190   99.4  2.889e+01 
 117470  1.037  1  2015  257   0.46  57279.215   99.4  1.901e+01 
 117472  1.037  1  2015  257   1.01  57279.238   99.5  3.159e+01 
 117473  1.037  1  2015  257   1.91  57279.275   99.5  1.930e+01 
 117474  1.037  1  2015  257   2.46  57279.298   99.5  2.551e+01 
 117475  0.600  1  2015  257   2.98  57279.320   99.6  2.317e+01 
 117476  0.600  1  2015  257   3.30  57279.333   99.6  3.528e+01 
 117477  0.711  1  2015  257   3.74  57279.351   99.6  3.369e+01 
 117478  0.711  1  2015  257   4.12  57279.367   99.6  2.226e+01 
 117479  0.766  1  2015  257   4.76  57279.394   99.7  2.573e+01 
 117511  0.977  2  2015  257  20.80  57280.062  100.5  3.121e+01 
 117512  0.488  1  2015  257  21.42  57280.088  100.6  2.695e+01 
 117513  0.488  1  2015  257  21.69  57280.099  100.6  2.802e+01 
 117515  0.707  1  2015  257  22.85  57280.148  100.6  2.653e+01 
 117518  0.600  1  2015  258   0.32  57280.209  100.7  2.918e+01 
 117519  0.600  1  2015  258   0.65  57280.223  100.7  3.103e+01 
 117520  1.644  2  2015  258   1.25  57280.248  100.8  3.177e+01 
 117521  0.488  1  2015  258   1.92  57280.275  100.8  2.764e+01 
 117522  1.088  2  2015  258   2.36  57280.294  100.8  2.954e+01 
 117523  0.600  1  2015  258   2.82  57280.313  100.8  2.548e+01 
 117524  0.377  1  2015  258   3.35  57280.335  100.9  2.538e+01 
 117525  0.755  2  2015  258   3.68  57280.349  100.9  4.610e+01 
 117526  0.866  2  2015  258   4.20  57280.370  100.9  3.627e+01 
 117527  0.977  2  2015  258   4.75  57280.394  100.9  3.492e+01 
 117562  0.965  2  2015  258  22.19  57281.120  101.9  2.275e+01 
 117563  0.965  2  2015  258  22.70  57281.142  101.9  2.503e+01 
 117565  1.307  1  2015  258  23.65  57281.181  102.0  2.201e+01 
 117622  1.660  1  2015  260   4.24  57282.372  103.8  3.297e+01 
 117658  0.802  1  2015  260  22.09  57283.116  104.9  2.798e+01 
 117659  0.802  1  2015  260  22.52  57283.134  104.9  2.666e+01 
 117660  0.802  1  2015  260  23.23  57283.164  104.9  2.463e+01 
 117661  0.802  1  2015  260  23.66  57283.181  104.9  2.467e+01 
 117663  2.611  1  2015  261   0.78  57283.228  105.0  2.093e+01 
 117665  0.674  1  2015  261   1.97  57283.278  105.0  1.993e+01 
 117668  2.611  1  2015  261   3.46  57283.340  105.1  2.549e+01 
 117708  0.793  1  2015  261  23.45  57284.173  105.9  2.188e+01 
 117709  0.793  1  2015  261  23.86  57284.190  105.9  1.452e+01 
 117711  1.660  1  2015  262   0.82  57284.230  105.9  1.634e+01 
 117714  1.660  1  2015  262   2.01  57284.279  106.0  1.629e+01 
 117716  2.611  1  2015  262   3.38  57284.337  106.0  2.306e+01 
 117757  0.810  1  2015  262  23.92  57285.192  106.5  1.496e+01 
 117758  0.810  1  2015  263   0.37  57285.211  106.5  2.135e+01 
 117760  0.694  2  2015  263   1.22  57285.246  106.6  3.037e+01 
 117762  0.810  1  2015  263   2.13  57285.284  106.6  2.009e+01 
 117763  0.810  1  2015  263   2.57  57285.303  106.6  2.684e+01 
 117796  0.673  1  2015  263  19.12  57285.992  106.8  5.095e+01 
 117797  0.673  1  2015  263  19.50  57286.008  106.8  4.116e+01 
 117799  1.593  1  2015  263  20.53  57286.051  106.8  2.472e+01 
 117801  1.593  1  2015  263  21.90  57286.108  106.8  2.005e+01 
 117804  1.593  1  2015  263  23.07  57286.157  106.8  1.517e+01 
 117806  1.593  1  2015  264   0.21  57286.204  106.8  1.715e+01 
 117808  1.082  1  2015  264   1.36  57286.252  106.8  1.711e+01 
 117810  1.116  1  2015  264   2.21  57286.288  106.8  1.759e+01 
 117812  1.182  1  2015  264   3.06  57286.323  106.8  1.835e+01 
 117814  1.593  1  2015  264   4.28  57286.374  106.8  2.046e+01 
 117858  2.126  1  2015  265   2.19  57287.287  106.9  2.089e+01 
 117860  1.716  1  2015  265   3.47  57287.340  106.9  2.258e+01 
 117862  0.353  1  2015  265   4.23  57287.372  106.9  4.444e+01 
 117956  0.526  1  2015  267   3.20  57289.329  106.7  1.682e+01 
 117957  0.884  2  2015  267   3.71  57289.350  106.7  1.694e+01 
 117958  0.526  1  2015  267   4.22  57289.372  106.7  2.420e+01 
 118228  0.667  2  2015  272  19.33  57295.001  103.5  3.502e+01 
 118229  0.333  1  2015  272  19.62  57295.013  103.5  3.336e+01 
 118428  1.059  2  2015  276  23.23  57299.163  103.0  2.114e+01 
 118429  0.530  1  2015  276  23.65  57299.181  103.0  2.644e+01 
 118468  0.500  1  2015  277  19.24  57299.997  103.2  4.860e+01 
 118469  1.000  2  2015  277  19.69  57300.016  103.2  4.113e+01 
 118470  0.500  1  2015  277  20.13  57300.034  103.2  4.949e+01 
 118471  1.026  1  2015  277  20.91  57300.067  103.2  3.050e+01 
 118473  0.892  1  2015  277  21.87  57300.107  103.2  3.153e+01 
 118475  1.259  1  2015  277  22.77  57300.144  103.3  2.232e+01 
 118477  1.259  1  2015  277  23.72  57300.184  103.3  2.064e+01 
 118480  1.726  1  2015  278   1.06  57300.240  103.3  2.503e+01 
 118485  1.592  1  2015  278   3.72  57300.351  103.4  2.449e+01 
 118486  0.353  1  2015  278   4.38  57300.378  103.4  4.685e+01 
 118517  1.318  2  2015  278  19.74  57301.018  103.7  3.387e+01 
 118519  1.326  1  2015  278  20.77  57301.061  103.7  2.619e+01 
 118521  1.318  2  2015  278  21.76  57301.102  103.8  2.935e+01 
 118523  1.159  1  2015  278  22.81  57301.146  103.8  2.976e+01 
 118525  1.992  1  2015  278  23.87  57301.190  103.8  2.878e+01 
 118528  1.992  1  2015  279   1.31  57301.250  103.9  2.728e+01 
 118530  1.726  1  2015  279   2.49  57301.299  103.9  2.636e+01 
 118533  1.659  1  2015  279   3.83  57301.355  103.9  2.722e+01 
 118852  1.127  1  2015  285  19.45  57308.006  103.3  3.675e+01 
 118854  1.127  1  2015  285  20.44  57308.047  103.2  4.556e+01 
 118856  2.000  1  2015  285  21.40  57308.087  103.2  4.499e+01 
 118861  1.035  1  2015  285  23.98  57308.195  103.1  3.537e+01 
 118863  1.035  1  2015  286   0.53  57308.218  103.1  3.007e+01 
 118950  2.000  1  2015  287  20.16  57310.036  101.6  4.262e+01 
 118952  0.793  1  2015  287  21.30  57310.083  101.6  4.043e+01 
 118953  0.793  1  2015  287  21.71  57310.100  101.6  3.901e+01 
 118963  0.495  1  2015  288   2.87  57310.315  101.5  2.553e+01 
 118964  0.990  1  2015  288   3.27  57310.332  101.5  2.662e+01 
 119297  0.990  1  2015  295   1.59  57317.262  108.3  3.049e+01 
 119298  0.810  1  2015  295   2.43  57317.297  108.4  3.325e+01 
 119299  0.810  1  2015  295   2.87  57317.315  108.4  3.296e+01 
 119301  0.810  1  2015  295   3.67  57317.349  108.4  3.422e+01 
 119302  0.810  1  2015  295   4.12  57317.367  108.5  4.217e+01 
 119911  0.493  1  2015  307  20.94  57330.068  110.3  2.861e+01 
 119912  0.493  1  2015  307  21.22  57330.080  110.3  3.616e+01 
 119913  0.548  1  2015  307  21.77  57330.103  110.3  2.644e+01 
 119914  1.096  1  2015  307  22.21  57330.121  110.3  3.048e+01 
 119916  1.698  1  2015  307  23.10  57330.158  110.3  2.616e+01 
 119918  2.028  1  2015  308   0.20  57330.204  110.2  2.584e+01 
 119922  2.028  1  2015  308   2.26  57330.290  110.1  4.445e+01 
 119924  1.318  2  2015  308   3.27  57330.332  110.1  5.095e+01 
 119957  0.759  2  2015  308  19.67  57331.015  109.6  4.554e+01 
 119958  0.826  1  2015  308  20.42  57331.046  109.6  4.582e+01 
 119960  0.826  1  2015  308  21.42  57331.088  109.5  3.709e+01 
 119961  0.826  1  2015  308  21.87  57331.107  109.5  3.105e+01 
 119962  0.993  1  2015  308  22.45  57331.131  109.5  3.299e+01 
 119964  1.985  1  2015  308  23.22  57331.163  109.5  3.297e+01 
 119966  1.363  1  2015  309   0.41  57331.213  109.5  3.548e+01 
 119968  2.045  1  2015  309   1.45  57331.256  109.5  3.253e+01 
 119970  0.993  1  2015  309   2.42  57331.296  109.4  3.494e+01 
 119972  1.985  1  2015  309   3.19  57331.329  109.4  3.313e+01 
 120006  2.000  1  2015  309  20.17  57332.036  109.1  2.197e+01 
 120053  2.000  1  2015  310  19.98  57333.028  108.9  3.289e+01 
 120056  0.802  1  2015  310  21.11  57333.075  108.9  4.457e+01 
 120057  0.802  1  2015  310  21.54  57333.093  108.9  4.272e+01 
 120068  1.485  2  2015  311   3.29  57333.333  108.9  3.625e+01 
 120103  0.802  1  2015  311  20.59  57334.053  109.1  4.041e+01 
 120104  0.802  1  2015  311  21.01  57334.071  109.1  3.249e+01 
 120105  0.793  1  2015  311  21.88  57334.107  109.1  3.221e+01 
 120106  0.793  1  2015  311  22.29  57334.124  109.1  2.418e+01 
 120201  0.358  1  2015  313  21.97  57336.111  110.1  4.262e+01 
 120202  0.716  2  2015  313  22.29  57336.124  110.1  3.991e+01 
 120203  0.358  1  2015  313  22.60  57336.137  110.1  4.897e+01 
 120204  0.716  2  2015  313  23.38  57336.170  110.1  4.408e+01 
 120205  0.358  1  2015  313  23.70  57336.183  110.1  3.607e+01 
 120437  0.802  1  2015  318  19.90  57341.025  108.5  2.582e+01 
 120438  0.802  1  2015  318  20.33  57341.043  108.5  2.346e+01 
 120638  0.990  1  2015  323   0.45  57345.214  104.6  2.208e+01 
 121210  1.333  1  2015  334  22.44  57357.131  103.9  1.541e+01 
 121253  0.659  1  2015  335  19.95  57358.027  104.4  2.301e+01 
 121255  0.659  1  2015  335  20.84  57358.064  104.4  1.595e+01 
 121257  1.977  1  2015  335  21.80  57358.104  104.4  1.786e+01 
 121259  0.659  1  2015  335  22.74  57358.143  104.4  3.009e+01 
 121260  1.706  1  2015  335  23.36  57358.169  104.4  2.543e+01 
 121301  0.659  1  2015  336  19.99  57359.028  104.8  1.946e+01 
 121302  0.659  1  2015  336  20.33  57359.043  104.8  2.801e+01 
 121303  0.659  1  2015  336  20.86  57359.065  104.8  1.733e+01 
 121304  0.659  1  2015  336  21.20  57359.079  104.8  1.776e+01 
 121305  0.659  1  2015  336  21.79  57359.103  104.8  1.611e+01 
 121306  1.354  1  2015  336  22.31  57359.125  104.8  2.063e+01 
 121308  0.792  1  2015  336  23.13  57359.159  104.9  2.275e+01 
 121309  0.792  1  2015  336  23.54  57359.176  104.9  1.792e+01 
 121350  1.687  1  2015  337  20.27  57360.040  105.3  1.343e+01 
 121352  0.944  2  2015  337  21.32  57360.084  105.3  1.326e+01 
 121353  0.944  2  2015  337  21.85  57360.106  105.3  2.399e+01 
 121355  0.810  1  2015  337  22.69  57360.141  105.3  2.660e+01 
 121356  0.810  1  2015  337  23.13  57360.159  105.3  2.045e+01 
 121398  0.793  1  2015  338  20.12  57361.034  105.4  2.158e+01 
 121399  0.793  1  2015  338  20.54  57361.051  105.4  1.778e+01 
 121400  0.793  1  2015  338  21.38  57361.086  105.4  1.598e+01 
 121401  0.793  1  2015  338  21.80  57361.104  105.4  1.539e+01 
 121405  0.810  1  2015  338  23.98  57361.195  105.4  1.987e+01 
 121406  0.810  1  2015  339   0.42  57361.213  105.4  2.627e+01 
 121494  0.802  1  2015  340  20.28  57363.040  105.1  1.687e+01 
 121495  0.802  1  2015  340  20.70  57363.058  105.1  1.341e+01 
 121498  0.936  1  2015  340  22.06  57363.115  105.0  2.751e+01 
 121500  0.936  1  2015  340  23.48  57363.174  105.0  1.143e+01 
 121502  0.936  1  2015  341   0.01  57363.196  105.0  2.226e+01 
 121503  0.936  1  2015  341   0.87  57363.232  105.0  2.134e+01 
 121504  0.936  1  2015  341   1.40  57363.254  105.0  2.310e+01 
 121543  0.802  1  2015  341  20.63  57364.055  105.0  1.421e+01 
 121548  0.782  2  2015  341  23.29  57364.166  105.0  3.692e+01 
 121550  0.391  1  2015  342   0.24  57364.205  105.0  2.418e+01 
 121551  0.391  1  2015  342   0.63  57364.222  105.0  3.699e+01 
 121590  0.802  1  2015  342  20.22  57365.038  105.4  4.883e+00 
 121591  0.802  1  2015  342  20.64  57365.056  105.4  1.292e+01 
 121592  0.639  1  2015  342  21.47  57365.090  105.4  2.644e+01 
 121593  0.639  1  2015  342  21.86  57365.106  105.4  2.727e+01 
 121599  0.639  1  2015  343   0.99  57365.237  105.5  2.495e+01 
 121600  0.639  1  2015  343   1.38  57365.253  105.5  1.336e+01 
 121602  0.639  1  2015  343   2.19  57365.287  105.5  3.938e+01 
 121603  0.639  1  2015  343   2.58  57365.303  105.6  3.573e+01 
 121784  0.333  1  2015  346  21.42  57369.088  109.4  2.106e+01 
 121785  0.667  2  2015  346  21.71  57369.100  109.4  2.822e+01 
 121786  0.333  1  2015  346  22.00  57369.112  109.4  3.323e+01 
 121831  0.997  1  2015  347  20.83  57370.063  110.1  1.575e+01 
 121832  0.997  1  2015  347  21.34  57370.085  110.1  1.390e+01 
 121834  0.936  1  2015  347  22.14  57370.118  110.1  2.360e+01 
 121835  0.936  1  2015  347  22.67  57370.140  110.1  2.774e+01 
 121836  0.391  1  2015  347  23.46  57370.173  110.2  4.586e+01 
 121837  0.391  1  2015  347  23.85  57370.189  110.2  4.191e+01 
 121839  0.782  2  2015  348   0.79  57370.229  110.2  4.768e+01 
 121841  0.944  2  2015  348   1.67  57370.265  110.2  2.404e+01 
 121843  0.693  1  2015  348   2.63  57370.305  110.2  2.178e+01 
 121844  0.693  1  2015  348   3.03  57370.322  110.2  1.511e+01 
 121878  0.997  1  2015  348  20.48  57371.049  110.6  1.226e+01 
 121879  0.997  1  2015  348  21.00  57371.071  110.6  1.288e+01 
 121881  0.936  1  2015  348  21.78  57371.103  110.7  2.528e+01 
 121882  0.936  1  2015  348  22.31  57371.125  110.7  1.960e+01 
 121884  0.391  1  2015  348  23.50  57371.175  110.7  3.497e+01 
 121887  0.391  1  2015  349   0.94  57371.235  110.7  4.912e+01 
 121890  1.277  2  2015  349   2.28  57371.290  110.8  3.579e+01 
 121892  0.944  2  2015  349   3.16  57371.327  110.8  2.417e+01 
 121926  0.558  1  2015  349  20.25  57372.039  111.2  3.994e+01 
 121927  0.639  1  2015  349  20.66  57372.057  111.2  4.016e+01 
 121940  0.472  1  2015  350   3.28  57372.332  111.3  1.349e+01 
 121941  0.472  1  2015  350   3.55  57372.343  111.3  2.024e+01 
 121978  1.485  2  2015  350  22.34  57373.127  111.5  1.696e+01 
 121980  1.485  1  2015  350  23.40  57373.171  111.5  1.790e+01 
 121982  0.495  1  2015  351   0.09  57373.199  111.5  1.633e+01 
 121983  0.791  1  2015  351   0.54  57373.218  111.5  1.548e+01 
 121986  0.693  1  2015  351   2.30  57373.291  111.6  1.444e+01 
 121987  0.693  1  2015  351   2.70  57373.308  111.6  1.619e+01 
 123030  1.035  1  2016    7  20.50  57395.050  100.5  1.228e+01 
 123032  1.035  1  2016    7  21.05  57395.072  100.5  1.968e+01 
 123039  1.277  2  2016    8   0.72  57395.226  100.4  2.798e+01 
 123078  0.667  1  2016    8  20.38  57396.045   99.8  1.348e+01 
 123079  0.667  1  2016    8  20.74  57396.060   99.8  1.162e+01 
 123080  1.333  2  2016    8  21.28  57396.082   99.7  9.860e+00 
 123127  1.035  1  2016    9  20.61  57397.054   99.2  1.926e+01 
 123128  1.035  1  2016    9  21.15  57397.077   99.2  2.890e+01 
 123189  0.493  1  2016   11   3.59  57398.345   98.7  4.144e+01 
 124231  0.667  2  2016   32  20.85  57420.064  105.9  1.832e+01 
 124232  0.667  2  2016   32  21.23  57420.080  105.9  1.861e+01 
 124240  0.753  2  2016   33   1.38  57420.253  106.0  2.614e+01 
 124241  0.753  2  2016   33   1.81  57420.271  106.0  2.149e+01 
 124243  1.333  1  2016   33   2.68  57420.307  106.0  9.879e+00 
 124245  1.333  1  2016   33   3.68  57420.349  106.1  1.329e+01 
 124278  0.333  1  2016   33  20.42  57421.047  106.3  2.223e+01 
 124279  0.667  2  2016   33  20.71  57421.059  106.3  2.039e+01 
 124280  0.333  1  2016   33  21.00  57421.071  106.3  1.803e+01 
 124282  1.000  2  2016   33  22.29  57421.124  106.3  1.568e+01 
 124283  1.067  1  2016   33  22.84  57421.147  106.3  1.318e+01 
 124289  1.620  2  2016   34   1.74  57421.268  106.3  2.171e+01 
 124292  1.000  3  2016   34   3.29  57421.333  106.3  1.976e+01 
 124293  0.333  1  2016   34   3.68  57421.349  106.3  2.543e+01 
 124326  0.753  2  2016   34  20.25  57422.039  106.4  1.225e+01 
 124327  0.377  1  2016   34  20.57  57422.053  106.4  1.145e+01 
 124333  0.944  2  2016   34  23.64  57422.180  106.4  1.976e+01 
 124335  1.385  2  2016   35   0.79  57422.228  106.3  2.040e+01 
 124337  0.693  1  2016   35   1.70  57422.266  106.3  1.828e+01 
 124338  0.693  1  2016   35   2.10  57422.283  106.3  1.764e+01 
 124374  0.377  1  2016   35  20.34  57423.043  106.2  3.050e+01 
 124375  1.130  3  2016   35  20.77  57423.061  106.2  2.866e+01 
 124380  1.622  2  2016   35  23.25  57423.164  106.2  1.368e+01 
 124382  0.811  1  2016   36   0.21  57423.204  106.2  1.503e+01 
 124383  0.811  1  2016   36   0.64  57423.222  106.2  1.890e+01 
 124670  1.130  3  2016   42   0.27  57429.207  103.7  2.816e+01 
 124671  0.377  1  2016   42   0.70  57429.225  103.7  4.878e+01 
 124672  0.377  1  2016   42   1.22  57429.246  103.7  3.543e+01 
 124673  1.667  1  2016   42   1.93  57429.276  103.6  2.520e+01 
 124676  1.667  1  2016   42   3.08  57429.324  103.6  2.151e+01 
 124865  2.000  1  2016   46   1.96  57433.277  101.7  1.226e+01 
 124868  1.127  1  2016   46   3.13  57433.326  101.7  1.277e+01 
 124869  1.127  1  2016   46   3.80  57433.354  101.7  1.430e+01 
 124910  0.355  1  2016   47   0.35  57434.210  101.5  1.827e+01 
 124911  1.065  3  2016   47   0.77  57434.228  101.4  3.254e+01 
 124913  0.811  1  2016   47   1.69  57434.266  101.4  2.335e+01 
 124914  0.811  1  2016   47   2.12  57434.284  101.4  2.536e+01 
 124915  0.810  1  2016   47   2.98  57434.320  101.4  1.882e+01 
 124916  0.810  1  2016   47   3.42  57434.338  101.4  3.073e+01 
 124960  0.480  1  2016   48   1.46  57435.256  101.0  3.763e+01 
 124962  0.480  1  2016   48   2.28  57435.291  101.0  3.076e+01 
 125631  0.811  1  2016   62   0.92  57449.234   92.9  2.032e+01 
 125632  0.811  1  2016   62   1.35  57449.252   92.9  1.959e+01 
 125637  1.059  2  2016   62   3.66  57449.348   92.9  1.931e+01 
 125638  0.530  1  2016   62   4.09  57449.366   92.9  2.092e+01 
 125676  0.811  1  2016   62  23.18  57450.162   92.8  3.039e+01 
 125677  0.811  1  2016   62  23.61  57450.180   92.8  3.291e+01 
 125678  0.811  1  2016   63   0.38  57450.211   92.8  2.919e+01 
 125679  0.811  1  2016   63   0.81  57450.229   92.8  3.366e+01 
 125729  1.333  2  2016   64   1.71  57451.267   92.7  2.326e+01 
 125730  0.667  1  2016   64   2.25  57451.289   92.7  2.385e+01 
 125731  0.667  1  2016   64   2.61  57451.304   92.7  2.457e+01 
 125735  2.000  1  2016   64   4.52  57451.384   92.7  2.257e+01 
 125778  0.872  1  2016   65   2.38  57452.295   92.5  2.555e+01 
 125779  0.872  1  2016   65   2.85  57452.314   92.5  2.641e+01 
 125781  0.802  1  2016   65   3.80  57452.354   92.5  2.747e+01 
 125782  0.802  1  2016   65   4.22  57452.371   92.5  2.770e+01 
 125823  0.802  1  2016   66   0.88  57453.232   92.3  1.712e+01 
 125824  0.802  1  2016   66   1.31  57453.250   92.3  1.724e+01 
 125826  0.802  1  2016   66   2.21  57453.288   92.3  1.976e+01 
 125827  0.802  1  2016   66   2.63  57453.305   92.3  2.653e+01 
 126103  0.667  1  2016   71  20.81  57459.062   91.8  2.678e+01 
 126104  0.667  1  2016   71  21.17  57459.078   91.8  2.248e+01 
 126105  1.267  2  2016   71  21.69  57459.099   91.8  2.401e+01 
 126107  0.872  1  2016   71  22.78  57459.145   91.8  2.425e+01 
 126108  0.872  1  2016   71  23.26  57459.165   91.8  2.834e+01 
 126109  0.872  1  2016   71  23.97  57459.194   91.8  2.692e+01 
 126110  0.872  1  2016   72   0.44  57459.214   91.8  3.387e+01 
 126112  1.744  2  2016   72   1.26  57459.248   91.8  2.699e+01 
 126114  0.802  1  2016   72   2.48  57459.299   91.8  3.520e+01 
 126115  0.802  1  2016   72   2.91  57459.317   91.8  3.801e+01 
 126117  1.035  1  2016   72   3.89  57459.358   91.8  3.485e+01 
 126118  1.035  1  2016   72   4.44  57459.381   91.8  3.612e+01 
 126150  0.758  2  2016   72  20.26  57460.040   91.6  3.102e+01 
 126151  0.758  2  2016   72  20.70  57460.058   91.6  3.792e+01 
 126152  0.758  2  2016   72  21.38  57460.086   91.6  3.407e+01 
 126153  0.758  2  2016   72  21.82  57460.105   91.6  4.016e+01 
 126154  0.758  2  2016   72  22.33  57460.126   91.6  3.458e+01 
 126155  0.758  2  2016   72  22.77  57460.144   91.6  4.214e+01 
 126156  0.379  1  2016   72  23.42  57460.171   91.6  3.904e+01 
 126157  0.758  2  2016   72  23.75  57460.185   91.6  2.423e+01 
 126158  0.758  2  2016   73   0.26  57460.206   91.6  3.445e+01 
 126159  0.758  2  2016   73   0.78  57460.228   91.6  3.951e+01 
 126160  0.379  1  2016   73   1.10  57460.242   91.6  3.884e+01 
 126161  0.872  1  2016   73   1.85  57460.273   91.6  3.249e+01 
 126162  0.872  1  2016   73   2.32  57460.292   91.6  3.295e+01 
 126164  0.810  1  2016   73   3.46  57460.340   91.6  3.973e+01 
 126165  0.810  1  2016   73   3.90  57460.358   91.6  4.624e+01 
 126197  0.758  2  2016   73  19.68  57461.016   91.4  2.640e+01 
 126198  0.758  2  2016   73  20.12  57461.034   91.4  3.187e+01 
 126199  0.379  1  2016   73  20.79  57461.062   91.4  3.341e+01 
 126200  0.379  1  2016   73  21.45  57461.089   91.4  2.648e+01 
 126201  0.758  2  2016   73  21.85  57461.106   91.4  4.753e+01 
 126202  0.758  2  2016   73  22.29  57461.124   91.4  3.730e+01 
 126203  0.379  1  2016   73  22.97  57461.152   91.4  2.468e+01 
 126204  0.758  2  2016   73  23.29  57461.166   91.4  3.127e+01 
 126205  0.758  2  2016   73  23.80  57461.187   91.4  3.325e+01 
 126206  0.758  2  2016   74   0.30  57461.208   91.4  2.737e+01 
 126207  0.379  1  2016   74   0.63  57461.222   91.4  3.713e+01 
 126208  0.872  1  2016   74   1.49  57461.258   91.4  2.096e+01 
 126209  0.872  1  2016   74   1.96  57461.277   91.4  2.229e+01 
 126246  1.333  2  2016   74  20.23  57462.039   91.3  2.861e+01 
 126247  0.667  1  2016   74  20.77  57462.061   91.3  2.764e+01 
 126248  0.667  1  2016   74  21.13  57462.076   91.3  2.695e+01 
 126301  0.379  1  2016   75  23.93  57463.193   91.0  3.904e+01 
 126302  0.379  1  2016   76   0.25  57463.206   91.0  2.661e+01 
 126303  0.379  1  2016   76   0.91  57463.233   91.0  2.517e+01 
 126304  0.379  1  2016   76   1.30  57463.250   91.0  3.438e+01 
 126305  0.379  1  2016   76   1.52  57463.259   91.0  3.955e+01 
 126356  1.059  2  2016   77   3.23  57464.330   90.5  2.626e+01 
 126357  0.530  1  2016   77   3.66  57464.348   90.5  1.731e+01 
 126452  2.000  1  2016   79   3.25  57466.331   89.4  3.240e+01 
 127168  0.530  1  2016   94   1.24  57481.247   93.1  3.668e+01 
 127169  1.059  2  2016   94   1.67  57481.265   93.1  3.519e+01 
 127444  0.664  1  2016   99  19.47  57487.007   94.3  3.616e+01 
 127445  0.664  1  2016   99  19.82  57487.021   94.3  3.467e+01 
 127447  1.329  2  2016   99  20.79  57487.062   94.3  3.230e+01 
 127449  1.604  2  2016   99  21.74  57487.101   94.3  3.183e+01 
 127451  0.802  1  2016   99  22.70  57487.141   94.3  3.138e+01 
 127452  0.802  1  2016   99  23.12  57487.159   94.3  2.519e+01 
 127453  1.059  2  2016   99  23.76  57487.185   94.3  3.476e+01 
 127454  0.530  1  2016  100   0.18  57487.203   94.3  3.440e+01 
 127455  1.059  2  2016  100   0.85  57487.231   94.3  3.280e+01 
 127456  0.530  1  2016  100   1.28  57487.249   94.2  3.736e+01 
 127457  0.802  1  2016  100   1.75  57487.268   94.2  3.634e+01 
 127458  0.802  1  2016  100   2.17  57487.286   94.2  3.373e+01 
 127496  0.872  1  2016  100  21.48  57488.090   94.0  4.054e+01 
 127497  0.872  1  2016  100  21.95  57488.110   94.0  3.375e+01 
 127499  0.872  1  2016  100  22.78  57488.145   94.0  3.259e+01 
 127500  0.872  1  2016  100  23.25  57488.164   94.0  3.408e+01 
 127503  0.667  2  2016  101   0.79  57488.229   94.0  3.721e+01 
 127504  0.333  1  2016  101   1.08  57488.241   94.0  3.836e+01 
 127645  0.756  1  2016  103  23.94  57491.193   93.5  3.982e+01 
 127694  0.848  1  2016  105   0.25  57492.206   93.7  3.515e+01 
 127695  0.848  1  2016  105   0.76  57492.227   93.7  3.443e+01 
 128595  0.647  1  2016  123  18.98  57510.986   90.6  4.652e+01 
 128596  0.580  1  2016  123  19.31  57511.000   90.6  4.376e+01 
 128603  0.527  1  2016  123  22.70  57511.141   90.6  6.562e+01 
 128604  0.574  1  2016  123  23.30  57511.166   90.7  6.387e+01 
 128605  1.147  2  2016  123  23.76  57511.186   90.7  6.327e+01 
 128606  0.574  1  2016  124   0.23  57511.205   90.7  5.981e+01 
 128611  0.574  1  2016  124   2.78  57511.311   90.7  6.404e+01 
 128612  0.574  1  2016  124   3.09  57511.324   90.7  7.087e+01 
 128613  0.574  1  2016  124   3.98  57511.361   90.8  4.509e+01 
 128614  0.574  1  2016  124   4.29  57511.374   90.8  4.581e+01 
 128615  1.147  2  2016  124   4.75  57511.394   90.8  4.373e+01 
 128942  0.502  1  2016  131   0.35  57518.210   96.0  5.827e+01 
 128943  0.502  1  2016  131   0.63  57518.222   96.0  5.495e+01 
 129030  0.873  1  2016  132  20.19  57520.037   96.4  3.255e+01 
 129031  0.873  1  2016  132  20.72  57520.059   96.4  3.283e+01 
 129035  0.810  1  2016  132  22.85  57520.147   96.4  3.321e+01 
 129037  0.527  1  2016  132  23.53  57520.176   96.4  4.629e+01 
 129039  0.522  1  2016  133   0.52  57520.217   96.4  5.828e+01 
 129040  0.522  1  2016  133   1.26  57520.248   96.4  6.964e+01 
 129041  0.522  1  2016  133   1.56  57520.261   96.4  7.231e+01 
 129042  1.533  1  2016  133   2.45  57520.298   96.4  6.768e+01 
 129239  0.787  1  2016  137   4.72  57524.392   96.1  3.963e+01 
 129240  0.787  1  2016  137   5.13  57524.409   96.1  4.544e+01 
 129940  1.000  2  2016  151  19.14  57538.993   91.8  2.726e+01 
 129950  0.667  1  2016  152   0.02  57539.196   91.7  2.781e+01 
 130040  0.804  1  2016  153  21.12  57541.076   90.8  2.428e+01 
 130042  0.680  1  2016  153  22.26  57541.123   90.7  2.536e+01 
 130083  0.680  1  2016  154  18.85  57541.981   90.4  3.330e+01 
 130084  0.680  1  2016  154  19.37  57542.002   90.4  3.832e+01 
 130094  0.522  1  2016  155   0.21  57542.204   90.3  4.263e+01 
 130095  1.044  2  2016  155   0.66  57542.223   90.3  4.330e+01 
 130096  0.522  1  2016  155   1.11  57542.242   90.3  3.721e+01 
 130229  1.044  2  2016  157  19.73  57545.018   89.1  3.530e+01 
 130230  1.044  2  2016  157  20.33  57545.043   89.1  3.702e+01 
 130232  0.522  1  2016  157  21.24  57545.081   89.0  3.388e+01 
 130233  1.044  2  2016  157  21.69  57545.100   89.0  2.958e+01 
 130234  0.522  1  2016  157  22.15  57545.118   89.0  3.542e+01 
 130333  0.950  1  2016  159  23.88  57547.190   88.2  2.034e+01 
 130334  0.950  1  2016  160   0.38  57547.212   88.2  2.048e+01 
 130336  0.950  1  2016  160   1.23  57547.247   88.1  1.860e+01 
 130337  0.950  1  2016  160   1.74  57547.268   88.1  2.077e+01 
 130341  1.329  2  2016  160   3.78  57547.353   88.1  2.400e+01 
 130372  0.680  1  2016  160  19.11  57547.992   87.8  3.496e+01 
 130474  0.950  1  2016  162  22.45  57550.131   86.8  2.570e+01 
 130475  0.950  1  2016  162  22.95  57550.152   86.8  2.499e+01 
 130518  0.428  1  2016  163  20.42  57551.046   86.4  2.648e+01 
 130519  0.798  2  2016  163  20.81  57551.063   86.4  2.329e+01 
 130521  0.950  1  2016  163  21.70  57551.100   86.4  2.259e+01 
 130522  0.950  1  2016  163  22.21  57551.121   86.4  2.455e+01 
 130726  0.816  2  2016  168   4.38  57555.378   84.8  4.368e+01 
 130727  0.816  2  2016  168   4.85  57555.398   84.8  4.640e+01 
 131044  0.664  1  2016  174  19.21  57561.996   82.9  1.774e+01 
 131235  0.365  1  2016  178  18.87  57565.982   82.5  2.449e+01 
 131236  0.730  2  2016  178  19.28  57565.999   82.5  2.520e+01 
 131240  0.808  1  2016  178  21.10  57566.075   82.5  2.778e+01 
 131241  0.808  1  2016  178  21.53  57566.093   82.5  2.411e+01 
 131392  0.802  1  2016  182   1.44  57569.256   83.2  2.035e+01 
 131393  0.802  1  2016  182   1.87  57569.273   83.2  1.920e+01 
 131395  0.944  2  2016  182   2.79  57569.312   83.2  3.034e+01 
 131396  0.944  2  2016  182   3.32  57569.334   83.2  3.604e+01 
 131398  0.950  1  2016  182   4.13  57569.368   83.3  2.524e+01 
 131399  0.950  1  2016  182   4.64  57569.389   83.3  3.336e+01 
 131429  0.680  1  2016  182  19.80  57570.020   83.5  1.852e+01 
 131431  0.527  1  2016  182  20.57  57570.053   83.5  2.085e+01 
 131490  1.576  2  2016  184   2.24  57571.289   84.1  2.323e+01 
 131688  0.847  1  2016  188   5.05  57575.406   87.6  2.617e+01 
 131814  0.333  1  2016  190  20.30  57578.042   90.2  2.920e+01 
 131815  1.000  3  2016  190  20.73  57578.059   90.2  3.182e+01 
 131817  0.333  1  2016  190  21.97  57578.111   90.2  2.069e+01 
 131818  0.667  2  2016  190  22.29  57578.124   90.2  1.614e+01 
 131819  0.333  1  2016  190  22.61  57578.138   90.2  2.221e+01 
 131826  0.950  1  2016  191   2.17  57578.286   90.3  1.641e+01 
 131827  0.950  1  2016  191   2.67  57578.307   90.3  1.839e+01 
 131828  0.507  1  2016  191   3.39  57578.337   90.3  1.824e+01 
 131829  1.013  2  2016  191   3.81  57578.354   90.3  2.183e+01 
 131830  0.507  1  2016  191   4.22  57578.371   90.3  2.586e+01 
 131924  1.013  2  2016  193   3.15  57580.327   91.0  1.684e+01 
 131925  1.013  2  2016  193   3.70  57580.350   91.0  1.567e+01 
 131926  0.507  1  2016  193   4.37  57580.378   91.0  1.877e+01 
 131927  1.013  2  2016  193   4.79  57580.395   91.1  1.906e+01 
 131928  0.507  1  2016  193   5.20  57580.412   91.1  1.533e+01 
 131966  0.664  1  2016  194   0.50  57581.216   91.2  1.373e+01 
 131967  0.664  1  2016  194   0.84  57581.231   91.2  8.008e+00 
 131968  0.816  2  2016  194   1.38  57581.253   91.2  2.499e+01 
 131969  0.816  2  2016  194   1.85  57581.272   91.2  2.070e+01 
 131970  0.408  1  2016  194   2.48  57581.299   91.2  2.476e+01 
 131971  0.816  2  2016  194   2.83  57581.313   91.2  2.936e+01 
 131972  0.408  1  2016  194   3.18  57581.328   91.2  4.011e+01 
 131973  0.793  1  2016  194   3.82  57581.355   91.2  1.800e+01 
 131974  0.793  1  2016  194   4.23  57581.372   91.2  1.366e+01 
 132017  0.802  1  2016  195   1.77  57582.269   91.2  1.991e+01 
 132018  0.802  1  2016  195   2.20  57582.287   91.2  1.901e+01 
 132020  0.944  2  2016  195   3.24  57582.330   91.2  2.644e+01 
 132021  0.944  2  2016  195   3.77  57582.353   91.2  2.499e+01 
 132023  0.545  1  2016  195   4.54  57582.385   91.2  1.953e+01 
 132067  0.816  2  2016  196   2.70  57583.308   91.1  2.619e+01 
 132580  0.667  2  2016  206  19.28  57593.999   89.0  3.580e+01 
 132581  0.667  2  2016  206  19.71  57594.017   89.0  3.005e+01 
 132724  1.616  2  2016  209  19.27  57596.999   88.9  2.529e+01 
 132784  0.936  1  2016  211   1.41  57598.254   88.7  2.016e+01 
 132787  1.604  2  2016  211   2.78  57598.311   88.7  1.787e+01 
 132789  0.802  1  2016  211   3.79  57598.353   88.7  1.778e+01 
 132790  0.802  1  2016  211   4.21  57598.371   88.7  1.505e+01 
 132791  0.664  1  2016  211   4.85  57598.398   88.7  1.473e+01 
 132792  0.664  1  2016  211   5.19  57598.412   88.7  1.377e+01 
 132836  1.604  2  2016  212   3.25  57599.331   88.3  1.798e+01 
 132838  0.997  1  2016  212   4.42  57599.380   88.3  1.740e+01 
 132839  0.997  1  2016  212   4.94  57599.402   88.3  1.601e+01 
 132887  0.997  1  2016  213   4.55  57600.385   87.8  1.824e+01 
 132888  0.997  1  2016  213   5.06  57600.407   87.7  1.833e+01 
 132930  0.793  1  2016  214   2.30  57601.291   87.1  1.429e+01 
 132931  0.793  1  2016  214   2.72  57601.309   87.1  1.868e+01 
 132933  0.997  1  2016  214   3.97  57601.361   87.1  1.069e+01 
 132934  0.997  1  2016  214   4.49  57601.383   87.1  1.123e+01 
 132968  0.730  2  2016  214  21.21  57602.079   86.6  2.370e+01 
 132969  0.730  2  2016  214  21.61  57602.096   86.6  2.288e+01 
 132970  0.788  1  2016  214  22.29  57602.124   86.6  1.855e+01 
 132971  0.788  1  2016  214  22.72  57602.142   86.6  2.066e+01 
 132972  0.408  1  2016  214  23.39  57602.170   86.5  2.913e+01 
 132973  0.816  2  2016  214  23.74  57602.185   86.5  3.122e+01 
 132976  0.816  2  2016  215   1.27  57602.248   86.5  2.746e+01 
 132977  0.408  1  2016  215   1.72  57602.267   86.5  3.392e+01 
 132978  0.408  1  2016  215   2.42  57602.297   86.5  3.417e+01 
 132980  0.816  2  2016  215   3.30  57602.333   86.5  2.600e+01 
 132981  0.408  1  2016  215   3.65  57602.348   86.4  1.055e+01 
 132982  0.997  1  2016  215   4.32  57602.376   86.4  1.240e+01 
 132983  0.997  1  2016  215   4.84  57602.397   86.4  1.473e+01 
 133021  0.816  2  2016  215  23.76  57603.186   85.9  2.348e+01 
 133022  0.816  2  2016  216   0.23  57603.205   85.9  2.091e+01 
 133023  0.408  1  2016  216   0.99  57603.237   85.8  2.869e+01 
 133024  0.816  2  2016  216   1.34  57603.251   85.8  3.479e+01 
 133025  0.408  1  2016  216   1.69  57603.266   85.8  2.251e+01 
 133026  0.408  1  2016  216   2.35  57603.294   85.8  3.309e+01 
 133027  0.408  1  2016  216   2.58  57603.303   85.8  2.103e+01 
 133028  0.408  1  2016  216   3.05  57603.323   85.8  3.744e+01 
 133061  0.580  1  2016  216  19.50  57604.008   85.2  2.135e+01 
 133108  0.333  1  2016  217  19.31  57605.000   84.6  2.614e+01 
 133109  1.000  3  2016  217  19.69  57605.016   84.6  2.562e+01 
 133119  0.408  1  2016  218   0.86  57605.231   84.5  3.849e+01 
 133120  0.408  1  2016  218   1.32  57605.251   84.5  3.779e+01 
 133122  0.664  1  2016  218   2.25  57605.289   84.5  2.737e+01 
 133123  0.664  1  2016  218   2.59  57605.304   84.5  2.032e+01 
 133124  0.664  1  2016  218   3.34  57605.335   84.5  1.622e+01 
 133125  0.664  1  2016  218   3.68  57605.349   84.5  1.493e+01 
 133317  0.707  1  2016  222   3.80  57609.354   84.1  2.307e+01 
 133318  0.707  1  2016  222   4.20  57609.370   84.1  2.137e+01 
 133510  1.329  2  2016  226   4.21  57613.371   85.3  2.150e+01 
 133557  0.950  1  2016  227   3.78  57614.353   85.7  2.410e+01 
 133558  0.950  1  2016  227   4.29  57614.374   85.8  2.144e+01 
 133607  0.664  1  2016  228   4.76  57615.394   86.2  1.790e+01 
 133608  0.664  1  2016  228   5.11  57615.408   86.2  2.065e+01 
 134123  0.539  1  2016  238  22.80  57626.146   89.5  2.356e+01 
 134124  0.545  1  2016  238  23.18  57626.162   89.5  1.595e+01 
 134129  0.950  1  2016  239   1.81  57626.271   89.5  1.965e+01 
 134130  0.950  1  2016  239   2.32  57626.292   89.5  2.096e+01 
 134132  0.950  1  2016  239   3.17  57626.328   89.5  2.173e+01 
 134212  0.333  1  2016  240  19.31  57628.000   89.5  2.763e+01 
 134213  1.000  3  2016  240  19.70  57628.016   89.5  2.201e+01 
 134214  0.667  2  2016  240  20.18  57628.036   89.5  1.993e+01 
 134218  0.408  1  2016  240  22.38  57628.128   89.5  2.494e+01 
 134219  0.816  2  2016  240  22.73  57628.143   89.5  3.118e+01 
 134220  0.408  1  2016  240  23.08  57628.157   89.5  2.878e+01 
 134221  0.816  2  2016  240  23.69  57628.182   89.5  3.761e+01 
 134222  0.816  2  2016  241   0.15  57628.202   89.5  2.726e+01 
 134223  0.507  1  2016  241   0.98  57628.236   89.5  1.545e+01 
 134224  0.507  1  2016  241   1.26  57628.248   89.5  1.902e+01 
 134225  1.013  2  2016  241   1.67  57628.265   89.5  2.009e+01 
 134226  0.507  1  2016  241   2.47  57628.299   89.5  2.008e+01 
 134227  0.507  1  2016  241   2.75  57628.310   89.5  2.416e+01 
 134314  0.545  1  2016  242  22.19  57630.120   89.5  1.506e+01 
 134319  1.013  2  2016  243   0.84  57630.231   89.5  1.613e+01 
 134320  0.507  1  2016  243   1.26  57630.248   89.5  2.290e+01 
 134321  0.507  1  2016  243   1.53  57630.260   89.5  1.003e+01 
 134322  0.664  1  2016  243   2.26  57630.290   89.5  9.347e+00 
 134323  0.664  1  2016  243   2.60  57630.304   89.5  1.825e+01 
 134324  0.664  1  2016  243   3.34  57630.335   89.5  1.218e+01 
 134325  0.664  1  2016  243   3.68  57630.349   89.5  1.196e+01 
 134326  0.664  1  2016  243   4.17  57630.369   89.5  1.478e+01 
 134327  0.664  1  2016  243   4.52  57630.384   89.5  1.251e+01 
 134366  0.707  1  2016  244   0.31  57631.208   89.5  2.377e+01 
 134367  0.707  1  2016  244   0.70  57631.225   89.5  2.609e+01 
 134368  1.025  1  2016  244   1.42  57631.255   89.5  1.681e+01 
 134369  1.025  1  2016  244   1.97  57631.278   89.5  1.647e+01 
 134371  1.025  1  2016  244   2.78  57631.311   89.5  1.654e+01 
 134372  1.025  1  2016  244   3.32  57631.334   89.5  1.132e+01 
 134417  1.025  1  2016  245   1.60  57632.262   89.6  2.521e+01 
 134418  1.025  1  2016  245   2.15  57632.285   89.6  1.800e+01 
 134419  0.664  1  2016  245   2.89  57632.316   89.6  1.883e+01 
 134420  0.664  1  2016  245   3.24  57632.330   89.6  1.050e+01 
 134460  0.408  1  2016  245  23.49  57633.174   89.7  3.386e+01 
 134461  0.816  2  2016  245  23.84  57633.189   89.7  2.980e+01 
 134462  0.408  1  2016  246   0.19  57633.204   89.7  2.215e+01 
 134463  0.816  2  2016  246   0.80  57633.229   89.7  3.131e+01 
 134464  0.816  2  2016  246   1.27  57633.248   89.7  3.006e+01 
 134467  0.664  1  2016  246   2.82  57633.313   89.7  2.407e+01 
 134468  0.664  1  2016  246   3.17  57633.328   89.7  2.294e+01 
 134505  0.816  2  2016  246  21.80  57634.104   89.8  1.333e+01 
 134506  0.816  2  2016  246  22.27  57634.123   89.8  1.606e+01 
 134507  0.408  1  2016  246  22.86  57634.148   89.8  2.555e+01 
 134508  0.816  2  2016  246  23.21  57634.163   89.8  2.584e+01 
 134509  0.816  2  2016  246  23.73  57634.184   89.8  2.145e+01 
 134510  0.816  2  2016  247   0.24  57634.206   89.8  2.225e+01 
 134511  0.408  1  2016  247   0.59  57634.220   89.8  4.516e+01 
 134512  0.783  2  2016  247   1.26  57634.248   89.8  2.886e+01 
 134513  0.783  2  2016  247   1.68  57634.266   89.8  2.787e+01 
 134516  0.664  1  2016  247   3.29  57634.332   89.8  2.827e+01 
 134517  0.664  1  2016  247   3.63  57634.347   89.8  2.844e+01 
 134518  0.664  1  2016  247   4.49  57634.383   89.8  2.545e+01 
 134519  0.664  1  2016  247   4.84  57634.397   89.8  2.887e+01 
 134605  0.669  1  2016  248  23.84  57636.189   90.0  2.087e+01 
 134606  0.669  1  2016  249   0.21  57636.204   90.0  1.427e+01 
 134607  0.673  1  2016  249   0.57  57636.220   90.0  1.592e+01 
 134608  1.013  2  2016  249   1.35  57636.252   90.0  1.904e+01 
 134609  0.507  1  2016  249   1.76  57636.269   90.0  2.005e+01 
 134610  0.507  1  2016  249   2.04  57636.281   90.0  2.675e+01 
 134611  1.329  2  2016  249   2.75  57636.310   90.0  1.965e+01 
 134613  1.329  2  2016  249   3.69  57636.349   90.0  2.317e+01 
 134699  0.669  1  2016  250  22.72  57638.142   90.2  2.259e+01 
 134700  1.342  2  2016  250  23.27  57638.165   90.2  2.126e+01 
 134702  1.343  1  2016  251   0.27  57638.207   90.2  2.515e+01 
 134704  1.343  1  2016  251   1.04  57638.239   90.2  2.398e+01 
 134705  1.343  1  2016  251   1.82  57638.271   90.2  2.671e+01 
 134707  1.343  1  2016  251   2.63  57638.305   90.2  3.095e+01 
 134708  1.343  1  2016  251   3.42  57638.338   90.2  3.832e+01 
 134710  1.343  1  2016  251   4.25  57638.372   90.2  3.114e+01 
 134751  1.343  1  2016  252   0.50  57639.216   90.4  2.051e+01 
 134752  1.343  1  2016  252   1.36  57639.252   90.4  1.747e+01 
 134755  1.343  1  2016  252   2.95  57639.318   90.4  2.253e+01 
 134757  1.343  1  2016  252   3.75  57639.352   90.4  1.706e+01 
 134759  1.343  1  2016  252   4.55  57639.385   90.4  2.464e+01 
 134798  1.343  1  2016  253   0.29  57640.207   90.5  3.796e+01 
 134800  1.343  1  2016  253   1.07  57640.240   90.5  3.619e+01 
 134801  1.343  1  2016  253   1.85  57640.273   90.5  2.441e+01 
 134803  1.343  1  2016  253   2.65  57640.306   90.5  3.179e+01 
 134804  1.343  1  2016  253   3.44  57640.339   90.6  3.048e+01 
 134806  1.343  1  2016  253   4.28  57640.374   90.6  3.135e+01 
 134848  1.343  1  2016  254   1.25  57641.248   90.6  2.121e+01 
 134850  1.343  1  2016  254   2.04  57641.280   90.6  2.102e+01 
 134851  1.343  1  2016  254   2.82  57641.313   90.6  3.008e+01 
 134853  1.343  1  2016  254   3.60  57641.346   90.6  3.584e+01 
 134854  1.343  1  2016  254   4.39  57641.379   90.6  2.973e+01 
 134997  0.950  1  2016  257   3.61  57644.346   90.1  2.565e+01 
 134998  0.950  1  2016  257   4.12  57644.367   90.1  2.781e+01 
 135520  2.566  1  2016  268   1.11  57655.242   86.9  2.199e+01 
 135556  0.966  1  2016  268  19.20  57655.996   87.2  4.167e+01 
 135557  0.966  1  2016  268  19.71  57656.017   87.2  3.963e+01 
 135560  3.042  1  2016  268  21.19  57656.078   87.2  2.780e+01 
 135564  3.042  1  2016  268  23.01  57656.154   87.3  2.410e+01 
 135566  0.660  1  2016  269   0.15  57656.202   87.3  2.773e+01 
 135567  0.660  1  2016  269   0.51  57656.217   87.3  3.432e+01 
 135569  3.042  1  2016  269   1.69  57656.266   87.3  3.311e+01 
 135573  3.042  1  2016  269   3.50  57656.341   87.4  3.722e+01 
 135604  0.478  1  2016  269  19.26  57656.998   87.8  4.644e+01 
 135605  0.478  1  2016  269  19.53  57657.009   87.8  4.695e+01 
 135606  0.712  2  2016  269  20.13  57657.034   87.8  4.470e+01 
 135609  3.042  1  2016  269  21.62  57657.096   87.8  3.567e+01 
 135612  2.836  1  2016  269  23.34  57657.168   87.9  3.216e+01 
 135615  1.320  2  2016  270   0.81  57657.229   87.9  3.350e+01 
 135616  0.660  1  2016  270   1.36  57657.252   87.9  3.198e+01 
 135618  2.836  1  2016  270   2.50  57657.300   88.0  3.261e+01 
 135621  0.660  1  2016  270   3.67  57657.348   88.0  3.268e+01 
 135622  1.320  2  2016  270   4.21  57657.371   88.0  3.386e+01 
 135701  0.703  1  2016  271  19.55  57659.010   88.9  2.661e+01 
 135702  0.703  1  2016  271  20.09  57659.033   88.9  3.338e+01 
 135708  1.406  2  2016  271  23.24  57659.164   89.0  3.663e+01 
 135709  0.703  1  2016  271  23.83  57659.189   89.0  3.701e+01 
 135710  0.703  1  2016  272   0.31  57659.208   89.0  2.815e+01 
 135712  1.759  1  2016  272   1.07  57659.240   89.0  4.373e+01 
 135714  1.759  1  2016  272   2.17  57659.286   89.0  3.425e+01 
 135716  1.759  1  2016  272   3.21  57659.329   89.1  4.132e+01 
 135718  1.078  1  2016  272   4.05  57659.364   89.1  3.222e+01 
 135759  2.566  1  2016  273   0.65  57660.223   89.5  3.479e+01 
 135806  0.507  1  2016  274   0.31  57661.208   89.9  3.387e+01 
 135807  1.013  2  2016  274   0.72  57661.226   89.9  2.923e+01 
 135808  0.507  1  2016  274   1.13  57661.243   89.9  1.685e+01 
 135859  1.000  3  2016  275   2.76  57662.310   90.3  4.129e+01 
 135860  0.333  1  2016  275   3.15  57662.327   90.3  4.680e+01 
 135988  0.664  1  2016  277  19.36  57665.002   90.4  3.748e+01 
 135989  0.664  1  2016  277  19.71  57665.017   90.4  3.815e+01 
 135992  0.347  1  2016  277  21.46  57665.090   90.4  7.409e+01 
 135993  0.694  2  2016  277  21.79  57665.103   90.4  5.560e+01 
 135994  0.347  1  2016  277  22.11  57665.117   90.4  5.327e+01 
 135996  0.664  1  2016  277  23.41  57665.171   90.3  2.983e+01 
 135997  0.664  1  2016  277  23.75  57665.185   90.3  3.365e+01 
 136036  0.664  1  2016  278  19.40  57666.004   90.0  3.791e+01 
 136039  0.347  1  2016  278  20.79  57666.062   90.0  5.456e+01 
 136040  1.042  3  2016  278  21.22  57666.080   90.0  4.550e+01 
 136043  0.664  1  2016  278  22.79  57666.145   90.0  2.274e+01 
 136044  0.664  1  2016  278  23.14  57666.160   90.0  3.041e+01 
 136046  1.137  3  2016  279   0.27  57666.207   90.0  3.846e+01 
 136047  0.379  1  2016  279   0.70  57666.225   90.0  3.323e+01 
 136091  0.347  1  2016  279  22.99  57667.154   89.6  5.468e+01 
 136135  0.664  1  2016  280  20.90  57668.066   89.3  3.051e+01 
 136136  0.664  1  2016  280  21.24  57668.081   89.3  3.497e+01 
 136137  0.664  1  2016  280  21.90  57668.108   89.3  2.800e+01 
 136138  0.664  1  2016  280  22.25  57668.122   89.3  2.563e+01 
 136181  1.329  2  2016  281  19.70  57669.017   88.9  2.852e+01 
 136182  0.664  1  2016  281  20.46  57669.048   88.9  2.845e+01 
 136183  0.664  1  2016  281  20.81  57669.063   88.9  2.756e+01 
 136185  1.329  2  2016  281  21.74  57669.102   88.9  2.751e+01 
 136187  1.329  2  2016  281  22.74  57669.143   88.8  2.939e+01 
 136661  0.639  1  2016  291  19.65  57679.014   86.0  5.003e+01 
 136760  0.347  1  2016  293  21.39  57681.087   84.3  6.765e+01 
 136761  0.694  2  2016  293  21.71  57681.100   84.3  5.299e+01 
 136762  0.347  1  2016  293  22.03  57681.113   84.3  5.933e+01 
 136806  1.329  2  2016  294  20.25  57682.039   83.4  3.811e+01 
 136948  0.368  1  2016  297  19.31  57685.000   80.2  4.010e+01 
 136949  0.677  1  2016  297  19.88  57685.024   80.2  3.283e+01 
 136950  0.677  1  2016  297  20.24  57685.039   80.2  3.140e+01 
 136951  0.667  2  2016  297  20.75  57685.060   80.1  3.565e+01 
 136952  1.021  1  2016  297  21.44  57685.089   80.1  4.088e+01 
 136954  2.018  1  2016  297  22.41  57685.129   80.1  3.116e+01 
 136958  3.528  1  2016  298   0.03  57685.197   80.0  3.462e+01 
 136961  1.781  1  2016  298   1.81  57685.271   79.9  4.336e+01 
 136963  1.781  1  2016  298   2.77  57685.311   79.9  4.154e+01 
 136965  1.009  1  2016  298   3.66  57685.348   79.9  2.911e+01 
 136996  0.368  1  2016  298  19.34  57686.002   79.2  5.906e+01 
 136997  0.510  1  2016  298  19.89  57686.024   79.2  4.910e+01 
 136999  1.363  1  2016  298  20.51  57686.050   79.2  5.405e+01 
 137001  2.528  1  2016  298  21.70  57686.100   79.1  4.646e+01 
 137004  2.018  1  2016  298  23.14  57686.160   79.1  3.965e+01 
 137006  1.009  1  2016  299   0.27  57686.207   79.1  5.041e+01 
 137007  1.009  1  2016  299   0.80  57686.229   79.0  4.938e+01 
 137010  3.528  1  2016  299   2.14  57686.285   79.0  4.074e+01 
 137013  1.341  1  2016  299   3.54  57686.343   78.9  4.094e+01 
 137141  0.664  1  2016  301  19.68  57689.016   77.0  2.055e+01 
 137142  0.664  1  2016  301  20.03  57689.030   77.0  2.508e+01 
 137143  1.042  3  2016  301  20.76  57689.060   77.0  4.300e+01 
 137144  0.347  1  2016  301  21.19  57689.078   77.0  4.365e+01 
 137145  0.694  2  2016  301  21.74  57689.101   76.9  4.519e+01 
 137146  0.694  2  2016  301  22.17  57689.119   76.9  4.392e+01 
 137147  0.664  1  2016  301  22.70  57689.141   76.9  2.342e+01 
 137148  0.664  1  2016  301  23.05  57689.156   76.9  2.104e+01 
 137149  1.329  2  2016  301  23.79  57689.187   76.9  2.120e+01 
 137151  1.022  2  2016  302   0.70  57689.225   76.9  2.781e+01 
 137152  1.022  2  2016  302   1.26  57689.248   76.9  2.966e+01 
 137189  0.664  1  2016  302  19.75  57690.018   76.5  1.689e+01 
 137190  0.664  1  2016  302  20.09  57690.033   76.5  1.487e+01 
 137237  0.639  1  2016  303  19.78  57691.020   76.3  3.464e+01 
 137238  1.279  2  2016  303  20.31  57691.042   76.3  4.490e+01 
 137239  0.639  1  2016  303  20.84  57691.064   76.3  3.569e+01 
 137286  0.347  1  2016  304  20.29  57692.041   76.2  6.814e+01 
 137287  0.347  1  2016  304  20.50  57692.050   76.2  4.728e+01 
 137288  0.347  1  2016  304  21.30  57692.083   76.2  4.341e+01 
 137289  1.042  3  2016  304  21.73  57692.101   76.2  2.931e+01 
 137292  1.009  1  2016  304  23.17  57692.161   76.2  3.299e+01 
 137293  1.009  1  2016  304  23.72  57692.184   76.2  2.715e+01 
 137300  0.664  1  2016  305   3.42  57692.338   76.2  2.189e+01 
 137301  0.664  1  2016  305   3.77  57692.352   76.2  1.941e+01 
 137334  0.664  1  2016  305  20.33  57693.043   76.2  2.027e+01 
 137335  0.664  1  2016  305  20.68  57693.057   76.2  2.124e+01 
 137337  1.009  1  2016  305  21.99  57693.112   76.2  3.071e+01 
 137339  1.009  1  2016  305  22.53  57693.134   76.2  2.276e+01 
 137346  1.009  1  2016  306   2.43  57693.297   76.2  3.740e+01 
 137347  1.009  1  2016  306   2.98  57693.320   76.2  3.424e+01 
 137389  0.664  1  2016  306  23.67  57694.182   76.1  3.150e+01 
 137390  0.664  1  2016  307   0.02  57694.196   76.1  3.173e+01 
 137430  0.347  1  2016  307  20.36  57695.044   76.1  2.802e+01 
 137431  0.694  2  2016  307  20.69  57695.057   76.1  3.278e+01 
 137432  0.347  1  2016  307  21.01  57695.071   76.1  3.189e+01 
 137433  1.339  2  2016  307  21.80  57695.104   76.2  1.973e+01 
 137434  0.673  1  2016  307  22.35  57695.127   76.2  2.128e+01 
 137435  0.379  1  2016  307  22.99  57695.153   76.2  4.062e+01 
 137436  0.758  2  2016  307  23.31  57695.167   76.2  4.238e+01 
 137437  0.379  1  2016  307  23.64  57695.181   76.2  3.596e+01 
 137438  0.758  2  2016  308   0.36  57695.211   76.2  3.822e+01 
 137439  0.758  2  2016  308   0.80  57695.229   76.2  3.541e+01 
 137478  1.042  3  2016  308  20.27  57696.040   76.3  4.559e+01 
 137479  0.347  1  2016  308  20.70  57696.058   76.3  3.562e+01 
 137480  0.654  1  2016  308  21.37  57696.086   76.3  2.579e+01 
 137481  0.654  1  2016  308  21.72  57696.100   76.3  2.338e+01 
 137485  1.022  2  2016  308  23.73  57696.184   76.3  2.025e+01 
 137486  1.022  2  2016  309   0.29  57696.208   76.3  2.011e+01 
 137488  0.664  1  2016  309   1.35  57696.252   76.3  1.660e+01 
 137489  0.664  1  2016  309   1.70  57696.266   76.3  1.585e+01 
 137490  0.511  1  2016  309   2.32  57696.292   76.3  2.285e+01 
 137491  1.022  2  2016  309   2.74  57696.310   76.3  2.232e+01 
 137492  0.511  1  2016  309   3.16  57696.327   76.3  2.839e+01 
 137525  0.654  1  2016  309  19.87  57697.024   76.3  3.276e+01 
 137526  0.654  1  2016  309  20.21  57697.038   76.3  2.629e+01 
 137527  0.347  1  2016  309  20.79  57697.062   76.3  4.974e+01 
 137528  0.347  1  2016  309  21.43  57697.088   76.3  5.381e+01 
 137530  0.669  1  2016  309  22.45  57697.131   76.3  2.887e+01 
 137531  0.669  1  2016  309  22.82  57697.146   76.3  2.790e+01 
 137532  0.673  1  2016  309  23.18  57697.161   76.3  2.420e+01 
 137533  0.511  1  2016  309  23.82  57697.188   76.3  3.080e+01 
 137534  1.022  2  2016  310   0.24  57697.206   76.3  2.630e+01 
 137535  0.511  1  2016  310   0.66  57697.223   76.3  2.793e+01 
 137539  0.347  1  2016  310   2.65  57697.306   76.3  3.855e+01 
 137540  0.694  2  2016  310   3.19  57697.328   76.3  4.649e+01 
 137575  0.487  1  2016  310  20.95  57698.068   76.2  3.158e+01 
 137576  0.487  1  2016  310  21.21  57698.079   76.2  3.726e+01 
 137577  0.664  1  2016  310  21.83  57698.105   76.2  2.431e+01 
 137578  0.664  1  2016  310  22.18  57698.120   76.2  2.973e+01 
 137579  0.669  1  2016  310  22.78  57698.145   76.2  2.600e+01 
 137580  0.669  1  2016  310  23.14  57698.160   76.2  2.979e+01 
 137581  0.673  1  2016  310  23.51  57698.175   76.2  3.098e+01 
 137582  0.664  1  2016  311   0.25  57698.206   76.2  3.102e+01 
 137583  0.664  1  2016  311   0.59  57698.220   76.2  2.526e+01 
 138201  0.445  1  2016  323  21.93  57711.110   77.4  2.469e+01 
 138202  0.889  2  2016  323  22.31  57711.125   77.4  2.413e+01 
 138203  0.445  1  2016  323  22.68  57711.141   77.4  2.127e+01 
 138250  0.694  2  2016  324  22.26  57712.123   77.7  3.277e+01 
 138251  0.694  2  2016  324  22.69  57712.141   77.7  2.425e+01 
 138252  0.664  1  2016  324  23.48  57712.174   77.7  1.106e+01 
 138297  0.678  1  2016  325  21.90  57713.108   77.9  2.109e+01 
 138298  0.678  1  2016  325  22.26  57713.123   77.9  1.267e+01 
 138300  3.042  1  2016  325  23.46  57713.173   77.9  2.375e+01 
 138345  2.030  1  2016  326  21.54  57714.093   78.1  2.617e+01 
 138348  3.042  1  2016  326  23.07  57714.157   78.1  2.094e+01 
 138351  1.781  1  2016  327   0.75  57714.227   78.1  2.592e+01 
 138353  1.781  1  2016  327   1.71  57714.267   78.1  2.199e+01 
 138355  0.678  1  2016  327   2.77  57714.311   78.1  1.602e+01 
 138356  1.355  2  2016  327   3.31  57714.334   78.1  1.774e+01 
 138449  0.511  1  2016  329   1.72  57716.267   78.1  2.088e+01 
 138450  0.511  1  2016  329   2.12  57716.284   78.1  1.254e+01 
 138486  0.796  2  2016  329  20.24  57717.039   78.0  1.250e+01 
 138489  0.911  2  2016  329  21.69  57717.099   78.0  2.597e+01 
 138490  0.911  2  2016  329  22.20  57717.121   78.0  3.248e+01 
 138492  0.911  2  2016  329  23.14  57717.160   78.0  2.810e+01 
 138493  0.911  2  2016  329  23.65  57717.181   78.0  2.220e+01 
 138534  0.911  2  2016  330  20.24  57718.039   77.8  2.693e+01 
 138535  0.911  2  2016  330  20.75  57718.060   77.8  2.587e+01 
 138537  1.308  2  2016  330  21.69  57718.099   77.8  1.745e+01 
 138545  1.308  2  2016  331   1.76  57718.269   77.8  1.723e+01 
 138546  0.654  1  2016  331   2.28  57718.291   77.8  1.834e+01 
 138547  0.487  1  2016  331   2.84  57718.314   77.8  2.030e+01 
 138548  0.487  1  2016  331   3.10  57718.325   77.8  1.930e+01 
 138582  0.911  2  2016  331  20.21  57719.038   77.6  2.553e+01 
 138583  0.911  2  2016  331  20.72  57719.059   77.6  2.352e+01 
 138585  0.911  2  2016  331  21.63  57719.097   77.6  2.041e+01 
 138586  0.911  2  2016  331  22.14  57719.118   77.6  2.349e+01 
 138591  0.511  1  2016  332   0.95  57719.235   77.6  1.933e+01 
 138592  0.511  1  2016  332   1.23  57719.247   77.6  3.233e+01 
 138593  1.022  2  2016  332   1.65  57719.264   77.6  2.127e+01 
 138630  0.911  2  2016  332  20.21  57720.037   77.4  2.418e+01 
 138631  0.911  2  2016  332  20.72  57720.059   77.4  1.814e+01 
 138633  0.911  2  2016  332  21.68  57720.099   77.4  1.535e+01 
 138634  0.911  2  2016  332  22.19  57720.120   77.4  1.765e+01 
 138636  0.911  2  2016  332  23.25  57720.164   77.4  2.126e+01 
 138641  0.664  1  2016  333   1.74  57720.268   77.3  1.055e+01 
 138642  0.664  1  2016  333   2.09  57720.283   77.3  9.498e+00 
 138683  1.022  2  2016  333  22.75  57721.143   77.1  1.763e+01 
 138684  1.022  2  2016  333  23.31  57721.167   77.1  1.684e+01 
 138730  0.974  2  2016  334  22.28  57722.124   76.9  2.341e+01 
 138733  0.694  2  2016  334  23.81  57722.188   76.8  4.545e+01 
 138734  0.694  2  2016  335   0.24  57722.205   76.8  3.549e+01 
 138735  0.511  1  2016  335   0.88  57722.232   76.8  2.477e+01 
 138736  1.022  2  2016  335   1.30  57722.250   76.8  2.289e+01 
 138737  0.511  1  2016  335   1.72  57722.267   76.8  1.685e+01 
 138738  0.445  1  2016  335   2.40  57722.296   76.8  2.904e+01 
 138739  0.889  2  2016  335   2.77  57722.311   76.8  2.483e+01 
 138740  0.445  1  2016  335   3.14  57722.327   76.8  2.139e+01 
 138882  0.504  1  2016  338   2.10  57725.283   76.1  3.939e+01 
 139745  0.333  1  2016  356   1.95  57743.277   70.8  1.614e+01 
 139746  0.667  2  2016  356   2.24  57743.289   70.8  1.951e+01 
 139747  0.333  1  2016  356   2.53  57743.301   70.8  1.142e+01 
 139783  0.826  1  2016  356  20.75  57744.060   70.7  2.253e+01 
 139784  0.826  1  2016  356  21.18  57744.078   70.7  2.150e+01 
 139786  2.474  1  2016  356  22.41  57744.129   70.7  1.929e+01 
 139796  0.672  2  2016  357   3.38  57744.336   70.7  1.410e+01 
 139831  1.318  2  2016  357  20.68  57745.057   70.6  2.421e+01 
 139832  0.659  1  2016  357  21.39  57745.087   70.6  2.602e+01 
 139833  0.659  1  2016  357  21.73  57745.101   70.6  1.186e+01 
 139835  2.398  1  2016  357  22.68  57745.141   70.6  2.035e+01 
 139837  1.039  1  2016  357  23.94  57745.193   70.6  7.938e+00 
 139880  0.664  1  2016  358  21.06  57746.073   70.6  8.939e+00 
 139881  1.009  1  2016  358  21.80  57746.104   70.6  1.378e+01 
 139882  1.009  1  2016  358  22.35  57746.127   70.6  1.577e+01 
 139891  1.620  1  2016  359   2.90  57746.316   70.6  5.665e+00 
 139929  0.664  1  2016  359  22.00  57747.112   70.6  1.270e+01 
 139930  0.664  1  2016  359  22.34  57747.127   70.6  1.062e+01 
 139932  1.009  1  2016  359  23.01  57747.154   70.6  1.657e+01 
 139933  1.009  1  2016  359  23.56  57747.177   70.6  1.568e+01 
 140078  0.664  1  2016  363   0.28  57750.207   70.6  9.718e+00 
 140079  0.664  1  2016  363   0.62  57750.221   70.6  1.220e+01 
 140123  0.664  1  2016  363  22.84  57751.147   70.7  9.017e+00 
 140124  0.664  1  2016  363  23.19  57751.162   70.7  1.089e+01 
 140130  0.336  1  2016  364   2.33  57751.293   70.7  4.568e+00 
 140131  0.336  1  2016  364   2.53  57751.301   70.7  8.696e+00 
 140171  2.566  1  2016  364  22.58  57752.137   70.7  2.005e+01 
 140173  0.654  1  2016  364  23.78  57752.186   70.8  1.074e+01 
 140174  1.308  2  2016  365   0.29  57752.208   70.8  1.049e+01 
 140218  0.511  1  2016  365  22.45  57753.131   70.8  1.824e+01 
 140219  0.511  1  2016  365  22.73  57753.143   70.8  2.202e+01 
 140220  0.511  1  2016  365  23.32  57753.167   70.8  1.573e+01 
 140263  1.329  2  2016  366  20.69  57754.057   70.9  1.235e+01 
 140267  0.511  1  2016  366  22.89  57754.149   71.0  1.344e+01 
 140268  0.511  1  2016  366  23.17  57754.161   71.0  1.770e+01 
 140272  0.672  2  2017    1   1.15  57754.244   71.0  1.049e+01 
 140318  0.889  2  2017    2   0.30  57755.208   71.1  1.748e+01 
 140319  0.889  2  2017    2   0.80  57755.229   71.1  1.839e+01 
 140419  1.329  2  2017    4   2.79  57757.312   71.4  1.040e+01 
 140612  1.620  1  2017    8   3.23  57761.330   72.4  7.784e+00 
 141184  1.620  1  2017   20   1.14  57773.243   75.7  8.990e+00 
 141186  1.620  1  2017   20   2.25  57773.289   75.7  7.662e+00 
 141231  1.008  3  2017   21   0.72  57774.225   75.8  2.090e+01 
 141272  2.566  1  2017   21  21.14  57775.076   75.9  1.820e+01 
 141282  0.336  1  2017   22   2.35  57775.294   75.9  1.252e+01 
 141283  0.672  2  2017   22   2.65  57775.306   75.9  9.322e+00 
 141319  2.018  1  2017   22  20.78  57776.061   76.0  1.696e+01 
 141331  0.672  2  2017   23   2.73  57776.309   76.0  1.934e+01 
 141332  0.336  1  2017   23   3.03  57776.322   76.0  3.187e+01 
 141470  1.620  1  2017   26   0.32  57779.209   76.0  7.153e+00 
 141472  0.672  2  2017   26   1.30  57779.250   76.0  1.054e+01 
 141473  0.336  1  2017   26   1.60  57779.262   76.0  7.947e+00 
 141515  1.118  2  2017   26  22.77  57780.144   75.9  2.878e+01 
 141516  0.559  1  2017   26  23.26  57780.165   75.9  1.298e+01 
 141517  0.559  1  2017   26  23.59  57780.179   75.9  1.875e+01 
 141519  0.522  1  2017   27   0.51  57780.217   75.9  2.925e+01 
 141520  0.522  1  2017   27   1.41  57780.254   75.9  1.797e+01 
 141523  1.620  1  2017   27   2.54  57780.301   75.9  1.755e+01 
 141566  1.308  2  2017   28   0.26  57781.206   75.9  1.927e+01 
 141569  1.620  1  2017   28   1.55  57781.260   75.9  1.517e+01 
 141571  1.620  1  2017   28   2.69  57781.308   75.9  1.042e+01 
 141608  2.566  1  2017   28  21.03  57782.072   75.8  1.495e+01 
 141614  1.620  1  2017   29   0.32  57782.209   75.8  1.485e+01 
 141619  0.503  1  2017   29   2.99  57782.320   75.8  1.725e+01 
 141620  0.503  1  2017   29   3.27  57782.332   75.8  1.415e+01 
 141621  0.503  1  2017   29   3.55  57782.343   75.8  1.781e+01 
 141660  0.667  1  2017   29  23.02  57783.155   75.8  5.407e+00 
 141702  0.667  1  2017   30  20.31  57784.042   75.7  3.997e+00 
 141704  0.667  1  2017   30  21.17  57784.078   75.7  7.698e+00 
 141705  0.667  1  2017   30  21.52  57784.092   75.7  1.454e+01 
 141711  0.667  1  2017   31   0.70  57784.225   75.7  1.609e+01 
 141762  0.380  1  2017   32   2.49  57785.300   75.5  2.536e+01 
 141763  0.760  2  2017   32   2.82  57785.313   75.5  1.855e+01 
 141764  0.760  2  2017   32   3.27  57785.332   75.5  1.770e+01 
 141765  0.760  2  2017   32   3.71  57785.350   75.5  1.367e+01 
 141766  0.380  1  2017   32   4.04  57785.364   75.5  1.984e+01 
 141803  0.667  1  2017   32  22.86  57786.148   75.4  1.389e+01 
 141804  0.667  1  2017   32  23.20  57786.162   75.4  1.909e+01 
 141805  0.664  1  2017   32  23.80  57786.187   75.4  2.115e+01 
 141806  0.664  1  2017   33   0.14  57786.201   75.4  2.254e+01 
 141807  0.664  1  2017   33   0.77  57786.228   75.4  2.060e+01 
 141808  0.664  1  2017   33   1.12  57786.242   75.4  2.079e+01 
 141809  1.005  2  2017   33   1.66  57786.265   75.4  2.403e+01 
 141810  0.503  1  2017   33   2.08  57786.282   75.4  2.569e+01 
 141811  0.664  1  2017   33   2.67  57786.307   75.4  2.157e+01 
 141812  0.664  1  2017   33   3.02  57786.321   75.4  2.130e+01 
 141813  1.329  2  2017   33   3.82  57786.355   75.4  1.782e+01 
 141853  1.000  3  2017   33  23.75  57787.185   75.2  1.552e+01 
 141854  0.333  1  2017   34   0.14  57787.201   75.2  1.713e+01 
 141857  0.503  1  2017   34   1.97  57787.278   75.2  9.016e+00 
 141858  0.503  1  2017   34   2.25  57787.289   75.2  1.313e+01 
 141859  0.503  1  2017   34   2.53  57787.301   75.2  9.245e+00 
 141860  0.889  2  2017   34   3.26  57787.331   75.2  1.772e+01 
 141861  0.889  2  2017   34   3.76  57787.352   75.2  1.170e+01 
 142001  0.664  1  2017   37   1.94  57790.277   74.2  1.826e+01 
 142002  0.664  1  2017   37   2.29  57790.291   74.2  1.994e+01 
 142711  2.566  1  2017   51  20.68  57805.057   75.8  1.775e+01 
 142725  1.329  2  2017   52   3.74  57805.351   75.8  1.551e+01 
 142902  2.566  1  2017   55  20.47  57809.048   75.7  2.097e+01 
 142906  0.559  1  2017   55  22.35  57809.127   75.7  1.604e+01 
 142907  0.559  1  2017   55  22.68  57809.141   75.7  2.292e+01 
 142908  0.559  1  2017   55  23.01  57809.154   75.7  2.085e+01 
 142910  0.384  1  2017   56   0.43  57809.214   75.7  1.232e+01 
 142911  0.768  2  2017   56   0.75  57809.227   75.6  2.440e+01 
 142912  0.384  1  2017   56   1.06  57809.240   75.6  2.443e+01 
 142917  0.664  1  2017   56   3.66  57809.348   75.6  2.094e+01 
 142918  0.664  1  2017   56   4.01  57809.363   75.6  1.801e+01 
 143008  1.140  3  2017   58   1.24  57811.247   75.3  3.485e+01 
 143009  0.380  1  2017   58   1.68  57811.266   75.3  3.266e+01 
 143010  0.760  2  2017   58   2.27  57811.290   75.3  3.193e+01 
 143011  0.760  2  2017   58   2.71  57811.309   75.3  2.382e+01 
 143108  1.329  2  2017   60   3.27  57813.332   75.0  2.343e+01 
 143110  1.308  2  2017   60   4.20  57813.370   75.0  1.731e+01 
 143248  0.380  1  2017   63   1.34  57816.252   74.6  2.816e+01 
 143249  0.760  2  2017   63   1.67  57816.265   74.6  3.173e+01 
 143250  0.380  1  2017   63   2.00  57816.279   74.6  2.253e+01 
 143253  0.379  1  2017   63   3.95  57816.360   74.6  3.750e+01 
 143255  0.379  1  2017   63   4.61  57816.388   74.6  2.778e+01 
 143346  0.380  1  2017   65   2.42  57818.296   74.1  3.780e+01 
 143347  0.760  2  2017   65   2.75  57818.310   74.1  3.008e+01 
 143348  0.380  1  2017   65   3.08  57818.324   74.1  2.418e+01 
 143349  0.974  2  2017   65   3.76  57818.352   74.1  2.183e+01 
 143350  0.487  1  2017   65   4.43  57818.380   74.1  3.165e+01 
 143351  0.487  1  2017   65   4.68  57818.391   74.1  2.480e+01 
 144066  0.347  1  2017   80   2.30  57833.291   76.6  3.795e+01 
 144067  1.042  3  2017   80   2.73  57833.309   76.7  3.395e+01 
 144069  1.042  3  2017   80   3.73  57833.351   76.7  4.672e+01 
 144070  0.347  1  2017   80   4.16  57833.369   76.8  1.559e+01 
 144116  0.347  1  2017   81   3.45  57834.339   77.8  3.620e+01 
 144117  0.694  2  2017   81   3.77  57834.353   77.9  3.509e+01 
 144118  0.347  1  2017   81   4.09  57834.366   77.9  2.511e+01 
 144158  0.730  2  2017   82   0.27  57835.207   78.5  2.902e+01 
 144253  0.667  1  2017   83  23.61  57837.179   79.1  1.880e+01 
 144309  0.664  1  2017   85   3.93  57838.359   79.3  1.442e+01 
 144310  0.664  1  2017   85   4.28  57838.374   79.3  1.781e+01 
 144348  0.974  2  2017   85  23.32  57839.167   79.4  3.618e+01 
 144596  0.667  1  2017   91   3.30  57844.333   80.3  1.355e+01 
 144785  0.659  1  2017   95   1.83  57848.272   81.0  1.514e+01 
 144786  0.659  1  2017   95   2.18  57848.287   81.0  1.848e+01 
 144787  0.337  1  2017   95   2.89  57848.316   81.0  2.357e+01 
 144788  1.010  3  2017   95   3.26  57848.332   81.0  2.000e+01 
 144834  0.338  1  2017   96   2.15  57849.285   81.5  2.392e+01 
 144835  1.007  1  2017   96   2.77  57849.311   81.5  2.526e+01 
 144836  0.659  1  2017   96   3.48  57849.341   81.5  2.116e+01 
 144837  0.659  1  2017   96   3.83  57849.355   81.5  2.631e+01 
 144885  0.664  1  2017   97   3.67  57850.349   81.8  1.509e+01 
 144886  0.664  1  2017   97   4.02  57850.363   81.8  1.712e+01 
 145204  0.778  1  2017  103  19.31  57857.000   82.3  3.527e+01 
 145300  1.960  1  2017  105  19.37  57859.002   80.9  4.985e+01 
 145302  1.600  1  2017  105  20.46  57859.048   80.9  4.874e+01 
 145348  1.600  1  2017  106  19.22  57859.996   79.7  5.701e+01 
 145350  1.600  1  2017  106  20.16  57860.036   79.7  5.549e+01 
 145352  1.735  1  2017  106  21.18  57860.078   79.6  5.102e+01 
 146891  0.950  2  2017  138  22.65  57892.139   75.0  3.115e+01 
 146983  2.222  1  2017  140  20.76  57894.061   75.4  4.353e+01 
 146985  1.111  1  2017  140  21.70  57894.100   75.4  4.308e+01 
 146986  1.111  1  2017  140  22.40  57894.129   75.4  3.935e+01 
 147123  0.667  1  2017  143  18.74  57896.976   76.4  4.173e+01 
 147125  0.333  1  2017  143  19.84  57897.022   76.4  2.744e+01 
 147126  0.667  1  2017  143  20.13  57897.034   76.4  2.592e+01 
 147128  0.333  1  2017  143  21.24  57897.081   76.4  2.585e+01 
 147129  1.000  1  2017  143  21.64  57897.097   76.4  2.425e+01 
 147131  0.333  1  2017  143  22.83  57897.147   76.4  3.162e+01 
 147132  0.667  1  2017  143  23.13  57897.159   76.4  3.510e+01 
 147267  0.667  1  2017  146  18.60  57899.971   77.1  3.984e+01 
 147273  1.333  2  2017  146  21.81  57900.104   77.2  4.757e+01 
 147276  0.333  1  2017  146  23.32  57900.167   77.2  3.646e+01 
 147277  1.000  1  2017  146  23.71  57900.184   77.2  4.149e+01 
 147368  1.111  1  2017  148  21.01  57902.071   77.5  2.003e+01 
 147369  1.111  1  2017  148  21.59  57902.095   77.5  2.035e+01 
 147371  0.333  1  2017  148  22.96  57902.152   77.5  3.732e+01 
 147372  0.667  1  2017  148  23.26  57902.165   77.5  3.565e+01 
 147416  1.000  1  2017  149  21.11  57903.075   77.6  2.502e+01 
 147418  1.000  1  2017  149  22.20  57903.121   77.6  5.512e+01 
 147419  0.333  1  2017  149  22.73  57903.143   77.6  2.337e+01 
 147420  1.000  1  2017  149  23.12  57903.159   77.6  3.180e+01 
 147425  0.664  1  2017  150   1.69  57903.266   77.7  1.833e+01 
 147426  0.664  1  2017  150   2.04  57903.281   77.7  2.176e+01 
 147427  0.664  1  2017  150   2.69  57903.308   77.7  2.115e+01 
 147428  0.664  1  2017  150   3.03  57903.322   77.7  2.114e+01 
 147429  1.329  2  2017  150   3.71  57903.350   77.7  2.197e+01 
 147431  0.672  2  2017  150   4.87  57903.398   77.7  3.145e+01 
 147468  1.278  1  2017  150  23.14  57904.160   77.8  1.691e+01 
 147617  1.017  2  2017  154   1.75  57907.268   78.2  5.385e+01 
 147618  1.017  2  2017  154   2.36  57907.294   78.2  5.679e+01 
 147619  0.508  1  2017  154   2.77  57907.311   78.2  5.991e+01 
 147620  0.508  1  2017  154   3.04  57907.322   78.2  6.072e+01 
 147621  1.847  1  2017  154   3.95  57907.360   78.2  6.031e+01 
 148180  0.694  2  2017  165  19.24  57918.997   77.4  3.572e+01 
 148235  0.379  1  2017  166  22.76  57920.144   77.2  3.808e+01 
 148324  0.667  2  2017  168  19.21  57921.996   76.8  4.412e+01 
 148325  0.333  1  2017  168  19.60  57922.012   76.8  5.644e+01 
 148343  0.539  1  2017  169   4.82  57922.396   76.7  3.055e+01 
 148378  0.664  1  2017  169  22.29  57923.124   76.5  2.910e+01 
 148379  0.664  1  2017  169  22.63  57923.139   76.5  3.781e+01 
 148386  0.993  1  2017  170   2.20  57923.287   76.4  6.284e+01 
 148389  1.329  2  2017  170   3.79  57923.353   76.4  3.139e+01 
 148391  1.329  2  2017  170   4.77  57923.394   76.4  4.039e+01 
 148431  0.333  1  2017  171   1.00  57924.237   76.2  7.465e+01 
 148435  0.667  2  2017  171   2.66  57924.306   76.2  3.020e+01 
 148438  1.329  2  2017  171   4.24  57924.372   76.2  3.155e+01 
 148439  0.349  1  2017  171   4.91  57924.400   76.2  3.189e+01 
 148440  0.349  1  2017  171   5.11  57924.409   76.2  3.660e+01 
 148469  1.014  1  2017  171  19.83  57925.022   76.1  2.514e+01 
 148473  0.349  1  2017  171  21.88  57925.107   76.1  2.378e+01 
 148474  0.349  1  2017  171  22.08  57925.116   76.1  1.958e+01 
 148533  0.482  1  2017  173   3.89  57926.358   76.0  5.134e+01 
 148534  0.482  1  2017  173   4.17  57926.369   76.0  4.536e+01 
 148564  0.669  1  2017  173  19.09  57926.991   76.0  3.147e+01 
 148575  0.339  1  2017  174   0.92  57927.234   76.0  2.025e+01 
 148576  1.018  3  2017  174   1.28  57927.249   76.0  3.789e+01 
 148579  1.669  1  2017  174   2.82  57927.313   76.0  2.551e+01 
 148581  0.482  1  2017  174   3.76  57927.352   76.0  3.337e+01 
 148582  0.965  2  2017  174   4.18  57927.370   76.0  4.530e+01 
 148583  0.482  1  2017  174   4.60  57927.387   76.0  3.562e+01 
 148617  1.018  3  2017  174  21.75  57928.102   76.1  3.910e+01 
 148618  0.339  1  2017  174  22.11  57928.117   76.1  4.747e+01 
 148619  1.018  3  2017  174  22.76  57928.144   76.1  1.965e+01 
 148620  0.679  2  2017  174  23.28  57928.166   76.1  3.846e+01 
 148621  1.018  3  2017  174  23.80  57928.187   76.1  4.265e+01 
 148622  0.679  2  2017  175   0.41  57928.212   76.1  3.906e+01 
 148623  0.679  2  2017  175   0.77  57928.228   76.1  5.142e+01 
 148862  1.683  1  2017  180   0.35  57933.210   79.0  1.381e+01 
 148920  1.014  1  2017  181   5.13  57934.410   79.7  1.437e+01 
 148964  0.805  2  2017  182   3.18  57935.328   80.3  2.174e+01 
 148965  1.207  3  2017  182   3.76  57935.352   80.4  2.308e+01 
 148966  0.402  1  2017  182   4.22  57935.371   80.4  3.077e+01 
 149008  0.339  1  2017  183   1.36  57936.252   81.0  2.426e+01 
 149009  1.018  3  2017  183   1.73  57936.267   81.0  1.833e+01 
 149010  0.482  1  2017  183   2.48  57936.299   81.0  2.295e+01 
 149011  0.482  1  2017  183   2.76  57936.311   81.0  3.064e+01 
 149012  0.965  2  2017  183   3.18  57936.328   81.0  2.645e+01 
 149013  0.669  1  2017  183   3.79  57936.354   81.0  1.230e+01 
 149014  0.669  1  2017  183   4.14  57936.368   81.1  1.474e+01 
 149572  1.329  2  2017  194  19.32  57948.001   81.4  1.898e+01 
 149671  1.847  1  2017  196  20.59  57950.054   81.2  1.778e+01 
 149765  0.347  1  2017  198  19.64  57952.014   81.1  1.751e+01 
 149766  0.347  1  2017  198  20.03  57952.030   81.1  2.157e+01 
 149861  1.014  1  2017  200  19.57  57954.011   81.1  2.131e+01 
 149863  1.847  1  2017  200  20.57  57954.053   81.1  1.874e+01 
 149865  1.847  1  2017  200  21.83  57954.105   81.1  1.276e+01 
 149869  0.407  1  2017  200  23.98  57954.195   81.1  2.082e+01 
 149870  0.813  2  2017  201   0.34  57954.210   81.1  2.326e+01 
 149872  0.991  1  2017  201   1.15  57954.243   81.1  1.572e+01 
 149873  0.991  1  2017  201   1.68  57954.266   81.1  1.899e+01 
 149874  0.991  1  2017  201   2.46  57954.298   81.1  2.004e+01 
 149875  0.991  1  2017  201   2.99  57954.320   81.1  2.117e+01 
 149877  1.514  1  2017  201   3.77  57954.353   81.1  1.322e+01 
 149879  1.514  1  2017  201   4.91  57954.400   81.1  1.627e+01 
 149927  1.014  1  2017  202   4.50  57955.383   81.0  1.797e+01 
 149957  1.014  1  2017  202  19.85  57956.023   80.8  2.483e+01 
 149959  1.329  2  2017  202  20.82  57956.063   80.8  1.730e+01 
 149962  0.813  2  2017  202  22.35  57956.127   80.7  2.415e+01 
 149963  0.407  1  2017  202  22.71  57956.142   80.7  2.339e+01 
 149972  1.514  1  2017  203   3.04  57956.322   80.6  1.330e+01 
 150202  0.813  2  2017  207  22.34  57961.126   77.2  2.373e+01 
 150203  0.407  1  2017  207  22.69  57961.141   77.2  2.047e+01 
 150260  0.667  1  2017  209   3.27  57962.332   76.2  1.817e+01 
 150261  0.667  1  2017  209   3.63  57962.347   76.2  1.936e+01 
 150262  1.333  2  2017  209   4.32  57962.375   76.1  2.311e+01 
 150297  1.392  2  2017  209  21.77  57963.103   75.5  2.079e+01 
 150453  0.739  1  2017  213   3.80  57966.354   73.4  1.197e+01 
 150454  0.739  1  2017  213   4.22  57966.371   73.4  1.516e+01 
 150455  0.349  1  2017  213   4.85  57966.398   73.4  1.663e+01 
 150456  0.349  1  2017  213   5.05  57966.406   73.4  9.253e+00 
 151120  1.329  2  2017  227   1.24  57980.247   78.8  2.743e+01 
 151218  0.639  1  2017  229   2.29  57982.291   79.5  4.067e+01 
 151219  0.639  1  2017  229   2.64  57982.305   79.5  4.302e+01 
 151220  1.279  2  2017  229   3.18  57982.328   79.5  3.692e+01 
 151222  1.075  3  2017  229   4.27  57982.373   79.5  3.703e+01 
 151223  0.358  1  2017  229   4.67  57982.390   79.5  4.006e+01 
 151261  0.739  1  2017  229  23.83  57983.188   79.9  1.460e+01 
 151262  0.739  1  2017  230   0.25  57983.206   79.9  2.164e+01 
 151264  1.571  2  2017  230   1.22  57983.246   80.0  2.339e+01 
 151266  0.785  1  2017  230   2.23  57983.289   80.0  2.978e+01 
 151267  0.785  1  2017  230   2.65  57983.306   80.0  2.535e+01 
 151303  0.696  1  2017  230  20.72  57984.059   80.5  2.086e+01 
 151304  0.696  1  2017  230  21.10  57984.075   80.5  1.768e+01 
 151312  0.785  1  2017  231   1.39  57984.254   80.6  1.574e+01 
 151313  0.785  1  2017  231   1.82  57984.271   80.6  2.156e+01 
 151315  0.785  1  2017  231   2.60  57984.304   80.7  2.147e+01 
 151316  0.785  1  2017  231   3.02  57984.321   80.7  1.558e+01 
 151317  0.785  1  2017  231   3.67  57984.348   80.7  1.994e+01 
 151318  0.785  1  2017  231   4.09  57984.366   80.7  2.200e+01 
 151365  0.349  1  2017  232   3.96  57985.360   81.6  3.070e+01 
 151366  0.349  1  2017  232   4.16  57985.369   81.6  2.338e+01 
 151455  0.965  2  2017  234   0.78  57987.228   85.4  2.854e+01 
 151456  0.965  2  2017  234   1.34  57987.251   85.5  2.946e+01 
 151458  0.965  2  2017  234   2.25  57987.289   85.7  3.257e+01 
 151459  0.965  2  2017  234   2.80  57987.312   85.8  3.233e+01 
 151461  0.964  2  2017  234   3.82  57987.355   85.9  2.328e+01 
 151462  0.964  2  2017  234   4.34  57987.376   86.0  2.134e+01 
 151499  1.075  3  2017  234  22.80  57988.145   88.5  1.891e+01 
 151500  0.358  1  2017  234  23.20  57988.162   88.5  1.781e+01 
 151501  0.717  2  2017  234  23.82  57988.188   88.6  2.221e+01 
 151502  0.717  2  2017  235   0.23  57988.205   88.6  2.224e+01 
 151503  0.358  1  2017  235   0.75  57988.227   88.6  2.684e+01 
 151505  0.358  1  2017  235   1.92  57988.276   88.7  2.915e+01 
 151506  0.717  2  2017  235   2.22  57988.288   88.8  2.829e+01 
 151507  0.358  1  2017  235   2.53  57988.301   88.8  2.059e+01 
 151508  1.514  1  2017  235   3.21  57988.329   88.8  2.548e+01 
 151644  1.075  3  2017  237  23.27  57991.165   94.8  1.753e+01 
 151645  0.358  1  2017  237  23.67  57991.182   94.8  1.921e+01 
 151646  0.717  2  2017  238   0.34  57991.210   94.9  2.085e+01 
 151647  0.717  2  2017  238   0.75  57991.227   94.9  1.847e+01 
 151648  0.785  1  2017  238   1.35  57991.252   94.9  3.523e+01 
 151649  0.785  1  2017  238   1.77  57991.269   95.0  3.383e+01 
 151689  0.358  1  2017  238  21.93  57992.109   96.3  2.579e+01 
 151690  0.717  2  2017  238  22.23  57992.122   96.3  2.559e+01 
 151691  0.358  1  2017  238  22.53  57992.134   96.4  2.493e+01 
 151692  1.075  3  2017  238  23.23  57992.163   96.4  2.275e+01 
 151693  0.358  1  2017  238  23.63  57992.180   96.4  2.392e+01 
 151694  0.717  2  2017  239   0.27  57992.207   96.5  2.857e+01 
 151695  0.717  2  2017  239   0.67  57992.223   96.5  2.737e+01 
 151696  0.717  2  2017  239   1.21  57992.246   96.5  2.916e+01 
 151697  0.717  2  2017  239   1.61  57992.263   96.5  2.799e+01 
 151841  1.681  1  2017  242   1.89  57995.274   98.5  2.536e+01 
 151845  1.681  1  2017  242   3.81  57995.354   98.5  2.434e+01 
 151847  1.046  3  2017  242   4.74  57995.393   98.5  2.139e+01 
 151848  0.349  1  2017  242   5.11  57995.408   98.5  1.714e+01 
 151889  0.759  1  2017  243   1.88  57996.274   98.4  3.416e+01 
 151891  1.649  1  2017  243   2.89  57996.316   98.4  3.189e+01 
 151893  1.649  1  2017  243   3.88  57996.357   98.4  2.320e+01 
 151895  1.046  3  2017  243   4.78  57996.395   98.4  1.827e+01 
 151896  0.349  1  2017  243   5.15  57996.410   98.4  1.998e+01 
 151940  0.466  1  2017  244   3.31  57997.333   98.2  3.642e+01 
 151941  0.932  2  2017  244   3.72  57997.351   98.2  4.260e+01 
 151942  0.932  2  2017  244   4.24  57997.372   98.2  4.249e+01 
 151943  0.932  2  2017  244   4.79  57997.395   98.2  3.841e+01 
 151989  0.932  2  2017  245   3.73  57998.351   97.8  3.071e+01 
 151990  0.932  2  2017  245   4.27  57998.373   97.8  3.334e+01 
 151991  0.932  2  2017  245   4.80  57998.395   97.8  3.185e+01 
 152452  0.511  1  2017  254  19.42  58008.005   94.7  2.647e+01 
 152453  1.021  2  2017  254  19.83  58008.022   94.7  2.917e+01 
 152454  0.511  1  2017  254  20.24  58008.039   94.7  2.282e+01 
 152455  1.021  2  2017  254  20.82  58008.063   94.7  2.203e+01 
 152456  0.511  1  2017  254  21.23  58008.080   94.7  2.043e+01 
 152457  1.021  2  2017  254  21.75  58008.102   94.7  1.357e+01 
 152458  0.511  1  2017  254  22.27  58008.124   94.7  1.845e+01 
 152459  1.021  2  2017  254  22.69  58008.141   94.7  1.792e+01 
 152460  0.511  1  2017  254  23.32  58008.167   94.7  1.672e+01 
 152501  0.970  2  2017  255  19.67  58009.015   94.9  2.341e+01 
 152502  0.970  2  2017  255  20.21  58009.038   94.9  1.918e+01 
 152503  0.511  1  2017  255  20.99  58009.070   94.9  1.982e+01 
 152504  0.511  1  2017  255  21.26  58009.082   94.9  2.088e+01 
 152506  1.021  2  2017  255  22.24  58009.122   94.9  2.161e+01 
 152507  1.021  2  2017  255  22.80  58009.145   94.9  2.267e+01 
 152510  0.511  1  2017  256   0.34  58009.210   94.9  1.833e+01 
 152511  0.511  1  2017  256   0.62  58009.221   94.9  1.315e+01 
 152519  0.511  1  2017  256   4.60  58009.387   94.9  2.563e+01 
 152549  0.511  1  2017  256  19.88  58010.024   94.9  2.751e+01 
 152550  1.021  2  2017  256  20.30  58010.041   94.9  2.920e+01 
 152551  0.511  1  2017  256  20.71  58010.058   94.9  2.882e+01 
 152552  0.511  1  2017  256  21.24  58010.080   94.9  2.657e+01 
 152553  1.021  2  2017  256  21.65  58010.098   94.9  2.329e+01 
 152554  0.511  1  2017  256  22.07  58010.115   94.9  2.502e+01 
 152555  1.021  2  2017  256  22.65  58010.139   94.9  2.282e+01 
 152556  1.021  2  2017  256  23.20  58010.162   94.9  2.132e+01 
 152559  0.511  1  2017  257   0.92  58010.234   94.9  1.953e+01 
 152560  0.511  1  2017  257   1.20  58010.246   94.9  1.705e+01 
 152659  1.649  1  2017  259   2.51  58012.300   94.5  4.363e+01 
 152697  0.387  1  2017  259  21.79  58013.103   94.0  3.995e+01 
 152698  1.160  3  2017  259  22.23  58013.122   93.9  4.298e+01 
 152795  0.664  1  2017  261  22.97  58015.153   89.0  1.901e+01 
 152796  0.664  1  2017  261  23.32  58015.167   88.9  1.933e+01 
 152798  1.006  1  2017  262   0.29  58015.208   88.9  2.404e+01 
 152799  1.006  1  2017  262   0.84  58015.231   88.9  1.862e+01 
 152801  1.018  3  2017  262   1.80  58015.271   88.8  1.441e+01 
 152802  0.339  1  2017  262   2.17  58015.286   88.8  3.866e+01 
 152803  0.511  1  2017  262   2.96  58015.319   88.7  2.033e+01 
 152804  0.511  1  2017  262   3.24  58015.330   88.7  2.768e+01 
 152805  1.022  2  2017  262   3.66  58015.348   88.7  2.976e+01 
 152937  0.339  1  2017  264  21.88  58018.107   84.3  3.355e+01 
 152938  1.018  3  2017  264  22.25  58018.123   84.3  4.264e+01 
 152940  1.006  1  2017  264  23.09  58018.158   84.2  3.440e+01 
 152941  1.006  1  2017  264  23.63  58018.180   84.2  3.461e+01 
 152942  0.339  1  2017  265   0.45  58018.214   84.2  8.242e+01 
 152943  0.679  2  2017  265   0.91  58018.233   84.1  4.208e+01 
 152944  0.339  1  2017  265   1.30  58018.250   84.1  3.555e+01 
 152945  0.339  1  2017  265   1.67  58018.265   84.1  3.581e+01 
 152946  0.339  1  2017  265   2.34  58018.293   84.1  5.237e+01 
 152947  1.018  3  2017  265   2.71  58018.308   84.0  3.878e+01 
 152985  1.006  1  2017  265  21.71  58019.100   83.1  2.701e+01 
 152986  1.006  1  2017  265  22.26  58019.123   83.1  2.913e+01 
 152988  1.319  2  2017  265  23.19  58019.162   83.1  2.594e+01 
 152998  0.600  1  2017  266   4.19  58019.370   82.9  3.477e+01 
 153041  1.018  3  2017  267   1.74  58020.268   82.1  5.605e+01 
 153042  0.339  1  2017  267   2.10  58020.283   82.1  3.203e+01 
 153043  1.022  2  2017  267   2.71  58020.308   82.1  2.956e+01 
 153044  1.022  2  2017  267   3.27  58020.332   82.1  3.341e+01 
 153087  0.339  1  2017  268   0.97  58021.236   81.6  1.429e+01 
 153088  0.679  2  2017  268   1.24  58021.247   81.6  3.436e+01 
 153089  0.482  1  2017  268   1.86  58021.273   81.6  3.587e+01 
 153090  0.964  2  2017  268   2.25  58021.289   81.6  3.011e+01 
 153091  0.482  1  2017  268   2.64  58021.305   81.6  3.943e+01 
 153138  0.964  2  2017  269   2.19  58022.287   81.4  2.996e+01 
 153139  0.964  2  2017  269   2.70  58022.308   81.4  3.590e+01 
 153140  0.482  1  2017  269   3.33  58022.334   81.4  3.457e+01 
 153141  0.964  2  2017  269   3.71  58022.350   81.4  3.822e+01 
 153142  0.482  1  2017  269   4.10  58022.366   81.4  4.306e+01 
 153172  0.362  1  2017  269  19.41  58023.004   81.3  3.636e+01 
 153173  0.362  1  2017  269  19.63  58023.013   81.3  3.603e+01 
 153179  2.042  1  2017  269  22.70  58023.141   81.3  2.254e+01 
 153181  0.713  1  2017  269  23.65  58023.181   81.3  3.627e+01 
 153182  1.425  2  2017  270   0.22  58023.205   81.2  3.014e+01 
 153184  1.044  1  2017  270   1.02  58023.238   81.2  2.753e+01 
 153185  1.044  1  2017  270   1.56  58023.261   81.2  3.119e+01 
 153186  1.044  1  2017  270   2.11  58023.284   81.2  2.435e+01 
 153187  1.000  1  2017  270   2.87  58023.315   81.2  2.692e+01 
 153189  2.000  1  2017  270   3.66  58023.348   81.2  2.695e+01 
 153191  0.523  1  2017  270   4.67  58023.390   81.2  2.528e+01 
 153221  0.714  1  2017  270  19.78  58024.020   81.1  3.961e+01 
 153222  0.714  1  2017  270  20.16  58024.036   81.1  3.955e+01 
 153223  1.064  2  2017  270  20.81  58024.063   81.1  3.279e+01 
 153224  0.870  1  2017  270  21.47  58024.090   81.1  2.836e+01 
 153225  0.870  1  2017  270  21.93  58024.109   81.1  3.195e+01 
 153226  0.870  1  2017  270  22.40  58024.129   81.1  3.427e+01 
 153228  1.044  1  2017  270  23.18  58024.161   81.1  3.732e+01 
 153231  1.044  1  2017  271   0.94  58024.235   81.0  3.341e+01 
 153232  1.044  1  2017  271   1.48  58024.257   81.0  3.963e+01 
 153234  1.044  1  2017  271   2.03  58024.280   81.0  3.622e+01 
 153235  1.044  1  2017  271   2.75  58024.310   81.0  3.424e+01 
 153237  2.089  1  2017  271   3.57  58024.344   81.0  2.020e+01 
 153238  0.698  1  2017  271   4.46  58024.381   81.0  2.584e+01 
 153283  0.673  1  2017  272   2.69  58025.308   80.8  2.778e+01 
 153284  0.673  1  2017  272   3.05  58025.323   80.8  2.972e+01 
 153285  0.673  1  2017  272   3.81  58025.354   80.8  1.980e+01 
 153286  0.673  1  2017  272   4.17  58025.369   80.8  1.968e+01 
 153844  0.678  1  2017  283  19.39  58037.004   78.1  4.905e+01 
 153845  0.678  1  2017  283  19.75  58037.019   78.1  4.236e+01 
 153848  3.042  1  2017  283  21.08  58037.074   78.1  5.077e+01 
 153851  2.030  1  2017  283  22.54  58037.135   78.1  4.585e+01 
 153893  0.677  1  2017  284  19.60  58038.012   77.6  3.653e+01 
 153894  0.678  1  2017  284  20.27  58038.040   77.6  3.843e+01 
 153895  0.678  1  2017  284  20.63  58038.055   77.6  5.273e+01 
 153897  3.042  1  2017  284  21.79  58038.103   77.6  5.379e+01 
 153899  0.677  1  2017  284  22.90  58038.150   77.5  7.234e+01 
 153901  1.354  2  2017  284  23.72  58038.184   77.5  4.726e+01 
 153941  0.457  1  2017  285  19.82  58039.021   77.1  3.479e+01 
 153942  0.913  2  2017  285  20.19  58039.037   77.1  2.614e+01 
 153943  0.457  1  2017  285  20.56  58039.052   77.1  3.388e+01 
 153945  0.913  2  2017  285  21.73  58039.101   77.1  3.806e+01 
 153946  0.913  2  2017  285  22.22  58039.121   77.1  3.680e+01 
 153947  0.913  2  2017  285  22.85  58039.148   77.0  3.664e+01 
 153948  0.913  2  2017  285  23.34  58039.168   77.0  3.693e+01 
 153988  0.694  1  2017  286  19.24  58039.997   76.6  4.090e+01 
 153989  0.694  1  2017  286  19.62  58040.013   76.6  4.245e+01 
 153990  0.694  1  2017  286  20.18  58040.036   76.6  4.527e+01 
 153991  0.694  1  2017  286  20.56  58040.052   76.6  4.088e+01 
 153992  0.694  1  2017  286  21.13  58040.076   76.6  4.625e+01 
 153993  0.694  1  2017  286  21.51  58040.092   76.6  4.066e+01 
 153994  0.694  1  2017  286  22.27  58040.123   76.5  3.777e+01 
 153995  0.694  1  2017  286  22.65  58040.139   76.5  3.596e+01 
 153996  0.527  1  2017  286  23.21  58040.162   76.5  3.288e+01 
 153997  0.527  1  2017  286  23.50  58040.175   76.5  3.349e+01 
 153998  0.694  1  2017  287   0.19  58040.203   76.5  4.029e+01 
 153999  0.694  1  2017  287   0.57  58040.219   76.5  3.391e+01 
 154000  1.027  1  2017  287   1.28  58040.249   76.5  3.255e+01 
 154001  1.027  1  2017  287   1.82  58040.272   76.5  3.563e+01 
 154003  1.027  1  2017  287   2.87  58040.315   76.4  3.873e+01 
 154004  1.027  1  2017  287   3.42  58040.338   76.4  3.025e+01 
 154005  0.527  1  2017  287   3.99  58040.362   76.4  3.894e+01 
 154006  0.527  1  2017  287   4.29  58040.374   76.4  2.962e+01 
 154036  0.694  1  2017  287  19.36  58041.002   76.1  2.844e+01 
 154037  0.694  1  2017  287  19.86  58041.023   76.1  2.742e+01 
 154038  0.694  1  2017  287  20.24  58041.039   76.1  2.355e+01 
 154039  0.694  1  2017  287  20.73  58041.059   76.1  4.139e+01 
 154040  0.694  1  2017  287  21.11  58041.075   76.0  2.914e+01 
 154041  0.694  1  2017  287  21.91  58041.109   76.0  1.908e+01 
 154042  0.694  1  2017  287  22.29  58041.124   76.0  2.721e+01 
 154045  1.027  1  2017  287  23.68  58041.182   76.0  2.949e+01 
 154046  1.027  1  2017  288   0.22  58041.205   76.0  2.737e+01 
 154048  0.694  1  2017  288   1.18  58041.245   76.0  3.164e+01 
 154049  1.027  1  2017  288   1.77  58041.269   76.0  3.169e+01 
 154050  1.027  1  2017  288   2.31  58041.292   76.0  2.857e+01 
 154054  0.854  2  2017  288   4.19  58041.370   75.9  2.872e+01 
 154084  0.487  1  2017  288  19.43  58042.005   75.7  3.394e+01 
 154085  0.487  1  2017  288  19.69  58042.016   75.6  3.349e+01 
 154086  1.014  2  2017  288  20.36  58042.044   75.6  2.453e+01 
 154088  1.441  2  2017  288  21.27  58042.082   75.6  2.538e+01 
 154089  0.702  1  2017  288  21.97  58042.111   75.6  3.237e+01 
 154090  0.702  1  2017  288  22.35  58042.127   75.6  2.900e+01 
 154091  0.837  1  2017  288  22.87  58042.148   75.6  2.719e+01 
 154092  0.837  1  2017  288  23.30  58042.166   75.6  2.708e+01 
 154093  0.482  1  2017  288  23.99  58042.195   75.6  3.245e+01 
 154094  0.482  1  2017  289   0.25  58042.206   75.6  2.557e+01 
 154095  0.964  2  2017  289   0.64  58042.222   75.6  2.808e+01 
 154096  0.511  1  2017  289   1.28  58042.249   75.5  2.880e+01 
 154097  1.022  2  2017  289   1.70  58042.266   75.5  2.458e+01 
 154133  0.654  1  2017  289  19.86  58043.023   75.2  3.333e+01 
 154134  0.654  1  2017  289  20.20  58043.037   75.2  3.116e+01 
 154139  0.837  1  2017  289  22.95  58043.152   75.1  1.827e+01 
 154140  0.837  1  2017  289  23.38  58043.170   75.1  1.577e+01 
 154142  0.837  1  2017  290   0.10  58043.200   75.1  1.266e+01 
 154143  0.837  1  2017  290   0.54  58043.218   75.1  1.694e+01 
 154145  0.686  2  2017  290   1.82  58043.271   75.1  2.520e+01 
 154146  0.686  2  2017  290   2.22  58043.288   75.1  2.233e+01 
 154147  0.507  1  2017  290   2.92  58043.317   75.1  2.256e+01 
 154148  0.507  1  2017  290   3.19  58043.328   75.1  2.369e+01 
 154182  0.720  1  2017  290  20.36  58044.044   74.7  3.033e+01 
 154183  0.720  1  2017  290  20.75  58044.060   74.7  3.160e+01 
 154291  1.019  1  2017  293   2.89  58046.316   73.7  3.217e+01 
 154292  1.019  1  2017  293   3.43  58046.339   73.7  3.893e+01 
 154325  1.405  2  2017  293  19.77  58047.019   73.4  4.173e+01 
 154334  0.482  1  2017  294   0.23  58047.205   73.4  3.171e+01 
 154335  0.482  1  2017  294   0.75  58047.227   73.3  2.930e+01 
 154336  1.019  1  2017  294   1.43  58047.255   73.3  3.478e+01 
 154337  1.019  1  2017  294   1.97  58047.278   73.3  3.891e+01 
 154339  0.808  1  2017  294   2.77  58047.311   73.3  4.754e+01 
 154340  0.808  1  2017  294   3.20  58047.329   73.3  5.761e+01 
 154341  0.664  1  2017  294   3.74  58047.351   73.3  6.810e+01 
 154373  0.702  1  2017  294  19.70  58048.016   73.1  3.042e+01 
 154374  0.702  1  2017  294  20.07  58048.032   73.1  3.276e+01 
 154375  0.974  2  2017  294  20.81  58048.063   73.1  3.407e+01 
 154383  0.511  1  2017  295   0.82  58048.230   73.1  4.560e+01 
 154384  1.022  2  2017  295   1.24  58048.247   73.1  3.896e+01 
 154385  0.511  1  2017  295   1.66  58048.265   73.1  4.314e+01 
 154386  0.964  2  2017  295   2.33  58048.292   73.1  3.885e+01 
 154387  0.964  2  2017  295   2.84  58048.314   73.1  3.262e+01 
 154389  1.492  2  2017  295   3.77  58048.353   73.1  3.334e+01 
 154433  0.373  1  2017  296   1.98  58049.278   72.9  3.031e+01 
 154434  0.373  1  2017  296   2.28  58049.291   72.9  1.142e+01 
 154435  0.747  2  2017  296   2.73  58049.309   72.9  3.199e+01 
 154437  1.686  1  2017  296   3.81  58049.354   72.9  1.873e+01 
 154469  0.974  2  2017  296  19.77  58050.019   72.9  2.617e+01 
 154471  0.654  1  2017  296  20.88  58050.065   72.9  2.636e+01 
 154472  0.654  1  2017  296  21.22  58050.080   72.9  3.042e+01 
 154479  0.511  1  2017  297   0.80  58050.229   72.9  2.611e+01 
 154480  1.022  2  2017  297   1.22  58050.246   72.9  2.493e+01 
 154481  0.511  1  2017  297   1.64  58050.264   72.9  2.673e+01 
 154482  0.964  2  2017  297   2.34  58050.293   72.8  2.540e+01 
 154483  0.964  2  2017  297   2.86  58050.315   72.8  2.263e+01 
 154485  0.808  1  2017  297   3.66  58050.348   72.8  2.562e+01 
 154486  0.808  1  2017  297   4.10  58050.366   72.8  2.959e+01 
 154517  0.721  1  2017  297  19.68  58051.016   72.8  1.864e+01 
 154518  0.721  1  2017  297  20.07  58051.032   72.8  1.934e+01 
 154525  0.964  2  2017  297  23.75  58051.185   72.8  2.951e+01 
 154526  0.964  2  2017  298   0.26  58051.207   72.8  3.093e+01 
 154567  1.308  2  2017  298  20.74  58052.060   72.7  2.262e+01 
 154613  0.490  1  2017  299  19.79  58053.020   72.5  3.470e+01 
 154614  0.980  2  2017  299  20.21  58053.038   72.5  2.648e+01 
 154615  0.490  1  2017  299  20.64  58053.056   72.5  3.913e+01 
 154671  0.466  1  2017  301   0.94  58054.235   72.4  3.426e+01 
 154672  0.932  2  2017  301   1.33  58054.251   72.4  4.303e+01 
 154674  0.964  2  2017  301   2.22  58054.288   72.4  4.228e+01 
 154675  0.964  2  2017  301   2.73  58054.309   72.4  3.404e+01 
 155290  0.837  1  2017  313  22.11  58067.117   71.1  3.004e+01 
 155291  0.837  1  2017  313  22.54  58067.135   71.1  2.290e+01 
 155292  0.837  1  2017  313  23.28  58067.166   71.1  2.515e+01 
 155293  0.837  1  2017  313  23.72  58067.184   71.1  2.961e+01 
 155336  3.042  1  2017  314  21.09  58068.074   70.9  3.422e+01 
 155340  4.042  1  2017  314  23.33  58068.168   70.9  3.396e+01 
 155344  2.030  1  2017  315   1.20  58068.246   70.9  3.447e+01 
 155348  4.042  1  2017  315   3.13  58068.326   70.9  2.876e+01 
 155382  1.355  2  2017  315  20.24  58069.039   70.9  1.977e+01 
 155385  2.030  1  2017  315  21.58  58069.095   70.9  2.911e+01 
 155389  4.042  1  2017  315  23.79  58069.187   70.9  2.838e+01 
 155393  3.042  1  2017  316   1.87  58069.273   70.9  2.034e+01 
 155395  0.677  1  2017  316   3.00  58069.321   70.8  2.232e+01 
 155396  0.564  1  2017  316   3.44  58069.339   70.8  2.454e+01 
 155429  1.006  1  2017  316  19.96  58070.027   70.8  2.731e+01 
 155431  1.006  1  2017  316  20.51  58070.050   70.8  2.290e+01 
 155432  1.006  1  2017  316  21.35  58070.085   70.8  1.901e+01 
 155433  1.006  1  2017  316  21.90  58070.108   70.8  2.515e+01 
 155435  0.694  2  2017  316  22.74  58070.143   70.8  3.392e+01 
 155436  0.694  2  2017  316  23.16  58070.161   70.8  3.268e+01 
 155478  1.006  1  2017  317  20.03  58071.030   70.8  1.240e+01 
 155479  1.006  1  2017  317  20.58  58071.053   70.8  1.852e+01 
 155480  0.511  1  2017  317  21.27  58071.082   70.8  1.376e+01 
 155481  1.022  2  2017  317  21.69  58071.099   70.7  1.147e+01 
 155482  0.511  1  2017  317  22.11  58071.117   70.7  1.360e+01 
 155486  0.482  1  2017  318   0.41  58071.213   70.7  2.745e+01 
 155487  0.964  2  2017  318   0.79  58071.229   70.7  1.663e+01 
 155488  0.482  1  2017  318   1.18  58071.245   70.7  1.803e+01 
 155489  0.744  1  2017  318   1.83  58071.272   70.7  1.341e+01 
 155490  0.744  1  2017  318   2.24  58071.289   70.7  1.506e+01 
 155492  0.918  1  2017  318   3.02  58071.321   70.7  1.917e+01 
 155493  0.918  1  2017  318   3.51  58071.342   70.7  1.847e+01 
 155534  1.673  2  2017  319   0.26  58072.206   70.7  1.668e+01 
 155536  1.022  2  2017  319   1.32  58072.250   70.7  1.669e+01 
 155537  0.511  1  2017  319   1.74  58072.268   70.7  2.163e+01 
 155538  0.511  1  2017  319   2.02  58072.280   70.7  1.791e+01 
 155540  0.664  1  2017  319   3.42  58072.338   70.7  2.471e+01 
 155576  1.022  2  2017  319  21.22  58073.080   70.6  2.141e+01 
 155577  1.022  2  2017  319  21.78  58073.103   70.6  1.882e+01 
 155581  0.918  1  2017  319  23.80  58073.187   70.6  1.958e+01 
 155583  0.918  1  2017  320   0.90  58073.233   70.6  1.882e+01 
 155584  0.918  1  2017  320   1.39  58073.253   70.6  2.510e+01 
 155586  1.022  2  2017  320   2.30  58073.291   70.6  1.730e+01 
 155587  0.511  1  2017  320   2.72  58073.309   70.6  2.026e+01 
 155588  0.511  1  2017  320   3.00  58073.321   70.6  1.599e+01 
 155627  0.694  2  2017  320  22.82  58074.146   70.5  4.234e+01 
 155628  0.694  2  2017  320  23.24  58074.164   70.5  4.646e+01 
 155630  1.616  2  2017  321   0.26  58074.206   70.5  1.948e+01 
 155632  0.347  1  2017  321   1.29  58074.249   70.5  2.042e+01 
 155633  1.041  3  2017  321   1.72  58074.267   70.5  2.635e+01 
 155635  0.808  1  2017  321   2.62  58074.305   70.5  2.733e+01 
 155636  0.808  1  2017  321   3.06  58074.323   70.5  1.740e+01 
 155679  0.694  2  2017  322   0.84  58075.230   70.4  3.391e+01 
 155680  0.694  2  2017  322   1.27  58075.248   70.4  1.779e+01 
 155720  1.022  2  2017  322  21.17  58076.078   70.4  9.351e+00 
 155721  1.022  2  2017  322  21.73  58076.101   70.4  1.727e+01 
 155862  1.022  2  2017  325  20.23  58079.039   70.3  1.206e+01 
 155863  1.022  2  2017  325  20.79  58079.062   70.3  1.472e+01 
 155865  0.918  1  2017  325  21.69  58079.099   70.3  1.616e+01 
 155866  0.918  1  2017  325  22.19  58079.120   70.3  1.800e+01 
 155867  0.808  1  2017  325  22.84  58079.147   70.3  1.869e+01 
 155868  0.808  1  2017  325  23.28  58079.166   70.3  1.847e+01 
 155872  0.808  1  2017  326   1.08  58079.240   70.3  1.269e+01 
 155873  0.808  1  2017  326   1.51  58079.259   70.3  1.554e+01 
 155915  0.466  1  2017  326  22.78  58080.145   70.3  2.725e+01 
 155916  0.932  2  2017  326  23.16  58080.161   70.3  2.906e+01 
 155917  0.466  1  2017  326  23.55  58080.177   70.3  2.056e+01 
 155918  0.932  2  2017  327   0.24  58080.206   70.3  2.845e+01 
 155919  0.932  2  2017  327   0.76  58080.227   70.3  2.846e+01 
 155922  0.647  1  2017  327   2.35  58080.293   70.3  1.573e+01 
 155923  0.647  1  2017  327   2.69  58080.308   70.3  1.424e+01 
 156774  0.678  1  2017  344  20.30  58098.041   69.4  2.930e+01 
 156775  0.658  1  2017  344  20.79  58098.062   69.4  2.224e+01 
 156776  1.316  1  2017  344  21.31  58098.083   69.4  2.194e+01 
 156778  0.761  1  2017  344  22.33  58098.126   69.4  2.099e+01 
 156779  0.761  1  2017  344  22.73  58098.143   69.4  1.396e+01 
 156780  0.761  1  2017  344  23.13  58098.159   69.4  1.851e+01 
 156781  1.022  2  2017  344  23.78  58098.186   69.4  1.687e+01 
 156783  0.679  2  2017  345   0.87  58098.232   69.4  3.512e+01 
 156784  0.679  2  2017  345   1.24  58098.247   69.4  3.130e+01 
 156822  0.511  1  2017  345  20.16  58099.036   69.4  1.536e+01 
 156824  3.042  1  2017  345  21.35  58099.085   69.4  2.089e+01 
 156827  2.030  1  2017  345  22.86  58099.148   69.5  2.342e+01 
 156829  1.022  2  2017  345  23.82  58099.188   69.5  1.703e+01 
 157066  0.660  1  2017  350  22.22  58104.121   69.5  8.063e+00 
 157067  0.660  1  2017  350  22.57  58104.136   69.5  1.172e+01 
 157068  0.647  1  2017  350  23.31  58104.167   69.5  1.047e+01 
 157069  0.647  1  2017  350  23.65  58104.181   69.5  1.403e+01 
 157070  0.918  1  2017  351   0.33  58104.209   69.5  1.310e+01 
 157071  0.918  1  2017  351   0.82  58104.230   69.5  2.032e+01 
 157075  0.664  1  2017  351   2.80  58104.312   69.5  1.049e+01 
 157076  0.664  1  2017  351   3.15  58104.327   69.5  7.929e+00 
 157163  0.932  2  2017  352  22.84  58106.147   69.6  1.376e+01 
 157164  0.932  2  2017  352  23.36  58106.169   69.6  1.633e+01 
 157255  1.007  1  2017  354  20.68  58108.057   69.6  1.598e+01 
 157256  0.466  1  2017  354  21.46  58108.090   69.7  1.382e+01 
 157257  0.932  2  2017  354  21.85  58108.106   69.7  1.578e+01 
 157258  0.466  1  2017  354  22.23  58108.122   69.7  2.477e+01 
 157261  1.007  1  2017  354  23.71  58108.184   69.7  1.631e+01 
 157303  0.808  1  2017  355  20.78  58109.062   69.7  2.189e+01 
 157304  0.808  1  2017  355  21.22  58109.080   69.7  2.098e+01 
 157305  0.511  1  2017  355  21.99  58109.112   69.7  1.165e+01 
 157306  0.511  1  2017  355  22.27  58109.124   69.7  1.767e+01 
 157307  1.021  2  2017  355  22.68  58109.141   69.7  1.667e+01 
 157308  0.918  1  2017  355  23.34  58109.168   69.7  1.601e+01 
 157309  0.918  1  2017  355  23.83  58109.189   69.7  1.991e+01 
 157350  0.511  1  2017  356  20.40  58110.046   69.7  1.201e+01 
 157351  1.021  2  2017  356  20.82  58110.063   69.7  1.062e+01 
 157352  0.511  1  2017  356  21.23  58110.080   69.7  1.276e+01 
 157358  0.482  1  2017  357   0.28  58110.207   69.7  1.978e+01 
 157359  0.964  2  2017  357   0.67  58110.223   69.7  1.690e+01 
 157360  0.482  1  2017  357   1.06  58110.240   69.7  1.199e+01 
 157401  0.974  2  2017  357  21.70  58111.100   69.6  1.453e+01 
 157650  0.654  1  2017  363   2.30  58116.291   69.3  1.864e+01 
 157975  1.007  1  2018    4  20.92  58123.067   68.9  1.553e+01 
 158216  1.406  1  2018    9  21.03  58128.072   68.0  9.618e+00 
 158217  0.703  1  2018    9  21.68  58128.099   68.0  9.427e+00 
 158218  1.032  2  2018    9  22.30  58128.125   68.0  1.169e+01 
 158219  0.516  1  2018    9  22.72  58128.142   68.0  1.095e+01 
 158220  1.406  1  2018    9  23.34  58128.168   68.0  1.123e+01 
 158222  1.406  1  2018   10   0.15  58128.202   68.0  9.822e+00 
 158223  0.703  1  2018   10   0.76  58128.227   68.0  7.963e+00 
 158224  0.703  1  2018   10   1.21  58128.246   68.0  1.863e+01 
 158225  0.703  1  2018   10   1.58  58128.261   68.0  7.639e+00 
 158226  1.406  2  2018   10   2.19  58128.287   68.0  1.019e+01 
 158228  1.406  1  2018   10   3.08  58128.324   68.0  1.166e+01 
 158229  0.703  1  2018   10   3.68  58128.349   68.0  1.091e+01 
 158264  1.406  1  2018   10  21.01  58129.071   68.0  1.271e+01 
 158265  1.406  1  2018   10  21.86  58129.106   68.0  1.412e+01 
 158267  1.406  1  2018   10  22.71  58129.142   68.0  1.876e+01 
 158268  0.703  1  2018   10  23.40  58129.171   68.0  1.548e+01 
 158269  0.703  1  2018   10  23.77  58129.186   68.0  1.071e+01 
 158270  0.703  1  2018   11   0.22  58129.205   68.0  1.502e+01 
 158271  1.406  1  2018   11   0.87  58129.232   68.0  1.626e+01 
 158273  1.406  1  2018   11   1.66  58129.265   68.0  1.368e+01 
 158274  1.406  1  2018   11   2.49  58129.299   68.0  1.145e+01 
 158276  1.406  1  2018   11   3.27  58129.332   68.0  1.375e+01 
 158311  1.406  1  2018   11  20.87  58130.065   68.0  1.301e+01 
 158313  1.406  1  2018   11  21.66  58130.098   68.0  1.361e+01 
 158315  1.329  1  2018   11  22.52  58130.134   68.0  1.509e+01 
 158316  1.406  1  2018   11  23.39  58130.170   68.0  1.300e+01 
 158318  1.406  1  2018   12   0.18  58130.203   68.0  1.133e+01 
 158320  1.406  1  2018   12   1.02  58130.238   68.0  1.038e+01 
 158321  1.406  1  2018   12   1.81  58130.271   68.0  1.186e+01 
 158323  1.406  1  2018   12   2.64  58130.305   68.0  1.117e+01 
 158324  1.406  1  2018   12   3.42  58130.338   67.9  1.586e+01 
 158409  0.647  1  2018   13  21.68  58132.099   67.9  1.199e+01 
 158410  0.647  1  2018   13  22.02  58132.113   67.9  1.656e+01 
 158411  0.964  2  2018   13  22.67  58132.140   67.9  1.734e+01 
 158412  0.964  2  2018   13  23.19  58132.162   67.9  1.518e+01 
 158418  0.987  2  2018   14   2.16  58132.285   67.9  1.551e+01 
 158419  0.987  2  2018   14   2.69  58132.308   67.9  2.001e+01 
 158420  0.987  2  2018   14   3.32  58132.334   67.9  1.639e+01 
 158421  0.987  2  2018   14   3.86  58132.356   67.9  2.246e+01 
 158456  2.345  1  2018   14  21.03  58133.072   67.9  1.419e+01 
 158458  0.964  2  2018   14  22.22  58133.121   67.9  1.319e+01 
 158459  0.964  2  2018   14  22.74  58133.143   67.9  1.888e+01 
 158465  0.493  1  2018   15   1.74  58133.268   67.9  2.243e+01 
 158466  0.987  2  2018   15   2.15  58133.285   67.9  1.640e+01 
 158467  0.493  1  2018   15   2.55  58133.302   67.9  2.322e+01 
 158468  0.987  2  2018   15   3.19  58133.329   67.9  1.730e+01 
 158469  0.987  2  2018   15   3.73  58133.351   67.9  2.089e+01 
 158505  0.482  1  2018   15  21.81  58134.104   67.8  9.776e+00 
 158506  0.964  2  2018   15  22.20  58134.120   67.8  9.557e+00 
 158507  0.482  1  2018   15  22.58  58134.137   67.8  1.896e+01 
 158513  0.493  1  2018   16   1.85  58134.273   67.8  1.758e+01 
 158514  0.987  2  2018   16   2.26  58134.290   67.8  1.312e+01 
 158515  0.493  1  2018   16   2.66  58134.306   67.8  8.077e+00 
 158551  1.007  1  2018   16  20.63  58135.055   67.8  1.584e+01 
 158599  1.007  1  2018   17  21.00  58136.070   67.8  1.644e+01 
 158602  0.482  1  2018   17  22.41  58136.129   67.8  2.200e+01 
 158603  0.964  2  2018   17  22.80  58136.146   67.8  1.953e+01 
 158604  0.482  1  2018   17  23.19  58136.162   67.8  1.724e+01 
 158648  0.647  1  2018   18  21.43  58137.089   67.8  1.274e+01 
 158649  0.647  1  2018   18  21.77  58137.103   67.8  1.146e+01 
 158650  0.964  2  2018   18  22.34  58137.127   67.8  1.501e+01 
 158651  0.964  2  2018   18  22.86  58137.148   67.8  1.310e+01 
 158657  0.664  1  2018   19   1.82  58137.271   67.8  6.896e+00 
 158658  0.664  1  2018   19   2.17  58137.286   67.8  7.971e+00 
 158659  0.493  1  2018   19   2.74  58137.310   67.8  1.723e+01 
 158660  0.987  2  2018   19   3.15  58137.327   67.8  1.735e+01 
 158661  0.493  1  2018   19   3.55  58137.344   67.8  2.224e+01 
 158698  1.007  1  2018   19  22.37  58138.128   67.8  2.077e+01 
 158704  0.438  1  2018   20   1.34  58138.252   67.8  3.821e+01 
 158705  0.876  2  2018   20   1.72  58138.267   67.8  2.390e+01 
 158706  0.438  1  2018   20   2.09  58138.282   67.8  2.018e+01 
 158707  0.333  1  2018   20   2.82  58138.313   67.8  2.354e+01 
 158708  0.333  1  2018   20   3.02  58138.321   67.8  1.277e+01 
 158744  1.007  1  2018   20  21.13  58139.076   67.7  1.690e+01 
 158745  0.964  2  2018   20  21.79  58139.103   67.7  1.532e+01 
 158746  0.964  2  2018   20  22.31  58139.125   67.7  1.650e+01 
 158747  0.679  2  2018   20  22.90  58139.150   67.7  1.446e+01 
 158748  0.679  2  2018   20  23.27  58139.165   67.7  1.028e+01 
 159762  0.667  2  2018   42   2.34  58160.293   70.3  8.621e+00 
 159899  1.007  1  2018   44  22.73  58163.143   70.4  1.549e+01 
 159944  0.823  1  2018   45  21.41  58164.088   70.3  1.120e+01 
 159945  0.823  1  2018   45  21.85  58164.106   70.3  8.319e+00 
 159957  1.329  2  2018   46   3.76  58164.352   70.3  2.122e+01 
 160050  1.089  2  2018   48   2.15  58166.285   70.3  2.803e+01 
 160094  1.020  1  2018   49   0.28  58167.207   70.2  2.023e+01 
 160095  1.020  1  2018   49   0.96  58167.236   70.2  1.411e+01 
 160097  1.020  1  2018   49   1.54  58167.260   70.2  1.356e+01 
 160138  0.438  1  2018   49  22.36  58168.127   70.1  2.794e+01 
 160139  0.876  2  2018   49  22.73  58168.143   70.1  3.033e+01 
 160140  0.438  1  2018   49  23.10  58168.158   70.1  2.395e+01 
 160145  0.797  1  2018   50   1.68  58168.266   70.1  1.969e+01 
 160146  0.797  1  2018   50   2.10  58168.283   70.0  2.018e+01 
 160189  0.876  2  2018   50  23.67  58169.182   69.8  1.951e+01 
 160237  0.664  1  2018   51  23.67  58170.182   69.5  7.309e+00 
 160238  0.664  1  2018   52   0.01  58170.196   69.5  9.618e+00 
 160279  0.808  1  2018   52  20.62  58171.055   69.3  1.499e+01 
 160280  0.808  1  2018   52  21.06  58171.073   69.2  1.203e+01 
 160281  0.808  1  2018   52  21.85  58171.106   69.2  2.295e+01 
 160282  0.808  1  2018   52  22.28  58171.124   69.2  2.089e+01 
 160333  0.664  1  2018   53  23.86  58172.190   68.9  5.963e+00 
 160334  0.664  1  2018   54   0.20  58172.204   68.9  9.556e+00 
 160339  1.007  1  2018   54   2.88  58172.316   68.8  1.339e+01 
 160432  0.679  2  2018   56   1.16  58174.244   68.1  3.516e+01 
 160435  0.333  1  2018   56   2.88  58174.316   68.1  2.687e+01 
 160436  1.000  3  2018   56   3.27  58174.332   68.1  3.201e+01 
 160806  1.007  1  2018   63  20.22  58182.038   66.9  2.284e+01 
 161045  1.019  3  2018   68  19.73  58187.018   67.0  2.663e+01 
 161046  0.679  2  2018   68  20.21  58187.038   67.0  3.085e+01 
 161047  1.019  3  2018   68  20.70  58187.058   67.0  2.401e+01 
 161055  1.329  2  2018   69   0.79  58187.228   67.0  1.838e+01 
 161056  0.664  1  2018   69   1.45  58187.256   67.0  2.496e+01 
 161057  0.664  1  2018   69   1.79  58187.270   67.0  2.185e+01 
 161098  0.808  1  2018   69  22.24  58188.122   67.1  3.150e+01 
 161099  0.808  1  2018   69  22.68  58188.141   67.1  2.395e+01 
 161110  0.664  1  2018   70   4.16  58188.369   67.1  3.904e+01 
 161111  0.664  1  2018   70   4.50  58188.383   67.1  3.608e+01 
 161142  0.823  1  2018   70  20.27  58189.040   67.1  3.350e+01 
 161143  0.823  1  2018   70  20.70  58189.058   67.1  2.381e+01 
 161144  0.797  1  2018   70  21.43  58189.089   67.1  2.587e+01 
 161145  0.797  1  2018   70  21.85  58189.106   67.1  2.181e+01 
 161155  0.540  1  2018   71   3.00  58189.321   67.1  2.623e+01 
 161157  1.339  2  2018   71   3.70  58189.350   67.1  2.528e+01 
 161159  0.669  1  2018   71   4.69  58189.391   67.1  2.918e+01 
 161189  0.511  1  2018   71  19.90  58190.025   67.1  2.658e+01 
 161190  1.021  2  2018   71  20.32  58190.042   67.1  2.547e+01 
 161191  0.511  1  2018   71  20.73  58190.059   67.1  2.382e+01 
 161192  0.511  1  2018   71  21.23  58190.080   67.1  2.438e+01 
 161193  1.021  2  2018   71  21.64  58190.097   67.1  2.597e+01 
 161194  0.511  1  2018   71  22.06  58190.115   67.1  2.781e+01 
 161205  0.669  1  2018   72   3.89  58190.358   67.1  2.717e+01 
 161206  0.669  1  2018   72   4.24  58190.372   67.1  2.567e+01 
 161237  0.511  1  2018   72  19.82  58191.021   67.1  2.688e+01 
 161238  1.021  2  2018   72  20.23  58191.039   67.1  3.510e+01 
 161239  0.333  1  2018   72  20.84  58191.064   67.1  4.193e+01 
 161240  0.333  1  2018   72  21.03  58191.072   67.1  3.817e+01 
 161241  0.333  1  2018   72  21.95  58191.110   67.1  4.450e+01 
 161242  0.667  2  2018   72  22.24  58191.122   67.1  3.559e+01 
 161243  0.333  1  2018   72  22.53  58191.134   67.1  3.890e+01 
 161244  1.021  2  2018   72  23.15  58191.160   67.1  3.146e+01 
 161245  1.021  2  2018   72  23.70  58191.183   67.1  2.777e+01 
 161285  1.021  2  2018   73  19.83  58192.022   67.1  2.542e+01 
 161286  0.511  1  2018   73  20.24  58192.039   67.1  2.387e+01 
 161287  0.511  1  2018   73  20.52  58192.051   67.1  2.740e+01 
 161288  1.021  2  2018   73  21.28  58192.082   67.1  2.418e+01 
 161289  1.021  2  2018   73  21.83  58192.105   67.1  2.297e+01 
 161295  0.669  1  2018   74   0.88  58192.232   67.1  2.456e+01 
 161296  0.669  1  2018   74   1.23  58192.247   67.1  2.590e+01 
 161297  0.669  1  2018   74   1.89  58192.274   67.1  2.275e+01 
 161298  0.669  1  2018   74   2.24  58192.289   67.1  2.529e+01 
 161336  0.594  1  2018   74  21.28  58193.082   67.1  3.561e+01 
 161337  1.187  2  2018   74  21.76  58193.102   67.1  3.526e+01 
 161338  0.594  1  2018   74  22.23  58193.122   67.1  3.412e+01 
 161342  0.664  1  2018   75   0.31  58193.208   67.1  2.370e+01 
 161343  0.664  1  2018   75   0.65  58193.223   67.1  2.778e+01 
 161438  1.339  2  2018   77   0.20  58195.204   67.2  3.722e+01 
 161440  1.339  2  2018   77   1.22  58195.247   67.2  3.720e+01 
 161441  0.664  1  2018   77   1.91  58195.275   67.2  2.798e+01 
 161442  0.664  1  2018   77   2.26  58195.290   67.2  2.722e+01 
 161446  1.329  2  2018   77   4.19  58195.370   67.2  3.682e+01 
 161490  0.669  1  2018   78   2.38  58196.295   67.2  4.576e+01 
 161491  0.669  1  2018   78   2.73  58196.309   67.2  4.023e+01 
 161492  0.669  1  2018   78   3.36  58196.336   67.2  3.745e+01 
 161493  0.669  1  2018   78   3.71  58196.350   67.2  3.365e+01 
 161529  1.458  2  2018   78  21.77  58197.103   67.2  3.127e+01 
 161531  0.729  1  2018   78  22.64  58197.139   67.2  2.792e+01 
 161532  0.729  1  2018   78  23.04  58197.155   67.2  3.263e+01 
 161535  0.664  1  2018   79   0.84  58197.231   67.2  3.428e+01 
 161536  0.664  1  2018   79   1.19  58197.245   67.2  3.085e+01 
 161537  0.669  1  2018   79   1.82  58197.271   67.2  3.367e+01 
 161538  0.669  1  2018   79   2.17  58197.286   67.2  2.778e+01 
 161539  0.669  1  2018   79   2.76  58197.310   67.2  3.563e+01 
 161540  0.669  1  2018   79   3.11  58197.325   67.2  3.811e+01 
 161579  0.669  1  2018   79  22.91  58198.150   67.3  3.181e+01 
 161581  1.686  1  2018   79  23.76  58198.185   67.3  3.000e+01 
 161583  1.656  1  2018   80   0.76  58198.227   67.3  2.849e+01 
 161585  1.329  2  2018   80   1.75  58198.268   67.3  2.956e+01 
 161587  0.664  1  2018   80   2.69  58198.308   67.3  3.172e+01 
 161588  0.664  1  2018   80   3.04  58198.322   67.3  3.626e+01 
 161622  1.339  2  2018   80  20.29  58199.041   67.3  3.558e+01 
 161624  0.586  1  2018   80  21.40  58199.087   67.3  3.070e+01 
 161625  0.586  1  2018   80  21.73  58199.101   67.3  3.346e+01 
 161629  1.656  1  2018   80  23.68  58199.182   67.3  3.123e+01 
 161630  0.664  1  2018   81   0.48  58199.216   67.3  2.429e+01 
 161631  0.664  1  2018   81   0.83  58199.230   67.3  2.359e+01 
 161632  0.664  1  2018   81   1.50  58199.258   67.3  2.567e+01 
 161633  0.664  1  2018   81   1.84  58199.272   67.3  2.407e+01 
 161635  0.669  1  2018   81   2.67  58199.307   67.3  2.822e+01 
 161669  1.308  2  2018   81  19.76  58200.019   67.3  2.994e+01 
 161671  0.918  1  2018   81  20.67  58200.057   67.3  3.557e+01 
 161672  0.918  1  2018   81  21.17  58200.077   67.3  3.447e+01 
 161674  0.483  1  2018   81  22.17  58200.119   67.3  3.899e+01 
 161676  0.654  1  2018   81  23.21  58200.163   67.3  3.081e+01 
 161677  0.654  1  2018   81  23.55  58200.177   67.3  3.511e+01 
 161678  0.664  1  2018   82   0.22  58200.205   67.3  2.900e+01 
 161679  0.664  1  2018   82   0.57  58200.219   67.3  2.364e+01 
 161680  0.664  1  2018   82   1.20  58200.246   67.3  2.411e+01 
 161681  0.664  1  2018   82   1.55  58200.260   67.3  2.442e+01 
 161682  1.329  2  2018   82   2.26  58200.290   67.3  2.789e+01 
 161684  1.329  2  2018   82   3.25  58200.331   67.3  2.663e+01 
 161720  0.654  1  2018   82  21.36  58201.086   67.3  3.706e+01 
 161721  0.654  1  2018   82  21.70  58201.100   67.3  3.352e+01 
 161727  0.664  1  2018   83   0.81  58201.229   67.3  4.647e+01 
 161728  0.664  1  2018   83   1.15  58201.244   67.3  4.274e+01 
 161729  0.664  1  2018   83   1.76  58201.269   67.3  3.618e+01 
 161730  0.664  1  2018   83   2.11  58201.283   67.3  4.093e+01 
 161731  0.664  1  2018   83   2.70  58201.308   67.3  3.894e+01 
 161732  0.664  1  2018   83   3.04  58201.322   67.3  4.169e+01 
 161733  1.458  2  2018   83   3.74  58201.351   67.3  3.336e+01 
 161773  0.333  1  2018   83  24.00  58202.195   67.3  4.355e+01 
 161774  0.333  1  2018   84   0.19  58202.204   67.3  4.454e+01 
 161775  0.664  1  2018   84   0.79  58202.228   67.3  3.265e+01 
 161776  0.664  1  2018   84   1.13  58202.243   67.3  3.577e+01 
 161777  0.729  1  2018   84   1.93  58202.276   67.3  3.778e+01 
 161778  0.729  1  2018   84   2.33  58202.293   67.3  3.992e+01 
 161779  0.373  1  2018   84   2.92  58202.317   67.3  5.839e+01 
 161780  0.747  2  2018   84   3.24  58202.331   67.3  5.517e+01 
 161781  0.373  1  2018   84   3.56  58202.344   67.3  6.698e+01 
 161824  1.656  1  2018   85   1.33  58203.251   67.4  4.634e+01 
 161826  1.329  2  2018   85   2.25  58203.289   67.4  3.814e+01 
 161827  0.373  1  2018   85   2.97  58203.320   67.4  5.941e+01 
 161828  0.747  2  2018   85   3.30  58203.333   67.4  5.019e+01 
 161829  0.373  1  2018   85   3.62  58203.346   67.4  5.398e+01 
 161830  0.679  2  2018   85   4.28  58203.374   67.4  6.103e+01 
 161831  0.679  2  2018   85   4.67  58203.390   67.4  5.331e+01 
 161874  0.664  1  2018   86   2.43  58204.297   67.4  3.028e+01 
 161875  0.664  1  2018   86   2.78  58204.311   67.4  3.223e+01 
 161879  1.019  3  2018   86   4.75  58204.394   67.4  3.665e+01 
 162293  0.806  1  2018   94  19.65  58213.014   68.1  5.111e+01 
 162294  0.806  1  2018   94  20.08  58213.032   68.1  5.110e+01 
 162441  0.729  1  2018   97  21.66  58216.098   68.7  4.045e+01 
 162442  0.729  1  2018   97  22.06  58216.115   68.7  4.623e+01 
 162443  0.746  1  2018   97  22.74  58216.143   68.7  3.362e+01 
 162444  0.746  1  2018   97  23.17  58216.161   68.7  3.303e+01 
 162453  0.746  1  2018   98   3.68  58216.349   68.8  3.101e+01 
 162454  0.746  1  2018   98   4.10  58216.366   68.8  2.966e+01 
 162493  1.638  2  2018   98  23.72  58217.184   69.1  2.474e+01 
 162498  0.748  2  2018   99   2.32  58217.292   69.1  4.029e+01 
 162499  0.748  2  2018   99   2.74  58217.310   69.1  4.474e+01 
 162549  1.026  1  2018  100   3.59  58218.345   69.5  2.297e+01 
 162550  1.061  1  2018  100   4.24  58218.372   69.5  2.116e+01 
 162630  0.500  1  2018  101  20.32  58220.042   69.9  2.701e+01 
 162631  1.000  2  2018  101  20.74  58220.060   69.9  3.238e+01 
 162632  0.500  1  2018  101  21.15  58220.077   69.9  3.534e+01 
 162737  1.000  3  2018  104   1.75  58222.268   70.1  3.081e+01 
 162738  0.333  1  2018  104   2.14  58222.285   70.1  3.656e+01 
 162775  0.504  1  2018  104  20.70  58223.058   70.2  4.377e+01 
 162776  0.504  1  2018  104  21.11  58223.075   70.2  4.198e+01 
 162780  0.681  1  2018  104  23.47  58223.173   70.2  4.013e+01 
 162781  0.681  1  2018  104  23.85  58223.189   70.2  5.230e+01 
 162782  0.664  1  2018  105   0.45  58223.214   70.3  3.603e+01 
 162783  0.664  1  2018  105   0.79  58223.229   70.3  3.850e+01 
 162784  0.664  1  2018  105   1.47  58223.257   70.3  3.396e+01 
 162785  0.664  1  2018  105   1.81  58223.271   70.3  3.236e+01 
 162786  0.748  2  2018  105   2.38  58223.295   70.3  3.430e+01 
 162787  0.748  2  2018  105   2.81  58223.313   70.3  3.287e+01 
 162791  0.864  2  2018  105   4.71  58223.392   70.3  3.134e+01 
 162821  1.474  2  2018  105  19.70  58224.016   70.4  4.166e+01 
 162823  1.619  1  2018  105  20.77  58224.061   70.4  6.013e+01 
 162827  0.819  1  2018  105  22.89  58224.149   70.4  5.729e+01 
 162828  0.819  1  2018  105  23.32  58224.167   70.4  5.590e+01 
 162832  0.664  1  2018  106   1.27  58224.248   70.4  5.103e+01 
 162869  0.806  1  2018  106  19.86  58225.023   70.6  4.270e+01 
 162870  0.806  1  2018  106  20.28  58225.041   70.6  3.609e+01 
 162884  0.918  1  2018  107   3.20  58225.329   70.6  3.567e+01 
 162885  0.918  1  2018  107   3.69  58225.349   70.6  3.921e+01 
 162887  1.061  1  2018  107   4.53  58225.384   70.6  2.948e+01 
 162919  1.619  1  2018  107  20.52  58226.051   70.7  5.172e+01 
 162921  0.483  1  2018  107  21.95  58226.110   70.7  5.391e+01 
 162922  0.483  1  2018  107  22.37  58226.128   70.7  5.084e+01 
 162932  0.377  1  2018  108   3.40  58226.337   70.7  3.915e+01 
 162933  0.377  1  2018  108   3.62  58226.346   70.7  5.140e+01 
 162965  1.619  1  2018  108  19.97  58227.028   70.8  5.565e+01 
 162967  0.806  1  2018  108  20.76  58227.061   70.8  4.074e+01 
 162968  0.806  1  2018  108  21.19  58227.079   70.8  4.695e+01 
 162969  0.483  1  2018  108  21.95  58227.110   70.8  5.980e+01 
 162971  0.918  1  2018  108  22.97  58227.153   70.8  3.866e+01 
 162972  0.918  1  2018  108  23.46  58227.173   70.8  3.644e+01 
 162974  0.819  1  2018  109   0.08  58227.199   70.8  4.136e+01 
 162975  0.819  1  2018  109   0.51  58227.217   70.8  2.549e+01 
 162976  1.055  3  2018  109   1.24  58227.247   70.8  3.119e+01 
 162977  0.352  1  2018  109   1.63  58227.263   70.8  2.985e+01 
 162983  1.026  1  2018  109   4.87  58227.398   70.8  3.993e+01 
 163014  0.653  1  2018  109  20.10  58228.033   70.8  4.578e+01 
 163015  0.653  1  2018  109  20.79  58228.062   70.8  4.325e+01 
 163016  0.483  1  2018  109  21.44  58228.089   70.8  4.849e+01 
 163018  0.352  1  2018  109  22.35  58228.127   70.8  4.149e+01 
 163019  1.055  3  2018  109  22.74  58228.143   70.8  4.748e+01 
 163021  0.352  1  2018  109  23.91  58228.192   70.8  4.401e+01 
 163022  1.055  3  2018  110   0.30  58228.208   70.8  4.777e+01 
 163029  0.333  1  2018  110   3.98  58228.361   70.8  2.902e+01 
 163030  0.667  2  2018  110   4.27  58228.373   70.8  3.116e+01 
 163031  0.333  1  2018  110   4.56  58228.385   70.8  2.451e+01 
 163114  0.483  1  2018  111  22.20  58230.121   70.9  5.438e+01 
 163115  0.483  1  2018  111  22.63  58230.138   70.9  5.893e+01 
 163116  0.664  1  2018  111  23.17  58230.161   70.9  4.431e+01 
 163117  1.329  2  2018  111  23.75  58230.185   70.9  4.429e+01 
 163118  0.664  1  2018  112   0.32  58230.209   70.9  3.861e+01 
 163119  0.918  1  2018  112   0.85  58230.231   70.9  4.062e+01 
 163120  0.918  1  2018  112   1.35  58230.252   70.9  3.865e+01 
 163121  0.918  1  2018  112   1.92  58230.276   70.9  4.257e+01 
 163122  0.918  1  2018  112   2.42  58230.296   70.9  3.891e+01 
 163166  0.511  1  2018  113   0.10  58231.200   70.9  6.863e+01 
 163168  0.819  1  2018  113   1.45  58231.256   70.9  6.127e+01 
 163169  0.819  1  2018  113   1.88  58231.274   70.9  6.582e+01 
 163172  1.216  1  2018  113   3.05  58231.323   70.9  4.594e+01 
 163175  1.121  1  2018  113   4.74  58231.393   70.9  4.586e+01 
 163416  0.638  1  2018  118   5.01  58236.404   71.2  4.110e+01 
 163684  0.333  1  2018  123  19.23  58241.997   71.4  5.468e+01 
 163685  0.667  1  2018  123  19.52  58242.009   71.4  7.689e+01 
 163731  0.333  1  2018  124  18.90  58242.983   71.2  4.540e+01 
 163732  0.667  1  2018  124  19.20  58242.995   71.2  4.372e+01 
 163733  0.483  1  2018  124  19.94  58243.026   71.2  4.938e+01 
 163734  0.483  1  2018  124  20.36  58243.044   71.2  4.314e+01 
 163735  0.750  1  2018  124  20.87  58243.065   71.2  2.904e+01 
 163829  0.483  1  2018  126  19.61  58245.013   70.8  5.988e+01 
 163830  0.483  1  2018  126  20.25  58245.039   70.8  5.549e+01 
 163831  0.483  1  2018  126  20.67  58245.057   70.8  6.674e+01 
 163832  0.483  1  2018  126  21.19  58245.078   70.8  7.313e+01 
 163833  0.483  1  2018  126  21.61  58245.096   70.8  6.699e+01 
 163834  1.361  2  2018  126  22.27  58245.124   70.8  4.363e+01 
 163878  0.500  1  2018  127  20.27  58246.040   70.7  4.054e+01 
 163879  1.000  2  2018  127  20.69  58246.058   70.7  4.262e+01 
 163880  0.500  1  2018  127  21.10  58246.075   70.7  3.685e+01 
 164019  0.667  2  2018  130  18.81  58248.979   70.9  5.621e+01 
 164023  1.527  1  2018  130  20.90  58249.067   70.9  4.813e+01 
 164083  1.022  2  2018  132   2.77  58250.311   71.2  5.720e+01 
 164085  1.022  2  2018  132   3.68  58250.349   71.2  7.897e+01 
 164115  0.483  1  2018  132  19.00  58250.987   71.3  9.873e+01 
 164116  0.483  1  2018  132  19.42  58251.005   71.3  1.027e+02 
 164117  0.483  1  2018  132  19.94  58251.026   71.3  9.660e+01 
 164118  0.483  1  2018  132  20.36  58251.044   71.3  1.003e+02 
 164120  1.527  1  2018  132  21.09  58251.074   71.3  6.758e+01 
 164122  1.527  1  2018  132  22.03  58251.113   71.3  5.248e+01 
 164133  0.470  1  2018  133   3.76  58251.352   71.3  6.343e+01 
 164134  0.940  2  2018  133   4.17  58251.369   71.3  6.245e+01 
 164135  0.470  1  2018  133   4.58  58251.386   71.4  6.959e+01 
 164164  0.500  1  2018  133  19.44  58252.006   71.4  6.544e+01 
 164165  1.000  2  2018  133  19.85  58252.023   71.4  6.127e+01 
 164166  0.500  1  2018  133  20.27  58252.040   71.4  5.926e+01 
 164169  0.500  1  2018  133  21.88  58252.107   71.4  5.241e+01 
 164170  1.000  2  2018  133  22.30  58252.125   71.5  4.950e+01 
 164171  0.500  1  2018  133  22.71  58252.142   71.5  5.160e+01 
 164174  1.022  2  2018  134   0.31  58252.209   71.5  4.063e+01 
 164177  0.638  1  2018  134   1.89  58252.274   71.5  4.435e+01 
 164178  0.638  1  2018  134   2.23  58252.289   71.5  4.473e+01 
 164179  1.276  2  2018  134   2.78  58252.311   71.5  4.761e+01 
 164180  0.511  1  2018  134   3.43  58252.339   71.5  4.593e+01 
 164181  0.511  1  2018  134   3.73  58252.351   71.5  3.944e+01 
 164217  0.511  1  2018  134  21.86  58253.106   71.7  5.311e+01 
 164218  0.511  1  2018  134  22.16  58253.119   71.7  5.328e+01 
 164224  1.492  2  2018  135   1.23  58253.247   71.7  3.075e+01 
 164228  0.511  1  2018  135   3.30  58253.333   71.8  3.772e+01 
 164229  0.511  1  2018  135   3.60  58253.345   71.8  3.533e+01 
 164230  0.669  1  2018  135   4.31  58253.375   71.8  3.157e+01 
 164231  0.669  1  2018  135   4.66  58253.390   71.8  3.230e+01 
 164260  1.633  1  2018  135  19.30  58254.000   72.0  4.402e+01 
 164262  1.579  1  2018  135  20.32  58254.042   72.0  4.973e+01 
 164277  1.160  1  2018  136   3.67  58254.348   72.1  3.678e+01 
 164279  1.026  1  2018  136   4.60  58254.387   72.1  3.267e+01 
 164308  1.632  1  2018  136  19.32  58255.001   72.3  2.652e+01 
 164310  1.632  1  2018  136  20.31  58255.042   72.3  1.489e+01 
 164326  1.327  1  2018  137   4.13  58255.367   72.5  4.231e+01 
 164358  0.512  1  2018  137  20.23  58256.039   72.7  2.948e+01 
 164359  1.024  2  2018  137  20.65  58256.056   72.7  3.369e+01 
 164360  0.512  1  2018  137  21.08  58256.074   72.7  2.825e+01 
 164361  1.000  2  2018  137  21.79  58256.103   72.7  3.712e+01 
 164362  0.500  1  2018  137  22.24  58256.122   72.7  4.163e+01 
 164363  0.500  1  2018  137  22.53  58256.134   72.7  1.837e+01 
 164364  0.500  1  2018  137  23.23  58256.164   72.8  3.255e+01 
 164365  1.000  2  2018  137  23.68  58256.182   72.8  5.974e+01 
 164366  0.500  1  2018  138   0.13  58256.201   72.8  4.463e+01 
 164371  0.746  1  2018  138   2.95  58256.318   72.8  3.094e+01 
 164372  0.746  1  2018  138   3.37  58256.336   72.8  3.405e+01 
 164406  1.069  1  2018  138  20.05  58257.031   73.1  3.378e+01 
 164408  1.000  2  2018  138  21.34  58257.085   73.1  5.342e+01 
 164410  1.000  2  2018  138  22.33  58257.126   73.1  3.173e+01 
 164412  0.500  1  2018  138  23.07  58257.157   73.1  4.074e+01 
 164413  1.000  2  2018  138  23.84  58257.189   73.1  4.335e+01 
 164414  0.500  1  2018  139   0.28  58257.207   73.1  6.042e+01 
 164423  0.557  1  2018  139   4.86  58257.398   73.2  3.350e+01 
 164457  0.357  1  2018  139  21.50  58258.092   73.4  6.899e+01 
 164461  0.714  2  2018  139  23.79  58258.187   73.4  4.752e+01 
 164462  0.714  2  2018  140   0.21  58258.204   73.4  4.951e+01 
 164506  0.357  1  2018  140  22.05  58259.114   73.7  6.960e+01 
 164511  0.714  2  2018  141   0.88  58259.232   73.7  5.980e+01 
 164512  0.714  2  2018  141   1.30  58259.250   73.7  7.124e+01 
 164657  0.379  1  2018  144   1.95  58262.277   74.0  2.078e+01 
 165076  1.026  1  2018  152  19.32  58271.001   74.1  2.955e+01 
 165125  0.996  1  2018  153  19.63  58272.013   74.2  2.204e+01 
 165517  0.922  2  2018  161  23.85  58280.189   75.6  3.511e+01 
 165518  0.922  2  2018  162   0.37  58280.211   75.6  4.810e+01 
 165568  0.463  1  2018  163   1.34  58281.251   75.5  2.610e+01 
 165569  0.927  2  2018  163   1.73  58281.267   75.5  2.834e+01 
 165570  0.463  1  2018  163   2.11  58281.284   75.5  2.888e+01 
 165571  0.808  1  2018  163   2.75  58281.310   75.5  2.395e+01 
 165572  0.808  1  2018  163   3.19  58281.328   75.5  1.893e+01 
 165606  1.527  1  2018  163  20.36  58282.044   75.5  2.108e+01 
 165615  0.819  1  2018  164   0.75  58282.227   75.4  1.507e+01 
 165616  0.819  1  2018  164   1.20  58282.245   75.4  1.235e+01 
 165652  0.827  2  2018  164  19.36  58283.002   75.3  3.393e+01 
 165654  1.022  2  2018  164  20.20  58283.037   75.3  2.451e+01 
 165655  0.542  1  2018  164  20.97  58283.070   75.3  2.815e+01 
 165656  0.542  1  2018  164  21.29  58283.083   75.3  3.443e+01 
 165657  1.084  2  2018  164  21.76  58283.102   75.3  2.737e+01 
 165660  0.996  1  2018  164  23.23  58283.163   75.3  1.238e+01 
 165661  0.996  1  2018  164  23.74  58283.185   75.3  1.608e+01 
 165669  1.000  2  2018  165   3.67  58283.348   75.2  2.984e+01 
 165670  1.000  2  2018  165   4.22  58283.371   75.2  2.237e+01 
 165708  0.461  1  2018  165  23.45  58284.173   75.0  2.267e+01 
 165709  0.922  2  2018  165  23.83  58284.189   75.0  3.398e+01 
 165710  0.461  1  2018  166   0.22  58284.205   75.0  4.077e+01 
 165719  0.664  1  2018  166   4.84  58284.397   75.0  1.632e+01 
 165720  0.664  1  2018  166   5.18  58284.412   75.0  1.784e+01 
 165747  0.681  1  2018  166  18.99  58284.987   74.9  2.487e+01 
 165748  0.681  1  2018  166  19.37  58285.003   74.9  2.623e+01 
 165749  0.490  1  2018  166  19.88  58285.024   74.9  2.342e+01 
 165750  0.980  2  2018  166  20.27  58285.040   74.9  1.797e+01 
 165751  0.490  1  2018  166  20.66  58285.056   74.9  1.899e+01 
 165860  0.454  1  2018  169   3.41  58287.338   74.5  1.879e+01 
 165899  0.759  2  2018  169  22.76  58288.144   74.4  1.824e+01 
 165900  0.921  1  2018  169  23.41  58288.171   74.4  1.065e+01 
 165901  0.921  1  2018  169  23.88  58288.191   74.4  1.135e+01 
 165907  0.653  1  2018  170   2.85  58288.314   74.4  1.685e+01 
 165909  0.653  1  2018  170   3.54  58288.343   74.4  2.127e+01 
 165951  0.490  1  2018  171   0.93  58289.234   74.3  2.441e+01 
 165952  0.980  2  2018  171   1.32  58289.251   74.3  2.185e+01 
 165953  0.490  1  2018  171   1.71  58289.267   74.3  1.913e+01 
 165957  0.669  1  2018  171   3.64  58289.347   74.2  1.725e+01 
 165958  1.005  2  2018  171   4.18  58289.370   74.2  2.646e+01 
 165959  0.669  1  2018  171   4.73  58289.393   74.2  2.155e+01 
 165960  0.669  1  2018  171   5.08  58289.407   74.2  1.760e+01 
 166007  0.333  1  2018  172   4.84  58290.397   74.2  3.176e+01 
 166008  1.000  3  2018  172   5.23  58290.413   74.2  2.870e+01 
 166100  0.848  1  2018  174   3.39  58292.337   74.2  2.330e+01 
 166101  0.664  1  2018  174   4.00  58292.362   74.2  2.189e+01 
 166102  0.664  1  2018  174   4.35  58292.377   74.2  2.347e+01 
 166103  0.664  1  2018  174   4.84  58292.397   74.2  2.473e+01 
 166151  0.539  1  2018  175   4.80  58293.395   74.4  3.072e+01 
 166200  0.887  1  2018  176   5.14  58294.410   74.4  3.847e+01 
 166803  0.667  1  2018  188  18.94  58306.985   73.1  3.085e+01 
 166804  0.667  1  2018  188  19.30  58307.000   73.1  3.248e+01 
 166805  0.667  1  2018  188  19.66  58307.015   73.1  3.025e+01 
 166806  0.667  1  2018  188  20.02  58307.030   73.1  2.998e+01 
 166811  0.662  1  2018  188  22.83  58307.147   73.1  1.802e+01 
 166812  0.662  1  2018  188  23.17  58307.161   73.1  1.320e+01 
 166813  0.924  2  2018  188  23.68  58307.182   73.1  4.480e+01 
 166814  0.462  1  2018  189   0.07  58307.198   73.1  4.479e+01 
 166815  0.808  1  2018  189   0.83  58307.230   73.1  2.091e+01 
 166816  0.808  1  2018  189   1.27  58307.249   73.1  1.980e+01 
 166859  1.638  2  2018  189  22.73  58308.143   72.9  1.257e+01 
 166861  0.462  1  2018  189  23.67  58308.182   72.9  3.910e+01 
 166862  0.462  1  2018  190   0.19  58308.203   72.9  1.583e+01 
 166863  0.752  1  2018  190   1.00  58308.237   72.9  1.543e+01 
 166865  0.808  1  2018  190   1.67  58308.265   72.9  1.895e+01 
 166866  0.808  1  2018  190   2.11  58308.283   72.9  1.471e+01 
 166867  0.819  1  2018  190   2.69  58308.308   72.9  1.117e+01 
 166868  0.819  1  2018  190   3.12  58308.326   72.9  1.610e+01 
 166869  0.819  1  2018  190   3.67  58308.348   72.9  1.651e+01 
 166870  0.819  1  2018  190   4.10  58308.367   72.9  1.770e+01 
 166900  1.404  1  2018  190  19.29  58308.999   72.7  1.343e+01 
 166902  1.404  1  2018  190  20.10  58309.033   72.7  1.511e+01 
 166903  1.404  1  2018  190  20.90  58309.066   72.7  1.757e+01 
 166905  1.333  2  2018  190  21.74  58309.101   72.7  1.587e+01 
 166906  0.667  1  2018  190  22.34  58309.126   72.7  1.313e+01 
 166907  0.667  1  2018  190  22.69  58309.141   72.7  1.380e+01 
 166908  1.404  1  2018  190  23.38  58309.170   72.7  1.761e+01 
 166910  1.404  1  2018  191   0.17  58309.203   72.7  1.034e+01 
 166912  1.404  1  2018  191   1.12  58309.242   72.7  1.761e+01 
 166913  1.404  1  2018  191   1.93  58309.276   72.7  1.931e+01 
 166915  1.404  1  2018  191   2.75  58309.310   72.7  1.689e+01 
 166917  1.404  1  2018  191   3.60  58309.346   72.7  2.533e+01 
 166918  1.404  1  2018  191   4.39  58309.379   72.7  2.276e+01 
 166920  0.702  1  2018  191   5.01  58309.404   72.7  2.450e+01 
 166948  0.702  1  2018  191  19.06  58309.990   72.6  3.393e+01 
 166949  1.404  1  2018  191  19.70  58310.016   72.6  2.391e+01 
 166952  1.404  1  2018  191  21.45  58310.089   72.6  1.280e+01 
 166954  1.404  1  2018  191  22.24  58310.122   72.6  1.662e+01 
 166956  1.404  1  2018  191  23.03  58310.155   72.6  1.392e+01 
 166957  0.702  1  2018  191  23.83  58310.189   72.6  1.789e+01 
 166958  1.404  1  2018  192   0.44  58310.214   72.6  1.978e+01 
 166960  1.398  2  2018  192   1.27  58310.249   72.6  1.687e+01 
 166961  0.699  1  2018  192   1.88  58310.274   72.6  1.827e+01 
 166962  0.699  1  2018  192   2.24  58310.289   72.6  2.382e+01 
 166963  0.699  1  2018  192   2.66  58310.306   72.6  2.068e+01 
 166964  1.000  2  2018  192   3.22  58310.330   72.5  2.007e+01 
 166965  1.000  2  2018  192   3.83  58310.355   72.5  1.839e+01 
 166966  0.699  1  2018  192   4.41  58310.379   72.5  1.766e+01 
 166967  0.699  1  2018  192   4.78  58310.395   72.5  1.321e+01 
 166997  0.699  1  2018  192  19.97  58311.028   72.5  1.929e+01 
 166998  0.699  1  2018  192  20.33  58311.043   72.5  1.460e+01 
 166999  0.699  1  2018  192  20.80  58311.062   72.5  1.516e+01 
 167000  0.699  1  2018  192  21.16  58311.077   72.4  1.536e+01 
 167002  1.353  1  2018  192  22.49  58311.133   72.4  1.426e+01 
 167004  0.799  1  2018  192  23.18  58311.162   72.4  1.306e+01 
 167005  0.799  1  2018  192  23.60  58311.179   72.4  1.296e+01 
 167007  0.699  1  2018  193   0.56  58311.219   72.4  2.046e+01 
 167008  0.953  2  2018  193   1.28  58311.249   72.4  2.403e+01 
 167010  0.366  1  2018  193   2.21  58311.288   72.4  5.531e+01 
 167011  0.477  1  2018  193   2.67  58311.307   72.4  3.007e+01 
 167012  0.591  1  2018  193   3.09  58311.324   72.4  2.062e+01 
 167013  0.588  1  2018  193   3.60  58311.345   72.4  2.722e+01 
 167014  1.398  2  2018  193   4.28  58311.374   72.4  2.277e+01 
 167015  0.699  1  2018  193   4.90  58311.400   72.4  2.388e+01 
 167016  0.699  1  2018  193   5.26  58311.415   72.4  2.062e+01 
 167046  0.667  2  2018  193  20.11  58312.034   72.3  1.904e+01 
 167057  0.350  1  2018  194   1.80  58312.271   72.3  3.828e+01 
 167058  0.350  1  2018  194   2.24  58312.289   72.3  3.057e+01 
 167059  1.253  1  2018  194   2.80  58312.312   72.3  1.354e+01 
 167060  0.500  1  2018  194   3.48  58312.341   72.3  2.199e+01 
 167061  0.500  1  2018  194   3.76  58312.352   72.3  1.814e+01 
 167062  1.000  2  2018  194   4.17  58312.369   72.3  1.641e+01 
 167093  0.457  1  2018  194  19.90  58313.025   72.2  2.344e+01 
 167094  0.913  2  2018  194  20.27  58313.040   72.2  2.240e+01 
 167095  0.457  1  2018  194  20.65  58313.056   72.2  1.827e+01 
 167101  0.462  1  2018  194  23.80  58313.187   72.2  2.308e+01 
 167102  0.924  2  2018  195   0.19  58313.204   72.2  2.031e+01 
 167111  0.681  1  2018  195   4.91  58313.400   72.2  2.132e+01 
 167112  0.681  1  2018  195   5.29  58313.416   72.2  2.347e+01 
 167147  0.462  1  2018  195  22.87  58314.148   72.1  7.464e+01 
 167148  0.462  1  2018  195  23.13  58314.159   72.1  5.242e+01 
 167149  0.462  1  2018  195  23.64  58314.181   72.1  3.919e+01 
 167191  0.808  1  2018  196  20.82  58315.063   72.1  3.319e+01 
 167192  0.808  1  2018  196  21.26  58315.081   72.1  2.870e+01 
 167391  0.504  1  2018  201   0.59  58319.220   72.3  2.677e+01 
 167392  0.504  1  2018  201   1.01  58319.237   72.3  2.045e+01 
 167395  0.757  1  2018  201   2.63  58319.305   72.3  1.748e+01 
 167396  0.757  1  2018  201   3.05  58319.323   72.3  1.679e+01 
 167447  0.667  2  2018  202   4.70  58320.391   72.2  2.963e+01 
 167639  0.539  1  2018  206   4.99  58324.404   71.7  2.840e+01 
 168005  1.021  2  2018  213  19.80  58332.021   70.7  1.964e+01 
 168052  0.511  1  2018  214  19.07  58332.990   70.6  6.064e+01 
 168053  1.021  2  2018  214  19.76  58333.019   70.6  3.390e+01 
 168054  0.511  1  2018  214  20.32  58333.042   70.6  3.324e+01 
 168055  1.021  2  2018  214  20.74  58333.060   70.6  2.714e+01 
 168056  0.511  1  2018  214  21.15  58333.077   70.6  2.230e+01 
 168100  1.000  3  2018  215  19.20  58333.996   70.5  4.568e+01 
 168101  0.333  1  2018  215  19.59  58334.012   70.5  3.820e+01 
 168247  1.000  3  2018  218  20.72  58337.059   70.4  2.400e+01 
 168248  0.333  1  2018  218  21.11  58337.075   70.4  3.179e+01 
 168255  1.026  1  2018  219   0.67  58337.223   70.4  1.670e+01 
 168256  1.032  1  2018  219   1.31  58337.250   70.4  2.016e+01 
 168257  1.069  1  2018  219   1.95  58337.277   70.4  1.317e+01 
 168294  0.462  1  2018  219  20.48  58338.049   70.4  1.468e+01 
 168306  0.546  1  2018  220   2.12  58338.284   70.4  2.056e+01 
 168307  1.000  2  2018  220   2.71  58338.309   70.4  2.337e+01 
 168308  1.000  2  2018  220   3.26  58338.331   70.4  2.654e+01 
 168388  0.667  2  2018  221  19.37  58340.003   70.4  2.078e+01 
 168389  0.667  2  2018  221  19.76  58340.019   70.5  2.389e+01 
 168446  0.819  1  2018  223   0.16  58341.202   70.6  1.156e+01 
 168447  0.819  1  2018  223   0.60  58341.220   70.6  9.519e+00 
 168496  0.819  1  2018  224   1.49  58342.258   70.7  1.487e+01 
 168497  0.819  1  2018  224   1.92  58342.276   70.7  1.298e+01 
 168547  0.918  1  2018  225   2.94  58343.318   70.8  2.075e+01 
 168548  0.918  1  2018  225   3.43  58343.338   70.8  1.732e+01 
 168552  0.531  1  2018  225   5.00  58343.404   70.8  1.808e+01 
 168586  0.504  1  2018  225  22.38  58344.128   70.9  1.881e+01 
 168587  0.504  1  2018  225  22.80  58344.146   70.9  2.028e+01 
 168589  0.819  1  2018  225  23.92  58344.192   70.9  1.477e+01 
 168590  0.819  1  2018  226   0.36  58344.210   70.9  1.537e+01 
 168599  0.750  1  2018  226   4.97  58344.403   70.9  8.268e+00 
 168641  0.819  1  2018  227   1.82  58345.272   70.9  8.630e+00 
 168642  0.819  1  2018  227   2.26  58345.290   70.9  1.181e+01 
 168647  1.026  1  2018  227   4.94  58345.402   70.8  1.319e+01 
 168680  1.000  3  2018  227  21.28  58346.082   70.8  1.764e+01 
 168681  0.333  1  2018  227  21.67  58346.099   70.8  1.975e+01 
 168684  0.504  1  2018  227  23.38  58346.170   70.8  9.837e+00 
 168685  0.504  1  2018  227  23.80  58346.187   70.8  9.817e+00 
 168686  0.819  1  2018  228   0.28  58346.207   70.8  1.463e+01 
 168687  0.819  1  2018  228   0.71  58346.225   70.8  1.601e+01 
 168688  0.759  2  2018  228   1.39  58346.254   70.8  1.381e+01 
 168689  0.759  2  2018  228   1.80  58346.271   70.8  1.195e+01 
 168772  0.882  2  2018  229  19.19  58347.995   70.7  3.277e+01 
 168785  0.918  1  2018  230   1.76  58348.269   70.7  1.733e+01 
 168786  0.918  1  2018  230   2.26  58348.290   70.7  1.705e+01 
 168832  0.664  1  2018  231   1.42  58349.255   70.6  1.263e+01 
 168833  0.664  1  2018  231   1.76  58349.269   70.6  1.415e+01 
 168834  0.664  1  2018  231   2.22  58349.288   70.6  7.501e+00 
 168835  0.664  1  2018  231   2.57  58349.302   70.6  1.362e+01 
 168839  0.664  1  2018  231   4.84  58349.397   70.5  1.093e+01 
 168840  0.664  1  2018  231   5.18  58349.412   70.5  1.276e+01 
 168882  0.664  1  2018  232   2.28  58350.291   70.5  1.703e+01 
 168883  0.664  1  2018  232   2.73  58350.309   70.5  1.511e+01 
 168884  0.664  1  2018  232   3.08  58350.324   70.5  1.220e+01 
 168885  0.664  1  2018  232   3.69  58350.350   70.5  1.299e+01 
 168886  0.664  1  2018  232   4.04  58350.364   70.5  1.297e+01 
 168887  0.664  1  2018  232   4.69  58350.391   70.5  1.501e+01 
 168888  0.664  1  2018  232   5.03  58350.405   70.5  1.633e+01 
 168932  0.504  1  2018  233   3.13  58351.326   70.4  1.411e+01 
 168933  0.504  1  2018  233   3.55  58351.343   70.4  1.516e+01 
 168934  1.000  2  2018  233   4.15  58351.368   70.4  2.386e+01 
 168935  1.000  2  2018  233   4.70  58351.391   70.4  2.353e+01 
 169541  1.021  2  2018  245  19.65  58364.014   70.1  3.370e+01 
 169542  1.021  2  2018  245  20.20  58364.037   70.1  3.031e+01 
 169636  1.313  2  2018  247  19.30  58366.000   70.0  2.078e+01 
 169637  0.657  1  2018  247  19.82  58366.021   70.0  4.768e+01 
 169638  0.657  1  2018  247  20.16  58366.036   70.0  1.532e+01 
 169639  1.313  2  2018  247  20.81  58366.063   70.0  1.973e+01 
 169640  0.657  1  2018  247  21.33  58366.084   70.0  2.162e+01 
 169641  0.657  1  2018  247  21.68  58366.099   70.0  2.872e+01 
 169642  0.657  1  2018  247  22.30  58366.125   70.0  2.152e+01 
 169643  1.313  2  2018  247  22.82  58366.146   70.0  1.840e+01 
 169644  0.657  1  2018  247  23.34  58366.168   70.0  2.183e+01 
 169645  0.657  1  2018  247  23.78  58366.186   70.0  2.168e+01 
 169646  0.657  1  2018  248   0.47  58366.215   70.1  2.057e+01 
 169647  0.657  1  2018  248   0.81  58366.230   70.1  1.804e+01 
 169648  0.657  1  2018  248   1.32  58366.250   70.1  1.960e+01 
 169649  0.657  1  2018  248   1.66  58366.265   70.1  1.819e+01 
 169650  1.313  2  2018  248   2.18  58366.286   70.1  2.259e+01 
 169652  1.313  2  2018  248   3.27  58366.332   70.1  1.819e+01 
 169653  0.657  1  2018  248   3.79  58366.353   70.1  2.379e+01 
 169654  1.313  2  2018  248   4.31  58366.375   70.1  1.863e+01 
 169655  0.657  1  2018  248   4.83  58366.397   70.1  1.825e+01 
 169684  0.990  1  2018  248  19.24  58366.997   70.0  2.742e+01 
 169685  0.990  1  2018  248  19.75  58367.018   70.0  2.346e+01 
 169686  0.657  1  2018  248  20.43  58367.047   70.0  2.354e+01 
 169687  0.657  1  2018  248  20.78  58367.061   70.0  2.921e+01 
 169688  1.313  2  2018  248  21.29  58367.083   70.0  2.188e+01 
 169689  0.657  1  2018  248  21.93  58367.109   70.0  2.175e+01 
 169690  0.657  1  2018  248  22.27  58367.124   70.0  1.898e+01 
 169691  1.313  2  2018  248  22.79  58367.145   70.0  2.153e+01 
 169693  1.313  2  2018  248  23.71  58367.183   70.0  2.114e+01 
 169694  0.657  1  2018  249   0.23  58367.205   70.0  2.418e+01 
 169695  0.657  1  2018  249   0.58  58367.220   70.0  1.737e+01 
 169696  1.313  2  2018  249   1.21  58367.246   70.0  2.434e+01 
 169697  0.657  1  2018  249   1.73  58367.268   70.0  1.920e+01 
 169698  0.657  1  2018  249   2.07  58367.282   70.0  2.340e+01 
 169699  0.823  1  2018  249   2.72  58367.309   70.0  1.729e+01 
 169700  0.823  1  2018  249   3.15  58367.327   70.0  2.336e+01 
 169701  0.601  1  2018  249   3.78  58367.353   70.0  2.509e+01 
 169702  1.202  2  2018  249   4.26  58367.373   70.0  1.760e+01 
 169703  0.601  1  2018  249   4.73  58367.393   70.0  2.229e+01 
 169732  1.021  2  2018  249  19.27  58367.999   69.9  3.495e+01 
 169733  1.021  2  2018  249  19.83  58368.022   69.9  3.488e+01 
 169779  0.511  1  2018  250  18.98  58368.986   69.7  2.752e+01 
 169780  0.511  1  2018  250  19.26  58368.998   69.7  1.908e+01 
 169781  0.511  1  2018  250  19.53  58369.009   69.7  2.117e+01 
 169782  0.667  1  2018  250  20.27  58369.040   69.7  2.013e+01 
 169783  1.333  2  2018  250  20.81  58369.062   69.7  2.370e+01 
 169784  0.667  1  2018  250  21.35  58369.085   69.7  1.559e+01 
 169828  1.021  2  2018  251  19.19  58369.995   69.5  3.356e+01 
 169829  0.511  1  2018  251  19.61  58370.013   69.5  3.960e+01 
 170024  1.333  2  2018  255  21.19  58374.079   69.0  2.106e+01 
 170025  0.667  1  2018  255  21.73  58374.101   69.0  2.479e+01 
 170026  0.667  1  2018  255  22.09  58374.116   69.0  2.357e+01 
 170035  1.153  3  2018  256   2.73  58374.309   69.0  4.041e+01 
 170036  0.384  1  2018  256   3.17  58374.327   69.0  3.777e+01 
 170073  0.680  1  2018  256  21.89  58375.108   69.0  3.059e+01 
 170074  0.680  1  2018  256  22.27  58375.124   69.0  2.379e+01 
 170075  0.513  1  2018  256  22.76  58375.144   69.0  2.772e+01 
 170076  0.513  1  2018  256  23.06  58375.156   69.0  2.144e+01 
 170077  0.500  1  2018  256  23.98  58375.195   69.0  4.409e+01 
 170078  0.500  1  2018  257   0.28  58375.207   69.0  2.392e+01 
 170081  0.680  1  2018  257   1.79  58375.270   69.0  2.430e+01 
 170082  0.680  1  2018  257   2.17  58375.286   69.0  2.234e+01 
 170083  0.680  1  2018  257   2.72  58375.309   69.0  2.966e+01 
 170084  0.680  1  2018  257   3.11  58375.325   69.0  1.732e+01 
 170085  0.759  1  2018  257   3.65  58375.347   69.0  2.843e+01 
 170086  0.759  1  2018  257   4.09  58375.366   69.0  3.793e+01 
 170126  0.482  1  2018  258   0.06  58376.198   69.0  2.506e+01 
 170127  0.482  1  2018  258   0.58  58376.220   69.0  1.905e+01 
 170129  0.482  1  2018  258   1.58  58376.262   69.0  3.263e+01 
 170130  0.482  1  2018  258   2.10  58376.283   69.0  2.612e+01 
 170132  0.482  1  2018  258   3.12  58376.326   69.0  3.842e+01 
 170133  0.482  1  2018  258   3.64  58376.347   69.0  3.616e+01 
 170134  0.482  1  2018  258   4.29  58376.374   69.0  3.531e+01 
 170135  0.964  2  2018  258   4.68  58376.390   69.0  3.897e+01 
 170168  0.964  2  2018  258  21.23  58377.080   69.0  1.898e+01 
 170169  0.964  2  2018  258  21.74  58377.102   69.0  1.827e+01 
 170180  0.482  1  2018  259   3.01  58377.321   69.0  1.709e+01 
 170181  0.482  1  2018  259   3.53  58377.343   69.0  2.497e+01 
 170841  0.679  2  2018  272  21.61  58391.096   68.8  1.870e+01 
 170891  0.500  1  2018  273  22.91  58392.150   68.9  3.737e+01 
 170892  0.500  1  2018  273  23.21  58392.163   68.9  4.668e+01 
 170985  1.329  2  2018  275  21.76  58394.102   69.0  2.053e+01 
 170986  0.664  1  2018  275  22.48  58394.132   69.0  2.186e+01 
 170987  0.664  1  2018  275  22.83  58394.147   69.0  1.804e+01 
 170988  0.718  2  2018  275  23.34  58394.168   69.0  3.545e+01 
 170989  0.718  2  2018  275  23.77  58394.186   69.0  2.924e+01 
 171220  0.333  1  2018  280  19.39  58399.003   69.2  2.545e+01 
 171221  1.000  3  2018  280  19.77  58399.019   69.2  2.686e+01 
 171231  1.503  1  2018  281   0.72  58399.226   69.2  2.250e+01 
 171233  0.379  1  2018  281   1.88  58399.274   69.3  2.760e+01 
 171234  1.138  3  2018  281   2.29  58399.291   69.3  2.208e+01 
 171235  0.759  2  2018  281   2.89  58399.316   69.3  2.462e+01 
 171236  0.759  2  2018  281   3.30  58399.333   69.3  2.360e+01 
 171274  0.933  2  2018  281  22.30  58400.125   69.3  3.333e+01 
 171275  0.467  1  2018  281  22.68  58400.141   69.3  3.033e+01 
 171276  0.379  1  2018  281  23.23  58400.164   69.3  2.037e+01 
 171277  0.738  2  2018  281  23.81  58400.188   69.3  2.732e+01 
 171278  0.718  2  2018  282   0.31  58400.208   69.3  3.617e+01 
 171279  0.359  1  2018  282   0.62  58400.221   69.3  3.503e+01 
 171282  1.575  2  2018  282   2.25  58400.289   69.3  3.723e+01 
 171283  0.787  1  2018  282   2.95  58400.319   69.3  3.260e+01 
 171284  0.787  1  2018  282   3.37  58400.336   69.3  3.698e+01 
 171329  0.333  1  2018  283   1.89  58401.274   69.4  2.512e+01 
 171332  0.333  1  2018  283   3.49  58401.341   69.4  1.858e+01 
 171333  0.667  2  2018  283   3.78  58401.353   69.4  2.261e+01 
 171334  0.333  1  2018  283   4.07  58401.365   69.4  1.759e+01 
 171365  0.680  1  2018  283  19.93  58402.026   69.4  3.001e+01 
 171366  0.680  1  2018  283  20.31  58402.042   69.4  3.386e+01 
 171367  0.664  1  2018  283  20.84  58402.064   69.4  1.856e+01 
 171368  0.664  1  2018  283  21.18  58402.078   69.4  1.820e+01 
 171369  1.329  2  2018  283  21.81  58402.104   69.4  2.372e+01 
 171370  0.664  1  2018  283  22.43  58402.130   69.4  2.498e+01 
 171371  0.664  1  2018  283  22.78  58402.145   69.4  1.715e+01 
 171412  0.333  1  2018  284  19.33  58403.001   69.5  4.514e+01 
 171413  1.000  3  2018  284  19.71  58403.017   69.5  2.843e+01 
 171470  0.467  1  2018  286   0.41  58404.213   69.4  2.925e+01 
 171471  0.933  2  2018  286   0.79  58404.228   69.4  3.240e+01 
 171472  0.359  1  2018  286   1.33  58404.251   69.4  5.496e+01 
 171473  1.077  3  2018  286   1.75  58404.268   69.4  4.160e+01 
 171476  0.718  2  2018  286   3.35  58404.335   69.4  3.270e+01 
 171477  0.718  2  2018  286   3.77  58404.353   69.4  2.922e+01 
 171509  0.333  1  2018  286  19.81  58405.021   69.4  2.837e+01 
 171510  1.000  3  2018  286  20.20  58405.037   69.4  2.652e+01 
 171520  0.787  1  2018  287   1.44  58405.256   69.4  1.922e+01 
 171521  0.787  1  2018  287   1.85  58405.273   69.4  2.140e+01 
 171522  0.814  1  2018  287   2.44  58405.297   69.4  2.798e+01 
 171523  0.814  1  2018  287   2.88  58405.316   69.4  3.617e+01 
 171524  0.787  1  2018  287   3.48  58405.340   69.4  2.557e+01 
 171525  0.787  1  2018  287   3.89  58405.358   69.4  2.426e+01 
 171556  0.667  2  2018  287  19.40  58406.004   69.4  3.124e+01 
 171557  0.667  2  2018  287  19.79  58406.020   69.4  3.864e+01 
 171560  0.933  2  2018  287  21.15  58406.077   69.4  4.060e+01 
 171561  0.933  2  2018  287  21.72  58406.101   69.4  3.715e+01 
 171562  0.933  2  2018  287  22.30  58406.125   69.4  3.150e+01 
 171563  0.359  1  2018  287  22.88  58406.149   69.4  3.887e+01 
 171564  0.718  2  2018  287  23.20  58406.162   69.4  4.050e+01 
 171565  0.359  1  2018  287  23.51  58406.175   69.4  5.238e+01 
 171571  0.737  1  2018  288   2.69  58406.308   69.4  3.761e+01 
 171573  0.787  1  2018  288   3.85  58406.356   69.4  3.879e+01 
 171616  0.787  1  2018  289   1.21  58407.246   69.3  2.562e+01 
 171617  0.787  1  2018  289   1.62  58407.263   69.3  2.868e+01 
 171619  0.787  1  2018  289   2.74  58407.310   69.3  2.822e+01 
 171620  0.787  1  2018  289   3.15  58407.327   69.3  2.962e+01 
 171664  0.759  2  2018  290   1.40  58408.254   69.3  4.136e+01 
 171665  0.759  2  2018  290   1.80  58408.271   69.3  4.345e+01 
 171666  0.512  1  2018  290   2.38  58408.295   69.3  4.618e+01 
 171667  1.024  2  2018  290   2.80  58408.312   69.3  4.809e+01 
 171668  0.512  1  2018  290   3.23  58408.330   69.3  4.974e+01 
 171669  0.527  1  2018  290   3.68  58408.349   69.3  5.446e+01 
 171713  0.379  1  2018  291   1.83  58409.272   69.3  3.117e+01 
 171714  0.483  1  2018  291   2.35  58409.293   69.3  2.941e+01 
 171715  0.966  2  2018  291   2.74  58409.310   69.3  2.189e+01 
 171716  0.483  1  2018  291   3.12  58409.326   69.3  3.021e+01 
 172182  0.359  1  2018  300  20.45  58419.048   68.3  6.246e+01 
 172183  0.718  2  2018  300  20.76  58419.061   68.3  4.649e+01 
 172184  0.359  1  2018  300  21.08  58419.074   68.3  5.673e+01 
 172231  0.359  1  2018  301  20.81  58420.062   68.1  2.727e+01 
 172232  1.077  3  2018  301  21.23  58420.080   68.1  3.564e+01 
 172281  0.500  1  2018  302  21.73  58421.101   68.1  5.026e+01 
 172282  0.500  1  2018  302  22.03  58421.114   68.1  3.129e+01 
 172283  0.680  1  2018  302  22.63  58421.138   68.1  4.590e+01 
 172284  0.680  1  2018  302  23.01  58421.154   68.1  4.215e+01 
 172325  0.718  2  2018  303  19.89  58422.024   68.0  3.588e+01 
 172326  0.718  2  2018  303  20.31  58422.042   68.0  3.927e+01 
 172327  0.359  1  2018  303  20.82  58422.063   68.0  3.611e+01 
 172328  1.077  3  2018  303  21.24  58422.081   68.0  3.452e+01 
 172380  0.512  1  2018  304  23.35  58423.169   67.8  4.002e+01 
 172381  1.024  2  2018  304  23.77  58423.186   67.8  3.164e+01 
 172383  1.575  2  2018  305   0.72  58423.225   67.8  3.180e+01 
 172384  0.787  1  2018  305   1.42  58423.255   67.8  3.315e+01 
 172385  0.787  1  2018  305   1.83  58423.272   67.8  3.934e+01 
 172386  0.787  1  2018  305   2.32  58423.292   67.8  3.589e+01 
 172387  0.787  1  2018  305   2.73  58423.309   67.8  3.729e+01 
 172428  0.483  1  2018  305  23.45  58424.173   67.7  3.183e+01 
 172429  0.966  2  2018  305  23.84  58424.189   67.7  3.356e+01 
 172430  0.483  1  2018  306   0.22  58424.205   67.7  3.016e+01 
 172431  0.966  2  2018  306   0.85  58424.231   67.7  2.819e+01 
 172432  0.966  2  2018  306   1.36  58424.252   67.7  2.670e+01 
 172474  0.512  1  2018  306  22.36  58425.127   67.7  1.470e+01 
 172475  1.024  2  2018  306  22.78  58425.145   67.7  2.027e+01 
 172476  0.512  1  2018  306  23.20  58425.162   67.7  1.800e+01 
 172477  1.024  2  2018  306  23.75  58425.185   67.7  1.901e+01 
 172478  1.024  2  2018  307   0.31  58425.208   67.7  1.921e+01 
 172480  0.512  1  2018  307   1.43  58425.255   67.7  2.767e+01 
 172481  1.024  2  2018  307   1.85  58425.273   67.7  2.391e+01 
 172482  0.512  1  2018  307   2.27  58425.290   67.7  2.195e+01 
 172566  2.000  1  2018  308  20.38  58427.045   67.7  2.239e+01 
 172569  1.333  1  2018  308  21.87  58427.107   67.7  2.765e+01 
 172572  3.000  1  2018  308  23.17  58427.161   67.7  2.270e+01 
 172577  4.000  1  2018  309   1.97  58427.278   67.7  2.122e+01 
 172581  0.333  1  2018  309   3.93  58427.359   67.7  3.391e+01 
 172614  3.000  1  2018  309  20.33  58428.043   67.7  2.385e+01 
 172619  5.000  1  2018  309  22.92  58428.151   67.7  2.005e+01 
 172626  5.000  1  2018  310   2.17  58428.286   67.7  2.024e+01 
 172672  4.000  1  2018  311   1.06  58429.240   67.7  3.373e+01 
 172712  1.077  3  2018  311  21.22  58430.080   67.7  4.508e+01 
 172713  0.718  2  2018  311  21.81  58430.104   67.7  4.474e+01 
 172714  0.718  2  2018  311  22.30  58430.125   67.7  3.568e+01 
 172715  0.718  2  2018  311  22.78  58430.145   67.7  4.393e+01 
 172716  0.718  2  2018  311  23.26  58430.165   67.7  5.328e+01 
 172717  0.718  2  2018  311  23.75  58430.185   67.7  4.274e+01 
 172718  0.718  2  2018  312   0.24  58430.206   67.7  3.554e+01 
 172719  0.359  1  2018  312   0.56  58430.219   67.7  3.291e+01 
 172720  1.575  2  2018  312   1.24  58430.247   67.7  1.943e+01 
 172721  0.787  1  2018  312   1.99  58430.279   67.7  1.347e+01 
 172722  0.787  1  2018  312   2.40  58430.296   67.7  1.162e+01 
 172724  1.492  2  2018  312   3.22  58430.330   67.7  1.902e+01 
 172762  0.718  2  2018  312  22.26  58431.123   67.6  3.942e+01 
 172763  0.718  2  2018  312  22.68  58431.141   67.6  3.735e+01 
 172764  0.718  2  2018  312  23.22  58431.163   67.6  3.795e+01 
 172765  0.718  2  2018  312  23.64  58431.181   67.6  4.352e+01 
 172766  0.718  2  2018  313   0.19  58431.203   67.6  4.162e+01 
 172767  0.718  2  2018  313   0.61  58431.221   67.6  4.799e+01 
 172768  0.718  2  2018  313   1.19  58431.245   67.6  3.709e+01 
 172769  0.718  2  2018  313   1.61  58431.263   67.6  3.657e+01 
 172770  0.787  1  2018  313   2.15  58431.285   67.6  3.483e+01 
 172771  0.787  1  2018  313   2.56  58431.302   67.6  2.983e+01 
 172812  1.077  3  2018  313  23.27  58432.165   67.6  2.747e+01 
 172813  0.359  1  2018  313  23.69  58432.183   67.6  3.425e+01 
 172814  1.077  3  2018  314   0.22  58432.205   67.6  3.633e+01 
 172815  0.359  1  2018  314   0.64  58432.222   67.6  3.383e+01 
 172816  0.718  2  2018  314   1.21  58432.246   67.6  2.174e+01 
 172817  0.718  2  2018  314   1.63  58432.264   67.6  2.353e+01 
 172818  0.787  1  2018  314   2.15  58432.285   67.6  1.798e+01 
 172819  0.787  1  2018  314   2.57  58432.302   67.6  1.892e+01 
 172854  1.000  3  2018  314  20.20  58433.037   67.6  2.860e+01 
 172855  0.333  1  2018  314  20.58  58433.053   67.6  2.927e+01 
 172860  0.718  2  2018  314  23.22  58433.163   67.6  3.816e+01 
 172861  0.718  2  2018  314  23.64  58433.180   67.6  3.422e+01 
 172862  0.718  2  2018  315   0.24  58433.206   67.6  2.996e+01 
 172863  0.718  2  2018  315   0.66  58433.223   67.6  3.995e+01 
 172864  0.718  2  2018  315   1.20  58433.246   67.6  2.704e+01 
 172865  0.718  2  2018  315   1.62  58433.263   67.6  2.675e+01 
 172866  0.787  1  2018  315   2.14  58433.285   67.6  1.461e+01 
 172867  0.787  1  2018  315   2.55  58433.302   67.6  1.417e+01 
 172868  1.575  2  2018  315   3.26  58433.331   67.6  1.522e+01 
 172902  0.359  1  2018  315  20.47  58434.048   67.6  3.366e+01 
 172903  0.718  2  2018  315  20.78  58434.062   67.6  2.956e+01 
 172904  0.770  2  2018  315  21.28  58434.082   67.6  3.385e+01 
 172905  0.822  2  2018  315  21.79  58434.104   67.6  2.642e+01 
 172906  0.411  1  2018  315  22.15  58434.118   67.6  2.031e+01 
 172907  0.359  1  2018  315  22.52  58434.134   67.6  2.964e+01 
 172908  0.718  2  2018  315  23.19  58434.162   67.6  2.806e+01 
 172909  0.718  2  2018  315  23.61  58434.179   67.6  3.242e+01 
 172910  0.822  2  2018  316   0.19  58434.203   67.6  3.473e+01 
 172911  0.822  2  2018  316   0.66  58434.223   67.6  3.678e+01 
 172912  0.787  1  2018  316   1.24  58434.247   67.6  2.477e+01 
 172913  0.787  1  2018  316   1.65  58434.264   67.6  2.317e+01 
 172914  0.787  1  2018  316   2.18  58434.287   67.6  2.523e+01 
 172915  0.787  1  2018  316   2.60  58434.304   67.6  2.494e+01 
 172916  1.575  2  2018  316   3.25  58434.331   67.6  2.484e+01 
 172949  0.343  1  2018  316  19.96  58435.027   67.6  1.449e+01 
 172950  0.685  2  2018  316  20.25  58435.039   67.6  2.299e+01 
 172951  0.343  1  2018  316  20.54  58435.051   67.6  1.682e+01 
 172952  1.313  1  2018  316  21.28  58435.082   67.6  3.676e+01 
 172953  1.313  1  2018  316  21.95  58435.110   67.6  2.180e+01 
 172955  1.313  1  2018  316  22.89  58435.149   67.6  2.675e+01 
 172957  1.313  1  2018  316  23.56  58435.177   67.6  2.678e+01 
 172958  0.737  1  2018  317   0.33  58435.209   67.6  2.332e+01 
 172959  0.737  1  2018  317   0.71  58435.225   67.6  3.227e+01 
 172961  0.701  1  2018  317   1.55  58435.260   67.6  2.879e+01 
 172999  1.313  1  2018  317  20.66  58436.056   67.6  2.459e+01 
 173000  1.313  1  2018  317  21.33  58436.084   67.6  2.641e+01 
 173002  0.759  2  2018  317  22.34  58436.127   67.6  1.784e+01 
 173003  0.759  2  2018  317  22.75  58436.143   67.6  1.836e+01 
 173006  0.737  1  2018  318   0.41  58436.213   67.6  1.604e+01 
 173007  0.737  1  2018  318   0.80  58436.229   67.6  1.730e+01 
 173056  0.966  2  2018  319   1.30  58437.250   67.6  3.360e+01 
 173057  0.966  2  2018  319   1.82  58437.271   67.6  3.671e+01 
 173104  0.737  1  2018  320   1.49  58438.258   67.6  2.769e+01 
 173105  0.737  1  2018  320   1.87  58438.274   67.6  3.031e+01 
 173107  1.474  2  2018  320   2.74  58438.310   67.6  2.246e+01 
 173574  0.379  1  2018  329  20.30  58448.041   67.6  1.479e+01 
 173575  0.759  2  2018  329  20.60  58448.054   67.6  1.749e+01 
 173623  1.313  1  2018  330  20.70  58449.058   67.7  2.439e+01 
 173624  1.313  1  2018  330  21.37  58449.086   67.8  1.755e+01 
 173625  0.379  1  2018  330  21.94  58449.110   67.8  2.015e+01 
 173672  0.483  1  2018  331  21.47  58450.090   67.9  1.352e+01 
 173673  0.966  2  2018  331  21.85  58450.106   67.9  1.804e+01 
 173674  0.483  1  2018  331  22.24  58450.122   67.9  1.371e+01 
 173675  1.005  2  2018  331  22.76  58450.144   67.9  9.930e+00 
 173718  0.685  2  2018  332  20.34  58451.043   67.9  1.546e+01 
 173719  0.685  2  2018  332  20.72  58451.059   67.9  2.089e+01 
 173720  0.483  1  2018  332  21.31  58451.083   67.9  2.587e+01 
 173721  0.966  2  2018  332  21.70  58451.100   67.9  2.419e+01 
 173722  0.825  2  2018  332  22.23  58451.122   67.9  1.972e+01 
 173723  0.685  2  2018  332  22.72  58451.142   67.9  1.569e+01 
 173724  0.343  1  2018  332  23.01  58451.154   67.9  2.812e+01 
 174205  0.680  1  2018  342  23.66  58461.181   67.7  2.577e+01 
 174206  0.680  1  2018  343   0.04  58461.197   67.7  3.534e+01 
 174207  0.680  1  2018  343   0.92  58461.234   67.8  2.209e+01 
 174208  0.680  1  2018  343   1.30  58461.250   67.8  2.192e+01 
 174209  0.737  1  2018  343   1.89  58461.274   67.8  1.520e+01 
 174211  0.980  2  2018  343   2.69  58461.308   67.8  1.783e+01 
 174212  0.980  2  2018  343   3.23  58461.330   67.8  2.543e+01 
 174257  0.701  1  2018  344   1.60  58462.262   67.8  1.277e+01 
 174258  1.024  2  2018  344   2.23  58462.288   67.8  1.392e+01 
 174259  1.024  2  2018  344   2.79  58462.312   67.8  1.870e+01 
 174344  0.966  2  2018  345  21.13  58464.076   67.9  1.871e+01 
 174345  0.966  2  2018  345  21.65  58464.098   67.9  1.471e+01 
 174346  0.737  1  2018  345  22.27  58464.123   67.9  1.157e+01 
 174347  0.737  1  2018  345  22.65  58464.139   67.9  1.023e+01 
 174548  2.694  1  2018  350   3.15  58468.327   67.9  1.212e+01 
 174593  0.750  1  2018  351   1.62  58469.263   67.9  1.974e+01 
 174594  0.750  1  2018  351   2.02  58469.280   67.9  1.896e+01 
 174595  1.333  1  2018  351   2.70  58469.308   67.9  1.553e+01 
 174596  1.333  1  2018  351   3.40  58469.337   67.9  1.168e+01 
 174641  0.732  1  2018  352   1.90  58470.275   67.9  3.363e+01 
 174642  0.732  1  2018  352   2.32  58470.292   67.9  9.687e+00 
 175015  1.008  3  2018  359  20.77  58478.061   68.3  1.430e+01 
 175016  0.336  1  2018  359  21.19  58478.079   68.3  2.427e+01 
 175110  0.343  1  2018  361  20.40  58480.045   68.3  2.046e+01 
 175111  1.028  3  2018  361  20.78  58480.061   68.3  1.127e+01 
 175162  0.336  1  2018  362  22.39  58481.129   68.2  2.268e+01 
 175163  0.672  2  2018  362  22.71  58481.142   68.2  2.172e+01 
 175164  0.336  1  2018  362  23.03  58481.155   68.2  2.804e+01 
 175211  0.559  1  2018  363  22.84  58482.147   68.2  2.711e+01 
 175212  1.118  2  2018  363  23.34  58482.168   68.2  1.859e+01 
 175213  0.559  1  2018  363  23.83  58482.188   68.2  1.336e+01 
 175456  1.028  2  2019    4   1.34  58487.251   68.0  1.520e+01 
 175457  0.514  1  2019    4   1.78  58487.270   68.0  1.514e+01 
 175458  0.514  1  2019    4   2.08  58487.282   68.0  9.882e+00 
 175459  1.028  2  2019    4   2.74  58487.310   68.0  1.660e+01 
 175460  1.028  2  2019    4   3.33  58487.334   68.0  1.500e+01 
 175544  1.313  1  2019    5  21.21  58489.079   67.9  1.069e+01 
 175545  1.313  1  2019    5  21.88  58489.107   67.9  7.857e+00 
 175590  0.333  1  2019    6  20.44  58490.047   67.9  1.222e+01 
 175591  0.667  2  2019    6  20.73  58490.059   67.9  1.005e+01 
 175592  0.333  1  2019    6  21.02  58490.071   67.9  1.503e+01 
 175593  1.313  1  2019    6  21.94  58490.110   67.9  1.030e+01 
 175595  1.313  1  2019    6  22.62  58490.138   67.9  1.125e+01 
 175599  1.024  2  2019    7   0.68  58490.224   67.9  1.848e+01 
 175600  1.024  2  2019    7   1.24  58490.247   67.9  1.781e+01 
 175601  0.653  1  2019    7   1.87  58490.274   67.9  1.422e+01 
 175603  0.653  1  2019    7   2.56  58490.302   67.9  1.049e+01 
 175646  0.512  1  2019    8   0.37  58491.211   67.9  1.481e+01 
 175647  1.024  2  2019    8   0.79  58491.228   67.9  2.126e+01 
 175648  0.512  1  2019    8   1.21  58491.246   67.9  1.497e+01 
 175649  0.653  1  2019    8   1.64  58491.264   67.9  1.191e+01 
 175650  0.653  1  2019    8   2.33  58491.293   67.9  1.181e+01 
 175651  0.487  1  2019    8   2.74  58491.310   67.9  9.404e+00 
 175652  0.487  1  2019    8   3.26  58491.331   67.9  9.944e+00 
 175688  1.313  1  2019    8  21.17  58492.078   67.9  9.883e+00 
 175689  1.313  1  2019    8  21.84  58492.106   67.9  8.154e+00 
 175691  1.313  1  2019    8  22.66  58492.140   67.9  9.283e+00 
 175692  1.313  1  2019    8  23.33  58492.168   67.9  1.061e+01 
 175694  1.474  2  2019    9   0.23  58492.205   67.9  1.093e+01 
 175696  0.807  1  2019    9   1.09  58492.241   67.9  1.794e+01 
 175697  0.807  1  2019    9   1.52  58492.259   67.9  2.015e+01 
 175698  1.613  2  2019    9   2.25  58492.290   67.9  1.853e+01 
 175700  1.613  2  2019    9   3.23  58492.330   67.9  1.709e+01 
 175735  0.737  1  2019    9  20.76  58493.060   68.0  3.814e+00 
 175736  0.737  1  2019    9  21.14  58493.076   68.0  2.990e+00 
 175737  0.500  1  2019    9  21.74  58493.101   68.0  9.502e+00 
 175738  0.500  1  2019    9  22.01  58493.113   68.0  8.053e+00 
 175748  0.807  1  2019   10   3.10  58493.325   68.0  1.394e+01 
 175749  0.807  1  2019   10   3.54  58493.343   68.0  1.224e+01 
 175793  0.807  1  2019   11   1.84  58494.272   68.1  1.351e+01 
 175794  0.807  1  2019   11   2.27  58494.290   68.1  1.079e+01 
 175831  0.711  2  2019   11  20.69  58495.058   68.2  2.609e+01 
 175832  0.689  1  2019   11  21.19  58495.078   68.3  1.122e+01 
 175833  0.689  1  2019   11  21.55  58495.093   68.3  1.457e+01 
 175834  0.689  1  2019   11  22.38  58495.128   68.3  1.234e+01 
 175835  0.689  1  2019   11  22.74  58495.143   68.3  1.536e+01 
 175836  0.689  1  2019   11  23.19  58495.162   68.3  1.871e+01 
 175837  1.211  2  2019   11  23.73  58495.184   68.3  1.172e+01 
 175838  0.522  1  2019   12   0.25  58495.206   68.3  1.116e+01 
 175840  0.689  1  2019   12   1.45  58495.256   68.3  1.415e+01 
 175841  0.689  1  2019   12   1.81  58495.271   68.3  1.844e+01 
 175842  0.689  1  2019   12   2.24  58495.289   68.3  1.790e+01 
 175843  0.689  1  2019   12   2.60  58495.304   68.3  1.485e+01 
 175844  1.378  2  2019   12   3.24  58495.331   68.3  1.892e+01 
 175845  0.711  2  2019   12   3.90  58495.358   68.3  2.439e+01 
 175878  0.378  1  2019   12  20.33  58496.043   68.5  2.717e+01 
 175879  0.689  1  2019   12  20.73  58496.059   68.5  9.205e+00 
 175880  0.689  1  2019   12  21.09  58496.074   68.5  1.315e+01 
 175881  1.067  2  2019   12  21.84  58496.105   68.5  1.495e+01 
 175882  0.689  1  2019   12  22.34  58496.126   68.5  1.148e+01 
 175883  0.689  1  2019   12  22.82  58496.146   68.5  1.892e+01 
 175884  0.689  1  2019   12  23.17  58496.161   68.5  1.230e+01 
 175885  0.689  1  2019   12  23.66  58496.182   68.5  1.859e+01 
 175886  0.689  1  2019   13   0.02  58496.197   68.5  1.625e+01 
 175887  1.378  2  2019   13   0.70  58496.225   68.5  1.274e+01 
 175888  0.689  1  2019   13   1.31  58496.250   68.5  1.658e+01 
 175889  0.689  1  2019   13   1.67  58496.265   68.5  9.872e+00 
 175890  1.378  2  2019   13   2.28  58496.291   68.5  9.612e+00 
 175891  0.689  1  2019   13   2.88  58496.316   68.5  1.074e+01 
 175892  0.689  1  2019   13   3.24  58496.331   68.6  1.210e+01 
 175893  0.711  2  2019   13   3.74  58496.352   68.6  1.668e+01 
 175926  0.356  1  2019   13  20.28  58497.040   68.7  8.401e+00 
 175927  0.711  2  2019   13  20.65  58497.056   68.7  2.301e+01 
 175928  0.356  1  2019   13  21.38  58497.087   68.7  7.578e+00 
 175929  0.711  2  2019   13  21.72  58497.101   68.7  1.892e+01 
 175930  0.711  2  2019   13  22.21  58497.121   68.7  2.115e+01 
 175932  1.000  2  2019   13  23.20  58497.162   68.8  1.769e+01 
 175933  1.067  1  2019   13  23.75  58497.185   68.8  1.841e+01 
 175935  0.689  1  2019   14   0.76  58497.227   68.8  2.142e+01 
 175936  0.689  1  2019   14   1.12  58497.242   68.8  1.558e+01 
 175937  1.378  2  2019   14   1.76  58497.269   68.8  2.060e+01 
 175939  0.689  1  2019   14   2.79  58497.312   68.8  1.974e+01 
 175940  0.689  1  2019   14   3.15  58497.327   68.8  1.812e+01 
 175941  0.689  1  2019   14   3.77  58497.353   68.8  2.316e+01 
 175942  0.689  1  2019   14   4.13  58497.368   68.8  1.995e+01 
 175982  0.804  1  2019   15   0.42  58498.213   69.0  1.822e+01 
 176032  1.044  2  2019   16   1.22  58499.247   69.0  2.592e+01 
 176082  0.680  1  2019   17   2.39  58500.295   69.0  1.313e+01 
 176083  0.680  1  2019   17   2.77  58500.311   69.0  1.640e+01 
 176084  0.680  1  2019   17   3.27  58500.332   69.0  1.762e+01 
 176085  0.680  1  2019   17   3.65  58500.348   69.0  1.581e+01 
 176503  0.343  1  2019   25  20.87  58509.065   69.1  1.445e+01 
 176504  1.028  3  2019   25  21.25  58509.081   69.1  1.682e+01 
 176606  1.011  1  2019   28   0.36  58511.211   69.2  2.456e+01 
 177087  0.807  1  2019   38   0.65  58521.223   69.6  2.517e+01 
 177088  0.807  1  2019   38   1.09  58521.241   69.6  2.221e+01 
 177089  0.672  1  2019   38   1.76  58521.269   69.6  1.726e+01 
 177235  0.807  1  2019   41   2.70  58524.308   69.2  1.515e+01 
 177236  0.807  1  2019   41   3.13  58524.326   69.2  1.852e+01 
 177271  1.333  2  2019   41  20.80  58525.062   69.1  1.271e+01 
 177272  0.343  1  2019   41  21.38  58525.087   69.1  2.398e+01 
 177273  1.030  3  2019   41  21.76  58525.102   69.1  2.196e+01 
 177284  1.344  1  2019   42   3.33  58525.334   69.1  2.492e+01 
 177990  0.343  1  2019   56  20.39  58540.045   69.3  1.620e+01 
 177991  1.030  3  2019   56  20.77  58540.061   69.3  2.644e+01 
 177992  0.343  1  2019   56  21.44  58540.089   69.3  1.343e+01 
 177993  0.687  2  2019   56  21.72  58540.101   69.3  2.566e+01 
 177994  0.343  1  2019   56  22.01  58540.112   69.3  1.869e+01 
 178137  0.411  1  2019   59  21.92  58543.109   69.4  3.102e+01 
 178138  0.822  2  2019   59  22.27  58543.124   69.4  3.164e+01 
 178139  0.822  2  2019   59  22.81  58543.146   69.4  1.515e+01 
 178140  0.822  2  2019   59  23.34  58543.168   69.4  3.763e+01 
 178141  0.411  1  2019   59  23.69  58543.183   69.4  2.704e+01 
 178142  0.718  2  2019   60   0.21  58543.204   69.4  3.044e+01 
 178143  0.718  2  2019   60   0.63  58543.222   69.4  2.906e+01 
 178144  1.077  3  2019   60   1.28  58543.249   69.4  1.940e+01 
 178145  0.359  1  2019   60   1.70  58543.267   69.4  2.792e+01 
 178182  0.698  2  2019   60  20.23  58544.039   69.4  2.882e+01 
 178183  1.047  3  2019   60  20.72  58544.059   69.4  2.831e+01 
 178184  0.349  1  2019   60  21.11  58544.075   69.4  2.730e+01 
 178185  1.047  3  2019   60  21.78  58544.103   69.4  2.536e+01 
 178186  0.698  2  2019   60  22.27  58544.124   69.4  3.157e+01 
 178187  0.349  1  2019   60  22.56  58544.136   69.4  2.276e+01 
 178188  0.349  1  2019   60  23.32  58544.167   69.4  2.854e+01 
 178189  1.047  3  2019   60  23.71  58544.183   69.4  2.203e+01 
 178190  0.698  2  2019   61   0.19  58544.204   69.4  2.350e+01 
 178191  1.047  3  2019   61   0.79  58544.229   69.4  2.390e+01 
 178192  0.698  2  2019   61   1.28  58544.249   69.4  1.246e+01 
 178193  0.698  2  2019   61   1.71  58544.267   69.4  1.690e+01 
 178194  1.047  3  2019   61   2.24  58544.289   69.4  1.672e+01 
 178195  0.698  2  2019   61   2.73  58544.309   69.4  2.202e+01 
 178197  1.047  3  2019   61   3.79  58544.354   69.4  2.198e+01 
 178198  0.698  2  2019   61   4.28  58544.374   69.4  1.514e+01 
 178199  0.349  1  2019   61   4.57  58544.386   69.4  1.379e+01 
 178229  0.698  2  2019   61  19.83  58545.022   69.4  2.247e+01 
 178231  1.047  3  2019   61  20.70  58545.058   69.4  2.179e+01 
 178232  1.047  3  2019   61  21.28  58545.082   69.4  2.490e+01 
 178233  0.349  1  2019   61  21.94  58545.110   69.4  3.121e+01 
 178234  0.698  2  2019   61  22.23  58545.122   69.4  2.285e+01 
 178235  1.047  3  2019   61  22.72  58545.142   69.4  2.808e+01 
 178236  0.698  2  2019   61  23.33  58545.167   69.4  2.800e+01 
 178237  0.698  2  2019   61  23.71  58545.184   69.4  2.611e+01 
 178238  0.698  2  2019   62   0.10  58545.200   69.4  3.127e+01 
 178239  0.698  2  2019   62   0.72  58545.225   69.4  2.894e+01 
 178240  1.047  3  2019   62   1.20  58545.246   69.4  2.054e+01 
 178241  0.698  2  2019   62   1.74  58545.268   69.4  2.247e+01 
 178242  1.047  3  2019   62   2.29  58545.291   69.4  1.999e+01 
 178243  0.698  2  2019   62   2.77  58545.311   69.4  1.735e+01 
 178245  0.698  2  2019   62   3.76  58545.352   69.4  3.555e+01 
 178246  0.349  1  2019   62   4.34  58545.376   69.4  9.241e+00 
 178247  0.349  1  2019   62   4.73  58545.393   69.4  1.476e+01 
 178277  0.349  1  2019   62  19.85  58546.023   69.4  2.298e+01 
 178278  1.047  3  2019   62  20.24  58546.039   69.4  2.440e+01 
 178279  0.698  2  2019   62  20.73  58546.059   69.4  2.927e+01 
 178280  0.698  2  2019   62  21.26  58546.081   69.4  4.831e+01 
 178281  1.047  3  2019   62  21.74  58546.101   69.4  2.896e+01 
 178282  0.349  1  2019   62  22.13  58546.118   69.4  2.214e+01 
 178283  0.698  2  2019   62  22.82  58546.147   69.4  2.612e+01 
 178284  0.698  2  2019   62  23.21  58546.163   69.4  3.060e+01 
 178285  1.047  3  2019   62  23.73  58546.184   69.4  2.790e+01 
 178286  0.698  2  2019   63   0.27  58546.207   69.4  2.690e+01 
 178287  1.047  3  2019   63   0.76  58546.227   69.4  2.432e+01 
 178290  0.698  2  2019   63   2.22  58546.288   69.4  2.512e+01 
 178291  0.349  1  2019   63   2.81  58546.313   69.4  2.658e+01 
 178292  0.349  1  2019   63   3.35  58546.335   69.4  2.126e+01 
 178293  0.349  1  2019   63   3.74  58546.351   69.4  2.321e+01 
 178294  0.349  1  2019   63   4.13  58546.367   69.4  2.197e+01 
 178295  0.349  1  2019   63   4.53  58546.384   69.4  2.873e+01 
 178325  0.698  2  2019   63  19.85  58547.023   69.4  2.869e+01 
 178326  0.698  2  2019   63  20.24  58547.039   69.4  2.996e+01 
 178327  0.698  2  2019   63  20.71  58547.058   69.4  3.008e+01 
 178328  1.047  3  2019   63  21.27  58547.082   69.4  2.259e+01 
 178329  0.698  2  2019   63  21.76  58547.102   69.4  2.832e+01 
 178331  0.698  2  2019   63  22.87  58547.148   69.4  4.514e+01 
 178332  0.698  2  2019   63  23.26  58547.165   69.4  2.104e+01 
 178333  0.698  2  2019   63  23.80  58547.187   69.4  2.230e+01 
 178334  1.047  3  2019   64   0.29  58547.208   69.4  2.963e+01 
 178335  0.349  1  2019   64   0.68  58547.224   69.4  3.769e+01 
 178336  0.698  2  2019   64   1.31  58547.250   69.4  2.585e+01 
 178337  1.047  3  2019   64   1.79  58547.270   69.4  1.993e+01 
 178338  0.349  1  2019   64   2.18  58547.286   69.4  2.345e+01 
 178339  0.698  2  2019   64   2.82  58547.313   69.4  3.293e+01 
 178340  0.698  2  2019   64   3.21  58547.329   69.4  3.260e+01 
 178341  0.698  2  2019   64   3.60  58547.346   69.4  3.460e+01 
 178342  1.047  3  2019   64   4.20  58547.371   69.4  2.563e+01 
 178343  0.698  2  2019   64   4.69  58547.391   69.4  3.278e+01 
 178373  0.349  1  2019   64  19.82  58548.021   69.4  1.479e+01 
 178374  1.047  3  2019   64  20.21  58548.038   69.4  2.164e+01 
 178375  0.698  2  2019   64  20.69  58548.058   69.4  1.886e+01 
 178376  0.698  2  2019   64  21.26  58548.081   69.4  2.983e+01 
 178377  1.047  3  2019   64  21.74  58548.101   69.4  2.989e+01 
 178378  0.349  1  2019   64  22.13  58548.118   69.4  3.837e+01 
 178379  0.698  2  2019   64  22.78  58548.145   69.4  4.577e+01 
 178380  1.047  3  2019   64  23.27  58548.165   69.4  5.033e+01 
 178381  0.349  1  2019   64  23.66  58548.181   69.4  3.620e+01 
 178382  1.047  3  2019   65   0.23  58548.205   69.4  4.535e+01 
 178383  0.698  2  2019   65   0.71  58548.225   69.4  4.422e+01 
 178384  0.349  1  2019   65   1.00  58548.237   69.4  5.479e+01 
 178385  0.698  2  2019   65   1.75  58548.268   69.4  5.320e+01 
 178386  1.047  3  2019   65   2.23  58548.289   69.4  3.303e+01 
 178387  0.349  1  2019   65   2.62  58548.305   69.4  3.178e+01 
 178388  0.349  1  2019   65   3.22  58548.330   69.4  4.132e+01 
 178389  0.349  1  2019   65   3.61  58548.346   69.4  3.726e+01 
 178390  0.698  2  2019   65   4.20  58548.371   69.4  3.549e+01 
 178391  0.349  1  2019   65   4.79  58548.395   69.4  3.035e+01 
 178421  0.349  1  2019   65  19.90  58549.025   69.5  2.746e+01 
 178422  1.047  3  2019   65  20.29  58549.041   69.5  3.238e+01 
 178423  0.698  2  2019   65  20.78  58549.061   69.5  3.790e+01 
 178424  0.698  2  2019   65  21.32  58549.084   69.5  3.682e+01 
 178425  0.698  2  2019   65  21.71  58549.100   69.5  3.744e+01 
 178426  0.698  2  2019   65  22.10  58549.116   69.5  2.477e+01 
 178427  0.698  2  2019   65  22.82  58549.146   69.5  3.196e+01 
 178428  1.047  3  2019   65  23.30  58549.167   69.5  3.149e+01 
 178429  0.349  1  2019   65  23.69  58549.183   69.5  3.356e+01 
 178430  1.047  3  2019   66   0.23  58549.205   69.5  3.142e+01 
 178431  0.698  2  2019   66   0.72  58549.225   69.5  2.881e+01 
 178432  0.349  1  2019   66   1.01  58549.238   69.5  2.668e+01 
 178433  0.349  1  2019   66   1.85  58549.273   69.5  2.303e+01 
 178434  1.047  3  2019   66   2.24  58549.289   69.5  2.241e+01 
 178435  0.698  2  2019   66   2.73  58549.309   69.5  3.542e+01 
 178436  0.349  1  2019   66   3.20  58549.329   69.5  2.925e+01 
 178437  0.698  2  2019   66   3.78  58549.353   69.5  3.103e+01 
 178438  0.349  1  2019   66   4.37  58549.378   69.6  2.887e+01 
 178439  0.349  1  2019   66   4.76  58549.394   69.6  2.560e+01 
 178470  0.500  1  2019   66  20.33  58550.043   69.7  2.302e+01 
 178471  1.000  2  2019   66  20.74  58550.060   69.8  2.114e+01 
 178472  0.500  1  2019   66  21.15  58550.077   69.8  1.928e+01 
 178473  1.024  2  2019   66  21.73  58550.101   69.8  2.403e+01 
 178474  1.024  2  2019   66  22.29  58550.124   69.8  2.426e+01 
 178475  0.512  1  2019   66  22.82  58550.147   69.8  2.131e+01 
 178476  1.024  2  2019   66  23.25  58550.164   69.8  2.279e+01 
 178477  0.512  1  2019   66  23.67  58550.182   69.8  1.976e+01 
 178526  0.664  1  2019   68   0.16  58551.202   70.2  1.153e+01 
 178527  0.664  1  2019   68   0.50  58551.217   70.2  1.397e+01 
 178530  1.527  1  2019   68   2.06  58551.281   70.2  1.400e+01 
 178531  0.639  1  2019   68   2.80  58551.312   70.3  6.751e+00 
 178532  0.639  1  2019   68   3.13  58551.326   70.3  1.135e+01 
 178569  0.349  1  2019   68  21.84  58552.105   70.6  3.770e+01 
 178570  1.047  3  2019   68  22.23  58552.122   70.6  3.619e+01 
 178571  0.698  2  2019   68  22.71  58552.142   70.6  3.700e+01 
 178573  1.527  1  2019   68  23.61  58552.179   70.6  1.967e+01 
 178575  1.527  1  2019   69   0.52  58552.217   70.6  1.490e+01 
 178576  1.527  1  2019   69   1.43  58552.255   70.7  1.424e+01 
 178578  1.527  1  2019   69   2.34  58552.293   70.7  1.825e+01 
 178662  2.028  1  2019   70  20.09  58554.033   71.1  2.288e+01 
 178664  2.028  1  2019   70  21.29  58554.082   71.1  2.108e+01 
 178710  2.028  1  2019   71  20.15  58555.035   71.1  2.304e+01 
 178864  1.361  1  2019   75   1.16  58558.244   71.1  2.800e+01 
 178865  1.028  1  2019   75   1.91  58558.275   71.1  2.438e+01 
 178867  0.694  1  2019   75   2.51  58558.300   71.1  2.888e+01 
 178868  1.028  1  2019   75   3.12  58558.326   71.1  2.948e+01 
 178869  1.028  1  2019   75   3.72  58558.350   71.1  3.394e+01 
 178870  1.361  1  2019   75   4.48  58558.382   71.1  2.811e+01 
 178916  0.746  1  2019   76   3.10  58559.325   71.1  3.023e+01 
 178917  0.746  1  2019   76   3.52  58559.342   71.1  2.946e+01 
 179188  0.500  1  2019   81  19.44  58565.005   71.1  3.507e+01 
 179286  0.667  2  2019   83  20.36  58567.044   71.3  2.633e+01 
 179287  0.520  1  2019   83  20.87  58567.065   71.3  3.500e+01 
 179382  1.024  2  2019   85  20.26  58569.040   71.9  3.605e+01 
 179383  1.024  2  2019   85  20.82  58569.063   71.9  3.138e+01 
 179384  0.512  1  2019   85  21.35  58569.085   72.0  3.148e+01 
 179385  1.024  2  2019   85  21.77  58569.103   72.0  3.390e+01 
 179386  0.512  1  2019   85  22.19  58569.120   72.0  3.390e+01 
 179482  0.491  1  2019   87  22.46  58571.131   72.7  2.804e+01 
 179483  0.982  2  2019   87  22.86  58571.148   72.7  3.223e+01 
 179484  0.491  1  2019   87  23.26  58571.165   72.7  3.062e+01 
 179487  1.527  1  2019   88   0.79  58571.229   72.7  1.917e+01 
 179577  0.664  1  2019   89  21.88  58573.107   73.4  3.784e+01 
 179578  0.664  1  2019   89  22.23  58573.122   73.4  3.340e+01 
 179579  0.698  2  2019   89  22.75  58573.143   73.4  4.318e+01 
 179580  1.047  3  2019   89  23.24  58573.164   73.4  4.300e+01 
 179581  0.349  1  2019   89  23.63  58573.180   73.4  3.638e+01 
 179722  0.522  1  2019   92  22.21  58576.121   74.1  2.673e+01 
 179723  1.044  2  2019   92  22.66  58576.140   74.1  3.047e+01 
 179724  0.522  1  2019   92  23.12  58576.159   74.1  4.099e+01 
 179861  0.778  1  2019   95  19.99  58579.028   73.7  4.516e+01 
 179862  0.778  1  2019   95  20.41  58579.046   73.7  3.992e+01 
 179864  0.664  1  2019   95  21.24  58579.081   73.7  4.720e+01 
 179865  0.664  1  2019   95  21.59  58579.095   73.7  3.668e+01 
 179878  0.522  1  2019   96   4.01  58579.363   73.6  5.690e+01 
 179959  0.791  1  2019   97  20.66  58581.056   73.3  4.059e+01 
 179960  0.791  1  2019   97  21.10  58581.075   73.3  4.317e+01 
 179961  0.664  1  2019   97  21.90  58581.108   73.3  3.032e+01 
 179962  0.664  1  2019   97  22.25  58581.123   73.3  3.419e+01 
 179963  0.664  1  2019   97  22.74  58581.143   73.3  3.060e+01 
 179964  0.664  1  2019   97  23.09  58581.158   73.3  3.016e+01 
 179966  1.329  2  2019   98   0.20  58581.204   73.3  2.718e+01 
 179967  0.664  1  2019   98   0.72  58581.225   73.3  2.812e+01 
 179969  0.664  1  2019   98   1.89  58581.274   73.3  2.426e+01 
 179970  0.664  1  2019   98   2.24  58581.289   73.3  2.537e+01 
 179971  1.329  2  2019   98   2.76  58581.310   73.3  2.888e+01 
 179974  0.664  1  2019   98   4.24  58581.372   73.3  4.529e+01 
 179975  0.664  1  2019   98   4.58  58581.387   73.3  4.908e+01 
 180011  0.822  2  2019   98  22.68  58582.140   73.3  4.741e+01 
 180012  1.076  2  2019   98  23.30  58582.167   73.3  3.280e+01 
 180013  0.664  1  2019   98  23.82  58582.188   73.3  2.528e+01 
 180014  0.664  1  2019   99   0.17  58582.202   73.3  2.192e+01 
 180015  0.664  1  2019   99   0.51  58582.217   73.3  2.412e+01 
 180016  0.664  1  2019   99   1.41  58582.254   73.3  2.287e+01 
 180017  0.664  1  2019   99   1.76  58582.269   73.3  2.055e+01 
 180018  1.329  2  2019   99   2.28  58582.290   73.3  2.418e+01 
 180062  0.664  1  2019  100   0.44  58583.214   73.4  3.122e+01 
 180063  0.664  1  2019  100   0.79  58583.228   73.4  3.639e+01 
 180064  1.329  2  2019  100   1.31  58583.250   73.4  3.691e+01 
 180071  1.446  1  2019  100   4.55  58583.385   73.4  5.325e+01 
 180112  0.664  1  2019  101   1.17  58584.244   73.4  3.811e+01 
 180113  1.329  2  2019  101   1.69  58584.266   73.4  3.769e+01 
 180114  0.664  1  2019  101   2.21  58584.287   73.4  3.373e+01 
 180115  0.664  1  2019  101   2.71  58584.308   73.4  3.319e+01 
 180116  1.329  2  2019  101   3.22  58584.330   73.4  2.324e+01 
 180117  0.664  1  2019  101   3.74  58584.352   73.4  1.878e+01 
 180118  0.664  1  2019  101   4.25  58584.373   73.4  2.473e+01 
 180119  0.664  1  2019  101   4.59  58584.387   73.4  2.495e+01 
 180159  1.044  2  2019  102   0.74  58585.226   73.5  4.537e+01 
 180160  1.044  2  2019  102   1.34  58585.251   73.5  3.856e+01 
 180207  0.664  1  2019  103   0.75  58586.227   73.4  2.958e+01 
 180208  1.329  2  2019  103   1.27  58586.248   73.4  2.679e+01 
 180209  0.664  1  2019  103   1.79  58586.270   73.4  2.795e+01 
 180211  0.664  1  2019  103   2.77  58586.311   73.4  2.935e+01 
 180212  1.329  2  2019  103   3.29  58586.332   73.4  2.647e+01 
 180213  0.664  1  2019  103   3.80  58586.354   73.4  2.894e+01 
 180918  0.731  2  2019  117  20.15  58601.035   72.6  4.640e+01 
 180919  0.793  1  2019  117  20.68  58601.057   72.6  4.007e+01 
 180920  0.793  1  2019  117  21.09  58601.074   72.6  4.264e+01 
 180922  0.661  1  2019  117  22.20  58601.121   72.6  4.988e+01 
 180923  0.661  1  2019  117  22.55  58601.135   72.6  4.830e+01 
 180935  0.433  1  2019  118   4.81  58601.396   72.7  4.221e+01 
 180936  0.433  1  2019  118   5.04  58601.405   72.7  3.656e+01 
 180963  0.470  1  2019  118  18.87  58601.982   72.7  4.362e+01 
 180964  0.470  1  2019  118  19.12  58601.992   72.7  4.898e+01 
 180965  0.664  1  2019  118  19.87  58602.024   72.7  4.737e+01 
 180966  0.444  1  2019  118  20.32  58602.042   72.8  4.425e+01 
 180975  0.906  1  2019  119   0.99  58602.237   72.8  3.909e+01 
 180978  1.372  1  2019  119   2.16  58602.286   72.8  3.055e+01 
 180979  0.383  1  2019  119   2.76  58602.311   72.8  4.331e+01 
 180980  0.765  1  2019  119   3.21  58602.329   72.8  3.761e+01 
 180981  0.675  1  2019  119   3.69  58602.349   72.8  2.796e+01 
 180982  0.675  1  2019  119   4.04  58602.364   72.8  3.546e+01 
 180983  1.328  2  2019  119   4.73  58602.393   72.8  3.212e+01 
 181018  1.613  2  2019  119  22.28  58603.124   72.8  3.253e+01 
 181021  0.664  1  2019  119  23.76  58603.185   72.8  2.518e+01 
 181022  1.329  2  2019  120   0.28  58603.207   72.8  1.998e+01 
 181023  0.664  1  2019  120   0.79  58603.229   72.8  1.916e+01 
 181024  0.664  1  2019  120   1.36  58603.252   72.8  2.794e+01 
 181025  0.664  1  2019  120   1.71  58603.267   72.8  2.995e+01 
 181026  1.329  2  2019  120   2.22  58603.288   72.8  3.021e+01 
 181027  0.379  1  2019  120   2.82  58603.313   72.8  3.114e+01 
 181028  0.759  2  2019  120   3.23  58603.330   72.8  3.494e+01 
 181073  1.329  2  2019  121   1.80  58604.271   72.8  3.513e+01 
 181074  0.664  1  2019  121   2.32  58604.292   72.8  3.307e+01 
 181075  0.664  1  2019  121   2.67  58604.307   72.8  3.788e+01 
 181108  1.077  3  2019  121  19.28  58604.999   72.8  5.450e+01 
 181109  0.359  1  2019  121  19.70  58605.016   72.8  4.903e+01 
 181112  0.807  1  2019  121  21.38  58605.086   72.8  2.749e+01 
 181113  0.807  1  2019  121  21.81  58605.104   72.8  2.975e+01 
 181114  0.681  1  2019  121  22.34  58605.126   72.8  2.587e+01 
 181115  0.681  1  2019  121  22.72  58605.142   72.8  3.416e+01 
 181116  0.664  1  2019  121  23.45  58605.173   72.8  3.500e+01 
 181117  0.664  1  2019  121  23.80  58605.187   72.8  3.278e+01 
 181118  1.329  2  2019  122   0.32  58605.209   72.8  3.458e+01 
 181120  1.329  2  2019  122   1.21  58605.246   72.8  3.389e+01 
 181124  0.681  1  2019  122   3.49  58605.341   72.8  4.556e+01 
 181125  0.681  1  2019  122   3.87  58605.357   72.8  5.193e+01 
 181160  0.807  1  2019  122  21.18  58606.078   72.9  4.590e+01 
 181161  0.807  1  2019  122  21.61  58606.096   72.9  5.317e+01 
 181163  0.664  1  2019  122  22.96  58606.152   72.9  3.320e+01 
 181164  0.664  1  2019  122  23.30  58606.167   72.9  3.114e+01 
 181165  1.329  2  2019  122  23.82  58606.188   72.9  3.169e+01 
 181167  1.329  2  2019  123   0.74  58606.226   72.9  3.473e+01 
 181168  0.664  1  2019  123   1.25  58606.248   72.9  3.693e+01 
 181169  0.664  1  2019  123   1.60  58606.262   72.9  4.028e+01 
 181170  1.478  1  2019  123   2.31  58606.292   72.9  5.023e+01 
 181172  1.492  2  2019  123   3.29  58606.332   72.9  5.483e+01 
 181173  0.379  1  2019  123   4.00  58606.362   72.9  6.397e+01 
 181174  0.759  2  2019  123   4.30  58606.375   72.9  5.735e+01 
 181175  0.379  1  2019  123   4.60  58606.387   72.9  4.677e+01 
 181206  0.681  1  2019  123  20.40  58607.046   72.9  3.756e+01 
 181207  0.681  1  2019  123  20.78  58607.062   72.9  3.472e+01 
 181208  0.681  1  2019  123  21.24  58607.081   72.9  3.219e+01 
 181209  0.681  1  2019  123  21.63  58607.097   72.9  2.803e+01 
 181210  0.791  1  2019  123  22.37  58607.128   73.0  2.442e+01 
 181214  0.664  1  2019  124   0.28  58607.207   73.0  2.498e+01 
 181215  1.329  2  2019  124   0.80  58607.229   73.0  1.985e+01 
 181216  0.664  1  2019  124   1.31  58607.250   73.0  2.648e+01 
 181218  0.681  1  2019  124   2.29  58607.291   73.0  4.483e+01 
 181219  0.681  1  2019  124   2.67  58607.307   73.0  4.211e+01 
 181220  0.681  1  2019  124   3.14  58607.326   73.0  4.716e+01 
 181221  0.681  1  2019  124   3.52  58607.342   73.0  3.396e+01 
 181252  0.411  1  2019  124  19.08  58607.991   73.1  7.280e+01 
 181253  0.822  2  2019  124  19.67  58608.015   73.1  8.833e+01 
 182020  0.667  1  2019  140  19.04  58623.989   72.8  3.667e+01 
 182117  1.077  3  2019  142  19.73  58626.018   72.3  3.360e+01 
 182118  0.359  1  2019  142  20.15  58626.035   72.3  2.771e+01 
 182119  0.444  1  2019  142  20.66  58626.056   72.3  1.982e+01 
 182164  0.359  1  2019  143  19.31  58627.000   72.1  3.321e+01 
 182165  1.077  3  2019  143  19.74  58627.018   72.1  3.067e+01 
 182166  0.514  1  2019  143  20.31  58627.042   72.1  2.299e+01 
 182167  1.029  2  2019  143  20.73  58627.059   72.1  2.045e+01 
 182168  0.514  1  2019  143  21.16  58627.077   72.1  1.962e+01 
 182169  0.333  1  2019  143  21.65  58627.098   72.1  2.846e+01 
 182211  0.359  1  2019  144  18.87  58627.982   71.8  3.704e+01 
 182212  1.077  3  2019  144  19.29  58627.999   71.8  4.183e+01 
 182259  1.481  2  2019  145  18.74  58628.976   71.5  3.091e+01 
 182260  0.741  1  2019  145  19.45  58629.006   71.5  3.410e+01 
 182261  0.741  1  2019  145  19.84  58629.022   71.5  3.462e+01 
 182262  0.459  1  2019  145  20.26  58629.040   71.5  2.626e+01 
 182263  0.918  2  2019  145  20.67  58629.057   71.5  3.343e+01 
 182264  0.459  1  2019  145  21.08  58629.074   71.5  3.292e+01 
 182265  0.929  1  2019  145  21.58  58629.095   71.5  1.914e+01 
 182266  0.929  1  2019  145  22.06  58629.115   71.5  1.733e+01 
 182267  0.929  1  2019  145  22.61  58629.138   71.5  1.658e+01 
 182268  0.929  1  2019  145  23.09  58629.158   71.5  2.239e+01 
 182365  0.531  1  2019  147  23.85  58631.189   71.0  3.535e+01 
 182366  1.062  2  2019  148   0.32  58631.209   71.0  2.569e+01 
 182367  0.531  1  2019  148   0.79  58631.229   71.0  3.030e+01 
 182462  0.522  1  2019  150   0.28  58633.207   70.7  3.093e+01 
 182463  1.044  2  2019  150   0.73  58633.226   70.7  3.120e+01 
 182464  0.522  1  2019  150   1.18  58633.245   70.7  2.915e+01 
 182502  0.664  1  2019  150  20.21  58634.038   70.6  1.968e+01 
 182503  1.329  2  2019  150  20.73  58634.059   70.6  1.502e+01 
 182504  0.664  1  2019  150  21.25  58634.081   70.6  1.605e+01 
 182506  1.329  2  2019  150  22.26  58634.123   70.6  1.582e+01 
 182507  0.664  1  2019  150  22.78  58634.145   70.6  2.294e+01 
 182509  0.664  1  2019  150  23.78  58634.186   70.6  1.932e+01 
 182510  1.329  2  2019  151   0.30  58634.208   70.6  1.899e+01 
 182511  0.664  1  2019  151   0.82  58634.230   70.6  1.843e+01 
 182512  0.664  1  2019  151   1.28  58634.249   70.6  1.725e+01 
 182513  1.329  2  2019  151   1.80  58634.271   70.6  2.015e+01 
 182514  0.664  1  2019  151   2.32  58634.292   70.6  1.703e+01 
 182518  1.329  2  2019  151   4.20  58634.371   70.5  2.608e+01 
 182519  0.664  1  2019  151   4.72  58634.392   70.5  1.751e+01 
 182520  0.664  1  2019  151   5.06  58634.407   70.5  2.110e+01 
 182565  0.664  1  2019  152   3.67  58635.349   70.4  1.602e+01 
 182566  0.664  1  2019  152   4.02  58635.363   70.4  2.043e+01 
 182609  1.329  2  2019  153   1.82  58636.271   70.4  2.811e+01 
 182611  1.329  2  2019  153   2.71  58636.308   70.4  3.691e+01 
 182613  0.664  1  2019  153   3.77  58636.353   70.4  2.596e+01 
 182614  1.329  2  2019  153   4.29  58636.374   70.4  3.178e+01 
 182615  0.664  1  2019  153   4.81  58636.396   70.4  3.344e+01 
 182643  0.359  1  2019  153  18.82  58636.980   70.3  3.412e+01 
 182644  1.077  3  2019  153  19.24  58636.997   70.3  3.229e+01 
 182645  0.718  2  2019  153  19.88  58637.024   70.3  3.377e+01 
 182646  0.718  2  2019  153  20.30  58637.042   70.3  2.596e+01 
 182652  0.664  1  2019  153  23.21  58637.163   70.3  1.360e+01 
 182653  1.329  2  2019  153  23.73  58637.184   70.3  1.695e+01 
 182654  0.664  1  2019  154   0.25  58637.206   70.3  2.367e+01 
 182661  1.329  2  2019  154   3.70  58637.350   70.3  2.452e+01 
 182662  0.664  1  2019  154   4.21  58637.371   70.3  2.768e+01 
 182663  1.150  2  2019  154   4.74  58637.393   70.3  3.096e+01 
 182664  0.486  1  2019  154   5.25  58637.414   70.3  3.103e+01 
 182740  1.012  2  2019  155  19.19  58638.995   70.2  1.966e+01 
 182741  0.506  1  2019  155  19.88  58639.024   70.2  1.444e+01 
 182747  0.774  1  2019  155  22.99  58639.154   70.2  2.932e+01 
 182748  0.774  1  2019  155  23.41  58639.171   70.2  3.134e+01 
 182749  0.774  1  2019  155  23.90  58639.191   70.2  2.907e+01 
 182758  0.829  1  2019  156   4.15  58639.368   70.2  3.581e+01 
 182759  0.759  2  2019  156   4.75  58639.394   70.2  2.309e+01 
 182760  0.759  2  2019  156   5.16  58639.410   70.2  1.762e+01 
 182793  0.746  1  2019  156  21.94  58640.110   70.3  2.409e+01 
 182794  0.746  1  2019  156  22.37  58640.128   70.3  2.257e+01 
 182796  0.664  1  2019  156  23.18  58640.161   70.3  2.074e+01 
 182797  1.329  2  2019  156  23.70  58640.183   70.3  1.980e+01 
 182798  0.664  1  2019  157   0.22  58640.205   70.3  2.108e+01 
 182804  1.329  2  2019  157   3.19  58640.328   70.3  2.868e+01 
 182805  0.664  1  2019  157   3.71  58640.350   70.3  2.864e+01 
 182806  0.664  1  2019  157   4.05  58640.364   70.3  2.425e+01 
 182846  0.344  1  2019  158   0.50  58641.216   70.3  6.155e+01 
 182847  0.689  2  2019  158   0.82  58641.230   70.3  5.483e+01 
 182848  0.344  1  2019  158   1.14  58641.243   70.3  5.630e+01 
 182903  0.752  1  2019  159   4.59  58642.387   70.4  3.760e+01 
 182904  0.752  1  2019  159   5.03  58642.405   70.4  3.923e+01 
 182933  0.667  2  2019  159  19.77  58643.019   70.4  3.920e+01 
 182951  0.663  1  2019  160   4.70  58643.392   70.3  3.053e+01 
 182952  0.663  1  2019  160   5.05  58643.406   70.3  2.503e+01 
 182998  0.339  1  2019  161   4.48  58644.382   70.3  2.579e+01 
 182999  0.339  1  2019  161   4.66  58644.390   70.3  2.872e+01 
 183750  0.664  1  2019  176  20.25  58660.039   69.5  1.210e+01 
 183751  1.329  2  2019  176  20.77  58660.061   69.5  1.605e+01 
 183752  0.664  1  2019  176  21.28  58660.082   69.5  1.422e+01 
 183753  1.329  2  2019  176  21.82  58660.105   69.5  1.168e+01 
 183754  0.664  1  2019  176  22.34  58660.126   69.5  1.482e+01 
 183755  0.664  1  2019  176  22.69  58660.141   69.5  1.493e+01 
 183799  0.664  1  2019  177  20.90  58661.067   69.5  1.255e+01 
 183809  1.329  2  2019  178   1.68  58661.266   69.5  1.875e+01 
 183810  0.662  1  2019  178   2.20  58661.287   69.5  1.629e+01 
 184133  0.522  1  2019  184  19.87  58668.024   69.5  3.070e+01 
 184134  1.044  2  2019  184  20.32  58668.042   69.5  3.285e+01 
 184135  0.522  1  2019  184  20.78  58668.061   69.5  3.089e+01 
 184182  1.329  2  2019  185  20.27  58669.040   69.5  3.753e+01 
 184183  0.664  1  2019  185  20.78  58669.062   69.5  3.229e+01 
 184184  0.664  1  2019  185  21.13  58669.076   69.5  3.246e+01 
 184186  1.329  2  2019  185  22.30  58669.125   69.5  3.519e+01 
 184187  0.664  1  2019  185  22.95  58669.152   69.5  2.868e+01 
 184188  0.664  1  2019  185  23.29  58669.166   69.5  3.177e+01 
 184189  1.329  2  2019  185  23.81  58669.188   69.5  2.516e+01 
 184190  0.664  1  2019  186   0.48  58669.216   69.5  2.472e+01 
 184191  0.664  1  2019  186   0.83  58669.230   69.5  2.992e+01 
 184192  0.664  1  2019  186   1.17  58669.244   69.5  3.139e+01 
 184193  0.664  1  2019  186   1.52  58669.259   69.5  3.206e+01 
 184194  1.329  2  2019  186   2.21  58669.287   69.5  2.171e+01 
 184195  0.664  1  2019  186   2.72  58669.309   69.5  1.812e+01 
 184196  0.664  1  2019  186   3.07  58669.323   69.5  2.409e+01 
 184197  1.505  2  2019  186   3.77  58669.353   69.5  2.889e+01 
 184198  0.752  1  2019  186   4.50  58669.383   69.5  2.752e+01 
 184199  0.752  1  2019  186   4.94  58669.401   69.5  2.954e+01 
 184240  0.664  1  2019  187   1.29  58670.249   69.5  1.636e+01 
 184241  1.329  2  2019  187   1.81  58670.271   69.5  1.888e+01 
 184242  0.664  1  2019  187   2.33  58670.292   69.5  1.970e+01 
 184243  0.746  1  2019  187   2.80  58670.312   69.5  1.924e+01 
 184244  0.746  1  2019  187   3.22  58670.330   69.5  1.607e+01 
 184296  1.479  1  2019  188   5.00  58671.404   69.5  2.824e+01 
 184337  0.486  1  2019  189   1.96  58672.277   69.5  2.911e+01 
 184338  0.971  2  2019  189   2.35  58672.293   69.5  2.345e+01 
 184339  0.486  1  2019  189   2.74  58672.310   69.5  1.294e+01 
 184340  0.664  1  2019  189   3.25  58672.331   69.5  1.484e+01 
 184341  1.329  2  2019  189   3.77  58672.353   69.5  9.228e+00 
 184342  0.664  1  2019  189   4.29  58672.374   69.5  1.443e+01 
 184343  0.664  1  2019  189   4.82  58672.396   69.5  1.026e+01 
 184344  0.664  1  2019  189   5.16  58672.411   69.5  1.244e+01 
 184380  0.667  2  2019  189  23.25  58673.164   69.5  2.244e+01 
 184382  0.987  2  2019  190   0.19  58673.204   69.5  1.781e+01 
 184383  0.987  2  2019  190   0.76  58673.227   69.5  2.164e+01 
 184384  0.664  1  2019  190   1.42  58673.255   69.5  2.000e+01 
 184385  0.664  1  2019  190   1.77  58673.269   69.5  1.082e+01 
 184386  1.329  2  2019  190   2.29  58673.291   69.5  1.258e+01 
 184389  0.664  1  2019  190   3.79  58673.354   69.5  1.972e+01 
 184390  1.329  2  2019  190   4.31  58673.375   69.5  2.150e+01 
 184391  0.664  1  2019  190   4.83  58673.397   69.5  2.347e+01 
 184482  0.759  2  2019  192   2.21  58675.288   69.5  1.630e+01 
 184483  0.664  1  2019  192   2.73  58675.309   69.5  1.957e+01 
 184484  1.329  2  2019  192   3.25  58675.331   69.5  1.561e+01 
 184485  0.664  1  2019  192   3.76  58675.352   69.5  2.036e+01 
 184486  0.752  1  2019  192   4.26  58675.373   69.5  2.088e+01 
 184487  0.752  1  2019  192   4.70  58675.392   69.5  2.437e+01 
 184582  1.329  1  2019  194   4.46  58677.381   69.5  2.432e+01 
 184584  0.829  1  2019  194   5.13  58677.409   69.5  2.148e+01 
 184631  0.752  1  2019  195   4.85  58678.398   69.4  3.009e+01 
 185095  0.494  1  2019  204  20.84  58688.064   69.2  1.587e+01 
 185096  0.494  1  2019  204  21.10  58688.075   69.2  1.760e+01 
 185348  1.329  2  2019  210   3.20  58693.329   69.3  1.930e+01 
 185349  0.664  1  2019  210   3.72  58693.350   69.3  1.960e+01 
 185350  0.664  1  2019  210   4.06  58693.365   69.3  2.019e+01 
 185352  1.667  1  2019  210   5.07  58693.407   69.3  1.805e+01 
 185381  1.329  2  2019  210  19.70  58694.016   69.3  1.774e+01 
 185382  0.664  1  2019  210  20.21  58694.038   69.3  2.165e+01 
 185383  0.664  1  2019  210  20.56  58694.052   69.3  1.839e+01 
 185384  1.329  2  2019  210  21.29  58694.083   69.3  2.494e+01 
 185385  0.664  1  2019  210  21.81  58694.104   69.3  2.230e+01 
 185386  0.664  1  2019  210  22.15  58694.119   69.3  1.935e+01 
 185429  1.329  2  2019  211  19.69  58695.016   69.3  2.186e+01 
 185430  0.664  1  2019  211  20.21  58695.038   69.3  1.994e+01 
 185431  0.664  1  2019  211  20.55  58695.052   69.3  1.194e+01 
 185433  0.812  1  2019  211  21.98  58695.111   69.3  2.353e+01 
 185434  0.579  1  2019  211  22.48  58695.132   69.3  3.106e+01 
 185446  1.329  2  2019  212   4.22  58695.371   69.3  1.413e+01 
 185447  0.664  1  2019  212   4.74  58695.393   69.3  7.389e+00 
 185448  0.664  1  2019  212   5.09  58695.407   69.3  1.160e+01 
 185476  0.433  1  2019  212  19.36  58696.002   69.2  3.889e+01 
 185477  0.866  2  2019  212  19.79  58696.020   69.2  4.683e+01 
 185478  0.333  1  2019  212  20.41  58696.046   69.2  2.313e+01 
 185479  1.000  3  2019  212  20.79  58696.062   69.2  2.337e+01 
 185525  0.664  1  2019  213  19.66  58697.015   69.2  1.485e+01 
 185526  1.329  2  2019  213  20.18  58697.036   69.2  1.638e+01 
 185527  0.664  1  2019  213  20.70  58697.058   69.2  1.382e+01 
 185529  0.579  1  2019  213  21.97  58697.111   69.2  2.657e+01 
 185539  0.527  1  2019  214   2.55  58697.302   69.3  2.370e+01 
 185573  0.746  1  2019  214  19.81  58698.021   69.3  2.953e+01 
 185574  0.379  1  2019  214  20.32  58698.042   69.3  1.781e+01 
 185575  1.138  3  2019  214  20.73  58698.059   69.3  1.205e+01 
 185626  0.931  1  2019  215  22.06  58699.115   69.3  2.142e+01 
 185677  0.664  1  2019  216  23.93  58700.192   69.3  1.612e+01 
 185678  0.664  1  2019  217   0.27  58700.207   69.3  1.271e+01 
 185679  1.329  2  2019  217   0.79  58700.228   69.3  1.440e+01 
 185680  0.664  1  2019  217   1.43  58700.255   69.3  1.169e+01 
 185681  0.664  1  2019  217   1.77  58700.270   69.3  1.738e+01 
 185682  1.329  2  2019  217   2.29  58700.291   69.3  1.634e+01 
 185726  1.329  2  2019  218   0.26  58701.206   69.2  2.164e+01 
 185727  0.664  1  2019  218   0.78  58701.228   69.2  1.835e+01 
 185728  0.664  1  2019  218   1.25  58701.248   69.2  1.239e+01 
 185729  1.329  2  2019  218   1.77  58701.269   69.2  1.153e+01 
 185730  0.664  1  2019  218   2.29  58701.291   69.2  9.706e+00 
 185731  0.664  1  2019  218   2.77  58701.311   69.2  3.328e+00 
 185732  1.329  2  2019  218   3.29  58701.333   69.2  1.043e+01 
 185733  0.664  1  2019  218   3.81  58701.354   69.2  1.254e+01 
 185734  0.663  1  2019  218   4.45  58701.381   69.2  1.738e+01 
 185735  0.663  1  2019  218   4.80  58701.396   69.2  9.628e+00 
 185874  0.664  1  2019  221   2.33  58704.293   69.1  1.370e+01 
 185875  0.664  1  2019  221   2.68  58704.307   69.1  1.273e+01 
 185876  1.329  2  2019  221   3.19  58704.329   69.1  1.461e+01 
 185878  1.329  2  2019  221   4.19  58704.370   69.1  1.295e+01 
 185879  0.664  1  2019  221   4.71  58704.392   69.1  1.554e+01 
 185880  0.664  1  2019  221   5.05  58704.406   69.1  1.385e+01 
 185973  0.921  2  2019  223   3.80  58706.354   69.0  1.859e+01 
 185974  0.921  2  2019  223   4.31  58706.375   69.0  3.178e+01 
 185976  1.327  2  2019  223   5.22  58706.413   69.0  1.593e+01 
 186531  0.406  1  2019  234  18.88  58717.982   68.6  2.964e+01 
 186532  0.406  1  2019  234  19.10  58717.991   68.6  2.014e+01 
 186533  0.989  1  2019  234  19.58  58718.012   68.6  1.880e+01 
 186534  0.989  1  2019  234  20.10  58718.033   68.6  1.612e+01 
 186535  0.989  1  2019  234  20.69  58718.058   68.6  1.726e+01 
 186536  0.989  1  2019  234  21.21  58718.079   68.6  1.154e+01 
 186537  1.324  1  2019  234  21.91  58718.109   68.6  1.145e+01 
 186539  0.848  1  2019  234  22.97  58718.153   68.6  7.127e+00 
 186540  0.848  1  2019  234  23.41  58718.171   68.6  9.390e+00 
 186582  0.989  1  2019  235  20.13  58719.034   68.6  2.028e+01 
 186583  0.989  1  2019  235  20.64  58719.056   68.6  1.883e+01 
 186584  1.010  1  2019  235  21.26  58719.082   68.6  2.080e+01 
 186585  1.020  1  2019  235  21.91  58719.109   68.6  2.274e+01 
 186588  0.694  1  2019  235  23.38  58719.170   68.6  1.805e+01 
 186590  0.989  1  2019  236   0.10  58719.200   68.6  1.725e+01 
 186591  0.989  1  2019  236   0.62  58719.221   68.6  1.486e+01 
 186592  1.001  1  2019  236   1.25  58719.248   68.6  2.249e+01 
 186593  0.655  1  2019  236   1.79  58719.270   68.6  1.988e+01 
 186594  0.655  1  2019  236   2.13  58719.285   68.6  2.075e+01 
 186595  0.768  1  2019  236   2.61  58719.304   68.6  1.816e+01 
 186596  0.770  1  2019  236   3.13  58719.326   68.6  1.931e+01 
 186597  0.672  1  2019  236   3.60  58719.345   68.6  2.659e+01 
 186629  0.667  2  2019  236  19.74  58720.018   68.7  3.995e+01 
 186630  0.667  2  2019  236  20.12  58720.034   68.7  4.192e+01 
 186631  1.138  3  2019  236  20.76  58720.061   68.7  1.272e+01 
 186632  0.379  1  2019  236  21.17  58720.078   68.7  1.687e+01 
 186634  1.327  2  2019  236  22.23  58720.122   68.7  1.583e+01 
 186635  0.663  1  2019  236  22.89  58720.149   68.7  1.119e+01 
 186636  0.663  1  2019  236  23.24  58720.164   68.7  1.400e+01 
 186642  0.752  1  2019  237   2.29  58720.291   68.7  2.761e+01 
 186643  0.752  1  2019  237   2.73  58720.309   68.7  2.884e+01 
 186824  0.493  1  2019  240  21.35  58724.085   68.9  5.334e+01 
 186825  0.987  2  2019  240  21.77  58724.103   68.9  2.905e+01 
 186826  0.520  1  2019  240  22.32  58724.126   68.9  1.545e+01 
 186827  1.040  2  2019  240  22.75  58724.143   68.9  2.438e+01 
 186828  0.520  1  2019  240  23.17  58724.161   68.9  2.169e+01 
 186831  1.667  1  2019  241   0.54  58724.218   68.9  1.184e+01 
 186876  1.479  1  2019  241  23.07  58725.157   68.9  2.654e+01 
 186880  0.667  2  2019  242   1.37  58725.253   68.9  1.562e+01 
 186881  0.667  2  2019  242   1.76  58725.269   68.9  1.669e+01 
 186883  1.667  1  2019  242   2.53  58725.301   68.9  8.036e+00 
 186884  1.665  1  2019  242   3.47  58725.340   68.9  1.336e+01 
 186886  0.667  2  2019  242   4.38  58725.378   68.9  1.883e+01 
 186887  0.667  2  2019  242   4.77  58725.394   68.9  1.392e+01 
 186923  1.327  2  2019  242  22.71  58726.142   68.9  1.333e+01 
 186924  0.663  1  2019  242  23.34  58726.168   68.9  1.448e+01 
 186925  0.663  1  2019  242  23.69  58726.183   68.9  1.510e+01 
 186926  1.667  1  2019  243   0.42  58726.213   68.9  1.147e+01 
 186928  1.667  1  2019  243   1.37  58726.253   68.9  1.044e+01 
 186930  1.667  1  2019  243   2.29  58726.291   68.9  1.555e+01 
 186932  1.327  2  2019  243   3.21  58726.329   68.9  1.985e+01 
 186933  0.663  1  2019  243   3.85  58726.356   68.9  2.054e+01 
 186934  0.663  1  2019  243   4.20  58726.371   68.9  1.949e+01 
 186974  1.479  1  2019  244   0.39  58727.212   68.9  3.060e+01 
 186976  1.993  1  2019  244   1.41  58727.255   68.9  1.480e+01 
 186978  0.889  2  2019  244   2.33  58727.293   68.9  2.391e+01 
 186979  0.889  2  2019  244   2.87  58727.315   68.9  3.018e+01 
 186980  0.679  1  2019  244   3.47  58727.340   68.9  2.747e+01 
 186982  0.889  2  2019  244   4.15  58727.368   68.9  2.812e+01 
 186983  0.889  2  2019  244   4.69  58727.391   68.9  2.459e+01 
 187028  0.444  1  2019  245   3.33  58728.334   68.9  2.265e+01 
 187029  0.889  2  2019  245   3.72  58728.351   68.9  2.525e+01 
 187030  0.444  1  2019  245   4.12  58728.367   68.9  3.248e+01 
 187065  1.479  1  2019  245  21.61  58729.096   68.9  2.923e+01 
 187067  0.889  2  2019  245  22.79  58729.145   68.9  3.904e+01 
 187068  0.889  2  2019  245  23.32  58729.167   68.9  3.775e+01 
 187069  0.444  1  2019  245  23.94  58729.193   68.9  2.900e+01 
 187070  0.889  2  2019  246   0.34  58729.210   68.9  2.405e+01 
 187071  0.444  1  2019  246   0.73  58729.226   68.9  3.160e+01 
 187072  0.889  2  2019  246   1.27  58729.248   68.9  2.692e+01 
 187073  0.889  2  2019  246   1.80  58729.271   68.9  2.966e+01 
 187074  0.444  1  2019  246   2.35  58729.294   68.9  3.583e+01 
 187075  0.889  2  2019  246   2.75  58729.310   68.9  3.313e+01 
 187076  0.444  1  2019  246   3.14  58729.326   68.9  2.843e+01 
 187077  0.889  2  2019  246   3.69  58729.349   68.9  3.029e+01 
 187078  0.889  2  2019  246   4.23  58729.372   68.9  3.583e+01 
 187125  0.667  1  2019  247   3.74  58730.351   68.9  2.515e+01 
 187126  1.333  2  2019  247   4.28  58730.374   68.9  2.173e+01 
 187127  0.667  1  2019  247   4.82  58730.396   68.9  2.469e+01 
 187167  0.478  1  2019  248   0.87  58731.232   68.9  2.993e+01 
 187168  0.956  2  2019  248   1.26  58731.248   68.9  2.241e+01 
 187169  0.478  1  2019  248   1.65  58731.264   68.9  2.088e+01 
 187170  1.662  1  2019  248   2.42  58731.296   68.9  3.167e+01 
 187172  0.956  2  2019  248   3.22  58731.330   68.9  2.815e+01 
 187173  0.956  2  2019  248   3.74  58731.352   68.9  2.564e+01 
 187175  0.994  1  2019  248   4.52  58731.384   68.9  1.951e+01 
 187211  1.327  2  2019  248  22.72  58732.142   68.9  1.329e+01 
 187213  0.663  1  2019  248  23.69  58732.183   68.9  1.291e+01 
 187214  1.327  2  2019  249   0.31  58732.208   68.9  1.927e+01 
 187215  0.663  1  2019  249   1.00  58732.237   68.9  1.463e+01 
 187216  0.663  1  2019  249   1.35  58732.252   68.9  1.801e+01 
 187221  0.514  1  2019  249   3.79  58732.353   68.9  1.507e+01 
 187222  0.514  1  2019  249   4.07  58732.365   68.9  2.465e+01 
 187926  1.327  2  2019  263  20.30  58747.041   68.6  2.274e+01 
 187927  0.663  1  2019  263  20.91  58747.067   68.5  2.477e+01 
 187928  0.663  1  2019  263  21.26  58747.081   68.5  2.125e+01 
 187929  1.040  2  2019  263  21.83  58747.105   68.5  2.555e+01 
 187930  0.520  1  2019  263  22.26  58747.123   68.5  2.139e+01 
 187931  0.520  1  2019  263  22.54  58747.135   68.5  2.457e+01 
 188021  0.663  1  2019  265  19.95  58749.027   68.3  2.810e+01 
 188037  1.993  1  2019  266   3.76  58749.352   68.3  3.484e+01 
 188081  1.048  2  2019  267   1.79  58750.270   68.2  3.229e+01 
 188082  0.524  1  2019  267   2.23  58750.289   68.2  3.180e+01 
 188083  1.048  2  2019  267   2.66  58750.306   68.2  3.608e+01 
 188084  0.524  1  2019  267   3.08  58750.324   68.2  3.821e+01 
 188127  1.665  1  2019  268   0.91  58751.234   68.1  2.328e+01 
 188131  0.514  1  2019  268   2.89  58751.316   68.1  4.164e+01 
 188132  1.029  2  2019  268   3.32  58751.334   68.1  4.236e+01 
 188133  0.514  1  2019  268   3.74  58751.351   68.1  3.428e+01 
 188170  0.444  1  2019  268  22.37  58752.128   68.0  3.869e+01 
 188171  0.889  2  2019  268  22.77  58752.144   68.0  3.546e+01 
 188172  0.444  1  2019  268  23.16  58752.161   68.0  4.613e+01 
 188173  0.889  2  2019  268  23.72  58752.184   68.0  3.563e+01 
 188174  0.889  2  2019  269   0.26  58752.206   68.0  3.059e+01 
 188175  0.444  1  2019  269   0.79  58752.229   68.0  4.083e+01 
 188176  0.889  2  2019  269   1.19  58752.245   68.0  2.133e+01 
 188177  0.444  1  2019  269   1.58  58752.261   68.0  3.117e+01 
 188178  0.889  2  2019  269   2.13  58752.284   68.0  1.475e+01 
 188179  0.889  2  2019  269   2.67  58752.307   68.0  3.049e+01 
 188180  0.444  1  2019  269   3.49  58752.341   68.0  3.851e+01 
 188181  0.444  1  2019  269   3.75  58752.352   68.0  4.947e+01 
 188182  0.889  2  2019  269   4.16  58752.369   68.0  3.360e+01 
 188219  0.970  2  2019  269  22.85  58753.148   67.9  3.352e+01 
 188220  0.970  2  2019  269  23.37  58753.169   67.9  3.151e+01 
 188221  0.386  1  2019  269  23.86  58753.190   67.9  3.444e+01 
 188223  0.491  1  2019  270   0.97  58753.236   67.9  3.015e+01 
 188224  0.491  1  2019  270   1.24  58753.247   67.9  2.727e+01 
 188225  0.921  2  2019  270   1.75  58753.268   67.9  3.722e+01 
 188226  0.921  2  2019  270   2.26  58753.290   67.9  5.926e+01 
 188228  1.327  2  2019  270   3.18  58753.328   67.9  4.179e+01 
 188229  0.663  1  2019  270   3.84  58753.356   67.9  4.459e+01 
 188230  0.663  1  2019  270   4.20  58753.370   67.9  4.519e+01 
 188262  0.485  1  2019  270  20.35  58754.043   67.9  7.383e+01 
 188263  0.970  2  2019  270  20.73  58754.060   67.9  7.760e+01 
 188264  0.485  1  2019  270  21.12  58754.076   67.9  6.900e+01 
 188265  0.970  2  2019  270  21.69  58754.099   67.9  7.698e+01 
 188266  0.970  2  2019  270  22.20  58754.121   67.9  6.498e+01 
 188268  1.667  1  2019  270  23.02  58754.155   67.9  5.435e+01 
 188269  0.485  1  2019  270  23.77  58754.186   67.9  5.346e+01 
 188270  0.970  2  2019  271   0.16  58754.202   67.9  4.492e+01 
 188271  0.485  1  2019  271   0.54  58754.218   67.9  4.624e+01 
 188272  1.327  2  2019  271   1.19  58754.245   67.9  5.359e+01 
 188274  0.460  1  2019  271   2.30  58754.292   67.9  6.245e+01 
 188275  0.460  1  2019  271   2.82  58754.313   67.9  7.218e+01 
 188276  0.460  1  2019  271   3.07  58754.324   67.9  6.273e+01 
 188277  0.663  1  2019  271   3.86  58754.356   67.9  6.766e+01 
 188278  0.663  1  2019  271   4.21  58754.371   67.9  5.957e+01 
 188312  0.485  1  2019  271  21.44  58755.089   67.8  3.196e+01 
 188313  0.970  2  2019  271  21.82  58755.105   67.8  3.191e+01 
 188314  0.485  1  2019  271  22.21  58755.121   67.8  3.614e+01 
 188315  0.987  2  2019  271  22.75  58755.144   67.8  3.700e+01 
 188316  0.987  2  2019  271  23.31  58755.167   67.8  3.876e+01 
 188317  0.493  1  2019  271  23.85  58755.189   67.8  4.667e+01 
 188318  0.987  2  2019  272   0.27  58755.207   67.8  3.632e+01 
 188319  0.493  1  2019  272   0.69  58755.224   67.8  2.922e+01 
 188320  0.921  2  2019  272   1.24  58755.247   67.8  3.641e+01 
 188321  0.460  1  2019  272   1.62  58755.263   67.8  4.731e+01 
 188322  0.460  1  2019  272   2.43  58755.297   67.8  2.502e+01 
 188323  0.921  2  2019  272   2.82  58755.313   67.8  3.117e+01 
 188324  0.460  1  2019  272   3.20  58755.329   67.8  3.657e+01 
 188325  0.663  1  2019  272   3.93  58755.359   67.8  3.301e+01 
 188326  0.663  1  2019  272   4.28  58755.374   67.8  3.174e+01 
 188357  0.663  1  2019  272  19.82  58756.021   67.8  5.918e+01 
 188358  0.663  1  2019  272  20.17  58756.036   67.8  5.807e+01 
 188359  1.327  2  2019  272  20.81  58756.063   67.8  4.936e+01 
 188360  0.485  1  2019  272  21.49  58756.091   67.8  5.595e+01 
 188361  0.485  1  2019  272  21.75  58756.102   67.8  5.222e+01 
 188362  0.970  2  2019  272  22.14  58756.118   67.8  3.996e+01 
 188364  1.667  1  2019  272  23.41  58756.171   67.8  2.923e+01 
 188367  1.029  2  2019  273   0.74  58756.227   67.8  3.319e+01 
 188368  1.029  2  2019  273   1.31  58756.250   67.8  3.730e+01 
