# Paranal Airglow Line And Continuum Emission (PALACE) model: data and code of
# v1.0 (Noll et al. 2024)
# 
# Intensity time series of NaI0590 (see pmd_climfeat.dat) for intervals of
# 30 min of X-shooter data
# 
# Column names:
# bin: unique number of half-hourly bin
# fbin: fraction of bin (summed exposure time divided by 30 min)
# N: number of combined exposures
# year: year
# DOY: day of year
# LT: weighted local time for combined exposures in hours (for longitude of
#     Cerro Paranal)
# MJD: Modified Julian Date for LT
# S27d: solar radio flux averaged for 27 days in solar flux units (sfu)
# I: intensity in R (new measurements)
# 
    bin   fbin   N  year  DOY     LT        MJD   S27d          I 
  13109  0.889   5  2009  273  19.76  55105.019   71.4  6.686e+00 
  13110  0.533   3  2009  273  20.20  55105.037   71.4  7.253e+00 
  13354  0.422   6  2009  278  22.18  55110.120   71.2  1.783e+01 
  13357  0.333   4  2009  278  23.89  55110.191   71.1  2.127e+01 
  13400  0.333   4  2009  279  21.23  55111.080   71.0  1.081e+01 
  13402  0.428   7  2009  279  22.26  55111.123   71.0  7.396e+00 
  13405  1.000   1  2009  279  23.70  55111.183   70.9  6.205e+00 
  13409  1.000   1  2009  280   1.78  55111.270   70.9  3.337e+00 
  13410  1.000   1  2009  280   2.30  55111.291   70.9  4.694e+00 
  13451  1.000   1  2009  280  22.53  55112.134   70.7  9.745e+00 
  13452  1.000   1  2009  280  23.06  55112.156   70.7  7.694e+00 
  13454  1.000   1  2009  281   0.03  55112.197   70.7  7.656e+00 
  13455  1.000   1  2009  281   0.56  55112.219   70.7  9.720e+00 
  13496  1.000   1  2009  281  21.12  55113.076   70.6  1.422e+01 
  13497  1.000   1  2009  281  21.65  55113.098   70.6  1.461e+01 
  13545  0.333   4  2009  282  21.77  55114.103   70.6  1.288e+01 
  13546  0.333   4  2009  282  22.28  55114.124   70.6  1.411e+01 
  13547  1.000   1  2009  282  22.88  55114.149   70.6  1.090e+01 
  13548  1.000   1  2009  282  23.41  55114.171   70.6  1.199e+01 
  13550  1.000   1  2009  283   0.14  55114.201   70.6  1.277e+01 
  13551  1.000   1  2009  283   0.66  55114.223   70.6  1.372e+01 
  13590  1.111   2  2009  283  20.25  55115.039   70.6  1.066e+01 
  13591  0.556   1  2009  283  20.73  55115.059   70.6  1.145e+01 
  13592  0.556   1  2009  283  21.06  55115.073   70.6  9.485e+00 
  13593  1.000   1  2009  283  21.71  55115.100   70.6  7.958e+00 
  13594  1.000   1  2009  283  22.24  55115.122   70.6  6.365e+00 
  13595  1.000   1  2009  283  22.98  55115.153   70.6  8.326e+00 
  13597  1.000   1  2009  283  23.50  55115.175   70.6  1.201e+01 
  13598  1.000   1  2009  284   0.45  55115.214   70.6  2.375e+01 
  13599  1.000   1  2009  284   0.98  55115.236   70.6  2.789e+01 
  13601  1.000   1  2009  284   1.57  55115.261   70.6  2.904e+01 
  13602  1.000   1  2009  284   2.09  55115.283   70.6  2.169e+01 
  13603  0.556   4  2009  284   2.82  55115.313   70.6  1.497e+01 
  13639  0.556   1  2009  284  20.74  55116.060   70.6  1.787e+01 
  13640  1.111   2  2009  284  21.23  55116.080   70.6  1.750e+01 
  13641  0.556   1  2009  284  21.72  55116.100   70.6  1.737e+01 
  13647  1.000   1  2009  285   0.97  55116.236   70.6  1.797e+01 
  13648  1.000   1  2009  285   1.49  55116.258   70.6  1.584e+01 
  13650  1.000   1  2009  285   2.32  55116.292   70.6  1.236e+01 
  13651  1.000   1  2009  285   2.84  55116.314   70.6  1.292e+01 
  13878  0.833   1  2009  289  20.11  55121.033   71.7  1.039e+01 
  13879  0.833   1  2009  289  20.54  55121.051   71.7  1.167e+01 
  13880  0.564   2  2009  289  21.28  55121.082   71.7  1.187e+01 
  13882  0.533   2  2009  289  22.15  55121.118   71.7  1.426e+01 
  13883  0.898   2  2009  289  22.68  55121.141   71.7  1.289e+01 
  13884  0.449   1  2009  289  23.09  55121.158   71.7  1.168e+01 
  13934  1.000   1  2009  291   0.44  55122.214   71.8  1.426e+01 
  13935  1.000   1  2009  291   0.97  55122.236   71.8  1.359e+01 
  13937  1.000   1  2009  291   1.78  55122.270   71.8  1.370e+01 
  13938  1.000   1  2009  291   2.31  55122.292   71.8  1.417e+01 
  13939  0.333   1  2009  291   2.86  55122.315   71.8  1.440e+01 
  13940  0.667   2  2009  291   3.18  55122.328   71.8  1.419e+01 
  13941  0.372   2  2009  291   3.55  55122.343   71.8  1.528e+01 
  13972  0.333   1  2009  291  19.37  55123.003   71.9  1.637e+01 
  13973  1.000   3  2009  291  19.76  55123.019   71.9  1.537e+01 
  13975  0.833   2  2009  291  20.77  55123.061   71.9  1.742e+01 
  14021  0.639   1  2009  292  19.86  55124.023   71.9  6.954e+00 
  14022  0.639   1  2009  292  20.21  55124.038   71.9  8.039e+00 
  14023  1.278   2  2009  292  20.73  55124.059   71.9  1.011e+01 
  14024  0.639   1  2009  292  21.36  55124.085   71.9  1.229e+01 
  14025  0.639   1  2009  292  21.70  55124.100   71.9  1.351e+01 
  14026  1.278   2  2009  292  22.23  55124.122   71.9  1.193e+01 
  14028  1.278   2  2009  292  23.19  55124.162   71.9  1.063e+01 
  14029  0.639   1  2009  292  23.71  55124.184   71.9  1.140e+01 
  14030  0.961   2  2009  293   0.18  55124.203   71.9  1.176e+01 
  14032  0.889   2  2009  293   1.17  55124.244   71.9  1.040e+01 
  14033  0.889   2  2009  293   1.68  55124.266   71.9  1.076e+01 
  14034  0.444   1  2009  293   2.41  55124.296   71.9  1.058e+01 
  14035  0.889   2  2009  293   2.80  55124.312   71.9  1.033e+01 
  14036  0.444   1  2009  293   3.18  55124.328   71.9  1.095e+01 
  14037  0.578   1  2009  293   3.70  55124.350   71.9  1.414e+01 
  14069  0.639   1  2009  293  19.79  55125.020   72.0  1.034e+01 
  14070  1.278   2  2009  293  20.31  55125.042   72.0  1.031e+01 
  14071  0.639   1  2009  293  20.83  55125.064   72.0  1.184e+01 
  14072  0.639   1  2009  293  21.44  55125.089   72.0  1.434e+01 
  14073  0.639   1  2009  293  21.79  55125.104   72.0  1.538e+01 
  14074  1.278   2  2009  293  22.31  55125.125   72.0  1.489e+01 
  14076  0.889   2  2009  293  23.27  55125.165   72.0  1.653e+01 
  14077  0.444   1  2009  293  23.91  55125.192   72.0  1.876e+01 
  14080  0.444   1  2009  294   1.29  55125.249   72.0  1.739e+01 
  14081  0.444   1  2009  294   1.54  55125.260   72.0  1.915e+01 
  14082  0.444   1  2009  294   2.06  55125.281   72.0  1.934e+01 
  14085  1.056   1  2009  294   3.93  55125.359   72.0  2.319e+01 
  14117  2.000   1  2009  294  19.76  55126.019   72.0  2.040e+01 
  14119  2.000   1  2009  294  20.86  55126.065   72.0  1.774e+01 
  14122  2.000   1  2009  294  22.13  55126.118   72.1  1.359e+01 
  14124  0.944   2  2009  294  23.33  55126.168   72.1  1.081e+01 
  14125  0.944   2  2009  294  23.86  55126.190   72.1  1.219e+01 
  14127  0.889   2  2009  295   0.69  55126.224   72.1  1.250e+01 
  14128  0.889   2  2009  295   1.20  55126.246   72.1  1.187e+01 
  14129  0.889   2  2009  295   1.82  55126.271   72.1  1.196e+01 
  14130  0.889   2  2009  295   2.33  55126.293   72.1  1.146e+01 
  14132  0.578   1  2009  295   3.20  55126.329   72.1  1.212e+01 
  14133  0.578   1  2009  295   3.51  55126.342   72.1  1.214e+01 
  14134  1.156   2  2009  295   4.27  55126.374   72.1  1.708e+01 
  14164  0.333   2  2009  295  19.34  55127.001   72.1  1.718e+01 
  14172  1.000   1  2009  295  23.42  55127.171   72.1  1.650e+01 
  14173  1.000   1  2009  295  23.97  55127.194   72.1  1.603e+01 
  14175  1.000   1  2009  296   0.51  55127.217   72.1  1.869e+01 
  14176  1.000   1  2009  296   1.06  55127.240   72.1  1.662e+01 
  14177  1.000   1  2009  296   1.61  55127.263   72.1  1.619e+01 
  14178  0.667   1  2009  296   2.16  55127.286   72.1  1.777e+01 
  14179  1.333   2  2009  296   2.73  55127.309   72.1  1.589e+01 
  14180  0.667   1  2009  296   3.30  55127.333   72.1  1.432e+01 
  14181  0.667   1  2009  296   3.68  55127.349   72.1  1.492e+01 
  14182  0.667   1  2009  296   4.07  55127.365   72.1  1.816e+01 
  14220  1.000   1  2009  296  23.05  55128.156   72.1  1.712e+01 
  14225  0.667   1  2009  297   1.97  55128.278   72.1  1.379e+01 
  14229  0.333   1  2009  297   3.83  55128.355   72.1  1.195e+01 
  14230  0.333   1  2009  297   4.47  55128.382   72.1  1.770e+01 
  14261  0.333   1  2009  297  19.81  55129.021   72.1  1.145e+01 
  14264  0.500   2  2009  297  21.20  55129.079   72.1  1.120e+01 
  14267  0.500   1  2009  297  22.82  55129.146   72.1  1.048e+01 
  14276  1.000   1  2009  298   3.34  55129.335   72.1  1.034e+01 
  14278  0.500   1  2009  298   4.32  55129.375   72.1  1.951e+01 
  14311  0.667   1  2009  298  20.93  55130.068   72.1  1.191e+01 
  14313  1.000   1  2009  298  21.69  55130.099   72.1  9.087e+00 
  14314  1.000   1  2009  298  22.24  55130.122   72.1  1.046e+01 
  14315  1.000   1  2009  298  22.79  55130.145   72.1  1.105e+01 
  14316  1.000   1  2009  298  23.34  55130.168   72.1  1.176e+01 
  14317  1.000   1  2009  298  23.88  55130.191   72.1  1.374e+01 
  14318  1.000   1  2009  299   0.44  55130.214   72.1  1.364e+01 
  14319  1.000   1  2009  299   0.99  55130.237   72.1  1.446e+01 
  14321  1.000   1  2009  299   1.54  55130.260   72.1  1.340e+01 
  14322  1.000   1  2009  299   2.08  55130.282   72.1  1.241e+01 
  14323  1.000   1  2009  299   2.70  55130.308   72.1  1.264e+01 
  14888  0.333   1  2009  310  21.30  55142.083   73.2  1.372e+01 
  14889  0.667   2  2009  310  21.72  55142.101   73.2  1.172e+01 
  14890  0.333   1  2009  310  22.14  55142.118   73.2  1.076e+01 
  14934  0.444   1  2009  311  20.03  55143.030   73.2  1.230e+01 
  14935  1.333   2  2009  311  20.76  55143.061   73.2  1.237e+01 
  14937  1.000   1  2009  311  21.57  55143.094   73.2  1.363e+01 
  14938  1.000   1  2009  311  22.13  55143.117   73.2  1.362e+01 
  14939  1.000   1  2009  311  22.88  55143.149   73.2  1.527e+01 
  14940  1.000   1  2009  311  23.44  55143.172   73.2  1.636e+01 
  14941  1.000   1  2009  311  23.99  55143.195   73.2  1.711e+01 
  14943  0.500   3  2009  312   0.68  55143.224   73.2  2.122e+01 
  14945  1.000   1  2009  312   1.77  55143.270   73.2  2.587e+01 
  14946  1.000   1  2009  312   2.34  55143.293   73.2  2.769e+01 
  14947  1.000   1  2009  312   2.89  55143.316   73.2  2.637e+01 
  14948  1.000   1  2009  312   3.44  55143.339   73.2  3.030e+01 
  14983  1.000   1  2009  312  20.86  55144.065   73.1  1.546e+01 
  14984  1.000   1  2009  312  21.41  55144.088   73.1  1.439e+01 
  14986  1.000   1  2009  312  22.00  55144.112   73.1  1.680e+01 
  14987  1.000   1  2009  312  22.55  55144.135   73.1  1.552e+01 
  14988  1.000   1  2009  312  23.10  55144.158   73.1  1.516e+01 
  14989  0.500   3  2009  312  23.75  55144.185   73.1  1.714e+01 
  14991  1.000   1  2009  313   0.69  55144.224   73.1  1.478e+01 
  14992  1.000   1  2009  313   1.24  55144.247   73.1  1.617e+01 
  14993  1.000   1  2009  313   1.79  55144.270   73.0  1.752e+01 
  14994  1.000   1  2009  313   2.35  55144.293   73.0  1.812e+01 
  14996  1.000   1  2009  313   3.12  55144.325   73.0  1.930e+01 
  15032  1.000   1  2009  313  21.38  55145.086   72.9  1.778e+01 
  15034  1.000   1  2009  313  22.30  55145.125   72.9  1.898e+01 
  15035  1.000   1  2009  313  22.85  55145.148   72.8  2.191e+01 
  15036  1.000   1  2009  313  23.41  55145.171   72.8  2.494e+01 
  15037  1.000   1  2009  313  23.96  55145.194   72.8  2.177e+01 
  15039  1.000   1  2009  314   0.51  55145.217   72.8  2.305e+01 
  15041  0.667   1  2009  314   1.82  55145.271   72.8  2.583e+01 
  15042  0.667   1  2009  314   2.20  55145.287   72.8  2.515e+01 
  15043  0.667   1  2009  314   2.59  55145.303   72.8  2.258e+01 
  15045  0.333   1  2009  314   3.51  55145.342   72.8  2.252e+01 
  15078  0.667   1  2009  314  20.38  55146.045   72.6  1.000e+01 
  15079  0.667   1  2009  314  20.76  55146.061   72.6  1.296e+01 
  15080  0.667   1  2009  314  21.15  55146.077   72.6  1.549e+01 
  15081  1.333   2  2009  314  21.73  55146.101   72.6  1.675e+01 
  15082  0.667   1  2009  314  22.30  55146.125   72.6  1.642e+01 
  15083  0.667   1  2009  314  22.69  55146.141   72.6  1.980e+01 
  15084  0.667   1  2009  314  23.07  55146.157   72.6  2.249e+01 
  15085  0.667   1  2009  314  23.73  55146.184   72.6  1.959e+01 
  15086  1.333   2  2009  315   0.30  55146.208   72.6  1.998e+01 
  15087  0.667   1  2009  315   0.88  55146.232   72.6  2.254e+01 
  15088  0.667   1  2009  315   1.26  55146.248   72.6  2.465e+01 
  15090  0.500   3  2009  315   2.26  55146.290   72.6  2.557e+01 
  15092  0.333   1  2009  315   3.34  55146.335   72.6  2.372e+01 
  15271  0.667   1  2009  318  20.78  55150.061   72.2  1.379e+01 
  15272  0.667   1  2009  318  21.20  55150.079   72.2  1.114e+01 
  15273  0.667   1  2009  318  21.93  55150.109   72.2  1.184e+01 
  15274  0.667   1  2009  318  22.35  55150.127   72.2  1.400e+01 
  15413  0.944   1  2009  321  19.52  55153.009   72.2  8.994e+00 
  15414  0.944   1  2009  321  20.03  55153.030   72.2  7.567e+00 
  15415  0.944   1  2009  321  20.54  55153.051   72.2  9.058e+00 
  15416  0.944   1  2009  321  21.04  55153.072   72.2  1.170e+01 
  15417  0.944   1  2009  321  21.65  55153.098   72.2  1.258e+01 
  15418  0.944   1  2009  321  22.16  55153.119   72.2  1.687e+01 
  15419  0.944   1  2009  321  22.68  55153.141   72.2  1.242e+01 
  15420  0.944   1  2009  321  23.19  55153.162   72.2  1.180e+01 
  15421  0.944   1  2009  321  23.81  55153.188   72.2  1.044e+01 
  15422  0.944   1  2009  322   0.32  55153.209   72.2  1.103e+01 
  15423  0.944   1  2009  322   0.82  55153.230   72.2  1.411e+01 
  15424  0.944   1  2009  322   1.33  55153.251   72.2  1.445e+01 
  15425  0.944   1  2009  322   1.98  55153.278   72.2  1.925e+01 
  15426  0.944   1  2009  322   2.49  55153.299   72.2  1.793e+01 
  15428  0.944   1  2009  322   3.15  55153.327   72.2  1.417e+01 
  15429  0.944   1  2009  322   3.66  55153.348   72.2  1.867e+01 
  15461  0.944   1  2009  322  19.92  55154.025   72.2  1.369e+01 
  15462  0.944   1  2009  322  20.42  55154.047   72.2  1.201e+01 
  15463  0.944   1  2009  322  20.93  55154.068   72.2  1.267e+01 
  15464  0.944   1  2009  322  21.44  55154.089   72.2  1.423e+01 
  15466  0.944   1  2009  322  22.08  55154.116   72.2  1.804e+01 
  15467  0.944   1  2009  322  22.59  55154.137   72.2  1.769e+01 
  15468  0.944   1  2009  322  23.21  55154.163   72.2  1.454e+01 
  15469  0.944   1  2009  322  23.72  55154.184   72.2  1.578e+01 
  15471  0.944   1  2009  323   0.56  55154.219   72.2  1.485e+01 
  15472  0.944   1  2009  323   1.06  55154.240   72.2  1.630e+01 
  15473  0.944   1  2009  323   1.75  55154.269   72.2  1.473e+01 
  15475  0.944   1  2009  323   2.87  55154.315   72.2  1.141e+01 
  15476  0.944   1  2009  323   3.38  55154.336   72.2  1.055e+01 
  15511  1.376   2  2009  323  20.79  55155.062   72.2  5.973e+00 
  15512  0.688   1  2009  323  21.34  55155.085   72.2  5.057e+00 
  15513  0.688   1  2009  323  21.71  55155.100   72.2  4.922e+00 
  15514  0.521   1  2009  323  22.24  55155.122   72.2  5.519e+00 
  15515  1.042   2  2009  323  22.66  55155.140   72.2  7.083e+00 
  15516  0.521   1  2009  323  23.07  55155.157   72.2  6.809e+00 
  15562  1.000   1  2009  324  22.23  55156.122   72.2  1.127e+01 
  15563  1.000   1  2009  324  22.76  55156.144   72.2  1.257e+01 
  15564  1.000   1  2009  324  23.29  55156.166   72.2  1.136e+01 
  15565  1.000   1  2009  324  23.81  55156.188   72.2  9.992e+00 
  15617  0.667   2  2009  326   1.87  55157.274   72.2  9.976e+00 
  15618  0.667   2  2009  326   2.24  55157.289   72.2  1.032e+01 
  15619  0.722   1  2009  326   2.96  55157.319   72.2  1.132e+01 
  15620  0.722   1  2009  326   3.37  55157.336   72.2  1.228e+01 
  15656  0.500   1  2009  326  21.13  55158.076   72.2  8.494e+00 
  15657  1.000   2  2009  326  21.82  55158.105   72.2  8.513e+00 
  15658  0.500   1  2009  326  22.24  55158.122   72.2  8.098e+00 
  15659  0.500   1  2009  326  22.51  55158.134   72.2  6.932e+00 
  15660  0.931   1  2009  326  23.27  55158.165   72.2  5.725e+00 
  15661  0.931   1  2009  326  23.77  55158.186   72.2  5.008e+00 
  15662  0.931   1  2009  327   0.27  55158.207   72.2  4.824e+00 
  15663  0.931   1  2009  327   0.76  55158.227   72.2  4.553e+00 
  15665  1.111   2  2009  327   1.84  55158.272   72.2  4.552e+00 
  15667  1.000   2  2009  327   2.69  55158.308   72.2  5.680e+00 
  15709  1.042   2  2009  327  23.84  55159.189   72.1  8.820e+00 
  15716  2.000   1  2009  328   3.36  55159.336   72.1  5.405e+00 
  15750  0.833   1  2009  328  20.18  55160.037   72.1  5.100e+00 
  15751  0.833   1  2009  328  20.65  55160.056   72.1  4.394e+00 
  15752  0.833   1  2009  328  21.12  55160.075   72.1  4.316e+00 
  15753  0.833   1  2009  328  21.58  55160.095   72.1  5.382e+00 
  15754  0.556   1  2009  328  22.25  55160.123   72.1  5.905e+00 
  15755  1.111   2  2009  328  22.74  55160.143   72.1  6.437e+00 
  15756  0.428   1  2009  328  23.42  55160.171   72.1  5.920e+00 
  15757  0.856   2  2009  328  23.78  55160.186   72.0  6.213e+00 
  15758  0.856   2  2009  329   0.30  55160.208   72.0  6.253e+00 
  15759  0.856   2  2009  329   0.82  55160.230   72.0  6.688e+00 
  15760  0.428   1  2009  329   1.18  55160.245   72.0  6.736e+00 
  15761  0.444   1  2009  329   1.63  55160.263   72.0  7.268e+00 
  15762  0.889   2  2009  329   2.13  55160.284   72.0  8.011e+00 
  15763  0.889   2  2009  329   2.76  55160.311   72.0  7.979e+00 
  15764  0.889   2  2009  329   3.34  55160.335   72.0  6.946e+00 
  16229  1.000   1  2009  338  19.97  55170.028   72.6  4.942e+00 
  16230  1.000   1  2009  338  20.49  55170.050   72.6  4.138e+00 
  16232  1.000   1  2009  338  21.35  55170.085   72.6  3.388e+00 
  16233  1.000   1  2009  338  21.88  55170.107   72.6  2.158e+00 
  16235  1.000   1  2009  338  22.98  55170.153   72.6  2.913e+00 
  16237  1.000   1  2009  338  23.51  55170.175   72.6  2.840e+00 
  16278  0.833   1  2009  339  20.38  55171.045   72.8  2.792e+00 
  16279  0.833   1  2009  339  20.82  55171.063   72.8  2.540e+00 
  16280  0.333   1  2009  339  21.45  55171.089   72.8  2.464e+00 
  16281  0.333   1  2009  339  21.66  55171.098   72.8  2.389e+00 
  16282  0.333   1  2009  339  22.09  55171.116   72.8  3.048e+00 
  16326  0.667   1  2009  340  20.36  55172.044   73.0  2.893e+00 
  16327  0.667   1  2009  340  20.78  55172.061   73.0  4.868e+00 
  16329  1.000   1  2009  340  21.76  55172.102   73.0  4.941e+00 
  16330  1.000   1  2009  340  22.29  55172.124   73.0  5.507e+00 
  16470  0.833   1  2009  343  20.15  55175.035   73.8  4.686e+00 
  16471  0.833   1  2009  343  20.58  55175.053   73.8  4.499e+00 
  16472  0.667   1  2009  343  21.39  55175.087   73.8  4.691e+00 
  16473  0.667   1  2009  343  21.80  55175.104   73.8  4.460e+00 
  16566  0.782   2  2009  345  20.18  55177.036   74.0  4.894e+00 
  16567  0.667   2  2009  345  20.72  55177.059   74.0  4.088e+00 
  16568  0.333   1  2009  345  21.04  55177.072   74.0  3.826e+00 
  16710  0.833   1  2009  348  20.16  55180.035   74.4  3.496e+00 
  16711  0.833   1  2009  348  20.59  55180.053   74.4  3.034e+00 
  16771  0.333   2  2009  350   2.65  55181.306   74.5  4.433e+00 
  16806  0.489   4  2009  350  20.31  55182.042   74.6  5.991e+00 
  16807  0.489   4  2009  350  20.75  55182.060   74.6  5.492e+00 
  16854  1.000   3  2009  351  20.22  55183.038   74.8  3.784e+00 
  16855  0.333   1  2009  351  20.60  55183.054   74.8  2.985e+00 
  16856  1.000   3  2009  351  21.21  55183.079   74.8  2.456e+00 
  16857  0.333   1  2009  351  21.60  55183.095   74.8  2.783e+00 
  16858  0.667   2  2009  351  22.39  55183.128   74.8  3.310e+00 
  16859  0.667   2  2009  351  22.77  55183.145   74.9  3.757e+00 
  16860  0.667   2  2009  351  23.36  55183.169   74.9  3.767e+00 
  16861  0.667   2  2009  351  23.74  55183.185   74.9  4.339e+00 
  16862  0.667   2  2009  352   0.38  55183.212   74.9  3.497e+00 
  16863  0.667   2  2009  352   0.77  55183.228   74.9  4.025e+00 
  16902  1.000   3  2009  352  20.27  55184.040   75.1  3.905e+00 
  16903  0.333   1  2009  352  20.66  55184.056   75.1  3.070e+00 
  16904  1.000   3  2009  352  21.26  55184.081   75.1  3.647e+00 
  16905  0.333   1  2009  352  21.65  55184.098   75.1  3.279e+00 
  16906  0.333   1  2009  352  22.34  55184.126   75.1  3.750e+00 
  16907  1.000   3  2009  352  22.72  55184.142   75.1  3.608e+00 
  16908  0.667   2  2009  352  23.38  55184.170   75.1  3.308e+00 
  16909  0.667   2  2009  352  23.77  55184.186   75.1  3.425e+00 
  16910  0.667   2  2009  353   0.36  55184.211   75.1  2.891e+00 
  16911  0.667   2  2009  353   0.75  55184.227   75.1  3.196e+00 
  16912  0.333   1  2009  353   1.43  55184.255   75.1  2.867e+00 
  16913  0.333   1  2009  353   1.63  55184.263   75.1  2.511e+00 
  17048  1.000   2  2009  355  21.32  55187.084   75.6  3.090e+00 
  17049  0.500   1  2009  355  21.73  55187.101   75.6  2.597e+00 
  17050  1.000   2  2009  355  22.20  55187.121   75.6  3.187e+00 
  17051  1.000   2  2009  355  22.82  55187.146   75.6  3.212e+00 
  17052  0.500   1  2009  355  23.23  55187.164   75.6  3.045e+00 
  17053  0.333   1  2009  355  23.89  55187.191   75.6  2.288e+00 
  17054  0.333   1  2009  356   0.09  55187.199   75.6  2.888e+00 
  17055  1.333   2  2009  356   0.70  55187.225   75.6  3.260e+00 
  17056  0.667   1  2009  356   1.27  55187.249   75.6  3.187e+00 
  17057  0.667   1  2009  356   1.65  55187.264   75.6  3.348e+00 
  17058  0.667   1  2009  356   2.03  55187.280   75.6  3.194e+00 
  17059  0.667   1  2009  356   2.72  55187.309   75.6  3.041e+00 
  17060  1.333   2  2009  356   3.26  55187.331   75.6  3.434e+00 
  17061  0.667   1  2009  356   3.80  55187.354   75.6  4.371e+00 
  17094  0.556   2  2009  356  20.36  55188.044   75.6  2.821e+00 
  17095  0.400   1  2009  356  20.93  55188.068   75.6  2.691e+00 
  17097  0.750   3  2009  356  21.71  55188.100   75.6  2.491e+00 
  17098  0.500   2  2009  356  22.18  55188.120   75.6  2.983e+00 
  17099  1.000   2  2009  356  22.85  55188.148   75.6  3.194e+00 
  17100  0.500   1  2009  356  23.26  55188.165   75.6  3.482e+00 
  17101  1.000   2  2009  356  23.74  55188.185   75.6  3.098e+00 
  17102  0.500   1  2009  357   0.22  55188.205   75.6  2.583e+00 
  17103  1.000   2  2009  357   0.65  55188.223   75.6  2.931e+00 
  17105  0.400   1  2009  357   1.96  55188.277   75.6  3.031e+00 
  17106  0.333   1  2009  357   2.32  55188.292   75.6  3.207e+00 
  17107  1.000   2  2009  357   2.78  55188.311   75.6  3.201e+00 
  17108  0.667   1  2009  357   3.27  55188.332   75.6  3.164e+00 
  17109  1.333   2  2009  357   3.81  55188.354   75.6  4.035e+00 
  17143  0.500   1  2009  357  20.78  55189.062   75.7  2.491e+00 
  17144  1.000   2  2009  357  21.20  55189.079   75.7  3.024e+00 
  17145  1.000   2  2009  357  21.80  55189.104   75.7  4.609e+00 
  17146  0.500   1  2009  357  22.27  55189.124   75.7  5.148e+00 
  17147  1.000   2  2009  357  22.69  55189.141   75.7  5.020e+00 
  17148  1.000   2  2009  357  23.35  55189.169   75.7  4.481e+00 
  17149  0.500   1  2009  357  23.77  55189.186   75.7  3.857e+00 
  17150  0.500   1  2009  358   0.04  55189.197   75.7  4.802e+00 
  17152  1.000   2  2009  358   1.25  55189.248   75.8  5.377e+00 
  17153  1.000   2  2009  358   1.80  55189.271   75.8  4.924e+00 
  17154  1.000   2  2009  358   2.35  55189.294   75.8  4.502e+00 
  17155  0.333   1  2009  358   2.82  55189.313   75.8  4.260e+00 
  17156  1.000   2  2009  358   3.26  55189.331   75.8  4.419e+00 
  17157  0.667   1  2009  358   3.74  55189.351   75.8  4.544e+00 
  17191  0.667   1  2009  358  20.56  55190.052   75.9  1.618e+00 
  17193  1.500   1  2009  358  21.99  55190.112   75.9  2.460e+00 
  17195  1.500   1  2009  358  22.77  55190.144   75.9  2.450e+00 
  17198  1.500   1  2009  359   0.32  55190.209   75.9  2.523e+00 
  17200  1.500   1  2009  359   1.10  55190.241   75.9  3.162e+00 
  17203  0.667   2  2009  359   2.62  55190.305   75.9  2.834e+00 
  17204  0.822   4  2009  359   3.25  55190.331   75.9  2.845e+00 
  17205  0.556   2  2009  359   3.69  55190.349   75.9  3.482e+00 
  17722  1.000   3  2010    4  22.26  55201.123   77.6  4.144e+00 
  17723  0.333   1  2010    4  22.69  55201.141   77.6  3.724e+00 
  17870  0.746  11  2010    8   0.23  55204.205   78.1  6.632e+00 
  17871  0.542   8  2010    8   0.73  55204.226   78.1  4.667e+00 
  17872  0.610   9  2010    8   1.23  55204.247   78.1  3.913e+00 
  17873  0.542   8  2010    8   1.76  55204.269   78.1  3.913e+00 
  17874  0.610   9  2010    8   2.26  55204.290   78.1  4.881e+00 
  17875  0.746  11  2010    8   2.74  55204.310   78.1  4.702e+00 
  17876  0.678  10  2010    8   3.28  55204.332   78.1  4.499e+00 
  17877  0.339   5  2010    8   3.63  55204.347   78.1  4.367e+00 
  17910  0.333   1  2010    8  20.37  55205.044   78.3  5.536e+00 
  17911  0.667   2  2010    8  20.69  55205.058   78.3  4.607e+00 
  17912  0.333   1  2010    8  21.02  55205.071   78.3  4.344e+00 
  18053  0.333   1  2010   11  19.90  55208.025   79.1  1.139e+01 
  18054  0.667   2  2010   11  20.22  55208.038   79.1  8.381e+00 
  18055  0.333   1  2010   11  20.55  55208.052   79.1  6.261e+00 
  18103  0.449   1  2010   12  20.74  55209.060   79.3  6.487e+00 
  18104  0.898   2  2010   12  21.16  55209.077   79.3  7.040e+00 
  18107  1.000   1  2010   12  22.71  55209.142   79.3  7.053e+00 
  18108  1.000   1  2010   12  23.24  55209.164   79.3  8.226e+00 
  18109  1.000   1  2010   12  23.94  55209.193   79.3  7.402e+00 
  18110  1.000   1  2010   13   0.47  55209.215   79.3  7.572e+00 
  18112  1.000   1  2010   13   1.29  55209.249   79.3  6.539e+00 
  18113  1.000   1  2010   13   1.82  55209.271   79.3  6.319e+00 
  18163  1.000   1  2010   14   2.70  55210.308   79.4  5.799e+00 
  18164  1.000   1  2010   14   3.22  55210.330   79.4  5.843e+00 
  18253  2.000   1  2010   15  23.94  55212.193   79.3  6.705e+00 
  18255  1.000   1  2010   16   0.97  55212.236   79.3  6.220e+00 
  18256  1.000   1  2010   16   1.50  55212.258   79.3  6.318e+00 
  18258  1.000   1  2010   16   2.31  55212.292   79.3  6.711e+00 
  18259  1.000   1  2010   16   2.84  55212.314   79.3  6.748e+00 
  18294  0.333   2  2010   16  20.22  55213.038   79.2  5.316e+00 
  18297  0.333   1  2010   16  21.94  55213.110   79.2  5.334e+00 
  18298  0.667   2  2010   16  22.23  55213.122   79.2  5.465e+00 
  18299  0.667   2  2010   16  22.70  55213.141   79.2  5.206e+00 
  18300  1.000   3  2010   16  23.27  55213.165   79.2  5.443e+00 
  18301  0.333   1  2010   16  23.93  55213.193   79.2  6.344e+00 
  18302  0.667   2  2010   17   0.22  55213.205   79.2  6.607e+00 
  18303  0.333   1  2010   17   0.51  55213.217   79.2  6.693e+00 
  18304  1.000   1  2010   17   1.11  55213.242   79.2  8.276e+00 
  18305  1.000   1  2010   17   1.64  55213.264   79.2  7.597e+00 
  18306  1.000   1  2010   17   2.37  55213.294   79.2  6.704e+00 
  18307  1.000   1  2010   17   2.90  55213.316   79.2  6.157e+00 
  18349  0.389   2  2010   17  23.58  55214.178   79.2  5.847e+00 
  18350  0.600   2  2010   18   0.09  55214.199   79.2  6.277e+00 
  18352  0.683   3  2010   18   1.19  55214.245   79.2  7.981e+00 
  18354  0.611   2  2010   18   2.27  55214.290   79.2  8.037e+00 
  18355  0.611   2  2010   18   2.61  55214.304   79.2  6.807e+00 
  18357  0.600   2  2010   18   3.62  55214.347   79.2  4.937e+00 
  18392  0.556   4  2010   18  21.28  55215.082   79.3  6.156e+00 
  18402  0.425   2  2010   19   2.29  55215.291   79.3  4.331e+00 
  18439  0.511   2  2010   19  20.66  55216.056   79.2  4.729e+00 
  18440  0.822   1  2010   19  21.46  55216.090   79.2  4.610e+00 
  18442  0.550   2  2010   19  22.36  55216.127   79.2  4.314e+00 
  18448  0.433   1  2010   20   1.46  55216.256   79.2  6.580e+00 
  18449  0.433   1  2010   20   1.71  55216.267   79.2  7.057e+00 
  18452  0.400   1  2010   20   3.05  55216.322   79.2  6.835e+00 
  18487  1.000   1  2010   20  20.60  55217.054   79.1  5.999e+00 
  18488  1.000   1  2010   20  21.13  55217.076   79.1  6.027e+00 
  18490  1.000   1  2010   20  22.05  55217.114   79.1  5.462e+00 
  18491  1.000   1  2010   20  22.56  55217.136   79.1  5.422e+00 
  18492  0.889   1  2010   20  23.27  55217.165   79.1  5.114e+00 
  18493  0.889   1  2010   20  23.73  55217.184   79.1  5.586e+00 
  18494  0.889   1  2010   21   0.19  55217.204   79.1  5.512e+00 
  18495  0.889   1  2010   21   0.66  55217.223   79.1  4.635e+00 
  18496  1.000   1  2010   21   1.36  55217.252   79.1  4.497e+00 
  18497  1.000   1  2010   21   1.88  55217.274   79.1  7.565e+00 
  18498  1.000   1  2010   21   2.40  55217.296   79.1  7.637e+00 
  18499  1.000   1  2010   21   2.92  55217.317   79.1  7.097e+00 
  18500  0.667   1  2010   21   3.43  55217.338   79.1  7.405e+00 
  18501  0.667   1  2010   21   3.78  55217.353   79.1  6.662e+00 
  18541  0.919   1  2010   21  23.59  55218.178   79.0  5.358e+00 
  18542  0.919   1  2010   22   0.07  55218.198   79.0  6.375e+00 
  18543  0.444   1  2010   22   0.83  55218.230   79.0  7.183e+00 
  18544  0.889   2  2010   22   1.22  55218.246   79.0  7.649e+00 
  18545  0.889   2  2010   22   1.73  55218.268   79.0  7.882e+00 
  18546  0.889   2  2010   22   2.25  55218.289   79.0  7.527e+00 
  18547  0.444   1  2010   22   2.63  55218.305   79.0  7.573e+00 
  18548  0.889   2  2010   22   3.26  55218.331   79.0  7.524e+00 
  18549  0.889   2  2010   22   3.77  55218.353   79.0  9.192e+00 
  18550  0.889   2  2010   22   4.29  55218.374   79.0  1.235e+01 
  18583  0.889   2  2010   22  20.65  55219.056   78.9  5.244e+00 
  18584  0.889   2  2010   22  21.16  55219.077   78.9  5.431e+00 
  18585  0.889   2  2010   22  21.68  55219.099   78.9  6.514e+00 
  18586  0.444   1  2010   22  22.06  55219.115   78.9  6.977e+00 
  18587  0.444   1  2010   22  22.79  55219.145   78.9  8.100e+00 
  18588  0.889   2  2010   22  23.18  55219.161   78.9  8.790e+00 
  18589  0.889   2  2010   22  23.69  55219.183   78.9  9.414e+00 
  18590  0.889   2  2010   23   0.20  55219.204   78.9  9.065e+00 
  18591  0.444   1  2010   23   0.59  55219.220   78.9  8.983e+00 
  18592  1.667   1  2010   23   1.45  55219.256   78.9  8.977e+00 
  18594  1.667   1  2010   23   2.33  55219.293   78.9  8.292e+00 
  18596  0.889   2  2010   23   3.29  55219.333   78.9  6.680e+00 
  18597  0.889   2  2010   23   3.80  55219.354   78.9  6.191e+00 
  18598  0.889   2  2010   23   4.32  55219.375   78.9  7.985e+00 
  18632  2.000   1  2010   23  21.12  55220.076   78.8  2.070e+00 
  18634  2.000   1  2010   23  22.16  55220.119   78.8  3.257e+00 
  18636  2.000   1  2010   23  23.29  55220.166   78.9  4.043e+00 
  18638  2.000   1  2010   24   0.34  55220.210   78.9  4.865e+00 
  18640  2.000   1  2010   24   1.46  55220.256   78.9  5.982e+00 
  18643  2.000   1  2010   24   2.50  55220.300   78.9  6.406e+00 
  18645  2.000   1  2010   24   3.61  55220.346   78.9  7.594e+00 
  18678  0.444   1  2010   24  20.49  55221.049   79.0  2.393e+00 
  18679  0.444   1  2010   24  20.74  55221.060   79.0  1.163e+00 
  18680  0.889   2  2010   24  21.13  55221.076   79.0  1.990e+00 
  18681  0.889   2  2010   24  21.64  55221.097   79.0  2.981e+00 
  18682  0.444   1  2010   24  22.03  55221.113   79.0  2.876e+00 
  18683  0.444   1  2010   24  22.75  55221.144   79.0  5.102e+00 
  18684  0.889   2  2010   24  23.14  55221.160   79.0  3.982e+00 
  18685  0.444   1  2010   24  23.52  55221.176   79.0  3.731e+00 
  18686  0.889   2  2010   25   0.23  55221.205   79.0  4.199e+00 
  18687  0.889   2  2010   25   0.74  55221.227   79.0  4.565e+00 
  18688  0.889   2  2010   25   1.26  55221.248   79.0  4.408e+00 
  18689  0.889   2  2010   25   1.77  55221.269   79.0  4.845e+00 
  18690  0.444   1  2010   25   2.45  55221.298   79.0  4.934e+00 
  18691  0.889   2  2010   25   2.84  55221.314   79.0  4.882e+00 
  18692  0.889   2  2010   25   3.35  55221.335   79.0  3.661e+00 
  18693  0.444   1  2010   25   3.73  55221.351   79.0  3.106e+00 
  18694  0.444   1  2010   25   4.25  55221.372   79.0  3.904e+00 
  18836  1.000   1  2010   28   3.37  55224.336   79.1  2.691e+00 
  19158  0.634   1  2010   34  20.31  55231.042   81.1  6.554e+00 
  19159  0.634   1  2010   34  20.68  55231.057   81.1  5.573e+00 
  19160  0.712   2  2010   34  21.07  55231.073   81.1  5.235e+00 
  19161  0.634   1  2010   34  21.65  55231.098   81.1  6.128e+00 
  19164  1.000   1  2010   34  23.31  55231.167   81.1  2.545e+00 
  19165  1.000   1  2010   34  23.84  55231.189   81.1  2.662e+00 
  19167  1.000   1  2010   35   0.61  55231.221   81.1  3.251e+00 
  19168  1.000   1  2010   35   1.14  55231.243   81.1  3.594e+00 
  19169  0.500   5  2010   35   1.82  55231.271   81.1  3.219e+00 
  19170  0.800   8  2010   35   2.24  55231.289   81.1  3.506e+00 
  19352  0.722   2  2010   38  21.33  55235.084   81.4  4.909e+00 
  19353  0.722   2  2010   38  21.79  55235.104   81.4  5.812e+00 
  19356  1.500   1  2010   38  23.38  55235.170   81.4  5.706e+00 
  19358  1.500   1  2010   39   0.16  55235.202   81.4  6.547e+00 
  19359  1.500   1  2010   39   0.93  55235.235   81.4  6.767e+00 
  19361  1.500   1  2010   39   1.71  55235.267   81.4  7.082e+00 
  19411  0.817   7  2010   40   2.75  55236.310   81.5  1.035e+01 
  19412  0.817   7  2010   40   3.26  55236.331   81.5  1.002e+01 
  19413  0.817   7  2010   40   3.77  55236.352   81.5  8.580e+00 
  19446  0.667   4  2010   40  20.31  55237.042   81.7  1.106e+01 
  19449  0.500   3  2010   40  21.66  55237.098   81.7  9.489e+00 
  19453  0.800   8  2010   40  23.76  55237.186   81.7  1.007e+01 
  19454  0.700   7  2010   41   0.25  55237.206   81.7  1.045e+01 
  19455  0.800   8  2010   41   0.74  55237.227   81.7  1.106e+01 
  19456  0.400   4  2010   41   1.14  55237.243   81.7  9.268e+00 
  19497  0.333   1  2010   41  21.92  55238.109   81.9  3.398e+00 
  19498  0.667   2  2010   41  22.21  55238.121   81.9  4.306e+00 
  19499  0.333   1  2010   41  22.50  55238.133   81.9  5.071e+00 
  19507  1.000   1  2010   42   2.50  55238.300   82.0  8.818e+00 
  19508  1.000   1  2010   42   3.02  55238.322   82.0  9.056e+00 
  19509  1.000   1  2010   42   3.62  55238.346   82.0  7.934e+00 
  19510  1.000   1  2010   42   4.14  55238.368   82.0  8.321e+00 
  19592  1.267   2  2010   43  21.22  55240.080   82.6  5.977e+00 
  19593  0.633   1  2010   43  21.77  55240.103   82.6  6.100e+00 
  19594  0.633   1  2010   43  22.13  55240.118   82.6  6.816e+00 
  19652  0.564   2  2010   45   3.27  55241.332   82.8  9.402e+00 
  19688  0.667   1  2010   45  21.41  55242.088   82.9  2.644e+00 
  19690  1.500   1  2010   45  22.27  55242.123   82.9  3.569e+00 
  19692  1.167   1  2010   45  23.12  55242.159   82.9  4.442e+00 
  19694  1.500   1  2010   46   0.18  55242.203   82.9  5.444e+00 
  19695  1.500   1  2010   46   0.96  55242.235   82.9  5.492e+00 
  19697  1.500   1  2010   46   1.73  55242.268   82.9  7.569e+00 
  19699  1.167   1  2010   46   2.60  55242.304   82.9  1.018e+01 
  19700  0.833   1  2010   46   3.39  55242.337   82.9  9.108e+00 
  19701  0.833   1  2010   46   3.91  55242.359   82.9  8.839e+00 
  19734  0.500   1  2010   46  20.36  55243.044   83.0  6.045e+00 
  19735  0.700   3  2010   46  20.71  55243.058   83.0  6.180e+00 
  19736  1.000  10  2010   46  21.25  55243.081   83.0  6.742e+00 
  19738  2.000   1  2010   46  22.37  55243.128   83.0  8.487e+00 
  19740  2.000   1  2010   46  23.50  55243.175   83.0  7.531e+00 
  19743  2.000   1  2010   47   0.59  55243.220   83.1  6.149e+00 
  19745  1.000   2  2010   47   1.67  55243.265   83.1  5.945e+00 
  19746  1.000   2  2010   47   2.27  55243.290   83.1  6.377e+00 
  19748  0.500   1  2010   47   3.25  55243.331   83.1  4.776e+00 
  19749  1.000   1  2010   47   3.88  55243.357   83.1  4.851e+00 
  19791  0.700  21  2010   48   0.76  55244.227   83.2  7.348e+00 
  19792  0.600  12  2010   48   1.26  55244.248   83.2  7.720e+00 
  19793  0.800   8  2010   48   1.72  55244.267   83.2  7.648e+00 
  19794  0.800   8  2010   48   2.24  55244.289   83.2  8.186e+00 
  19795  0.800   8  2010   48   2.75  55244.310   83.2  8.508e+00 
  19797  1.000   1  2010   48   3.63  55244.347   83.2  1.039e+01 
  19798  1.000   1  2010   48   4.16  55244.369   83.2  1.156e+01 
  19830  0.800   8  2010   48  20.26  55245.040   83.4  5.305e+00 
  19831  0.700   7  2010   48  20.74  55245.060   83.4  6.526e+00 
  19832  0.800   8  2010   48  21.23  55245.080   83.4  8.074e+00 
  19833  0.600   6  2010   48  21.68  55245.099   83.4  8.960e+00 
  19834  1.000   2  2010   48  22.30  55245.125   83.4  1.119e+01 
  19835  0.500   1  2010   48  22.70  55245.141   83.4  1.181e+01 
  19836  1.000   2  2010   48  23.32  55245.167   83.4  1.153e+01 
  19837  0.500   1  2010   48  23.72  55245.184   83.4  1.044e+01 
  19838  0.500   1  2010   49   0.37  55245.211   83.4  9.186e+00 
  19839  1.000   2  2010   49   0.77  55245.227   83.4  8.960e+00 
  19840  0.500   1  2010   49   1.44  55245.256   83.5  1.033e+01 
  19841  1.000   2  2010   49   1.84  55245.272   83.5  9.575e+00 
  19842  0.500   1  2010   49   2.49  55245.299   83.5  9.388e+00 
  19843  0.500   1  2010   49   2.75  55245.310   83.5  9.137e+00 
  19844  0.633   5  2010   49   3.11  55245.325   83.5  8.787e+00 
  19845  0.500  15  2010   49   3.75  55245.352   83.5  7.970e+00 
  19846  0.500  15  2010   49   4.21  55245.371   83.5  6.459e+00 
  19879  1.000   4  2010   49  20.75  55246.060   83.6  9.846e+00 
  19882  0.500   2  2010   49  22.30  55246.125   83.7  1.036e+01 
  19883  0.500   2  2010   49  22.60  55246.137   83.7  1.092e+01 
  19884  0.750   3  2010   49  23.30  55246.166   83.7  1.203e+01 
  19886  0.500   1  2010   50   0.29  55246.208   83.7  1.010e+01 
  19887  1.000   2  2010   50   0.71  55246.225   83.7  9.774e+00 
  19888  0.500   1  2010   50   1.12  55246.242   83.7  1.022e+01 
  19889  0.500   2  2010   50   1.80  55246.271   83.7  1.044e+01 
  19890  0.500   2  2010   50   2.10  55246.283   83.7  1.156e+01 
  19891  0.750   3  2010   50   2.84  55246.314   83.7  1.104e+01 
  19893  0.750   3  2010   50   3.81  55246.354   83.7  1.228e+01 
  19926  0.800   8  2010   50  20.24  55247.039   83.7  9.169e+00 
  19927  0.600   6  2010   50  20.68  55247.057   83.7  9.646e+00 
  19929  0.667   1  2010   50  21.99  55247.112   83.7  1.015e+01 
  19930  0.667   1  2010   50  22.35  55247.127   83.7  9.372e+00 
  19931  0.667   1  2010   50  22.71  55247.142   83.7  9.235e+00 
  19932  0.667   1  2010   50  23.07  55247.157   83.7  1.047e+01 
  19974  0.800   8  2010   51  20.25  55248.039   83.4  6.327e+00 
  19975  0.400   4  2010   51  20.63  55248.055   83.4  6.517e+00 
  19981  0.333  10  2010   51  23.86  55248.190   83.4  1.238e+01 
  19982  0.733  22  2010   52   0.23  55248.205   83.4  1.287e+01 
  19983  0.767  23  2010   52   0.74  55248.227   83.4  1.171e+01 
  19984  0.767  23  2010   52   1.25  55248.248   83.4  1.204e+01 
  19985  0.350   8  2010   52   1.82  55248.271   83.3  1.222e+01 
  19986  0.750  15  2010   52   2.23  55248.289   83.3  1.260e+01 
  19987  0.850  17  2010   52   2.75  55248.310   83.3  1.464e+01 
  19988  0.850  17  2010   52   3.26  55248.331   83.3  1.423e+01 
  20022  0.800   8  2010   52  20.26  55249.040   83.0  1.017e+01 
  20023  0.400   4  2010   52  20.64  55249.056   83.0  1.150e+01 
  20028  0.667   2  2010   52  23.38  55249.170   82.9  7.084e+00 
  20029  0.333   2  2010   52  23.70  55249.183   82.9  7.649e+00 
  20030  0.500   1  2010   53   0.29  55249.208   82.9  9.446e+00 
  20031  1.000   4  2010   53   0.72  55249.225   82.9  9.257e+00 
  20032  0.500   3  2010   53   1.17  55249.244   82.9  1.110e+01 
  20033  0.600   6  2010   53   1.78  55249.270   82.9  1.080e+01 
  20034  0.800   8  2010   53   2.23  55249.288   82.9  1.067e+01 
  20035  0.800   8  2010   53   2.75  55249.310   82.8  1.049e+01 
  20036  0.800   8  2010   53   3.26  55249.331   82.8  1.105e+01 
  20037  0.600   6  2010   53   3.81  55249.354   82.8  1.024e+01 
  20038  0.800   8  2010   53   4.26  55249.373   82.8  1.029e+01 
  20069  0.350   1  2010   53  19.89  55250.024   82.4  5.299e+00 
  20070  0.700   2  2010   53  20.21  55250.038   82.4  5.056e+00 
  20071  1.050   3  2010   53  20.75  55250.060   82.4  5.557e+00 
  20072  0.333   1  2010   53  21.43  55250.089   82.4  6.117e+00 
  20073  0.667   2  2010   53  21.72  55250.101   82.4  5.220e+00 
  20074  0.333   1  2010   53  22.01  55250.113   82.4  5.072e+00 
  20075  1.000   2  2010   53  22.66  55250.140   82.4  4.873e+00 
  20076  1.000   2  2010   53  23.21  55250.163   82.4  5.491e+00 
  20077  0.333   2  2010   53  23.71  55250.184   82.4  6.544e+00 
  20078  0.667   2  2010   54   0.15  55250.202   82.3  6.667e+00 
  20082  0.700   2  2010   54   2.31  55250.292   82.3  6.478e+00 
  20083  0.700   2  2010   54   2.74  55250.310   82.3  7.408e+00 
  20084  1.050   3  2010   54   3.28  55250.332   82.3  7.557e+00 
  20085  0.700   2  2010   54   3.82  55250.355   82.3  7.521e+00 
  20086  0.700   2  2010   54   4.24  55250.372   82.3  8.830e+00 
  20087  0.350   1  2010   54   4.56  55250.386   82.3  1.224e+01 
  20117  0.444   4  2010   54  19.76  55251.019   81.9  7.354e+00 
  20120  0.333   3  2010   54  21.16  55251.077   81.9  7.110e+00 
  20123  0.500   3  2010   54  22.69  55251.141   81.9  1.136e+01 
  20124  0.333   2  2010   54  23.30  55251.166   81.9  1.029e+01 
  20127  0.500   3  2010   55   0.69  55251.224   81.8  1.113e+01 
  20132  2.000   1  2010   55   3.25  55251.331   81.8  1.309e+01 
  20552  0.667   2  2010   63  21.32  55260.084   81.0  6.631e+00 
  20553  0.667   2  2010   63  21.71  55260.100   81.0  6.554e+00 
  20598  1.000   3  2010   64  20.26  55261.040   81.1  8.227e+00 
  20599  0.333   1  2010   64  20.65  55261.056   81.1  8.096e+00 
  20608  0.350   3  2010   65   1.39  55261.253   81.1  9.475e+00 
  20609  0.817   7  2010   65   1.73  55261.268   81.1  9.169e+00 
  20610  0.817   7  2010   65   2.25  55261.289   81.1  1.144e+01 
  20611  0.817   7  2010   65   2.75  55261.310   81.1  9.572e+00 
  20613  1.000   1  2010   65   3.58  55261.345   81.1  1.095e+01 
  20614  1.000   1  2010   65   4.10  55261.367   81.1  1.093e+01 
  20645  1.000   3  2010   65  19.70  55262.016   81.2  8.234e+00 
  20646  0.333   1  2010   65  20.09  55262.033   81.2  7.716e+00 
  20660  1.333   2  2010   66   3.23  55262.330   81.2  1.405e+01 
  20661  0.667   1  2010   66   3.78  55262.353   81.2  1.220e+01 
  20662  0.667   1  2010   66   4.14  55262.368   81.2  1.125e+01 
  20663  1.333   2  2010   66   4.69  55262.391   81.2  1.353e+01 
  20694  0.333   1  2010   66  20.49  55263.049   81.2  6.671e+00 
  20695  0.667   2  2010   66  20.78  55263.061   81.2  8.152e+00 
  20696  0.333   1  2010   66  21.07  55263.073   81.2  8.436e+00 
  20751  1.000   1  2010   68   0.96  55264.235   81.3  7.167e+00 
  20752  1.000   1  2010   68   1.48  55264.257   81.3  7.140e+00 
  20754  1.000   1  2010   68   2.30  55264.291   81.3  7.118e+00 
  20755  1.000   1  2010   68   2.82  55264.313   81.3  7.893e+00 
  20757  1.000   1  2010   68   3.67  55264.349   81.3  9.011e+00 
  20758  1.000   1  2010   68   4.20  55264.371   81.3  1.098e+01 
  20790  1.000   3  2010   68  20.27  55265.040   81.3  1.152e+01 
  20791  0.333   1  2010   68  20.66  55265.056   81.3  1.157e+01 
  20798  2.000   1  2010   69   0.26  55265.206   81.3  6.012e+00 
  20801  1.000   1  2010   69   1.77  55265.269   81.3  5.313e+00 
  20848  0.497   1  2010   70   1.20  55266.246   81.4  1.294e+01 
  20895  1.000   1  2010   71   0.54  55267.218   81.6  9.049e+00 
  20896  1.000   1  2010   71   1.07  55267.240   81.6  1.112e+01 
  20897  0.506   1  2010   71   1.80  55267.271   81.6  1.045e+01 
  20935  1.000   3  2010   71  20.72  55268.059   81.8  8.765e+00 
  20936  1.000   3  2010   71  21.30  55268.083   81.8  9.158e+00 
  20937  0.667   2  2010   71  21.78  55268.103   81.8  1.121e+01 
  20939  2.000   1  2010   71  22.73  55268.142   81.8  1.321e+01 
  20941  2.000   1  2010   71  23.95  55268.194   81.9  1.213e+01 
  21030  0.667   2  2010   73  20.33  55270.043   82.5  8.483e+00 
  21031  0.667   2  2010   73  20.72  55270.059   82.6  7.548e+00 
  21032  1.000   3  2010   73  21.20  55270.079   82.6  7.278e+00 
  21033  0.333   1  2010   73  21.59  55270.095   82.6  6.899e+00 
  21034  1.556   2  2010   73  22.25  55270.123   82.6  7.123e+00 
  21043  0.617   3  2010   74   2.82  55270.313   82.6  1.322e+01 
  21077  0.633   1  2010   74  19.99  55271.029   82.9  7.484e+00 
  21078  0.633   1  2010   74  20.36  55271.044   82.9  6.661e+00 
  21079  0.633   1  2010   74  20.72  55271.059   82.9  8.654e+00 
  21080  0.633   1  2010   74  21.09  55271.074   82.9  1.027e+01 
  21081  1.400   2  2010   74  21.75  55271.102   82.9  1.155e+01 
  21094  0.667   2  2010   75   4.24  55271.372   82.9  1.621e+01 
  21095  0.667   2  2010   75   4.62  55271.388   82.9  1.689e+01 
  21126  0.667   1  2010   75  20.45  55272.048   83.0  7.320e+00 
  21127  0.667   1  2010   75  20.81  55272.063   83.0  7.464e+00 
  21128  0.667   1  2010   75  21.17  55272.078   83.0  7.553e+00 
  21129  0.667   1  2010   75  21.98  55272.111   83.0  9.482e+00 
  21131  0.667   1  2010   75  22.93  55272.151   83.0  1.163e+01 
  21138  1.000   3  2010   76   2.23  55272.288   83.1  4.016e+00 
  21139  0.333   1  2010   76   2.65  55272.306   83.1  3.681e+00 
  21140  0.333   1  2010   76   3.41  55272.338   83.1  3.858e+00 
  21141  0.667   2  2010   76   3.73  55272.351   83.1  3.895e+00 
  21142  0.333   1  2010   76   4.05  55272.365   83.1  4.029e+00 
  21143  0.667   2  2010   76   4.71  55272.392   83.1  4.562e+00 
  21173  1.000   1  2010   76  19.89  55273.024   83.1  5.048e+00 
  21174  1.000   1  2010   76  20.42  55273.046   83.1  5.290e+00 
  21176  1.000   1  2010   76  21.12  55273.076   83.1  6.454e+00 
  21177  1.000   1  2010   76  21.65  55273.098   83.1  7.558e+00 
  21178  1.000   1  2010   76  22.18  55273.120   83.1  9.849e+00 
  21179  1.000   1  2010   76  22.70  55273.142   83.1  1.140e+01 
  21180  1.000   1  2010   76  23.36  55273.169   83.1  1.640e+01 
  21181  1.000   1  2010   76  23.89  55273.191   83.1  1.462e+01 
  21185  1.000   1  2010   77   1.75  55273.268   83.1  9.731e+00 
  21186  1.000   1  2010   77   2.28  55273.290   83.1  9.203e+00 
  21187  1.000   1  2010   77   2.80  55273.312   83.1  1.096e+01 
  21188  1.000   1  2010   77   3.33  55273.334   83.1  1.282e+01 
  21189  0.333   1  2010   77   3.88  55273.357   83.1  1.552e+01 
  21190  0.333   1  2010   77   4.10  55273.366   83.1  1.599e+01 
  21191  0.667   2  2010   77   4.63  55273.388   83.1  1.572e+01 
  21221  0.333   1  2010   77  19.86  55274.023   83.2  1.039e+01 
  21222  1.000   3  2010   77  20.24  55274.039   83.2  8.962e+00 
  21224  2.000   1  2010   77  21.34  55274.085   83.2  8.345e+00 
  21227  2.000   1  2010   77  22.56  55274.135   83.2  9.170e+00 
  21229  2.000   1  2010   77  23.75  55274.185   83.2  1.068e+01 
  21233  0.333   1  2010   78   1.88  55274.274   83.2  8.524e+00 
  21234  0.333   1  2010   78   2.08  55274.282   83.2  8.757e+00 
  21236  0.667   2  2010   78   3.33  55274.334   83.2  9.079e+00 
  21237  0.667   2  2010   78   3.76  55274.352   83.2  9.351e+00 
  21238  0.333   1  2010   78   4.35  55274.377   83.2  1.074e+01 
  21239  0.333   1  2010   78   4.56  55274.386   83.2  1.096e+01 
  21269  1.083   3  2010   78  19.74  55275.018   83.2  9.611e+00 
  21270  0.361   1  2010   78  20.21  55275.037   83.2  8.090e+00 
  21272  1.000   1  2010   78  21.03  55275.072   83.2  7.325e+00 
  21273  1.000   1  2010   78  21.56  55275.094   83.2  8.358e+00 
  21274  1.041   2  2010   78  22.48  55275.132   83.2  1.622e+01 
  21276  1.000   1  2010   78  23.02  55275.155   83.2  1.361e+01 
  21277  1.000   1  2010   78  23.54  55275.177   83.2  1.449e+01 
  21278  1.000   1  2010   79   0.14  55275.202   83.2  1.351e+01 
  21279  1.000   1  2010   79   0.67  55275.223   83.2  1.385e+01 
  21280  1.000   1  2010   79   1.19  55275.245   83.2  1.357e+01 
  21282  1.000   1  2010   79   2.11  55275.283   83.2  1.432e+01 
  21283  1.000   1  2010   79   2.63  55275.305   83.2  1.202e+01 
  21284  1.000   1  2010   79   3.15  55275.327   83.2  1.230e+01 
  21285  0.833   1  2010   79   3.68  55275.349   83.2  1.525e+01 
  21286  0.833   1  2010   79   4.12  55275.367   83.2  1.581e+01 
  21287  0.833   1  2010   79   4.56  55275.386   83.2  1.130e+01 
  21316  0.361   1  2010   79  19.40  55276.004   83.2  1.017e+01 
  21317  0.722   2  2010   79  19.75  55276.019   83.2  8.880e+00 
  21318  0.361   1  2010   79  20.10  55276.033   83.2  7.695e+00 
  21319  0.667   4  2010   79  20.75  55276.060   83.2  7.343e+00 
  21320  0.333   1  2010   79  21.50  55276.091   83.2  9.680e+00 
  21321  0.333   1  2010   79  21.69  55276.099   83.2  9.122e+00 
  21322  1.000   2  2010   79  22.34  55276.126   83.2  7.520e+00 
  21323  0.500   1  2010   79  22.79  55276.145   83.2  7.593e+00 
  21324  1.000   2  2010   79  23.23  55276.164   83.2  6.369e+00 
  21325  0.500   1  2010   79  23.76  55276.185   83.2  7.855e+00 
  21326  1.000   2  2010   80   0.20  55276.204   83.2  7.573e+00 
  21327  1.000   2  2010   80   0.80  55276.229   83.2  8.429e+00 
  21328  0.500   1  2010   80   1.29  55276.249   83.2  7.171e+00 
  21329  1.000   2  2010   80   1.73  55276.268   83.2  6.799e+00 
  21330  1.000   2  2010   80   2.33  55276.293   83.2  6.824e+00 
  21331  0.500   1  2010   80   2.88  55276.316   83.2  6.504e+00 
  21332  1.000   2  2010   80   3.33  55276.334   83.2  7.631e+00 
  21333  0.500   1  2010   80   3.77  55276.353   83.2  8.634e+00 
  21334  0.833   2  2010   80   4.21  55276.371   83.2  9.091e+00 
  21335  0.667   2  2010   80   4.73  55276.393   83.2  9.373e+00 
  21365  0.444   2  2010   80  19.89  55277.024   83.3  1.091e+01 
  21366  0.778   2  2010   80  20.36  55277.044   83.3  1.215e+01 
  21367  0.610   2  2010   80  20.76  55277.061   83.3  1.262e+01 
  21369  1.500   2  2010   80  21.73  55277.101   83.3  1.269e+01 
  21370  0.750   1  2010   80  22.37  55277.128   83.3  1.259e+01 
  21372  0.694   1  2010   80  23.14  55277.160   83.3  1.169e+01 
  21373  1.389   2  2010   80  23.74  55277.185   83.3  1.058e+01 
  21375  1.667   1  2010   81   0.78  55277.228   83.3  8.544e+00 
  21377  1.667   1  2010   81   1.70  55277.266   83.3  6.294e+00 
  21379  1.667   1  2010   81   2.70  55277.308   83.3  5.150e+00 
  21381  1.667   1  2010   81   3.61  55277.346   83.3  6.763e+00 
  21382  0.467   2  2010   81   4.35  55277.377   83.3  9.919e+00 
  21383  0.467   2  2010   81   4.64  55277.389   83.3  1.012e+01 
  21414  0.361   1  2010   81  20.35  55278.043   83.4  1.164e+01 
  21415  0.722   2  2010   81  20.69  55278.058   83.4  1.216e+01 
  21416  0.361   1  2010   81  21.04  55278.072   83.4  1.276e+01 
  21417  1.000   2  2010   81  21.73  55278.101   83.4  2.242e+01 
  21418  1.000   2  2010   81  22.32  55278.126   83.4  2.310e+01 
  21420  0.500   1  2010   81  23.26  55278.165   83.4  2.149e+01 
  21421  1.000   2  2010   81  23.71  55278.183   83.4  1.719e+01 
  21422  0.500   1  2010   82   0.15  55278.202   83.4  1.593e+01 
  21423  1.000   2  2010   82   0.67  55278.223   83.4  1.363e+01 
  21424  1.000   2  2010   82   1.26  55278.248   83.4  1.438e+01 
  21431  0.333   2  2010   82   4.66  55278.390   83.4  1.088e+01 
  21460  0.333   1  2010   82  19.43  55279.005   83.4  1.396e+01 
  21461  0.667   2  2010   82  19.74  55279.018   83.4  1.296e+01 
  21462  0.722   2  2010   82  20.30  55279.041   83.4  1.594e+01 
  21463  0.722   2  2010   82  20.76  55279.061   83.4  1.901e+01 
  21465  1.667   2  2010   82  21.74  55279.102   83.4  1.669e+01 
  21466  0.833   1  2010   82  22.44  55279.131   83.4  1.508e+01 
  21473  0.389   2  2010   83   1.61  55279.263   83.4  9.168e+00 
  21474  1.222   2  2010   83   2.21  55279.288   83.4  8.600e+00 
  21475  0.611   1  2010   83   2.74  55279.310   83.4  9.197e+00 
  21477  1.000   3  2010   83   3.75  55279.352   83.4  9.459e+00 
  21478  0.500   2  2010   83   4.26  55279.373   83.4  1.068e+01 
  21479  0.500   3  2010   83   4.70  55279.391   83.4  1.124e+01 
  21509  1.000   3  2010   83  19.71  55280.017   83.4  7.876e+00 
  21510  0.333   1  2010   83  20.10  55280.033   83.4  1.070e+01 
  21520  1.111   2  2010   84   1.23  55280.247   83.3  1.050e+01 
  21522  1.000   1  2010   84   2.13  55280.284   83.3  1.202e+01 
  21523  1.000   1  2010   84   2.66  55280.306   83.3  1.285e+01 
  21524  0.333   1  2010   84   3.43  55280.338   83.3  1.369e+01 
  21525  0.667   2  2010   84   3.72  55280.350   83.3  1.880e+01 
  21556  0.361   1  2010   84  19.44  55281.006   83.1  1.882e+01 
  21557  0.722   2  2010   84  19.79  55281.020   83.1  1.773e+01 
  21558  0.361   1  2010   84  20.13  55281.035   83.1  1.600e+01 
  21562  1.000   1  2010   84  22.28  55281.124   83.0  1.679e+01 
  21563  1.000   1  2010   84  22.80  55281.145   83.0  1.804e+01 
  21569  1.000   1  2010   85   1.62  55281.263   83.0  1.726e+01 
  21570  1.000   1  2010   85   2.14  55281.285   82.9  1.994e+01 
  21571  1.000   1  2010   85   2.82  55281.313   82.9  1.936e+01 
  21572  1.000   1  2010   85   3.35  55281.335   82.9  2.040e+01 
  21653  0.667   2  2010   86  19.85  55283.023   82.1  1.580e+01 
  21654  0.667   2  2010   86  20.23  55283.039   82.1  1.407e+01 
  21668  0.533   2  2010   87   3.33  55283.334   81.9  9.393e+00 
  21845  0.333   1  2010   90  19.88  55287.024   80.5  1.431e+01 
  21846  1.000   3  2010   90  20.27  55287.040   80.5  1.355e+01 
  21902  1.117   3  2010   92   0.22  55288.205   80.1  2.314e+01 
  21903  0.372   1  2010   92   0.65  55288.223   80.1  2.019e+01 
  21942  0.372   1  2010   92  20.29  55289.041   79.8  1.746e+01 
  21943  1.117   3  2010   92  20.72  55289.059   79.8  1.338e+01 
  21944  0.372   1  2010   92  21.42  55289.088   79.8  1.130e+01 
  21945  0.744   2  2010   92  21.74  55289.101   79.8  1.198e+01 
  21946  0.372   1  2010   92  22.06  55289.115   79.8  1.444e+01 
  21947  0.444   1  2010   92  22.93  55289.151   79.8  1.671e+01 
  21948  0.889   2  2010   92  23.32  55289.167   79.8  1.759e+01 
  21949  0.444   1  2010   92  23.71  55289.183   79.8  2.077e+01 
  21998  0.953   6  2010   94   0.27  55290.207   79.5  1.599e+01 
  21999  0.794   5  2010   94   0.76  55290.227   79.5  1.588e+01 
  22000  0.477   3  2010   94   1.12  55290.242   79.5  1.692e+01 
  22001  0.794   5  2010   94   1.75  55290.268   79.4  1.803e+01 
  22002  0.953   6  2010   94   2.27  55290.290   79.4  1.667e+01 
  22003  0.636   4  2010   94   2.72  55290.309   79.4  1.517e+01 
  22004  0.477   3  2010   94   3.32  55290.334   79.4  1.931e+01 
  22005  0.953   6  2010   94   3.72  55290.351   79.4  1.933e+01 
  22006  0.953   6  2010   94   4.26  55290.373   79.4  1.808e+01 
  22035  0.598   2  2010   94  18.88  55290.982   79.2  1.808e+01 
  22038  0.939   5  2010   94  20.25  55291.039   79.2  1.509e+01 
  22039  0.751   4  2010   94  20.75  55291.060   79.2  1.374e+01 
  22040  0.939   5  2010   94  21.26  55291.081   79.2  1.442e+01 
  22041  0.563   3  2010   94  21.75  55291.102   79.2  1.397e+01 
  22042  0.751   4  2010   94  22.23  55291.122   79.2  1.329e+01 
  22043  0.939   5  2010   94  22.74  55291.143   79.2  1.212e+01 
  22044  0.751   4  2010   94  23.24  55291.164   79.2  1.307e+01 
  22045  0.751   4  2010   94  23.73  55291.184   79.2  1.391e+01 
  22046  0.751   4  2010   95   0.23  55291.205   79.1  1.574e+01 
  22047  0.939   5  2010   95   0.73  55291.226   79.1  1.601e+01 
  22048  0.751   4  2010   95   1.30  55291.250   79.1  1.834e+01 
  22049  0.751   4  2010   95   1.77  55291.269   79.1  1.858e+01 
  22050  0.751   4  2010   95   2.22  55291.288   79.1  1.715e+01 
  22051  0.939   5  2010   95   2.73  55291.309   79.1  1.796e+01 
  22052  0.563   3  2010   95   3.24  55291.331   79.1  2.336e+01 
  22053  0.939   5  2010   95   3.73  55291.351   79.1  2.733e+01 
  22054  0.751   4  2010   95   4.23  55291.372   79.1  2.843e+01 
  22055  0.939   5  2010   95   4.73  55291.393   79.1  3.196e+01 
  22085  0.444   2  2010   95  19.62  55292.013   78.9  1.676e+01 
  22088  1.000   2  2010   95  21.20  55292.079   78.9  1.567e+01 
  22089  1.000   2  2010   95  21.80  55292.104   78.9  1.598e+01 
  22090  0.333   1  2010   95  22.30  55292.125   78.9  1.616e+01 
  22091  0.333   1  2010   95  22.52  55292.134   78.9  1.602e+01 
  22092  0.333   1  2010   95  23.41  55292.171   78.9  1.673e+01 
  22093  0.333   1  2010   95  23.60  55292.179   78.9  1.728e+01 
  22094  1.000   2  2010   96   0.26  55292.206   78.9  1.623e+01 
  22095  0.333   2  2010   96   0.78  55292.228   78.9  1.548e+01 
  22096  0.667   3  2010   96   1.23  55292.247   78.9  1.643e+01 
  22098  1.000   2  2010   96   2.29  55292.291   78.9  1.667e+01 
  22099  0.500   1  2010   96   2.74  55292.310   78.9  1.695e+01 
  22100  0.833   3  2010   96   3.18  55292.328   78.9  1.976e+01 
  22101  0.500   3  2010   96   3.76  55292.352   78.9  2.304e+01 
  22102  0.417   2  2010   96   4.30  55292.375   78.9  2.292e+01 
  22136  0.500   1  2010   96  21.41  55293.088   78.7  2.093e+01 
  22137  0.500   1  2010   96  21.71  55293.100   78.7  2.052e+01 
  22138  1.000   2  2010   96  22.16  55293.119   78.7  1.899e+01 
  22141  1.000   2  2010   96  23.81  55293.188   78.6  1.309e+01 
  22142  0.500   1  2010   97   0.26  55293.206   78.6  1.238e+01 
  22143  0.500   1  2010   97   0.55  55293.219   78.6  1.188e+01 
  22148  0.667   2  2010   97   3.13  55293.326   78.6  1.136e+01 
  22149  0.333   2  2010   97   3.70  55293.350   78.6  1.632e+01 
  22150  0.600   3  2010   97   4.22  55293.371   78.6  1.805e+01 
  22151  0.800   3  2010   97   4.75  55293.394   78.6  1.789e+01 
  22181  0.444   1  2010   97  19.71  55294.017   78.4  1.217e+01 
  22182  0.667   1  2010   97  20.12  55294.034   78.4  1.125e+01 
  22183  2.000   1  2010   97  20.92  55294.067   78.4  1.179e+01 
  22186  2.000   1  2010   97  22.19  55294.120   78.3  1.077e+01 
  22190  2.000   1  2010   98   0.48  55294.216   78.3  9.145e+00 
  22193  2.000   1  2010   98   1.59  55294.262   78.3  1.081e+01 
  22228  1.667   1  2010   98  19.47  55295.007   78.0  1.687e+01 
  22230  0.667   1  2010   98  20.18  55295.037   78.0  1.569e+01 
  22243  0.333   3  2010   99   2.80  55295.312   77.9  1.510e+01 
  22245  2.000   1  2010   99   3.59  55295.345   77.9  1.766e+01 
  22247  2.000   1  2010   99   4.71  55295.392   77.9  2.082e+01 
  22277  2.000   1  2010   99  19.56  55296.011   77.7  1.656e+01 
  22279  2.000   1  2010   99  20.79  55296.062   77.7  1.777e+01 
  22281  2.000   1  2010   99  21.91  55296.109   77.6  1.416e+01 
  22283  0.444   4  2010   99  22.76  55296.144   77.6  1.168e+01 
  22284  0.444   4  2010   99  23.31  55296.167   77.6  1.445e+01 
  22289  0.444   4  2010  100   1.72  55296.267   77.6  1.678e+01 
  22292  0.333   3  2010  100   3.37  55296.336   77.5  3.047e+01 
  22293  0.333   3  2010  100   3.78  55296.353   77.5  2.337e+01 
  22295  2.000   1  2010  100   4.70  55296.391   77.5  1.539e+01 
  22324  1.000   3  2010  100  19.31  55297.000   77.2  1.325e+01 
  22325  0.333   1  2010  100  19.69  55297.016   77.2  1.461e+01 
  22329  0.667   2  2010  100  21.61  55297.096   77.2  2.086e+01 
  22339  0.709   2  2010  101   2.81  55297.313   77.1  1.935e+01 
  22340  0.709   2  2010  101   3.21  55297.329   77.1  2.356e+01 
  22481  1.500   2  2010  104   1.73  55300.268   76.4  1.177e+01 
  22517  0.978   4  2010  104  19.71  55301.017   76.3  1.382e+01 
  22518  0.489   2  2010  104  20.13  55301.035   76.3  1.414e+01 
  22519  0.504   2  2010  104  20.65  55301.056   76.3  1.464e+01 
  22527  0.333   1  2010  105   0.90  55301.233   76.2  9.936e+00 
  22528  0.333   1  2010  105   1.10  55301.241   76.2  1.067e+01 
  22530  1.111   2  2010  105   2.24  55301.289   76.2  1.674e+01 
  22531  0.556   1  2010  105   2.73  55301.309   76.2  1.886e+01 
  22532  0.556   1  2010  105   3.06  55301.323   76.2  2.031e+01 
  22575  1.000   1  2010  106   0.53  55302.218   76.2  1.805e+01 
  22576  1.000   1  2010  106   1.05  55302.239   76.2  2.209e+01 
  22577  0.400   4  2010  106   1.84  55302.272   76.2  2.634e+01 
  22578  0.800   8  2010  106   2.23  55302.289   76.2  2.758e+01 
  22579  0.700   7  2010  106   2.76  55302.310   76.2  2.313e+01 
  22580  0.700   7  2010  106   3.26  55302.331   76.2  2.037e+01 
  22581  0.600   6  2010  106   3.74  55302.351   76.2  2.107e+01 
  22582  0.800   8  2010  106   4.27  55302.373   76.2  1.973e+01 
  22583  0.700   7  2010  106   4.76  55302.394   76.2  1.955e+01 
  22659  0.361   1  2010  107  18.96  55303.986   76.3  1.948e+01 
  22660  0.722   2  2010  107  19.31  55304.000   76.3  1.823e+01 
  22661  0.722   2  2010  107  19.80  55304.021   76.3  1.851e+01 
  22662  0.611   2  2010  107  20.31  55304.042   76.3  1.641e+01 
  22663  0.361   1  2010  107  20.66  55304.056   76.3  1.600e+01 
  22664  0.500   1  2010  107  21.36  55304.085   76.3  1.996e+01 
  22665  1.000   2  2010  107  21.80  55304.104   76.3  1.953e+01 
  22666  0.500   1  2010  107  22.25  55304.123   76.3  1.833e+01 
  22667  1.000   2  2010  107  22.74  55304.143   76.3  1.770e+01 
  22668  0.500   1  2010  107  23.23  55304.163   76.3  1.850e+01 
  22669  1.000   2  2010  107  23.67  55304.182   76.3  1.945e+01 
  22670  0.500   1  2010  108   0.12  55304.201   76.3  2.178e+01 
  22672  1.000   2  2010  108   1.17  55304.244   76.3  2.703e+01 
  22673  1.000   2  2010  108   1.77  55304.269   76.3  2.638e+01 
  22674  0.500   1  2010  108   2.21  55304.288   76.3  2.478e+01 
  22675  1.000   2  2010  108   2.76  55304.311   76.3  2.607e+01 
  22676  0.500   1  2010  108   3.32  55304.334   76.3  2.887e+01 
  22677  0.500   1  2010  108   3.60  55304.345   76.3  2.994e+01 
  22678  1.000   1  2010  108   4.28  55304.374   76.3  2.828e+01 
  22679  1.000   1  2010  108   4.81  55304.396   76.3  2.672e+01 
  22708  1.000   1  2010  108  19.13  55304.993   76.4  3.063e+01 
  22709  1.000   1  2010  108  19.68  55305.016   76.4  2.607e+01 
  22710  1.000   1  2010  108  20.23  55305.038   76.4  2.869e+01 
  22712  0.833   1  2010  108  21.04  55305.072   76.4  2.943e+01 
  22713  1.667   2  2010  108  21.73  55305.101   76.4  2.799e+01 
  22716  0.833   1  2010  108  23.28  55305.166   76.4  1.998e+01 
  22717  0.833   1  2010  108  23.75  55305.185   76.4  1.840e+01 
  22718  0.833   1  2010  109   0.21  55305.204   76.4  1.839e+01 
  22720  1.333   2  2010  109   1.20  55305.246   76.4  2.062e+01 
  22721  0.667   1  2010  109   1.74  55305.268   76.4  2.068e+01 
  22722  0.667   1  2010  109   2.10  55305.283   76.4  2.441e+01 
  22723  0.733   8  2010  109   2.78  55305.312   76.4  2.610e+01 
  22724  0.700   7  2010  109   3.25  55305.331   76.4  2.924e+01 
  22725  0.700   7  2010  109   3.75  55305.352   76.4  2.773e+01 
  22726  0.800   8  2010  109   4.26  55305.373   76.4  2.561e+01 
  22727  0.400   4  2010  109   4.71  55305.392   76.4  2.612e+01 
  22756  0.989   2  2010  109  19.26  55305.998   76.4  2.026e+01 
  22757  0.494   1  2010  109  19.71  55306.017   76.4  1.956e+01 
  22758  0.989   2  2010  109  20.22  55306.038   76.4  1.988e+01 
  22759  0.494   1  2010  109  20.72  55306.059   76.4  1.946e+01 
  22760  0.494   1  2010  109  21.28  55306.082   76.4  2.202e+01 
  22761  0.989   2  2010  109  21.76  55306.102   76.4  2.113e+01 
  22762  0.494   1  2010  109  22.24  55306.122   76.4  2.123e+01 
  22764  1.000   1  2010  109  23.41  55306.171   76.5  1.785e+01 
  22765  1.000   1  2010  109  23.94  55306.193   76.5  1.728e+01 
  22767  1.000   1  2010  110   0.52  55306.217   76.5  1.782e+01 
  22768  1.000   1  2010  110   1.04  55306.239   76.5  2.032e+01 
  22769  0.550   1  2010  110   1.71  55306.267   76.5  1.791e+01 
  22770  0.994   2  2010  110   2.18  55306.286   76.5  2.062e+01 
  22772  0.667   1  2010  110   3.29  55306.333   76.5  2.169e+01 
  22773  0.667   1  2010  110   3.65  55306.348   76.5  2.558e+01 
  22774  1.333   2  2010  110   4.19  55306.370   76.5  2.926e+01 
  22803  0.500   1  2010  110  19.00  55306.987   76.6  1.310e+01 
  22804  0.500   1  2010  110  19.28  55306.999   76.6  1.338e+01 
  22805  1.000   2  2010  110  19.69  55307.016   76.6  1.328e+01 
  22806  0.550   1  2010  110  20.21  55307.037   76.6  1.192e+01 
  22807  1.100   2  2010  110  20.71  55307.058   76.6  1.359e+01 
  22808  0.550   1  2010  110  21.20  55307.079   76.6  1.592e+01 
  22809  0.494   1  2010  110  21.79  55307.104   76.6  1.258e+01 
  22810  0.989   2  2010  110  22.28  55307.124   76.6  1.407e+01 
  22811  0.494   1  2010  110  22.77  55307.144   76.6  1.522e+01 
  22813  0.494   1  2010  110  23.84  55307.189   76.6  1.779e+01 
  22814  0.989   2  2010  111   0.32  55307.209   76.6  1.897e+01 
  22815  0.494   1  2010  111   0.79  55307.229   76.6  2.232e+01 
  22816  0.494   1  2010  111   1.30  55307.250   76.6  2.080e+01 
  22817  0.989   2  2010  111   1.78  55307.270   76.7  1.956e+01 
  22818  0.494   1  2010  111   2.26  55307.290   76.7  2.152e+01 
  22819  0.494   1  2010  111   2.90  55307.316   76.7  2.138e+01 
  22820  0.494   1  2010  111   3.20  55307.329   76.7  2.482e+01 
  22821  0.667   1  2010  111   3.70  55307.350   76.7  2.660e+01 
  22822  1.333   2  2010  111   4.24  55307.372   76.7  2.442e+01 
  22823  0.667   1  2010  111   4.78  55307.395   76.7  2.338e+01 
  22852  0.550   1  2010  111  19.21  55307.996   76.8  1.525e+01 
  22853  1.100   2  2010  111  19.72  55308.017   76.9  1.590e+01 
  22854  0.550   1  2010  111  20.23  55308.039   76.9  1.661e+01 
  22855  0.550   1  2010  111  20.77  55308.061   76.9  1.715e+01 
  22856  1.100   2  2010  111  21.29  55308.083   76.9  1.950e+01 
  22857  0.550   1  2010  111  21.80  55308.104   76.9  2.061e+01 
  22858  0.494   1  2010  111  22.40  55308.129   76.9  2.217e+01 
  22859  0.494   1  2010  111  22.69  55308.141   76.9  2.102e+01 
  22860  0.989   2  2010  111  23.21  55308.163   76.9  1.888e+01 
  22861  0.494   1  2010  111  23.85  55308.189   76.9  1.644e+01 
  22862  0.494   1  2010  112   0.15  55308.202   76.9  1.527e+01 
  22863  0.989   2  2010  112   0.68  55308.224   76.9  1.456e+01 
  22864  0.494   1  2010  112   1.34  55308.251   76.9  1.331e+01 
  22865  0.989   2  2010  112   1.82  55308.271   76.9  1.433e+01 
  22866  0.494   1  2010  112   2.30  55308.291   76.9  1.449e+01 
  22867  0.494   1  2010  112   2.80  55308.312   76.9  1.643e+01 
  22868  0.989   2  2010  112   3.28  55308.332   77.0  1.449e+01 
  22869  0.494   1  2010  112   3.76  55308.352   77.0  1.574e+01 
  22870  0.494   1  2010  112   4.37  55308.378   77.0  1.652e+01 
  22871  0.494   1  2010  112   4.66  55308.390   77.0  1.574e+01 
  22901  0.989   2  2010  112  19.77  55309.019   77.1  1.457e+01 
  22902  0.494   1  2010  112  20.29  55309.041   77.2  1.378e+01 
  22903  0.494   1  2010  112  20.59  55309.053   77.2  1.338e+01 
  22904  0.500   1  2010  112  21.19  55309.078   77.2  1.269e+01 
  22905  0.500   1  2010  112  21.83  55309.105   77.2  1.208e+01 
  22906  1.000   2  2010  112  22.27  55309.124   77.2  1.108e+01 
  22907  0.500   1  2010  112  22.72  55309.142   77.2  1.029e+01 
  22909  0.789   1  2010  112  23.96  55309.194   77.2  1.570e+01 
  22910  0.789   1  2010  113   0.37  55309.211   77.2  1.724e+01 
  22911  0.494   1  2010  113   0.92  55309.234   77.2  2.005e+01 
  22912  0.494   1  2010  113   1.22  55309.246   77.2  2.555e+01 
  22913  0.989   2  2010  113   1.73  55309.268   77.2  2.958e+01 
  22915  0.800   8  2010  113   2.73  55309.309   77.2  3.253e+01 
  22916  0.800   8  2010  113   3.26  55309.331   77.2  2.716e+01 
  22917  0.400   4  2010  113   3.70  55309.350   77.2  2.726e+01 
  22918  0.800   8  2010  113   4.25  55309.373   77.2  2.889e+01 
  22919  0.700   7  2010  113   4.74  55309.393   77.2  2.708e+01 
  23010  0.667   2  2010  115   2.36  55311.294   77.6  4.118e+01 
  23011  0.667   2  2010  115   2.80  55311.312   77.6  4.788e+01 
  23441  0.467   6  2010  124   1.74  55320.268   76.9  4.392e+01 
  23482  0.667   2  2010  124  22.30  55321.125   76.7  4.278e+01 
  23484  0.744   2  2010  124  23.39  55321.170   76.7  4.229e+01 
  23485  0.744   2  2010  124  23.81  55321.188   76.7  4.279e+01 
  23488  0.467   6  2010  125   1.22  55321.246   76.7  4.503e+01 
  23491  0.389   5  2010  125   2.66  55321.306   76.7  5.605e+01 
  23715  0.667   3  2010  129  18.67  55325.973   75.9  2.168e+01 
  23716  0.400   2  2010  129  19.33  55326.001   75.9  2.052e+01 
  23717  0.800   4  2010  129  19.75  55326.019   75.9  2.126e+01 
  23726  0.750   1  2010  130   0.10  55326.200   75.9  2.143e+01 
  23727  0.750   1  2010  130   0.53  55326.218   75.9  2.224e+01 
  23728  0.750   1  2010  130   1.31  55326.250   75.9  2.623e+01 
  23729  0.750   1  2010  130   1.74  55326.268   75.9  2.809e+01 
  23811  0.722   2  2010  131  18.82  55327.980   75.8  4.793e+01 
  23812  0.722   2  2010  131  19.28  55327.999   75.8  3.561e+01 
  23814  0.667   3  2010  131  20.22  55328.038   75.8  2.376e+01 
  23825  1.187   2  2010  132   1.71  55328.267   75.8  4.355e+01 
  24105  0.811   1  2010  137  21.59  55334.095   74.8  2.016e+01 
  24106  1.622   2  2010  137  22.24  55334.122   74.8  1.720e+01 
  24107  0.811   1  2010  137  22.89  55334.149   74.8  1.506e+01 
  24109  0.811   1  2010  137  23.64  55334.181   74.8  2.145e+01 
  24110  0.811   1  2010  138   0.07  55334.199   74.8  2.784e+01 
  24111  1.622   2  2010  138   0.73  55334.226   74.8  2.597e+01 
  24113  0.811   1  2010  138   1.65  55334.264   74.7  3.503e+01 
  24114  0.811   1  2010  138   2.08  55334.282   74.7  3.412e+01 
  24115  1.622   2  2010  138   2.73  55334.309   74.7  3.593e+01 
  24118  2.000   1  2010  138   4.01  55334.363   74.7  3.304e+01 
  24120  1.667   1  2010  138   5.04  55334.406   74.7  2.999e+01 
  24156  0.517   1  2010  138  23.45  55335.173   74.4  1.493e+01 
  24157  0.517   1  2010  138  23.73  55335.184   74.4  1.605e+01 
  24159  0.811   1  2010  139   0.75  55335.227   74.4  1.615e+01 
  24160  0.811   1  2010  139   1.18  55335.245   74.4  1.629e+01 
  24161  0.811   1  2010  139   1.62  55335.263   74.4  1.798e+01 
  24162  1.601   2  2010  139   2.27  55335.290   74.4  1.839e+01 
  24209  0.933   3  2010  140   1.82  55336.271   74.1  3.510e+01 
  24210  0.622   2  2010  140   2.26  55336.290   74.1  3.865e+01 
  24211  0.933   3  2010  140   2.70  55336.308   74.1  4.013e+01 
  24388  0.722   2  2010  143  19.23  55339.997   73.5  3.261e+01 
  24389  0.722   2  2010  143  19.69  55340.016   73.5  3.182e+01 
  24822  0.417   1  2010  152  20.25  55349.039   74.4  1.190e+01 
  24823  0.833   2  2010  152  20.63  55349.055   74.4  1.174e+01 
  24824  0.417   1  2010  152  21.02  55349.071   74.4  1.350e+01 
  24916  0.806   1  2010  154  19.47  55351.007   74.6  1.380e+01 
  24917  0.806   1  2010  154  19.90  55351.025   74.6  1.357e+01 
  24972  0.444   2  2010  155  23.13  55352.159   74.6  7.189e+00 
  24973  0.722   2  2010  155  23.85  55352.189   74.6  7.613e+00 
  24974  0.722   2  2010  156   0.32  55352.209   74.6  7.589e+00 
  25059  0.667   2  2010  157  18.85  55353.981   74.4  1.408e+01 
  25060  0.667   2  2010  157  19.28  55353.999   74.4  1.493e+01 
  25107  0.333   1  2010  158  18.88  55354.982   74.3  1.111e+01 
  25108  0.667   2  2010  158  19.20  55354.996   74.3  1.235e+01 
  25109  0.667   2  2010  158  19.68  55355.016   74.3  1.447e+01 
  25110  1.000   3  2010  158  20.28  55355.040   74.3  1.841e+01 
  25163  0.417   3  2010  159  22.86  55356.148   74.3  7.987e+00 
  25166  0.800   3  2010  160   0.23  55356.205   74.3  9.448e+00 
  25168  0.833   2  2010  160   1.32  55356.251   74.3  1.190e+01 
  25169  0.833   2  2010  160   1.83  55356.272   74.3  1.079e+01 
  25171  0.833   2  2010  160   2.64  55356.305   74.3  1.003e+01 
  25172  0.833   2  2010  160   3.15  55356.327   74.3  1.052e+01 
  25174  0.917   3  2010  160   4.22  55356.371   74.3  8.789e+00 
  25204  0.806   1  2010  160  19.14  55356.993   74.3  1.010e+01 
  25205  0.806   1  2010  160  19.57  55357.011   74.3  9.819e+00 
  25305  0.500   1  2010  162  21.98  55359.111   74.5  1.155e+01 
  25306  0.500   1  2010  162  22.25  55359.123   74.5  1.140e+01 
  25307  1.000   2  2010  162  22.67  55359.140   74.5  1.064e+01 
  25735  0.333   1  2010  171  20.89  55368.066   75.0  6.783e+00 
  25748  0.667   2  2010  172   3.39  55368.337   75.1  1.133e+01 
  25749  0.667   2  2010  172   3.84  55368.355   75.1  1.182e+01 
  25750  0.556   2  2010  172   4.28  55368.374   75.1  1.009e+01 
  25751  0.556   2  2010  172   4.76  55368.394   75.1  1.039e+01 
  25753  1.000   3  2010  172   5.73  55368.434   75.1  2.571e+01 
  25799  0.500   1  2010  173   4.65  55369.389   75.2  2.112e+01 
  25845  0.500   1  2010  174   3.78  55370.353   75.2  1.301e+01 
  25846  1.000   2  2010  174   4.23  55370.372   75.2  1.316e+01 
  25847  0.500   1  2010  174   4.67  55370.390   75.2  1.317e+01 
  25848  1.333   2  2010  174   5.31  55370.417   75.2  1.629e+01 
  25897  0.667   2  2010  175   5.69  55371.433   75.3  1.919e+01 
  26216  1.000   1  2010  181  21.22  55378.080   76.7  8.809e+00 
  26217  1.000   1  2010  181  21.74  55378.102   76.7  7.185e+00 
  26229  1.000   2  2010  182   3.68  55378.349   76.8  9.304e+00 
  26230  0.444   1  2010  182   4.44  55378.381   76.8  1.088e+01 
  26231  0.889   2  2010  182   4.83  55378.397   76.8  1.193e+01 
  26232  0.444   1  2010  182   5.21  55378.413   76.8  1.278e+01 
  26264  0.333   1  2010  182  21.49  55379.091   77.0  7.262e+00 
  26265  0.667   2  2010  182  21.78  55379.103   77.0  6.971e+00 
  26266  0.333   1  2010  182  22.07  55379.115   77.0  8.190e+00 
  26267  0.556   2  2010  182  22.66  55379.140   77.0  7.218e+00 
  26268  0.378   2  2010  182  23.14  55379.160   77.0  6.367e+00 
  26275  0.500   1  2010  183   2.84  55379.314   77.0  2.292e+01 
  26276  1.000   2  2010  183   3.28  55379.332   77.1  2.197e+01 
  26277  0.500   1  2010  183   3.72  55379.351   77.1  1.822e+01 
  26278  0.667   2  2010  183   4.22  55379.372   77.1  1.590e+01 
  26279  1.000   3  2010  183   4.76  55379.394   77.1  1.633e+01 
  26280  0.667   2  2010  183   5.29  55379.416   77.1  1.638e+01 
  26281  0.333   1  2010  183   5.61  55379.429   77.1  2.018e+01 
  26310  0.444   4  2010  183  20.28  55380.040   77.2  5.412e+00 
  26403  0.444   4  2010  185  18.86  55381.981   77.8  1.019e+01 
  26414  1.187   2  2010  186   0.31  55382.208   77.9  8.300e+00 
  26451  0.444   4  2010  186  18.81  55382.979   78.0  9.805e+00 
  26452  0.833   2  2010  186  19.33  55383.001   78.0  8.503e+00 
  26453  0.833   2  2010  186  19.84  55383.022   78.0  8.088e+00 
  26499  0.444   2  2010  187  18.90  55383.983   78.3  1.268e+01 
  26500  0.444   2  2010  187  19.18  55383.995   78.3  1.066e+01 
  26512  0.372   1  2010  188   1.31  55384.250   78.4  1.060e+01 
  26513  1.117   3  2010  188   1.73  55384.268   78.4  1.426e+01 
  26516  0.744   2  2010  188   3.30  55384.333   78.5  2.028e+01 
  26517  0.744   2  2010  188   3.72  55384.350   78.5  2.050e+01 
  26518  0.667   1  2010  188   4.39  55384.378   78.5  1.968e+01 
  26519  0.667   1  2010  188   4.75  55384.393   78.5  2.050e+01 
  26520  1.333   2  2010  188   5.29  55384.416   78.5  1.950e+01 
  26547  0.444   2  2010  188  18.92  55384.984   78.8  1.409e+01 
  26548  0.444   2  2010  188  19.20  55384.995   78.8  1.484e+01 
  26552  1.117   3  2010  188  21.27  55385.082   78.9  1.390e+01 
  26553  0.372   1  2010  188  21.69  55385.099   78.9  1.486e+01 
  26554  0.744   2  2010  188  22.31  55385.125   78.9  1.255e+01 
  26555  0.744   2  2010  188  22.73  55385.143   78.9  1.081e+01 
  26556  0.372   1  2010  188  23.42  55385.171   78.9  7.379e+00 
  26557  0.744   2  2010  188  23.74  55385.185   78.9  6.425e+00 
  26558  0.372   1  2010  189   0.05  55385.198   78.9  6.296e+00 
  26559  1.117   3  2010  189   0.71  55385.225   78.9  5.574e+00 
  26560  0.372   1  2010  189   1.13  55385.243   78.9  6.019e+00 
  26599  1.000   1  2010  189  20.84  55386.064   79.4  8.782e+00 
  26600  1.000   1  2010  189  21.36  55386.086   79.4  9.499e+00 
  26602  1.117   3  2010  189  22.22  55386.121   79.4  9.403e+00 
  26603  0.372   1  2010  189  22.64  55386.139   79.4  8.574e+00 
  26608  0.611   2  2010  190   1.26  55386.248   79.5  7.226e+00 
  26609  0.611   2  2010  190   1.62  55386.263   79.5  8.185e+00 
  26610  0.500   3  2010  190   2.40  55386.295   79.5  9.512e+00 
  26611  0.500   3  2010  190   2.69  55386.308   79.5  1.051e+01 
  26612  0.372   1  2010  190   3.31  55386.333   79.5  8.693e+00 
  26613  1.117   3  2010  190   3.73  55386.351   79.5  8.957e+00 
  26614  0.372   1  2010  190   4.29  55386.374   79.6  9.223e+00 
  26615  1.117   3  2010  190   4.71  55386.392   79.6  8.092e+00 
  26643  0.444   2  2010  190  18.83  55386.980   79.8  1.556e+01 
  26644  0.444   2  2010  190  19.10  55386.992   79.9  1.359e+01 
  26649  0.667   2  2010  190  21.70  55387.100   79.9  5.702e+00 
  26650  0.667   2  2010  190  22.12  55387.117   79.9  5.824e+00 
  26657  0.372   1  2010  191   1.86  55387.273   80.0  6.971e+00 
  26660  0.372   1  2010  191   3.25  55387.331   80.0  7.584e+00 
  26661  0.539   2  2010  191   3.76  55387.352   80.0  8.562e+00 
  26662  0.833   5  2010  191   4.26  55387.373   80.0  9.286e+00 
  26663  0.333   2  2010  191   4.61  55387.388   80.0  9.544e+00 
  26664  0.889   4  2010  191   5.26  55387.415   80.0  1.086e+01 
  26692  1.000   1  2010  191  19.41  55388.004   80.3  5.828e+00 
  26693  1.000   1  2010  191  19.94  55388.026   80.3  6.823e+00 
  26695  1.000   1  2010  191  20.76  55388.061   80.3  5.982e+00 
  26696  1.000   1  2010  191  21.29  55388.083   80.4  6.149e+00 
  26697  0.333   1  2010  191  21.86  55388.107   80.4  7.024e+00 
  26698  0.667   2  2010  191  22.18  55388.120   80.4  5.856e+00 
  26699  0.333   1  2010  191  22.51  55388.133   80.4  5.134e+00 
  26704  0.917   3  2010  192   1.18  55388.245   80.4  3.326e+00 
  26705  0.500   3  2010  192   1.88  55388.274   80.4  3.420e+00 
  26706  0.833   5  2010  192   2.28  55388.290   80.5  3.925e+00 
  26707  0.372   1  2010  192   2.96  55388.319   80.5  4.759e+00 
  26708  0.744   2  2010  192   3.27  55388.332   80.5  5.509e+00 
  26709  0.744   2  2010  192   3.77  55388.353   80.5  6.314e+00 
  26710  0.744   2  2010  192   4.28  55388.374   80.5  7.269e+00 
  26711  0.372   1  2010  192   4.59  55388.387   80.5  7.547e+00 
  26740  1.152   2  2010  192  19.21  55388.996   80.8  9.532e+00 
  26744  1.000   1  2010  192  21.10  55389.075   80.8  7.408e+00 
  26745  1.000   1  2010  192  21.63  55389.097   80.8  6.880e+00 
  26746  0.667   2  2010  192  22.34  55389.126   80.8  7.575e+00 
  26747  0.667   2  2010  192  22.77  55389.144   80.8  7.314e+00 
  26753  0.744   2  2010  193   1.76  55389.269   80.9  3.688e+00 
  26754  0.744   2  2010  193   2.18  55389.286   80.9  4.198e+00 
  26755  0.744   2  2010  193   2.89  55389.316   80.9  7.177e+00 
  26756  0.744   2  2010  193   3.31  55389.333   80.9  8.285e+00 
  26757  0.667   2  2010  193   3.87  55389.357   80.9  9.309e+00 
  26758  0.667   2  2010  193   4.30  55389.375   80.9  1.129e+01 
  26759  0.667   2  2010  193   4.84  55389.397   80.9  1.381e+01 
  26760  0.667   2  2010  193   5.26  55389.415   81.0  1.495e+01 
  26789  1.000   1  2010  193  19.83  55390.022   81.2  1.029e+01 
  26790  1.000   1  2010  193  20.36  55390.044   81.2  9.741e+00 
  26792  1.111   2  2010  193  21.27  55390.082   81.2  8.675e+00 
  26793  0.556   1  2010  193  21.75  55390.102   81.2  8.155e+00 
  26794  0.556   1  2010  193  22.08  55390.115   81.2  8.142e+00 
  26797  0.611   2  2010  193  23.85  55390.189   81.3  6.355e+00 
  26798  0.611   2  2010  194   0.21  55390.204   81.3  6.119e+00 
  26836  0.667   3  2010  194  19.16  55390.994   81.6  1.083e+01 
  26838  1.000   1  2010  194  20.01  55391.029   81.6  9.639e+00 
  26839  1.000   1  2010  194  20.53  55391.051   81.6  1.002e+01 
  26884  1.000   1  2010  195  19.13  55391.992   81.9  9.283e+00 
  26885  1.000   1  2010  195  19.65  55392.014   82.0  7.258e+00 
  26886  0.333   1  2010  195  20.31  55392.042   82.0  6.492e+00 
  26887  1.000   3  2010  195  20.74  55392.060   82.0  6.329e+00 
  26936  0.417   1  2010  196  21.32  55393.084   82.4  1.247e+01 
  26937  0.833   2  2010  196  21.70  55393.100   82.4  1.068e+01 
  26938  0.417   1  2010  196  22.09  55393.116   82.5  1.067e+01 
  27036  0.417   1  2010  198  23.25  55395.164   83.3  9.417e+00 
  27126  1.000   1  2010  200  20.05  55397.031   83.8  6.480e+00 
  27127  1.000   1  2010  200  20.58  55397.053   83.8  4.816e+00 
  27133  0.944   1  2010  200  23.96  55397.194   83.9  1.072e+01 
  27134  0.944   1  2010  201   0.47  55397.215   83.9  8.516e+00 
  27142  0.944   1  2010  201   4.46  55397.381   83.9  1.395e+01 
  27143  0.611   1  2010  201   4.99  55397.403   83.9  1.381e+01 
  27144  0.611   1  2010  201   5.33  55397.418   83.9  1.350e+01 
  27145  0.333   1  2010  201   5.60  55397.429   83.9  1.684e+01 
  27220  0.667   3  2010  202  19.20  55398.995   84.3  7.920e+00 
  27268  1.000   1  2010  203  19.18  55399.995   84.4  6.660e+00 
  27269  1.000   1  2010  203  19.71  55400.017   84.4  6.161e+00 
  27284  0.889   2  2010  204   3.36  55400.335   84.5  1.081e+01 
  27285  0.889   2  2010  204   3.87  55400.357   84.5  1.156e+01 
  27287  0.833   3  2010  204   4.78  55400.395   84.5  1.252e+01 
  27365  0.636   4  2010  205  19.71  55402.017   84.6  5.308e+00 
  27432  0.444   1  2010  207   5.16  55403.410   84.9  1.036e+01 
  27460  0.556   2  2010  207  19.28  55403.999   85.0  8.146e+00 
  27478  0.444   1  2010  208   4.15  55404.369   85.1  6.857e+00 
  27561  0.417   1  2010  209  21.89  55406.108   85.5  5.163e+00 
  27562  0.833   2  2010  209  22.27  55406.124   85.5  4.321e+00 
  27564  0.417   1  2010  209  23.24  55406.164   85.5  2.707e+00 
  27573  1.000   1  2010  210   3.81  55406.354   85.6  1.597e+00 
  27575  1.000   1  2010  210   4.52  55406.384   85.6  2.880e+00 
  27576  1.000   1  2010  210   5.13  55406.409   85.6  3.941e+00 
  27577  1.000   1  2010  210   5.66  55406.431   85.6  7.458e+00 
  27603  0.500   1  2010  210  18.91  55406.983   85.8  4.510e+00 
  27604  1.000   2  2010  210  19.32  55407.001   85.8  3.822e+00 
  27605  0.500   1  2010  210  19.74  55407.018   85.8  4.250e+00 
  27606  0.333   3  2010  210  20.35  55407.044   85.8  6.164e+00 
  27652  0.500   1  2010  211  19.47  55408.007   86.0  9.722e+00 
  27653  0.500   1  2010  211  19.75  55408.018   86.0  1.093e+01 
  27654  1.000   2  2010  211  20.16  55408.036   86.0  1.213e+01 
  27655  0.417   1  2010  211  20.88  55408.065   86.0  1.138e+01 
  27656  0.833   2  2010  211  21.26  55408.081   86.0  9.341e+00 
  27657  0.417   1  2010  211  21.64  55408.097   86.0  9.508e+00 
  27671  0.533   2  2010  212   4.80  55408.396   86.1  6.761e+00 
  27672  0.533   2  2010  212   5.12  55408.409   86.1  6.696e+00 
  27700  1.000   2  2010  212  19.26  55408.998   86.2  3.493e+00 
  27701  1.000   2  2010  212  19.82  55409.021   86.2  4.174e+00 
  27713  0.667   2  2010  213   1.66  55409.265   86.3  8.321e+00 
  27748  1.000   2  2010  213  19.32  55410.001   86.5  6.150e+00 
  27749  0.500   1  2010  213  19.73  55410.018   86.5  6.343e+00 
  27750  0.611   2  2010  213  20.09  55410.033   86.5  5.988e+00 
  27751  0.333   3  2010  213  20.61  55410.054   86.5  5.367e+00 
  27752  0.917   3  2010  213  21.26  55410.081   86.5  6.190e+00 
  27903  0.386   1  2010  217   0.87  55413.232   86.1  7.298e+00 
  27904  0.772   2  2010  217   1.20  55413.246   86.1  7.622e+00 
  27905  0.386   1  2010  217   1.53  55413.259   86.1  6.992e+00 
  28137  0.917   3  2010  221  21.76  55418.102   84.3  3.416e+00 
  28139  0.711   4  2010  221  22.82  55418.147   84.3  4.436e+00 
  28140  0.533   3  2010  221  23.21  55418.162   84.3  4.370e+00 
  28141  0.391   1  2010  221  23.78  55418.187   84.3  4.650e+00 
  28142  1.173   3  2010  222   0.22  55418.205   84.3  5.361e+00 
  28143  0.386   1  2010  222   0.87  55418.232   84.3  7.724e+00 
  28144  0.772   2  2010  222   1.20  55418.246   84.3  8.739e+00 
  28145  0.869   3  2010  222   1.75  55418.268   84.3  9.915e+00 
  28151  1.158   3  2010  222   4.76  55418.394   84.2  1.718e+01 
  28152  0.386   1  2010  222   5.20  55418.412   84.2  1.809e+01 
  28325  1.500   1  2010  225  19.58  55422.011   82.7  7.846e+00 
  28326  1.500   1  2010  225  20.35  55422.044   82.7  7.535e+00 
  28328  1.500   1  2010  225  21.13  55422.076   82.7  8.564e+00 
  28329  1.500   1  2010  225  21.90  55422.108   82.7  7.623e+00 
  28331  1.000   1  2010  225  22.98  55422.153   82.7  5.892e+00 
  28332  0.949   1  2010  225  23.49  55422.174   82.7  6.354e+00 
  28334  0.333   2  2010  226   0.10  55422.200   82.6  6.523e+00 
  28335  0.667   1  2010  226   0.73  55422.226   82.6  5.958e+00 
  28336  1.333   2  2010  226   1.27  55422.248   82.6  5.910e+00 
  28337  0.667   1  2010  226   1.81  55422.271   82.6  8.977e+00 
  28338  1.000   1  2010  226   2.36  55422.294   82.6  1.123e+01 
  28339  1.000   1  2010  226   2.89  55422.316   82.6  1.375e+01 
  28340  1.000   1  2010  226   3.42  55422.338   82.6  1.717e+01 
  28341  1.000   1  2010  226   3.94  55422.360   82.6  1.936e+01 
  28343  0.667   1  2010  226   4.92  55422.400   82.6  2.436e+01 
  28344  0.667   1  2010  226   5.28  55422.416   82.6  3.035e+01 
  28372  1.000   1  2010  226  19.38  55423.003   82.4  1.086e+01 
  28378  1.000   1  2010  226  22.49  55423.133   82.3  1.662e+01 
  28380  1.000   1  2010  226  23.39  55423.170   82.3  1.359e+01 
  28381  1.000   1  2010  226  23.91  55423.192   82.3  1.571e+01 
  28383  0.944   1  2010  227   0.55  55423.218   82.3  1.518e+01 
  28384  0.944   1  2010  227   1.04  55423.239   82.3  1.386e+01 
  28385  1.652   2  2010  227   1.73  55423.268   82.3  1.355e+01 
  28387  1.333   2  2010  227   2.73  55423.309   82.3  1.514e+01 
  28388  0.667   1  2010  227   3.27  55423.332   82.3  1.692e+01 
  28389  0.667   1  2010  227   3.63  55423.347   82.3  1.536e+01 
  28391  0.344   3  2010  227   4.76  55423.394   82.2  1.009e+01 
  28422  0.644   2  2010  227  20.35  55424.043   82.1  9.761e+00 
  28423  0.967   3  2010  227  20.80  55424.062   82.1  8.690e+00 
  28424  0.644   2  2010  227  21.24  55424.081   82.0  8.201e+00 
  28425  0.967   3  2010  227  21.69  55424.099   82.0  7.863e+00 
  28426  0.644   2  2010  227  22.14  55424.118   82.0  7.604e+00 
  28427  0.644   2  2010  227  22.80  55424.145   82.0  6.312e+00 
  28428  0.967   3  2010  227  23.24  55424.164   82.0  6.302e+00 
  28429  0.967   3  2010  227  23.78  55424.186   82.0  6.766e+00 
  28430  0.967   3  2010  228   0.32  55424.209   82.0  7.215e+00 
  28432  0.500   2  2010  228   1.35  55424.252   82.0  7.288e+00 
  28435  0.611   4  2010  228   2.71  55424.309   82.0  6.614e+00 
  28436  0.389   1  2010  228   3.37  55424.336   82.0  8.113e+00 
  28437  0.778   2  2010  228   3.71  55424.350   82.0  7.739e+00 
  28438  0.667   3  2010  228   4.18  55424.370   82.0  7.956e+00 
  28439  0.444   2  2010  228   4.92  55424.400   82.0  7.721e+00 
  28468  0.889   2  2010  228  19.34  55425.001   81.8  5.584e+00 
  28469  0.444   1  2010  228  19.80  55425.021   81.8  5.629e+00 
  28470  0.833   2  2010  228  20.20  55425.037   81.8  5.909e+00 
  28471  0.389   1  2010  228  20.59  55425.053   81.8  6.168e+00 
  28472  0.389   2  2010  228  21.13  55425.076   81.8  5.423e+00 
  28473  0.667   2  2010  228  21.74  55425.102   81.8  6.228e+00 
  28475  0.656   4  2010  228  22.73  55425.143   81.8  5.478e+00 
  28476  0.778   2  2010  228  23.27  55425.165   81.8  5.311e+00 
  28478  0.667   1  2010  229   0.27  55425.207   81.8  6.640e+00 
  28479  1.333   2  2010  229   0.81  55425.229   81.8  7.046e+00 
  28480  0.667   1  2010  229   1.35  55425.252   81.8  6.057e+00 
  28483  0.422   2  2010  229   2.72  55425.309   81.8  6.885e+00 
  28484  0.778   4  2010  229   3.22  55425.330   81.8  7.471e+00 
  28485  0.556   2  2010  229   3.80  55425.354   81.8  6.707e+00 
  28486  0.444   2  2010  229   4.38  55425.378   81.7  6.465e+00 
  28529  0.667   1  2010  230   1.72  55426.267   81.5  7.529e+00 
  28530  1.333   2  2010  230   2.26  55426.290   81.5  7.168e+00 
  28531  0.667   1  2010  230   2.80  55426.312   81.5  8.604e+00 
  28533  0.768   2  2010  230   3.72  55426.351   81.5  9.962e+00 
  28534  0.768   2  2010  230   4.16  55426.369   81.5  9.090e+00 
  28535  0.728   2  2010  230   4.87  55426.398   81.5  9.967e+00 
  28536  0.728   2  2010  230   5.29  55426.416   81.5  1.267e+01 
  28573  0.611   2  2010  230  23.75  55427.185   81.3  1.035e+01 
  28615  0.333   1  2010  231  20.83  55428.064   81.0  9.122e+00 
  28616  0.333   1  2010  231  21.03  55428.072   81.0  7.040e+00 
  28629  0.391   1  2010  232   3.88  55428.357   81.0  1.550e+01 
  28630  0.782   2  2010  232   4.20  55428.371   81.0  1.448e+01 
  28631  0.391   1  2010  232   4.53  55428.384   81.0  1.378e+01 
  28632  1.158   3  2010  232   5.27  55428.415   81.0  1.768e+01 
  28662  0.417   1  2010  232  20.44  55429.047   80.8  2.854e+00 
  28677  0.533   2  2010  233   3.78  55429.353   80.6  1.758e+01 
  28678  0.533   2  2010  233   4.11  55429.367   80.6  1.919e+01 
  28708  0.833   2  2010  233  19.15  55429.994   80.3  7.421e+00 
  28709  0.833   2  2010  233  19.66  55430.015   80.3  4.620e+00 
  28710  0.417   1  2010  233  20.24  55430.039   80.3  3.731e+00 
  28711  0.833   2  2010  233  20.63  55430.055   80.3  2.823e+00 
  28712  0.417   1  2010  233  21.01  55430.071   80.3  2.241e+00 
  28948  1.000   1  2010  238  19.37  55435.002   79.1  1.059e+01 
  28949  1.000   1  2010  238  19.91  55435.025   79.1  9.874e+00 
  28951  1.000   1  2010  238  20.72  55435.059   79.1  7.823e+00 
  28952  1.000   1  2010  238  21.27  55435.082   79.1  7.620e+00 
  28954  0.917   3  2010  238  22.19  55435.120   79.1  6.415e+00 
  28995  0.833   2  2010  239  18.83  55435.980   78.7  1.826e+01 
  28996  0.833   2  2010  239  19.34  55436.002   78.7  1.539e+01 
  28998  0.833   2  2010  239  20.14  55436.035   78.7  1.458e+01 
  28999  0.833   2  2010  239  20.65  55436.056   78.7  1.226e+01 
  29044  0.417   1  2010  240  19.30  55437.000   78.3  1.172e+01 
  29045  0.833   2  2010  240  19.68  55437.016   78.3  1.048e+01 
  29046  0.417   1  2010  240  20.06  55437.031   78.3  1.184e+01 
  29047  0.509   2  2010  240  20.78  55437.062   78.3  1.141e+01 
  29048  0.833   2  2010  240  21.22  55437.080   78.3  1.024e+01 
  29049  0.417   1  2010  240  21.60  55437.096   78.3  1.003e+01 
  29093  0.444   2  2010  241  19.79  55438.020   78.0  1.700e+01 
  29097  0.917   3  2010  241  21.70  55438.100   78.0  1.161e+01 
  29140  0.333   2  2010  242  19.16  55438.994   77.8  1.593e+01 
  29141  0.500   1  2010  242  19.86  55439.023   77.8  1.474e+01 
  29142  1.000   2  2010  242  20.25  55439.039   77.8  1.790e+01 
  29143  0.500   1  2010  242  20.64  55439.056   77.8  1.947e+01 
  29144  1.000   2  2010  242  21.30  55439.083   77.8  1.781e+01 
  29145  1.000   2  2010  242  21.83  55439.105   77.8  2.043e+01 
  29148  1.111   2  2010  242  23.27  55439.165   77.7  1.818e+01 
  29157  0.533   2  2010  243   3.82  55439.355   77.7  2.121e+01 
  29158  0.533   2  2010  243   4.15  55439.368   77.7  2.092e+01 
  29188  1.000   2  2010  243  19.26  55439.998   77.7  9.998e+00 
  29189  1.000   2  2010  243  19.78  55440.020   77.7  9.388e+00 
  29190  0.500   1  2010  243  20.47  55440.048   77.7  1.026e+01 
  29191  1.000   2  2010  243  20.86  55440.065   77.7  1.044e+01 
  29192  0.500   1  2010  243  21.26  55440.081   77.7  1.012e+01 
  29331  1.000   2  2010  246  18.85  55442.981   77.9  1.647e+01 
  29332  0.500   1  2010  246  19.25  55442.998   78.0  1.334e+01 
  29333  0.500   1  2010  246  19.51  55443.008   78.0  1.334e+01 
  29334  1.000   2  2010  246  20.18  55443.036   78.0  1.392e+01 
  29335  1.000   2  2010  246  20.70  55443.058   78.0  1.455e+01 
  29336  0.556   1  2010  246  21.36  55443.085   78.0  1.323e+01 
  29337  0.656   2  2010  246  21.71  55443.100   78.0  1.192e+01 
  29342  0.386   1  2010  247   0.34  55443.210   78.0  1.365e+01 
  29343  1.158   3  2010  247   0.78  55443.228   78.0  1.268e+01 
  29344  0.386   1  2010  247   1.31  55443.250   78.0  1.196e+01 
  29345  1.158   3  2010  247   1.75  55443.268   78.0  1.092e+01 
  29346  0.333   1  2010  247   2.48  55443.299   78.0  1.193e+01 
  29347  0.667   2  2010  247   2.77  55443.311   78.0  1.427e+01 
  29348  0.333   1  2010  247   3.06  55443.323   78.0  1.533e+01 
  29349  0.789   1  2010  247   3.70  55443.350   78.0  1.668e+01 
  29350  0.789   1  2010  247   4.12  55443.367   78.0  1.778e+01 
  29379  1.000   2  2010  247  18.78  55443.978   78.2  1.729e+01 
  29380  1.000   2  2010  247  19.31  55444.000   78.2  1.312e+01 
  29381  0.500   1  2010  247  19.96  55444.027   78.2  1.288e+01 
  29382  0.500   1  2010  247  20.22  55444.038   78.2  1.294e+01 
  29393  0.768   2  2010  248   1.77  55444.269   78.2  1.805e+01 
  29394  0.768   2  2010  248   2.20  55444.287   78.2  1.922e+01 
  29395  0.384   1  2010  248   2.78  55444.312   78.2  1.972e+01 
  29396  1.152   3  2010  248   3.22  55444.330   78.3  1.709e+01 
  29397  0.333   1  2010  248   3.84  55444.356   78.3  1.847e+01 
  29398  1.000   3  2010  248   4.27  55444.373   78.3  1.850e+01 
  29476  0.333   2  2010  249  19.26  55445.998   78.6  1.181e+01 
  29477  0.667   2  2010  249  19.72  55446.017   78.6  1.164e+01 
  29481  0.384   1  2010  249  21.97  55446.111   78.7  1.022e+01 
  29482  0.768   2  2010  249  22.30  55446.125   78.7  9.722e+00 
  29483  0.384   1  2010  249  22.63  55446.138   78.7  9.045e+00 
  29484  0.722   2  2010  249  23.28  55446.165   78.7  8.812e+00 
  29485  0.722   2  2010  249  23.74  55446.185   78.7  9.352e+00 
  29486  0.384   1  2010  250   0.48  55446.216   78.7  8.640e+00 
  29487  0.768   2  2010  250   0.81  55446.229   78.7  1.254e+01 
  29488  0.384   1  2010  250   1.14  55446.243   78.7  1.518e+01 
  29489  0.789   1  2010  250   1.74  55446.268   78.7  1.797e+01 
  29490  0.789   1  2010  250   2.16  55446.286   78.7  1.874e+01 
  29494  0.889   5  2010  250   4.24  55446.372   78.7  2.111e+01 
  29495  0.356   2  2010  250   4.62  55446.388   78.7  2.237e+01 
  29528  0.333   1  2010  250  21.44  55447.089   79.0  1.002e+01 
  29529  0.667   2  2010  250  21.73  55447.101   79.0  1.058e+01 
  29530  1.000   3  2010  250  22.22  55447.121   79.0  1.351e+01 
  29531  0.667   2  2010  250  22.70  55447.141   79.0  1.490e+01 
  29532  0.333   1  2010  250  23.47  55447.174   79.0  1.397e+01 
  29533  0.667   2  2010  250  23.76  55447.186   79.0  1.445e+01 
  29534  1.000   3  2010  251   0.25  55447.206   79.0  1.454e+01 
  29535  0.667   2  2010  251   0.73  55447.226   79.0  1.566e+01 
  29536  0.333   1  2010  251   1.40  55447.254   79.0  1.748e+01 
  29537  1.000   3  2010  251   1.78  55447.270   79.0  2.091e+01 
  29538  0.667   2  2010  251   2.27  55447.290   79.0  2.836e+01 
  29539  0.667   2  2010  251   2.66  55447.306   79.1  3.334e+01 
  29540  0.667   2  2010  251   3.28  55447.332   79.1  3.401e+01 
  29541  1.000   3  2010  251   3.77  55447.353   79.1  3.363e+01 
  29542  0.667   2  2010  251   4.25  55447.373   79.1  2.848e+01 
  29543  0.333   1  2010  251   4.55  55447.385   79.1  2.750e+01 
  29573  0.500   4  2010  251  19.78  55448.020   79.3  1.203e+01 
  29574  1.000   3  2010  251  20.25  55448.039   79.3  1.153e+01 
  29575  0.667   2  2010  251  20.74  55448.060   79.3  1.157e+01 
  29576  0.667   2  2010  251  21.12  55448.076   79.3  1.161e+01 
  29577  0.667   2  2010  251  21.78  55448.103   79.4  1.164e+01 
  29578  1.000   3  2010  251  22.27  55448.123   79.4  1.181e+01 
  29579  0.667   2  2010  251  22.75  55448.144   79.4  1.212e+01 
  29580  0.333   1  2010  251  23.05  55448.156   79.4  1.192e+01 
  29581  1.000   3  2010  251  23.70  55448.183   79.4  9.394e+00 
  29582  1.000   3  2010  252   0.29  55448.207   79.4  8.816e+00 
  29583  0.667   2  2010  252   0.77  55448.228   79.4  9.530e+00 
  29584  0.333   1  2010  252   1.32  55448.251   79.4  1.033e+01 
  29585  1.000   3  2010  252   1.71  55448.267   79.4  1.178e+01 
  29586  1.000   3  2010  252   2.30  55448.291   79.4  1.792e+01 
  29587  0.333   1  2010  252   2.68  55448.307   79.4  2.594e+01 
  29588  0.667   2  2010  252   3.30  55448.333   79.4  3.288e+01 
  29589  1.000   3  2010  252   3.79  55448.353   79.4  3.100e+01 
  29590  0.667   2  2010  252   4.27  55448.374   79.5  3.256e+01 
  29591  0.333   1  2010  252   4.57  55448.386   79.5  3.541e+01 
  29619  0.667   2  2010  252  18.90  55448.983   79.7  1.818e+01 
  29620  0.667   2  2010  252  19.29  55448.999   79.7  1.654e+01 
  29621  1.000   3  2010  252  19.78  55449.020   79.7  1.584e+01 
  29624  0.667   2  2010  252  21.28  55449.082   79.7  1.667e+01 
  29625  1.000   3  2010  252  21.77  55449.103   79.7  2.022e+01 
  29626  0.667   2  2010  252  22.25  55449.123   79.7  2.183e+01 
  29627  0.333   1  2010  252  22.54  55449.135   79.7  2.216e+01 
  29628  1.000   3  2010  252  23.27  55449.165   79.8  2.150e+01 
  29629  0.667   2  2010  252  23.76  55449.185   79.8  1.803e+01 
  29630  1.000   3  2010  253   0.24  55449.206   79.8  1.301e+01 
  29631  0.333   1  2010  253   0.94  55449.235   79.8  1.084e+01 
  29632  0.667   2  2010  253   1.24  55449.247   79.8  1.033e+01 
  29633  1.000   3  2010  253   1.72  55449.267   79.8  9.936e+00 
  29634  0.667   2  2010  253   2.21  55449.288   79.8  1.112e+01 
  29635  0.333   1  2010  253   2.82  55449.313   79.8  1.291e+01 
  29636  1.000   3  2010  253   3.21  55449.329   79.8  1.835e+01 
  29637  1.000   3  2010  253   3.79  55449.353   79.8  3.053e+01 
  29638  0.667   2  2010  253   4.30  55449.375   79.8  2.592e+01 
  29639  0.333   1  2010  253   4.61  55449.388   79.8  2.611e+01 
  29667  0.556   1  2010  253  18.78  55449.978   80.1  1.791e+01 
  29668  0.556   1  2010  253  19.08  55449.991   80.1  1.537e+01 
  29669  1.000   3  2010  253  19.78  55450.020   80.1  1.581e+01 
  29670  0.667   2  2010  253  20.26  55450.040   80.1  1.467e+01 
  29671  1.000   3  2010  253  20.75  55450.060   80.1  1.282e+01 
  29672  0.433   2  2010  253  21.42  55450.088   80.1  1.289e+01 
  29673  0.667   2  2010  253  21.78  55450.103   80.1  1.414e+01 
  29674  1.000   3  2010  253  22.27  55450.123   80.1  1.164e+01 
  29675  0.667   2  2010  253  22.75  55450.144   80.1  9.720e+00 
  29676  0.667   2  2010  253  23.35  55450.169   80.1  1.094e+01 
  29677  0.667   2  2010  253  23.74  55450.185   80.1  1.006e+01 
  29678  1.000   3  2010  254   0.23  55450.205   80.1  1.249e+01 
  29679  0.667   2  2010  254   0.80  55450.229   80.2  1.444e+01 
  29680  0.667   2  2010  254   1.27  55450.249   80.2  1.589e+01 
  29681  1.000   3  2010  254   1.76  55450.269   80.2  1.776e+01 
  29682  0.667   2  2010  254   2.25  55450.289   80.2  2.022e+01 
  29683  0.667   2  2010  254   2.69  55450.308   80.2  2.072e+01 
  29684  0.667   2  2010  254   3.30  55450.333   80.2  2.142e+01 
  29685  1.000   3  2010  254   3.79  55450.353   80.2  2.075e+01 
  29686  0.667   2  2010  254   4.27  55450.374   80.2  2.277e+01 
  29687  0.333   1  2010  254   4.56  55450.386   80.2  2.353e+01 
  29719  1.000   2  2010  254  20.73  55451.059   80.4  1.041e+01 
  29720  1.000   2  2010  254  21.33  55451.084   80.4  9.241e+00 
  29721  0.500   1  2010  254  21.77  55451.103   80.5  1.014e+01 
  29722  0.500   1  2010  254  22.07  55451.115   80.5  1.012e+01 
  29723  1.400   2  2010  254  22.73  55451.143   80.5  1.070e+01 
  29725  1.000   1  2010  254  23.68  55451.182   80.5  1.177e+01 
  29726  1.000   1  2010  255   0.23  55451.205   80.5  1.247e+01 
  29727  1.000   1  2010  255   0.93  55451.234   80.5  1.146e+01 
  29728  1.000   1  2010  255   1.48  55451.257   80.5  1.031e+01 
  29730  0.500   1  2010  255   2.34  55451.293   80.5  1.182e+01 
  29731  1.000   2  2010  255   2.78  55451.311   80.5  1.356e+01 
  29732  0.500   1  2010  255   3.23  55451.330   80.5  1.511e+01 
  29733  1.000   2  2010  255   3.67  55451.349   80.5  1.592e+01 
  29765  0.400   2  2010  255  19.85  55452.023   80.7  2.106e+01 
  29766  0.500   1  2010  255  20.48  55452.049   80.7  1.821e+01 
  29767  0.500   1  2010  255  20.78  55452.061   80.7  1.782e+01 
  29768  0.733   2  2010  255  21.37  55452.086   80.7  1.761e+01 
  29770  1.000   2  2010  255  22.23  55452.122   80.8  1.685e+01 
  29771  0.500   1  2010  255  22.75  55452.144   80.8  1.832e+01 
  29772  1.000   2  2010  255  23.25  55452.164   80.8  1.864e+01 
  29773  0.500   1  2010  255  23.74  55452.185   80.8  2.243e+01 
  29774  0.500   1  2010  256   0.44  55452.214   80.8  2.124e+01 
  29775  0.500   1  2010  256   0.74  55452.226   80.8  2.146e+01 
  29776  1.000   2  2010  256   1.23  55452.247   80.8  2.521e+01 
  29777  0.500   1  2010  256   1.73  55452.268   80.8  2.788e+01 
  29778  1.000   2  2010  256   2.21  55452.287   80.8  3.188e+01 
  29779  0.500   1  2010  256   2.68  55452.307   80.8  3.424e+01 
  29780  1.000   2  2010  256   3.24  55452.330   80.8  3.261e+01 
  29781  0.500   1  2010  256   3.72  55452.351   80.8  3.137e+01 
  29782  0.500   1  2010  256   4.02  55452.363   80.8  2.964e+01 
  29815  1.000   2  2010  256  20.71  55453.058   81.0  2.128e+01 
  29816  0.500   1  2010  256  21.23  55453.080   81.0  1.877e+01 
  29817  1.000   2  2010  256  21.70  55453.100   81.0  1.575e+01 
  29818  0.500   1  2010  256  22.16  55453.119   81.0  1.238e+01 
  29819  1.000   2  2010  256  22.78  55453.145   81.0  1.189e+01 
  29820  0.500   1  2010  256  23.27  55453.165   81.1  1.222e+01 
  29821  1.000   2  2010  256  23.74  55453.185   81.1  1.062e+01 
  29822  0.500   1  2010  257   0.21  55453.204   81.1  1.023e+01 
  29823  0.500   1  2010  257   0.83  55453.230   81.1  9.777e+00 
  29824  1.000   2  2010  257   1.29  55453.249   81.1  9.109e+00 
  29825  0.500   1  2010  257   1.75  55453.269   81.1  1.015e+01 
  29826  0.500   1  2010  257   2.22  55453.288   81.1  1.411e+01 
  29827  1.000   2  2010  257   2.69  55453.308   81.1  1.539e+01 
  29828  1.000   2  2010  257   3.33  55453.334   81.1  1.355e+01 
  29829  0.500   1  2010  257   3.80  55453.354   81.1  1.258e+01 
  29830  0.344   1  2010  257   4.47  55453.382   81.1  1.706e+01 
  29831  0.344   1  2010  257   4.69  55453.391   81.1  1.496e+01 
  29832  0.400   2  2010  257   5.08  55453.407   81.1  1.890e+01 
  29861  0.867   1  2010  257  19.72  55454.017   81.3  1.482e+01 
  29862  0.867   1  2010  257  20.18  55454.036   81.3  1.523e+01 
  29863  0.500   1  2010  257  20.97  55454.069   81.3  1.573e+01 
  29864  0.500   1  2010  257  21.27  55454.082   81.3  1.705e+01 
  29865  1.000   2  2010  257  21.75  55454.102   81.3  1.795e+01 
  29866  0.500   1  2010  257  22.23  55454.122   81.3  1.631e+01 
  29867  0.500   1  2010  257  22.53  55454.134   81.3  1.677e+01 
  29868  0.500   1  2010  257  23.21  55454.163   81.3  1.618e+01 
  29869  0.500   1  2010  257  23.51  55454.175   81.3  1.886e+01 
  29870  1.000   2  2010  258   0.27  55454.207   81.3  1.514e+01 
  29871  0.500   1  2010  258   0.74  55454.227   81.3  1.426e+01 
  29872  1.000   2  2010  258   1.27  55454.248   81.3  1.367e+01 
  29873  0.500   1  2010  258   1.79  55454.270   81.3  1.569e+01 
  29874  1.000   2  2010  258   2.27  55454.290   81.3  1.430e+01 
  29876  1.000   2  2010  258   3.24  55454.330   81.3  1.340e+01 
  29877  0.500   1  2010  258   3.72  55454.350   81.3  1.373e+01 
  29878  1.000   2  2010  258   4.18  55454.370   81.3  1.295e+01 
  29879  0.500   1  2010  258   4.65  55454.389   81.4  1.345e+01 
  29908  0.978   1  2010  258  19.49  55455.008   81.5  1.214e+01 
  29910  0.978   1  2010  258  20.01  55455.029   81.5  1.153e+01 
  29911  0.500   1  2010  258  20.77  55455.061   81.6  1.171e+01 
  29912  1.000   2  2010  258  21.24  55455.081   81.6  1.110e+01 
  29913  0.500   1  2010  258  21.71  55455.100   81.6  1.078e+01 
  29914  1.000   2  2010  258  22.20  55455.121   81.6  9.386e+00 
  29915  0.556   1  2010  258  22.79  55455.145   81.6  8.490e+00 
  29916  1.111   2  2010  258  23.29  55455.166   81.6  8.753e+00 
  29917  0.556   1  2010  258  23.79  55455.187   81.6  1.173e+01 
  29918  1.111   2  2010  259   0.31  55455.209   81.6  1.243e+01 
  29920  0.556   1  2010  259   1.18  55455.245   81.6  1.156e+01 
  29921  1.056   2  2010  259   1.73  55455.268   81.7  1.387e+01 
  29922  0.500   1  2010  259   2.28  55455.291   81.7  1.701e+01 
  29923  1.000   2  2010  259   2.78  55455.311   81.7  1.845e+01 
  29924  0.500   1  2010  259   3.28  55455.332   81.7  2.112e+01 
  29925  0.867   2  2010  259   3.73  55455.351   81.7  2.197e+01 
  29926  0.644   2  2010  259   4.27  55455.374   81.7  2.108e+01 
  29959  0.533   1  2010  259  20.88  55456.065   82.0  1.121e+01 
  29960  0.533   1  2010  259  21.17  55456.078   82.0  1.122e+01 
  29961  0.500   1  2010  259  21.94  55456.110   82.0  1.126e+01 
  29962  0.500   1  2010  259  22.24  55456.122   82.0  1.009e+01 
  29963  1.000   2  2010  259  22.74  55456.143   82.0  9.251e+00 
  29964  0.556   1  2010  259  23.29  55456.166   82.1  7.884e+00 
  29965  1.111   2  2010  259  23.80  55456.187   82.1  6.926e+00 
  29966  0.556   1  2010  260   0.30  55456.208   82.1  7.602e+00 
  29967  1.111   2  2010  260   0.84  55456.230   82.1  6.612e+00 
  29968  0.556   1  2010  260   1.42  55456.255   82.1  6.542e+00 
  29970  1.000   2  2010  260   2.30  55456.292   82.1  7.240e+00 
  29971  0.500   1  2010  260   2.79  55456.312   82.1  7.494e+00 
  29972  0.500   1  2010  260   3.08  55456.324   82.1  7.814e+00 
  30006  0.417   1  2010  260  20.42  55457.046   82.4  7.614e+00 
  30007  0.417   1  2010  260  20.64  55457.055   82.4  7.241e+00 
  30018  0.683   1  2010  261   2.28  55457.291   82.4  1.503e+01 
  30019  0.683   1  2010  261   2.64  55457.306   82.4  1.677e+01 
  30020  0.500   1  2010  261   3.42  55457.338   82.4  1.738e+01 
  30021  0.500   1  2010  261   3.72  55457.350   82.4  1.606e+01 
  30022  1.000   2  2010  261   4.20  55457.370   82.4  1.514e+01 
  30100  0.417   1  2010  262  19.33  55459.001   82.5  1.008e+01 
  30101  0.833   2  2010  262  19.66  55459.015   82.5  9.245e+00 
  30292  0.667   2  2010  266  19.40  55463.004   82.4  1.465e+01 
  30293  0.333   1  2010  266  19.69  55463.016   82.4  1.398e+01 
  30340  0.611   2  2010  267  19.29  55463.999   82.3  8.998e+00 
  30341  0.611   2  2010  267  19.65  55464.014   82.3  7.655e+00 
  30347  0.833   1  2010  267  22.98  55464.153   82.3  5.447e+00 
  30348  0.833   1  2010  267  23.42  55464.172   82.3  5.292e+00 
  30388  0.667   2  2010  268  19.14  55464.993   82.2  1.868e+01 
  30487  0.567   2  2010  270  20.85  55467.064   81.9  1.379e+01 
  30488  0.772   2  2010  270  21.28  55467.082   81.9  1.141e+01 
  30489  0.386   1  2010  270  21.61  55467.096   81.9  1.053e+01 
  30490  0.889   1  2010  270  22.22  55467.121   81.9  1.013e+01 
  30491  0.889   1  2010  270  22.69  55467.141   81.8  9.626e+00 
  30493  0.889   1  2010  270  23.56  55467.177   81.8  9.350e+00 
  30494  0.889   1  2010  271   0.03  55467.197   81.8  1.055e+01 
  30495  0.483   2  2010  271   0.69  55467.224   81.8  1.068e+01 
  30500  0.844   2  2010  271   3.21  55467.329   81.8  1.538e+01 
  30501  0.844   2  2010  271   3.74  55467.351   81.8  1.548e+01 
  30534  0.833   1  2010  271  20.23  55468.039   81.6  1.374e+01 
  30535  0.833   1  2010  271  20.68  55468.057   81.6  1.203e+01 
  30537  0.483   2  2010  271  21.62  55468.096   81.6  1.164e+01 
  30538  0.483   2  2010  271  22.24  55468.122   81.6  1.010e+01 
  30543  0.772   2  2010  272   0.73  55468.226   81.6  9.339e+00 
  30544  0.772   2  2010  272   1.17  55468.244   81.6  1.101e+01 
  30545  0.386   1  2010  272   1.81  55468.271   81.6  1.637e+01 
  30546  1.158   3  2010  272   2.25  55468.289   81.6  1.768e+01 
  30588  0.391   1  2010  272  23.33  55469.168   81.3  1.346e+01 
  30589  1.173   3  2010  272  23.77  55469.186   81.3  1.300e+01 
  30591  0.782   2  2010  273   0.71  55469.225   81.3  1.261e+01 
  30592  0.782   2  2010  273   1.14  55469.243   81.3  1.259e+01 
  30593  0.782   2  2010  273   1.84  55469.272   81.3  1.236e+01 
  30594  0.782   2  2010  273   2.27  55469.290   81.3  1.406e+01 
  30596  0.889   4  2010  273   3.24  55469.330   81.3  1.722e+01 
  30628  0.749   4  2010  273  19.23  55469.997   81.2  1.494e+01 
  30629  0.936   5  2010  273  19.75  55470.018   81.2  1.357e+01 
  30630  0.562   3  2010  273  20.23  55470.039   81.2  1.249e+01 
  30631  0.936   5  2010  273  20.76  55470.060   81.2  1.127e+01 
  30632  0.749   4  2010  273  21.27  55470.082   81.2  1.154e+01 
  30633  0.374   2  2010  273  21.61  55470.096   81.2  1.060e+01 
  30634  0.749   4  2010  273  22.20  55470.121   81.2  9.784e+00 
  30635  0.749   4  2010  273  22.74  55470.143   81.2  7.970e+00 
  30636  0.562   3  2010  273  23.24  55470.164   81.2  7.624e+00 
  30637  0.936   5  2010  273  23.75  55470.185   81.2  7.367e+00 
  30638  0.749   4  2010  274   0.26  55470.207   81.2  8.604e+00 
  30639  0.562   3  2010  274   0.73  55470.226   81.2  9.374e+00 
  30640  0.374   2  2010  274   1.18  55470.245   81.2  1.022e+01 
  30641  0.549   4  2010  274   1.67  55470.265   81.2  9.612e+00 
  30642  0.495   3  2010  274   2.26  55470.290   81.2  1.090e+01 
  30643  0.717   3  2010  274   2.82  55470.313   81.1  1.171e+01 
  30644  0.895   3  2010  274   3.30  55470.333   81.1  1.189e+01 
  30832  0.711   4  2010  278   1.24  55474.247   81.3  1.217e+01 
  30833  0.711   4  2010  278   1.67  55474.265   81.3  1.216e+01 
  30834  0.711   4  2010  278   2.33  55474.293   81.3  1.142e+01 
  30835  0.711   4  2010  278   2.77  55474.311   81.3  1.213e+01 
  30836  0.533   3  2010  278   3.35  55474.335   81.3  1.285e+01 
  30837  0.711   4  2010  278   3.73  55474.351   81.3  1.270e+01 
  30872  0.778   1  2010  278  21.31  55475.083   81.4  1.266e+01 
  30873  0.778   1  2010  278  21.74  55475.101   81.4  1.290e+01 
  30874  0.778   1  2010  278  22.42  55475.130   81.4  1.211e+01 
  30875  0.778   1  2010  278  22.84  55475.147   81.4  1.272e+01 
  30877  1.556   2  2010  278  23.74  55475.185   81.4  1.240e+01 
  30879  1.011   2  2010  279   0.72  55475.225   81.4  1.264e+01 
  30880  1.011   2  2010  279   1.26  55475.248   81.4  1.369e+01 
  30917  0.917   3  2010  279  19.75  55476.018   81.4  1.329e+01 
  30964  0.711   4  2010  280  19.25  55476.998   81.3  1.699e+01 
  30965  0.711   4  2010  280  19.69  55477.016   81.3  1.729e+01 
  30966  0.384   1  2010  280  20.36  55477.044   81.3  1.723e+01 
  30967  0.768   2  2010  280  20.69  55477.057   81.3  1.578e+01 
  30968  0.562   2  2010  280  21.16  55477.077   81.3  1.516e+01 
  30969  0.711   4  2010  280  21.75  55477.102   81.3  1.508e+01 
  30970  0.533   3  2010  280  22.13  55477.118   81.3  1.665e+01 
  30971  0.778   1  2010  280  22.77  55477.144   81.3  1.567e+01 
  30972  0.778   1  2010  280  23.20  55477.162   81.3  1.527e+01 
  30973  0.778   1  2010  280  23.86  55477.190   81.3  1.416e+01 
  30974  0.778   1  2010  281   0.29  55477.208   81.3  1.369e+01 
  30976  1.556   2  2010  281   1.21  55477.246   81.3  1.372e+01 
  30978  0.778   1  2010  281   2.16  55477.286   81.3  1.482e+01 
  30979  0.778   1  2010  281   2.58  55477.303   81.3  1.605e+01 
  30980  0.778   1  2010  281   3.29  55477.333   81.3  1.898e+01 
  30981  0.778   1  2010  281   3.72  55477.350   81.3  1.629e+01 
  31060  1.000   1  2010  282  19.42  55479.005   81.2  1.985e+01 
  31061  1.000   1  2010  282  19.94  55479.027   81.2  1.889e+01 
  31062  1.000   1  2010  282  20.47  55479.048   81.2  2.046e+01 
  31063  1.000   1  2010  282  21.00  55479.070   81.2  1.993e+01 
  31074  0.667   1  2010  283   2.16  55479.286   81.2  1.330e+01 
  31075  1.333   2  2010  283   2.70  55479.308   81.2  1.138e+01 
  31076  0.667   1  2010  283   3.24  55479.330   81.2  1.194e+01 
  31077  0.778   2  2010  283   3.73  55479.351   81.2  1.131e+01 
  31108  0.444   1  2010  283  19.43  55480.005   81.2  1.406e+01 
  31109  0.889   2  2010  283  19.82  55480.021   81.2  1.489e+01 
  31110  0.444   1  2010  283  20.20  55480.037   81.2  1.587e+01 
  31111  0.889   2  2010  283  20.79  55480.062   81.2  1.447e+01 
  31112  0.889   2  2010  283  21.30  55480.083   81.2  1.327e+01 
  31204  0.433  13  2010  285  19.29  55481.999   81.1  9.992e+00 
  31206  0.400  12  2010  285  20.20  55482.037   81.1  1.052e+01 
  31208  0.367  11  2010  285  21.23  55482.080   81.1  1.229e+01 
  31209  0.333  10  2010  285  21.75  55482.102   81.1  1.225e+01 
  31211  0.433  13  2010  285  22.73  55482.143   81.1  1.156e+01 
  31212  0.633  19  2010  285  23.23  55482.163   81.1  1.275e+01 
  31213  0.400  12  2010  285  23.70  55482.183   81.1  1.245e+01 
  31214  0.633  19  2010  286   0.24  55482.205   81.1  1.058e+01 
  31300  0.772   2  2010  287  19.20  55483.996   80.8  1.487e+01 
  31301  0.772   2  2010  287  19.64  55484.014   80.8  1.369e+01 
  31302  0.772   2  2010  287  20.33  55484.043   80.8  1.421e+01 
  31303  0.772   2  2010  287  20.77  55484.061   80.8  1.324e+01 
  31304  0.391   1  2010  287  21.39  55484.087   80.8  1.227e+01 
  31305  0.782   2  2010  287  21.71  55484.100   80.8  1.069e+01 
  31306  0.391   1  2010  287  22.04  55484.114   80.8  1.165e+01 
  31313  0.778   1  2010  288   1.63  55484.263   80.8  9.287e+00 
  31314  0.778   1  2010  288   2.05  55484.281   80.8  1.056e+01 
  31315  0.778   1  2010  288   2.68  55484.307   80.8  1.031e+01 
  31316  0.778   1  2010  288   3.10  55484.325   80.8  1.019e+01 
  31357  0.611   1  2010  288  23.77  55485.186   80.8  9.256e+00 
  31358  0.611   1  2010  289   0.11  55485.200   80.8  1.114e+01 
  31359  0.611   1  2010  289   0.70  55485.225   80.8  1.058e+01 
  31360  0.611   1  2010  289   1.04  55485.239   80.8  1.080e+01 
  31365  0.611   4  2010  289   3.80  55485.354   80.8  1.900e+01 
  31366  0.611   4  2010  289   4.23  55485.372   80.8  2.147e+01 
  31402  0.764   5  2010  289  22.24  55486.122   80.8  1.565e+01 
  31403  0.458   3  2010  289  22.67  55486.140   80.8  1.699e+01 
  31404  0.458   3  2010  289  23.34  55486.168   80.8  1.385e+01 
  31405  0.764   5  2010  289  23.77  55486.186   80.8  1.160e+01 
  31498  0.717   6  2010  291  22.23  55488.122   81.0  1.658e+01 
  31499  0.836   7  2010  291  22.71  55488.142   81.1  1.271e+01 
  31500  0.597   5  2010  291  23.14  55488.160   81.1  1.502e+01 
  31501  0.458   3  2010  291  23.81  55488.188   81.1  1.426e+01 
  31502  0.764   5  2010  292   0.24  55488.206   81.1  1.444e+01 
  31925  1.000   1  2010  300  19.75  55497.019   82.9  1.873e+01 
  31926  1.000   1  2010  300  20.28  55497.041   82.9  1.932e+01 
  31927  1.000   1  2010  300  20.82  55497.063   82.9  2.101e+01 
  31928  1.000   1  2010  300  21.35  55497.085   82.9  1.761e+01 
  31930  1.000   1  2010  300  22.11  55497.117   82.9  1.302e+01 
  31931  1.000   1  2010  300  22.64  55497.139   82.9  1.278e+01 
  31932  1.000   1  2010  300  23.18  55497.161   82.9  1.258e+01 
  31933  1.000   1  2010  300  23.71  55497.183   82.9  1.179e+01 
  31935  0.611   4  2010  301   0.74  55497.226   82.9  9.532e+00 
  31973  0.933   1  2010  301  19.86  55498.023   83.0  2.550e+01 
  31974  0.933   1  2010  301  20.36  55498.044   83.0  2.623e+01 
  31975  0.933   1  2010  301  20.95  55498.068   83.0  2.307e+01 
  31976  0.933   1  2010  301  21.44  55498.089   83.0  2.468e+01 
  31977  0.500   1  2010  301  21.98  55498.111   83.0  2.576e+01 
  31978  0.500   1  2010  301  22.26  55498.123   83.0  2.606e+01 
  31979  1.000   2  2010  301  22.82  55498.146   83.0  2.607e+01 
  31980  0.933   1  2010  301  23.47  55498.174   83.0  2.259e+01 
  31981  0.933   1  2010  301  23.97  55498.194   83.0  2.667e+01 
  31983  0.933   1  2010  302   0.58  55498.220   83.0  3.062e+01 
  31984  0.933   1  2010  302   1.07  55498.240   83.0  3.154e+01 
  31985  1.000   1  2010  302   1.93  55498.276   83.0  2.964e+01 
  31986  1.000   1  2010  302   2.46  55498.298   83.0  2.960e+01 
  31987  1.000   1  2010  302   2.99  55498.320   83.0  3.538e+01 
  31988  0.788   1  2010  302   3.47  55498.340   83.0  3.459e+01 
  31990  0.563   1  2010  302   4.01  55498.363   83.0  3.387e+01 
  32021  1.000   1  2010  302  19.72  55499.017   83.0  1.057e+01 
  32022  1.000   1  2010  302  20.24  55499.039   83.0  1.126e+01 
  32024  1.000   1  2010  302  21.09  55499.074   83.0  1.068e+01 
  32025  1.000   1  2010  302  21.62  55499.096   83.0  1.021e+01 
  32026  1.000   1  2010  302  22.26  55499.123   83.0  1.131e+01 
  32027  1.000   1  2010  302  22.79  55499.145   83.0  9.802e+00 
  32028  1.000   1  2010  302  23.46  55499.173   83.0  9.496e+00 
  32029  1.000   1  2010  302  23.99  55499.195   83.0  9.480e+00 
  32031  1.000   1  2010  303   0.53  55499.217   83.0  1.030e+01 
  32032  1.000   1  2010  303   1.05  55499.239   83.0  1.031e+01 
  32033  1.000   1  2010  303   1.87  55499.274   83.0  1.337e+01 
  32034  1.000   1  2010  303   2.40  55499.296   83.0  1.609e+01 
  32036  1.000   1  2010  303   3.04  55499.322   83.0  1.663e+01 
  32037  1.000   1  2010  303   3.57  55499.344   83.0  1.772e+01 
  32357  0.889   5  2010  309  19.77  55506.019   83.4  1.620e+01 
  32358  0.356   2  2010  309  20.41  55506.046   83.4  1.652e+01 
  32359  0.356   2  2010  309  20.75  55506.060   83.4  1.681e+01 
  32360  0.889   5  2010  309  21.25  55506.081   83.4  1.738e+01 
  32361  0.356   2  2010  309  21.63  55506.097   83.4  1.666e+01 
  32362  0.889   5  2010  309  22.24  55506.122   83.4  1.557e+01 
  32363  0.533   3  2010  309  22.68  55506.140   83.4  1.546e+01 
  32364  0.711   4  2010  309  23.29  55506.166   83.4  1.440e+01 
  32365  0.711   4  2010  309  23.73  55506.184   83.4  1.530e+01 
  32369  0.800   3  2010  310   1.73  55506.268   83.4  1.381e+01 
  32405  0.889   5  2010  310  19.75  55507.018   83.4  2.237e+01 
  32406  0.533   3  2010  310  20.18  55507.036   83.4  2.328e+01 
  32408  0.711   4  2010  310  21.28  55507.082   83.4  1.837e+01 
  32409  0.711   4  2010  310  21.71  55507.100   83.4  1.592e+01 
  32410  0.711   4  2010  310  22.31  55507.125   83.4  1.228e+01 
  32411  0.711   4  2010  310  22.75  55507.143   83.4  1.378e+01 
  32412  0.356   2  2010  310  23.37  55507.169   83.4  1.652e+01 
  32413  0.889   5  2010  310  23.76  55507.185   83.4  1.771e+01 
  32420  1.333   1  2010  311   3.21  55507.329   83.3  8.339e+00 
  32458  0.711   4  2010  311  22.27  55508.124   83.2  1.065e+01 
  32459  0.711   4  2010  311  22.71  55508.142   83.2  9.981e+00 
  32463  0.800   3  2010  312   0.68  55508.224   83.1  9.715e+00 
  32502  1.778   1  2010  312  20.14  55509.035   82.8  2.726e+01 
  32504  1.778   1  2010  312  21.39  55509.087   82.8  2.630e+01 
  32506  1.778   1  2010  312  22.38  55509.128   82.8  2.539e+01 
  32508  1.778   1  2010  312  23.37  55509.169   82.8  2.107e+01 
  32510  1.778   1  2010  313   0.39  55509.212   82.8  1.985e+01 
  32512  1.778   1  2010  313   1.40  55509.254   82.7  1.685e+01 
  32514  1.778   1  2010  313   2.38  55509.295   82.7  1.718e+01 
  32516  1.778   1  2010  313   3.39  55509.337   82.7  1.576e+01 
  32550  2.000   1  2010  313  20.16  55510.036   82.4  2.128e+01 
  32552  1.222   2  2010  313  21.21  55510.079   82.4  1.649e+01 
  32553  0.611   1  2010  313  21.72  55510.100   82.3  1.547e+01 
  32554  0.944   2  2010  313  22.17  55510.119   82.3  1.450e+01 
  32555  0.333   1  2010  313  22.58  55510.136   82.3  1.383e+01 
  32556  0.800   3  2010  313  23.29  55510.166   82.3  1.283e+01 
  32597  0.500   1  2010  314  19.71  55511.017   81.9  1.419e+01 
  32598  1.000   2  2010  314  20.16  55511.036   81.9  1.356e+01 
  32599  1.000   2  2010  314  20.79  55511.062   81.9  1.125e+01 
  32600  0.500   1  2010  314  21.27  55511.082   81.9  1.078e+01 
  32601  1.000   2  2010  314  21.72  55511.101   81.9  1.162e+01 
  32602  0.500   1  2010  314  22.25  55511.123   81.9  1.150e+01 
  32603  1.000   2  2010  314  22.70  55511.141   81.9  1.174e+01 
  32604  0.778   2  2010  314  23.23  55511.164   81.8  1.310e+01 
  32645  0.333   1  2010  315  19.95  55512.027   81.5  1.279e+01 
  32646  0.667   2  2010  315  20.24  55512.039   81.5  1.287e+01 
  32647  1.000   3  2010  315  20.72  55512.059   81.5  1.057e+01 
  32648  0.667   2  2010  315  21.20  55512.079   81.5  1.065e+01 
  32649  0.667   2  2010  315  21.90  55512.108   81.5  9.952e+00 
  32650  0.667   2  2010  315  22.29  55512.124   81.5  8.936e+00 
  32651  1.000   3  2010  315  22.77  55512.144   81.5  8.486e+00 
  32652  0.333   1  2010  315  23.15  55512.160   81.5  7.903e+00 
  32653  0.333   1  2010  315  23.88  55512.190   81.5  1.041e+01 
  32654  1.000   3  2010  316   0.26  55512.207   81.4  1.034e+01 
  32655  0.667   2  2010  316   0.74  55512.227   81.4  1.045e+01 
  32656  0.667   2  2010  316   1.13  55512.243   81.4  1.010e+01 
  32657  0.333   1  2010  316   1.86  55512.273   81.4  1.238e+01 
  32658  1.000   3  2010  316   2.25  55512.289   81.4  1.360e+01 
  32659  0.667   2  2010  316   2.73  55512.309   81.4  1.216e+01 
  32660  0.667   2  2010  316   3.12  55512.325   81.4  1.442e+01 
  32661  1.000   2  2010  316   3.68  55512.349   81.4  1.562e+01 
  32694  1.333   1  2010  316  20.39  55513.045   81.2  1.346e+01 
  32696  1.333   1  2010  316  21.20  55513.079   81.2  1.510e+01 
  32699  0.333   1  2010  316  22.85  55513.148   81.1  2.340e+01 
  32700  1.000   3  2010  316  23.25  55513.164   81.1  1.745e+01 
  32701  0.667   2  2010  316  23.76  55513.186   81.1  1.813e+01 
  32702  0.333   1  2010  317   0.42  55513.213   81.1  1.595e+01 
  32703  0.667   2  2010  317   0.72  55513.226   81.1  1.674e+01 
  32704  1.000   3  2010  317   1.23  55513.247   81.1  1.458e+01 
  32705  0.667   2  2010  317   1.74  55513.268   81.1  1.344e+01 
  32707  1.333   1  2010  317   2.51  55513.300   81.1  1.859e+01 
  32708  1.333   1  2010  317   3.23  55513.330   81.1  1.840e+01 
  32741  0.358   3  2010  317  19.88  55514.024   80.9  1.319e+01 
  32742  0.836   7  2010  317  20.24  55514.039   80.9  1.275e+01 
  32743  0.836   7  2010  317  20.74  55514.060   80.9  1.199e+01 
  32744  0.717   6  2010  317  21.25  55514.081   80.8  1.250e+01 
  32745  0.836   7  2010  317  21.77  55514.103   80.8  1.265e+01 
  32746  0.836   7  2010  317  22.27  55514.123   80.8  1.516e+01 
  32747  0.358   3  2010  317  22.62  55514.138   80.8  1.942e+01 
  32748  0.639   2  2010  317  23.30  55514.166   80.8  1.928e+01 
  32749  0.958   3  2010  317  23.77  55514.186   80.8  1.889e+01 
  32750  0.639   2  2010  318   0.25  55514.206   80.8  1.669e+01 
  32757  0.500   1  2010  318   3.85  55514.356   80.8  1.216e+01 
  32848  0.684   7  2010  320   1.24  55516.247   80.7  1.119e+01 
  32849  0.334   6  2010  320   1.79  55516.270   80.7  1.119e+01 
  33367  0.756   2  2010  330  20.68  55527.057   81.7  1.105e+01 
  33427  0.500   3  2010  332   2.69  55528.308   81.7  1.810e+01 
  33428  0.583   3  2010  332   3.22  55528.330   81.7  1.721e+01 
  33461  0.444   4  2010  332  19.81  55529.021   81.7  7.154e+00 
  33462  0.444   4  2010  332  20.36  55529.044   81.7  6.973e+00 
  33463  0.333   2  2010  332  20.84  55529.064   81.7  7.140e+00 
  33464  0.500   3  2010  332  21.21  55529.079   81.7  7.717e+00 
  33465  0.500   3  2010  332  21.71  55529.100   81.7  6.437e+00 
  33466  0.778   4  2010  332  22.28  55529.124   81.7  7.093e+00 
  33467  0.444   4  2010  332  22.86  55529.148   81.7  9.365e+00 
  33468  0.389   2  2010  332  23.32  55529.167   81.7  1.088e+01 
  33469  0.583   3  2010  332  23.70  55529.183   81.7  1.250e+01 
  33470  0.583   3  2010  333   0.20  55529.204   81.7  1.186e+01 
  33474  0.583   3  2010  333   2.15  55529.285   81.7  1.060e+01 
  33475  0.778   4  2010  333   2.73  55529.309   81.7  9.551e+00 
  33476  0.583   3  2010  333   3.31  55529.334   81.7  9.597e+00 
  33477  0.417   3  2010  333   3.75  55529.352   81.7  1.052e+01 
  33509  0.444   4  2010  333  19.82  55530.021   81.6  2.262e+01 
  33510  0.667   3  2010  333  20.32  55530.042   81.6  1.975e+01 
  33511  0.444   3  2010  333  20.77  55530.061   81.6  1.859e+01 
  33513  0.889   4  2010  333  21.78  55530.103   81.6  1.579e+01 
  33515  0.667   3  2010  333  22.66  55530.140   81.6  1.569e+01 
  33516  0.889   4  2010  333  23.28  55530.166   81.6  1.285e+01 
  33517  0.444   2  2010  333  23.85  55530.190   81.6  1.376e+01 
  33518  0.444   2  2010  334   0.14  55530.201   81.6  1.366e+01 
  33521  0.556   2  2010  334   1.82  55530.271   81.6  1.395e+01 
  33522  0.556   2  2010  334   2.16  55530.286   81.6  1.430e+01 
  33523  0.667   4  2010  334   2.72  55530.309   81.6  1.549e+01 
  33557  0.889   4  2010  334  19.73  55531.018   81.5  1.230e+01 
  33558  0.667   3  2010  334  20.36  55531.044   81.5  1.130e+01 
  33560  0.889   4  2010  334  21.21  55531.080   81.5  9.695e+00 
  33561  0.444   2  2010  334  21.80  55531.104   81.5  9.812e+00 
  33562  0.667   3  2010  334  22.19  55531.120   81.5  9.641e+00 
  33563  0.667   3  2010  334  22.70  55531.142   81.5  9.561e+00 
  33564  0.667   2  2010  334  23.34  55531.168   81.5  8.573e+00 
  33565  0.667   2  2010  334  23.74  55531.185   81.5  9.318e+00 
  33566  0.667   2  2010  335   0.28  55531.207   81.5  1.006e+01 
  33567  0.667   2  2010  335   0.68  55531.224   81.5  9.894e+00 
  33570  0.500   3  2010  335   2.29  55531.291   81.5  8.533e+00 
  33571  0.611   5  2010  335   2.77  55531.311   81.5  9.241e+00 
  33572  0.333   2  2010  335   3.40  55531.337   81.5  9.271e+00 
  33573  0.333   2  2010  335   3.63  55531.347   81.5  8.386e+00 
  33846  1.173   3  2010  340  20.28  55537.041   81.7  1.362e+01 
  33847  0.391   1  2010  340  20.72  55537.059   81.7  1.372e+01 
  33849  0.764   5  2010  340  21.77  55537.103   81.7  1.380e+01 
  33851  0.533   2  2010  340  22.76  55537.144   81.7  1.319e+01 
  33852  0.533   2  2010  340  23.08  55537.157   81.7  1.381e+01 
  33853  0.800   3  2010  340  23.82  55537.188   81.7  1.215e+01 
  33860  0.789   1  2010  341   3.17  55537.328   81.8  1.148e+01 
  33861  0.789   1  2010  341   3.59  55537.345   81.8  1.291e+01 
  33894  1.333   1  2010  341  20.28  55538.040   81.8  1.088e+01 
  33896  1.333   1  2010  341  21.32  55538.084   81.8  1.081e+01 
  33953  0.500   1  2010  343   1.74  55539.268   81.8  7.725e+00 
  33954  0.573   2  2010  343   2.04  55539.281   81.8  7.752e+00 
  33955  1.000   2  2010  343   2.70  55539.308   81.8  9.837e+00 
  33956  1.000   2  2010  343   3.25  55539.331   81.8  1.042e+01 
  33989  0.667   2  2010  343  19.87  55540.024   81.8  1.170e+01 
  33990  0.500   1  2010  343  20.44  55540.047   81.8  9.336e+00 
  33991  1.000   2  2010  343  20.86  55540.065   81.8  8.379e+00 
  33992  0.500   1  2010  343  21.27  55540.082   81.8  8.640e+00 
  33995  1.333   1  2010  343  22.67  55540.140   81.9  7.920e+00 
  34040  2.000   1  2010  344  21.19  55541.078   82.0  4.372e+00 
  34043  2.000   1  2010  344  22.65  55541.139   82.0  5.584e+00 
  34045  2.000   1  2010  344  23.82  55541.188   82.0  6.537e+00 
  34049  2.000   1  2010  345   1.60  55541.262   82.0  1.084e+01 
  34051  2.000   1  2010  345   2.76  55541.311   82.0  1.248e+01 
  34088  2.000   1  2010  345  21.21  55542.079   82.0  7.436e+00 
  34090  2.000   1  2010  345  22.45  55542.131   82.0  6.713e+00 
  34094  2.000   1  2010  346   0.46  55542.215   82.0  6.313e+00 
  34097  2.000   1  2010  346   1.61  55542.263   82.0  6.074e+00 
  34099  2.000   1  2010  346   2.79  55542.312   82.0  6.085e+00 
  34101  0.500   1  2010  346   3.58  55542.345   82.0  6.065e+00 
  34136  1.222   2  2010  346  21.24  55543.080   81.9  6.540e+00 
  34137  0.611   1  2010  346  21.75  55543.102   81.9  7.975e+00 
  34138  0.611   1  2010  346  22.09  55543.116   81.9  7.375e+00 
  34182  0.611   1  2010  347  20.30  55544.041   81.8  9.927e+00 
  34183  0.416   1  2010  347  20.93  55544.068   81.8  9.535e+00 
  34184  0.652   2  2010  347  21.46  55544.090   81.8  9.081e+00 
  34185  0.611   1  2010  347  21.83  55544.105   81.8  8.177e+00 
  34186  0.611   1  2010  347  22.37  55544.127   81.8  7.123e+00 
  34187  0.611   1  2010  347  22.71  55544.142   81.8  6.905e+00 
  34188  1.222   2  2010  347  23.22  55544.163   81.8  8.366e+00 
  34190  1.222   2  2010  348   0.29  55544.208   81.8  8.955e+00 
  34191  0.611   1  2010  348   0.80  55544.229   81.8  8.616e+00 
  34192  0.611   1  2010  348   1.14  55544.243   81.8  8.363e+00 
  34193  0.367   1  2010  348   1.84  55544.272   81.8  7.104e+00 
  34194  1.100   3  2010  348   2.27  55544.290   81.8  8.182e+00 
  34712  0.362   4  2010  358  21.35  55555.085   81.6  4.980e+00 
  34713  0.453   5  2010  358  21.68  55555.099   81.6  4.608e+00 
  34759  0.362   4  2010  359  20.74  55556.060   81.5  3.834e+00 
  34760  0.543   6  2010  359  21.29  55556.083   81.5  4.096e+00 
  34809  0.533   2  2010  360  21.82  55557.105   81.4  8.405e+00 
  34810  0.533   2  2010  360  22.14  55557.118   81.4  8.723e+00 
  34812  0.458   3  2010  360  23.35  55557.169   81.3  8.063e+00 
  34813  0.764   5  2010  360  23.78  55557.186   81.3  7.658e+00 
  34859  0.533   2  2010  361  22.83  55558.147   81.1  4.452e+00 
  34860  0.533   2  2010  361  23.15  55558.160   81.1  4.172e+00 
  34908  0.764   5  2010  362  23.23  55559.163   80.9  8.241e+00 
  34910  0.611   4  2010  363   0.26  55559.206   80.9  7.220e+00 
  34911  0.611   4  2010  363   0.71  55559.225   80.9  6.066e+00 
  34913  0.698   4  2010  363   1.74  55559.268   80.9  6.219e+00 
  34915  0.500   1  2010  363   2.69  55559.308   80.9  6.528e+00 
  34953  0.764   5  2010  363  21.74  55560.102   80.8  2.025e+00 
  34954  0.458   3  2010  363  22.19  55560.120   80.8  2.479e+00 
  34955  0.458   3  2010  363  22.87  55560.148   80.8  2.008e+00 
  34956  0.611   4  2010  363  23.26  55560.165   80.8  2.336e+00 
  34958  0.778   1  2010  364   0.26  55560.206   80.8  2.747e+00 
  34959  0.778   1  2010  364   0.69  55560.224   80.8  3.044e+00 
  34960  0.500   1  2010  364   1.36  55560.252   80.7  3.320e+00 
  34961  1.000   2  2010  364   1.77  55560.269   80.7  3.166e+00 
  34999  0.800   3  2010  364  20.78  55561.061   80.6  6.489e+00 
  35001  0.800   3  2010  364  21.71  55561.100   80.6  7.119e+00 
  35003  0.764   5  2010  364  22.74  55561.143   80.6  8.723e+00 
  35005  0.639   1  2010  364  23.85  55561.189   80.6  8.788e+00 
  35006  0.639   1  2010  365   0.19  55561.204   80.6  9.444e+00 
  35007  1.278   2  2010  365   0.71  55561.225   80.6  1.007e+01 
  35009  1.000   2  2010  365   1.68  55561.266   80.6  8.355e+00 
  35010  0.500   1  2010  365   2.09  55561.283   80.6  8.291e+00 
  35049  0.800   3  2010  365  21.68  55562.099   80.6  5.209e+00 
  35051  1.333   1  2010  365  22.77  55562.144   80.6  1.061e+01 
  35053  1.278   2  2010  365  23.78  55562.186   80.6  6.392e+00 
  35054  0.639   1  2011    1   0.29  55562.208   80.6  6.536e+00 
  35055  0.639   1  2011    1   0.63  55562.222   80.6  6.374e+00 
  35056  0.778   1  2011    1   1.32  55562.251   80.6  6.215e+00 
  35057  0.778   1  2011    1   1.74  55562.268   80.6  6.423e+00 
  35095  0.800   3  2011    1  20.73  55563.059   80.5  8.013e+00 
  35096  0.533   2  2011    1  21.35  55563.085   80.5  8.021e+00 
  35097  0.533   2  2011    1  21.66  55563.098   80.5  7.867e+00 
  35098  0.611   4  2011    1  22.32  55563.126   80.5  7.133e+00 
  35099  0.611   4  2011    1  22.75  55563.144   80.5  7.248e+00 
  35101  1.556   2  2011    1  23.78  55563.186   80.5  6.898e+00 
  35148  0.778   1  2011    2  23.36  55564.169   80.5  5.250e+00 
  35149  0.778   1  2011    2  23.79  55564.187   80.5  5.450e+00 
  35151  1.556   2  2011    3   0.76  55564.227   80.5  6.575e+00 
  35153  1.000   2  2011    3   1.77  55564.269   80.5  8.195e+00 
  35154  0.500   1  2011    3   2.18  55564.286   80.5  8.341e+00 
  35155  0.500   1  2011    3   2.74  55564.310   80.5  7.909e+00 
  35156  1.000   2  2011    3   3.15  55564.327   80.6  7.110e+00 
  35157  0.523   3  2011    3   3.75  55564.352   80.6  6.623e+00 
  35190  0.611   1  2011    3  20.45  55565.048   80.6  4.574e+00 
  35191  0.611   1  2011    3  20.79  55565.062   80.6  3.559e+00 
  35192  1.222   2  2011    3  21.30  55565.083   80.6  3.666e+00 
  35194  0.800   3  2011    3  22.30  55565.125   80.6  3.857e+00 
  35196  0.764   5  2011    3  23.22  55565.163   80.6  4.386e+00 
  35198  0.778   1  2011    4   0.20  55565.204   80.6  5.160e+00 
  35199  0.778   1  2011    4   0.62  55565.221   80.7  5.381e+00 
  35239  1.000   1  2011    4  20.56  55566.052   80.8  5.225e+00 
  35240  1.000   1  2011    4  21.09  55566.074   80.8  4.422e+00 
  35241  1.000   1  2011    4  21.71  55566.100   80.8  4.574e+00 
  35242  1.000   1  2011    4  22.23  55566.122   80.8  4.768e+00 
  35244  0.764   5  2011    4  23.26  55566.165   80.8  7.230e+00 
  35246  0.778   1  2011    5   0.25  55566.206   80.8  1.093e+01 
  35247  0.778   1  2011    5   0.67  55566.224   80.8  1.203e+01 
  35297  0.500   1  2011    6   1.85  55567.273   80.9  4.194e+00 
  35298  1.000   2  2011    6   2.26  55567.290   80.9  3.411e+00 
  35299  0.500   1  2011    6   2.92  55567.317   80.9  3.772e+00 
  35300  1.000   2  2011    6   3.33  55567.334   80.9  4.262e+00 
  35301  1.000   1  2011    6   3.96  55567.361   80.9  5.454e+00 
  35342  0.778   1  2011    7   0.10  55568.200   80.9  1.076e+01 
  35343  0.778   1  2011    7   0.53  55568.217   80.9  1.071e+01 
  35344  0.667   1  2011    7   1.27  55568.249   80.9  9.966e+00 
  35345  1.333   2  2011    7   1.81  55568.271   80.9  9.252e+00 
  35346  0.667   1  2011    7   2.35  55568.294   80.9  8.563e+00 
  35348  1.333   2  2011    7   3.22  55568.330   80.9  7.375e+00 
  35349  0.667   1  2011    7   3.76  55568.352   81.0  7.341e+00 
  35350  0.667   1  2011    7   4.12  55568.367   81.0  8.821e+00 
  35431  1.333   1  2011    8  20.67  55570.057   81.4  8.368e+00 
  35438  1.556   2  2011    9   0.27  55570.207   81.4  7.615e+00 
  35488  0.778   1  2011   10   1.23  55571.247   81.6  4.392e+00 
  35489  0.778   1  2011   10   1.66  55571.265   81.6  4.267e+00 
  35490  0.778   1  2011   10   2.42  55571.296   81.6  4.609e+00 
  35491  0.778   1  2011   10   2.84  55571.314   81.6  4.942e+00 
  35527  0.764   5  2011   10  20.77  55572.061   81.7  4.636e+00 
  35528  0.458   3  2011   10  21.20  55572.079   81.7  4.816e+00 
  35530  1.333   1  2011   10  22.02  55572.113   81.7  5.190e+00 
  35532  1.333   1  2011   10  23.02  55572.155   81.8  6.012e+00 
  35575  1.000   2  2011   11  20.78  55573.061   81.8  3.808e+00 
  35577  1.000   2  2011   11  21.84  55573.105   81.8  3.415e+00 
  35578  0.500   1  2011   11  22.39  55573.129   81.8  3.222e+00 
  35579  1.000   2  2011   11  22.84  55573.147   81.8  3.465e+00 
  35580  0.500   1  2011   11  23.28  55573.166   81.8  4.431e+00 
  35581  1.000   2  2011   11  23.84  55573.189   81.8  4.736e+00 
  35583  0.500   1  2011   12   0.72  55573.226   81.8  5.860e+00 
  35584  1.000   2  2011   12   1.17  55573.244   81.8  5.597e+00 
  35585  0.500   1  2011   12   1.61  55573.263   81.8  7.319e+00 
  35586  0.889   2  2011   12   2.16  55573.285   81.8  6.143e+00 
  35587  0.889   2  2011   12   2.67  55573.307   81.8  5.577e+00 
  35622  0.500   1  2011   12  20.46  55574.048   81.7  8.563e+00 
  35623  0.500   1  2011   12  20.75  55574.060   81.7  9.382e+00 
  35624  0.333   1  2011   12  21.29  55574.083   81.7  8.073e+00 
  35625  0.778   2  2011   12  21.75  55574.102   81.7  8.714e+00 
  35626  0.889   2  2011   12  22.33  55574.126   81.7  9.306e+00 
  35627  0.444   1  2011   12  22.71  55574.142   81.7  8.691e+00 
  35628  0.889   2  2011   12  23.28  55574.166   81.7  7.997e+00 
  35629  0.889   2  2011   12  23.80  55574.187   81.7  7.183e+00 
  36102  0.611   4  2011   22  20.25  55584.039   79.1  4.114e+00 
  36103  0.611   4  2011   22  20.68  55584.057   79.1  3.541e+00 
  36198  1.000   1  2011   24  20.28  55586.040   79.0  5.024e+00 
  36199  1.000   1  2011   24  20.80  55586.062   79.0  4.135e+00 
  36246  1.000   1  2011   25  20.48  55587.049   79.1  4.122e+00 
  36248  1.000   1  2011   25  21.01  55587.071   79.1  3.785e+00 
  36249  1.333   1  2011   25  21.91  55587.108   79.1  5.094e+00 
  36346  0.633   1  2011   27  22.34  55589.127   79.8  3.068e+00 
  36347  0.633   1  2011   27  22.68  55589.141   79.8  2.696e+00 
  36348  1.267   2  2011   27  23.19  55589.162   79.8  3.503e+00 
  36351  0.500   3  2011   28   0.89  55589.233   79.9  4.371e+00 
  36355  1.000   1  2011   28   2.75  55589.310   79.9  4.124e+00 
  36356  1.000   1  2011   28   3.28  55589.332   79.9  4.852e+00 
  36357  1.000   1  2011   28   3.92  55589.359   79.9  5.445e+00 
  36358  1.000   1  2011   28   4.44  55589.381   79.9  6.037e+00 
  36391  0.789   1  2011   28  20.97  55590.069   80.2  3.716e+00 
  36392  0.789   1  2011   28  21.40  55590.087   80.3  3.633e+00 
  36394  0.789   1  2011   28  22.34  55590.126   80.3  3.648e+00 
  36395  0.789   1  2011   28  22.76  55590.144   80.3  3.683e+00 
  36399  0.806   1  2011   29   0.60  55590.221   80.3  6.191e+00 
  36400  0.806   1  2011   29   1.03  55590.239   80.3  7.599e+00 
  36401  0.806   1  2011   29   1.76  55590.269   80.3  6.562e+00 
  36402  0.806   1  2011   29   2.19  55590.287   80.3  7.397e+00 
  36403  0.789   1  2011   29   2.94  55590.318   80.4  7.833e+00 
  36404  0.789   1  2011   29   3.36  55590.336   80.4  7.288e+00 
  36445  1.000   1  2011   29  23.66  55591.182   80.8  4.630e+00 
  36446  0.500   1  2011   30   0.49  55591.216   80.8  5.876e+00 
  36447  0.500   1  2011   30   0.76  55591.227   80.8  6.378e+00 
  36448  0.500   1  2011   30   1.02  55591.238   80.8  6.749e+00 
  36450  0.667   1  2011   30   2.36  55591.294   80.8  8.667e+00 
  36451  0.667   1  2011   30   2.72  55591.309   80.8  9.097e+00 
  36452  1.333   2  2011   30   3.26  55591.331   80.8  8.160e+00 
  36496  0.667   1  2011   31   1.38  55592.253   81.5  5.652e+00 
  36497  0.667   1  2011   31   1.75  55592.268   81.5  5.200e+00 
  36498  1.333   2  2011   31   2.29  55592.291   81.6  5.187e+00 
  36500  1.333   2  2011   31   3.26  55592.331   81.6  5.288e+00 
  36501  0.667   1  2011   31   3.80  55592.354   81.6  5.315e+00 
  36502  0.667   1  2011   31   4.16  55592.369   81.6  5.878e+00 
  36543  1.611   2  2011   32   0.73  55593.226   82.5  6.763e+00 
  36545  0.667   1  2011   32   1.83  55593.272   82.6  5.863e+00 
  36546  0.667   1  2011   32   2.19  55593.287   82.6  5.707e+00 
  36547  1.333   2  2011   32   2.73  55593.309   82.6  5.440e+00 
  36549  0.806   1  2011   32   3.73  55593.351   82.7  5.518e+00 
  36550  0.806   1  2011   32   4.16  55593.369   82.7  5.484e+00 
  36596  0.778   1  2011   33   3.18  55594.328   83.8  1.102e+01 
  36597  0.778   1  2011   33   3.60  55594.346   83.8  1.076e+01 
  36740  0.806   1  2011   36   3.17  55597.328   87.1  5.803e+00 
  36741  0.806   1  2011   36   3.60  55597.346   87.1  6.286e+00 
  36775  0.611   1  2011   36  20.79  55598.062   88.0  4.041e+00 
  36776  1.222   2  2011   36  21.30  55598.083   88.0  4.911e+00 
  36777  0.611   1  2011   36  21.81  55598.104   88.1  4.711e+00 
  36830  1.267   2  2011   38   0.23  55599.205   89.1  5.148e+00 
  36831  0.633   1  2011   38   0.74  55599.226   89.1  5.311e+00 
  36832  0.633   1  2011   38   1.08  55599.241   89.1  5.009e+00 
  36871  1.133   1  2011   38  20.77  55600.061   89.7  4.348e+00 
  36872  1.133   1  2011   38  21.36  55600.086   89.7  4.622e+00 
  36874  1.133   1  2011   38  22.03  55600.114   89.7  4.018e+00 
  36875  1.133   1  2011   38  22.62  55600.138   89.8  4.273e+00 
  36876  1.133   1  2011   38  23.43  55600.172   89.8  3.809e+00 
  36878  1.133   1  2011   39   0.02  55600.196   89.8  3.062e+00 
  36879  1.133   1  2011   39   0.74  55600.226   89.8  2.979e+00 
  36880  1.133   1  2011   39   1.33  55600.251   89.8  3.206e+00 
  36882  1.306   1  2011   39   2.10  55600.283   89.9  2.899e+00 
  36883  1.306   1  2011   39   2.78  55600.311   89.9  3.569e+00 
  36885  1.306   1  2011   39   3.58  55600.345   89.9  5.807e+00 
  36886  1.306   1  2011   39   4.25  55600.373   89.9  4.430e+00 
  36930  0.500   1  2011   40   2.44  55601.297   90.4  5.271e+00 
  36931  0.500   1  2011   40   2.74  55601.310   90.4  5.468e+00 
  36932  1.000   2  2011   40   3.18  55601.328   90.4  5.799e+00 
  36933  0.667   2  2011   40   3.76  55601.352   90.4  5.536e+00 
  36934  0.667   2  2011   40   4.19  55601.370   90.4  4.956e+00 
  36973  1.000   2  2011   40  23.77  55602.186   90.7  2.507e+00 
  36974  0.500   1  2011   41   0.21  55602.204   90.7  3.202e+00 
  36975  1.000   2  2011   41   0.68  55602.224   90.7  3.827e+00 
  36976  0.500   1  2011   41   1.44  55602.256   90.8  5.831e+00 
  36977  0.500   1  2011   41   1.74  55602.268   90.8  7.053e+00 
  36978  1.000   2  2011   41   2.24  55602.289   90.8  7.869e+00 
  36979  1.000   2  2011   41   2.83  55602.314   90.8  7.674e+00 
  36980  0.500   1  2011   41   3.31  55602.333   90.8  7.627e+00 
  36981  0.500   1  2011   41   3.61  55602.346   90.8  7.549e+00 
  36982  0.833   2  2011   41   4.31  55602.375   90.8  8.614e+00 
  36983  0.333   1  2011   41   4.68  55602.390   90.8  1.153e+01 
  37026  1.000   1  2011   42   2.39  55603.295   91.1  4.420e+00 
  37027  1.000   1  2011   42   2.91  55603.317   91.1  4.267e+00 
  37029  1.000   1  2011   42   3.66  55603.348   91.1  4.566e+00 
  37030  1.000   1  2011   42   4.18  55603.370   91.1  3.138e+00 
  37063  0.667   2  2011   42  20.83  55604.063   91.3  5.099e+00 
  37064  0.667   2  2011   42  21.33  55604.084   91.4  5.043e+00 
  37065  0.667   2  2011   42  21.78  55604.103   91.4  5.169e+00 
  37066  0.500   3  2011   42  22.38  55604.128   91.4  6.195e+00 
  37067  0.500   2  2011   42  22.79  55604.145   91.4  6.213e+00 
  37068  0.667   2  2011   42  23.24  55604.164   91.4  6.330e+00 
  37069  0.699   3  2011   42  23.73  55604.184   91.4  7.381e+00 
  37070  0.333   1  2011   43   0.14  55604.201   91.4  7.685e+00 
  37072  1.000   1  2011   43   1.09  55604.241   91.4  7.367e+00 
  37073  1.000   1  2011   43   1.62  55604.263   91.4  6.609e+00 
  37074  1.000   1  2011   43   2.19  55604.287   91.4  6.088e+00 
  37075  1.000   1  2011   43   2.72  55604.309   91.4  6.150e+00 
  37076  0.667   1  2011   43   3.30  55604.333   91.4  7.085e+00 
  37077  0.667   1  2011   43   3.66  55604.348   91.4  6.447e+00 
  37078  1.333   2  2011   43   4.22  55604.371   91.4  6.702e+00 
  37205  0.331   1  2011   45  19.96  55607.027   92.3  4.269e+00 
  37206  0.661   2  2011   45  20.28  55607.041   92.4  4.675e+00 
  37207  0.331   1  2011   45  20.60  55607.054   92.4  4.073e+00 
  37212  0.661   2  2011   45  23.35  55607.168   92.4  7.681e+00 
  37213  0.661   2  2011   45  23.77  55607.186   92.4  7.519e+00 
  37218  0.542  13  2011   46   2.26  55607.290   92.5  9.967e+00 
  37219  0.583  14  2011   46   2.76  55607.310   92.5  1.122e+01 
  37590  0.556   2  2011   53  20.38  55615.045  105.6  5.109e+00 
  37591  0.556   2  2011   53  20.72  55615.059  105.7  6.179e+00 
  37593  0.833   3  2011   53  21.70  55615.100  105.8  8.529e+00 
  37594  0.556   2  2011   53  22.27  55615.124  105.9  8.018e+00 
  37595  0.556   2  2011   53  22.62  55615.138  105.9  8.327e+00 
  37596  0.556   2  2011   53  23.30  55615.166  106.0  8.126e+00 
  37597  0.556   2  2011   53  23.64  55615.181  106.0  6.610e+00 
  37598  0.333   2  2011   54   0.34  55615.210  106.1  5.909e+00 
  37599  0.333   2  2011   54   0.57  55615.219  106.1  6.513e+00 
  37600  0.889   4  2011   54   1.27  55615.248  106.2  6.763e+00 
  37602  0.444   2  2011   54   2.26  55615.290  106.3  5.590e+00 
  37603  0.444   4  2011   54   2.70  55615.308  106.4  5.563e+00 
  37605  0.667   3  2011   54   3.73  55615.351  106.5  5.422e+00 
  37606  0.556   5  2011   54   4.30  55615.375  106.6  4.578e+00 
  37640  0.833   3  2011   54  21.18  55616.078  108.4  4.013e+00 
  37641  0.833   3  2011   54  21.76  55616.102  108.4  4.182e+00 
  37643  0.667   3  2011   54  22.73  55616.142  108.5  4.092e+00 
  37644  0.667   3  2011   54  23.33  55616.168  108.6  5.112e+00 
  37646  0.667   3  2011   55   0.24  55616.206  108.6  5.418e+00 
  37647  0.556   4  2011   55   0.75  55616.227  108.7  5.431e+00 
  37649  0.667   4  2011   55   1.68  55616.266  108.7  5.563e+00 
  37650  0.444   2  2011   55   2.30  55616.291  108.8  5.235e+00 
  37651  0.444   2  2011   55   2.58  55616.303  108.8  5.501e+00 
  37652  0.667   3  2011   55   3.32  55616.334  108.9  5.465e+00 
  37654  0.500   3  2011   55   4.38  55616.378  109.0  5.688e+00 
  37788  0.355   3  2011   57  23.40  55619.170  112.6  1.428e+01 
  37789  0.828   7  2011   57  23.75  55619.185  112.6  1.374e+01 
  37790  0.828   7  2011   58   0.24  55619.205  112.6  1.337e+01 
  37791  0.828   7  2011   58   0.73  55619.226  112.6  1.233e+01 
  37792  0.473   4  2011   58   1.11  55619.242  112.6  1.167e+01 
  37927  0.592   5  2011   60  20.81  55622.063  112.8  1.417e+01 
  37928  0.828   7  2011   60  21.23  55622.080  112.8  1.366e+01 
  37929  0.651   6  2011   60  21.66  55622.098  112.8  1.410e+01 
  37977  0.710   6  2011   61  21.76  55623.102  112.4  1.372e+01 
  37978  0.947   8  2011   61  22.25  55623.123  112.4  1.473e+01 
  37979  0.828   7  2011   61  22.78  55623.145  112.4  1.323e+01 
  37980  0.461   4  2011   61  23.16  55623.160  112.4  1.211e+01 
  38022  1.333   1  2011   62  20.40  55624.046  112.0  8.308e+00 
  38024  0.390   2  2011   62  21.28  55624.082  112.0  9.494e+00 
  38025  1.000   3  2011   62  21.74  55624.101  112.0  9.225e+00 
  38026  0.333   1  2011   62  22.43  55624.130  111.9  9.039e+00 
  38027  0.667   2  2011   62  22.75  55624.144  111.9  9.845e+00 
  38028  0.333   1  2011   62  23.07  55624.157  111.9  9.183e+00 
  38029  0.778   1  2011   62  23.61  55624.179  111.9  8.281e+00 
  38030  0.778   1  2011   63   0.03  55624.197  111.9  7.345e+00 
  38037  0.639   1  2011   63   3.70  55624.350  111.7  8.086e+00 
  38038  1.278   2  2011   63   4.21  55624.371  111.6  8.283e+00 
  38039  0.639   1  2011   63   4.73  55624.393  111.6  9.636e+00 
  38076  1.450   1  2011   63  23.34  55625.168  110.8  7.926e+00 
  38078  1.450   1  2011   64   0.34  55625.210  110.8  7.209e+00 
  38080  1.450   1  2011   64   1.08  55625.241  110.8  7.362e+00 
  38082  1.450   1  2011   64   2.15  55625.285  110.7  7.690e+00 
  38083  1.450   1  2011   64   2.89  55625.316  110.7  8.250e+00 
  38085  1.144   1  2011   64   3.68  55625.349  110.7  8.504e+00 
  38086  1.144   1  2011   64   4.28  55625.374  110.7  8.421e+00 
  38127  1.167   1  2011   65   0.59  55626.220  110.1  1.044e+01 
  38129  2.000   1  2011   65   1.62  55626.263  110.1  8.968e+00 
  38131  1.833   1  2011   65   2.93  55626.318  110.1  9.638e+00 
  38134  2.000   1  2011   65   4.15  55626.368  110.1  9.906e+00 
  38174  1.167   1  2011   66   0.17  55627.203  109.8  5.637e+00 
  38175  1.167   1  2011   66   0.78  55627.228  109.8  5.688e+00 
  38177  0.833   1  2011   66   1.51  55627.258  109.8  4.500e+00 
  38178  1.500   1  2011   66   2.22  55627.288  109.8  4.931e+00 
  38180  1.167   1  2011   66   3.10  55627.325  109.7  5.498e+00 
  38181  1.500   1  2011   66   3.88  55627.357  109.7  6.150e+00 
  38213  1.222   2  2011   66  19.82  55628.021  109.8  9.495e+00 
  38214  0.611   1  2011   66  20.33  55628.043  109.8  1.005e+01 
  38215  0.611   1  2011   66  20.67  55628.057  109.8  9.547e+00 
  38223  1.389   1  2011   67   0.51  55628.217  109.8  1.218e+01 
  38224  1.389   1  2011   67   1.22  55628.247  109.9  1.151e+01 
  38226  1.500   1  2011   67   2.18  55628.286  109.9  9.417e+00 
  38228  1.500   1  2011   67   3.10  55628.325  109.9  7.289e+00 
  38230  2.000   1  2011   67   4.22  55628.371  109.9  6.274e+00 
  38270  0.833   1  2011   68   0.39  55629.212  110.3  5.686e+00 
  38272  2.000   1  2011   68   1.35  55629.252  110.3  5.637e+00 
  38274  1.000   1  2011   68   2.38  55629.295  110.3  6.438e+00 
  38276  1.667   1  2011   68   3.18  55629.328  110.3  8.383e+00 
  38278  1.667   1  2011   68   4.25  55629.373  110.3  8.551e+00 
  38309  0.500   2  2011   68  19.81  55630.021  110.7  1.359e+01 
  38310  0.500   2  2011   68  20.11  55630.034  110.7  1.358e+01 
  38311  0.750   3  2011   68  20.71  55630.058  110.7  1.392e+01 
  38312  0.583   2  2011   68  21.29  55630.083  110.7  1.495e+01 
  38313  0.667   2  2011   68  21.79  55630.103  110.7  1.532e+01 
  38314  0.667   2  2011   68  22.26  55630.123  110.7  1.506e+01 
  38315  0.667   2  2011   68  22.73  55630.143  110.7  1.388e+01 
  38316  0.333   1  2011   68  23.02  55630.155  110.7  1.352e+01 
  38317  1.250   3  2011   68  23.76  55630.185  110.8  1.270e+01 
  38318  0.417   1  2011   69   0.22  55630.205  110.8  1.220e+01 
  38319  0.500   1  2011   69   0.94  55630.235  110.8  1.043e+01 
  38320  0.436   1  2011   69   1.20  55630.245  110.8  9.979e+00 
  38321  1.000   2  2011   69   1.83  55630.272  110.8  8.625e+00 
  38323  0.750   3  2011   69   2.77  55630.311  110.8  7.232e+00 
  38324  0.500   1  2011   69   3.26  55630.332  110.8  7.237e+00 
  38325  1.000   2  2011   69   3.68  55630.349  110.9  7.243e+00 
  38326  1.000   2  2011   69   4.23  55630.372  110.9  6.693e+00 
  38327  0.500   1  2011   69   4.65  55630.389  110.9  7.381e+00 
  38356  0.611   1  2011   69  19.41  55631.004  111.3  1.031e+01 
  38357  0.611   1  2011   69  19.75  55631.018  111.3  8.446e+00 
  38358  1.222   2  2011   69  20.26  55631.040  111.3  7.120e+00 
  38369  0.867   1  2011   70   1.82  55631.271  111.5  1.108e+01 
  38370  0.867   1  2011   70   2.28  55631.291  111.5  1.146e+01 
  38371  0.867   1  2011   70   2.74  55631.310  111.5  1.178e+01 
  38372  0.667   1  2011   70   3.24  55631.331  111.5  1.390e+01 
  38373  1.333   2  2011   70   3.78  55631.353  111.6  1.664e+01 
  38374  0.667   1  2011   70   4.32  55631.376  111.6  1.459e+01 
  38404  0.611   1  2011   70  19.43  55632.005  112.1  1.202e+01 
  38405  0.611   1  2011   70  19.77  55632.019  112.1  1.045e+01 
  38406  0.333   1  2011   70  20.36  55632.044  112.1  1.095e+01 
  38407  0.667   2  2011   70  20.68  55632.057  112.1  1.139e+01 
  38408  0.333   1  2011   70  21.00  55632.071  112.1  1.281e+01 
  38409  0.523   3  2011   70  21.74  55632.102  112.2  1.293e+01 
  38410  0.349   2  2011   70  22.14  55632.118  112.2  1.266e+01 
  38412  0.523   3  2011   70  23.29  55632.166  112.2  1.127e+01 
  38413  0.523   3  2011   70  23.71  55632.184  112.2  1.109e+01 
  38414  0.483   1  2011   71   0.40  55632.212  112.3  8.919e+00 
  38415  0.967   2  2011   71   0.79  55632.228  112.3  8.150e+00 
  38416  0.483   1  2011   71   1.18  55632.245  112.3  8.063e+00 
  38417  0.667   2  2011   71   1.88  55632.274  112.3  7.996e+00 
  38418  0.667   2  2011   71   2.31  55632.292  112.3  9.045e+00 
  38420  1.278   2  2011   71   3.24  55632.331  112.4  9.238e+00 
  38421  0.639   1  2011   71   3.75  55632.352  112.4  1.027e+01 
  38422  0.639   1  2011   71   4.09  55632.366  112.4  9.955e+00 
  38942  0.875   5  2011   82   0.28  55643.207  108.7  7.645e+00 
  38943  0.875   5  2011   82   0.77  55643.228  108.7  7.610e+00 
  38944  0.875   5  2011   82   1.27  55643.248  108.6  8.120e+00 
  38945  0.875   5  2011   82   1.76  55643.269  108.6  8.702e+00 
  38980  1.057   3  2011   82  19.25  55643.998  107.9  1.212e+01 
  38981  0.704   2  2011   82  19.82  55644.021  107.9  7.729e+00 
  38982  0.704   2  2011   82  20.29  55644.041  107.9  8.103e+00 
  38983  0.352   1  2011   82  20.60  55644.054  107.9  8.262e+00 
  38984  0.523   3  2011   82  21.35  55644.085  107.8  7.237e+00 
  38985  0.523   3  2011   82  21.77  55644.103  107.8  6.983e+00 
  38987  0.698   4  2011   82  22.73  55644.143  107.8  6.412e+00 
  38988  0.349   2  2011   82  23.23  55644.163  107.8  6.569e+00 
  38989  0.698   4  2011   82  23.73  55644.184  107.8  9.039e+00 
  38991  0.698   4  2011   83   0.71  55644.225  107.8  1.233e+01 
  38992  0.349   2  2011   83   1.14  55644.243  107.8  1.414e+01 
  39030  0.704   2  2011   83  20.20  55645.037  107.4  1.937e+01 
  39031  0.704   2  2011   83  20.62  55645.055  107.4  1.776e+01 
  39032  0.500   2  2011   83  21.31  55645.083  107.4  1.648e+01 
  39076  1.000   1  2011   84  19.34  55646.001  107.1  1.381e+01 
  39126  1.556   2  2011   85  20.25  55647.039  106.7  1.400e+01 
  39137  0.667   2  2011   86   1.86  55647.273  106.7  6.151e+00 
  39138  0.667   2  2011   86   2.28  55647.291  106.7  6.598e+00 
  39140  0.833   5  2011   86   3.24  55647.330  106.7  1.084e+01 
  39141  0.667   4  2011   86   3.73  55647.351  106.7  1.347e+01 
  39508  0.789   1  2011   93  19.40  55655.004  112.0  1.092e+01 
  39509  0.789   1  2011   93  19.82  55655.022  112.0  1.190e+01 
  39511  1.279   2  2011   93  20.68  55655.057  112.1  1.355e+01 
  39520  0.611   1  2011   94   1.38  55655.253  112.2  1.340e+01 
  39521  0.611   1  2011   94   1.72  55655.267  112.2  1.277e+01 
  39522  1.222   2  2011   94   2.23  55655.289  112.2  1.259e+01 
  39524  0.889   2  2011   94   3.36  55655.335  112.2  1.521e+01 
  39525  0.889   2  2011   94   3.87  55655.357  112.2  1.197e+01 
  39556  0.789   1  2011   94  19.37  55656.002  112.6  1.047e+01 
  39557  0.789   1  2011   94  19.79  55656.020  112.6  1.152e+01 
  39653  0.789   1  2011   96  19.98  55658.028  113.3  1.811e+01 
  39654  0.789   1  2011   96  20.41  55658.046  113.3  1.804e+01 
  39700  0.789   1  2011   97  19.36  55659.002  113.7  1.258e+01 
  39701  0.789   1  2011   97  19.79  55659.020  113.7  1.222e+01 
  39706  1.333   1  2011   97  22.12  55659.117  113.7  1.292e+01 
  39710  1.333   1  2011   98   0.40  55659.212  113.7  1.250e+01 
  39748  0.789   1  2011   98  19.33  55660.001  113.8  1.212e+01 
  39749  0.789   1  2011   98  19.76  55660.019  113.8  1.224e+01 
  39751  0.667   2  2011   98  20.85  55660.064  113.8  1.120e+01 
  39752  0.667   2  2011   98  21.28  55660.082  113.8  1.047e+01 
  39753  0.333   1  2011   98  21.94  55660.110  113.8  1.029e+01 
  39754  0.667   2  2011   98  22.26  55660.123  113.8  9.630e+00 
  39755  0.333   1  2011   98  22.58  55660.136  113.8  8.967e+00 
  39760  0.500   1  2011   99   1.34  55660.251  113.8  1.065e+01 
  39761  1.000   2  2011   99   1.75  55660.269  113.8  1.082e+01 
  39764  1.000   2  2011   99   3.20  55660.329  113.8  1.030e+01 
  39765  0.500   1  2011   99   3.61  55660.346  113.8  9.357e+00 
  39903  0.856   1  2011  102   0.61  55663.221  114.0  1.791e+01 
  39992  0.789   1  2011  103  21.15  55665.077  113.7  2.226e+01 
  39993  0.789   1  2011  103  21.57  55665.094  113.7  2.161e+01 
  39994  0.789   1  2011  103  22.21  55665.121  113.7  1.966e+01 
  39995  0.789   1  2011  103  22.64  55665.139  113.7  1.394e+01 
  40097  0.667   1  2011  106   1.71  55667.267  113.7  7.696e+00 
  40098  0.667   1  2011  106   2.06  55667.282  113.7  8.063e+00 
  40099  0.667   1  2011  106   2.65  55667.306  113.7  7.004e+00 
  40100  0.667   1  2011  106   3.00  55667.321  113.7  7.335e+00 
  40101  1.333   2  2011  106   3.79  55667.354  113.8  9.445e+00 
  40277  0.698   4  2011  109  19.72  55671.017  113.6  2.649e+01 
  40283  0.789   1  2011  109  22.84  55671.147  113.5  1.204e+01 
  40284  0.789   1  2011  109  23.26  55671.165  113.5  2.118e+01 
  40324  0.523   3  2011  110  19.24  55671.997  113.3  2.823e+01 
  40325  0.523   3  2011  110  19.66  55672.015  113.3  2.798e+01 
  40326  0.349   2  2011  110  20.36  55672.044  113.3  2.567e+01 
  40327  0.698   4  2011  110  20.78  55672.061  113.3  2.183e+01 
  40329  0.523   3  2011  110  21.76  55672.102  113.3  1.470e+01 
  40330  0.349   2  2011  110  22.11  55672.117  113.3  1.535e+01 
  40333  1.250   2  2011  110  23.74  55672.185  113.3  1.852e+01 
  40335  0.625   1  2011  111   0.65  55672.223  113.2  1.815e+01 
  40336  0.625   1  2011  111   1.01  55672.238  113.2  1.386e+01 
  40342  0.611   2  2011  111   4.41  55672.379  113.2  7.411e+00 
  40343  0.611   2  2011  111   4.76  55672.394  113.2  8.246e+00 
  40373  1.000   2  2011  111  19.75  55673.018  113.1  1.877e+01 
  40374  0.500   1  2011  111  20.41  55673.046  113.1  1.752e+01 
  40375  0.500   1  2011  111  20.68  55673.057  113.1  1.643e+01 
  40376  1.000   2  2011  111  21.34  55673.085  113.1  1.392e+01 
  40377  0.667   2  2011  111  21.89  55673.108  113.1  1.397e+01 
  40379  1.000   3  2011  111  22.69  55673.141  113.1  1.602e+01 
  40388  1.578   2  2011  112   3.28  55673.332  113.1  1.475e+01 
  40390  0.789   1  2011  112   4.25  55673.372  113.1  1.525e+01 
  40391  0.789   1  2011  112   4.67  55673.390  113.1  1.653e+01 
  40421  0.833   3  2011  112  19.81  55674.021  113.1  1.682e+01 
  40422  0.500   1  2011  112  20.25  55674.039  113.1  1.812e+01 
  40423  1.000   2  2011  112  20.70  55674.058  113.1  2.005e+01 
  40424  0.500   2  2011  112  21.28  55674.082  113.1  1.931e+01 
  40425  0.333   2  2011  112  21.79  55674.104  113.1  2.458e+01 
  40426  0.333   2  2011  112  22.15  55674.118  113.1  2.576e+01 
  40427  0.333   2  2011  112  22.75  55674.144  113.1  2.202e+01 
  40428  0.500   3  2011  112  23.22  55674.163  113.1  2.251e+01 
  40430  1.000   2  2011  113   0.30  55674.208  113.1  1.916e+01 
  40431  0.500   2  2011  113   0.88  55674.232  113.1  2.014e+01 
  40432  0.500   1  2011  113   1.29  55674.249  113.0  2.384e+01 
  40433  0.500   1  2011  113   1.59  55674.262  113.0  2.246e+01 
  40434  1.000   2  2011  113   2.32  55674.292  113.0  1.783e+01 
  40435  0.500   1  2011  113   2.76  55674.311  113.0  1.623e+01 
  40436  0.500   1  2011  113   3.06  55674.323  113.0  1.464e+01 
  40437  0.833   3  2011  113   3.84  55674.355  113.0  1.249e+01 
  40438  0.500   1  2011  113   4.29  55674.374  113.0  1.074e+01 
  40439  0.333   2  2011  113   4.65  55674.390  113.0  1.005e+01 
  40470  1.000   1  2011  113  20.11  55675.034  113.0  1.676e+01 
  40471  1.000   1  2011  113  20.64  55675.056  113.0  1.645e+01 
  40472  1.000   1  2011  113  21.29  55675.083  113.0  1.544e+01 
  40473  1.000   1  2011  113  21.82  55675.105  113.0  1.478e+01 
  40475  1.000   1  2011  113  22.51  55675.134  113.0  1.451e+01 
  40476  1.000   1  2011  113  23.04  55675.155  113.0  1.694e+01 
  40477  1.000   1  2011  113  23.62  55675.180  113.0  1.536e+01 
  40478  1.000   1  2011  114   0.15  55675.202  113.0  1.443e+01 
  40479  1.000   1  2011  114   0.86  55675.231  113.0  1.248e+01 
  40480  1.000   1  2011  114   1.39  55675.253  113.0  1.683e+01 
  40481  1.000   1  2011  114   1.97  55675.278  113.0  1.680e+01 
  40482  1.000   1  2011  114   2.49  55675.300  113.0  1.310e+01 
  40484  1.000   1  2011  114   3.16  55675.327  113.0  1.224e+01 
  40485  1.000   1  2011  114   3.69  55675.349  113.0  1.292e+01 
  40486  1.000   1  2011  114   4.26  55675.373  113.0  1.165e+01 
  40487  1.000   1  2011  114   4.79  55675.395  113.0  1.250e+01 
  40525  0.333   2  2011  114  23.90  55676.191  112.9  2.287e+01 
  40526  0.667   4  2011  115   0.23  55676.205  112.9  2.320e+01 
  40527  0.667   4  2011  115   0.67  55676.223  112.9  2.237e+01 
  40528  0.659   2  2011  115   1.34  55676.252  112.9  1.952e+01 
  40529  0.659   2  2011  115   1.76  55676.269  112.9  1.693e+01 
  40577  0.778   2  2011  116   1.69  55677.266  112.8  2.558e+01 
  40578  0.778   2  2011  116   2.11  55677.284  112.8  2.659e+01 
  40579  0.778   2  2011  116   2.89  55677.316  112.8  2.495e+01 
  40580  0.778   2  2011  116   3.31  55677.333  112.8  2.451e+01 
  40581  0.506   1  2011  116   3.80  55677.354  112.8  2.129e+01 
  40582  1.011   2  2011  116   4.21  55677.371  112.8  2.510e+01 
  40583  0.506   1  2011  116   4.62  55677.388  112.8  2.580e+01 
  40615  0.578   2  2011  116  20.75  55678.060  112.5  1.753e+01 
  40616  0.578   2  2011  116  21.10  55678.075  112.5  1.831e+01 
  40622  0.889   5  2011  117   0.24  55678.206  112.4  1.635e+01 
  40623  0.356   2  2011  117   0.62  55678.222  112.4  1.923e+01 
  40624  1.333   2  2011  117   1.30  55678.250  112.4  2.154e+01 
  40626  0.667   1  2011  117   2.39  55678.295  112.4  2.600e+01 
  40627  0.667   1  2011  117   2.75  55678.310  112.4  2.783e+01 
  40628  0.667   1  2011  117   3.41  55678.338  112.3  3.663e+01 
  40629  0.667   1  2011  117   3.79  55678.353  112.3  3.317e+01 
  40708  1.279   2  2011  118  19.23  55679.997  110.9  2.257e+01 
  40710  0.523   3  2011  118  20.26  55680.040  110.9  1.578e+01 
  40711  0.349   2  2011  118  20.61  55680.054  110.8  1.870e+01 
  40712  1.000   1  2011  118  21.37  55680.086  110.8  1.613e+01 
  40713  1.000   1  2011  118  21.89  55680.108  110.8  1.472e+01 
  40715  0.689   1  2011  118  22.66  55680.140  110.7  1.619e+01 
  40716  1.378   2  2011  118  23.20  55680.162  110.7  1.591e+01 
  40717  0.689   1  2011  118  23.74  55680.185  110.7  1.654e+01 
  40718  0.500   1  2011  119   0.33  55680.209  110.6  1.526e+01 
  40719  1.000   2  2011  119   0.74  55680.227  110.6  1.696e+01 
  40720  0.500   1  2011  119   1.16  55680.244  110.6  1.556e+01 
  40721  0.481   1  2011  119   1.73  55680.268  110.6  1.462e+01 
  40722  0.961   2  2011  119   2.17  55680.286  110.5  1.912e+01 
  40811  1.000   1  2011  120  22.60  55682.137  108.6  1.278e+01 
  40812  1.000   1  2011  120  23.12  55682.159  108.6  1.238e+01 
  40814  0.833   5  2011  121   0.22  55682.205  108.5  1.540e+01 
  40815  0.667   4  2011  121   0.72  55682.226  108.5  1.955e+01 
  40816  0.511   1  2011  121   1.31  55682.250  108.5  2.366e+01 
  40817  1.022   2  2011  121   1.74  55682.268  108.5  2.453e+01 
  40818  0.511   1  2011  121   2.17  55682.286  108.5  2.423e+01 
  40820  1.333   2  2011  121   3.27  55682.332  108.4  3.362e+01 
  40822  0.917   3  2011  121   4.25  55682.373  108.4  3.070e+01 
  40856  1.072   2  2011  121  21.30  55683.083  107.9  2.751e+01 
  40857  0.536   1  2011  121  21.74  55683.101  107.9  2.518e+01 
  40858  0.536   1  2011  121  22.03  55683.114  107.9  2.106e+01 
  40859  1.072   2  2011  121  22.76  55683.144  107.8  2.006e+01 
  40860  1.072   2  2011  121  23.35  55683.169  107.8  1.822e+01 
  40862  0.667   4  2011  122   0.27  55683.207  107.8  1.433e+01 
  40863  0.833   5  2011  122   0.77  55683.228  107.8  1.752e+01 
  40864  0.639   1  2011  122   1.43  55683.255  107.8  2.125e+01 
  40865  0.639   1  2011  122   1.77  55683.269  107.8  2.620e+01 
  40866  0.500   1  2011  122   2.31  55683.292  107.8  3.057e+01 
  40867  0.500   1  2011  122   2.65  55683.306  107.8  2.782e+01 
  40868  0.389   1  2011  122   3.32  55683.334  107.7  2.784e+01 
  40869  1.167   3  2011  122   3.74  55683.351  107.7  2.824e+01 
  40871  1.167   3  2011  122   4.75  55683.394  107.7  2.668e+01 
  40901  1.000   1  2011  122  19.71  55684.017  107.3  1.810e+01 
  40902  1.000   1  2011  122  20.23  55684.038  107.3  1.670e+01 
  40903  0.536   1  2011  122  20.94  55684.068  107.3  1.763e+01 
  40904  0.536   1  2011  122  21.24  55684.080  107.3  1.754e+01 
  40905  1.072   2  2011  122  21.68  55684.099  107.3  2.004e+01 
  40907  0.667   4  2011  122  22.74  55684.143  107.3  2.366e+01 
  40908  0.833   5  2011  122  23.24  55684.164  107.2  2.396e+01 
  40909  0.333   2  2011  122  23.75  55684.185  107.2  2.321e+01 
  40910  0.833   5  2011  123   0.27  55684.207  107.2  2.068e+01 
  40911  0.667   4  2011  123   0.76  55684.227  107.2  2.127e+01 
  40912  0.500   1  2011  123   1.39  55684.253  107.2  2.835e+01 
  40913  0.500   1  2011  123   1.73  55684.268  107.2  3.578e+01 
  40914  0.500   1  2011  123   2.18  55684.286  107.2  3.553e+01 
  40915  0.500   1  2011  123   2.52  55684.301  107.2  3.482e+01 
  40916  1.000   2  2011  123   3.24  55684.331  107.1  3.155e+01 
  40918  0.917   3  2011  123   4.20  55684.371  107.1  3.051e+01 
  40919  0.333   3  2011  123   4.90  55684.400  107.1  3.222e+01 
  40965  1.022   2  2011  124   3.76  55685.352  106.3  3.614e+01 
  40966  1.022   2  2011  124   4.33  55685.376  106.3  3.981e+01 
  40995  0.333   4  2011  124  18.85  55685.981  105.8  2.782e+01 
  40996  0.333   1  2011  124  19.31  55686.000  105.8  2.572e+01 
  40997  1.000   3  2011  124  19.74  55686.018  105.8  2.409e+01 
  41014  0.667   1  2011  125   4.44  55686.381  105.5  4.769e+01 
  41015  0.667   1  2011  125   4.81  55686.396  105.5  4.970e+01 
  41043  0.500   1  2011  125  18.87  55686.982  104.9  2.517e+01 
  41044  1.000   2  2011  125  19.29  55686.999  104.9  2.707e+01 
  41045  0.500   1  2011  125  19.70  55687.017  104.9  2.341e+01 
  41046  1.000   2  2011  125  20.22  55687.038  104.9  2.644e+01 
  41047  1.000   2  2011  125  20.77  55687.061  104.9  2.712e+01 
  41049  1.000   2  2011  125  21.70  55687.100  104.8  2.482e+01 
  41050  0.833   2  2011  125  22.32  55687.125  104.8  2.917e+01 
  41051  0.833   2  2011  125  22.79  55687.145  104.8  2.841e+01 
  41052  0.500   1  2011  125  23.27  55687.165  104.7  3.185e+01 
  41053  0.700   3  2011  125  23.66  55687.182  104.7  2.966e+01 
  41058  0.400   4  2011  126   2.36  55687.294  104.6  2.960e+01 
  41059  0.800   8  2011  126   2.75  55687.310  104.6  3.206e+01 
  41060  0.600   6  2011  126   3.25  55687.331  104.6  3.049e+01 
  41062  0.789   1  2011  126   4.37  55687.378  104.5  3.564e+01 
  41063  0.789   1  2011  126   4.80  55687.395  104.5  3.486e+01 
  41091  0.867   3  2011  126  18.80  55687.979  103.8  1.662e+01 
  41092  0.578   2  2011  126  19.23  55687.997  103.8  1.513e+01 
  41093  0.578   2  2011  126  19.90  55688.025  103.8  1.615e+01 
  41094  0.578   2  2011  126  20.24  55688.039  103.7  1.510e+01 
  41095  1.078   2  2011  126  20.83  55688.063  103.7  1.768e+01 
  41096  0.789   1  2011  126  21.37  55688.086  103.7  2.153e+01 
  41098  1.000   2  2011  126  22.20  55688.121  103.6  2.709e+01 
  41099  1.000   2  2011  126  22.75  55688.144  103.6  3.033e+01 
  41100  0.333   1  2011  126  23.41  55688.171  103.6  2.833e+01 
  41101  0.333   1  2011  126  23.60  55688.179  103.6  2.832e+01 
  41109  0.611   2  2011  127   3.78  55688.353  103.3  2.874e+01 
  41110  0.611   2  2011  127   4.14  55688.368  103.3  2.644e+01 
  41111  0.744   2  2011  127   4.80  55688.396  103.3  2.388e+01 
  41112  0.744   2  2011  127   5.22  55688.413  103.3  2.411e+01 
  41157  0.400   4  2011  128   3.86  55689.356  102.1  3.047e+01 
  41158  0.800   8  2011  128   4.25  55689.373  102.1  3.057e+01 
  41159  0.400   4  2011  128   4.64  55689.389  102.1  2.629e+01 
  41189  1.000   2  2011  128  19.81  55690.021  101.3  2.358e+01 
  41191  0.667   2  2011  128  20.74  55690.060  101.3  2.255e+01 
  41192  0.500   1  2011  128  21.28  55690.082  101.3  2.225e+01 
  41193  0.500   1  2011  128  21.58  55690.095  101.3  2.277e+01 
  41194  1.000   2  2011  128  22.18  55690.120  101.2  2.470e+01 
  41195  0.500   1  2011  128  22.79  55690.145  101.2  2.348e+01 
  41196  0.500   1  2011  128  23.09  55690.158  101.2  2.246e+01 
  41197  1.200   2  2011  128  23.69  55690.183  101.2  2.250e+01 
  41198  0.500   1  2011  129   0.39  55690.212  101.1  2.492e+01 
  41199  1.000   2  2011  129   0.83  55690.230  101.1  2.174e+01 
  41202  0.611   2  2011  129   2.25  55690.289  101.1  2.719e+01 
  41203  0.611   2  2011  129   2.60  55690.304  101.0  2.844e+01 
  41235  0.500   1  2011  129  18.95  55690.985  100.4  2.901e+01 
  41236  0.500   1  2011  129  19.25  55690.997  100.4  2.840e+01 
  41237  0.500   1  2011  129  19.72  55691.017  100.3  3.080e+01 
  41238  1.167   2  2011  129  20.28  55691.041  100.3  2.985e+01 
  41239  0.667   1  2011  129  20.87  55691.065  100.3  2.550e+01 
  41240  0.667   1  2011  129  21.25  55691.081  100.3  2.228e+01 
  41241  0.667   1  2011  129  21.74  55691.102  100.3  2.368e+01 
  41242  0.667   1  2011  129  22.13  55691.117  100.3  2.245e+01 
  41243  1.333   2  2011  129  22.70  55691.141  100.2  2.347e+01 
  41245  1.000   2  2011  129  23.68  55691.182  100.2  3.332e+01 
  41246  0.500   1  2011  130   0.34  55691.210  100.2  2.735e+01 
  41247  1.000   2  2011  130   0.76  55691.227  100.2  2.220e+01 
  41248  0.500   1  2011  130   1.17  55691.244  100.1  1.911e+01 
  41249  0.789   1  2011  130   1.82  55691.271  100.1  1.533e+01 
  41250  0.789   1  2011  130   2.24  55691.289  100.1  1.540e+01 
  41251  0.789   1  2011  130   2.81  55691.312  100.1  1.817e+01 
  41252  0.789   1  2011  130   3.23  55691.330  100.1  1.908e+01 
  41343  1.333   2  2011  132   0.72  55693.225   98.2  3.373e+01 
  41345  1.333   2  2011  132   1.75  55693.268   98.2  3.651e+01 
  41347  0.523   3  2011  132   2.77  55693.311   98.1  3.544e+01 
  41348  0.349   2  2011  132   3.12  55693.325   98.1  3.306e+01 
  41388  1.333   2  2011  132  23.23  55694.163   97.2  1.944e+01 
  41390  1.333   2  2011  133   0.21  55694.204   97.2  1.643e+01 
  41391  0.639   1  2011  133   0.87  55694.232   97.2  1.702e+01 
  41392  0.639   1  2011  133   1.21  55694.246   97.2  1.768e+01 
  41395  0.611   2  2011  133   2.76  55694.310   97.1  2.871e+01 
  41396  0.611   2  2011  133   3.11  55694.325   97.1  3.023e+01 
  41397  0.506   1  2011  133   3.86  55694.357   97.1  3.592e+01 
  41398  1.011   2  2011  133   4.27  55694.374   97.0  3.902e+01 
  41399  0.506   1  2011  133   4.68  55694.391   97.0  3.979e+01 
  41438  1.333   2  2011  134   0.22  55695.205   96.3  5.995e+00 
  41440  0.639   1  2011  134   1.34  55695.251   96.3  1.470e+01 
  41442  0.523   3  2011  134   2.24  55695.289   96.3  1.687e+01 
  41443  0.698   4  2011  134   2.73  55695.309   96.3  1.517e+01 
  41445  0.523   3  2011  134   3.72  55695.351   96.2  1.272e+01 
  41446  0.349   2  2011  134   4.07  55695.365   96.2  1.411e+01 
  41447  0.800   3  2011  134   4.79  55695.395   96.2  1.486e+01 
  41494  0.789   1  2011  135   4.49  55696.383   95.8  3.802e+01 
  41495  0.789   1  2011  135   4.92  55696.401   95.8  3.573e+01 
  41826  0.789   1  2011  142   2.12  55703.284   97.3  2.592e+01 
  41827  0.789   1  2011  142   2.55  55703.302   97.3  2.085e+01 
  41828  0.789   1  2011  142   3.39  55703.337   97.3  1.909e+01 
  41829  0.789   1  2011  142   3.81  55703.354   97.3  2.083e+01 
  41831  1.578   2  2011  142   4.75  55703.393   97.3  1.953e+01 
  41861  0.444   2  2011  142  19.84  55704.022   97.4  1.305e+01 
  41862  0.889   4  2011  142  20.26  55704.040   97.4  1.497e+01 
  41865  1.000   2  2011  142  21.67  55704.098   97.4  2.176e+01 
  41866  1.000   2  2011  142  22.22  55704.121   97.4  2.141e+01 
  41867  0.789   1  2011  142  23.00  55704.154   97.4  2.246e+01 
  41868  0.789   1  2011  142  23.42  55704.171   97.4  2.102e+01 
  41870  0.789   1  2011  143   0.11  55704.200   97.4  2.156e+01 
  41871  0.789   1  2011  143   0.53  55704.218   97.4  2.574e+01 
  41872  0.667   1  2011  143   1.34  55704.251   97.4  2.530e+01 
  41873  0.667   1  2011  143   1.71  55704.267   97.4  2.315e+01 
  42003  0.389   1  2011  145  18.82  55706.980   97.6  6.303e+00 
  42004  1.167   3  2011  145  19.24  55706.997   97.6  6.127e+00 
  42005  0.389   1  2011  145  19.96  55707.027   97.6  7.701e+00 
  42006  0.778   2  2011  145  20.27  55707.040   97.6  8.252e+00 
  42007  0.778   2  2011  145  20.75  55707.060   97.6  1.311e+01 
  42008  0.778   2  2011  145  21.22  55707.080   97.6  1.852e+01 
  42009  0.389   1  2011  145  21.53  55707.093   97.6  2.046e+01 
  42010  0.659   2  2011  145  22.22  55707.121   97.6  1.841e+01 
  42011  0.659   2  2011  145  22.64  55707.139   97.6  1.624e+01 
  42012  0.659   2  2011  145  23.32  55707.167   97.6  1.903e+01 
  42013  0.659   2  2011  145  23.73  55707.184   97.6  1.725e+01 
  42014  0.789   1  2011  146   0.45  55707.214   97.6  2.160e+01 
  42015  0.789   1  2011  146   0.88  55707.232   97.6  2.483e+01 
  42099  0.578   2  2011  147  18.78  55708.978   97.4  1.255e+01 
  42100  0.867   3  2011  147  19.22  55708.996   97.4  1.234e+01 
  42101  0.789   1  2011  147  19.96  55709.027   97.4  1.437e+01 
  42102  0.789   1  2011  147  20.39  55709.045   97.4  1.417e+01 
  42104  0.789   1  2011  147  21.12  55709.076   97.4  1.267e+01 
  42105  0.789   1  2011  147  21.54  55709.093   97.4  1.283e+01 
  42106  0.789   1  2011  147  22.34  55709.126   97.4  1.325e+01 
  42107  0.789   1  2011  147  22.77  55709.144   97.4  1.360e+01 
  42110  1.111   1  2011  148   0.22  55709.205   97.4  9.612e+00 
  42147  0.444   2  2011  148  18.90  55709.983   97.2  1.294e+01 
  42148  0.667   3  2011  148  19.25  55709.998   97.2  1.260e+01 
  42149  0.444   2  2011  148  19.60  55710.012   97.2  1.281e+01 
  42150  0.792   1  2011  148  20.27  55710.040   97.2  1.230e+01 
  42151  0.792   1  2011  148  20.69  55710.057   97.2  1.321e+01 
  42155  1.578   2  2011  148  22.73  55710.143   97.2  1.646e+01 
  42157  0.500   1  2011  148  23.76  55710.186   97.2  1.838e+01 
  42158  1.000   2  2011  149   0.18  55710.203   97.2  1.905e+01 
  42159  0.500   1  2011  149   0.59  55710.220   97.2  1.890e+01 
  42197  1.111   1  2011  149  19.51  55711.008   96.9  1.862e+01 
  42208  0.611   1  2011  150   1.22  55711.247   96.8  1.954e+01 
  42209  1.222   2  2011  150   1.73  55711.268   96.8  2.114e+01 
  42210  0.611   1  2011  150   2.24  55711.289   96.8  2.093e+01 
  42212  0.694   1  2011  150   3.14  55711.326   96.8  2.436e+01 
  42213  0.694   1  2011  150   3.51  55711.342   96.8  2.620e+01 
  42214  0.694   1  2011  150   4.17  55711.369   96.8  2.971e+01 
  42215  0.694   1  2011  150   4.54  55711.385   96.8  3.093e+01 
  42216  0.733   1  2011  150   5.19  55711.412   96.8  3.562e+01 
  42243  0.789   1  2011  150  18.83  55711.980   96.7  1.956e+01 
  42244  0.789   1  2011  150  19.25  55711.998   96.7  1.611e+01 
  42246  1.072   1  2011  150  20.09  55712.033   96.7  1.606e+01 
  42250  1.011   1  2011  150  22.48  55712.132   96.6  2.210e+01 
  42252  0.789   1  2011  150  23.24  55712.164   96.6  2.103e+01 
  42253  0.789   1  2011  150  23.67  55712.182   96.6  1.868e+01 
  42254  0.789   1  2011  151   0.36  55712.211   96.6  1.948e+01 
  42255  0.789   1  2011  151   0.78  55712.228   96.6  1.830e+01 
  42291  0.833   1  2011  151  18.83  55712.980   96.6  1.732e+01 
  42339  0.833   1  2011  152  18.57  55713.969   97.0  2.157e+01 
  42340  0.833   1  2011  152  19.03  55713.988   97.0  1.930e+01 
  42341  0.833   1  2011  152  19.83  55714.022   97.0  1.766e+01 
  42342  0.833   1  2011  152  20.28  55714.041   97.0  1.548e+01 
  42347  0.389   1  2011  152  22.76  55714.144   97.1  1.036e+01 
  42532  0.389   4  2011  156  19.29  55717.999   99.8  1.980e+01 
  42534  0.667   4  2011  156  20.25  55718.039   99.9  2.110e+01 
  42535  0.333   4  2011  156  20.73  55718.059   99.9  1.894e+01 
  42537  0.500   3  2011  156  21.68  55718.099   99.9  2.349e+01 
  42539  0.444   4  2011  156  22.70  55718.141   99.9  1.880e+01 
  42540  0.333   4  2011  156  23.20  55718.162   99.9  1.697e+01 
  42544  0.889   4  2011  157   1.24  55718.247  100.0  1.358e+01 
  42545  0.444   2  2011  157   1.86  55718.273  100.0  1.370e+01 
  42546  0.444   2  2011  157   2.15  55718.285  100.0  1.330e+01 
  42547  0.556   2  2011  157   2.78  55718.312  100.0  1.080e+01 
  42548  0.556   2  2011  157   3.13  55718.326  100.0  1.017e+01 
  42549  0.667   3  2011  157   3.71  55718.350  100.1  1.278e+01 
  42550  0.389   2  2011  157   4.21  55718.371  100.1  1.338e+01 
  42551  0.500   3  2011  157   4.72  55718.392  100.1  1.340e+01 
  42552  0.500   3  2011  157   5.31  55718.417  100.1  1.410e+01 
  42586  0.667   3  2011  157  22.26  55719.123  100.5  2.280e+01 
  42627  0.667   3  2011  158  18.77  55719.978  101.0  1.333e+01 
  42628  0.500   3  2011  158  19.28  55719.999  101.0  1.194e+01 
  42629  0.389   2  2011  158  19.77  55720.019  101.0  1.170e+01 
  42630  0.667   3  2011  158  20.25  55720.039  101.1  1.046e+01 
  42631  0.667   2  2011  158  20.83  55720.064  101.1  1.027e+01 
  42632  0.667   2  2011  158  21.23  55720.080  101.1  8.516e+00 
  42633  0.333   3  2011  158  21.88  55720.107  101.1  9.496e+00 
  42634  0.528   4  2011  158  22.31  55720.125  101.1  9.804e+00 
  42636  0.667   4  2011  158  23.24  55720.164  101.1  1.040e+01 
  42637  0.500   3  2011  158  23.77  55720.186  101.1  1.163e+01 
  42639  0.333   3  2011  159   0.64  55720.222  101.2  1.323e+01 
  42643  0.500   3  2011  159   2.88  55720.315  101.2  1.969e+01 
  42646  0.667   3  2011  159   4.19  55720.370  101.2  2.400e+01 
  42647  0.667   4  2011  159   4.77  55720.394  101.3  2.327e+01 
  42675  0.889   4  2011  159  18.74  55720.976  101.6  2.004e+01 
  42676  0.444   2  2011  159  19.35  55721.002  101.6  2.165e+01 
  42677  0.444   2  2011  159  19.63  55721.014  101.6  2.364e+01 
  42678  0.500   3  2011  159  20.32  55721.042  101.6  2.355e+01 
  42679  0.500   3  2011  159  20.75  55721.060  101.6  2.224e+01 
  42680  0.333   2  2011  159  21.08  55721.074  101.6  2.534e+01 
  42681  0.667   4  2011  159  21.81  55721.104  101.6  2.371e+01 
  42682  0.500   3  2011  159  22.36  55721.127  101.6  2.563e+01 
  42684  0.500   3  2011  159  23.36  55721.169  101.7  2.426e+01 
  42685  0.389   3  2011  159  23.75  55721.185  101.7  2.823e+01 
  42686  0.556   4  2011  160   0.25  55721.206  101.7  2.809e+01 
  42687  0.333   2  2011  160   0.62  55721.221  101.7  2.950e+01 
  42688  0.500   3  2011  160   1.33  55721.251  101.7  2.893e+01 
  42689  0.500   3  2011  160   1.81  55721.271  101.7  2.600e+01 
  42690  0.333   2  2011  160   2.16  55721.285  101.7  2.120e+01 
  42691  0.500   3  2011  160   2.81  55721.313  101.7  2.376e+01 
  42692  0.389   2  2011  160   3.25  55721.331  101.7  2.360e+01 
  42693  0.667   3  2011  160   3.70  55721.350  101.7  2.462e+01 
  42695  0.667   3  2011  160   4.66  55721.390  101.7  2.347e+01 
  42882  0.611   2  2011  164   2.25  55725.289  101.0  3.405e+01 
  42883  0.611   2  2011  164   2.60  55725.304  101.0  3.371e+01 
  42884  0.950   3  2011  164   3.30  55725.333  101.0  2.898e+01 
  42887  0.789   1  2011  164   4.72  55725.392  101.0  4.327e+01 
  42932  0.789   1  2011  165   3.17  55726.328  100.2  2.686e+01 
  42933  0.789   1  2011  165   3.60  55726.345  100.2  2.834e+01 
  42934  0.789   1  2011  165   4.28  55726.374  100.1  2.594e+01 
  42935  0.789   1  2011  165   4.71  55726.392  100.1  2.532e+01 
  43302  0.667   1  2011  172  20.31  55734.042   95.0  9.891e+00 
  43303  0.667   1  2011  172  20.68  55734.057   95.0  1.029e+01 
  43305  1.333   2  2011  172  21.69  55734.099   95.0  8.449e+00 
  43355  0.667   1  2011  173  22.97  55735.153   94.8  8.980e+00 
  43358  1.333   2  2011  174   0.25  55735.206   94.8  7.105e+00 
  43360  0.667   1  2011  174   1.16  55735.244   94.8  8.579e+00 
  43361  0.667   1  2011  174   1.53  55735.259   94.8  9.470e+00 
  43362  0.667   1  2011  174   2.41  55735.296   94.8  1.089e+01 
  43363  0.667   1  2011  174   2.78  55735.312   94.8  1.124e+01 
  43365  1.578   2  2011  174   3.72  55735.351   94.8  1.247e+01 
  43367  0.789   1  2011  174   4.73  55735.393   94.8  1.379e+01 
  43368  0.789   1  2011  174   5.16  55735.411   94.8  1.483e+01 
  43396  0.778   2  2011  174  19.38  55736.003   94.7  9.232e+00 
  43397  0.778   2  2011  174  19.80  55736.021   94.7  1.007e+01 
  43401  1.000   2  2011  174  21.66  55736.098   94.7  5.506e+00 
  43404  1.000   2  2011  174  23.18  55736.161   94.7  5.227e+00 
  43405  0.611   2  2011  174  23.80  55736.187   94.7  3.937e+00 
  43406  0.611   2  2011  175   0.15  55736.202   94.7  4.774e+00 
  43447  0.389   1  2011  175  20.81  55737.062   94.7  6.455e+00 
  43448  1.167   3  2011  175  21.22  55737.080   94.7  6.644e+00 
  43450  0.778   2  2011  175  22.33  55737.126   94.7  6.632e+00 
  43451  0.778   2  2011  175  22.75  55737.143   94.7  6.667e+00 
  43453  0.523   3  2011  175  23.79  55737.187   94.7  5.567e+00 
  43454  0.523   3  2011  176   0.21  55737.204   94.7  6.070e+00 
  43455  0.349   2  2011  176   0.92  55737.234   94.7  6.335e+00 
  43456  0.349   2  2011  176   1.20  55737.246   94.7  6.510e+00 
  43498  0.389   1  2011  176  22.40  55738.129   94.8  1.033e+01 
  43499  0.778   2  2011  176  22.71  55738.142   94.8  1.065e+01 
  43500  0.389   1  2011  176  23.02  55738.155   94.8  1.132e+01 
  43503  1.167   3  2011  177   0.76  55738.227   94.8  1.229e+01 
  43504  0.389   1  2011  177   1.17  55738.244   94.8  1.217e+01 
  43505  0.338   1  2011  177   1.80  55738.271   94.8  1.511e+01 
  43506  1.015   3  2011  177   2.20  55738.287   94.8  1.539e+01 
  43508  0.789   1  2011  177   3.32  55738.334   94.8  1.973e+01 
  43509  0.789   1  2011  177   3.74  55738.352   94.8  2.002e+01 
  43510  0.789   1  2011  177   4.40  55738.379   94.8  2.215e+01 
  43511  0.789   1  2011  177   4.83  55738.397   94.8  2.076e+01 
  43541  0.792   1  2011  177  19.62  55739.013   94.8  1.121e+01 
  43542  0.792   1  2011  177  20.04  55739.030   94.8  1.045e+01 
  43543  1.028   1  2011  177  20.74  55739.060   94.8  9.180e+00 
  43544  0.500   1  2011  177  21.39  55739.087   94.8  7.081e+00 
  43545  1.000   2  2011  177  21.80  55739.104   94.8  6.320e+00 
  43546  0.500   1  2011  177  22.22  55739.121   94.8  5.824e+00 
  43547  0.789   1  2011  177  22.94  55739.151   94.9  7.220e+00 
  43548  0.789   1  2011  177  23.36  55739.169   94.9  6.989e+00 
  43558  1.000   3  2011  178   4.28  55739.374   94.9  1.319e+01 
  43559  0.333   1  2011  178   4.71  55739.392   94.9  1.335e+01 
  43560  0.667   2  2011  178   5.15  55739.410   94.9  1.362e+01 
  43603  0.370   1  2011  179   2.93  55740.318   94.8  1.102e+01 
  43604  0.740   2  2011  179   3.26  55740.331   94.8  1.223e+01 
  43605  0.370   1  2011  179   3.58  55740.345   94.8  1.462e+01 
  43606  1.022   2  2011  179   4.27  55740.374   94.8  1.843e+01 
  43607  1.022   2  2011  179   4.84  55740.397   94.8  1.941e+01 
  43636  1.072   1  2011  179  19.39  55741.003   94.5  7.579e+00 
  43638  0.389   1  2011  179  20.34  55741.043   94.5  9.822e+00 
  43639  1.167   3  2011  179  20.76  55741.061   94.5  9.053e+00 
  43641  0.778   2  2011  179  21.83  55741.105   94.5  7.106e+00 
  43642  0.778   2  2011  179  22.25  55741.123   94.5  6.504e+00 
  43653  1.067   1  2011  180   4.00  55741.362   94.4  9.243e+00 
  43655  0.694   1  2011  180   4.76  55741.394   94.4  8.138e+00 
  43656  0.694   1  2011  180   5.13  55741.409   94.4  8.601e+00 
  43684  0.778   2  2011  180  19.27  55741.999   94.2  1.015e+01 
  43685  0.778   2  2011  180  19.69  55742.016   94.2  1.051e+01 
  43689  0.639   1  2011  180  21.90  55742.108   94.1  9.218e+00 
  43690  0.639   1  2011  180  22.24  55742.122   94.1  8.824e+00 
  43694  0.511   1  2011  181   0.26  55742.207   94.1  1.016e+01 
  43695  1.022   2  2011  181   0.69  55742.224   94.1  8.607e+00 
  43696  0.511   1  2011  181   1.12  55742.242   94.1  8.918e+00 
  43698  0.698   4  2011  181   2.29  55742.291   94.1  1.028e+01 
  43700  0.523   3  2011  181   3.35  55742.335   94.1  1.458e+01 
  43701  0.523   3  2011  181   3.78  55742.353   94.1  1.512e+01 
  43702  0.349   2  2011  181   4.32  55742.376   94.1  1.719e+01 
  43703  0.698   4  2011  181   4.74  55742.393   94.1  1.854e+01 
  44277  0.533   4  2011  193   3.67  55754.349   93.8  1.114e+01 
  44278  0.372   1  2011  193   4.32  55754.376   93.8  1.673e+01 
  44279  0.372   1  2011  193   4.84  55754.397   93.8  1.748e+01 
  44280  0.372   1  2011  193   5.36  55754.419   93.8  1.580e+01 
  44324  0.444   1  2011  194   3.31  55755.334   93.9  2.440e+00 
  44502  1.279   2  2011  197  20.27  55759.040   96.4  8.092e+00 
  44504  1.279   2  2011  197  21.27  55759.082   96.4  6.743e+00 
  44505  0.667   1  2011  197  21.92  55759.109   96.4  4.037e+00 
  44506  0.667   1  2011  197  22.27  55759.124   96.5  3.117e+00 
  44507  0.667   1  2011  197  22.88  55759.149   96.5  3.610e+00 
  44565  0.667   1  2011  199   3.85  55760.356   97.8  7.965e+00 
  44566  0.667   1  2011  199   4.48  55760.382   97.9  9.670e+00 
  44567  0.667   1  2011  199   4.83  55760.397   97.9  9.145e+00 
  44595  0.394   3  2011  199  18.93  55760.984   98.7  6.779e+00 
  44596  0.633   2  2011  199  19.32  55761.000   98.7  6.038e+00 
  44597  0.411   2  2011  199  19.70  55761.016   98.7  6.207e+00 
  44602  1.500   1  2011  199  22.24  55761.122   98.9  3.652e+00 
  44646  0.444   2  2011  200  20.26  55762.040  100.2  1.018e+01 
  44647  0.433   4  2011  200  20.71  55762.059  100.3  9.510e+00 
  44648  0.728   3  2011  200  21.31  55762.084  100.3  9.802e+00 
  44651  0.633   2  2011  200  22.83  55762.147  100.4  8.428e+00 
  44656  0.450   3  2011  201   1.21  55762.246  100.5  8.660e+00 
  44657  0.544   4  2011  201   1.71  55762.267  100.6  8.861e+00 
  44699  0.633   2  2011  201  22.71  55763.142  101.8  1.518e+01 
  44700  0.633   2  2011  201  23.18  55763.161  101.8  1.625e+01 
  44701  0.839   3  2011  201  23.70  55763.183  101.8  1.428e+01 
  44702  0.728   3  2011  202   0.25  55763.206  101.8  1.623e+01 
  44703  0.728   3  2011  202   0.76  55763.227  101.9  1.741e+01 
  44704  0.394   3  2011  202   1.23  55763.247  101.9  1.983e+01 
  44705  0.600   4  2011  202   1.69  55763.266  101.9  2.074e+01 
  44706  0.600   4  2011  202   2.21  55763.288  101.9  2.291e+01 
  44740  0.633   2  2011  202  19.27  55763.998  102.8  1.144e+01 
  44760  1.333   1  2011  203   5.09  55764.408  103.3  1.367e+01 
  44788  0.617   3  2011  203  19.28  55764.999  103.9  1.577e+01 
  44789  0.489   4  2011  203  19.77  55765.019  104.0  1.860e+01 
  44790  0.600   4  2011  203  20.31  55765.042  104.0  2.084e+01 
  44792  0.481   1  2011  203  21.35  55765.085  104.0  2.039e+01 
  44793  0.961   2  2011  203  21.82  55765.105  104.0  1.945e+01 
  44795  0.667   1  2011  203  22.67  55765.140  104.1  2.651e+01 
  44796  0.667   1  2011  203  23.04  55765.155  104.1  2.607e+01 
  44838  0.372   1  2011  204  20.49  55766.049  104.8  7.007e+00 
  44839  0.744   2  2011  204  20.80  55766.062  104.9  6.967e+00 
  44840  0.372   1  2011  204  21.12  55766.075  104.9  6.977e+00 
  44841  0.481   1  2011  204  21.72  55766.101  104.9  8.061e+00 
  44842  0.961   2  2011  204  22.19  55766.120  104.9  7.764e+00 
  44845  0.511   1  2011  204  23.89  55766.191  104.9  1.032e+01 
  44846  1.022   2  2011  205   0.32  55766.209  105.0  1.040e+01 
  44847  0.511   1  2011  205   0.74  55766.227  105.0  1.030e+01 
  44855  1.067   2  2011  205   4.76  55766.394  105.1  1.868e+01 
  44893  1.000   2  2011  205  23.79  55767.187  105.6  1.100e+01 
  44894  0.500   1  2011  206   0.22  55767.205  105.6  1.095e+01 
  44896  0.756   2  2011  206   1.19  55767.245  105.6  1.056e+01 
  45076  0.500   1  2011  209  19.44  55771.006  106.2  2.463e+01 
  45077  1.000   2  2011  209  19.86  55771.023  106.2  2.237e+01 
  45078  0.500   1  2011  209  20.27  55771.040  106.2  2.361e+01 
  45080  0.961   2  2011  209  21.24  55771.081  106.2  2.851e+01 
  45081  0.481   1  2011  209  21.71  55771.100  106.2  2.915e+01 
  45091  1.556   2  2011  210   2.73  55771.309  106.1  1.294e+01 
  45093  0.778   1  2011  210   3.64  55771.347  106.1  1.100e+01 
  45094  0.778   1  2011  210   4.07  55771.365  106.1  1.041e+01 
  45123  0.583   1  2011  210  18.84  55771.981  105.8  1.158e+01 
  45124  1.167   1  2011  210  19.45  55772.006  105.8  9.831e+00 
  45126  1.167   1  2011  210  20.08  55772.032  105.8  9.950e+00 
  45127  1.167   1  2011  210  20.70  55772.058  105.8  8.922e+00 
  45128  1.167   1  2011  210  21.40  55772.087  105.8  6.034e+00 
  45130  1.167   1  2011  210  22.10  55772.116  105.8  6.632e+00 
  45131  1.167   1  2011  210  22.72  55772.142  105.7  9.886e+00 
  45132  1.167   1  2011  210  23.45  55772.173  105.7  7.227e+00 
  45134  1.167   1  2011  211   0.07  55772.199  105.7  7.176e+00 
  45135  1.167   1  2011  211   0.70  55772.225  105.7  9.882e+00 
  45136  1.167   1  2011  211   1.40  55772.254  105.7  1.127e+01 
  45138  1.167   1  2011  211   2.02  55772.280  105.7  1.195e+01 
  45139  1.167   1  2011  211   2.64  55772.306  105.7  1.176e+01 
  45140  1.167   1  2011  211   3.33  55772.334  105.7  1.211e+01 
  45141  1.167   1  2011  211   3.95  55772.360  105.7  1.250e+01 
  45143  1.167   1  2011  211   4.58  55772.386  105.6  1.057e+01 
  45144  0.583   1  2011  211   5.24  55772.414  105.6  9.837e+00 
  45281  0.639   1  2011  214   1.82  55775.272  103.9  8.244e+00 
  45282  0.639   1  2011  214   2.17  55775.286  103.9  7.552e+00 
  45283  1.278   2  2011  214   2.68  55775.307  103.9  9.260e+00 
  45316  0.500   1  2011  214  19.32  55776.001  103.7  1.288e+01 
  45317  1.000   2  2011  214  19.74  55776.018  103.6  1.219e+01 
  45318  0.500   1  2011  214  20.15  55776.035  103.6  1.189e+01 
  45336  1.078   1  2011  215   5.18  55776.411  103.5  2.006e+01 
  45364  0.744   2  2011  215  19.28  55776.999  103.4  1.563e+01 
  45365  0.744   2  2011  215  19.70  55777.016  103.4  1.373e+01 
  45366  0.372   1  2011  215  20.31  55777.042  103.4  1.303e+01 
  45367  0.744   2  2011  215  20.78  55777.061  103.4  1.269e+01 
  45368  0.744   2  2011  215  21.20  55777.079  103.4  1.165e+01 
  45370  0.917   3  2011  215  22.29  55777.125  103.4  9.372e+00 
  45372  1.000   2  2011  215  23.16  55777.161  103.4  7.927e+00 
  45373  1.000   2  2011  215  23.72  55777.184  103.4  8.663e+00 
  45374  0.500   1  2011  216   0.47  55777.215  103.4  1.087e+01 
  45375  0.500   1  2011  216   0.75  55777.227  103.4  1.185e+01 
  45376  1.000   2  2011  216   1.16  55777.244  103.4  1.055e+01 
  45377  0.500   1  2011  216   1.83  55777.272  103.4  1.109e+01 
  45378  1.000   2  2011  216   2.25  55777.289  103.4  1.005e+01 
  45379  0.500   1  2011  216   2.66  55777.306  103.4  9.270e+00 
  45380  1.000   2  2011  216   3.14  55777.326  103.4  8.895e+00 
  45381  1.000   2  2011  216   3.70  55777.350  103.4  9.675e+00 
  45382  0.500   1  2011  216   4.32  55777.376  103.4  9.721e+00 
  45383  1.000   2  2011  216   4.74  55777.393  103.4  1.059e+01 
  45384  0.500   1  2011  216   5.15  55777.410  103.4  1.041e+01 
  45479  1.078   1  2011  218   4.85  55779.398  103.8  6.333e+00 
  45575  0.333   1  2011  220   4.85  55781.398  104.8  1.291e+01 
  45576  1.000   3  2011  220   5.24  55781.414  104.8  1.319e+01 
  45652  0.667   1  2011  221  19.18  55782.995  105.5  6.243e+00 
  45653  0.667   1  2011  221  19.53  55783.009  105.5  5.611e+00 
  45712  0.338   1  2011  223   1.47  55784.257  105.6  2.578e+00 
  45713  0.338   1  2011  223   1.66  55784.265  105.6  2.584e+00 
  45714  0.338   1  2011  223   2.39  55784.295  105.6  3.369e+00 
  45715  0.677   2  2011  223   2.69  55784.307  105.6  3.864e+00 
  45910  0.789   1  2011  227   4.09  55788.366  103.7  4.943e+00 
  46004  0.956   4  2011  229   3.25  55790.331  102.1  9.439e+00 
  46005  0.478   2  2011  229   3.83  55790.355  102.1  7.565e+00 
  46051  0.533   1  2011  230   2.70  55791.308  101.5  9.562e+00 
  46052  0.533   1  2011  230   3.02  55791.321  101.5  8.006e+00 
  46053  1.067   2  2011  230   3.79  55791.354  101.5  9.437e+00 
  46090  0.667   1  2011  230  22.37  55792.128  101.4  1.359e+01 
  46091  0.667   1  2011  230  22.73  55792.143  101.4  1.407e+01 
  46092  1.333   2  2011  230  23.27  55792.165  101.4  1.421e+01 
  46100  0.338   1  2011  231   3.39  55792.337  101.4  1.074e+01 
  46101  1.015   3  2011  231   3.79  55792.354  101.4  1.036e+01 
  46103  1.015   3  2011  231   4.78  55792.395  101.4  1.016e+01 
  46104  0.338   1  2011  231   5.18  55792.411  101.4  1.165e+01 
  46132  0.667   1  2011  231  19.21  55792.996  101.5  1.724e+01 
  46133  0.667   1  2011  231  19.56  55793.010  101.5  1.694e+01 
  46135  1.000   1  2011  231  20.66  55793.056  101.5  1.120e+01 
  46136  1.000   1  2011  231  21.18  55793.078  101.5  1.099e+01 
  46137  1.000   1  2011  231  21.69  55793.100  101.5  9.942e+00 
  46138  1.000   1  2011  231  22.21  55793.121  101.5  8.724e+00 
  46140  1.000   1  2011  231  23.18  55793.161  101.5  1.019e+01 
  46141  1.000   1  2011  231  23.70  55793.183  101.5  9.454e+00 
  46142  1.000   1  2011  232   0.21  55793.204  101.5  9.285e+00 
  46143  1.000   1  2011  232   0.73  55793.226  101.5  1.072e+01 
  46144  1.000   1  2011  232   1.43  55793.255  101.5  1.001e+01 
  46145  1.000   1  2011  232   1.94  55793.277  101.5  1.034e+01 
  46147  1.000   1  2011  232   2.77  55793.311  101.5  7.528e+00 
  46148  1.000   1  2011  232   3.29  55793.333  101.5  7.597e+00 
  46150  1.000   1  2011  232   4.14  55793.368  101.5  9.607e+00 
  46151  1.000   1  2011  232   4.66  55793.390  101.5  1.085e+01 
  46180  0.667   1  2011  232  19.36  55794.002  101.7  1.634e+01 
  46181  0.667   1  2011  232  19.71  55794.017  101.7  1.313e+01 
  46182  1.000   1  2011  232  20.50  55794.050  101.7  1.538e+01 
  46184  1.000   1  2011  232  21.01  55794.071  101.7  1.459e+01 
  46185  1.000   1  2011  232  21.53  55794.093  101.7  1.291e+01 
  46186  1.000   1  2011  232  22.05  55794.114  101.7  1.159e+01 
  46187  1.000   1  2011  232  22.96  55794.152  101.7  1.561e+01 
  46188  1.000   1  2011  232  23.48  55794.174  101.7  1.347e+01 
  46189  1.000   1  2011  232  23.99  55794.195  101.8  1.063e+01 
  46191  1.000   1  2011  233   0.51  55794.217  101.8  1.167e+01 
  46192  1.000   1  2011  233   1.49  55794.258  101.8  1.132e+01 
  46196  1.000   1  2011  233   3.09  55794.324  101.8  9.793e+00 
  46197  1.000   1  2011  233   3.61  55794.346  101.8  1.039e+01 
  46199  1.000   1  2011  233   4.66  55794.390  101.8  1.234e+01 
  46200  0.768   1  2011  233   5.12  55794.409  101.8  1.409e+01 
  46229  1.000   1  2011  233  19.71  55795.017  102.2  1.332e+01 
  46230  1.000   1  2011  233  20.23  55795.038  102.2  1.476e+01 
  46232  1.000   1  2011  233  21.14  55795.076  102.2  1.743e+01 
  46233  1.000   1  2011  233  21.66  55795.098  102.2  1.586e+01 
  46245  0.778   1  2011  234   3.73  55795.351  102.4  4.893e+00 
  46246  0.778   1  2011  234   4.13  55795.368  102.4  4.538e+00 
  46247  1.556   2  2011  234   4.74  55795.393  102.4  5.720e+00 
  46324  0.481   1  2011  235  19.35  55797.002  103.6  2.582e+01 
  46325  0.961   2  2011  235  19.82  55797.021  103.6  2.226e+01 
  46332  1.022   2  2011  235  23.27  55797.165  103.7  1.117e+01 
  46333  1.022   2  2011  235  23.83  55797.189  103.7  1.261e+01 
  46335  1.022   2  2011  236   0.80  55797.229  103.7  1.472e+01 
  46336  0.511   1  2011  236   1.22  55797.247  103.8  1.455e+01 
  46337  0.511   1  2011  236   1.51  55797.258  103.8  1.371e+01 
  46338  0.944   2  2011  236   2.24  55797.289  103.8  1.272e+01 
  46339  0.944   2  2011  236   2.77  55797.311  103.8  1.414e+01 
  46341  0.500   3  2011  236   3.69  55797.350  103.8  1.472e+01 
  46342  0.472   1  2011  236   4.35  55797.377  103.9  1.349e+01 
  46343  0.472   1  2011  236   4.61  55797.388  103.9  1.180e+01 
  46372  0.481   1  2011  236  19.49  55798.008  104.4  1.053e+01 
  46373  0.481   1  2011  236  19.81  55798.021  104.4  9.450e+00 
  46374  0.481   1  2011  236  20.12  55798.034  104.4  8.665e+00 
  46381  0.511   1  2011  236  23.91  55798.192  104.6  1.161e+01 
  46384  0.511   1  2011  237   1.35  55798.252  104.6  1.004e+01 
  46385  1.022   2  2011  237   1.78  55798.270  104.7  1.060e+01 
  46386  0.511   1  2011  237   2.20  55798.287  104.7  1.176e+01 
  46387  0.511   1  2011  237   2.72  55798.309  104.7  1.119e+01 
  46388  1.022   2  2011  237   3.15  55798.327  104.7  9.012e+00 
  46389  0.511   1  2011  237   3.57  55798.345  104.7  8.007e+00 
  46390  0.789   1  2011  237   4.23  55798.372  104.8  7.617e+00 
  46391  0.789   1  2011  237   4.65  55798.389  104.8  7.907e+00 
  46420  0.667   1  2011  237  19.27  55798.998  105.4  5.958e+00 
  46421  0.667   1  2011  237  19.64  55799.014  105.4  6.921e+00 
  46428  0.639   1  2011  237  23.33  55799.168  105.6  8.556e+00 
  46429  0.639   1  2011  237  23.67  55799.182  105.6  1.027e+01 
  46430  1.278   2  2011  238   0.18  55799.203  105.6  1.293e+01 
  46431  0.511   1  2011  238   0.89  55799.233  105.6  1.716e+01 
  46432  1.022   2  2011  238   1.32  55799.251  105.6  1.640e+01 
  46433  0.511   1  2011  238   1.75  55799.268  105.7  1.630e+01 
  46434  0.511   1  2011  238   2.33  55799.293  105.7  1.495e+01 
  46435  1.022   2  2011  238   2.76  55799.310  105.7  1.504e+01 
  46436  0.511   1  2011  238   3.18  55799.328  105.7  1.514e+01 
  46569  0.500   1  2011  240  21.96  55802.111  108.6  9.524e+00 
  46570  0.500   1  2011  240  22.24  55802.122  108.6  9.725e+00 
  46571  0.500   1  2011  240  22.51  55802.134  108.6  8.606e+00 
  46572  0.500   1  2011  240  23.13  55802.159  108.6  7.690e+00 
  46573  1.000   2  2011  240  23.82  55802.188  108.7  6.727e+00 
  46574  0.500   1  2011  241   0.24  55802.205  108.7  5.719e+00 
  46575  0.500   1  2011  241   0.51  55802.217  108.7  5.585e+00 
  46576  1.000   2  2011  241   1.23  55802.247  108.7  5.623e+00 
  46577  1.000   2  2011  241   1.78  55802.270  108.7  6.963e+00 
  46578  0.511   1  2011  241   2.49  55802.299  108.8  9.793e+00 
  46579  0.511   1  2011  241   2.77  55802.311  108.8  9.918e+00 
  46580  1.022   2  2011  241   3.20  55802.329  108.8  9.689e+00 
  46582  0.500   3  2011  241   4.17  55802.369  108.9  1.222e+01 
  46583  0.500   3  2011  241   4.88  55802.399  108.9  1.210e+01 
  46621  1.000   2  2011  241  23.80  55803.187  109.8  1.533e+01 
  46622  1.000   2  2011  242   0.35  55803.210  109.8  1.504e+01 
  46624  0.500   1  2011  242   1.26  55803.248  109.8  1.370e+01 
  46625  1.000   2  2011  242   1.67  55803.265  109.9  1.595e+01 
  46627  1.556   2  2011  242   2.71  55803.308  109.9  1.386e+01 
  46629  1.556   2  2011  242   3.79  55803.353  110.0  1.545e+01 
  46631  0.789   1  2011  242   4.58  55803.386  110.0  1.572e+01 
  46632  0.789   1  2011  242   5.00  55803.404  110.0  1.425e+01 
  46672  1.000   2  2011  243   1.29  55804.249  111.0  1.650e+01 
  46673  0.500   1  2011  243   1.73  55804.267  111.0  1.806e+01 
  46674  0.500   1  2011  243   2.01  55804.279  111.0  1.841e+01 
  46675  1.333   2  2011  243   2.79  55804.312  111.0  1.821e+01 
  46676  0.667   1  2011  243   3.34  55804.335  111.1  1.549e+01 
  46677  0.667   1  2011  243   3.72  55804.350  111.1  1.563e+01 
  46678  1.000   2  2011  243   4.32  55804.376  111.1  1.513e+01 
  46679  0.500   1  2011  243   4.75  55804.394  111.1  1.361e+01 
  46717  1.000   1  2011  243  23.66  55805.181  112.2  1.573e+01 
  46718  1.000   1  2011  244   0.18  55805.203  112.2  1.578e+01 
  46719  1.000   1  2011  244   0.71  55805.225  112.3  1.541e+01 
  46720  1.000   1  2011  244   1.23  55805.247  112.3  1.620e+01 
  46721  1.000   1  2011  244   1.99  55805.278  112.4  1.767e+01 
  46723  1.000   1  2011  244   2.51  55805.300  112.4  1.813e+01 
  46724  1.000   1  2011  244   3.04  55805.322  112.4  2.031e+01 
  46725  1.000   1  2011  244   3.57  55805.344  112.5  1.911e+01 
  46758  0.333   1  2011  244  20.46  55806.048  113.6  1.114e+01 
  46759  0.333   1  2011  244  20.66  55806.056  113.6  1.072e+01 
  46760  1.111   2  2011  244  21.28  55806.082  113.7  1.241e+01 
  46761  0.556   1  2011  244  21.80  55806.104  113.7  1.274e+01 
  46762  0.556   1  2011  244  22.11  55806.117  113.7  1.318e+01 
  46763  1.111   2  2011  244  22.77  55806.144  113.7  1.239e+01 
  46764  0.556   1  2011  244  23.29  55806.166  113.8  1.179e+01 
  46765  1.056   2  2011  244  23.78  55806.186  113.8  1.142e+01 
  46766  0.500   1  2011  245   0.29  55806.208  113.8  1.007e+01 
  46767  1.000   2  2011  245   0.74  55806.226  113.9  9.654e+00 
  46803  0.367   1  2011  245  18.94  55806.985  115.1  1.073e+01 
  46804  0.733   2  2011  245  19.27  55806.998  115.1  9.271e+00 
  46805  0.733   2  2011  245  19.70  55807.016  115.1  7.942e+00 
  46806  1.100   3  2011  245  20.24  55807.039  115.1  7.840e+00 
  46808  1.333   2  2011  245  21.26  55807.082  115.2  7.566e+00 
  46809  0.667   1  2011  245  21.92  55807.109  115.2  7.594e+00 
  46810  0.667   1  2011  245  22.30  55807.125  115.3  7.461e+00 
  46811  0.644   4  2011  245  22.83  55807.147  115.3  9.699e+00 
  46812  0.644   4  2011  245  23.27  55807.165  115.3  1.135e+01 
  46814  2.000   1  2011  246   0.32  55807.209  115.4  1.071e+01 
  46852  0.611   2  2011  246  19.24  55807.997  116.6  8.857e+00 
  46853  0.611   2  2011  246  19.59  55808.012  116.6  8.644e+00 
  46900  0.744   2  2011  247  19.24  55808.997  118.2  1.278e+01 
  46901  0.744   2  2011  247  19.66  55809.015  118.2  1.151e+01 
  46902  0.333   1  2011  247  20.32  55809.042  118.3  1.129e+01 
  46903  1.000   3  2011  247  20.70  55809.058  118.3  1.104e+01 
  46904  0.338   1  2011  247  21.37  55809.086  118.3  1.110e+01 
  46905  1.015   3  2011  247  21.77  55809.103  118.4  1.173e+01 
  46907  0.956   4  2011  247  22.74  55809.143  118.4  9.855e+00 
  46908  0.478   2  2011  247  23.16  55809.160  118.4  1.068e+01 
  46948  0.722   2  2011  248  19.36  55810.002  119.7  8.641e+00 
  46949  0.722   2  2011  248  19.77  55810.019  119.7  8.429e+00 
  46950  0.372   1  2011  248  20.39  55810.045  119.7  9.139e+00 
  46951  0.744   2  2011  248  20.70  55810.058  119.8  9.354e+00 
  46952  0.372   1  2011  248  21.02  55810.071  119.8  1.043e+01 
  46954  1.000   1  2011  248  22.02  55810.113  119.8  1.485e+01 
  46955  1.000   1  2011  248  22.54  55810.135  119.9  1.701e+01 
  46956  1.000   1  2011  248  23.12  55810.159  119.9  1.864e+01 
  46957  1.000   1  2011  248  23.64  55810.181  119.9  1.513e+01 
  46958  1.000   2  2011  249   0.31  55810.208  120.0  1.458e+01 
  46959  0.500   1  2011  249   0.72  55810.226  120.0  1.213e+01 
  46960  0.500   1  2011  249   1.00  55810.237  120.0  1.437e+01 
  46961  1.000   1  2011  249   1.79  55810.270  120.0  1.420e+01 
  46962  1.000   1  2011  249   2.32  55810.292  120.1  1.583e+01 
  46963  0.667   1  2011  249   2.89  55810.316  120.1  2.154e+01 
  46964  0.667   1  2011  249   3.25  55810.331  120.1  2.113e+01 
  46965  1.333   2  2011  249   3.79  55810.353  120.2  2.188e+01 
  46966  0.667   1  2011  249   4.32  55810.376  120.2  2.146e+01 
  46967  0.667   1  2011  249   4.68  55810.391  120.2  2.012e+01 
  47010  0.489   4  2011  250   2.32  55811.292  121.5  2.254e+01 
  47011  0.489   4  2011  250   2.75  55811.310  121.5  2.536e+01 
  47013  0.778   1  2011  250   3.93  55811.359  121.6  3.207e+01 
  47014  0.778   1  2011  250   4.34  55811.377  121.6  3.219e+01 
  47045  0.361   1  2011  250  19.76  55812.019  122.5  1.102e+01 
  47053  0.822   1  2011  250  23.74  55812.185  122.8  7.624e+00 
  47054  0.822   1  2011  251   0.16  55812.202  122.8  6.512e+00 
  47055  0.822   1  2011  251   0.84  55812.231  122.8  7.639e+00 
  47056  0.822   1  2011  251   1.26  55812.248  122.8  6.976e+00 
  47057  0.822   1  2011  251   1.97  55812.277  122.9  9.077e+00 
  47058  0.822   1  2011  251   2.39  55812.295  122.9  8.627e+00 
  47060  1.644   2  2011  251   3.26  55812.331  123.0  8.167e+00 
  47062  0.822   1  2011  251   4.36  55812.377  123.0  1.123e+01 
  47063  0.822   1  2011  251   4.78  55812.395  123.1  1.487e+01 
  47091  0.722   2  2011  251  18.90  55812.983  123.9  2.207e+01 
  47092  0.722   2  2011  251  19.30  55813.000  124.0  1.651e+01 
  47100  0.667   1  2011  251  23.48  55813.174  124.3  1.308e+01 
  47101  0.667   1  2011  251  23.83  55813.188  124.3  1.471e+01 
  47102  0.822   1  2011  252   0.49  55813.216  124.3  1.976e+01 
  47103  0.822   1  2011  252   0.91  55813.234  124.4  1.733e+01 
  47105  1.333   2  2011  252   1.72  55813.267  124.4  2.057e+01 
  47107  0.667   1  2011  252   2.66  55813.306  124.5  2.171e+01 
  47108  0.667   1  2011  252   3.01  55813.321  124.5  2.173e+01 
  47109  0.822   1  2011  252   3.66  55813.348  124.6  2.789e+01 
  47110  0.822   1  2011  252   4.09  55813.366  124.6  2.898e+01 
  47206  0.767   3  2011  254   4.29  55815.374  129.1  1.365e+01 
  47207  0.767   3  2011  254   4.71  55815.392  129.2  1.576e+01 
  47302  0.717   3  2011  256   4.22  55817.371  134.0  1.919e+01 
  47303  0.717   3  2011  256   4.64  55817.389  134.0  1.959e+01 
  47392  0.478   2  2011  258   1.31  55819.250  136.1  2.449e+01 
  47393  0.956   4  2011  258   1.73  55819.268  136.2  2.337e+01 
  47395  0.717   3  2011  258   2.74  55819.310  136.2  2.560e+01 
  47396  0.956   4  2011  258   3.23  55819.330  136.2  2.443e+01 
  47439  0.717   3  2011  259   0.73  55820.226  136.9  1.725e+01 
  47440  0.717   3  2011  259   1.16  55820.244  136.9  1.506e+01 
  47441  0.511   2  2011  259   1.90  55820.275  136.9  1.721e+01 
  47442  0.767   3  2011  259   2.25  55820.289  136.9  1.786e+01 
  47443  0.494   2  2011  259   2.74  55820.310  136.9  1.754e+01 
  47444  0.717   3  2011  259   3.24  55820.331  136.9  1.495e+01 
  47445  0.478   2  2011  259   3.59  55820.345  137.0  1.425e+01 
  47484  0.677   2  2011  259  23.37  55821.169  137.5  2.503e+01 
  47485  0.677   2  2011  259  23.77  55821.186  137.5  2.071e+01 
  47488  0.667   2  2011  260   1.34  55821.251  137.6  1.109e+01 
  47489  0.667   2  2011  260   1.76  55821.269  137.6  1.094e+01 
  47529  0.391   1  2011  260  21.78  55822.103  138.1  8.210e+00 
  47530  1.173   3  2011  260  22.22  55822.121  138.1  9.648e+00 
  47531  0.370   1  2011  260  22.93  55822.151  138.1  2.080e+01 
  47532  0.740   2  2011  260  23.26  55822.165  138.2  2.028e+01 
  47533  0.370   1  2011  260  23.58  55822.178  138.2  1.735e+01 
  47534  0.740   2  2011  261   0.20  55822.204  138.2  1.385e+01 
  47535  0.740   2  2011  261   0.63  55822.222  138.2  1.238e+01 
  47536  0.740   2  2011  261   1.38  55822.253  138.2  1.436e+01 
  47537  0.740   2  2011  261   1.81  55822.271  138.2  1.648e+01 
  47539  1.110   3  2011  261   2.77  55822.311  138.2  1.699e+01 
  47540  0.370   1  2011  261   3.20  55822.329  138.2  1.692e+01 
  47572  0.556   2  2011  261  19.27  55822.999  138.6  1.887e+01 
  47573  0.556   2  2011  261  19.65  55823.014  138.6  1.757e+01 
  47575  0.556   2  2011  261  20.79  55823.062  138.6  1.552e+01 
  47576  0.556   2  2011  261  21.13  55823.076  138.6  1.539e+01 
  47577  0.667   3  2011  261  21.76  55823.102  138.6  1.464e+01 
  47579  0.667   3  2011  261  22.78  55823.145  138.7  1.406e+01 
  47580  0.500   2  2011  261  23.23  55823.164  138.7  1.378e+01 
  47581  0.833   3  2011  261  23.71  55823.184  138.7  1.391e+01 
  47583  0.833   3  2011  262   0.80  55823.229  138.7  1.225e+01 
  47585  0.833   3  2011  262   1.69  55823.266  138.7  1.334e+01 
  47587  0.833   3  2011  262   2.68  55823.307  138.7  1.228e+01 
  47588  0.556   2  2011  262   3.19  55823.328  138.7  1.383e+01 
  47589  0.833   3  2011  262   3.70  55823.350  138.7  1.460e+01 
  47591  0.667   3  2011  262   4.71  55823.392  138.8  1.505e+01 
  47622  0.889   4  2011  262  20.23  55824.038  139.0  1.441e+01 
  47624  0.667   3  2011  262  21.27  55824.082  139.1  1.153e+01 
  47625  0.444   2  2011  262  21.85  55824.106  139.1  1.047e+01 
  47626  0.444   2  2011  262  22.13  55824.118  139.1  9.627e+00 
  47627  0.556   2  2011  262  22.82  55824.146  139.1  1.063e+01 
  47628  0.556   2  2011  262  23.16  55824.160  139.1  1.084e+01 
  47629  0.667   3  2011  262  23.73  55824.184  139.1  1.325e+01 
  47631  0.889   4  2011  263   0.71  55824.225  139.2  1.434e+01 
  47632  0.333   2  2011  263   1.36  55824.252  139.2  1.342e+01 
  47633  0.333   2  2011  263   1.58  55824.262  139.2  1.374e+01 
  47634  0.444   2  2011  263   2.30  55824.291  139.2  1.966e+01 
  47635  0.444   2  2011  263   2.58  55824.303  139.2  2.069e+01 
  47636  0.889   4  2011  263   3.23  55824.330  139.2  2.214e+01 
  47638  0.833   3  2011  263   4.23  55824.372  139.2  1.874e+01 
  47669  0.444   4  2011  263  19.84  55825.022  139.6  2.115e+01 
  47671  0.833   3  2011  263  20.78  55825.062  139.6  1.915e+01 
  47672  0.444   2  2011  263  21.33  55825.084  139.7  1.559e+01 
  47673  0.444   2  2011  263  21.62  55825.096  139.7  1.506e+01 
  47674  0.667   3  2011  263  22.32  55825.126  139.7  1.453e+01 
  47676  0.833   3  2011  263  23.27  55825.165  139.7  1.128e+01 
  47678  0.667   3  2011  264   0.30  55825.208  139.7  1.062e+01 
  47679  0.444   2  2011  264   0.75  55825.227  139.7  1.117e+01 
  47680  0.667   3  2011  264   1.20  55825.246  139.8  1.167e+01 
  47682  0.833   3  2011  264   2.23  55825.288  139.8  1.512e+01 
  47683  0.444   2  2011  264   2.79  55825.312  139.8  1.569e+01 
  47684  0.444   2  2011  264   3.08  55825.324  139.8  1.565e+01 
  47685  0.556   2  2011  264   3.72  55825.351  139.8  1.435e+01 
  47686  0.833   3  2011  264   4.19  55825.370  139.8  1.434e+01 
  47717  0.389   3  2011  264  19.74  55826.018  140.2  1.558e+01 
  47718  0.667   3  2011  264  20.18  55826.037  140.2  1.493e+01 
  47720  0.833   3  2011  264  21.32  55826.084  140.2  1.379e+01 
  47722  0.833   3  2011  264  22.17  55826.119  140.3  1.336e+01 
  47723  0.444   2  2011  264  22.92  55826.151  140.3  1.599e+01 
  47724  0.444   2  2011  264  23.21  55826.163  140.3  1.603e+01 
  47728  0.500   2  2011  265   1.30  55826.250  140.3  1.496e+01 
  47729  0.667   3  2011  265   1.77  55826.269  140.3  1.992e+01 
  47731  0.667   3  2011  265   2.70  55826.308  140.4  2.497e+01 
  47732  0.667   3  2011  265   3.31  55826.334  140.4  2.942e+01 
  47733  0.444   2  2011  265   3.75  55826.352  140.4  2.857e+01 
  47734  0.667   3  2011  265   4.19  55826.370  140.4  2.471e+01 
  47765  0.667   1  2011  265  19.81  55827.021  140.7  3.322e+01 
  47766  0.667   1  2011  265  20.19  55827.037  140.7  2.861e+01 
  47779  0.740   2  2011  266   2.83  55827.313  140.8  1.543e+01 
  47780  0.740   2  2011  266   3.26  55827.331  140.9  1.528e+01 
  47781  0.370   1  2011  266   3.93  55827.359  140.9  1.249e+01 
  47782  0.740   2  2011  266   4.25  55827.373  140.9  1.289e+01 
  47783  0.370   1  2011  266   4.57  55827.386  140.9  1.324e+01 
  47819  0.367   1  2011  266  22.81  55828.146  141.1  1.268e+01 
  47820  1.100   3  2011  266  23.24  55828.164  141.1  1.375e+01 
  47822  0.778   1  2011  267   0.50  55828.216  141.1  1.939e+01 
  47823  0.778   1  2011  267   0.91  55828.233  141.1  1.811e+01 
  47825  0.778   1  2011  267   1.82  55828.271  141.1  1.896e+01 
  47826  0.778   1  2011  267   2.23  55828.288  141.1  1.638e+01 
  47828  1.556   2  2011  267   3.25  55828.331  141.1  1.839e+01 
  47871  1.110   3  2011  268   0.75  55829.227  141.1  1.329e+01 
  47872  0.370   1  2011  268   1.18  55829.245  141.1  1.235e+01 
  47873  0.778   1  2011  268   1.96  55829.277  141.1  1.570e+01 
  47874  0.778   1  2011  268   2.37  55829.294  141.1  1.558e+01 
  47916  0.370   1  2011  268  23.44  55830.172  141.0  1.334e+01 
  47917  0.740   2  2011  268  23.76  55830.186  141.0  1.586e+01 
  47918  0.370   1  2011  269   0.08  55830.199  141.0  1.892e+01 
  47919  0.740   2  2011  269   0.69  55830.224  141.0  1.958e+01 
  47920  0.740   2  2011  269   1.12  55830.242  141.0  1.969e+01 
  47921  0.778   1  2011  269   1.86  55830.273  140.9  1.759e+01 
  47922  0.778   1  2011  269   2.28  55830.290  140.9  1.800e+01 
  47924  0.778   1  2011  269   3.13  55830.326  140.9  2.182e+01 
  47925  0.778   1  2011  269   3.54  55830.343  140.9  2.189e+01 
  48012  1.117   3  2011  270  23.25  55832.164  140.5  1.091e+01 
  48013  0.372   1  2011  270  23.67  55832.182  140.5  9.978e+00 
  48015  1.556   2  2011  271   0.72  55832.225  140.5  1.103e+01 
  48017  0.778   1  2011  271   1.84  55832.272  140.4  9.914e+00 
  48018  0.778   1  2011  271   2.25  55832.289  140.4  1.064e+01 
  48020  1.556   2  2011  271   3.28  55832.332  140.4  1.162e+01 
  48055  0.372   1  2011  271  20.83  55833.063  140.0  2.000e+01 
  48056  1.117   3  2011  271  21.25  55833.081  140.0  1.785e+01 
  48058  0.372   1  2011  271  22.30  55833.125  140.0  1.816e+01 
  48059  1.117   3  2011  271  22.73  55833.142  140.0  1.761e+01 
  48061  0.459   2  2011  271  23.76  55833.186  140.0  1.520e+01 
  48068  0.370   1  2011  272   3.43  55833.338  140.0  2.008e+01 
  48069  0.740   2  2011  272   3.75  55833.352  140.0  1.913e+01 
  48070  0.370   1  2011  272   4.07  55833.365  139.9  1.883e+01 
  48154  0.578   4  2011  273  22.24  55835.122  139.4  1.509e+01 
  48155  0.722   5  2011  273  22.74  55835.143  139.4  1.542e+01 
  48156  0.433   3  2011  273  23.18  55835.162  139.4  1.407e+01 
  48245  0.778   1  2011  275  19.69  55837.016  138.6  1.377e+01 
  48246  0.778   1  2011  275  20.11  55837.034  138.6  1.310e+01 
  48247  0.778   1  2011  275  20.82  55837.063  138.6  1.141e+01 
  48248  0.778   1  2011  275  21.24  55837.080  138.6  1.084e+01 
  48249  0.472   1  2011  275  21.95  55837.110  138.7  1.216e+01 
  48250  0.472   1  2011  275  22.22  55837.121  138.7  1.067e+01 
  48251  0.639   1  2011  275  22.88  55837.149  138.7  1.324e+01 
  48252  0.639   1  2011  275  23.22  55837.163  138.7  1.273e+01 
  48253  0.472   1  2011  275  23.79  55837.187  138.7  1.045e+01 
  48254  0.944   2  2011  276   0.19  55837.204  138.7  1.158e+01 
  48255  0.472   1  2011  276   0.59  55837.220  138.7  1.084e+01 
  48257  0.778   1  2011  276   1.73  55837.267  138.7  1.132e+01 
  48258  0.778   1  2011  276   2.14  55837.285  138.7  1.251e+01 
  48259  0.740   2  2011  276   2.88  55837.316  138.7  1.265e+01 
  48260  0.740   2  2011  276   3.31  55837.333  138.7  1.401e+01 
  48262  1.110   3  2011  276   4.27  55837.374  138.7  2.050e+01 
  48263  0.370   1  2011  276   4.70  55837.391  138.7  2.392e+01 
  48292  0.833   3  2011  276  19.31  55838.000  138.9  1.148e+01 
  48295  0.500   3  2011  276  20.71  55838.059  138.9  1.092e+01 
  48296  0.556   2  2011  276  21.34  55838.085  138.9  1.254e+01 
  48297  0.556   2  2011  276  21.71  55838.100  138.9  1.065e+01 
  48298  0.667   4  2011  276  22.30  55838.125  138.9  1.145e+01 
  48299  0.667   4  2011  276  22.76  55838.144  138.9  9.369e+00 
  48301  0.667   4  2011  276  23.73  55838.184  138.9  1.115e+01 
  48302  0.500   3  2011  277   0.13  55838.201  138.9  1.019e+01 
  48303  0.500   3  2011  277   0.80  55838.229  138.9  1.288e+01 
  48304  0.444   2  2011  277   1.21  55838.246  139.0  1.188e+01 
  48305  0.833   3  2011  277   1.69  55838.266  139.0  1.116e+01 
  48307  0.500   3  2011  277   2.84  55838.314  139.0  1.239e+01 
  48308  0.667   4  2011  277   3.24  55838.331  139.0  1.496e+01 
  48310  0.667   4  2011  277   4.26  55838.373  139.0  2.153e+01 
  48311  0.500   3  2011  277   4.66  55838.390  139.0  2.448e+01 
  48340  0.444   1  2011  277  19.41  55839.004  139.1  1.196e+01 
  48341  0.889   2  2011  277  19.82  55839.021  139.1  1.144e+01 
  48342  0.444   1  2011  277  20.22  55839.038  139.1  1.051e+01 
  48344  0.333   2  2011  277  21.43  55839.088  139.1  8.699e+00 
  48345  0.667   4  2011  277  21.77  55839.103  139.1  9.103e+00 
  48346  0.333   2  2011  277  22.32  55839.126  139.1  8.851e+00 
  48347  0.667   4  2011  277  22.76  55839.144  139.1  9.277e+00 
  48348  0.500   3  2011  277  23.16  55839.160  139.1  1.020e+01 
  48349  0.333   2  2011  277  23.84  55839.189  139.1  1.056e+01 
  48350  0.833   5  2011  278   0.24  55839.206  139.1  1.065e+01 
  48352  0.444   4  2011  278   1.32  55839.251  139.1  1.108e+01 
  48353  0.667   4  2011  278   1.76  55839.269  139.1  1.214e+01 
  48354  0.500   3  2011  278   2.20  55839.287  139.1  1.399e+01 
  48355  0.500   3  2011  278   2.64  55839.306  139.1  1.524e+01 
  48389  0.717   3  2011  278  19.80  55840.021  139.1  1.502e+01 
  48390  0.717   3  2011  278  20.22  55840.038  139.1  1.410e+01 
  48391  0.478   2  2011  278  20.88  55840.065  139.1  1.410e+01 
  48392  0.717   3  2011  278  21.23  55840.080  139.0  1.423e+01 
  48393  0.478   2  2011  278  21.71  55840.100  139.0  1.874e+01 
  48394  0.956   4  2011  278  22.25  55840.123  139.0  1.888e+01 
  48396  0.717   3  2011  278  23.23  55840.163  139.0  1.667e+01 
  48397  0.717   3  2011  278  23.65  55840.181  139.0  1.605e+01 
  48398  0.717   3  2011  279   0.23  55840.205  139.0  1.818e+01 
  48399  0.717   3  2011  279   0.65  55840.223  139.0  2.105e+01 
  48400  0.444   1  2011  279   1.30  55840.250  139.0  2.298e+01 
  48401  0.889   2  2011  279   1.69  55840.266  139.0  2.333e+01 
  48490  0.717   3  2011  280  22.35  55842.127  138.6  9.264e+00 
  48491  0.717   3  2011  280  22.77  55842.144  138.5  8.429e+00 
  48493  0.478   2  2011  280  23.83  55842.189  138.5  8.985e+00 
  48494  0.956   4  2011  281   0.25  55842.206  138.5  8.006e+00 
  48496  0.889   2  2011  281   1.17  55842.244  138.4  9.998e+00 
  48497  0.889   2  2011  281   1.68  55842.266  138.4  1.137e+01 
  48498  0.672   2  2011  281   2.39  55842.295  138.4  1.213e+01 
  48499  0.672   2  2011  281   2.81  55842.313  138.4  1.377e+01 
  48501  1.008   3  2011  281   3.71  55842.350  138.3  1.676e+01 
  48502  0.336   1  2011  281   4.14  55842.368  138.3  1.741e+01 
  48545  1.333   1  2011  282   1.57  55843.261  137.8  1.376e+01 
  48546  1.333   1  2011  282   2.26  55843.290  137.8  1.282e+01 
  48547  0.373   1  2011  282   2.97  55843.319  137.8  1.134e+01 
  48549  1.333   1  2011  282   3.95  55843.360  137.8  1.353e+01 
  48550  0.502   1  2011  282   4.43  55843.380  137.7  1.371e+01 
  48590  1.333   1  2011  283   0.05  55844.197  137.7  6.294e+00 
  48596  1.333   1  2011  283   3.03  55844.322  137.7  1.405e+01 
  48597  1.333   1  2011  283   3.72  55844.351  137.7  1.565e+01 
  48599  0.385   1  2011  283   4.52  55844.384  137.7  2.132e+01 
  48725  0.611   1  2011  285  19.96  55847.027  138.0  2.209e+01 
  48726  0.611   1  2011  285  20.30  55847.042  138.0  2.219e+01 
  48727  0.611   1  2011  285  20.86  55847.065  138.0  2.376e+01 
  48728  0.611   1  2011  285  21.20  55847.079  138.0  2.503e+01 
  48729  1.222   2  2011  285  21.71  55847.100  138.0  2.036e+01 
  48731  0.717   3  2011  285  22.76  55847.144  138.0  1.738e+01 
  48732  0.478   2  2011  285  23.11  55847.158  138.0  1.411e+01 
  48822  0.400   2  2011  287  20.40  55849.046  137.5  2.051e+01 
  48829  0.956   4  2011  287  23.73  55849.184  137.5  1.724e+01 
  48830  0.478   2  2011  288   0.16  55849.202  137.5  1.705e+01 
  48965  0.400   4  2011  290  19.61  55852.013  136.9  1.700e+01 
  49012  0.667   2  2011  291  19.26  55852.998  137.1  3.337e+01 
  49013  0.667   3  2011  291  19.74  55853.018  137.1  2.776e+01 
  49014  0.667   4  2011  291  20.18  55853.037  137.1  2.515e+01 
  49015  0.759   5  2011  291  20.78  55853.061  137.1  2.402e+01 
  49016  0.667   4  2011  291  21.25  55853.081  137.1  2.291e+01 
  49017  0.833   5  2011  291  21.73  55853.101  137.1  2.237e+01 
  49018  0.500   3  2011  291  22.34  55853.127  137.1  2.408e+01 
  49019  0.667   4  2011  291  22.70  55853.142  137.1  2.393e+01 
  49020  0.833   5  2011  291  23.21  55853.163  137.2  2.197e+01 
  49021  0.833   5  2011  291  23.81  55853.188  137.2  2.192e+01 
  49061  1.000   1  2011  292  19.56  55854.010  137.6  3.194e+01 
  49062  1.000   1  2011  292  20.08  55854.032  137.6  3.101e+01 
  49063  1.000   1  2011  292  20.66  55854.056  137.6  3.352e+01 
  49064  1.000   1  2011  292  21.19  55854.078  137.6  3.436e+01 
  49065  1.000   1  2011  292  21.91  55854.108  137.7  3.231e+01 
  49066  1.000   1  2011  292  22.43  55854.130  137.7  2.794e+01 
  49068  1.000   1  2011  292  23.01  55854.154  137.7  2.265e+01 
  49069  1.000   1  2011  292  23.54  55854.176  137.7  2.111e+01 
  49070  0.833   1  2011  293   0.23  55854.205  137.8  2.079e+01 
  49071  0.833   1  2011  293   0.67  55854.223  137.8  1.767e+01 
  49072  0.833   1  2011  293   1.17  55854.244  137.8  1.704e+01 
  49073  0.833   1  2011  293   1.62  55854.263  137.8  1.723e+01 
  49109  2.000   1  2011  293  19.78  55855.020  138.7  3.034e+01 
  49111  2.000   1  2011  293  20.91  55855.067  138.7  2.647e+01 
  49114  2.000   1  2011  293  22.07  55855.115  138.8  2.002e+01 
  49116  2.000   1  2011  293  23.23  55855.163  138.8  1.532e+01 
  49118  2.000   1  2011  294   0.35  55855.210  138.9  1.568e+01 
  49120  2.000   1  2011  294   1.48  55855.257  139.0  1.530e+01 
  49157  0.839   1  2011  294  19.83  55856.022  140.0  3.112e+01 
  49159  0.839   1  2011  294  20.64  55856.056  140.1  2.176e+01 
  49160  0.839   1  2011  294  21.09  55856.074  140.1  1.747e+01 
  49162  1.103   2  2011  294  22.22  55856.121  140.2  1.620e+01 
  49167  0.894   1  2011  295   1.00  55856.237  140.4  1.523e+01 
  49168  0.894   1  2011  295   1.48  55856.257  140.4  1.471e+01 
  49205  0.333   1  2011  295  19.97  55857.028  141.7  2.168e+01 
  49206  0.667   2  2011  295  20.29  55857.041  141.7  2.100e+01 
  49207  0.333   1  2011  295  20.61  55857.054  141.7  2.109e+01 
  49208  0.500   1  2011  295  21.37  55857.086  141.8  1.746e+01 
  49209  1.000   2  2011  295  21.81  55857.104  141.8  1.693e+01 
  49210  0.500   1  2011  295  22.26  55857.123  141.8  1.500e+01 
  49211  1.000   2  2011  295  22.76  55857.144  141.9  1.388e+01 
  49212  1.000   2  2011  295  23.35  55857.169  141.9  1.333e+01 
  49214  0.500   1  2011  296   0.23  55857.205  142.0  1.499e+01 
  49215  1.000   2  2011  296   0.67  55857.224  142.0  1.434e+01 
  49216  1.000   2  2011  296   1.30  55857.250  142.1  1.782e+01 
  49217  0.500   1  2011  296   1.78  55857.270  142.1  2.015e+01 
  49218  0.556   2  2011  296   2.33  55857.293  142.2  2.189e+01 
  49219  0.556   2  2011  296   2.68  55857.307  142.2  2.382e+01 
  49220  0.833   3  2011  296   3.24  55857.331  142.2  2.432e+01 
  49253  0.778   1  2011  296  19.85  55858.023  143.5  1.803e+01 
  49254  0.778   1  2011  296  20.27  55858.040  143.5  1.769e+01 
  49256  0.500   1  2011  296  21.41  55858.088  143.6  1.540e+01 
  49257  0.500   1  2011  296  21.71  55858.100  143.6  1.505e+01 
  49258  1.000   2  2011  296  22.15  55858.119  143.6  1.429e+01 
  49259  0.500   1  2011  296  22.98  55858.153  143.7  1.763e+01 
  49260  0.500   1  2011  296  23.28  55858.166  143.7  1.801e+01 
  49261  1.000   2  2011  296  23.72  55858.184  143.7  1.887e+01 
  49262  0.500   1  2011  297   0.23  55858.205  143.8  2.015e+01 
  49263  0.500   1  2011  297   0.52  55858.217  143.8  2.080e+01 
  49264  0.789   1  2011  297   1.16  55858.244  143.8  2.469e+01 
  49265  0.789   1  2011  297   1.59  55858.262  143.9  2.518e+01 
  49302  0.478   2  2011  297  20.39  55859.045  145.3  2.634e+01 
  49303  0.717   3  2011  297  20.74  55859.060  145.3  2.391e+01 
  49304  0.478   2  2011  297  21.25  55859.081  145.3  2.013e+01 
  49305  0.717   3  2011  297  21.76  55859.102  145.4  1.928e+01 
  49306  0.478   2  2011  297  22.11  55859.117  145.4  1.833e+01 
  49307  0.500   1  2011  297  22.72  55859.142  145.4  1.941e+01 
  49308  0.500   1  2011  297  23.01  55859.154  145.5  1.711e+01 
  49309  0.556   2  2011  297  23.81  55859.188  145.5  1.939e+01 
  49310  0.556   2  2011  298   0.16  55859.202  145.6  2.212e+01 
  49311  0.833   3  2011  298   0.75  55859.227  145.6  2.409e+01 
  49313  0.833   3  2011  298   1.77  55859.269  145.7  2.757e+01 
  49314  0.722   2  2011  298   2.34  55859.293  145.7  2.554e+01 
  49315  0.444   1  2011  298   2.73  55859.309  145.7  2.610e+01 
  49316  0.889   2  2011  298   3.28  55859.332  145.8  2.523e+01 
  49317  0.444   1  2011  298   3.66  55859.348  145.8  2.588e+01 
  49357  0.778   1  2011  298  23.83  55860.188  147.3  2.661e+01 
  49358  0.778   1  2011  299   0.24  55860.206  147.3  2.642e+01 
  49359  0.778   1  2011  299   0.89  55860.233  147.4  2.806e+01 
  49360  0.778   1  2011  299   1.31  55860.250  147.4  2.893e+01 
  49361  0.444   1  2011  299   1.96  55860.277  147.4  2.500e+01 
  49362  0.889   2  2011  299   2.35  55860.293  147.5  2.463e+01 
  49363  0.444   1  2011  299   2.73  55860.309  147.5  2.395e+01 
  49364  0.444   1  2011  299   3.37  55860.336  147.5  2.486e+01 
  49365  0.889   2  2011  299   3.76  55860.352  147.6  2.699e+01 
  49398  0.789   1  2011  299  20.32  55861.042  148.6  2.239e+01 
  49399  0.789   1  2011  299  20.74  55861.060  148.7  2.363e+01 
  49445  0.422   1  2011  300  19.62  55862.013  150.1  9.154e+00 
  49449  0.772   2  2011  300  21.71  55862.100  150.2  1.302e+01 
  49450  0.772   2  2011  300  22.13  55862.118  150.2  1.187e+01 
  49451  0.789   1  2011  300  22.88  55862.149  150.3  1.087e+01 
  49452  0.789   1  2011  300  23.30  55862.166  150.3  1.146e+01 
  49454  1.578   2  2011  301   0.28  55862.207  150.4  1.279e+01 
  49501  0.667   2  2011  301  23.86  55863.190  151.7  1.393e+01 
  49502  0.667   2  2011  302   0.29  55863.208  151.7  1.517e+01 
  49504  0.960   3  2011  302   1.33  55863.251  151.8  1.930e+01 
  49506  0.960   3  2011  302   2.22  55863.288  151.8  1.894e+01 
  49830  0.956   4  2011  308  20.23  55870.038  151.9  1.004e+01 
  49831  0.478   2  2011  308  20.65  55870.056  151.8  8.230e+00 
  49832  0.677   2  2011  308  21.36  55870.085  151.8  8.295e+00 
  49833  0.677   2  2011  308  21.76  55870.102  151.8  8.097e+00 
  49834  0.338   1  2011  308  22.41  55870.129  151.8  7.942e+00 
  49835  0.677   2  2011  308  22.71  55870.142  151.8  8.426e+00 
  49836  0.338   1  2011  308  23.00  55870.154  151.8  8.158e+00 
  49837  1.008   3  2011  308  23.74  55870.185  151.7  7.835e+00 
  49838  0.336   1  2011  309   0.16  55870.202  151.7  9.519e+00 
  49839  0.677   2  2011  309   0.82  55870.230  151.7  1.120e+01 
  49840  0.677   2  2011  309   1.22  55870.246  151.7  1.110e+01 
  49882  0.478   2  2011  309  22.12  55871.117  151.0  8.579e+00 
  49884  0.478   2  2011  309  23.33  55871.167  151.0  9.547e+00 
  49885  0.956   4  2011  309  23.75  55871.185  151.0  1.088e+01 
  49886  0.338   1  2011  310   0.42  55871.213  151.0  1.814e+01 
  49887  0.677   2  2011  310   0.72  55871.226  151.0  2.052e+01 
  49888  0.338   1  2011  310   1.01  55871.238  151.0  2.137e+01 
  49930  0.611   2  2011  310  22.26  55872.123  150.5  1.328e+01 
  49932  0.663   3  2011  310  23.30  55872.166  150.5  1.300e+01 
  49934  0.663   3  2011  311   0.23  55872.205  150.5  1.717e+01 
  49937  1.333   2  2011  311   1.76  55872.269  150.5  2.422e+01 
  49938  0.667   1  2011  311   2.30  55872.291  150.5  2.812e+01 
  49939  0.667   1  2011  311   2.66  55872.306  150.4  2.734e+01 
  50504  1.333   1  2011  322  21.19  55884.079  149.4  1.548e+01 
  50505  1.333   1  2011  322  21.89  55884.107  149.4  1.555e+01 
  50661  0.333   2  2011  326   3.68  55887.349  147.2  1.346e+01 
  50755  1.333   1  2011  328   2.70  55889.308  145.1  1.856e+01 
  50756  1.333   1  2011  328   3.39  55889.337  145.1  1.488e+01 
  50799  0.336   1  2011  329   0.87  55890.232  144.1  2.132e+01 
  50800  0.672   2  2011  329   1.18  55890.245  144.1  1.756e+01 
  50801  0.672   2  2011  329   1.75  55890.268  144.1  1.191e+01 
  50802  0.672   2  2011  329   2.32  55890.292  144.0  9.680e+00 
  50803  0.672   2  2011  329   2.80  55890.312  144.0  7.772e+00 
  50804  0.672   2  2011  329   3.28  55890.332  144.0  7.439e+00 
  50805  0.336   1  2011  329   3.59  55890.345  144.0  8.483e+00 
  50851  0.677   2  2011  330   2.83  55891.314  143.0  1.499e+01 
  50852  0.677   2  2011  330   3.23  55891.330  143.0  1.651e+01 
  50887  0.956   4  2011  330  20.78  55892.061  142.3  1.055e+01 
  50896  0.889   2  2011  331   1.37  55892.253  142.2  1.613e+01 
  50897  0.444   1  2011  331   1.75  55892.269  142.2  1.725e+01 
  50898  0.444   1  2011  331   2.01  55892.279  142.2  1.678e+01 
  50899  1.008   3  2011  331   2.76  55892.311  142.2  1.463e+01 
  50900  0.336   1  2011  331   3.19  55892.328  142.2  1.450e+01 
  50933  0.778   1  2011  331  19.90  55893.025  141.7  8.581e+00 
  50934  0.778   1  2011  331  20.32  55893.042  141.7  8.959e+00 
  50936  0.770   1  2011  331  21.21  55893.079  141.6  8.837e+00 
  50937  0.770   1  2011  331  21.62  55893.096  141.6  1.016e+01 
  50993  0.917   3  2011  333   1.70  55894.266  140.6  5.727e+00 
  51030  1.333   2  2011  333  20.27  55895.040  140.1  9.625e+00 
  51031  0.667   1  2011  333  20.81  55895.063  140.1  7.759e+00 
  51032  0.333   1  2011  333  21.39  55895.087  140.1  7.285e+00 
  51033  1.000   3  2011  333  21.77  55895.103  140.1  7.741e+00 
  51034  0.667   2  2011  333  22.31  55895.125  140.1  8.141e+00 
  51035  0.333   1  2011  333  22.95  55895.152  140.1  7.007e+00 
  51036  0.667   2  2011  333  23.24  55895.164  140.1  6.357e+00 
  51037  0.667   2  2011  333  23.76  55895.186  140.1  5.807e+00 
  51038  0.667   2  2011  334   0.28  55895.207  140.1  7.530e+00 
  51039  1.000   3  2011  334   0.78  55895.228  140.0  1.031e+01 
  51040  0.667   2  2011  334   1.26  55895.248  140.0  9.642e+00 
  51041  0.333   1  2011  334   1.88  55895.274  140.0  7.907e+00 
  51042  1.000   3  2011  334   2.27  55895.290  140.0  7.230e+00 
  51043  0.667   2  2011  334   2.76  55895.311  140.0  8.386e+00 
  51044  0.667   2  2011  334   3.15  55895.327  140.0  8.538e+00 
  51045  0.667   2  2011  334   3.82  55895.355  140.0  9.124e+00 
  51077  0.333   1  2011  334  19.94  55896.026  139.7  7.811e+00 
  51078  0.667   2  2011  334  20.23  55896.038  139.7  7.930e+00 
  51079  1.000   3  2011  334  20.71  55896.059  139.7  7.684e+00 
  51080  0.667   2  2011  334  21.20  55896.079  139.7  8.100e+00 
  51081  0.333   1  2011  334  21.83  55896.105  139.6  8.750e+00 
  51082  1.000   3  2011  334  22.21  55896.121  139.6  1.000e+01 
  51083  0.333   1  2011  334  22.81  55896.146  139.6  1.027e+01 
  51084  1.000   3  2011  334  23.20  55896.162  139.6  1.331e+01 
  51085  1.000   3  2011  334  23.78  55896.186  139.6  1.281e+01 
  51086  0.667   2  2011  335   0.33  55896.209  139.6  1.104e+01 
  51087  0.667   2  2011  335   0.79  55896.228  139.6  1.092e+01 
  51088  1.000   3  2011  335   1.27  55896.249  139.6  1.092e+01 
  51089  0.667   2  2011  335   1.75  55896.269  139.5  9.179e+00 
  51090  0.333   1  2011  335   2.34  55896.293  139.5  1.166e+01 
  51091  1.000   3  2011  335   2.73  55896.309  139.5  1.168e+01 
  51092  0.667   2  2011  335   3.21  55896.329  139.5  9.852e+00 
  51093  1.000   4  2011  335   3.70  55896.350  139.5  1.044e+01 
  51136  0.672   2  2011  336   1.37  55897.253  138.9  5.232e+00 
  51137  0.672   2  2011  336   1.79  55897.270  138.9  4.694e+00 
  51139  1.008   3  2011  336   2.73  55897.309  138.8  5.049e+00 
  51140  0.336   1  2011  336   3.15  55897.327  138.8  5.062e+00 
  51174  0.717   3  2011  336  20.30  55898.041  138.3  8.210e+00 
  51175  0.717   3  2011  336  20.72  55898.059  138.3  7.929e+00 
  51178  0.889   2  2011  336  22.13  55898.118  138.2  9.368e+00 
  51179  0.889   2  2011  336  22.65  55898.139  138.2  8.910e+00 
  51181  0.889   2  2011  336  23.67  55898.182  138.2  8.002e+00 
  51182  0.889   2  2011  337   0.18  55898.203  138.2  7.475e+00 
  51183  0.889   2  2011  337   0.85  55898.231  138.2  6.931e+00 
  51184  0.889   2  2011  337   1.36  55898.252  138.1  5.610e+00 
  51235  0.336   1  2011  338   2.87  55899.315  137.4  5.557e+00 
  51236  0.672   2  2011  338   3.19  55899.328  137.3  5.209e+00 
  51237  0.336   1  2011  338   3.50  55899.342  137.3  5.501e+00 
  51273  0.956   4  2011  338  21.74  55900.101  136.8  2.783e+00 
  51278  0.336   1  2011  339   0.40  55900.212  136.8  2.684e+00 
  51279  0.672   2  2011  339   0.72  55900.226  136.7  2.912e+00 
  51280  0.336   1  2011  339   1.04  55900.239  136.7  2.906e+00 
  51281  1.008   3  2011  339   1.77  55900.269  136.7  2.668e+00 
  51282  0.336   1  2011  339   2.20  55900.287  136.7  2.261e+00 
  51283  1.008   3  2011  339   2.78  55900.311  136.7  2.558e+00 
  51284  0.336   1  2011  339   3.20  55900.329  136.7  2.772e+00 
  51327  0.336   1  2011  340   0.91  55901.234  136.2  8.579e+00 
  51328  0.672   2  2011  340   1.23  55901.247  136.2  8.774e+00 
  51329  0.336   1  2011  340   1.55  55901.260  136.2  9.170e+00 
  51330  1.008   3  2011  340   2.24  55901.289  136.2  9.006e+00 
  51331  0.336   1  2011  340   2.66  55901.306  136.2  9.566e+00 
  51367  0.717   3  2011  340  20.73  55902.059  135.8  3.519e+00 
  51368  0.478   2  2011  340  21.08  55902.074  135.8  3.721e+00 
  51369  0.956   4  2011  340  21.76  55902.102  135.8  4.099e+00 
  51370  0.478   2  2011  340  22.18  55902.120  135.8  5.017e+00 
  51374  0.500   2  2011  341   0.21  55902.204  135.8  4.563e+00 
  51428  0.750   3  2011  342   3.23  55903.330  135.9  8.397e+00 
  51751  0.500   2  2011  348  20.84  55910.064  136.8  4.844e+00 
  51855  0.917   3  2011  351   0.81  55912.229  135.9  5.280e+00 
  51857  0.917   3  2011  351   1.78  55912.270  135.9  3.101e+00 
  51895  0.889   2  2011  351  20.72  55913.059  135.1  4.748e+00 
  51896  0.889   2  2011  351  21.23  55913.080  135.1  5.511e+00 
  51897  0.444   1  2011  351  21.88  55913.107  135.1  6.269e+00 
  51898  0.889   2  2011  351  22.27  55913.123  135.0  6.365e+00 
  51899  0.444   1  2011  351  22.65  55913.139  135.0  6.299e+00 
  51900  0.889   2  2011  351  23.33  55913.168  135.0  7.603e+00 
  51901  0.889   2  2011  351  23.85  55913.189  135.0  7.122e+00 
  51902  0.444   1  2011  352   0.41  55913.213  134.9  5.409e+00 
  51903  0.889   2  2011  352   0.80  55913.229  134.9  4.763e+00 
  51904  0.444   1  2011  352   1.18  55913.245  134.9  4.005e+00 
  51947  1.015   3  2011  352  22.80  55914.146  134.0  6.040e+00 
  51948  0.338   1  2011  352  23.19  55914.162  133.9  4.691e+00 
  51950  0.611   2  2011  353   0.31  55914.208  133.9  3.237e+00 
  51951  0.611   2  2011  353   0.67  55914.223  133.9  2.752e+00 
  51953  1.493   2  2011  353   1.71  55914.267  133.9  3.260e+00 
  52045  0.640   2  2011  354  23.80  55916.187  132.6  3.070e+00 
  52138  0.654   2  2011  356  22.35  55918.127  131.9  5.108e+00 
  52139  0.654   2  2011  356  22.70  55918.142  131.9  5.986e+00 
  52146  0.789   1  2011  357   2.46  55918.298  131.8  5.296e+00 
  52147  0.789   1  2011  357   2.88  55918.316  131.8  5.080e+00 
  52148  0.333   1  2011  357   3.33  55918.334  131.8  4.434e+00 
  52149  0.333   1  2011  357   3.52  55918.342  131.8  4.370e+00 
  52231  0.980   6  2011  358  20.75  55920.060  131.7  4.667e+00 
  52232  0.653   4  2011  358  21.24  55920.081  131.7  4.655e+00 
  52233  0.817   5  2011  358  21.75  55920.102  131.7  4.432e+00 
  52234  0.817   5  2011  358  22.24  55920.122  131.7  4.387e+00 
  52330  0.333   1  2011  360  22.46  55922.132  132.1  4.356e+00 
  52331  0.667   2  2011  360  22.75  55922.144  132.1  5.324e+00 
  52332  0.333   1  2011  360  23.05  55922.156  132.1  6.108e+00 
  52423  1.333   1  2011  362  20.51  55924.050  132.1  4.466e+00 
  52424  1.333   1  2011  362  21.22  55924.080  132.1  4.185e+00 
  52426  1.333   1  2011  362  22.44  55924.130  132.1  4.521e+00 
  52428  1.333   1  2011  362  23.14  55924.160  132.1  4.332e+00 
  52433  0.789   1  2011  363   1.93  55924.276  132.1  3.472e+00 
  52434  0.789   1  2011  363   2.35  55924.294  132.1  3.169e+00 
  52436  0.667   2  2011  363   3.28  55924.332  132.1  2.744e+00 
  52437  0.667   2  2011  363   3.67  55924.348  132.1  2.761e+00 
  52470  1.556   2  2011  363  20.27  55925.040  132.0  3.065e+00 
  52473  0.444   1  2011  363  21.94  55925.110  132.0  4.430e+00 
  52474  0.889   2  2011  363  22.33  55925.126  132.0  5.392e+00 
  52477  0.444   1  2011  363  23.87  55925.190  132.0  4.445e+00 
  52478  0.889   2  2011  364   0.26  55925.206  131.9  4.512e+00 
  52807  0.500   2  2012    5  20.77  55932.061  132.5  5.852e+00 
  52808  0.500   2  2012    5  21.24  55932.081  132.5  5.032e+00 
  52809  0.500   2  2012    5  21.71  55932.100  132.5  4.483e+00 
  52856  1.000   1  2012    6  21.08  55933.074  133.0  3.788e+00 
  52869  0.433   3  2012    7   3.62  55933.346  133.0  1.223e+01 
  53144  0.622   4  2012   12  21.27  55939.082  131.7  4.277e+00 
  53145  0.622   4  2012   12  21.69  55939.099  131.7  4.248e+00 
  53190  0.336   1  2012   13  20.32  55940.042  131.4  8.072e+00 
  53191  1.008   3  2012   13  20.75  55940.060  131.4  6.472e+00 
  53198  0.747   1  2012   14   0.37  55940.211  131.5  1.349e+00 
  53199  0.747   1  2012   14   0.79  55940.229  131.5  2.114e+00 
  53200  0.747   1  2012   14   1.50  55940.258  131.5  2.545e+00 
  53201  0.747   1  2012   14   1.92  55940.275  131.5  2.263e+00 
  53204  0.478   2  2012   14   3.09  55940.324  131.5  1.724e+00 
  53334  0.336   1  2012   16  20.41  55943.046  130.0  8.101e+00 
  53335  0.672   2  2012   16  20.73  55943.059  130.0  8.124e+00 
  53336  0.336   1  2012   16  21.05  55943.073  130.0  7.772e+00 
  53431  0.672   2  2012   18  20.87  55945.065  128.6  1.531e+01 
  53432  0.672   2  2012   18  21.29  55945.083  128.5  1.480e+01 
  53434  0.600   3  2012   18  22.15  55945.118  128.5  1.653e+01 
  53439  0.333   1  2012   19   0.86  55945.231  128.4  8.630e+00 
  53440  1.000   3  2012   19   1.25  55945.248  128.4  8.614e+00 
  53446  0.667   2  2012   19   4.12  55945.367  128.3  7.598e+00 
  53490  0.389   2  2012   20   2.26  55946.290  127.6  6.427e+00 
  53529  0.444   1  2012   20  21.96  55947.111  127.0  1.093e+01 
  53530  0.889   2  2012   20  22.35  55947.127  127.0  9.998e+00 
  53587  0.789   1  2012   22   2.78  55948.312  125.8  5.008e+00 
  53588  0.789   1  2012   22   3.21  55948.329  125.8  5.411e+00 
  53632  0.639   1  2012   23   1.41  55949.254  124.7  8.564e+00 
  53633  0.639   1  2012   23   1.75  55949.269  124.6  9.397e+00 
  53635  1.167   3  2012   23   2.73  55949.309  124.6  6.694e+00 
  53636  0.389   1  2012   23   3.46  55949.340  124.5  5.851e+00 
  53637  0.778   2  2012   23   3.78  55949.353  124.5  5.824e+00 
  53638  0.389   1  2012   23   4.09  55949.366  124.5  5.404e+00 
  53719  0.667   1  2012   24  20.73  55951.059  123.2  1.033e+01 
  53721  2.034   1  2012   24  21.88  55951.107  123.2  1.145e+01 
  53724  2.034   1  2012   24  23.03  55951.155  123.1  1.199e+01 
  53726  2.034   1  2012   25   0.48  55951.216  123.1  1.016e+01 
  53729  2.034   1  2012   25   1.63  55951.264  123.1  8.726e+00 
  53732  2.034   1  2012   25   3.00  55951.321  123.1  5.591e+00 
  53734  1.534   1  2012   25   4.03  55951.363  123.0  6.656e+00 
  53767  0.701   1  2012   25  20.56  55952.052  122.7  2.541e+00 
  53769  2.034   1  2012   25  21.63  55952.097  122.7  3.135e+00 
  53771  2.034   1  2012   25  22.82  55952.146  122.6  3.068e+00 
  53774  2.034   1  2012   26   0.47  55952.215  122.6  2.576e+00 
  53777  2.034   1  2012   26   1.65  55952.264  122.5  3.274e+00 
  53780  2.868   1  2012   26   3.23  55952.330  122.5  4.413e+00 
  53814  0.701   1  2012   26  20.14  55953.035  122.0  1.044e+01 
  53816  2.034   1  2012   26  21.20  55953.079  121.9  9.074e+00 
  53818  2.034   1  2012   26  22.37  55953.128  121.9  7.798e+00 
  53821  2.034   1  2012   26  23.74  55953.185  121.8  8.326e+00 
  53823  2.034   1  2012   27   0.89  55953.233  121.8  8.953e+00 
  53826  1.371   1  2012   27   2.10  55953.283  121.8  9.270e+00 
  53828  1.565   1  2012   27   3.39  55953.337  121.7  6.293e+00 
  53864  2.034   1  2012   27  21.19  55954.078  121.1  2.243e+00 
  53866  2.034   1  2012   27  22.34  55954.126  121.1  2.673e+00 
  53869  2.034   1  2012   27  23.76  55954.185  121.0  2.962e+00 
  53871  2.034   1  2012   28   0.93  55954.234  121.0  3.067e+00 
  53874  2.034   1  2012   28   2.14  55954.285  120.9  4.877e+00 
  53876  0.923   1  2012   28   3.18  55954.328  120.9  4.926e+00 
  53877  0.923   1  2012   28   3.77  55954.353  120.9  4.788e+00 
  53878  0.590   1  2012   28   4.29  55954.374  120.9  7.002e+00 
  53910  0.444   2  2012   28  20.38  55955.045  120.4  3.740e+00 
  53911  0.444   2  2012   28  20.67  55955.057  120.4  3.654e+00 
  53912  0.500   3  2012   28  21.37  55955.086  120.4  5.846e+00 
  53913  0.500   3  2012   28  21.82  55955.105  120.3  5.559e+00 
  53914  0.333   2  2012   28  22.16  55955.119  120.3  5.052e+00 
  53915  0.667   2  2012   28  22.84  55955.147  120.3  4.740e+00 
  53916  0.667   2  2012   28  23.24  55955.164  120.3  5.232e+00 
  53917  0.667   2  2012   28  23.63  55955.180  120.3  5.375e+00 
  53918  0.667   3  2012   29   0.24  55955.206  120.3  5.353e+00 
  53920  0.833   3  2012   29   1.31  55955.250  120.2  5.486e+00 
  53921  0.556   2  2012   29   1.82  55955.271  120.2  5.585e+00 
  53922  0.833   3  2012   29   2.33  55955.293  120.2  4.130e+00 
  53924  0.667   3  2012   29   3.22  55955.330  120.2  2.730e+00 
  53925  0.556   3  2012   29   3.72  55955.351  120.2  2.592e+00 
  53926  0.500   3  2012   29   4.20  55955.371  120.1  2.852e+00 
  53927  0.333   2  2012   29   4.58  55955.386  120.1  5.440e+00 
  54057  0.500   2  2012   31  21.87  55958.107  117.3  3.766e+00 
  54059  0.702   1  2012   31  22.88  55958.149  117.3  5.484e+00 
  54060  0.702   1  2012   31  23.25  55958.164  117.3  5.647e+00 
  54061  0.702   1  2012   31  23.69  55958.183  117.2  6.237e+00 
  54062  0.702   1  2012   32   0.06  55958.198  117.2  5.883e+00 
  54064  1.722   2  2012   32   1.25  55958.248  117.1  4.798e+00 
  54065  0.861   1  2012   32   1.99  55958.279  117.1  3.286e+00 
  54066  0.861   1  2012   32   2.45  55958.298  117.1  3.568e+00 
  54068  0.833   1  2012   32   3.05  55958.323  117.0  3.889e+00 
  54069  1.667   2  2012   32   3.75  55958.352  117.0  3.785e+00 
  54070  0.833   1  2012   32   4.44  55958.381  116.9  5.487e+00 
  54117  0.523   3  2012   33   3.83  55959.355  115.3  3.998e+00 
  54118  0.523   3  2012   33   4.26  55959.373  115.3  4.298e+00 
  54582  0.867   3  2012   42  20.27  55969.040  105.2  4.714e+00 
  54583  0.578   2  2012   42  20.70  55969.058  105.1  4.464e+00 
  54869  0.611   1  2012   48  19.95  55975.027  103.3  6.704e+00 
  54871  0.745   2  2012   48  20.67  55975.057  103.3  5.466e+00 
  54880  0.660   1  2012   49   1.03  55975.238  103.3  3.740e+00 
  54917  0.611   1  2012   49  19.87  55976.024  103.5  7.235e+00 
  54918  0.611   1  2012   49  20.21  55976.038  103.5  5.466e+00 
  54919  1.222   2  2012   49  20.72  55976.059  103.5  5.394e+00 
  54922  0.722   1  2012   49  22.28  55976.124  103.6  3.680e+00 
  54923  0.722   1  2012   49  22.69  55976.141  103.6  3.679e+00 
  54965  0.722   1  2012   50  20.00  55977.029  104.0  6.213e+00 
  54966  0.722   1  2012   50  20.41  55977.046  104.0  5.761e+00 
  54979  0.672   1  2012   51   2.95  55977.319  104.1  8.461e+00 
  54980  0.672   1  2012   51   3.32  55977.334  104.1  1.090e+01 
  54981  0.672   1  2012   51   3.68  55977.349  104.1  1.023e+01 
  54982  0.672   1  2012   51   4.04  55977.364  104.1  1.003e+01 
  55014  0.366   1  2012   51  20.17  55978.036  104.5  7.451e+00 
  55015  1.089   2  2012   51  20.70  55978.058  104.5  6.602e+00 
  55019  0.583   3  2012   51  22.79  55978.145  104.6  6.308e+00 
  55020  0.583   3  2012   51  23.21  55978.163  104.6  5.844e+00 
  55023  0.523   3  2012   52   0.73  55978.226  104.6  5.946e+00 
  55024  0.523   3  2012   52   1.15  55978.243  104.7  6.157e+00 
  55070  0.481   2  2012   53   0.15  55979.202  105.8  1.135e+01 
  55071  0.567   2  2012   53   0.65  55979.223  105.8  1.186e+01 
  55119  1.022   2  2012   54   0.74  55980.226  107.3  1.341e+01 
  55120  1.022   2  2012   54   1.31  55980.250  107.3  1.452e+01 
  55122  1.022   2  2012   54   2.21  55980.288  107.4  1.541e+01 
  55123  1.022   2  2012   54   2.78  55980.312  107.4  1.455e+01 
  55124  0.511   1  2012   54   3.50  55980.341  107.4  1.470e+01 
  55125  0.511   1  2012   54   3.78  55980.353  107.5  1.322e+01 
  55126  1.022   2  2012   54   4.21  55980.371  107.5  1.332e+01 
  55164  0.789   1  2012   54  23.22  55981.163  108.5  6.832e+00 
  55165  0.789   1  2012   54  23.64  55981.181  108.5  6.832e+00 
  55206  0.333   1  2012   55  20.33  55982.042  109.5  6.594e+00 
  55207  1.000   3  2012   55  20.71  55982.059  109.5  5.997e+00 
  55256  0.917   3  2012   56  21.30  55983.083  110.8  5.676e+00 
  55258  0.667   4  2012   56  22.27  55983.123  110.9  5.627e+00 
  55260  0.333   1  2012   56  23.33  55983.168  111.0  6.385e+00 
  55261  1.000   3  2012   56  23.70  55983.183  111.0  6.829e+00 
  55264  0.778   2  2012   57   1.33  55983.251  111.1  1.176e+01 
  55265  0.778   2  2012   57   1.75  55983.269  111.1  1.175e+01 
  55269  0.789   1  2012   57   3.93  55983.359  111.2  1.145e+01 
  55270  0.789   1  2012   57   4.35  55983.377  111.3  1.103e+01 
  55402  0.667   1  2012   59  22.32  55986.126  113.5  1.145e+01 
  55403  0.667   1  2012   59  22.68  55986.141  113.6  1.244e+01 
  55404  1.333   2  2012   59  23.22  55986.163  113.6  1.278e+01 
  55405  0.667   1  2012   59  23.98  55986.195  113.6  1.317e+01 
  55406  0.667   1  2012   60   0.34  55986.210  113.7  1.477e+01 
  55407  0.667   1  2012   60   0.70  55986.225  113.7  1.317e+01 
  55408  0.667   1  2012   60   1.06  55986.240  113.7  1.439e+01 
  55409  1.333   2  2012   60   1.71  55986.267  113.7  1.265e+01 
  55410  0.667   1  2012   60   2.25  55986.289  113.8  1.128e+01 
  55411  0.667   1  2012   60   2.61  55986.304  113.8  1.104e+01 
  55412  1.333   2  2012   60   3.25  55986.331  113.8  1.014e+01 
  55413  0.667   1  2012   60   3.79  55986.353  113.9  9.311e+00 
  55414  0.667   1  2012   60   4.15  55986.368  113.9  9.884e+00 
  55415  0.494   1  2012   60   4.56  55986.385  113.9  9.917e+00 
  55457  1.000   2  2012   61   1.72  55987.267  114.8  1.309e+01 
  55460  1.000   2  2012   61   3.30  55987.333  114.8  9.958e+00 
  55461  1.000   2  2012   61   3.82  55987.355  114.8  1.058e+01 
  55462  0.500   1  2012   61   4.32  55987.376  114.8  1.065e+01 
  55463  0.500   1  2012   61   4.58  55987.387  114.9  1.205e+01 
  55507  1.000   2  2012   62   2.77  55988.311  115.3  1.392e+01 
  55508  1.000   2  2012   62   3.29  55988.333  115.3  1.191e+01 
  55509  0.500   1  2012   62   3.97  55988.361  115.3  1.130e+01 
  55510  1.000   2  2012   62   4.36  55988.377  115.3  9.863e+00 
  55511  0.500   1  2012   62   4.75  55988.394  115.3  1.125e+01 
  55556  1.000   2  2012   63   3.24  55989.330  115.4  7.165e+00 
  55557  1.000   2  2012   63   3.76  55989.352  115.4  7.383e+00 
  55558  0.500   1  2012   63   4.26  55989.373  115.3  7.317e+00 
  55559  0.575   2  2012   63   4.55  55989.385  115.3  7.478e+00 
  55591  0.698   4  2012   63  20.74  55990.060  115.3  3.721e+00 
  55593  0.500   2  2012   63  21.60  55990.096  115.3  5.656e+00 
  55594  0.500   2  2012   63  22.29  55990.124  115.3  6.929e+00 
  55638  0.611   2  2012   64  20.28  55991.040  115.2  5.760e+00 
  55639  0.611   2  2012   64  20.62  55991.055  115.2  5.901e+00 
  55687  0.917   3  2012   65  20.73  55992.059  114.9  5.259e+00 
  55877  0.343   2  2012   69  19.86  55996.023  114.5  1.099e+01 
  55878  0.500   2  2012   69  20.25  55996.039  114.5  9.072e+00 
  55943  1.333   1  2012   71   4.85  55997.398  114.4  9.500e+00 
  56217  0.722   1  2012   76  21.90  56003.108  114.8  1.281e+01 
  56218  0.722   1  2012   76  22.31  56003.125  114.8  1.179e+01 
  56220  1.444   2  2012   76  23.21  56003.163  114.8  1.164e+01 
  56228  0.667   4  2012   77   3.26  56003.331  114.8  1.569e+01 
  56229  0.833   5  2012   77   3.76  56003.352  114.8  1.452e+01 
  56265  0.778   2  2012   77  21.80  56004.104  114.6  2.447e+01 
  56266  0.778   2  2012   77  22.22  56004.121  114.6  2.358e+01 
  56267  0.389   1  2012   77  22.80  56004.146  114.6  2.166e+01 
  56268  1.167   3  2012   77  23.21  56004.163  114.6  2.226e+01 
  56277  0.511   1  2012   78   3.53  56004.343  114.6  2.382e+01 
  56314  0.500   1  2012   78  22.29  56005.124  114.2  2.111e+01 
  56315  1.000   2  2012   78  22.70  56005.142  114.2  1.814e+01 
  56317  0.689   1  2012   78  23.71  56005.183  114.1  1.681e+01 
  56318  1.378   2  2012   79   0.25  56005.206  114.1  1.560e+01 
  56319  0.689   1  2012   79   0.80  56005.229  114.1  1.679e+01 
  56320  0.689   1  2012   79   1.45  56005.256  114.1  1.807e+01 
  56321  0.689   1  2012   79   1.81  56005.271  114.0  2.035e+01 
  56322  0.689   1  2012   79   2.17  56005.286  114.0  1.817e+01 
  56323  0.689   1  2012   79   2.54  56005.301  114.0  1.810e+01 
  56324  0.639   1  2012   79   3.18  56005.328  114.0  1.908e+01 
  56325  0.639   1  2012   79   3.52  56005.342  114.0  1.940e+01 
  56326  1.279   2  2012   79   4.32  56005.375  114.0  2.219e+01 
  56356  1.222   2  2012   79  19.32  56006.001  113.4  3.248e+01 
  56357  0.611   1  2012   79  19.83  56006.022  113.4  2.727e+01 
  56358  0.611   1  2012   79  20.17  56006.036  113.4  2.659e+01 
  56406  0.747   1  2012   80  20.19  56007.037  112.2  1.323e+01 
  56407  0.747   1  2012   80  20.61  56007.054  112.2  1.302e+01 
  56413  0.367   1  2012   80  23.50  56007.175  112.1  9.867e+00 
  56416  1.022   2  2012   81   1.32  56007.251  112.0  9.771e+00 
  56417  0.511   1  2012   81   1.75  56007.268  112.0  1.079e+01 
  56418  0.511   1  2012   81   2.03  56007.280  112.0  1.101e+01 
  56419  1.022   2  2012   81   2.79  56007.312  111.9  1.305e+01 
  56420  1.022   2  2012   81   3.36  56007.335  111.9  1.660e+01 
  56422  1.083   3  2012   81   4.23  56007.372  111.9  1.563e+01 
  56462  0.778   2  2012   82   0.23  56008.205  110.9  1.475e+01 
  56463  0.778   2  2012   82   0.65  56008.222  110.8  1.950e+01 
  56464  0.389   1  2012   82   1.38  56008.253  110.8  1.842e+01 
  56465  0.778   2  2012   82   1.69  56008.266  110.8  1.873e+01 
  56466  0.389   1  2012   82   2.00  56008.279  110.8  1.910e+01 
  56468  0.722   2  2012   82   3.34  56008.335  110.7  1.497e+01 
  56469  0.361   1  2012   82   3.68  56008.349  110.7  1.384e+01 
  56553  0.833   3  2012   83  21.82  56010.105  108.0  2.168e+01 
  56554  0.556   2  2012   83  22.26  56010.123  107.9  2.045e+01 
  56555  0.833   3  2012   83  22.71  56010.142  107.9  2.032e+01 
  56556  0.833   3  2012   83  23.24  56010.164  107.9  2.136e+01 
  56558  0.689   1  2012   84   0.01  56010.196  107.8  1.962e+01 
  56559  0.689   1  2012   84   0.74  56010.226  107.7  1.797e+01 
  56560  0.689   1  2012   84   1.10  56010.241  107.7  1.753e+01 
  56562  0.667   4  2012   84   2.23  56010.288  107.6  1.463e+01 
  56563  0.833   5  2012   84   2.72  56010.309  107.6  1.448e+01 
  56566  0.667   2  2012   84   4.32  56010.376  107.5  1.051e+01 
  56567  0.667   2  2012   84   4.69  56010.391  107.4  1.210e+01 
  56597  0.928   5  2012   84  19.76  56011.019  106.4  1.407e+01 
  56598  0.928   5  2012   84  20.27  56011.040  106.4  1.486e+01 
  56599  0.742   4  2012   84  20.85  56011.064  106.4  1.519e+01 
  56600  0.742   4  2012   84  21.25  56011.081  106.4  1.495e+01 
  56601  0.742   4  2012   84  21.71  56011.100  106.3  1.425e+01 
  56602  0.928   5  2012   84  22.22  56011.122  106.3  1.406e+01 
  56603  0.742   4  2012   84  22.71  56011.142  106.3  1.523e+01 
  56604  0.928   5  2012   84  23.24  56011.164  106.3  1.468e+01 
  56605  0.742   4  2012   84  23.70  56011.183  106.2  1.425e+01 
  56607  0.367   2  2012   85   0.57  56011.219  106.2  1.650e+01 
  56645  0.931   5  2012   85  19.72  56012.017  105.4  2.294e+01 
  56646  0.931   5  2012   85  20.23  56012.038  105.3  2.071e+01 
  56647  0.558   3  2012   85  20.88  56012.066  105.3  1.689e+01 
  56648  0.931   5  2012   85  21.29  56012.083  105.3  1.464e+01 
  56649  0.558   3  2012   85  21.74  56012.101  105.3  1.233e+01 
  56650  0.931   5  2012   85  22.22  56012.122  105.3  1.308e+01 
  56651  0.744   4  2012   85  22.68  56012.141  105.3  1.112e+01 
  56652  0.986   5  2012   85  23.27  56012.165  105.3  9.683e+00 
  56653  0.411   1  2012   85  23.81  56012.188  105.2  9.513e+00 
  56654  0.411   1  2012   86   0.03  56012.197  105.2  9.782e+00 
  56656  0.639   1  2012   86   1.31  56012.250  105.2  5.836e+00 
  56657  1.278   2  2012   86   1.82  56012.271  105.2  5.178e+00 
  56658  0.639   1  2012   86   2.33  56012.293  105.2  4.484e+00 
  56692  0.558   3  2012   86  19.30  56013.000  104.5  1.080e+01 
  56693  0.931   5  2012   86  19.71  56013.017  104.5  9.696e+00 
  56694  0.744   4  2012   86  20.23  56013.039  104.4  9.946e+00 
  56695  0.931   5  2012   86  20.75  56013.060  104.4  9.886e+00 
  56696  0.744   4  2012   86  21.24  56013.081  104.4  1.053e+01 
  56697  0.744   4  2012   86  21.75  56013.102  104.3  9.591e+00 
  56698  0.931   5  2012   86  22.21  56013.121  104.3  1.053e+01 
  56699  0.744   4  2012   86  22.79  56013.145  104.2  8.857e+00 
  56700  0.931   5  2012   86  23.26  56013.165  104.2  7.601e+00 
  56701  0.557   3  2012   86  23.76  56013.186  104.2  7.708e+00 
  56702  0.411   3  2012   87   0.40  56013.212  104.1  1.570e+01 
  56703  0.667   2  2012   87   0.75  56013.227  104.1  1.071e+01 
  56704  0.333   1  2012   87   1.04  56013.239  104.1  1.202e+01 
  56758  0.667   1  2012   88   4.37  56014.378  102.6  2.427e+01 
  56759  0.667   1  2012   88   4.73  56014.393  102.6  2.134e+01 
  56760  0.667   1  2012   88   5.09  56014.408  102.6  2.106e+01 
  56983  0.349   2  2012   92  20.84  56019.064  101.4  6.750e+00 
  56984  0.698   4  2012   92  21.26  56019.081  101.4  5.523e+00 
  57139  1.333   1  2012   96   2.87  56022.315  102.8  2.642e+01 
  57605  1.750   1  2012  105  19.59  56032.012  113.6  3.723e+01 
  57607  1.750   1  2012  105  20.53  56032.051  113.6  3.554e+01 
  57608  0.778   2  2012  105  21.31  56032.083  113.6  3.160e+01 
  57609  0.778   2  2012  105  21.75  56032.102  113.6  3.065e+01 
  57611  0.461   1  2012  105  22.97  56032.152  113.6  2.473e+01 
  57612  0.922   2  2012  105  23.35  56032.169  113.6  2.376e+01 
  57613  0.461   1  2012  105  23.74  56032.185  113.7  2.516e+01 
  57616  0.333   2  2012  106   1.18  56032.245  113.7  2.608e+01 
  57651  0.500   2  2012  106  18.86  56032.982  114.1  4.273e+01 
  57652  0.500   2  2012  106  19.15  56032.994  114.1  3.727e+01 
  57653  0.667   2  2012  106  19.79  56033.020  114.1  3.151e+01 
  57654  1.000   3  2012  106  20.26  56033.040  114.1  3.052e+01 
  57655  0.333   1  2012  106  20.66  56033.056  114.1  2.737e+01 
  57656  0.778   2  2012  106  21.22  56033.080  114.1  2.477e+01 
  57657  0.778   2  2012  106  21.65  56033.098  114.1  2.275e+01 
  57658  0.778   2  2012  106  22.18  56033.120  114.2  2.319e+01 
  57659  1.167   3  2012  106  22.73  56033.143  114.2  2.449e+01 
  57660  0.389   1  2012  106  23.18  56033.161  114.2  2.564e+01 
  57661  0.389   2  2012  106  23.71  56033.184  114.2  2.687e+01 
  57662  0.389   2  2012  107   0.18  56033.203  114.2  3.690e+01 
  57663  0.667   2  2012  107   0.72  56033.225  114.2  4.220e+01 
  57700  0.750   3  2012  107  19.22  56033.996  114.5  3.500e+01 
  57701  0.750   3  2012  107  19.66  56034.015  114.6  3.581e+01 
  57702  1.000   4  2012  107  20.27  56034.040  114.6  3.447e+01 
  57703  0.500   2  2012  107  20.70  56034.058  114.6  3.523e+01 
  57704  0.783   3  2012  107  21.31  56034.083  114.6  3.541e+01 
  57705  0.783   3  2012  107  21.76  56034.102  114.6  3.615e+01 
  57706  0.783   3  2012  107  22.24  56034.122  114.6  3.549e+01 
  57707  0.783   3  2012  107  22.69  56034.141  114.6  3.379e+01 
  57709  0.461   1  2012  107  23.92  56034.192  114.6  3.097e+01 
  57710  0.922   2  2012  108   0.31  56034.209  114.6  2.963e+01 
  57711  0.461   1  2012  108   0.70  56034.225  114.6  3.500e+01 
  57712  0.461   1  2012  108   1.26  56034.248  114.7  2.683e+01 
  57713  0.922   2  2012  108   1.80  56034.270  114.7  3.343e+01 
  57714  0.922   2  2012  108   2.31  56034.292  114.7  3.217e+01 
  57748  0.944   2  2012  108  19.20  56034.995  115.0  3.183e+01 
  57749  0.944   2  2012  108  19.76  56035.019  115.0  3.461e+01 
  57750  0.472   1  2012  108  20.29  56035.041  115.0  3.480e+01 
  57751  0.944   2  2012  108  20.72  56035.059  115.0  3.499e+01 
  57752  0.472   1  2012  108  21.14  56035.077  115.0  3.357e+01 
  57753  0.444   3  2012  108  21.78  56035.103  115.0  4.031e+01 
  57754  0.444   3  2012  108  22.25  56035.123  115.0  3.839e+01 
  57758  0.611   2  2012  109   0.30  56035.208  115.1  3.875e+01 
  57759  0.472   1  2012  109   0.64  56035.222  115.1  3.800e+01 
  57760  0.611   4  2012  109   1.26  56035.248  115.1  3.789e+01 
  57761  0.333   2  2012  109   1.76  56035.269  115.1  3.788e+01 
  57762  0.611   4  2012  109   2.24  56035.289  115.1  4.288e+01 
  57763  0.444   2  2012  109   2.76  56035.311  115.1  4.114e+01 
  57764  0.556   4  2012  109   3.27  56035.332  115.1  4.418e+01 
  57765  0.333   2  2012  109   3.74  56035.351  115.1  4.288e+01 
  57766  0.444   4  2012  109   4.30  56035.375  115.1  3.939e+01 
  57767  0.667   2  2012  109   4.84  56035.397  115.1  3.705e+01 
  57799  0.472   1  2012  109  20.88  56036.065  115.4  1.752e+01 
  57800  0.944   2  2012  109  21.30  56036.083  115.4  2.310e+01 
  57801  0.472   1  2012  109  21.73  56036.101  115.4  3.216e+01 
  57802  0.333   1  2012  109  22.33  56036.126  115.5  4.206e+01 
  57803  1.000   3  2012  109  22.72  56036.142  115.5  3.409e+01 
  57804  0.333   2  2012  109  23.22  56036.163  115.5  3.247e+01 
  57805  0.944   2  2012  109  23.72  56036.184  115.5  4.052e+01 
  57807  1.167   1  2012  110   0.53  56036.218  115.5  4.443e+01 
  57808  1.167   1  2012  110   1.14  56036.243  115.5  4.998e+01 
  57810  1.333   1  2012  110   2.02  56036.280  115.5  5.451e+01 
  57811  1.333   1  2012  110   2.71  56036.309  115.6  4.410e+01 
  57812  0.750   1  2012  110   3.50  56036.341  115.6  4.145e+01 
  57813  0.750   1  2012  110   3.90  56036.358  115.6  4.143e+01 
  57814  0.750   1  2012  110   4.30  56036.375  115.6  3.680e+01 
  57815  0.750   1  2012  110   4.70  56036.392  115.6  3.669e+01 
  57844  2.000   1  2012  110  19.45  56037.006  116.0  2.738e+01 
  57847  2.000   1  2012  110  20.56  56037.052  116.0  2.980e+01 
  57849  2.000   1  2012  110  21.80  56037.104  116.1  3.391e+01 
  57851  2.000   1  2012  110  22.92  56037.151  116.1  3.256e+01 
  57853  0.611   1  2012  110  23.86  56037.190  116.1  4.090e+01 
  57894  2.000   1  2012  111  20.17  56038.036  116.7  2.218e+01 
  57896  2.000   1  2012  111  21.29  56038.083  116.7  2.535e+01 
  57899  2.000   1  2012  111  22.56  56038.136  116.8  2.187e+01 
  57901  2.000   1  2012  111  23.66  56038.182  116.8  2.469e+01 
  57939  0.624   1  2012  112  18.87  56038.982  117.3  2.992e+01 
  57940  0.624   1  2012  112  19.21  56038.996  117.3  3.066e+01 
  57941  1.249   2  2012  112  19.72  56039.017  117.4  3.075e+01 
  57942  0.958   1  2012  112  20.41  56039.046  117.4  2.439e+01 
  57943  0.958   1  2012  112  20.92  56039.067  117.4  2.502e+01 
  57945  0.958   1  2012  112  21.68  56039.099  117.4  3.137e+01 
  57946  0.958   1  2012  112  22.21  56039.121  117.5  3.482e+01 
  57947  0.958   1  2012  112  22.74  56039.143  117.5  3.505e+01 
  57948  0.958   1  2012  112  23.26  56039.165  117.5  3.653e+01 
  57956  0.512   2  2012  113   3.29  56039.333  117.7  4.274e+01 
  57957  0.512   2  2012  113   3.61  56039.346  117.7  3.849e+01 
  57959  1.133   1  2012  113   4.62  56039.388  117.7  3.128e+01 
  57988  0.667   1  2012  113  19.17  56039.994  118.3  1.848e+01 
  57989  1.333   2  2012  113  19.71  56040.017  118.3  1.888e+01 
  57990  0.667   1  2012  113  20.25  56040.039  118.3  1.824e+01 
  57991  0.600   2  2012  113  20.80  56040.062  118.3  1.763e+01 
  57993  1.243   2  2012  113  21.71  56040.100  118.4  1.321e+01 
  57994  0.622   1  2012  113  22.23  56040.122  118.4  1.398e+01 
  57995  1.199   2  2012  113  22.77  56040.144  118.4  1.658e+01 
  57996  0.578   1  2012  113  23.30  56040.167  118.4  1.752e+01 
  57997  1.156   2  2012  113  23.79  56040.187  118.4  1.854e+01 
  58003  0.461   1  2012  114   2.88  56040.315  118.5  3.374e+01 
  58004  0.922   2  2012  114   3.26  56040.332  118.6  3.453e+01 
  58005  0.461   1  2012  114   3.65  56040.348  118.6  4.173e+01 
  58006  0.922   2  2012  114   4.32  56040.376  118.6  3.963e+01 
  58007  0.922   2  2012  114   4.84  56040.397  118.6  3.832e+01 
  58083  0.547   3  2012  115  18.80  56041.979  120.3  2.786e+01 
  58084  0.568   2  2012  115  19.22  56041.997  120.3  2.490e+01 
  58085  0.938   3  2012  115  19.70  56042.016  120.3  2.674e+01 
  58086  0.389   2  2012  115  20.29  56042.041  120.4  3.189e+01 
  58087  0.667   2  2012  115  20.70  56042.058  120.4  2.387e+01 
  58088  0.667   3  2012  115  21.28  56042.082  120.4  2.366e+01 
  58089  0.848   3  2012  115  21.83  56042.105  120.5  2.352e+01 
  58090  0.377   2  2012  115  22.19  56042.120  120.5  2.640e+01 
  58134  0.483   1  2012  116  20.50  56043.050  121.6  2.049e+01 
  58135  0.483   1  2012  116  20.76  56043.061  121.6  2.136e+01 
  58136  0.967   2  2012  116  21.15  56043.077  121.6  2.622e+01 
  58137  0.967   2  2012  116  21.86  56043.106  121.6  2.856e+01 
  58150  0.333   1  2012  117   4.34  56043.376  122.0  3.522e+01 
  58151  1.000   3  2012  117   4.77  56043.394  122.0  3.974e+01 
  58180  1.333   2  2012  117  19.28  56043.999  122.8  3.102e+01 
  58181  0.667   1  2012  117  19.82  56044.022  122.8  3.068e+01 
  58182  0.667   1  2012  117  20.19  56044.037  122.8  3.027e+01 
  58815  1.279   2  2012  131   0.75  56057.227  126.1  1.856e+01 
  58852  1.333   2  2012  131  19.22  56057.996  126.1  2.030e+01 
  58853  0.667   1  2012  131  19.76  56058.019  126.1  1.838e+01 
  58900  0.722   1  2012  132  19.10  56058.992  126.1  1.810e+01 
  58901  0.722   1  2012  132  19.50  56059.008  126.1  1.787e+01 
  59100  0.590   2  2012  136  23.18  56063.161  125.7  1.457e+01 
  59101  0.590   2  2012  136  23.79  56063.187  125.7  1.337e+01 
  59110  0.667   2  2012  137   4.36  56063.377  125.6  1.773e+01 
  59111  0.667   2  2012  137   4.76  56063.394  125.6  1.773e+01 
  59139  0.667   1  2012  137  18.75  56063.977  125.5  1.599e+01 
  59140  1.333   2  2012  137  19.29  56063.999  125.5  1.493e+01 
  59141  0.667   1  2012  137  19.83  56064.022  125.5  1.553e+01 
  59147  0.933   2  2012  137  22.83  56064.147  125.5  2.960e+01 
  59151  1.250   2  2012  138   0.69  56064.224  125.5  2.609e+01 
  59153  0.625   1  2012  138   1.69  56064.266  125.5  2.286e+01 
  59154  0.625   1  2012  138   2.05  56064.281  125.5  2.489e+01 
  59155  0.458   1  2012  138   2.80  56064.312  125.5  2.278e+01 
  59156  0.458   1  2012  138   3.08  56064.324  125.5  2.318e+01 
  59157  0.458   1  2012  138   3.74  56064.351  125.5  2.716e+01 
  59158  0.458   1  2012  138   4.01  56064.363  125.5  2.864e+01 
  59159  0.922   2  2012  138   4.81  56064.396  125.5  3.372e+01 
  59160  0.922   2  2012  138   5.32  56064.417  125.5  4.124e+01 
  59208  0.333   2  2012  139   5.24  56065.414  125.5  3.034e+01 
  59240  0.789   1  2012  139  21.38  56066.086  125.7  1.959e+01 
  59241  0.789   1  2012  139  21.81  56066.104  125.7  1.615e+01 
  59243  0.736   1  2012  139  22.60  56066.137  125.8  2.077e+01 
  59244  0.736   1  2012  139  23.02  56066.155  125.8  2.239e+01 
  59245  0.467   1  2012  139  23.79  56066.187  125.8  2.520e+01 
  59246  0.467   1  2012  140   0.05  56066.198  125.8  2.373e+01 
  59247  0.933   2  2012  140   0.74  56066.227  125.8  2.601e+01 
  59248  0.467   1  2012  140   1.46  56066.256  125.8  3.162e+01 
  59249  0.467   1  2012  140   1.72  56066.267  125.8  3.249e+01 
  59289  0.922   2  2012  140  21.77  56067.103  126.3  2.291e+01 
  59290  0.922   2  2012  140  22.29  56067.124  126.3  1.527e+01 
  59291  0.461   1  2012  140  22.91  56067.150  126.3  1.397e+01 
  59292  0.922   2  2012  140  23.30  56067.166  126.3  1.590e+01 
  59293  0.461   1  2012  140  23.69  56067.183  126.3  1.810e+01 
  59294  0.625   1  2012  141   0.18  56067.203  126.3  1.999e+01 
  59295  0.625   1  2012  141   0.53  56067.218  126.3  1.993e+01 
  59296  0.922   2  2012  141   1.30  56067.250  126.3  2.955e+01 
  59297  0.922   2  2012  141   1.82  56067.271  126.3  3.072e+01 
  59334  0.467   1  2012  141  20.32  56068.042  126.7  2.097e+01 
  59335  0.467   1  2012  141  20.58  56068.053  126.7  2.011e+01 
  59336  0.933   2  2012  141  21.25  56068.081  126.7  1.767e+01 
  59337  0.467   1  2012  141  21.90  56068.108  126.7  1.749e+01 
  59338  0.467   1  2012  141  22.16  56068.119  126.7  1.733e+01 
  59394  0.333   2  2012  143   2.40  56069.295  127.1  1.469e+01 
  59429  0.389   1  2012  143  19.81  56070.021  127.3  1.754e+01 
  59430  1.167   3  2012  143  20.22  56070.038  127.3  1.754e+01 
  59431  0.461   1  2012  143  20.98  56070.070  127.3  1.669e+01 
  59432  0.461   1  2012  143  21.46  56070.090  127.3  1.732e+01 
  59433  0.461   1  2012  143  21.72  56070.100  127.4  1.622e+01 
  59434  0.461   1  2012  143  22.23  56070.122  127.4  1.498e+01 
  59435  0.461   1  2012  143  22.85  56070.148  127.4  1.524e+01 
  59436  0.922   2  2012  143  23.24  56070.164  127.4  1.456e+01 
  59438  0.933   2  2012  144   0.29  56070.208  127.4  1.590e+01 
  59439  0.467   1  2012  144   0.69  56070.224  127.4  1.719e+01 
  59489  0.444   1  2012  145   1.92  56071.275  128.1  1.169e+01 
  59490  0.889   2  2012  145   2.31  56071.292  128.1  1.089e+01 
  59491  0.444   1  2012  145   2.70  56071.308  128.1  1.149e+01 
  59716  0.667   1  2012  149  19.37  56076.003  128.1  2.044e+01 
  59717  0.667   1  2012  149  19.73  56076.018  128.1  2.208e+01 
  59718  1.333   2  2012  149  20.27  56076.040  128.1  2.663e+01 
  59763  0.667   1  2012  150  18.77  56076.978  128.4  1.162e+01 
  59764  1.333   2  2012  150  19.31  56077.000  128.4  8.437e+00 
  59765  0.667   1  2012  150  19.85  56077.023  128.4  8.621e+00 
  60203  1.279   2  2012  159  22.70  56086.141  129.5  6.628e+00 
  60205  1.000   2  2012  159  23.77  56086.186  129.4  6.778e+00 
  60206  0.500   1  2012  160   0.22  56086.205  129.4  6.444e+00 
  60207  0.500   1  2012  160   0.51  56086.217  129.4  5.486e+00 
  60208  0.833   2  2012  160   1.27  56086.248  129.4  3.077e+00 
  60209  0.833   2  2012  160   1.78  56086.270  129.4  5.085e+00 
  60210  0.333   1  2012  160   2.29  56086.291  129.4  6.676e+00 
  60211  1.000   3  2012  160   2.72  56086.309  129.3  1.107e+01 
  60244  0.933   2  2012  160  19.23  56086.997  128.8  1.140e+01 
  60245  0.467   1  2012  160  19.87  56087.024  128.8  1.202e+01 
  60246  0.467   1  2012  160  20.13  56087.034  128.8  1.164e+01 
  60295  1.472   2  2012  161  20.71  56088.059  127.9  7.397e+00 
  60296  0.736   1  2012  161  21.45  56088.090  127.9  9.246e+00 
  60297  0.736   1  2012  161  21.87  56088.107  127.9  8.448e+00 
  60347  0.590   2  2012  162  22.67  56089.140  126.9  1.735e+01 
  60348  0.467   1  2012  162  23.30  56089.167  126.9  1.633e+01 
  60349  0.467   1  2012  162  23.56  56089.177  126.9  1.574e+01 
  60390  0.461   1  2012  163  20.44  56090.047  126.1  2.041e+01 
  60391  0.922   2  2012  163  20.83  56090.064  126.1  2.062e+01 
  60392  0.461   1  2012  163  21.22  56090.080  126.1  1.851e+01 
  60396  0.922   2  2012  163  23.16  56090.161  126.0  1.395e+01 
  60397  0.922   2  2012  163  23.68  56090.182  126.0  1.345e+01 
  60398  0.461   1  2012  164   0.44  56090.214  126.0  1.148e+01 
  60399  0.922   2  2012  164   0.83  56090.230  126.0  1.156e+01 
  60400  0.461   1  2012  164   1.22  56090.246  126.0  1.105e+01 
  60408  0.667   4  2012  164   5.18  56090.411  125.9  2.574e+01 
  60436  0.700   2  2012  164  19.10  56090.992  125.5  1.074e+01 
  60549  0.922   2  2012  167   3.82  56093.355  124.6  1.673e+01 
  60550  0.922   2  2012  167   4.34  56093.376  124.6  1.628e+01 
  60581  0.389   1  2012  167  19.94  56094.027  124.4  2.195e+01 
  60582  0.778   2  2012  167  20.26  56094.040  124.4  2.359e+01 
  60583  0.389   1  2012  167  20.57  56094.053  124.4  2.205e+01 
  60584  0.933   2  2012  167  21.35  56094.085  124.3  1.939e+01 
  60598  0.922   2  2012  168   4.36  56094.377  124.2  2.467e+01 
  60599  0.461   1  2012  168   4.75  56094.394  124.2  2.303e+01 
  60600  0.461   1  2012  168   5.01  56094.404  124.2  2.038e+01 
  60629  0.750   1  2012  168  19.91  56095.025  124.0  9.620e+00 
  60630  0.750   1  2012  168  20.31  56095.042  124.0  9.427e+00 
  60632  1.500   2  2012  168  21.29  56095.083  124.0  9.276e+00 
  60677  0.667   1  2012  169  19.96  56096.027  123.9  2.449e+01 
  60729  0.694   1  2012  170  21.95  56097.110  124.3  6.274e+00 
  60730  0.694   1  2012  170  22.33  56097.126  124.4  8.500e+00 
  60732  1.000   2  2012  170  23.29  56097.166  124.4  6.938e+00 
  61060  0.922   2  2012  177  19.35  56104.002  132.0  1.379e+01 
  61061  0.922   2  2012  177  19.87  56104.023  132.0  1.589e+01 
  61063  0.461   1  2012  177  20.80  56104.062  132.1  1.918e+01 
  61064  0.922   2  2012  177  21.19  56104.079  132.1  1.785e+01 
  61078  0.461   1  2012  178   4.45  56104.381  132.5  1.117e+01 
  61108  0.644   6  2012  178  19.27  56104.998  133.3  8.275e+00 
  61110  0.422   6  2012  178  20.24  56105.039  133.3  6.277e+00 
  61112  0.511   4  2012  178  21.19  56105.079  133.3  5.940e+00 
  61117  0.544   4  2012  178  23.73  56105.184  133.5  8.601e+00 
  61118  0.472   3  2012  179   0.32  56105.209  133.5  9.489e+00 
  61119  0.450   3  2012  179   0.71  56105.225  133.5  9.582e+00 
  61120  0.856   4  2012  179   1.22  56105.246  133.5  1.004e+01 
  61121  0.533   3  2012  179   1.78  56105.270  133.6  8.838e+00 
  61122  0.367   3  2012  179   2.25  56105.289  133.6  9.124e+00 
  61123  0.544   4  2012  179   2.73  56105.309  133.6  1.009e+01 
  61124  0.600   4  2012  179   3.21  56105.329  133.6  1.123e+01 
  61125  0.600   4  2012  179   3.73  56105.351  133.7  1.305e+01 
  61126  0.600   4  2012  179   4.28  56105.374  133.7  1.448e+01 
  61128  1.500   1  2012  179   5.05  56105.406  133.7  2.113e+01 
  61155  0.511   4  2012  179  18.78  56105.978  134.3  1.373e+01 
  61156  0.500   4  2012  179  19.24  56105.997  134.3  1.357e+01 
  61158  0.350   3  2012  179  20.21  56106.038  134.3  1.210e+01 
  61159  0.489   4  2012  179  20.69  56106.058  134.4  1.112e+01 
  61160  0.622   4  2012  179  21.19  56106.078  134.4  1.053e+01 
  61162  0.806   5  2012  179  22.25  56106.123  134.4  1.231e+01 
  61163  0.617   4  2012  179  22.78  56106.145  134.4  1.166e+01 
  61164  0.617   4  2012  179  23.28  56106.166  134.4  1.024e+01 
  61165  0.483   3  2012  179  23.71  56106.184  134.4  1.004e+01 
  61166  0.644   4  2012  180   0.18  56106.203  134.4  1.110e+01 
  61167  0.622   4  2012  180   0.79  56106.228  134.4  1.267e+01 
  61168  0.485   4  2012  180   1.28  56106.249  134.4  1.208e+01 
  61170  2.444   1  2012  180   2.42  56106.296  134.5  1.606e+01 
  61172  0.528   3  2012  180   3.32  56106.334  134.5  1.343e+01 
  61367  0.467   3  2012  184   4.75  56110.394  137.4  1.076e+01 
  61543  1.000   2  2012  187  20.74  56114.060  141.0  1.269e+01 
  61548  1.000   2  2012  187  23.30  56114.166  141.0  6.248e+00 
  61549  0.483   1  2012  187  23.94  56114.193  141.0  4.386e+00 
  61550  0.483   1  2012  188   0.21  56114.205  141.0  4.973e+00 
  61551  0.483   1  2012  188   0.75  56114.227  141.0  5.570e+00 
  61592  0.500   3  2012  188  21.11  56115.075  141.4  1.102e+01 
  61593  0.333   2  2012  188  21.57  56115.094  141.4  8.208e+00 
  61594  0.744   2  2012  188  22.33  56115.126  141.4  6.693e+00 
  61596  0.372   1  2012  188  23.25  56115.164  141.4  3.326e+00 
  61597  0.500   1  2012  188  23.98  56115.195  141.4  3.930e+00 
  61598  0.500   1  2012  189   0.25  56115.206  141.4  3.443e+00 
  61602  1.000   2  2012  189   2.19  56115.287  141.5  1.924e+00 
  61603  1.000   2  2012  189   2.73  56115.309  141.5  1.981e+00 
  61605  1.000   2  2012  189   3.78  56115.353  141.5  3.330e+00 
  61606  0.483   1  2012  189   4.25  56115.373  141.5  3.865e+00 
  61607  0.483   1  2012  189   4.51  56115.384  141.5  3.361e+00 
  61608  0.483   1  2012  189   5.03  56115.405  141.5  4.181e+00 
  61636  0.900   3  2012  189  19.22  56115.996  141.7  8.311e+00 
  61638  0.333   2  2012  189  20.41  56116.046  141.7  9.376e+00 
  61639  0.333   2  2012  189  20.63  56116.055  141.7  8.364e+00 
  61641  0.900   3  2012  189  21.79  56116.103  141.7  7.134e+00 
  61643  0.333   2  2012  189  22.90  56116.150  141.7  5.583e+00 
  61644  0.333   2  2012  189  23.12  56116.159  141.7  5.982e+00 
  61648  0.500   3  2012  190   1.11  56116.242  141.7  7.134e+00 
  61650  0.667   4  2012  190   2.17  56116.286  141.7  7.664e+00 
  61652  0.500   3  2012  190   3.14  56116.326  141.7  8.597e+00 
  61829  0.667   1  2012  193  19.95  56120.027  141.6  1.160e+01 
  61877  1.333   2  2012  194  19.76  56121.019  141.2  1.017e+01 
  61878  0.667   1  2012  194  20.30  56121.041  141.2  1.136e+01 
  61879  0.667   1  2012  194  20.66  56121.056  141.2  9.723e+00 
  61923  0.667   1  2012  195  18.83  56121.980  141.1  9.583e+00 
  61924  0.667   1  2012  195  19.19  56121.995  141.1  8.960e+00 
  61925  0.667   1  2012  195  19.67  56122.015  141.1  9.860e+00 
  61928  0.950   3  2012  195  21.24  56122.081  141.1  9.043e+00 
  61983  1.333   2  2012  197   0.77  56123.228  140.9  7.475e+00 
  61984  0.667   1  2012  197   1.31  56123.250  140.9  6.369e+00 
  61985  0.667   1  2012  197   1.67  56123.265  140.9  6.143e+00 
  62126  0.603   1  2012  200   0.46  56126.215  138.7  7.043e+00 
  62127  0.603   1  2012  200   0.80  56126.229  138.7  8.402e+00 
  62128  1.206   2  2012  200   1.31  56126.250  138.6  9.245e+00 
  62182  0.667   1  2012  201   4.27  56127.373  137.8  6.946e+00 
  62183  1.268   2  2012  201   4.79  56127.395  137.8  6.875e+00 
  62356  1.333   1  2012  204  19.30  56131.000  134.1  6.965e+00 
  62357  1.333   1  2012  204  19.99  56131.029  134.1  3.987e+00 
  62703  0.603   1  2012  212   0.78  56138.228  125.8  5.823e+00 
  62704  0.603   1  2012  212   1.13  56138.242  125.7  6.455e+00 
  63185  0.632   2  2012  222   1.84  56148.272  123.2  1.257e+01 
  63231  0.922   2  2012  223   0.76  56149.227  122.3  9.801e+00 
  63232  0.922   2  2012  223   1.28  56149.249  122.3  9.611e+00 
  63233  0.461   1  2012  223   1.93  56149.276  122.3  9.164e+00 
  63234  0.922   2  2012  223   2.32  56149.292  122.3  1.124e+01 
  63235  0.461   1  2012  223   2.71  56149.308  122.3  1.242e+01 
  63317  0.333   3  2012  224  19.89  56151.024  120.6  9.433e+00 
  63318  0.556   5  2012  224  20.23  56151.039  120.6  1.049e+01 
  63411  0.922   7  2012  226  18.73  56152.976  118.7  1.566e+01 
  63459  0.500   1  2012  227  18.93  56153.984  117.5  1.620e+01 
  63460  0.500   1  2012  227  19.21  56153.996  117.5  1.449e+01 
  63461  0.500   1  2012  227  19.77  56154.019  117.5  1.356e+01 
  63462  0.500   1  2012  227  20.04  56154.031  117.5  1.172e+01 
  63468  0.333   1  2012  227  23.31  56154.167  117.3  8.646e+00 
  63469  1.000   3  2012  227  23.70  56154.183  117.2  7.719e+00 
  63507  0.621   5  2012  228  18.80  56154.979  116.1  1.135e+01 
  63604  0.444   4  2012  230  19.15  56156.994  115.0  9.406e+00 
  63605  0.444   4  2012  230  19.68  56157.015  115.0  1.053e+01 
  63606  0.833   1  2012  230  20.37  56157.044  115.0  1.442e+01 
  63607  0.833   1  2012  230  20.81  56157.063  115.0  1.712e+01 
  63608  0.833   1  2012  230  21.41  56157.088  115.0  1.453e+01 
  63609  0.833   1  2012  230  21.86  56157.106  115.0  1.528e+01 
  63611  0.833   1  2012  230  22.76  56157.144  115.0  1.633e+01 
  63612  0.833   1  2012  230  23.20  56157.162  115.0  1.462e+01 
  63615  0.833   3  2012  231   0.73  56157.226  114.9  1.568e+01 
  63617  0.833   3  2012  231   1.69  56157.266  114.9  1.960e+01 
  63652  0.833   3  2012  231  19.18  56157.995  114.8  1.788e+01 
  63653  0.833   3  2012  231  19.78  56158.020  114.8  1.831e+01 
  63654  0.556   2  2012  231  20.25  56158.039  114.8  1.808e+01 
  63655  0.367   1  2012  231  20.85  56158.064  114.8  1.597e+01 
  63656  0.733   2  2012  231  21.17  56158.078  114.8  1.577e+01 
  63657  0.478   2  2012  231  21.61  56158.096  114.8  1.530e+01 
  63658  0.333   3  2012  231  22.15  56158.118  114.8  1.580e+01 
  63659  1.111   2  2012  231  22.78  56158.145  114.8  1.610e+01 
  63660  0.556   1  2012  231  23.37  56158.169  114.8  1.451e+01 
  63661  0.556   1  2012  231  23.67  56158.182  114.8  1.591e+01 
  63662  0.667   2  2012  232   0.29  56158.208  114.9  1.769e+01 
  63663  0.500   1  2012  232   0.74  56158.226  114.9  1.850e+01 
  63664  0.500   1  2012  232   1.02  56158.238  114.9  1.998e+01 
  63948  0.948   3  2012  237  23.30  56164.167  116.1  1.305e+01 
  63950  0.748   3  2012  238   0.34  56164.210  116.1  1.380e+01 
  63952  0.948   3  2012  238   1.24  56164.247  116.1  2.002e+01 
  64005  2.267   1  2012  239   3.61  56165.346  116.7  1.868e+01 
  64048  0.789   1  2012  240   1.13  56166.243  117.2  9.395e+00 
  64049  0.789   1  2012  240   1.56  56166.260  117.2  1.053e+01 
  64050  0.789   1  2012  240   2.28  56166.291  117.2  1.252e+01 
  64051  0.789   1  2012  240   2.71  56166.308  117.2  1.455e+01 
  64052  0.789   1  2012  240   3.43  56166.338  117.2  1.678e+01 
  64053  0.789   1  2012  240   3.85  56166.356  117.2  1.507e+01 
  64098  0.444   1  2012  241   2.26  56167.290  117.5  1.239e+01 
  64099  0.889   2  2012  241   2.65  56167.306  117.5  1.201e+01 
  64100  0.444   1  2012  241   3.03  56167.322  117.6  1.363e+01 
  64101  0.889   2  2012  241   3.83  56167.355  117.6  1.986e+01 
  64102  0.889   2  2012  241   4.35  56167.377  117.6  2.096e+01 
  64427  0.858   3  2012  247  22.68  56174.141  118.1  1.450e+01 
  64622  0.632   2  2012  252   0.13  56178.201  119.6  8.215e+00 
  64623  0.948   3  2012  252   0.81  56178.229  119.6  8.820e+00 
  64629  1.006   2  2012  252   3.65  56178.348  119.7  1.005e+01 
  64667  0.667   2  2012  252  22.89  56179.149  119.9  1.940e+01 
  64814  0.722   1  2012  256   0.30  56182.208  122.1  1.454e+01 
  64815  0.722   1  2012  256   0.70  56182.225  122.1  1.496e+01 
  64860  1.667   1  2012  256  23.23  56183.164  122.7  9.643e+00 
  64862  1.667   1  2012  257   0.37  56183.211  122.7  1.092e+01 
  64870  0.722   1  2012  257   4.30  56183.375  122.8  1.133e+01 
  64871  0.722   1  2012  257   4.69  56183.391  122.8  1.231e+01 
  64918  0.722   1  2012  258   4.28  56184.374  123.0  3.003e+01 
  64919  0.722   1  2012  258   4.67  56184.390  123.0  3.580e+01 
  64953  0.750   1  2012  258  21.77  56185.103  122.9  2.142e+01 
  64954  0.750   1  2012  258  22.17  56185.119  122.9  1.880e+01 
  64998  1.000   3  2012  259  20.26  56186.040  122.6  1.157e+01 
  64999  0.333   1  2012  259  20.69  56186.058  122.5  1.185e+01 
  65008  0.603   1  2012  260   1.21  56186.246  122.5  2.127e+01 
  65009  1.206   2  2012  260   1.72  56186.267  122.5  2.055e+01 
  65010  0.603   1  2012  260   2.23  56186.289  122.5  2.305e+01 
  65044  0.500   2  2012  260  19.34  56187.002  122.3  1.575e+01 
  65045  1.000   4  2012  260  19.75  56187.019  122.3  1.412e+01 
  65046  0.500   2  2012  260  20.16  56187.035  122.2  1.323e+01 
  65050  1.000   4  2012  260  22.28  56187.124  122.2  1.263e+01 
  65051  0.750   3  2012  260  22.75  56187.144  122.2  1.395e+01 
  65054  1.249   2  2012  261   0.29  56187.208  122.2  1.515e+01 
  65055  0.624   1  2012  261   0.80  56187.229  122.2  1.624e+01 
  65057  0.624   1  2012  261   1.69  56187.266  122.2  1.830e+01 
  65058  1.249   2  2012  261   2.21  56187.288  122.2  1.538e+01 
  65059  0.624   1  2012  261   2.72  56187.309  122.2  1.416e+01 
  65060  0.624   1  2012  261   3.30  56187.333  122.2  1.075e+01 
  65061  0.624   1  2012  261   3.64  56187.347  122.2  9.388e+00 
  65062  1.249   2  2012  261   4.25  56187.373  122.1  1.575e+01 
  65099  1.667   1  2012  261  22.85  56188.148  121.9  1.976e+01 
  65102  1.249   2  2012  262   0.24  56188.206  121.8  2.350e+01 
  65103  0.624   1  2012  262   0.76  56188.227  121.8  2.732e+01 
  65104  0.624   1  2012  262   1.10  56188.241  121.8  2.777e+01 
  65105  0.624   1  2012  262   1.67  56188.265  121.8  2.957e+01 
  65106  1.249   2  2012  262   2.18  56188.286  121.8  2.832e+01 
  65140  1.167   2  2012  262  19.32  56189.001  121.5  1.443e+01 
  65141  0.583   1  2012  262  19.80  56189.020  121.5  1.257e+01 
  65142  0.583   1  2012  262  20.12  56189.034  121.5  1.271e+01 
  65149  0.624   1  2012  262  24.00  56189.195  121.4  2.081e+01 
  65150  0.624   1  2012  263   0.34  56189.210  121.3  2.031e+01 
  65151  0.624   1  2012  263   0.68  56189.224  121.3  1.735e+01 
  65152  0.624   1  2012  263   1.02  56189.238  121.3  1.862e+01 
  65153  1.249   2  2012  263   1.76  56189.269  121.3  2.938e+01 
  65154  0.624   1  2012  263   2.27  56189.290  121.3  3.175e+01 
  65155  0.624   1  2012  263   2.62  56189.305  121.3  3.240e+01 
  65156  0.624   1  2012  263   3.19  56189.328  121.3  3.310e+01 
  65157  1.249   2  2012  263   3.70  56189.350  121.3  2.847e+01 
  65158  0.624   1  2012  263   4.21  56189.371  121.2  2.545e+01 
  65197  0.624   1  2012  263  23.82  56190.188  120.7  1.627e+01 
  65198  0.624   1  2012  264   0.17  56190.203  120.7  1.383e+01 
  65199  1.249   2  2012  264   0.68  56190.224  120.7  1.300e+01 
  65200  0.624   1  2012  264   1.41  56190.254  120.7  1.659e+01 
  65201  0.624   1  2012  264   1.75  56190.269  120.7  2.006e+01 
  65202  1.249   2  2012  264   2.26  56190.290  120.7  2.472e+01 
  65204  1.249   2  2012  264   3.24  56190.331  120.6  2.092e+01 
  65205  0.624   1  2012  264   3.75  56190.352  120.6  1.952e+01 
  65206  0.675   2  2012  264   4.22  56190.371  120.6  1.854e+01 
  65207  0.925   3  2012  264   4.81  56190.396  120.6  2.164e+01 
  65236  0.369   1  2012  264  19.41  56191.004  120.1  1.255e+01 
  65237  0.738   2  2012  264  19.71  56191.017  120.1  1.233e+01 
  65238  0.369   1  2012  264  20.02  56191.030  120.1  1.305e+01 
  65245  0.519   1  2012  264  23.85  56191.189  119.9  1.081e+01 
  65246  0.519   1  2012  265   0.13  56191.201  119.9  1.104e+01 
  65247  0.938   2  2012  265   0.67  56191.224  119.9  1.321e+01 
  65248  0.794   2  2012  265   1.18  56191.245  119.9  1.511e+01 
  65249  0.938   2  2012  265   1.84  56191.272  119.9  1.684e+01 
  65250  0.938   2  2012  265   2.35  56191.293  119.8  1.616e+01 
  65251  0.469   1  2012  265   2.87  56191.315  119.8  1.638e+01 
  65252  0.938   2  2012  265   3.25  56191.331  119.8  1.739e+01 
  65253  0.777   2  2012  265   3.76  56191.352  119.8  1.973e+01 
  65254  0.923   3  2012  265   4.31  56191.375  119.8  2.351e+01 
  65285  0.352   1  2012  265  19.98  56192.028  119.2  1.852e+01 
  65286  0.704   2  2012  265  20.32  56192.042  119.1  1.756e+01 
  65287  0.352   1  2012  265  20.66  56192.056  119.1  1.613e+01 
  65292  0.544   5  2012  265  23.27  56192.165  119.0  9.633e+00 
  65293  0.400   2  2012  265  23.88  56192.191  119.0  1.133e+01 
  65296  0.400   2  2012  266   1.09  56192.241  119.0  1.119e+01 
  65297  0.616   1  2012  266   1.74  56192.268  118.9  9.172e+00 
  65298  1.235   2  2012  266   2.23  56192.288  118.9  8.552e+00 
  65299  0.693   1  2012  266   2.84  56192.314  118.9  8.826e+00 
  65300  0.693   1  2012  266   3.20  56192.329  118.9  9.288e+00 
  65384  1.333   2  2012  267  21.20  56194.079  117.3  1.127e+01 
  65385  0.667   1  2012  267  21.74  56194.101  117.3  1.227e+01 
  65386  0.667   1  2012  267  22.10  56194.116  117.3  1.130e+01 
  65730  0.444   1  2012  275   2.39  56201.295  120.1  3.917e+00 
  65731  0.444   1  2012  275   2.95  56201.319  120.1  2.913e+00 
  65732  0.889   2  2012  275   3.34  56201.335  120.2  3.206e+00 
  65733  0.444   1  2012  275   3.72  56201.351  120.2  3.638e+00 
  65734  0.889   2  2012  275   4.22  56201.371  120.2  4.354e+00 
  65735  0.444   1  2012  275   4.60  56201.387  120.2  5.684e+00 
  65815  0.500   1  2012  276  20.79  56203.062  122.0  2.218e+01 
  65816  0.500   1  2012  276  21.05  56203.073  122.0  2.559e+01 
  65817  1.000   2  2012  276  21.71  56203.100  122.1  2.481e+01 
  66100  1.027   2  2012  282  19.30  56209.000  125.5  1.526e+01 
  66106  0.461   1  2012  282  22.29  56209.124  125.5  2.677e+01 
  66107  0.922   2  2012  282  22.67  56209.140  125.5  3.005e+01 
  66108  0.461   1  2012  282  23.06  56209.156  125.5  3.367e+01 
  66109  0.922   2  2012  282  23.75  56209.185  125.5  3.418e+01 
  66110  0.922   2  2012  283   0.27  56209.207  125.6  3.721e+01 
  66114  0.367   1  2012  283   2.38  56209.295  125.6  2.935e+01 
  66115  0.733   2  2012  283   2.71  56209.308  125.6  2.673e+01 
  66116  0.367   1  2012  283   3.03  56209.322  125.6  2.705e+01 
  66117  0.461   1  2012  283   3.81  56209.354  125.6  2.220e+01 
  66118  0.922   2  2012  283   4.20  56209.370  125.6  2.259e+01 
  66119  0.461   1  2012  283   4.58  56209.387  125.6  2.431e+01 
  66151  1.667   1  2012  283  20.75  56210.060  125.9  1.865e+01 
  66153  1.667   1  2012  283  21.96  56210.111  125.9  1.933e+01 
  66155  0.461   1  2012  283  22.90  56210.150  125.9  1.874e+01 
  66156  0.922   2  2012  283  23.29  56210.166  125.9  2.023e+01 
  66157  0.461   1  2012  283  23.68  56210.182  125.9  1.842e+01 
  66160  0.461   1  2012  284   1.37  56210.253  125.9  2.036e+01 
  66161  0.922   2  2012  284   1.76  56210.269  125.9  2.294e+01 
  66162  0.461   1  2012  284   2.15  56210.285  125.9  2.378e+01 
  66208  0.922   2  2012  285   1.16  56211.244  125.9  2.260e+01 
  66209  0.922   2  2012  285   1.68  56211.266  125.9  2.743e+01 
  66254  0.437   3  2012  286   0.38  56212.212  125.7  4.741e+01 
  66256  0.433   4  2012  286   1.16  56212.244  125.7  3.535e+01 
  66259  0.798   5  2012  286   2.76  56212.311  125.7  4.046e+01 
  66261  0.798   5  2012  286   3.81  56212.354  125.7  3.389e+01 
  66262  0.479   3  2012  286   4.18  56212.370  125.7  3.823e+01 
  66306  0.472   4  2012  287   2.36  56213.294  125.4  1.747e+01 
  66308  0.432   4  2012  287   3.24  56213.331  125.4  1.824e+01 
  66310  0.404   3  2012  287   4.16  56213.369  125.4  2.342e+01 
  66341  0.633   2  2012  287  19.85  56214.023  125.1  1.216e+01 
  66345  0.589   2  2012  287  21.69  56214.099  125.1  1.051e+01 
  66356  0.354   3  2012  288   3.12  56214.326  125.0  3.531e+01 
  66389  0.922   2  2012  288  19.81  56215.021  124.6  2.386e+01 
  66390  0.922   2  2012  288  20.33  56215.043  124.6  2.158e+01 
  66392  0.521   2  2012  288  21.32  56215.084  124.6  1.519e+01 
  66393  0.521   2  2012  288  21.68  56215.099  124.5  1.317e+01 
  66397  0.789   1  2012  288  23.59  56215.179  124.5  1.313e+01 
  66398  0.789   1  2012  289   0.02  56215.196  124.5  1.267e+01 
  66437  0.667   1  2012  289  19.68  56216.016  124.1  1.579e+01 
  66438  0.667   1  2012  289  20.04  56216.031  124.1  1.561e+01 
  66439  0.978   3  2012  289  20.75  56216.060  124.1  1.796e+01 
  66440  0.978   3  2012  289  21.27  56216.082  124.1  1.922e+01 
  66446  0.922   2  2012  290   0.20  56216.204  124.0  1.936e+01 
  66447  0.922   2  2012  290   0.72  56216.226  124.0  1.806e+01 
  66448  0.467   1  2012  290   1.46  56216.256  124.0  1.965e+01 
  66449  0.467   1  2012  290   1.72  56216.267  124.0  1.916e+01 
  66450  0.922   2  2012  290   2.23  56216.289  124.0  1.692e+01 
  66451  0.922   2  2012  290   2.75  56216.310  124.0  1.772e+01 
  66452  0.461   1  2012  290   3.45  56216.339  124.0  1.779e+01 
  66453  0.922   2  2012  290   3.84  56216.355  124.0  1.813e+01 
  66454  0.461   1  2012  290   4.22  56216.372  124.0  1.812e+01 
  66490  0.922   2  2012  290  22.21  56217.121  123.7  1.552e+01 
  66491  0.922   2  2012  290  22.73  56217.142  123.7  1.671e+01 
  66494  0.461   1  2012  291   0.41  56217.213  123.7  2.164e+01 
  66495  0.922   2  2012  291   0.80  56217.229  123.7  2.322e+01 
  66496  0.461   1  2012  291   1.19  56217.245  123.7  2.215e+01 
  66497  0.922   2  2012  291   1.84  56217.272  123.7  1.982e+01 
  66498  0.922   2  2012  291   2.36  56217.294  123.7  1.924e+01 
  66544  0.922   2  2012  292   1.14  56218.243  123.4  1.439e+01 
  66545  0.922   2  2012  292   1.66  56218.265  123.4  1.459e+01 
  66546  0.461   1  2012  292   2.43  56218.297  123.4  2.071e+01 
  66547  0.922   2  2012  292   2.81  56218.313  123.4  2.264e+01 
  66548  0.461   1  2012  292   3.20  56218.329  123.4  2.044e+01 
  66549  0.467   1  2012  292   3.76  56218.352  123.4  1.794e+01 
  66550  0.467   1  2012  292   4.03  56218.363  123.4  1.824e+01 
  66581  0.389   1  2012  292  19.95  56219.027  123.2  9.480e+00 
  66582  0.389   1  2012  292  20.20  56219.037  123.2  1.198e+01 
  66583  0.461   1  2012  292  20.81  56219.063  123.2  9.361e+00 
  66584  0.922   2  2012  292  21.20  56219.079  123.2  9.764e+00 
  66585  0.461   1  2012  292  21.59  56219.095  123.2  9.179e+00 
  66587  0.933   2  2012  292  22.84  56219.147  123.2  1.015e+01 
  66588  0.461   1  2012  292  23.49  56219.174  123.1  1.164e+01 
  66589  0.461   1  2012  292  23.75  56219.185  123.1  9.235e+00 
  66590  0.922   2  2012  293   0.14  56219.201  123.1  1.186e+01 
  66591  0.922   2  2012  293   0.79  56219.229  123.1  1.329e+01 
  66592  0.922   2  2012  293   1.31  56219.250  123.1  1.302e+01 
  66629  0.847   2  2012  293  19.72  56220.017  122.9  1.027e+01 
  66630  0.847   2  2012  293  20.32  56220.042  122.9  1.096e+01 
  66631  0.424   1  2012  293  20.81  56220.063  122.9  1.073e+01 
  66632  0.847   2  2012  293  21.23  56220.080  122.9  1.187e+01 
  66633  0.424   1  2012  293  21.64  56220.097  122.9  1.089e+01 
  66634  0.847   2  2012  293  22.15  56220.119  122.9  1.144e+01 
  66635  0.749   2  2012  293  22.82  56220.146  122.9  9.375e+00 
  66636  0.424   1  2012  293  23.21  56220.163  122.9  1.039e+01 
  66637  0.424   1  2012  293  23.75  56220.185  122.9  1.042e+01 
  66638  0.500   1  2012  294   0.23  56220.205  122.9  9.473e+00 
  66639  1.000   2  2012  294   0.65  56220.223  122.9  8.123e+00 
  66640  1.000   2  2012  294   1.27  56220.248  122.9  7.043e+00 
  66641  0.500   1  2012  294   1.74  56220.268  122.9  6.917e+00 
  66642  1.000   2  2012  294   2.16  56220.286  122.9  7.171e+00 
  66643  0.500   1  2012  294   2.86  56220.315  122.8  8.680e+00 
  66644  1.000   2  2012  294   3.28  56220.332  122.8  8.934e+00 
  66645  0.500   1  2012  294   3.70  56220.350  122.8  9.784e+00 
  66677  0.500   1  2012  294  19.91  56221.025  122.7  1.425e+01 
  66678  0.500   1  2012  294  20.19  56221.037  122.7  1.386e+01 
  66679  0.500   1  2012  294  20.73  56221.059  122.7  1.257e+01 
  66680  1.000   2  2012  294  21.19  56221.079  122.7  9.520e+00 
  66681  0.500   1  2012  294  21.65  56221.098  122.7  8.493e+00 
  66682  1.000   2  2012  294  22.30  56221.125  122.7  8.043e+00 
  66683  0.500   1  2012  294  22.72  56221.142  122.7  6.752e+00 
  66684  1.000   2  2012  294  23.18  56221.162  122.7  7.229e+00 
  66685  1.000   2  2012  294  23.79  56221.187  122.7  6.852e+00 
  66686  0.500   1  2012  295   0.21  56221.204  122.7  6.798e+00 
  66687  0.500   1  2012  295   0.72  56221.226  122.7  9.490e+00 
  66688  1.000   2  2012  295   1.14  56221.243  122.7  1.040e+01 
  66689  1.000   2  2012  295   1.75  56221.268  122.7  1.231e+01 
  66690  0.681   2  2012  295   2.27  56221.290  122.7  1.445e+01 
  66691  0.500   1  2012  295   2.75  56221.310  122.7  1.718e+01 
  66692  1.000   2  2012  295   3.25  56221.331  122.7  1.857e+01 
  66693  0.444   2  2012  295   3.77  56221.353  122.7  1.888e+01 
  66725  0.736   2  2012  295  19.87  56222.023  122.5  1.361e+01 
  66726  0.368   1  2012  295  20.31  56222.042  122.5  1.248e+01 
  66727  0.736   2  2012  295  20.70  56222.058  122.5  1.172e+01 
  66728  0.368   1  2012  295  21.09  56222.074  122.5  1.133e+01 
  66729  0.736   2  2012  295  21.65  56222.098  122.5  8.937e+00 
  66730  0.736   2  2012  295  22.22  56222.121  122.4  6.953e+00 
  66732  0.368   1  2012  295  23.35  56222.169  122.4  5.297e+00 
  66733  0.736   2  2012  295  23.74  56222.185  122.4  5.757e+00 
  66734  0.368   1  2012  296   0.12  56222.200  122.4  5.797e+00 
  66735  0.736   2  2012  296   0.62  56222.221  122.4  6.915e+00 
  66736  0.736   2  2012  296   1.24  56222.247  122.4  7.022e+00 
  66737  0.736   2  2012  296   1.80  56222.270  122.4  8.969e+00 
  66738  0.736   2  2012  296   2.35  56222.293  122.4  1.073e+01 
  66739  0.368   1  2012  296   2.84  56222.314  122.4  1.254e+01 
  66740  0.736   2  2012  296   3.24  56222.331  122.4  1.413e+01 
  66741  0.736   2  2012  296   3.75  56222.352  122.4  1.440e+01 
  66742  0.368   1  2012  296   4.07  56222.365  122.4  1.521e+01 
  66830  0.667   2  2012  298   0.27  56224.207  121.6  8.184e+00 
  66831  0.667   2  2012  298   0.66  56224.223  121.6  1.024e+01 
  67210  0.992   3  2012  305  22.25  56232.122  119.4  1.381e+01 
  67253  0.500   1  2012  306  19.78  56233.020  119.5  1.124e+01 
  67254  0.500   1  2012  306  20.04  56233.031  119.5  1.072e+01 
  67255  0.992   3  2012  306  20.74  56233.060  119.5  1.113e+01 
  67256  0.331   1  2012  306  21.11  56233.075  119.5  8.859e+00 
  67314  0.472   4  2012  308   2.28  56234.291  119.2  1.329e+01 
  67453  0.767   3  2012  310  23.73  56237.184  117.8  2.869e+01 
  67501  0.467   1  2012  311  23.90  56238.191  117.6  1.029e+01 
  67502  0.467   1  2012  312   0.16  56238.202  117.6  1.064e+01 
  67503  0.467   1  2012  312   0.91  56238.234  117.6  1.198e+01 
  67504  0.467   1  2012  312   1.17  56238.244  117.6  1.008e+01 
  67505  0.461   1  2012  312   1.92  56238.276  117.6  9.509e+00 
  67506  0.922   2  2012  312   2.31  56238.292  117.6  8.536e+00 
  67507  0.461   1  2012  312   2.70  56238.308  117.6  8.673e+00 
  67508  0.535   1  2012  312   3.47  56238.340  117.6  8.447e+00 
  67549  0.922   2  2012  312  23.66  56239.182  117.8  8.553e+00 
  67550  0.922   2  2012  313   0.18  56239.203  117.8  8.980e+00 
  67551  0.467   1  2012  313   0.78  56239.228  117.8  9.133e+00 
  67552  0.467   1  2012  313   1.05  56239.239  117.8  1.026e+01 
  67598  0.992   3  2012  314   0.20  56240.204  117.9  7.437e+00 
  67599  0.331   1  2012  314   0.57  56240.219  117.9  8.265e+00 
  67603  0.472   4  2012  314   2.69  56240.307  117.9  9.257e+00 
  67604  0.472   4  2012  314   3.29  56240.333  117.9  8.295e+00 
  67637  0.461   1  2012  314  19.88  56241.024  117.8  6.127e+00 
  67638  0.922   2  2012  314  20.27  56241.040  117.8  5.657e+00 
  67639  0.461   1  2012  314  20.66  56241.056  117.8  5.546e+00 
  67640  0.461   1  2012  314  21.33  56241.084  117.8  6.036e+00 
  67641  0.922   2  2012  314  21.72  56241.101  117.8  5.504e+00 
  67644  0.933   2  2012  314  23.36  56241.169  117.9  5.555e+00 
  67689  0.782   3  2012  315  21.81  56242.105  117.9  2.074e+01 
  67692  2.267   1  2012  315  23.12  56242.159  117.9  2.159e+01 
  67695  2.267   1  2012  316   0.57  56242.219  117.9  2.353e+01 
  67738  0.817   1  2012  316  22.31  56243.125  118.0  1.050e+01 
  67739  0.817   1  2012  316  22.73  56243.143  118.0  1.027e+01 
  67784  0.992   3  2012  317  21.23  56244.080  118.5  6.933e+00 
  67785  0.331   1  2012  317  21.60  56244.096  118.5  7.541e+00 
  67786  0.992   3  2012  317  22.25  56244.123  118.5  7.954e+00 
  67787  0.331   1  2012  317  22.62  56244.138  118.5  6.930e+00 
  67788  0.733   2  2012  317  23.32  56244.167  118.5  6.711e+00 
  67789  0.733   2  2012  317  23.75  56244.185  118.5  7.296e+00 
  67793  0.333   2  2012  318   1.90  56244.275  118.6  7.144e+00 
  67794  0.333   2  2012  318   2.16  56244.286  118.6  6.610e+00 
  67835  0.667   1  2012  318  22.75  56245.143  119.0  1.218e+01 
  67836  0.667   1  2012  318  23.11  56245.158  119.0  1.154e+01 
  67888  1.333   2  2012  320   1.26  56246.248  119.5  1.011e+01 
  67925  0.490   3  2012  320  19.90  56247.025  119.9  9.067e+00 
  67926  0.653   4  2012  320  20.32  56247.042  119.9  8.275e+00 
  67927  0.817   5  2012  320  20.79  56247.062  119.9  8.703e+00 
  67928  0.653   4  2012  320  21.26  56247.081  119.9  8.354e+00 
  67929  0.817   5  2012  320  21.73  56247.101  120.0  9.370e+00 
  67931  0.653   4  2012  320  22.82  56247.147  120.0  1.049e+01 
  67933  0.653   4  2012  320  23.77  56247.186  120.0  1.080e+01 
  67934  0.817   5  2012  321   0.23  56247.205  120.0  1.193e+01 
  67935  0.817   5  2012  321   0.78  56247.228  120.0  1.151e+01 
  67936  0.653   4  2012  321   1.29  56247.249  120.0  1.232e+01 
  67937  0.817   5  2012  321   1.74  56247.268  120.1  1.122e+01 
  67939  0.711   2  2012  321   2.89  56247.316  120.1  1.075e+01 
  67940  0.711   2  2012  321   3.30  56247.333  120.1  1.120e+01 
  67973  0.653   4  2012  321  19.73  56248.017  120.5  6.690e+00 
  67974  0.817   5  2012  321  20.27  56248.040  120.5  5.667e+00 
  67975  0.817   5  2012  321  20.76  56248.061  120.5  5.817e+00 
  67976  0.653   4  2012  321  21.26  56248.081  120.5  6.390e+00 
  67977  0.980   6  2012  321  21.75  56248.102  120.5  6.896e+00 
  67978  0.490   3  2012  321  22.39  56248.129  120.5  7.878e+00 
  67979  0.817   5  2012  321  22.79  56248.145  120.5  8.501e+00 
  67980  0.653   4  2012  321  23.26  56248.165  120.6  9.457e+00 
  67981  0.817   5  2012  321  23.73  56248.184  120.6  8.590e+00 
  67982  0.817   5  2012  322   0.25  56248.206  120.6  8.140e+00 
  67983  0.817   5  2012  322   0.77  56248.228  120.6  8.337e+00 
  67984  0.653   4  2012  322   1.23  56248.247  120.6  8.684e+00 
  67985  0.817   5  2012  322   1.71  56248.267  120.6  9.872e+00 
  67986  0.653   4  2012  322   2.16  56248.285  120.6  8.604e+00 
  67987  0.356   1  2012  322   2.81  56248.313  120.6  9.377e+00 
  67988  1.067   3  2012  322   3.22  56248.330  120.7  9.458e+00 
  68023  0.367   1  2012  322  20.95  56249.069  121.0  4.606e+00 
  68024  0.733   2  2012  322  21.27  56249.082  121.0  4.878e+00 
  68025  0.367   1  2012  322  21.59  56249.095  121.0  4.611e+00 
  68026  0.933   2  2012  322  22.21  56249.121  121.0  4.138e+00 
  68034  0.350   3  2012  323   2.34  56249.293  121.0  6.878e+00 
  68073  0.467   1  2012  323  21.93  56250.109  121.1  8.090e+00 
  68074  0.467   1  2012  323  22.19  56250.120  121.1  8.844e+00 
  68075  0.350   3  2012  323  22.81  56250.146  121.1  1.094e+01 
  68080  0.922   2  2012  324   1.29  56250.250  121.1  9.175e+00 
  68081  0.922   2  2012  324   1.81  56250.271  121.1  9.014e+00 
  68082  0.461   1  2012  324   2.42  56250.297  121.1  9.623e+00 
  68083  0.922   2  2012  324   2.81  56250.313  121.1  8.743e+00 
  68084  0.461   1  2012  324   3.20  56250.329  121.1  9.117e+00 
  68266  0.889   2  2012  327  22.26  56254.123  120.3  7.444e+00 
  68267  0.444   1  2012  327  22.65  56254.139  120.2  8.249e+00 
  68314  0.661   2  2012  328  22.29  56255.124  119.5  3.594e+00 
  68315  0.661   2  2012  328  22.66  56255.140  119.5  3.736e+00 
  68318  0.978   3  2012  329   0.22  56255.205  119.4  4.922e+00 
  68319  0.978   3  2012  329   0.74  56255.227  119.4  4.940e+00 
  68454  0.661   2  2012  331  20.32  56258.042  115.8  7.243e+00 
  68455  0.661   2  2012  331  20.69  56258.058  115.8  7.056e+00 
  68462  0.992   3  2012  332   0.22  56258.205  115.5  1.141e+01 
  68463  0.331   1  2012  332   0.59  56258.220  115.5  1.144e+01 
  68464  0.992   3  2012  332   1.26  56258.248  115.5  9.595e+00 
  68465  0.661   2  2012  332   1.79  56258.270  115.4  7.686e+00 
  68466  0.661   2  2012  332   2.23  56258.289  115.4  1.039e+01 
  68467  0.661   2  2012  332   2.71  56258.308  115.4  7.063e+00 
  68468  0.992   3  2012  332   3.28  56258.332  115.4  1.044e+01 
  68599  0.603   1  2012  334  20.69  56261.058  111.8  1.851e+00 
  68600  1.206   2  2012  334  21.20  56261.079  111.8  2.362e+00 
  68601  0.603   1  2012  334  21.71  56261.100  111.8  2.713e+00 
  68645  0.817   1  2012  335  19.80  56262.020  111.1  8.615e+00 
  68646  0.817   1  2012  335  20.23  56262.038  111.1  8.456e+00 
  68647  0.572   1  2012  335  20.94  56262.068  111.0  7.168e+00 
  68648  0.572   1  2012  335  21.28  56262.082  111.0  8.188e+00 
  68651  0.389   2  2012  335  22.61  56262.138  111.0  9.335e+00 
  68654  0.389   1  2012  336   0.45  56262.214  111.0  5.374e+00 
  68655  0.778   2  2012  336   0.77  56262.228  110.9  4.731e+00 
  68656  0.389   1  2012  336   1.09  56262.241  110.9  3.326e+00 
  68658  0.778   2  2012  336   2.29  56262.291  110.9  4.717e+00 
  68659  0.778   2  2012  336   2.71  56262.309  110.9  5.790e+00 
  68981  0.628   1  2012  342  19.93  56269.026  106.4  1.016e+01 
  68982  0.628   1  2012  342  20.28  56269.040  106.4  8.289e+00 
  68983  0.628   1  2012  342  20.80  56269.062  106.4  8.715e+00 
  68984  0.628   1  2012  342  21.14  56269.076  106.4  9.638e+00 
  68988  0.628   1  2012  342  23.27  56269.165  106.3  1.097e+01 
  68989  0.628   1  2012  342  23.61  56269.179  106.3  8.830e+00 
  68991  0.628   1  2012  343   0.84  56269.231  106.3  7.988e+00 
  68992  0.628   1  2012  343   1.18  56269.245  106.3  8.196e+00 
  68993  1.256   2  2012  343   1.78  56269.270  106.3  8.366e+00 
  68994  0.628   1  2012  343   2.40  56269.295  106.3  8.718e+00 
  68995  0.628   1  2012  343   2.74  56269.310  106.3  6.870e+00 
  68996  0.628   1  2012  343   3.25  56269.331  106.3  8.316e+00 
  68997  0.628   1  2012  343   3.59  56269.345  106.3  9.075e+00 
  69030  1.256   2  2012  343  20.28  56270.041  106.2  4.842e+00 
  69033  0.628   1  2012  343  21.73  56270.101  106.2  4.959e+00 
  69034  1.256   2  2012  343  22.24  56270.122  106.2  5.553e+00 
  69035  0.628   1  2012  343  22.76  56270.144  106.2  7.982e+00 
  69036  0.628   1  2012  343  23.22  56270.163  106.2  7.497e+00 
  69037  1.256   2  2012  343  23.77  56270.186  106.1  6.964e+00 
  69038  0.628   1  2012  344   0.31  56270.209  106.1  6.450e+00 
  69039  0.628   1  2012  344   0.80  56270.229  106.1  5.543e+00 
  69040  0.628   1  2012  344   1.15  56270.243  106.1  5.463e+00 
  69042  0.628   1  2012  344   2.36  56270.294  106.1  5.155e+00 
  69043  0.628   1  2012  344   2.70  56270.308  106.1  5.434e+00 
  69044  0.628   1  2012  344   3.20  56270.329  106.1  4.212e+00 
  69045  0.628   1  2012  344   3.54  56270.343  106.1  4.753e+00 
  69077  0.628   1  2012  344  19.71  56271.017  105.9  8.184e+00 
  69078  0.628   1  2012  344  20.06  56271.031  105.9  6.778e+00 
  69080  0.628   1  2012  344  21.27  56271.082  105.9  6.584e+00 
  69081  0.628   1  2012  344  21.61  56271.096  105.9  6.456e+00 
  69082  1.256   2  2012  344  22.29  56271.124  105.9  8.362e+00 
  69083  0.628   1  2012  344  22.80  56271.146  105.9  8.924e+00 
  69084  0.628   1  2012  344  23.14  56271.160  105.9  9.584e+00 
  69085  1.256   2  2012  344  23.75  56271.185  105.9  1.019e+01 
  69086  0.628   1  2012  345   0.34  56271.210  105.9  1.052e+01 
  69087  0.628   1  2012  345   0.68  56271.224  105.9  1.148e+01 
  69088  1.256   2  2012  345   1.30  56271.250  105.9  1.121e+01 
  69089  0.628   1  2012  345   1.87  56271.273  105.9  9.978e+00 
  69090  0.628   1  2012  345   2.21  56271.288  105.8  9.475e+00 
  69091  0.628   1  2012  345   2.69  56271.307  105.8  1.092e+01 
  69092  0.628   1  2012  345   3.03  56271.322  105.8  9.642e+00 
  69125  0.628   1  2012  345  19.85  56272.023  105.6  8.759e+00 
  69126  0.628   1  2012  345  20.19  56272.037  105.6  7.029e+00 
  69128  0.628   1  2012  345  21.37  56272.086  105.6  7.263e+00 
  69129  0.628   1  2012  345  21.71  56272.100  105.6  7.518e+00 
  69130  1.256   2  2012  345  22.33  56272.126  105.6  6.467e+00 
  69131  0.628   1  2012  345  22.89  56272.149  105.6  5.767e+00 
  69132  0.628   1  2012  345  23.23  56272.164  105.6  5.842e+00 
  69133  0.628   1  2012  345  23.67  56272.182  105.6  4.986e+00 
  69134  1.256   2  2012  346   0.22  56272.205  105.6  5.218e+00 
  69135  0.628   1  2012  346   0.76  56272.227  105.6  5.127e+00 
  69139  0.628   1  2012  346   2.85  56272.315  105.6  5.596e+00 
  69140  0.628   1  2012  346   3.20  56272.329  105.6  5.415e+00 
  69141  1.256   2  2012  346   3.82  56272.355  105.6  1.054e+01 
  69176  0.922   2  2012  346  21.20  56273.079  105.5  5.729e+00 
  69177  0.461   1  2012  346  21.59  56273.095  105.5  6.942e+00 
  69178  0.472   4  2012  346  22.35  56273.127  105.5  8.540e+00 
  69185  0.922   2  2012  347   1.69  56273.266  105.5  7.185e+00 
  69186  0.922   2  2012  347   2.21  56273.288  105.5  7.268e+00 
  69223  0.667   2  2012  347  20.63  56274.055  105.4  8.079e+00 
  69231  0.444   1  2012  348   0.58  56274.220  105.4  9.735e+00 
  69232  0.889   2  2012  348   1.17  56274.244  105.4  8.903e+00 
  69233  0.444   1  2012  348   1.55  56274.260  105.4  1.263e+01 
  69273  0.950   2  2012  348  21.77  56275.103  105.3  9.155e+00 
  69274  0.950   2  2012  348  22.30  56275.125  105.3  8.432e+00 
  69326  0.789   1  2012  350   0.21  56276.204  105.2  5.571e+00 
  69327  0.789   1  2012  350   0.63  56276.222  105.2  5.517e+00 
  69419  0.667   1  2012  351  22.65  56278.139  105.6  8.520e+00 
  69420  0.667   1  2012  351  23.01  56278.154  105.6  8.555e+00 
  69464  0.950   2  2012  352  21.14  56279.077  106.0  5.029e+00 
  69466  0.950   2  2012  352  22.19  56279.120  106.0  6.084e+00 
  69467  0.950   2  2012  352  22.72  56279.142  106.0  8.231e+00 
  69469  0.444   1  2012  352  23.96  56279.194  106.1  8.832e+00 
  69470  0.889   2  2012  353   0.34  56279.210  106.1  8.452e+00 
  69471  0.444   1  2012  353   0.73  56279.226  106.1  7.971e+00 
  69522  0.933   2  2012  354   2.30  56280.291  106.8  4.417e+00 
  69567  0.467   1  2012  355   0.96  56281.236  107.5  1.043e+01 
  69568  0.467   1  2012  355   1.22  56281.247  107.5  1.014e+01 
  69569  0.922   2  2012  355   1.86  56281.273  107.6  1.029e+01 
  69570  0.461   1  2012  355   2.25  56281.289  107.6  1.012e+01 
  69615  0.535   1  2012  356   0.77  56282.227  108.4  6.718e+00 
  69617  0.933   2  2012  356   1.73  56282.268  108.5  6.118e+00 
  69618  0.461   1  2012  356   2.43  56282.297  108.5  5.880e+00 
  69619  0.922   2  2012  356   2.82  56282.313  108.5  5.378e+00 
  69620  0.461   1  2012  356   3.21  56282.329  108.5  4.811e+00 
  69661  0.535   1  2012  356  23.91  56283.192  109.6  5.704e+00 
  69665  0.461   1  2012  357   1.82  56283.271  109.8  8.420e+00 
  69666  0.922   2  2012  357   2.21  56283.288  109.8  7.695e+00 
  69667  0.461   1  2012  357   2.60  56283.304  109.8  6.554e+00 
  69799  0.667   1  2012  359  20.65  56286.056  113.8  5.134e+00 
  69800  0.667   1  2012  359  21.01  56286.071  113.8  5.206e+00 
  69801  1.333   2  2012  359  21.68  56286.099  113.9  6.598e+00 
  70098  0.667   1  2012  366   2.17  56292.286  124.7  4.488e+00 
  70099  0.667   1  2012  366   2.54  56292.301  124.7  5.287e+00 
  70135  0.650   3  2012  366  20.74  56293.060  125.8  3.790e+00 
  70136  0.867   4  2012  366  21.20  56293.079  125.8  3.620e+00 
  70138  0.889   2  2012  366  22.14  56293.118  125.9  5.996e+00 
  70139  0.444   1  2012  366  22.53  56293.134  125.9  6.323e+00 
  70140  0.535   1  2012  366  23.28  56293.166  125.9  9.124e+00 
  70184  0.867   4  2013    1  21.29  56294.082  127.1  6.073e+00 
  70185  0.867   4  2013    1  21.81  56294.104  127.1  6.264e+00 
  70187  0.889   2  2013    1  22.73  56294.143  127.1  5.343e+00 
  70188  0.444   1  2013    1  23.11  56294.159  127.1  7.002e+00 
  70231  2.267   1  2013    2  20.94  56295.068  128.0  5.393e+00 
  70234  0.889   2  2013    2  22.29  56295.124  128.0  8.271e+00 
  70235  0.889   2  2013    2  22.80  56295.146  128.0  8.564e+00 
  70470  0.331   1  2013    7  20.35  56300.044  128.4  4.622e+00 
  70471  0.992   3  2013    7  20.72  56300.059  128.4  4.828e+00 
  70481  0.503   1  2013    8   1.94  56300.277  128.3  4.662e+00 
  70482  0.503   1  2013    8   2.23  56300.288  128.3  4.724e+00 
  70483  1.006   2  2013    8   2.65  56300.306  128.3  4.195e+00 
  70518  0.661   2  2013    8  20.33  56301.043  128.2  1.063e+01 
  70519  0.661   2  2013    8  20.70  56301.058  128.2  9.491e+00 
  70529  0.503   1  2013    9   1.98  56301.278  128.2  1.109e+01 
  70530  0.503   1  2013    9   2.26  56301.290  128.2  1.191e+01 
  70531  1.006   2  2013    9   2.68  56301.307  128.2  9.867e+00 
  70772  0.461   1  2013   14   3.30  56306.333  127.5  1.080e+01 
  70773  0.922   2  2013   14   3.69  56306.349  127.5  1.070e+01 
  70774  0.461   1  2013   14   4.08  56306.365  127.4  8.891e+00 
  70806  0.782   3  2013   14  20.26  56307.040  127.0  4.192e+00 
  70817  1.000   2  2013   15   1.80  56307.271  126.9  9.003e+00 
  70818  1.000   2  2013   15   2.36  56307.294  126.9  8.878e+00 
  70819  0.500   1  2013   15   2.91  56307.317  126.8  7.960e+00 
  70820  1.000   2  2013   15   3.32  56307.334  126.8  8.216e+00 
  70821  0.500   1  2013   15   3.74  56307.351  126.8  8.495e+00 
  71252  1.328   1  2013   24   3.46  56316.340  113.9  5.407e+00 
  71254  1.328   1  2013   24   4.17  56316.369  113.8  6.440e+00 
  71297  1.328   1  2013   25   1.95  56317.277  111.6  5.194e+00 
  71299  1.328   1  2013   25   2.67  56317.307  111.5  5.010e+00 
  71301  1.328   1  2013   25   3.53  56317.343  111.4  5.604e+00 
  71302  1.328   1  2013   25   4.25  56317.372  111.3  7.535e+00 
  71335  0.433   2  2013   25  20.86  56318.065  109.6  1.701e+00 
  71336  0.867   4  2013   25  21.25  56318.081  109.6  1.968e+00 
  71350  0.603   1  2013   26   4.21  56318.371  109.0  2.110e+00 
  71526  0.433   2  2013   29  20.43  56322.047  103.0  1.625e+01 
  71527  0.650   3  2013   29  20.75  56322.060  103.0  1.144e+01 
  71528  0.650   3  2013   29  21.14  56322.076  103.0  1.246e+01 
  71575  0.867   4  2013   30  20.75  56323.060  101.8  1.459e+00 
  71623  0.417   5  2013   31  20.78  56324.061  101.1  5.078e+00 
  71629  0.433   2  2013   31  23.88  56324.191  101.1  3.555e+00 
  71630  0.867   4  2013   32   0.27  56324.207  101.0  3.501e+00 
  71631  0.433   2  2013   32   0.66  56324.223  101.0  2.945e+00 
  71671  0.583   3  2013   32  20.84  56325.064  100.7  3.183e+00 
  71673  0.433   2  2013   32  21.92  56325.109  100.7  3.443e+00 
  71674  0.650   3  2013   32  22.25  56325.123  100.6  3.489e+00 
  71675  0.650   3  2013   32  22.64  56325.139  100.6  3.294e+00 
  71776  1.633   1  2013   35   1.06  56327.240  100.4  8.921e+00 
  71821  0.389   2  2013   35  23.62  56328.180  100.3  2.599e+00 
  71823  0.679   2  2013   36   0.76  56328.227  100.3  2.972e+00 
  71824  0.679   2  2013   36   1.20  56328.245  100.3  4.137e+00 
  71960  0.778   4  2013   38  21.25  56331.081  101.0  1.630e+01 
  72007  0.938   3  2013   39  20.69  56332.058  101.3  3.753e+00 
  72012  0.626   2  2013   39  23.18  56332.162  101.3  7.229e+00 
  72054  0.938   3  2013   40  20.30  56333.041  101.5  2.595e+00 
  72055  0.938   3  2013   40  20.83  56333.063  101.5  2.480e+00 
  72069  0.626   2  2013   41   3.90  56333.358  101.6  5.779e+00 
  72070  0.626   2  2013   41   4.25  56333.373  101.6  6.057e+00 
  72071  0.626   2  2013   41   4.60  56333.387  101.6  7.233e+00 
  72104  0.626   2  2013   41  21.31  56334.083  101.6  5.845e+00 
  72105  0.938   3  2013   41  21.74  56334.102  101.6  5.364e+00 
  72106  0.626   2  2013   41  22.29  56334.124  101.6  5.251e+00 
  72107  0.626   2  2013   41  22.75  56334.143  101.6  5.367e+00 
  72108  0.938   3  2013   41  23.18  56334.162  101.6  5.008e+00 
  72114  0.626   2  2013   42   2.39  56334.295  101.6  5.111e+00 
  72115  0.938   3  2013   42   2.82  56334.313  101.6  5.003e+00 
  72118  0.626   2  2013   42   4.35  56334.377  101.6  4.744e+00 
  72119  0.626   2  2013   42   4.70  56334.392  101.6  6.669e+00 
  72201  0.667   2  2013   43  21.73  56336.101  101.6  7.328e+00 
  72202  0.667   2  2013   43  22.29  56336.124  101.6  7.956e+00 
  72203  0.667   2  2013   43  22.67  56336.140  101.6  8.899e+00 
  72204  0.503   1  2013   43  23.24  56336.164  101.6  7.945e+00 
  72205  1.006   2  2013   43  23.66  56336.181  101.6  8.100e+00 
  72206  0.503   1  2013   44   0.08  56336.199  101.6  9.070e+00 
  72212  0.958   1  2013   44   3.00  56336.321  101.6  1.126e+01 
  72213  0.667   2  2013   44   3.78  56336.353  101.6  1.196e+01 
  72214  0.667   2  2013   44   4.15  56336.369  101.6  1.254e+01 
  72246  1.069   2  2013   44  20.24  56337.039  101.7  6.023e+00 
  72247  1.069   2  2013   44  20.83  56337.064  101.7  5.775e+00 
  72248  0.535   1  2013   44  21.42  56337.088  101.7  6.428e+00 
  72249  0.535   1  2013   44  21.72  56337.101  101.7  6.840e+00 
  72250  1.069   2  2013   44  22.17  56337.119  101.7  6.067e+00 
  72251  0.646   1  2013   44  22.78  56337.145  101.7  5.865e+00 
  72252  1.292   2  2013   44  23.31  56337.167  101.7  5.930e+00 
  72253  0.646   1  2013   44  23.84  56337.189  101.7  6.235e+00 
  72255  0.646   1  2013   45   0.93  56337.234  101.7  6.300e+00 
  72256  0.646   1  2013   45   1.28  56337.249  101.7  6.880e+00 
  72257  1.292   2  2013   45   1.81  56337.271  101.7  7.936e+00 
  72258  0.535   1  2013   45   2.45  56337.298  101.7  9.416e+00 
  72259  0.535   1  2013   45   2.75  56337.310  101.7  9.632e+00 
  72260  1.069   2  2013   45   3.19  56337.329  101.7  8.882e+00 
  72261  0.701   1  2013   45   3.84  56337.355  101.7  8.890e+00 
  72262  0.701   1  2013   45   4.22  56337.371  101.7  9.325e+00 
  72297  0.535   1  2013   45  21.91  56338.108  101.7  6.262e+00 
  72298  0.535   1  2013   45  22.21  56338.121  101.7  6.230e+00 
  72304  1.069   2  2013   46   1.15  56338.244  101.8  5.098e+00 
  72305  1.069   2  2013   46   1.75  56338.268  101.8  5.847e+00 
  72306  0.535   1  2013   46   2.33  56338.292  101.8  6.779e+00 
  72307  0.535   1  2013   46   2.62  56338.305  101.8  6.926e+00 
  72343  0.867   4  2013   46  20.73  56339.059  101.8  5.967e+00 
  72344  0.867   4  2013   46  21.25  56339.081  101.8  5.247e+00 
  72353  0.401   1  2013   47   1.67  56339.265  101.9  3.382e+00 
  72354  0.767   2  2013   47   2.33  56339.293  101.9  3.292e+00 
  72355  0.767   2  2013   47   2.79  56339.312  101.9  3.005e+00 
  72356  0.767   2  2013   47   3.37  56339.336  101.9  2.951e+00 
  72357  0.767   2  2013   47   3.83  56339.355  101.9  3.273e+00 
  72358  0.383   1  2013   47   4.29  56339.374  101.9  3.104e+00 
  72359  0.767   2  2013   47   4.63  56339.389  101.9  3.651e+00 
  72391  0.679   2  2013   47  20.70  56340.058  101.9  4.646e+00 
  72392  0.679   2  2013   47  21.14  56340.076  101.9  4.898e+00 
  72394  1.333   2  2013   47  22.21  56340.121  101.9  4.921e+00 
  72395  0.667   1  2013   47  22.75  56340.143  101.9  5.046e+00 
  72396  0.667   1  2013   47  23.11  56340.158  101.9  4.955e+00 
  72968  0.867   4  2013   59  21.29  56352.083  108.0  5.038e+00 
  72969  0.650   3  2013   59  21.74  56352.101  108.0  5.888e+00 
  73013  0.389   2  2013   60  19.88  56353.024  108.8  6.921e+00 
  73014  0.583   3  2013   60  20.23  56353.038  108.8  6.592e+00 
  73015  0.411   2  2013   60  20.76  56353.060  108.9  7.082e+00 
  73016  0.650   3  2013   60  21.24  56353.080  108.9  6.682e+00 
  73017  0.867   4  2013   60  21.70  56353.100  108.9  6.096e+00 
  73018  0.433   2  2013   60  22.37  56353.128  108.9  6.068e+00 
  73019  0.867   4  2013   60  22.76  56353.144  108.9  6.525e+00 
  73020  0.433   2  2013   60  23.15  56353.160  108.9  6.874e+00 
  73021  0.650   3  2013   60  23.75  56353.185  108.9  6.725e+00 
  73022  0.867   4  2013   61   0.21  56353.204  109.0  6.346e+00 
  73061  0.339   1  2013   61  19.87  56354.024  109.6  5.907e+00 
  73062  0.679   2  2013   61  20.20  56354.037  109.6  5.809e+00 
  73063  0.534   2  2013   61  20.68  56354.057  109.6  5.463e+00 
  73064  0.583   3  2013   61  21.22  56354.080  109.7  5.235e+00 
  73065  0.389   2  2013   61  21.58  56354.095  109.7  5.084e+00 
  73108  0.339   1  2013   62  19.39  56355.004  110.4  1.365e+01 
  73109  0.339   1  2013   62  19.61  56355.013  110.4  1.101e+01 
  73111  0.467   1  2013   62  20.89  56355.066  110.4  8.162e+00 
  73112  0.467   1  2013   62  21.16  56355.077  110.5  7.215e+00 
  73123  0.933   2  2013   63   2.66  56355.306  110.6  4.567e+00 
  73124  0.800   1  2013   63   3.47  56355.340  110.7  4.771e+00 
  73125  0.800   1  2013   63   3.88  56355.357  110.7  4.970e+00 
  73127  0.550   3  2013   63   4.63  56355.388  110.7  5.147e+00 
  73161  0.336   1  2013   63  21.86  56356.106  111.1  9.619e+00 
  73162  0.672   2  2013   63  22.18  56356.120  111.1  9.089e+00 
  73163  0.672   2  2013   63  22.74  56356.143  111.2  9.223e+00 
  73164  0.672   2  2013   63  23.29  56356.166  111.2  8.860e+00 
  73165  0.336   1  2013   63  23.62  56356.180  111.2  8.547e+00 
  73166  1.333   2  2013   64   0.25  56356.206  111.2  7.827e+00 
  73167  0.667   1  2013   64   0.79  56356.229  111.2  7.583e+00 
  73168  0.667   1  2013   64   1.15  56356.244  111.2  7.331e+00 
  73169  0.922   2  2013   64   1.87  56356.273  111.2  7.847e+00 
  73170  0.461   1  2013   64   2.25  56356.290  111.2  6.920e+00 
  73171  0.461   1  2013   64   2.51  56356.300  111.2  6.844e+00 
  73172  1.000   3  2013   64   3.20  56356.329  111.2  7.177e+00 
  73173  0.333   1  2013   64   3.57  56356.344  111.2  7.181e+00 
  73174  1.000   3  2013   64   4.19  56356.370  111.2  6.743e+00 
  73175  0.333   1  2013   64   4.56  56356.386  111.2  7.048e+00 
  73215  0.922   2  2013   65   0.73  56357.226  111.3  5.271e+00 
  73216  0.922   2  2013   65   1.25  56357.248  111.3  5.394e+00 
  73217  0.461   1  2013   65   1.92  56357.276  111.3  5.935e+00 
  73218  0.922   2  2013   65   2.31  56357.292  111.3  5.911e+00 
  73219  0.461   1  2013   65   2.70  56357.308  111.3  6.174e+00 
  73220  0.922   2  2013   65   3.37  56357.336  111.3  6.761e+00 
  73221  0.461   1  2013   65   3.76  56357.352  111.3  6.844e+00 
  73222  0.461   1  2013   65   4.02  56357.363  111.3  5.939e+00 
  73260  0.333   1  2013   65  23.31  56358.167  111.3  5.986e+00 
  73261  1.000   3  2013   65  23.70  56358.183  111.3  5.642e+00 
  73263  1.519   2  2013   66   0.79  56358.229  111.3  5.062e+00 
  73358  0.500   1  2013   68   0.42  56360.213  111.3  7.692e+00 
  73359  0.500   1  2013   68   0.70  56360.225  111.4  6.909e+00 
  73360  1.000   2  2013   68   1.25  56360.248  111.4  6.324e+00 
  73361  0.500   1  2013   68   1.81  56360.271  111.4  7.097e+00 
  73362  0.500   1  2013   68   2.09  56360.283  111.4  6.869e+00 
  73363  1.000   2  2013   68   2.79  56360.312  111.4  7.563e+00 
  73364  0.511   2  2013   68   3.37  56360.336  111.4  8.957e+00 
  73365  0.511   2  2013   68   3.68  56360.349  111.4  8.754e+00 
  73398  0.350   3  2013   68  20.37  56361.044  111.4  9.504e+00 
  73406  1.006   2  2013   69   0.28  56361.207  111.5  8.631e+00 
  73407  1.006   2  2013   69   0.84  56361.231  111.5  8.009e+00 
  73446  0.350   3  2013   69  20.19  56362.037  111.6  1.382e+01 
  73459  0.667   2  2013   70   2.74  56362.310  111.6  8.476e+00 
  73460  0.667   2  2013   70   3.13  56362.326  111.6  7.522e+00 
  73461  0.667   2  2013   70   3.81  56362.354  111.6  6.786e+00 
  73462  0.667   2  2013   70   4.20  56362.370  111.6  7.059e+00 
  73494  0.679   2  2013   70  20.20  56363.037  111.6  1.167e+01 
  73495  0.679   2  2013   70  20.63  56363.055  111.6  1.107e+01 
  73590  0.600   3  2013   72  20.25  56365.039  111.1  9.088e+00 
  73591  0.600   3  2013   72  20.68  56365.057  111.1  9.596e+00 
  73592  0.600   3  2013   72  21.15  56365.077  111.1  9.147e+00 
  73593  0.800   4  2013   72  21.70  56365.100  111.1  9.711e+00 
  73594  0.400   2  2013   72  22.40  56365.129  111.1  6.655e+00 
  73595  0.800   4  2013   72  22.79  56365.145  111.1  6.726e+00 
  73596  0.600   3  2013   72  23.35  56365.169  111.0  6.877e+00 
  73597  0.600   3  2013   72  23.75  56365.185  111.0  7.346e+00 
  73598  0.400   2  2013   73   0.07  56365.199  111.0  7.787e+00 
  73599  0.600   3  2013   73   0.77  56365.228  111.0  8.259e+00 
  73600  0.400   2  2013   73   1.22  56365.247  111.0  8.730e+00 
  73601  0.800   4  2013   73   1.70  56365.266  111.0  6.603e+00 
  73602  0.400   2  2013   73   2.20  56365.287  111.0  7.416e+00 
  73603  0.800   4  2013   73   2.71  56365.308  111.0  9.030e+00 
  73607  0.500   3  2013   73   4.68  56365.390  111.0  1.114e+01 
  73637  0.889   2  2013   73  19.71  56366.017  110.7  1.353e+01 
  73638  1.017   1  2013   73  20.36  56366.044  110.7  1.546e+01 
  73639  0.861   1  2013   73  20.85  56366.064  110.7  1.743e+01 
  73641  1.017   1  2013   73  21.52  56366.092  110.7  1.625e+01 
  73642  1.283   2  2013   73  22.14  56366.118  110.6  1.426e+01 
  73643  0.800   3  2013   73  22.79  56366.145  110.6  1.363e+01 
  73645  1.144   2  2013   73  23.65  56366.181  110.6  1.409e+01 
  73646  0.400   2  2013   74   0.35  56366.210  110.6  1.558e+01 
  73647  0.800   4  2013   74   0.74  56366.226  110.6  1.320e+01 
  73648  0.400   2  2013   74   1.40  56366.254  110.6  1.328e+01 
  73649  0.600   3  2013   74   1.75  56366.269  110.6  1.358e+01 
  73650  0.800   4  2013   74   2.26  56366.290  110.6  1.196e+01 
  73652  0.600   3  2013   74   3.34  56366.335  110.5  1.166e+01 
  73653  0.600   3  2013   74   3.73  56366.351  110.5  1.169e+01 
  73654  0.400   4  2013   74   4.18  56366.370  110.5  1.471e+01 
  73684  0.444   1  2013   74  19.40  56367.004  110.3  1.917e+01 
  73685  0.444   1  2013   74  19.66  56367.015  110.3  1.813e+01 
  73686  1.017   1  2013   74  20.20  56367.037  110.3  1.939e+01 
  73687  1.017   1  2013   74  20.73  56367.059  110.3  1.868e+01 
  73689  0.958   1  2013   74  21.65  56367.098  110.3  1.421e+01 
  73690  0.958   1  2013   74  22.16  56367.119  110.3  1.177e+01 
  73691  0.958   1  2013   74  22.77  56367.144  110.3  1.018e+01 
  73692  0.958   1  2013   74  23.28  56367.166  110.3  1.057e+01 
  73693  0.478   2  2013   74  23.80  56367.187  110.3  9.588e+00 
  73695  0.800   3  2013   75   0.65  56367.223  110.3  6.548e+00 
  73696  1.067   4  2013   75   1.27  56367.248  110.3  5.881e+00 
  73698  0.800   3  2013   75   2.17  56367.286  110.3  4.563e+00 
  73699  0.800   3  2013   75   2.72  56367.309  110.2  5.424e+00 
  73700  0.533   2  2013   75   3.26  56367.331  110.2  5.579e+00 
  73701  0.800   3  2013   75   3.79  56367.354  110.2  5.947e+00 
  73702  0.533   2  2013   75   4.32  56367.376  110.2  6.408e+00 
  73703  0.600   3  2013   75   4.66  56367.390  110.2  7.554e+00 
  73733  0.647   1  2013   75  19.71  56368.017  110.2  9.081e+00 
  73734  1.294   2  2013   75  20.24  56368.039  110.1  7.989e+00 
  73735  0.647   1  2013   75  20.78  56368.061  110.1  8.112e+00 
  73736  0.647   1  2013   75  21.24  56368.080  110.1  7.952e+00 
  73737  1.294   2  2013   75  21.77  56368.103  110.1  7.143e+00 
  73738  0.647   1  2013   75  22.30  56368.125  110.1  6.922e+00 
  73739  0.647   1  2013   75  22.89  56368.149  110.1  6.533e+00 
  73740  0.647   1  2013   75  23.23  56368.164  110.1  6.026e+00 
  73741  1.294   2  2013   75  23.78  56368.187  110.1  5.451e+00 
  73743  1.294   2  2013   76   0.68  56368.224  110.1  4.922e+00 
  73744  0.647   1  2013   76   1.22  56368.247  110.1  4.866e+00 
  73745  0.647   1  2013   76   1.57  56368.261  110.1  4.551e+00 
  73746  0.647   1  2013   76   2.24  56368.289  110.1  5.127e+00 
  73747  1.294   2  2013   76   2.77  56368.311  110.1  5.991e+00 
  73748  0.647   1  2013   76   3.30  56368.333  110.1  6.878e+00 
  73749  0.647   1  2013   76   3.77  56368.353  110.1  8.729e+00 
  73750  1.294   2  2013   76   4.30  56368.375  110.1  9.463e+00 
  73751  0.647   1  2013   76   4.83  56368.397  110.1  9.523e+00 
  73781  1.294   2  2013   76  19.74  56369.018  110.1  1.166e+01 
  73782  0.647   1  2013   76  20.29  56369.041  110.1  9.946e+00 
  73783  0.647   1  2013   76  20.63  56369.055  110.1  1.007e+01 
  73784  1.294   2  2013   76  21.26  56369.082  110.1  1.014e+01 
  73785  0.647   1  2013   76  21.81  56369.104  110.1  1.025e+01 
  73786  0.647   1  2013   76  22.15  56369.119  110.1  1.107e+01 
  73787  0.647   1  2013   76  22.79  56369.145  110.1  1.099e+01 
  73788  0.647   1  2013   76  23.13  56369.159  110.1  1.006e+01 
  73789  1.294   2  2013   76  23.68  56369.182  110.1  9.356e+00 
  73790  0.647   1  2013   77   0.33  56369.209  110.1  8.932e+00 
  73791  0.647   1  2013   77   0.67  56369.224  110.1  8.929e+00 
  73792  1.294   2  2013   77   1.22  56369.246  110.1  9.597e+00 
  73794  1.294   2  2013   77   2.19  56369.287  110.1  8.221e+00 
  73795  0.647   1  2013   77   2.74  56369.310  110.1  9.474e+00 
  73796  0.647   1  2013   77   3.08  56369.324  110.1  9.666e+00 
  73797  1.294   2  2013   77   3.70  56369.350  110.1  1.011e+01 
  73798  0.647   1  2013   77   4.25  56369.373  110.1  9.437e+00 
  73799  0.647   1  2013   77   4.59  56369.387  110.1  1.026e+01 
  73828  0.500   1  2013   77  19.46  56370.007  110.1  1.145e+01 
  73829  0.500   1  2013   77  19.74  56370.018  110.1  1.095e+01 
  73830  1.000   2  2013   77  20.16  56370.035  110.1  1.033e+01 
  73831  1.000   2  2013   77  20.81  56370.063  110.1  9.940e+00 
  73832  0.500   1  2013   77  21.23  56370.080  110.1  9.405e+00 
  73833  0.500   1  2013   77  21.51  56370.092  110.1  1.010e+01 
  73834  1.000   2  2013   77  22.33  56370.126  110.1  8.579e+00 
  73835  0.500   1  2013   77  22.75  56370.143  110.1  8.347e+00 
  73836  0.500   1  2013   77  23.03  56370.155  110.1  8.386e+00 
  73838  1.000   2  2013   78   0.18  56370.203  110.2  7.608e+00 
  73839  1.000   2  2013   78   0.74  56370.227  110.2  7.255e+00 
  73842  1.000   2  2013   78   2.19  56370.287  110.2  6.551e+00 
  73843  1.000   2  2013   78   2.75  56370.310  110.2  7.632e+00 
  73845  0.500   1  2013   78   3.88  56370.357  110.2  9.382e+00 
  73846  1.000   2  2013   78   4.30  56370.375  110.2  8.853e+00 
  73847  0.500   1  2013   78   4.72  56370.392  110.2  9.986e+00 
  73877  1.000   2  2013   78  19.73  56371.017  110.3  1.638e+01 
  73878  1.000   2  2013   78  20.28  56371.040  110.3  1.533e+01 
  73880  0.500   1  2013   78  21.47  56371.090  110.3  1.414e+01 
  73881  0.500   1  2013   78  21.75  56371.102  110.3  1.513e+01 
  73882  1.000   2  2013   78  22.17  56371.119  110.3  1.420e+01 
  73885  0.500   1  2013   78  23.91  56371.192  110.3  6.909e+00 
  73886  1.000   2  2013   79   0.32  56371.209  110.3  6.229e+00 
  73887  0.500   1  2013   79   0.74  56371.226  110.3  5.793e+00 
  73888  0.500   1  2013   79   1.35  56371.252  110.4  4.982e+00 
  73889  0.500   1  2013   79   1.63  56371.264  110.4  4.920e+00 
  73890  1.000   1  2013   79   2.25  56371.289  110.4  4.643e+00 
  73891  1.000   1  2013   79   2.77  56371.311  110.4  4.889e+00 
  73925  1.000   2  2013   79  19.76  56372.019  110.7  1.323e+01 
  73926  1.000   2  2013   79  20.31  56372.042  110.7  1.426e+01 
  73928  0.333   1  2013   79  21.39  56372.087  110.7  1.375e+01 
  73929  0.500   1  2013   79  21.73  56372.101  110.7  1.486e+01 
  73930  0.333   1  2013   79  22.06  56372.115  110.7  1.581e+01 
  73931  1.000   2  2013   79  22.76  56372.144  110.7  1.603e+01 
  73932  1.000   2  2013   79  23.31  56372.167  110.7  1.555e+01 
  73935  0.806  10  2013   80   0.74  56372.226  110.8  1.485e+01 
  73936  0.644   8  2013   80   1.28  56372.249  110.8  1.380e+01 
  73937  0.725   9  2013   80   1.76  56372.269  110.8  1.474e+01 
  73938  0.483   6  2013   80   2.15  56372.285  110.8  1.533e+01 
  73978  0.778   4  2013   80  22.24  56373.122  111.3  1.430e+01 
  73986  0.533   2  2013   81   2.27  56373.290  111.4  1.150e+01 
  73988  0.800   3  2013   81   3.24  56373.331  111.4  1.283e+01 
  74308  0.336   1  2013   87  19.32  56380.000  116.6  9.742e+00 
  74309  1.008   3  2013   87  19.75  56380.018  116.6  8.800e+00 
  74356  0.467   1  2013   88  19.38  56381.003  117.2  1.483e+01 
  74357  0.467   1  2013   88  19.64  56381.014  117.2  1.419e+01 
  74361  0.978   3  2013   88  21.75  56381.102  117.2  1.034e+01 
  74362  0.652   2  2013   88  22.19  56381.120  117.2  1.103e+01 
  74363  0.652   2  2013   88  22.86  56381.148  117.3  1.049e+01 
  74364  0.978   3  2013   88  23.29  56381.166  117.3  9.576e+00 
  74405  1.667   1  2013   89  19.74  56382.018  117.6  1.650e+01 
  74408  0.389   1  2013   89  21.32  56382.084  117.6  1.176e+01 
  74409  1.167   3  2013   89  21.75  56382.102  117.6  1.136e+01 
  74412  0.628   4  2013   89  23.20  56382.162  117.6  1.200e+01 
  74453  1.667   1  2013   90  19.70  56383.016  117.7  1.426e+01 
  74457  0.628   4  2013   90  21.76  56383.102  117.7  1.878e+01 
  74460  0.490   2  2013   90  23.33  56383.168  117.7  1.586e+01 
  74461  0.333   1  2013   90  23.63  56383.180  117.7  1.409e+01 
  74465  0.628   4  2013   91   1.70  56383.266  117.7  1.809e+01 
  74554  0.461   1  2013   92  22.36  56385.127  117.9  1.280e+01 
  74555  0.922   2  2013   92  22.75  56385.143  117.9  1.518e+01 
  74556  0.461   1  2013   92  23.14  56385.160  117.9  1.664e+01 
  74559  0.461   1  2013   93   0.90  56385.233  118.0  1.945e+01 
  74560  0.922   2  2013   93   1.29  56385.249  118.0  2.084e+01 
  74561  0.461   1  2013   93   1.68  56385.265  118.0  2.037e+01 
  74562  0.461   1  2013   93   2.25  56385.289  118.0  2.212e+01 
  74563  0.922   2  2013   93   2.64  56385.305  118.0  2.431e+01 
  74564  0.461   1  2013   93   3.02  56385.322  118.0  2.708e+01 
  74565  1.000   2  2013   93   3.86  56385.356  118.0  2.599e+01 
  74566  0.500   1  2013   93   4.27  56385.374  118.0  2.571e+01 
  74567  0.500   1  2013   93   4.55  56385.385  118.0  2.497e+01 
  74597  0.569   5  2013   93  19.74  56386.018  118.2  1.901e+01 
  74598  0.564   3  2013   93  20.24  56386.039  118.2  1.924e+01 
  74599  1.008   3  2013   93  20.77  56386.061  118.2  1.965e+01 
  74600  0.672   2  2013   93  21.27  56386.082  118.2  2.198e+01 
  74601  0.336   1  2013   93  21.79  56386.104  118.2  2.056e+01 
  74602  1.008   3  2013   93  22.22  56386.122  118.2  1.854e+01 
  74605  0.342   3  2013   93  23.89  56386.191  118.2  1.719e+01 
  74606  0.342   3  2013   94   0.15  56386.202  118.2  2.013e+01 
  74607  0.569   5  2013   94   0.81  56386.229  118.2  2.123e+01 
  74609  0.569   5  2013   94   1.75  56386.269  118.2  2.176e+01 
  74610  0.342   3  2013   94   2.10  56386.283  118.2  1.957e+01 
  74613  0.453   3  2013   94   3.81  56386.354  118.2  1.667e+01 
  74614  1.008   3  2013   94   4.28  56386.374  118.2  1.604e+01 
  74615  0.672   2  2013   94   4.78  56386.395  118.2  1.601e+01 
  74644  0.336   1  2013   94  19.41  56387.004  118.3  1.712e+01 
  74645  0.672   2  2013   94  19.71  56387.017  118.3  1.639e+01 
  74646  0.336   1  2013   94  20.01  56387.029  118.3  1.771e+01 
  74649  0.683   6  2013   94  21.72  56387.101  118.3  1.462e+01 
  74652  0.336   1  2013   94  23.41  56387.171  118.3  1.551e+01 
  74653  0.672   2  2013   94  23.71  56387.184  118.3  1.585e+01 
  74654  0.336   1  2013   95   0.01  56387.196  118.3  1.502e+01 
  74656  0.358   3  2013   95   1.41  56387.254  118.4  1.585e+01 
  74657  0.358   3  2013   95   1.68  56387.266  118.4  1.866e+01 
  74658  0.350   3  2013   95   2.32  56387.292  118.4  1.663e+01 
  74660  0.672   2  2013   95   3.29  56387.332  118.4  2.258e+01 
  74661  0.672   2  2013   95   3.68  56387.349  118.4  2.627e+01 
  74662  0.342   3  2013   95   4.40  56387.379  118.4  2.724e+01 
  74664  0.508   3  2013   95   5.17  56387.411  118.4  3.499e+01 
  74692  0.456   4  2013   95  19.33  56388.001  118.5  1.942e+01 
  74694  0.569   5  2013   95  20.30  56388.041  118.5  1.753e+01 
  74695  0.342   3  2013   95  20.65  56388.056  118.5  1.602e+01 
  74696  0.456   4  2013   95  21.29  56388.083  118.5  1.898e+01 
  74697  0.569   5  2013   95  21.71  56388.100  118.5  2.251e+01 
  74698  0.456   4  2013   95  22.24  56388.122  118.5  2.385e+01 
  74699  0.683   6  2013   95  22.78  56388.145  118.5  2.432e+01 
  74701  0.683   6  2013   95  23.75  56388.185  118.5  2.124e+01 
  74703  0.683   6  2013   96   0.76  56388.227  118.5  2.168e+01 
  74705  0.683   6  2013   96   1.76  56388.269  118.5  1.954e+01 
  74706  0.456   4  2013   96   2.29  56388.291  118.5  2.074e+01 
  74708  0.456   4  2013   96   3.17  56388.328  118.5  2.898e+01 
  74710  0.683   6  2013   96   4.25  56388.373  118.5  2.774e+01 
  74712  0.342   3  2013   96   5.16  56388.411  118.5  3.328e+01 
  74741  0.569   5  2013   96  19.74  56389.018  118.6  1.225e+01 
  74742  0.456   4  2013   96  20.31  56389.042  118.7  1.298e+01 
  74743  0.456   4  2013   96  20.66  56389.056  118.7  1.538e+01 
  74745  0.456   4  2013   96  21.72  56389.101  118.7  1.907e+01 
  74746  0.456   4  2013   96  22.20  56389.121  118.7  2.202e+01 
  74747  0.342   3  2013   96  22.86  56389.148  118.7  2.745e+01 
  74748  0.456   4  2013   96  23.20  56389.162  118.7  2.817e+01 
  74749  0.342   3  2013   96  23.61  56389.179  118.7  2.765e+01 
  74750  0.569   5  2013   97   0.27  56389.207  118.7  2.882e+01 
  74751  0.342   3  2013   97   0.62  56389.222  118.7  2.883e+01 
  74752  0.456   4  2013   97   1.30  56389.250  118.7  2.763e+01 
  74756  0.456   4  2013   97   3.26  56389.331  118.8  2.779e+01 
  74759  0.456   4  2013   97   4.70  56389.391  118.8  2.736e+01 
  74789  0.456   4  2013   97  19.67  56390.015  119.1  2.554e+01 
  74790  0.683   6  2013   97  20.26  56390.040  119.1  2.332e+01 
  74792  0.456   4  2013   97  21.19  56390.079  119.1  2.289e+01 
  74793  0.456   4  2013   97  21.86  56390.106  119.2  2.548e+01 
  74794  0.456   4  2013   97  22.27  56390.123  119.2  2.274e+01 
  74795  0.456   4  2013   97  22.69  56390.141  119.2  1.916e+01 
  74796  0.456   4  2013   97  23.30  56390.166  119.2  2.319e+01 
  74797  0.569   5  2013   97  23.72  56390.184  119.2  2.017e+01 
  74798  0.569   5  2013   98   0.26  56390.207  119.2  1.852e+01 
  74801  0.569   5  2013   98   1.78  56390.270  119.3  2.238e+01 
  74802  0.342   3  2013   98   2.13  56390.284  119.3  2.505e+01 
  74803  0.456   4  2013   98   2.78  56390.311  119.3  2.712e+01 
  74804  0.569   5  2013   98   3.25  56390.331  119.3  2.923e+01 
  74806  0.569   5  2013   98   4.25  56390.372  119.3  2.631e+01 
  74807  0.456   4  2013   98   4.81  56390.396  119.3  2.848e+01 
  74836  0.667   2  2013   98  19.27  56390.998  119.8  2.484e+01 
  74837  0.342   3  2013   98  19.89  56391.024  119.8  2.494e+01 
  74838  0.569   5  2013   98  20.24  56391.039  119.8  2.132e+01 
  74840  0.342   3  2013   98  21.33  56391.084  119.9  2.146e+01 
  74841  0.569   5  2013   98  21.74  56391.101  119.9  2.491e+01 
  74842  0.569   5  2013   98  22.25  56391.123  119.9  2.692e+01 
  74844  0.683   6  2013   98  23.22  56391.163  119.9  2.418e+01 
  74846  0.683   6  2013   99   0.25  56391.206  119.9  2.668e+01 
  74847  0.342   3  2013   99   0.79  56391.228  120.0  2.986e+01 
  74848  0.683   6  2013   99   1.25  56391.248  120.0  3.087e+01 
  74850  0.569   5  2013   99   2.25  56391.289  120.0  3.402e+01 
  74852  0.678   4  2013   99   3.30  56391.333  120.1  3.270e+01 
  74853  0.336   1  2013   99   3.67  56391.349  120.1  3.780e+01 
  74854  0.456   4  2013   99   4.28  56391.374  120.1  4.339e+01 
  74855  0.342   3  2013   99   4.89  56391.399  120.1  4.077e+01 
  74856  0.342   3  2013   99   5.23  56391.413  120.1  4.552e+01 
  74884  0.456   4  2013   99  19.36  56392.002  120.6  2.086e+01 
  74885  0.456   4  2013   99  19.71  56392.017  120.6  2.154e+01 
  74886  0.569   5  2013   99  20.26  56392.040  120.7  1.815e+01 
  74887  0.569   5  2013   99  20.74  56392.060  120.7  1.699e+01 
  74889  0.569   5  2013   99  21.75  56392.102  120.7  1.957e+01 
  74890  0.342   3  2013   99  22.10  56392.117  120.7  2.045e+01 
  74891  0.569   5  2013   99  22.80  56392.146  120.8  2.182e+01 
  74892  0.342   3  2013   99  23.15  56392.160  120.8  2.265e+01 
  74893  0.683   6  2013   99  23.72  56392.184  120.8  2.213e+01 
  74894  0.342   3  2013  100   0.20  56392.204  120.8  2.436e+01 
  74895  0.683   6  2013  100   0.77  56392.228  120.8  2.705e+01 
  74897  0.456   4  2013  100   1.64  56392.264  120.9  2.978e+01 
  74898  0.456   4  2013  100   2.33  56392.293  120.9  3.739e+01 
  74899  0.456   4  2013  100   2.80  56392.312  120.9  4.613e+01 
  74900  0.456   4  2013  100   3.27  56392.332  120.9  5.291e+01 
  74901  0.456   4  2013  100   3.87  56392.357  121.0  4.749e+01 
  74902  0.342   3  2013  100   4.36  56392.377  121.0  4.313e+01 
  74904  0.456   4  2013  100   5.19  56392.412  121.0  5.277e+01 
  74932  0.456   4  2013  100  19.36  56393.002  121.5  2.606e+01 
  74937  0.569   5  2013  100  21.74  56393.101  121.6  2.283e+01 
  74938  0.456   4  2013  100  22.31  56393.125  121.6  2.325e+01 
  74939  0.456   4  2013  100  22.73  56393.143  121.6  2.572e+01 
  74940  0.456   4  2013  100  23.19  56393.162  121.7  2.535e+01 
  74941  0.456   4  2013  100  23.81  56393.188  121.7  2.590e+01 
  74942  0.342   3  2013  101   0.19  56393.204  121.7  2.464e+01 
  74943  0.569   5  2013  101   0.69  56393.224  121.7  2.384e+01 
  74945  0.456   4  2013  101   1.68  56393.266  121.7  2.620e+01 
  74946  0.569   5  2013  101   2.24  56393.289  121.7  2.488e+01 
  74947  0.569   5  2013  101   2.79  56393.312  121.7  2.337e+01 
  74949  0.456   4  2013  101   3.73  56393.351  121.8  1.842e+01 
  74950  0.569   5  2013  101   4.24  56393.372  121.8  1.893e+01 
  74952  0.456   4  2013  101   5.22  56393.413  121.8  1.809e+01 
  74981  2.067   1  2013  101  19.55  56394.010  122.2  1.867e+01 
  74983  2.067   1  2013  101  20.99  56394.070  122.2  2.753e+01 
  74985  0.461   1  2013  101  21.81  56394.104  122.3  2.211e+01 
  74986  0.922   2  2013  101  22.19  56394.120  122.3  2.117e+01 
  74987  0.461   1  2013  101  22.58  56394.137  122.3  1.802e+01 
  75029  0.667   1  2013  102  19.88  56395.024  122.8  2.603e+01 
  75030  0.667   1  2013  102  20.26  56395.040  122.8  2.402e+01 
  75033  0.667   1  2013  102  21.89  56395.107  122.8  2.929e+01 
  75034  0.667   1  2013  102  22.38  56395.128  122.8  2.761e+01 
  75037  0.667   1  2013  102  23.89  56395.191  122.9  3.402e+01 
  75038  0.667   1  2013  103   0.27  56395.207  122.9  2.898e+01 
  75094  0.667   2  2013  104   4.24  56396.372  123.6  2.899e+01 
  75095  0.667   2  2013  104   4.63  56396.388  123.6  2.878e+01 
  75133  1.333   2  2013  104  23.71  56397.183  124.0  2.316e+01 
  75135  0.667   1  2013  105   0.67  56397.224  124.0  2.336e+01 
  75136  0.667   1  2013  105   1.05  56397.239  124.0  2.344e+01 
  75138  0.661   1  2013  105   2.28  56397.291  124.1  2.728e+01 
  75139  0.661   1  2013  105   2.64  56397.305  124.1  3.034e+01 
  75181  0.661   1  2013  105  23.65  56398.181  124.7  3.521e+01 
  75182  0.661   1  2013  106   0.00  56398.196  124.7  3.302e+01 
  75183  0.661   1  2013  106   0.99  56398.237  124.7  2.533e+01 
  75184  0.661   1  2013  106   1.34  56398.252  124.7  2.715e+01 
  75189  1.000   3  2013  106   3.74  56398.351  124.8  2.534e+01 
  75190  0.333   1  2013  106   4.13  56398.368  124.8  2.562e+01 
  75235  0.636   1  2013  107   2.79  56399.312  125.7  2.465e+01 
  75236  0.636   1  2013  107   3.25  56399.331  125.7  2.985e+01 
  75315  0.333   1  2013  108  18.97  56400.986  127.6  2.589e+01 
  75316  0.333   1  2013  108  19.17  56400.994  127.6  2.461e+01 
  75426  0.840   6  2013  111   2.26  56403.290  128.7  2.994e+01 
  75427  0.700   5  2013  111   2.69  56403.308  128.8  2.825e+01 
  75430  0.333   1  2013  111   4.32  56403.375  128.8  3.285e+01 
  75431  1.000   3  2013  111   4.70  56403.392  128.8  3.374e+01 
  75473  0.371   1  2013  112   1.98  56404.278  128.9  2.028e+01 
  75474  0.742   2  2013  112   2.30  56404.291  128.9  1.914e+01 
  75475  0.742   2  2013  112   2.76  56404.310  128.9  1.886e+01 
  75476  0.742   2  2013  112   3.21  56404.329  128.9  2.017e+01 
  75477  0.371   1  2013  112   3.53  56404.343  128.9  2.323e+01 
  75525  0.742   2  2013  113   3.75  56405.352  128.6  3.737e+01 
  75748  0.600   6  2013  117  19.19  56409.995  127.3  1.537e+01 
  75749  0.667   2  2013  117  19.87  56410.023  127.3  1.770e+01 
  75751  0.956   4  2013  117  20.72  56410.059  127.3  1.868e+01 
  75752  0.717   3  2013  117  21.18  56410.078  127.4  1.835e+01 
  75753  0.717   3  2013  117  21.81  56410.104  127.4  2.030e+01 
  75754  0.956   4  2013  117  22.27  56410.124  127.4  1.952e+01 
  75768  0.333   1  2013  118   5.20  56410.412  127.6  3.397e+01 
  75795  0.667   1  2013  118  18.97  56410.986  128.2  2.479e+01 
  75796  0.667   1  2013  118  19.35  56411.002  128.2  2.674e+01 
  75797  0.667   1  2013  118  19.87  56411.023  128.2  2.646e+01 
  75798  0.667   1  2013  118  20.25  56411.039  128.2  2.540e+01 
  75799  0.667   1  2013  118  20.87  56411.065  128.3  2.402e+01 
  75800  0.667   1  2013  118  21.25  56411.081  128.3  2.674e+01 
  75803  0.667   1  2013  118  22.62  56411.138  128.4  2.350e+01 
  75804  0.667   1  2013  118  23.00  56411.154  128.4  2.432e+01 
  75846  2.067   1  2013  119  20.36  56412.044  129.6  2.020e+01 
  75855  0.371   1  2013  120   0.91  56412.234  129.9  4.233e+01 
  75856  0.371   1  2013  120   1.13  56412.243  129.9  4.544e+01 
  75892  2.067   1  2013  120  19.32  56413.001  131.0  2.256e+01 
  75895  2.067   1  2013  120  20.71  56413.059  131.1  2.675e+01 
  75949  0.371   1  2013  121  23.65  56414.181  132.9  3.323e+01 
  76148  0.850   1  2013  126   3.39  56418.337  138.3  2.255e+01 
  76149  0.850   1  2013  126   3.86  56418.357  138.3  2.223e+01 
  76191  0.500   1  2013  127   0.97  56419.236  139.0  3.188e+01 
  76192  0.500   1  2013  127   1.25  56419.248  139.0  3.274e+01 
  76193  1.000   2  2013  127   1.66  56419.265  139.0  3.260e+01 
  76234  1.333   2  2013  127  22.19  56420.120  139.5  1.719e+01 
  76236  0.667   1  2013  127  23.14  56420.160  139.5  1.528e+01 
  76237  0.667   1  2013  127  23.50  56420.175  139.5  1.489e+01 
  76244  0.658   4  2013  128   3.28  56420.332  139.6  1.823e+01 
  76246  0.333   1  2013  128   4.38  56420.378  139.6  2.212e+01 
  76247  1.000   3  2013  128   4.77  56420.394  139.6  2.458e+01 
  76283  1.011   2  2013  128  22.66  56421.140  140.0  1.612e+01 
  76284  1.011   2  2013  128  23.22  56421.163  140.0  1.877e+01 
  76293  0.506   1  2013  129   3.92  56421.359  140.1  1.878e+01 
  76294  1.011   2  2013  129   4.35  56421.377  140.1  1.786e+01 
  76295  0.506   1  2013  129   4.77  56421.394  140.1  1.706e+01 
  76324  0.667   1  2013  129  19.14  56421.993  140.5  1.659e+01 
  76325  0.667   1  2013  129  19.52  56422.009  140.5  1.689e+01 
  76327  0.667   1  2013  129  20.95  56422.068  140.5  2.222e+01 
  76328  0.667   1  2013  129  21.33  56422.084  140.5  2.120e+01 
  76331  1.667   1  2013  129  22.82  56422.146  140.6  1.667e+01 
  76333  1.667   1  2013  129  23.94  56422.193  140.6  1.496e+01 
  76337  0.506   1  2013  130   1.71  56422.267  140.6  3.325e+01 
  76338  0.506   1  2013  130   2.28  56422.290  140.6  3.582e+01 
  76339  1.011   2  2013  130   2.70  56422.308  140.7  3.858e+01 
  76340  0.506   1  2013  130   3.13  56422.326  140.7  3.796e+01 
  76341  1.000   3  2013  130   3.72  56422.351  140.7  3.880e+01 
  76342  0.333   1  2013  130   4.11  56422.367  140.7  3.389e+01 
  76343  0.672   2  2013  130   4.70  56422.392  140.7  3.284e+01 
  76344  0.672   2  2013  130   5.14  56422.410  140.7  3.691e+01 
  76376  0.461   1  2013  130  21.38  56423.087  141.0  1.999e+01 
  76377  0.922   2  2013  130  21.77  56423.103  141.0  1.984e+01 
  76378  0.461   1  2013  130  22.16  56423.119  141.0  1.958e+01 
  76379  1.011   2  2013  130  22.83  56423.147  141.0  2.026e+01 
  76380  0.506   1  2013  130  23.25  56423.164  141.0  2.048e+01 
  76381  0.506   1  2013  130  23.53  56423.176  141.0  2.117e+01 
  76387  1.011   2  2013  131   2.75  56423.310  141.0  2.932e+01 
  76388  1.011   2  2013  131   3.31  56423.334  141.0  3.258e+01 
  76390  0.672   2  2013  131   4.22  56423.371  141.0  3.780e+01 
  76391  0.672   2  2013  131   4.65  56423.389  141.0  3.295e+01 
  76467  0.333   1  2013  132  18.89  56424.983  140.6  2.125e+01 
  76468  0.333   1  2013  132  19.48  56425.007  140.5  1.966e+01 
  76471  0.333   1  2013  132  20.83  56425.064  140.5  1.304e+01 
  76472  0.333   1  2013  132  21.42  56425.088  140.5  1.126e+01 
  76476  0.333   1  2013  132  23.43  56425.172  140.4  9.194e+00 
  76478  0.333   1  2013  133   0.01  56425.196  140.4  1.488e+01 
  76480  0.333   1  2013  133   1.38  56425.253  140.3  1.803e+01 
  76481  0.333   1  2013  133   1.96  56425.277  140.3  2.213e+01 
  76484  0.333   1  2013  133   3.25  56425.331  140.3  2.316e+01 
  76485  0.333   1  2013  133   3.84  56425.355  140.3  2.464e+01 
  76515  0.333   1  2013  133  18.76  56425.977  139.6  1.246e+01 
  76516  0.333   1  2013  133  19.34  56426.002  139.6  1.074e+01 
  76519  0.333   1  2013  133  20.60  56426.054  139.5  9.539e+00 
  76520  0.333   1  2013  133  21.19  56426.078  139.5  9.570e+00 
  76522  0.333   1  2013  133  22.47  56426.132  139.4  6.842e+00 
  76523  0.333   1  2013  133  22.67  56426.140  139.4  7.342e+00 
  76524  0.333   1  2013  133  23.06  56426.156  139.4  6.642e+00 
  76525  0.333   1  2013  133  23.50  56426.175  139.3  6.435e+00 
  76526  0.333   1  2013  134   0.09  56426.199  139.3  5.834e+00 
  76528  0.333   1  2013  134   1.44  56426.256  139.2  5.968e+00 
  76529  0.333   1  2013  134   1.75  56426.268  139.2  6.751e+00 
  76530  0.333   1  2013  134   2.14  56426.285  139.2  6.055e+00 
  76531  0.333   1  2013  134   2.72  56426.309  139.1  8.304e+00 
  76570  0.667   2  2013  134  22.32  56427.125  137.7  1.473e+01 
  76571  0.667   2  2013  134  22.71  56427.142  137.6  1.525e+01 
  76578  0.628   4  2013  135   2.20  56427.287  137.4  1.217e+01 
  76631  0.628   4  2013  136   4.66  56428.390  135.4  1.567e+01 
  76807  0.506   1  2013  139  20.84  56432.064  130.3  6.961e+00 
  76808  1.011   2  2013  139  21.26  56432.081  130.3  7.307e+00 
  76809  0.506   1  2013  139  21.69  56432.099  130.3  8.754e+00 
  76814  0.333   1  2013  140   0.06  56432.198  130.2  1.381e+01 
  76815  0.667   2  2013  140   0.78  56432.228  130.2  1.508e+01 
  76816  0.333   1  2013  140   1.49  56432.258  130.2  1.557e+01 
  76818  1.011   2  2013  140   2.19  56432.287  130.2  1.995e+01 
  76819  1.011   2  2013  140   2.76  56432.310  130.2  1.953e+01 
  76822  0.667   2  2013  140   4.22  56432.372  130.1  1.880e+01 
  76823  0.333   1  2013  140   4.94  56432.402  130.1  1.721e+01 
  77523  0.538   2  2013  154  18.68  56446.974  113.0  1.823e+01 
  77524  0.333   1  2013  154  19.40  56447.004  113.0  1.749e+01 
  77525  1.000   3  2013  154  19.79  56447.020  113.0  1.788e+01 
  77528  0.482   2  2013  154  21.39  56447.087  113.0  2.175e+01 
  77530  0.723   3  2013  154  22.27  56447.124  113.0  1.713e+01 
  77532  1.082   2  2013  154  23.28  56447.165  113.0  1.642e+01 
  77533  1.082   2  2013  154  23.85  56447.189  113.0  1.472e+01 
  77535  0.890   3  2013  155   0.75  56447.227  113.0  1.834e+01 
  77537  0.541   1  2013  155   1.76  56447.269  113.0  2.105e+01 
  77538  1.082   2  2013  155   2.20  56447.287  113.0  2.341e+01 
  77539  0.541   1  2013  155   2.63  56447.305  113.0  2.249e+01 
  77540  0.333   1  2013  155   3.41  56447.338  113.0  3.188e+01 
  77541  1.000   3  2013  155   3.80  56447.354  113.0  3.128e+01 
  77543  1.000   3  2013  155   4.75  56447.394  113.0  2.546e+01 
  77544  0.333   1  2013  155   5.14  56447.410  113.0  2.449e+01 
  77677  1.000   3  2013  157  23.76  56450.186  112.3  2.220e+01 
  77678  0.488   2  2013  158   0.27  56450.207  112.3  2.366e+01 
  77679  0.667   2  2013  158   0.88  56450.232  112.3  2.070e+01 
  77859  0.933   2  2013  161  18.66  56453.973  114.0  1.277e+01 
  77860  0.933   2  2013  161  19.30  56454.000  114.0  8.925e+00 
  77917  0.333   1  2013  162  23.87  56455.190  114.6  7.840e+00 
  77918  0.333   1  2013  163   0.06  56455.198  114.6  8.739e+00 
  77922  0.528   4  2013  163   2.29  56455.291  114.6  5.566e+00 
  78148  0.333   1  2013  167  19.09  56459.991  114.1  1.673e+01 
  78157  0.656   2  2013  167  23.86  56460.190  114.0  2.196e+01 
  78159  0.494   1  2013  168   0.93  56460.234  114.0  2.015e+01 
  78160  0.494   1  2013  168   1.19  56460.245  114.0  2.053e+01 
  78161  0.656   2  2013  168   1.59  56460.262  114.0  1.820e+01 
  78167  0.422   4  2013  168   4.76  56460.394  113.9  1.744e+01 
  78201  0.989   2  2013  168  21.74  56461.101  113.8  1.303e+01 
  78309  0.500   1  2013  171   3.99  56463.362  114.3  1.241e+01 
  78310  0.500   1  2013  171   4.29  56463.374  114.3  1.294e+01 
  78340  0.717   3  2013  171  19.24  56463.997  114.8  7.264e+00 
  78341  0.478   2  2013  171  19.57  56464.011  114.8  7.288e+00 
  78627  1.444   2  2013  177  18.79  56469.979  122.1  1.617e+01 
  78826  0.371   1  2013  181  22.04  56474.114  123.0  1.452e+01 
  78837  0.650   1  2013  182   3.77  56474.352  122.9  2.584e+01 
  78838  0.650   1  2013  182   4.45  56474.381  122.9  2.781e+01 
  78840  0.667   2  2013  182   5.25  56474.414  122.9  2.985e+01 
  78918  1.111   1  2013  183  20.29  56476.041  122.2  2.283e+01 
  78964  1.111   1  2013  184  19.02  56476.988  121.8  1.326e+01 
  78965  1.111   1  2013  184  19.91  56477.025  121.8  1.255e+01 
  78967  1.111   1  2013  184  20.72  56477.059  121.8  9.467e+00 
  79108  1.111   1  2013  187  19.10  56479.991  119.9  9.309e+00 
  79267  1.667   1  2013  191   2.95  56483.318  119.0  1.249e+01 
  79300  1.111   1  2013  191  19.05  56483.989  119.0  1.062e+01 
  79351  0.787   1  2013  192  20.78  56485.061  119.3  1.377e+01 
  79352  0.787   1  2013  192  21.19  56485.079  119.4  1.283e+01 
  79365  1.293   1  2013  193   3.89  56485.357  119.4  1.222e+01 
  79367  1.293   1  2013  193   4.56  56485.386  119.4  1.178e+01 
  79398  0.787   1  2013  193  20.17  56486.036  119.6  1.151e+01 
  79399  0.787   1  2013  193  20.59  56486.053  119.6  1.063e+01 
  79400  0.787   1  2013  193  21.29  56486.083  119.6  1.113e+01 
  79401  0.787   1  2013  193  21.71  56486.100  119.6  1.132e+01 
  79402  0.787   1  2013  193  22.26  56486.123  119.6  1.042e+01 
  79403  0.787   1  2013  193  22.67  56486.140  119.6  1.230e+01 
  79463  0.530   2  2013  195   4.89  56487.399  120.0  1.832e+01 
  79491  0.500   1  2013  195  19.00  56487.987  120.1  9.381e+00 
  79492  0.500   1  2013  195  19.28  56487.999  120.1  8.633e+00 
  79493  1.000   2  2013  195  19.69  56488.016  120.1  8.149e+00 
  79509  1.683   1  2013  196   3.55  56488.343  120.1  1.735e+01 
  79511  1.333   2  2013  196   4.69  56488.391  120.1  1.410e+01 
  79540  0.661   1  2013  196  19.31  56489.000  120.1  6.608e+00 
  79541  0.661   1  2013  196  19.67  56489.015  120.1  8.629e+00 
  79542  0.389   1  2013  196  20.32  56489.042  120.1  1.293e+01 
  79543  0.389   1  2013  196  20.73  56489.059  120.1  1.394e+01 
  79544  0.389   1  2013  196  21.27  56489.082  120.1  1.350e+01 
  79545  0.778   2  2013  196  21.84  56489.105  120.1  1.236e+01 
  79546  0.389   1  2013  196  22.40  56489.129  120.1  1.179e+01 
  79547  0.667   2  2013  196  22.79  56489.145  120.1  1.013e+01 
  79548  0.667   2  2013  196  23.16  56489.161  120.1  8.667e+00 
  79549  0.500   2  2013  196  23.87  56489.190  120.1  7.174e+00 
  79550  0.750   3  2013  197   0.23  56489.205  120.1  8.398e+00 
  79551  0.750   3  2013  197   0.65  56489.223  120.1  8.620e+00 
  79552  0.667   1  2013  197   1.14  56489.243  120.1  8.200e+00 
  79553  0.667   1  2013  197   1.89  56489.274  120.1  9.250e+00 
  79554  0.667   1  2013  197   2.34  56489.293  120.1  1.078e+01 
  79556  0.667   1  2013  197   3.08  56489.324  120.1  9.286e+00 
  79557  0.556   1  2013  197   3.80  56489.354  120.0  8.965e+00 
  79558  1.111   2  2013  197   4.26  56489.373  120.0  1.214e+01 
  79559  0.556   1  2013  197   4.71  56489.392  120.0  1.777e+01 
  79588  0.372   1  2013  197  19.28  56489.999  119.9  1.821e+01 
  79589  0.744   2  2013  197  19.80  56490.021  119.9  1.776e+01 
  79590  0.372   1  2013  197  20.23  56490.039  119.9  2.001e+01 
  79591  0.439   2  2013  197  20.69  56490.058  119.9  2.296e+01 
  79594  0.556   2  2013  197  22.41  56490.129  119.9  1.278e+01 
  79595  0.500   2  2013  197  22.80  56490.146  119.9  1.197e+01 
  79596  0.750   3  2013  197  23.20  56490.162  119.9  1.229e+01 
  79597  0.750   3  2013  197  23.72  56490.184  119.8  1.055e+01 
  79598  0.556   2  2013  198   0.18  56490.203  119.8  1.333e+01 
  79600  0.944   1  2013  198   1.02  56490.238  119.8  1.895e+01 
  79601  0.944   1  2013  198   1.53  56490.259  119.8  1.686e+01 
  79602  0.333   1  2013  198   2.46  56490.298  119.8  1.669e+01 
  79603  0.667   2  2013  198   2.77  56490.311  119.8  1.650e+01 
  79604  0.533   3  2013  198   3.15  56490.327  119.8  2.012e+01 
  79605  0.833   1  2013  198   3.81  56490.355  119.8  2.019e+01 
  79606  0.833   1  2013  198   4.35  56490.377  119.8  1.517e+01 
  79607  0.833   1  2013  198   4.88  56490.399  119.7  1.438e+01 
  79608  0.833   1  2013  198   5.40  56490.421  119.7  1.398e+01 
  79779  0.722   1  2013  201  18.61  56493.971  116.4  1.356e+01 
  79780  0.722   1  2013  201  19.02  56493.988  116.4  9.178e+00 
  79847  0.717   3  2013  203   4.81  56495.396  115.4  5.038e+00 
  79925  0.371   1  2013  204  19.65  56497.014  114.5  6.408e+00 
  79942  0.800   1  2013  205   4.16  56497.369  114.3  4.370e+00 
  79943  0.800   1  2013  205   4.61  56497.388  114.3  5.064e+00 
  80270  0.744   2  2013  212   0.32  56504.209  112.3  5.404e+00 
  80271  0.744   2  2013  212   0.73  56504.226  112.3  5.909e+00 
  80273  1.683   1  2013  212   1.60  56504.262  112.3  5.989e+00 
  80275  1.683   1  2013  212   2.78  56504.312  112.3  4.099e+00 
  80371  0.956   4  2013  214   2.74  56506.310  113.0  1.111e+01 
  80372  0.956   4  2013  214   3.27  56506.332  113.0  1.388e+01 
  80374  0.628   4  2013  214   4.24  56506.372  113.1  1.859e+01 
  80416  1.683   1  2013  215   1.22  56507.246  113.3  1.545e+01 
  80418  1.683   1  2013  215   2.35  56507.294  113.3  1.389e+01 
  80420  1.333   2  2013  215   3.28  56507.332  113.3  1.588e+01 
  80422  1.333   2  2013  215   4.24  56507.372  113.3  1.555e+01 
  80452  0.933   3  2013  215  19.27  56507.999  113.7  8.014e+00 
  80454  1.574   2  2013  215  20.27  56508.040  113.8  8.880e+00 
  80467  1.667   1  2013  216   2.69  56508.308  114.2  1.410e+01 
  80500  1.000   2  2013  216  19.31  56509.000  115.1  7.408e+00 
  80501  1.000   2  2013  216  19.86  56509.023  115.1  5.464e+00 
  80503  0.500   1  2013  216  20.98  56509.070  115.1  5.650e+00 
  80504  0.500   1  2013  216  21.25  56509.081  115.1  6.189e+00 
  80505  1.000   2  2013  216  21.67  56509.098  115.1  7.851e+00 
  80506  1.000   2  2013  216  22.32  56509.126  115.1  7.623e+00 
  80507  0.500   1  2013  216  22.74  56509.143  115.1  4.679e+00 
  80508  0.500   1  2013  216  23.01  56509.154  115.1  4.567e+00 
  80516  0.650   1  2013  217   3.30  56509.333  115.2  7.467e+00 
  80517  0.650   1  2013  217   3.99  56509.362  115.3  7.789e+00 
  80519  0.650   1  2013  217   4.58  56509.386  115.3  7.234e+00 
  80520  0.650   1  2013  217   5.27  56509.415  115.3  7.167e+00 
  80644  0.787   1  2013  219  19.17  56511.994  117.3  1.100e+01 
  80645  0.787   1  2013  219  19.59  56512.012  117.4  1.176e+01 
  80647  1.000   2  2013  219  20.82  56512.063  117.4  8.262e+00 
  80648  0.500   1  2013  219  21.24  56512.080  117.4  8.423e+00 
  80660  1.293   1  2013  220   3.24  56512.331  117.6  1.114e+01 
  80661  1.293   1  2013  220   3.92  56512.359  117.7  1.184e+01 
  80704  1.667   1  2013  221   1.22  56513.246  118.4  7.588e+00 
  80706  0.967   2  2013  221   2.21  56513.288  118.4  7.420e+00 
  80707  0.967   2  2013  221   2.73  56513.309  118.4  7.762e+00 
  80709  1.471   2  2013  221   3.74  56513.352  118.5  6.481e+00 
  80742  0.371   1  2013  221  20.16  56514.036  119.0  7.924e+00 
  80746  0.800   1  2013  221  22.16  56514.119  119.0  5.605e+00 
  80747  0.800   1  2013  221  22.61  56514.137  119.0  5.647e+00 
  80748  0.800   1  2013  221  23.32  56514.167  119.1  4.455e+00 
  80749  0.800   1  2013  221  23.77  56514.186  119.1  4.535e+00 
  80757  0.483   1  2013  222   3.73  56514.351  119.2  7.910e+00 
  80758  0.483   1  2013  222   4.25  56514.373  119.2  7.958e+00 
  80759  0.500   1  2013  222   4.86  56514.398  119.2  8.106e+00 
  80760  0.500   1  2013  222   5.16  56514.410  119.2  9.617e+00 
  80799  0.956   4  2013  223   0.79  56515.228  119.5  4.787e+00 
  80800  0.717   3  2013  223   1.25  56515.248  119.5  4.119e+00 
  80801  0.478   2  2013  223   1.82  56515.272  119.6  3.615e+00 
  80802  0.956   4  2013  223   2.22  56515.288  119.6  4.832e+00 
  80803  0.478   2  2013  223   2.62  56515.305  119.6  5.768e+00 
  80804  0.736   1  2013  223   3.19  56515.329  119.6  7.108e+00 
  80805  0.736   1  2013  223   3.61  56515.346  119.6  8.243e+00 
  80806  0.736   1  2013  223   4.41  56515.379  119.6  8.042e+00 
  80807  0.736   1  2013  223   4.83  56515.397  119.6  8.163e+00 
  80895  1.293   1  2013  225   0.66  56517.223  119.6  8.288e+00 
  80896  1.293   1  2013  225   1.34  56517.251  119.6  8.083e+00 
  80938  0.478   2  2013  225  22.36  56518.127  119.6  6.683e+00 
  80939  0.956   4  2013  225  22.76  56518.144  119.6  6.877e+00 
  80987  0.744   2  2013  226  22.81  56519.146  119.5  4.911e+00 
  80988  0.744   2  2013  226  23.22  56519.163  119.5  5.318e+00 
  80990  1.000   1  2013  227   0.30  56519.208  119.5  5.148e+00 
  80991  1.000   1  2013  227   0.84  56519.231  119.5  7.415e+00 
  81027  0.371   1  2013  227  18.78  56519.978  119.3  1.223e+01 
  81036  0.883   3  2013  227  23.29  56520.166  119.3  4.713e+00 
  81038  1.000   1  2013  228   0.43  56520.213  119.3  5.738e+00 
  81039  1.000   1  2013  228   0.97  56520.236  119.3  5.925e+00 
  81046  1.000   1  2013  228   4.36  56520.377  119.3  7.896e+00 
  81082  1.117   3  2013  228  22.30  56521.125  119.2  2.848e+00 
  81083  0.372   1  2013  228  22.70  56521.141  119.2  2.827e+00 
  81084  0.744   2  2013  228  23.34  56521.168  119.2  3.273e+00 
  81085  0.744   2  2013  228  23.75  56521.185  119.2  2.874e+00 
  81086  0.800   1  2013  229   0.47  56521.215  119.2  4.143e+00 
  81087  0.800   1  2013  229   0.92  56521.234  119.2  5.443e+00 
  81134  1.117   3  2013  230   0.23  56522.205  119.2  3.970e+00 
  81135  0.372   1  2013  230   0.64  56522.222  119.2  3.338e+00 
  81136  0.744   2  2013  230   1.28  56522.249  119.2  2.945e+00 
  81137  0.744   2  2013  230   1.68  56522.266  119.2  2.760e+00 
  81138  1.000   2  2013  230   2.33  56522.293  119.2  4.538e+00 
  81139  0.500   1  2013  230   2.75  56522.310  119.2  5.233e+00 
  81140  0.500   1  2013  230   3.02  56522.322  119.2  5.318e+00 
  81172  0.371   1  2013  230  19.46  56523.006  119.2  2.618e+00 
  81183  0.800   1  2013  231   0.87  56523.232  119.2  6.134e+00 
  81187  0.500   1  2013  231   2.85  56523.314  119.2  5.860e+00 
  81188  1.000   2  2013  231   3.26  56523.332  119.2  5.712e+00 
  81189  0.500   1  2013  231   3.68  56523.349  119.2  6.301e+00 
  81317  0.467   4  2013  233  19.85  56526.023  119.2  8.064e+00 
  81335  0.342   3  2013  234   4.70  56526.391  119.2  9.890e+00 
  81336  0.456   4  2013  234   5.15  56526.410  119.2  1.072e+01 
  81376  0.722   1  2013  235   1.00  56527.237  119.4  6.037e+00 
  81658  0.372   1  2013  240  22.47  56533.132  115.5  1.275e+01 
  81659  0.744   2  2013  240  22.77  56533.144  115.5  1.255e+01 
  81660  0.372   1  2013  240  23.08  56533.157  115.5  1.031e+01 
  81755  1.683   1  2013  242  22.67  56535.140  112.9  1.285e+01 
  81856  1.667   1  2013  245   1.07  56537.240  109.5  1.167e+01 
  81858  1.667   1  2013  245   2.23  56537.288  109.4  1.039e+01 
  81860  1.667   1  2013  245   3.17  56537.327  109.4  1.255e+01 
  81862  1.667   1  2013  245   4.09  56537.366  109.3  1.278e+01 
  81899  0.589   2  2013  245  22.80  56538.145  108.2  8.315e+00 
  81900  0.589   2  2013  245  23.15  56538.160  108.2  9.716e+00 
  81901  0.589   2  2013  245  23.76  56538.185  108.2  1.171e+01 
  81902  0.883   3  2013  246   0.23  56538.205  108.1  1.195e+01 
  81903  0.589   2  2013  246   0.75  56538.227  108.1  1.333e+01 
  81905  1.293   1  2013  246   1.75  56538.268  108.0  1.597e+01 
  81906  1.293   1  2013  246   2.43  56538.297  108.0  1.565e+01 
  81908  1.667   1  2013  246   3.43  56538.339  107.9  1.554e+01 
  81910  0.454   1  2013  246   4.32  56538.375  107.9  1.533e+01 
  81911  0.454   1  2013  246   4.83  56538.397  107.8  1.347e+01 
  81993  0.372   1  2013  247  21.82  56540.105  105.7  1.076e+01 
  81994  1.117   3  2013  247  22.22  56540.121  105.7  1.151e+01 
  81995  0.372   1  2013  247  22.97  56540.153  105.6  1.055e+01 
  81996  0.744   2  2013  247  23.27  56540.165  105.6  1.137e+01 
  81997  0.372   1  2013  247  23.57  56540.178  105.6  1.198e+01 
  82039  0.493   3  2013  248  20.86  56541.065  104.7  1.337e+01 
  82040  0.658   4  2013  248  21.25  56541.081  104.7  1.426e+01 
  82046  0.454   1  2013  249   0.27  56541.207  104.6  1.101e+01 
  82047  0.454   1  2013  249   0.79  56541.228  104.6  1.165e+01 
  82049  0.454   1  2013  249   1.50  56541.258  104.6  1.536e+01 
  82050  0.909   2  2013  249   2.25  56541.289  104.6  1.722e+01 
  82051  0.454   1  2013  249   2.99  56541.320  104.6  1.770e+01 
  82053  0.454   1  2013  249   3.59  56541.345  104.5  1.707e+01 
  82054  0.454   1  2013  249   4.11  56541.367  104.5  1.738e+01 
  82143  0.650   1  2013  251   0.76  56543.227  103.8  1.010e+01 
  82144  0.650   1  2013  251   1.45  56543.256  103.8  1.064e+01 
  82146  0.650   1  2013  251   2.11  56543.283  103.8  1.334e+01 
  82147  0.650   1  2013  251   2.62  56543.305  103.8  1.577e+01 
  82148  0.650   1  2013  251   3.31  56543.334  103.8  1.697e+01 
  82149  0.667   1  2013  251   3.95  56543.360  103.8  1.786e+01 
  82150  0.667   1  2013  251   4.31  56543.375  103.8  1.660e+01 
  82180  0.371   1  2013  251  19.21  56543.996  103.7  9.946e+00 
  82194  1.300   2  2013  252   2.18  56544.287  103.7  1.261e+01 
  82195  0.650   1  2013  252   2.70  56544.308  103.7  1.501e+01 
  82228  0.371   1  2013  252  19.32  56545.001  103.6  8.384e+00 
  82237  0.650   1  2013  252  23.82  56545.188  103.6  9.090e+00 
  82239  0.650   1  2013  253   0.51  56545.217  103.6  1.074e+01 
  82243  0.849   1  2013  253   2.65  56545.306  103.6  1.230e+01 
  82244  0.849   1  2013  253   3.09  56545.324  103.6  1.363e+01 
  82245  0.667   1  2013  253   3.88  56545.357  103.6  1.453e+01 
  82246  0.667   1  2013  253   4.24  56545.372  103.6  1.332e+01 
  82295  0.738   2  2013  254   4.62  56546.388  103.5  1.221e+01 
  82950  1.000   1  2013  267  20.21  56560.038  105.2  2.037e+01 
  82951  1.000   1  2013  267  20.74  56560.060  105.2  2.225e+01 
  82952  1.000   1  2013  267  21.36  56560.086  105.3  2.162e+01 
  82953  1.000   1  2013  267  21.89  56560.108  105.3  1.936e+01 
  83148  0.454   1  2013  271  23.05  56564.156  109.2  1.331e+01 
  83149  0.454   1  2013  271  23.56  56564.177  109.2  1.342e+01 
  83150  0.454   1  2013  272   0.21  56564.205  109.2  1.361e+01 
  83151  0.454   1  2013  272   0.73  56564.226  109.3  1.352e+01 
  83152  0.454   1  2013  272   1.38  56564.253  109.3  1.651e+01 
  83153  0.454   1  2013  272   1.90  56564.275  109.3  1.532e+01 
  83154  0.454   1  2013  272   2.27  56564.290  109.3  1.872e+01 
  83155  0.454   1  2013  272   2.79  56564.312  109.4  1.351e+01 
  83156  0.454   1  2013  272   3.38  56564.336  109.4  1.708e+01 
  83157  0.454   1  2013  272   3.89  56564.358  109.4  1.780e+01 
  83189  0.667   3  2013  272  19.79  56565.020  110.2  1.310e+01 
  83191  0.556   1  2013  272  20.69  56565.058  110.3  9.566e+00 
  83192  1.111   2  2013  272  21.18  56565.078  110.3  9.557e+00 
  83193  0.556   1  2013  272  21.68  56565.099  110.3  8.488e+00 
  83194  0.556   1  2013  272  22.39  56565.129  110.4  7.028e+00 
  83195  0.556   1  2013  272  22.72  56565.142  110.4  6.769e+00 
  83196  1.111   2  2013  272  23.22  56565.163  110.4  7.263e+00 
  83198  1.111   2  2013  273   0.18  56565.203  110.5  7.995e+00 
  83199  1.111   2  2013  273   0.83  56565.230  110.5  1.058e+01 
  83201  1.111   2  2013  273   1.74  56565.268  110.5  1.333e+01 
  83202  0.556   1  2013  273   2.23  56565.289  110.6  1.410e+01 
  83203  0.556   1  2013  273   2.56  56565.302  110.6  1.500e+01 
  83204  0.556   1  2013  273   3.33  56565.334  110.6  1.738e+01 
  83205  1.111   2  2013  273   3.83  56565.355  110.7  2.079e+01 
  83206  0.556   1  2013  273   4.32  56565.376  110.7  2.442e+01 
  83237  0.667   3  2013  273  19.81  56566.021  111.4  1.479e+01 
  83242  0.595   2  2013  273  22.32  56566.126  111.5  1.538e+01 
  83243  1.111   2  2013  273  22.83  56566.147  111.5  1.262e+01 
  83244  0.556   1  2013  273  23.32  56566.167  111.5  1.147e+01 
  83245  0.556   1  2013  273  23.92  56566.192  111.6  1.093e+01 
  83246  0.556   1  2013  274   0.25  56566.206  111.6  1.292e+01 
  83247  1.111   2  2013  274   0.75  56566.227  111.6  1.208e+01 
  83248  0.556   1  2013  274   1.39  56566.254  111.6  1.109e+01 
  83249  0.556   1  2013  274   1.72  56566.267  111.6  1.201e+01 
  83250  1.111   2  2013  274   2.22  56566.288  111.7  1.123e+01 
  83252  0.667   3  2013  274   3.26  56566.331  111.7  1.161e+01 
  83777  0.733   2  2013  285   1.76  56577.269  123.4  2.547e+01 
  83778  0.733   2  2013  285   2.19  56577.287  123.5  2.739e+01 
  83818  0.847   1  2013  285  22.20  56578.120  125.3  8.362e+00 
  83819  0.847   1  2013  285  22.64  56578.139  125.3  8.935e+00 
  83820  0.509   1  2013  285  23.42  56578.171  125.4  1.020e+01 
  83821  0.509   1  2013  285  23.71  56578.184  125.4  1.207e+01 
  83822  1.019   2  2013  286   0.16  56578.202  125.5  1.214e+01 
  83824  0.517   1  2013  286   1.26  56578.248  125.6  1.434e+01 
  83825  0.517   1  2013  286   1.55  56578.260  125.6  1.469e+01 
  83863  0.517   1  2013  286  20.81  56579.063  127.5  1.354e+01 
  83868  0.800   1  2013  286  23.17  56579.161  127.7  1.255e+01 
  83869  0.800   1  2013  286  23.60  56579.179  127.8  1.431e+01 
  83871  0.667   1  2013  287   0.57  56579.220  127.9  1.366e+01 
  83875  0.437   3  2013  287   2.70  56579.308  128.1  1.723e+01 
  83876  0.437   3  2013  287   3.18  56579.328  128.1  1.905e+01 
  83877  0.430   4  2013  287   3.72  56579.351  128.2  2.117e+01 
  83915  0.722   1  2013  287  22.88  56580.149  129.8  1.644e+01 
  83916  0.722   1  2013  287  23.29  56580.166  129.9  1.515e+01 
  83917  0.722   1  2013  287  23.77  56580.186  129.9  1.257e+01 
  83918  0.722   1  2013  288   0.18  56580.203  129.9  9.161e+00 
  83973  0.583   4  2013  289   3.70  56581.350  131.9  1.340e+01 
  84197  0.668   5  2013  293  19.78  56586.020  137.6  1.277e+01 
  84198  0.510   3  2013  293  20.24  56586.039  137.7  1.107e+01 
  84199  0.611   1  2013  293  20.99  56586.070  137.7  1.034e+01 
  84200  0.611   1  2013  293  21.41  56586.088  137.7  8.941e+00 
  84202  0.611   1  2013  293  22.17  56586.119  137.7  7.851e+00 
  84203  0.611   1  2013  293  22.59  56586.137  137.8  8.718e+00 
  84211  0.583   4  2013  294   2.74  56586.310  138.0  9.943e+00 
  84213  0.437   3  2013  294   3.77  56586.353  138.0  1.077e+01 
  84347  0.667   1  2013  296  22.93  56589.151  141.3  1.489e+01 
  84352  0.336   2  2013  297   1.07  56589.240  141.4  1.509e+01 
  84357  0.448   3  2013  297   3.87  56589.357  141.6  1.288e+01 
  84388  0.653   4  2013  297  19.28  56589.999  142.2  1.171e+01 
  84389  0.709   2  2013  297  19.80  56590.021  142.2  1.042e+01 
  84390  1.063   3  2013  297  20.28  56590.041  142.2  1.064e+01 
  84391  0.518   2  2013  297  20.75  56590.060  142.2  1.110e+01 
  84392  0.817   5  2013  297  21.22  56590.080  142.2  1.248e+01 
  84393  0.980   6  2013  297  21.75  56590.102  142.3  1.334e+01 
  84394  0.376   2  2013  297  22.37  56590.128  142.3  1.279e+01 
  84395  0.939   5  2013  297  22.76  56590.144  142.3  1.321e+01 
  84396  0.563   3  2013  297  23.20  56590.162  142.3  1.270e+01 
  84397  0.817   5  2013  297  23.74  56590.185  142.3  1.347e+01 
  84398  0.653   4  2013  298   0.26  56590.206  142.3  1.356e+01 
  84399  0.817   5  2013  298   0.78  56590.228  142.3  1.269e+01 
  84400  0.817   5  2013  298   1.27  56590.248  142.4  1.085e+01 
  84401  0.490   3  2013  298   1.83  56590.272  142.4  1.074e+01 
  84402  0.490   3  2013  298   2.12  56590.284  142.4  1.190e+01 
  84403  0.817   5  2013  298   2.79  56590.312  142.4  1.227e+01 
  84404  0.817   5  2013  298   3.27  56590.332  142.4  1.235e+01 
  84405  0.490   3  2013  298   3.83  56590.355  142.4  1.132e+01 
  84406  0.653   4  2013  298   4.17  56590.369  142.4  1.435e+01 
  84436  0.653   4  2013  298  19.19  56590.995  142.8  1.134e+01 
  84438  0.817   5  2013  298  20.24  56591.039  142.8  1.431e+01 
  84439  0.653   4  2013  298  20.68  56591.057  142.8  1.414e+01 
  84440  0.980   6  2013  298  21.24  56591.081  142.9  1.774e+01 
  84441  0.653   4  2013  298  21.81  56591.104  142.9  1.993e+01 
  84442  0.817   5  2013  298  22.25  56591.122  142.9  2.339e+01 
  84443  0.653   4  2013  298  22.72  56591.142  142.9  2.420e+01 
  84444  0.980   6  2013  298  23.25  56591.164  142.9  2.674e+01 
  84445  0.490   3  2013  298  23.68  56591.182  142.9  2.580e+01 
  84446  0.939   5  2013  299   0.27  56591.207  142.9  2.588e+01 
  84447  0.563   3  2013  299   0.71  56591.225  142.9  2.432e+01 
  84448  0.751   4  2013  299   1.29  56591.249  143.0  3.252e+01 
  84449  0.563   3  2013  299   1.67  56591.265  143.0  2.968e+01 
  84450  0.884   4  2013  299   2.21  56591.288  143.0  3.133e+01 
  84451  0.884   4  2013  299   2.71  56591.309  143.0  3.118e+01 
  84452  0.884   4  2013  299   3.29  56591.333  143.0  2.831e+01 
  84453  0.884   4  2013  299   3.80  56591.354  143.0  2.831e+01 
  84484  0.490   3  2013  299  19.38  56592.003  143.4  1.505e+01 
  84485  0.518   2  2013  299  19.75  56592.018  143.4  1.312e+01 
  84486  0.897   3  2013  299  20.20  56592.037  143.4  1.209e+01 
  84487  0.751   4  2013  299  20.76  56592.061  143.4  1.348e+01 
  84488  0.563   3  2013  299  21.15  56592.077  143.5  1.362e+01 
  84494  0.531   1  2013  300   0.34  56592.210  143.5  2.212e+01 
  84495  1.061   2  2013  300   0.76  56592.227  143.5  2.395e+01 
  84496  0.531   1  2013  300   1.25  56592.248  143.6  2.100e+01 
  84497  1.061   2  2013  300   1.68  56592.265  143.6  2.680e+01 
  84498  0.531   1  2013  300   2.49  56592.299  143.6  2.749e+01 
  84499  0.531   1  2013  300   2.77  56592.311  143.6  2.958e+01 
  84500  0.531   1  2013  300   3.06  56592.323  143.6  2.928e+01 
  84549  0.803   5  2013  301   3.76  56593.352  144.4  1.954e+01 
  84582  0.753   1  2013  301  20.10  56594.033  145.2  1.613e+01 
  84583  0.753   1  2013  301  20.51  56594.050  145.2  1.627e+01 
  84585  0.753   1  2013  301  21.81  56594.104  145.3  1.749e+01 
  84589  0.753   1  2013  301  23.72  56594.184  145.4  1.992e+01 
  84590  0.753   1  2013  302   0.13  56594.201  145.4  2.063e+01 
  84591  0.753   1  2013  302   0.95  56594.235  145.4  1.960e+01 
  84592  0.753   1  2013  302   1.35  56594.252  145.5  2.007e+01 
  84594  0.753   1  2013  302   2.10  56594.283  145.5  1.845e+01 
  84595  0.753   1  2013  302   2.51  56594.300  145.5  1.782e+01 
  84596  1.506   2  2013  302   3.24  56594.331  145.6  1.741e+01 
  84629  0.753   1  2013  302  19.63  56595.014  146.5  1.561e+01 
  84630  0.753   1  2013  302  20.04  56595.031  146.5  1.557e+01 
  84635  0.817   1  2013  302  22.68  56595.141  146.7  8.696e+00 
  84636  0.817   1  2013  302  23.11  56595.158  146.7  7.184e+00 
  84643  0.753   1  2013  303   2.97  56595.319  146.9  2.057e+01 
  84644  0.753   1  2013  303   3.38  56595.336  146.9  2.137e+01 
  84677  0.667   2  2013  303  19.80  56596.021  147.8  2.276e+01 
  84678  0.667   2  2013  303  20.19  56596.037  147.9  2.447e+01 
  84679  0.667   2  2013  303  20.80  56596.062  147.9  2.575e+01 
  84681  0.722   1  2013  303  21.60  56596.096  147.9  2.273e+01 
  84682  0.722   1  2013  303  22.01  56596.113  147.9  2.091e+01 
  84692  1.633   1  2013  304   3.04  56596.322  148.2  2.310e+01 
  84778  1.506   2  2013  305  22.26  56598.123  150.5  1.798e+01 
  84780  0.753   1  2013  305  23.17  56598.161  150.5  1.856e+01 
  84781  0.753   1  2013  305  23.57  56598.178  150.6  1.786e+01 
  84786  0.357   1  2013  306   2.09  56598.283  150.7  1.822e+01 
  84787  0.357   1  2013  306   2.73  56598.309  150.8  1.842e+01 
  84834  0.357   1  2013  307   2.24  56599.289  152.3  1.784e+01 
  84835  0.357   1  2013  307   2.87  56599.315  152.3  1.731e+01 
  84836  0.357   1  2013  307   3.36  56599.336  152.3  2.026e+01 
  84837  0.357   1  2013  307   3.99  56599.362  152.4  2.687e+01 
  84880  1.667   2  2013  308   1.24  56600.247  153.6  2.081e+01 
  84882  0.833   1  2013  308   2.22  56600.288  153.7  2.182e+01 
  84883  0.833   1  2013  308   2.67  56600.307  153.7  1.967e+01 
  84917  0.333   1  2013  308  19.92  56601.026  154.6  1.457e+01 
  84918  0.667   2  2013  308  20.21  56601.038  154.6  1.579e+01 
  84919  0.333   1  2013  308  20.50  56601.050  154.6  1.627e+01 
  84925  1.000   3  2013  308  23.78  56601.186  154.6  1.824e+01 
  84926  0.333   1  2013  309   0.16  56601.202  154.6  1.865e+01 
  84927  0.333   1  2013  309   0.97  56601.236  154.7  2.035e+01 
  84928  0.667   2  2013  309   1.26  56601.248  154.7  1.992e+01 
  84929  0.333   1  2013  309   1.55  56601.260  154.7  1.928e+01 
  85024  0.667   2  2013  311   1.40  56603.254  154.7  1.256e+01 
  85025  0.333   1  2013  311   1.90  56603.275  154.7  1.290e+01 
  85029  0.667   2  2013  311   3.67  56603.349  154.6  1.402e+01 
  85074  0.357   1  2013  312   2.19  56604.287  154.0  1.592e+01 
  85075  0.357   1  2013  312   2.81  56604.313  154.0  1.603e+01 
  85109  1.000   1  2013  312  19.84  56605.022  153.3  8.868e+00 
  85110  1.000   1  2013  312  20.36  56605.044  153.3  8.332e+00 
  85113  0.594   1  2013  312  21.69  56605.099  153.3  8.895e+00 
  85114  0.872   1  2013  312  22.18  56605.120  153.2  8.371e+00 
  85115  0.594   1  2013  312  22.88  56605.149  153.2  8.470e+00 
  85116  0.872   1  2013  312  23.48  56605.174  153.2  8.285e+00 
  85118  1.039   1  2013  313   0.39  56605.212  153.1  7.844e+00 
  85158  1.000   1  2013  313  20.08  56606.032  152.2  8.316e+00 
  85159  1.000   1  2013  313  20.61  56606.054  152.2  8.969e+00 
  85162  1.000   1  2013  313  22.44  56606.131  152.1  8.616e+00 
  85163  1.000   1  2013  313  22.97  56606.152  152.0  1.202e+01 
  85167  0.817   1  2013  314   0.76  56606.227  151.9  1.162e+01 
  85208  1.039   1  2013  314  21.05  56607.073  150.9  5.568e+00 
  85255  0.852   3  2013  315  20.73  56608.059  149.7  1.028e+01 
  85268  0.699   2  2013  316   3.14  56608.326  149.3  1.061e+01 
  85269  0.699   2  2013  316   3.64  56608.347  149.3  9.646e+00 
  85304  0.767   1  2013  316  21.24  56609.081  148.4  5.735e+00 
  85305  0.767   1  2013  316  21.64  56609.097  148.4  7.197e+00 
  85306  0.767   1  2013  316  22.48  56609.132  148.4  7.038e+00 
  85307  0.767   1  2013  316  22.88  56609.149  148.4  7.302e+00 
  85308  0.500   1  2013  316  23.36  56609.169  148.3  8.584e+00 
  85309  1.000   2  2013  316  23.81  56609.188  148.3  9.344e+00 
  85310  0.500   1  2013  317   0.26  56609.206  148.3  8.998e+00 
  85591  1.533   2  2013  322  20.71  56615.058  144.7  6.500e+00 
  85593  0.767   1  2013  322  21.72  56615.100  144.7  5.443e+00 
  85594  0.767   1  2013  322  22.11  56615.117  144.7  5.044e+00 
  85595  0.767   1  2013  322  22.68  56615.141  144.7  5.268e+00 
  85596  0.767   1  2013  322  23.08  56615.157  144.7  5.047e+00 
  85597  0.767   1  2013  322  23.90  56615.191  144.6  3.701e+00 
  85638  0.767   1  2013  323  20.24  56616.039  144.1  9.422e+00 
  85639  0.767   1  2013  323  20.64  56616.056  144.1  8.558e+00 
  85640  0.767   1  2013  323  21.41  56616.088  144.1  7.584e+00 
  85641  0.767   1  2013  323  21.81  56616.104  144.1  8.222e+00 
  85642  0.767   1  2013  323  22.34  56616.127  144.1  1.369e+01 
  85643  0.767   1  2013  323  22.75  56616.143  144.0  1.582e+01 
  85645  1.533   2  2013  323  23.73  56616.184  144.0  1.277e+01 
  85685  0.461   1  2013  324  19.83  56617.022  143.5  9.833e+00 
  85686  0.922   2  2013  324  20.22  56617.038  143.5  9.915e+00 
  85687  0.461   1  2013  324  20.61  56617.054  143.5  9.195e+00 
  85688  0.956   2  2013  324  21.32  56617.084  143.5  7.739e+00 
  85689  0.956   2  2013  324  21.83  56617.105  143.5  6.889e+00 
  85733  0.461   1  2013  325  19.95  56618.027  143.2  1.040e+01 
  85734  0.922   2  2013  325  20.34  56618.043  143.2  1.036e+01 
  85735  0.461   1  2013  325  20.73  56618.059  143.2  1.133e+01 
  85737  0.649   4  2013  325  21.64  56618.097  143.2  1.242e+01 
  85738  0.667   1  2013  325  22.34  56618.126  143.2  1.357e+01 
  85739  0.667   1  2013  325  22.70  56618.141  143.2  1.424e+01 
  85740  0.667   1  2013  325  23.33  56618.168  143.2  1.372e+01 
  85741  0.667   1  2013  325  23.69  56618.183  143.2  1.319e+01 
  85742  0.667   1  2013  326   0.23  56618.205  143.2  1.527e+01 
  85743  0.667   1  2013  326   0.60  56618.220  143.2  1.515e+01 
  85744  0.833   3  2013  326   1.20  56618.246  143.2  1.241e+01 
  85745  0.556   2  2013  326   1.72  56618.267  143.2  1.044e+01 
  85746  0.833   3  2013  326   2.24  56618.289  143.2  1.097e+01 
  85784  0.833   1  2013  326  21.48  56619.091  143.2  3.547e+00 
  85785  0.833   1  2013  326  21.93  56619.109  143.2  3.802e+00 
  85787  0.767   1  2013  326  22.96  56619.152  143.2  3.597e+00 
  85788  0.767   1  2013  326  23.36  56619.169  143.2  3.686e+00 
  85792  0.767   1  2013  327   1.25  56619.248  143.2  4.501e+00 
  85793  0.767   1  2013  327   1.65  56619.264  143.2  4.020e+00 
  85839  1.533   2  2013  328   0.71  56620.225  143.3  4.654e+00 
  85879  1.506   2  2013  328  20.79  56621.062  143.3  5.336e+00 
  85881  0.833   1  2013  328  21.73  56621.101  143.3  6.192e+00 
  85882  0.833   1  2013  328  22.18  56621.120  143.3  8.040e+00 
  85883  0.833   1  2013  328  22.91  56621.150  143.3  8.864e+00 
  85884  0.833   1  2013  328  23.36  56621.169  143.3  8.941e+00 
  85985  0.833   1  2013  331   1.68  56623.266  143.3  1.057e+01 
  85986  0.833   1  2013  331   2.13  56623.284  143.3  1.057e+01 
  85987  0.833   1  2013  331   2.86  56623.315  143.3  9.006e+00 
  85988  0.833   1  2013  331   3.30  56623.333  143.3  9.403e+00 
  86034  0.833   1  2013  332   2.17  56624.286  143.3  8.197e+00 
  86035  0.833   1  2013  332   2.62  56624.305  143.3  6.719e+00 
  86083  0.461   1  2013  333   2.88  56625.315  142.9  8.956e+00 
  86084  0.922   2  2013  333   3.26  56625.332  142.9  8.141e+00 
  86085  0.461   1  2013  333   3.65  56625.348  142.9  8.452e+00 
  86126  1.633   1  2013  334   0.30  56626.208  142.4  9.327e+00 
  86128  0.357   1  2013  334   1.20  56626.246  142.4  6.812e+00 
  86129  0.357   1  2013  334   1.84  56626.272  142.4  5.351e+00 
  86130  0.461   1  2013  334   2.34  56626.293  142.4  7.327e+00 
  86131  0.922   2  2013  334   2.73  56626.309  142.4  7.155e+00 
  86132  0.461   1  2013  334   3.12  56626.325  142.4  6.363e+00 
  86171  0.833   1  2013  334  22.66  56627.140  142.0  5.653e+00 
  86172  0.833   1  2013  334  23.11  56627.158  142.0  5.707e+00 
  86213  0.753   1  2013  335  19.92  56628.026  141.6  5.665e+00 
  86214  0.753   1  2013  335  20.33  56628.043  141.6  5.938e+00 
  86216  1.506   2  2013  335  21.26  56628.082  141.6  7.167e+00 
  86217  0.753   1  2013  335  21.96  56628.110  141.5  7.716e+00 
  86218  0.753   1  2013  335  22.36  56628.127  141.5  8.597e+00 
  86220  0.753   1  2013  335  23.44  56628.172  141.5  9.879e+00 
  86221  0.753   1  2013  335  23.85  56628.189  141.5  1.002e+01 
  86268  0.775   1  2013  336  23.44  56629.172  141.3  5.886e+00 
  86269  0.775   1  2013  336  23.85  56629.190  141.3  6.114e+00 
  86271  0.847   1  2013  337   0.64  56629.222  141.3  5.725e+00 
  86272  0.847   1  2013  337   1.08  56629.241  141.3  5.333e+00 
  86273  0.847   1  2013  337   1.81  56629.271  141.3  5.620e+00 
  86274  0.847   1  2013  337   2.25  56629.289  141.3  5.832e+00 
  86275  0.847   1  2013  337   2.95  56629.318  141.3  4.119e+00 
  86276  0.847   1  2013  337   3.39  56629.337  141.3  4.052e+00 
  86310  0.817   1  2013  337  20.33  56630.043  141.4  6.016e+00 
  86311  0.817   1  2013  337  20.76  56630.061  141.4  5.492e+00 
  86365  1.444   2  2013  338  23.74  56631.185  141.9  4.704e+00 
  86367  0.753   1  2013  339   0.93  56631.234  141.9  3.782e+00 
  86368  0.753   1  2013  339   1.34  56631.252  141.9  3.825e+00 
  86509  0.833   1  2013  341  23.96  56634.194  143.2  1.174e+01 
  86510  0.833   1  2013  342   0.41  56634.213  143.2  1.254e+01 
  86657  0.753   1  2013  345   1.81  56637.271  144.9  6.365e+00 
  86658  0.753   1  2013  345   2.22  56637.288  144.9  7.408e+00 
  86701  0.800   1  2013  345  23.72  56638.184  144.7  1.461e+01 
  86702  0.800   1  2013  346   0.15  56638.202  144.7  1.471e+01 
  86704  1.600   2  2013  346   1.22  56638.246  144.7  1.165e+01 
  86849  0.361   1  2013  349   1.99  56641.279  144.3  7.881e+00 
  86850  0.361   1  2013  349   2.22  56641.288  144.3  7.790e+00 
  86851  0.361   1  2013  349   2.68  56641.307  144.3  7.542e+00 
  86896  0.667   1  2013  350   1.14  56642.243  144.4  4.682e+00 
  86897  0.667   1  2013  350   1.50  56642.258  144.4  4.460e+00 
  86982  0.531   1  2013  351  20.24  56644.039  144.8  1.792e+00 
  86983  0.531   1  2013  351  20.81  56644.062  144.8  1.309e+00 
  87031  1.056   2  2013  352  20.77  56645.061  145.0  3.832e+00 
  87033  0.767   1  2013  352  21.74  56645.101  145.0  5.114e+00 
  87034  0.767   1  2013  352  22.14  56645.118  145.1  4.934e+00 
  87035  0.767   1  2013  352  22.93  56645.151  145.1  4.610e+00 
  87036  0.767   1  2013  352  23.33  56645.167  145.1  4.992e+00 
  87038  0.833   3  2013  353   0.25  56645.206  145.1  6.953e+00 
  87182  0.800   1  2013  356   0.39  56648.212  147.8  5.800e+00 
  87183  0.800   1  2013  356   0.82  56648.230  147.9  5.289e+00 
  87223  1.667   2  2013  356  20.78  56649.061  150.3  9.030e+00 
  87227  0.667   1  2013  356  22.82  56649.146  150.5  7.447e+00 
  87228  0.667   1  2013  356  23.18  56649.161  150.5  6.603e+00 
  87229  0.800   1  2013  356  23.85  56649.189  150.6  5.449e+00 
  87230  0.800   1  2013  357   0.27  56649.207  150.6  5.367e+00 
  87231  0.800   1  2013  357   0.78  56649.228  150.6  6.076e+00 
  87232  0.800   1  2013  357   1.21  56649.246  150.7  5.152e+00 
  87271  0.833   1  2013  357  20.63  56650.055  151.9  8.851e+00 
  87272  0.833   1  2013  357  21.08  56650.074  151.9  1.035e+01 
  87278  0.847   1  2013  358   0.09  56650.199  152.1  6.475e+00 
  87279  0.847   1  2013  358   0.53  56650.218  152.1  5.521e+00 
  87280  0.847   1  2013  358   1.34  56650.251  152.1  4.625e+00 
  87281  0.847   1  2013  358   1.78  56650.270  152.1  3.993e+00 
  87319  1.167   1  2013  358  20.76  56651.061  153.2  5.191e+00 
  87320  1.167   1  2013  358  21.38  56651.086  153.3  5.332e+00 
  87322  0.833   1  2013  358  22.27  56651.123  153.4  6.832e+00 
  87323  0.833   1  2013  358  22.71  56651.142  153.4  6.300e+00 
  87325  1.061   2  2013  358  23.65  56651.181  153.5  6.138e+00 
  87326  0.531   1  2013  359   0.08  56651.199  153.6  5.560e+00 
  87327  0.667   1  2013  359   0.66  56651.223  153.6  5.133e+00 
  87328  0.667   1  2013  359   1.02  56651.238  153.7  4.102e+00 
  87331  0.667   1  2013  359   2.89  56651.316  153.8  4.303e+00 
  87332  0.667   1  2013  359   3.25  56651.331  153.9  3.790e+00 
  87378  0.753   1  2013  360   2.33  56652.293  155.6  2.902e+00 
  87379  0.753   1  2013  360   2.74  56652.310  155.6  2.880e+00 
  87424  0.922   2  2013  361   1.28  56653.249  156.4  4.615e+00 
  87425  0.922   2  2013  361   1.79  56653.270  156.4  5.011e+00 
  87427  0.933   2  2013  361   2.63  56653.305  156.5  5.023e+00 
  87428  0.933   2  2013  361   3.29  56653.333  156.5  5.220e+00 
  87518  0.357   1  2013  363   0.21  56655.204  157.4  7.544e+00 
  87519  0.357   1  2013  363   0.83  56655.230  157.4  5.928e+00 
  87520  0.461   1  2013  363   1.42  56655.255  157.4  6.374e+00 
  87521  0.922   2  2013  363   1.81  56655.271  157.4  5.499e+00 
  87522  0.461   1  2013  363   2.20  56655.287  157.4  5.038e+00 
  87524  0.333   1  2013  363   3.45  56655.339  157.4  5.198e+00 
  87525  0.333   1  2013  363   3.64  56655.347  157.4  5.714e+00 
  87568  0.461   1  2013  364   1.36  56656.252  157.6  6.734e+00 
  87569  0.922   2  2013  364   1.75  56656.268  157.6  6.662e+00 
  87570  0.461   1  2013  364   2.14  56656.285  157.6  6.383e+00 
  87620  0.586   2  2013  365   3.26  56657.331  157.3  1.195e+01 
  87654  0.667   2  2013  365  20.28  56658.040  156.9  8.750e+00 
  87655  0.667   2  2013  365  20.67  56658.057  156.9  7.432e+00 
  87758  0.357   1  2014    3   0.14  56660.201  155.0  6.146e+00 
  87759  0.357   1  2014    3   0.76  56660.227  155.0  5.415e+00 
  87760  0.461   1  2014    3   1.26  56660.248  155.0  6.833e+00 
  87761  0.922   2  2014    3   1.65  56660.264  155.0  6.795e+00 
  87762  0.461   1  2014    3   2.04  56660.280  154.9  6.141e+00 
  87763  0.922   2  2014    3   2.69  56660.308  154.9  5.147e+00 
  87764  0.922   2  2014    3   3.21  56660.329  154.9  4.851e+00 
  87799  0.775   1  2014    3  20.71  56661.058  154.3  2.708e+00 
  87800  0.775   1  2014    3  21.13  56661.076  154.3  2.254e+00 
  87808  0.717   3  2014    4   1.28  56661.249  154.2  7.016e+00 
  87809  0.956   4  2014    4   1.75  56661.268  154.2  7.283e+00 
  87811  0.692   1  2014    4   2.71  56661.308  154.1  6.217e+00 
  87812  0.692   1  2014    4   3.08  56661.324  154.1  5.800e+00 
  87907  0.508   3  2014    6   2.64  56663.305  153.4  7.065e+00 
  87908  0.339   2  2014    6   3.27  56663.332  153.4  5.816e+00 
  87944  0.753   1  2014    6  21.31  56664.083  153.3  5.619e+00 
  87947  1.633   1  2014    6  22.63  56664.139  153.3  8.011e+00 
  87949  0.956   4  2014    6  23.77  56664.186  153.4  9.857e+00 
  87950  0.717   3  2014    7   0.23  56664.205  153.4  8.289e+00 
  87953  0.620   2  2014    7   1.74  56664.268  153.4  7.059e+00 
  87954  0.930   3  2014    7   2.19  56664.287  153.4  6.178e+00 
  87992  0.395   1  2014    7  21.10  56665.075  153.8  4.718e+00 
  88045  0.667   1  2014    8  23.97  56666.194  154.7  5.736e+00 
  88096  0.956   4  2014   10   1.26  56667.248  155.2  1.138e+01 
  88097  0.956   4  2014   10   1.79  56667.270  155.2  9.560e+00 
  88289  0.478   2  2014   14   1.89  56671.274  155.0  3.207e+00 
  88290  0.956   4  2014   14   2.29  56671.291  155.0  2.151e+00 
  88293  0.539   2  2014   14   3.60  56671.345  155.0  2.758e+00 
  88522  0.603   1  2014   18  22.32  56676.125  150.2  1.339e+00 
  88524  0.603   1  2014   18  23.19  56676.162  150.2  1.350e+00 
  88531  0.503   1  2014   19   3.00  56676.321  150.0  8.242e+00 
  88567  0.667   1  2014   19  20.87  56677.065  149.1  7.204e+00 
  88568  0.667   1  2014   19  21.23  56677.080  149.1  5.767e+00 
  88569  0.333   1  2014   19  21.82  56677.105  149.1  5.229e+00 
  88570  0.333   1  2014   19  22.04  56677.114  149.1  5.006e+00 
  88572  1.333   2  2014   19  23.21  56677.163  149.1  3.816e+00 
  88581  0.633   3  2014   20   3.78  56677.353  149.0  4.636e+00 
  88624  1.633   1  2014   21   1.06  56678.240  148.0  1.999e+00 
  88712  0.887   3  2014   22  21.28  56680.082  146.9  2.454e+00 
  88908  0.586   2  2014   26  23.36  56684.169  149.2  7.108e+00 
  88915  0.649   4  2014   27   2.78  56684.311  149.4  7.470e+00 
  88957  0.461   1  2014   27  23.82  56685.188  150.2  9.043e+00 
  88958  0.922   2  2014   28   0.21  56685.204  150.2  9.177e+00 
  88959  0.461   1  2014   28   0.60  56685.221  150.2  9.336e+00 
  88960  0.956   4  2014   28   1.27  56685.248  150.2  7.566e+00 
  88961  0.956   4  2014   28   1.80  56685.271  150.3  6.049e+00 
  88963  0.692   1  2014   28   2.79  56685.312  150.3  4.285e+00 
  88964  0.692   1  2014   28   3.17  56685.328  150.3  3.668e+00 
  88965  0.467   1  2014   28   3.80  56685.354  150.3  3.369e+00 
  88966  0.467   1  2014   28   4.06  56685.365  150.4  3.711e+00 
  89047  0.543   1  2014   29  20.59  56687.054  152.8  4.782e+00 
  89049  1.633   1  2014   29  21.54  56687.093  152.8  5.131e+00 
  89051  1.633   1  2014   29  22.81  56687.146  152.9  5.680e+00 
  89053  0.956   4  2014   29  23.73  56687.184  153.0  5.650e+00 
  89054  0.956   4  2014   30   0.26  56687.206  153.0  5.840e+00 
  89058  0.722   1  2014   30   2.29  56687.291  153.1  5.366e+00 
  89059  0.722   1  2014   30   2.69  56687.308  153.1  5.496e+00 
  89061  0.922   2  2014   30   3.74  56687.352  153.2  6.075e+00 
  89062  0.922   2  2014   30   4.26  56687.373  153.2  6.337e+00 
  89097  1.633   1  2014   30  21.50  56688.091  154.3  7.939e+00 
  89098  0.478   2  2014   30  22.33  56688.126  154.3  7.965e+00 
  89099  0.956   4  2014   30  22.73  56688.143  154.3  7.540e+00 
  89100  0.478   2  2014   30  23.13  56688.159  154.4  6.937e+00 
  89107  0.922   2  2014   31   2.86  56688.315  154.6  6.475e+00 
  89108  0.461   1  2014   31   3.25  56688.331  154.6  5.920e+00 
  89109  0.461   1  2014   31   3.50  56688.342  154.6  6.721e+00 
  89145  0.478   2  2014   31  21.86  56689.106  155.7  6.194e+00 
  89146  0.956   4  2014   31  22.26  56689.123  155.7  5.959e+00 
  89147  0.478   2  2014   31  22.66  56689.140  155.7  5.578e+00 
  89156  0.692   1  2014   32   3.40  56689.337  156.0  5.486e+00 
  89193  0.478   2  2014   32  21.86  56690.106  157.0  7.293e+00 
  89194  0.956   4  2014   32  22.26  56690.123  157.0  7.326e+00 
  89195  0.478   2  2014   32  22.66  56690.140  157.1  6.908e+00 
  89196  0.620   2  2014   32  23.26  56690.165  157.1  7.125e+00 
  89197  0.930   3  2014   32  23.72  56690.184  157.1  6.844e+00 
  89199  0.556   2  2014   33   0.83  56690.230  157.2  5.115e+00 
  89200  0.833   3  2014   33   1.26  56690.248  157.2  4.524e+00 
  89202  0.692   1  2014   33   2.28  56690.290  157.3  4.250e+00 
  89203  0.692   1  2014   33   2.65  56690.306  157.3  4.920e+00 
  89204  0.540   2  2014   33   3.24  56690.331  157.3  5.972e+00 
  89246  0.956   4  2014   34   0.23  56691.205  158.2  1.394e+01 
  89247  0.717   3  2014   34   0.69  56691.225  158.2  1.423e+01 
  89248  0.717   3  2014   34   1.32  56691.250  158.2  1.230e+01 
  89249  0.956   4  2014   34   1.78  56691.270  158.2  1.214e+01 
  89250  0.549   2  2014   34   2.28  56691.290  158.3  1.039e+01 
  89251  0.930   3  2014   34   2.77  56691.311  158.3  9.526e+00 
  89252  0.620   2  2014   34   3.22  56691.330  158.3  9.468e+00 
  89253  0.461   1  2014   34   3.80  56691.354  158.3  9.008e+00 
  89254  0.461   1  2014   34   4.06  56691.365  158.3  9.055e+00 
  89289  0.656   2  2014   34  21.77  56692.103  158.7  8.269e+00 
  89290  0.983   3  2014   34  22.21  56692.121  158.7  7.767e+00 
  89337  0.717   3  2014   35  21.74  56693.102  159.0  7.193e+00 
  89338  0.956   4  2014   35  22.21  56693.121  159.0  7.590e+00 
  89342  0.539   2  2014   36   0.34  56693.210  159.0  8.653e+00 
  89343  0.808   3  2014   36   0.71  56693.225  159.0  9.628e+00 
  89345  0.340   2  2014   36   1.64  56693.264  159.0  6.051e+00 
  89386  0.586   2  2014   36  22.25  56694.123  159.4  5.382e+00 
  89387  0.847   1  2014   36  22.94  56694.151  159.5  6.035e+00 
  89388  0.847   1  2014   36  23.38  56694.170  159.5  6.691e+00 
  89392  0.956   4  2014   37   1.21  56694.246  159.5  5.100e+00 
  89393  0.478   2  2014   37   1.60  56694.262  159.6  5.228e+00 
  89394  0.956   4  2014   37   2.28  56694.290  159.6  5.704e+00 
  89395  0.717   3  2014   37   2.74  56694.310  159.6  6.309e+00 
  89396  0.401   2  2014   37   3.19  56694.328  159.6  5.659e+00 
  89397  0.811   5  2014   37   3.73  56694.351  159.6  5.140e+00 
  89438  1.008   3  2014   38   0.27  56695.207  160.3  5.008e+00 
  89439  0.336   1  2014   38   0.71  56695.225  160.3  5.179e+00 
  89440  0.672   2  2014   38   1.33  56695.251  160.4  5.339e+00 
  89441  0.672   2  2014   38   1.77  56695.269  160.4  5.323e+00 
  89485  0.800   1  2014   38  23.68  56696.182  161.1  1.330e+01 
  89486  0.800   1  2014   39   0.11  56696.200  161.2  1.096e+01 
  89488  1.328   1  2014   39   1.01  56696.238  161.2  9.239e+00 
  89489  1.328   1  2014   39   1.73  56696.268  161.2  8.533e+00 
  89494  0.528   1  2014   39   4.36  56696.377  161.3  6.879e+00 
  89495  0.528   1  2014   39   4.66  56696.390  161.3  8.520e+00 
  89531  0.556   2  2014   39  22.80  56697.146  162.0  4.767e+00 
  89532  0.556   2  2014   39  23.30  56697.167  162.1  6.566e+00 
  89533  0.833   3  2014   39  23.74  56697.185  162.1  6.998e+00 
  89535  1.328   1  2014   40   0.77  56697.228  162.1  8.112e+00 
  89536  1.328   1  2014   40   1.49  56697.258  162.1  8.928e+00 
  89538  0.467   1  2014   40   2.29  56697.291  162.2  1.186e+01 
  89539  0.933   2  2014   40   2.86  56697.315  162.2  1.022e+01 
  89579  0.833   3  2014   40  22.71  56698.142  163.0  1.071e+01 
  89580  0.833   3  2014   40  23.24  56698.164  163.0  1.023e+01 
  89581  0.667   1  2014   40  23.92  56698.192  163.1  1.012e+01 
  89582  0.667   1  2014   41   0.28  56698.207  163.1  9.745e+00 
  89584  1.328   1  2014   41   1.06  56698.240  163.1  1.093e+01 
  89585  1.328   1  2014   41   1.78  56698.270  163.2  9.716e+00 
  89587  0.922   2  2014   41   2.71  56698.308  163.2  9.454e+00 
  89588  0.922   2  2014   41   3.23  56698.330  163.2  1.097e+01 
  89627  1.333   2  2014   41  22.69  56699.141  163.9  7.130e+00 
  89629  0.956   4  2014   41  23.74  56699.185  163.9  1.229e+01 
  89630  0.717   3  2014   42   0.21  56699.204  164.0  1.234e+01 
  89631  0.478   2  2014   42   0.85  56699.231  164.0  1.007e+01 
  89632  0.956   4  2014   42   1.25  56699.248  164.0  1.007e+01 
  89633  0.478   2  2014   42   1.65  56699.264  164.0  1.175e+01 
  89634  1.328   1  2014   42   2.43  56699.297  164.0  1.545e+01 
  89636  1.328   1  2014   42   3.15  56699.327  164.0  1.607e+01 
  89638  0.933   2  2014   42   4.18  56699.370  164.0  1.414e+01 
  89677  1.328   1  2014   42  23.86  56700.190  164.5  5.860e+00 
  89679  1.328   1  2014   43   0.58  56700.220  164.6  5.867e+00 
  89681  1.328   1  2014   43   1.64  56700.264  164.6  6.831e+00 
  89682  1.328   1  2014   43   2.35  56700.294  164.6  7.361e+00 
  89683  0.478   2  2014   43   2.93  56700.318  164.6  8.232e+00 
  89684  0.478   2  2014   43   3.33  56700.334  164.6  7.855e+00 
  89685  0.717   3  2014   43   3.66  56700.348  164.7  8.429e+00 
  89717  0.333   1  2014   43  19.93  56701.026  165.1  2.216e+00 
  89718  0.333   1  2014   43  20.11  56701.034  165.1  1.167e+00 
  89733  0.667   1  2014   44   3.75  56701.352  165.4  6.261e+00 
  89734  0.667   1  2014   44   4.11  56701.367  165.4  6.278e+00 
  89962  0.667   1  2014   48  22.46  56706.131  163.9  5.828e+00 
  89963  0.667   1  2014   48  22.82  56706.146  163.9  6.263e+00 
  89965  1.333   2  2014   48  23.78  56706.186  163.9  6.802e+00 
  89967  0.667   1  2014   49   0.75  56706.227  163.9  7.270e+00 
  89968  0.667   1  2014   49   1.12  56706.242  163.8  7.288e+00 
  90009  0.667   1  2014   49  21.99  56707.112  163.0  1.145e+01 
  90010  0.667   1  2014   49  22.35  56707.127  162.9  1.317e+01 
  90013  0.667   1  2014   49  23.72  56707.184  162.9  1.518e+01 
  90014  0.667   1  2014   50   0.08  56707.199  162.9  1.563e+01 
  90015  1.328   1  2014   50   0.92  56707.234  162.8  1.612e+01 
  90017  1.328   1  2014   50   1.64  56707.264  162.8  1.360e+01 
  90061  1.328   1  2014   50  23.96  56708.194  161.6  6.276e+00 
  90063  1.328   1  2014   51   0.67  56708.224  161.5  7.152e+00 
  90106  0.747   5  2014   51  22.28  56709.124  160.3  7.866e+00 
  90107  0.747   5  2014   51  22.70  56709.142  160.3  8.710e+00 
  90117  1.333   2  2014   52   3.69  56709.349  160.1  8.419e+00 
  90158  0.922   2  2014   53   0.32  56710.209  159.3  8.692e+00 
  90159  0.922   2  2014   53   0.84  56710.230  159.3  9.036e+00 
  90161  0.922   2  2014   53   1.69  56710.266  159.3  7.733e+00 
  90162  0.922   2  2014   53   2.21  56710.288  159.3  7.444e+00 
  90163  0.461   1  2014   53   2.86  56710.315  159.3  6.639e+00 
  90164  0.922   2  2014   53   3.24  56710.331  159.3  7.217e+00 
  90165  0.461   1  2014   53   3.63  56710.347  159.2  7.729e+00 
  90203  0.922   2  2014   53  22.86  56711.148  158.6  7.065e+00 
  90204  0.461   1  2014   53  23.25  56711.164  158.5  8.220e+00 
  90205  0.461   1  2014   53  23.51  56711.175  158.5  8.650e+00 
  90206  0.922   2  2014   54   0.21  56711.204  158.5  9.799e+00 
  90207  0.922   2  2014   54   0.73  56711.226  158.5  1.034e+01 
  90208  0.461   1  2014   54   1.38  56711.253  158.5  1.039e+01 
  90209  0.922   2  2014   54   1.77  56711.269  158.5  1.033e+01 
  90210  0.461   1  2014   54   2.15  56711.285  158.4  1.055e+01 
  90211  0.922   2  2014   54   2.82  56711.313  158.4  1.023e+01 
  90212  0.922   2  2014   54   3.34  56711.335  158.4  8.625e+00 
  90214  1.333   2  2014   54   4.19  56711.370  158.4  8.215e+00 
  90247  0.897   6  2014   54  20.74  56712.060  157.8  8.004e+00 
  90248  0.538   3  2014   54  21.27  56712.082  157.8  8.652e+00 
  90249  0.478   2  2014   54  21.83  56712.105  157.8  1.049e+01 
  90250  0.956   4  2014   54  22.22  56712.122  157.8  1.053e+01 
  90251  0.478   2  2014   54  22.88  56712.149  157.8  1.106e+01 
  90252  0.956   4  2014   54  23.28  56712.165  157.8  1.231e+01 
  90253  0.478   2  2014   54  23.68  56712.182  157.8  1.356e+01 
  90297  0.656   2  2014   55  21.75  56713.102  157.3  1.019e+01 
  90298  0.983   3  2014   55  22.18  56713.120  157.3  1.064e+01 
  90299  0.692   1  2014   55  22.95  56713.152  157.2  1.246e+01 
  90300  0.692   1  2014   55  23.33  56713.167  157.2  1.182e+01 
  90308  0.930   3  2014   56   3.32  56713.334  157.1  6.525e+00 
  90309  0.620   2  2014   56   3.77  56713.353  157.1  6.735e+00 
  90346  0.692   1  2014   56  22.18  56714.120  156.8  1.262e+01 
  90347  0.692   1  2014   56  22.55  56714.135  156.8  1.307e+01 
  90358  0.528   1  2014   57   4.26  56714.373  156.9  1.015e+01 
  90359  0.528   1  2014   57   4.56  56714.385  156.9  1.047e+01 
  90406  0.933   2  2014   58   4.23  56715.372  156.7  6.517e+00 
  90488  0.692   1  2014   59  21.47  56717.090  155.6  6.021e+00 
  90489  0.692   1  2014   59  21.85  56717.106  155.6  6.513e+00 
  90491  0.692   1  2014   59  22.91  56717.150  155.6  8.624e+00 
  90492  0.692   1  2014   59  23.29  56717.166  155.6  9.490e+00 
  90535  0.667   2  2014   60  20.84  56718.064  155.1  7.342e+00 
  90536  0.667   2  2014   60  21.22  56718.080  155.1  8.701e+00 
  90537  0.667   2  2014   60  21.87  56718.107  155.0  1.171e+01 
  90538  0.667   2  2014   60  22.26  56718.123  155.0  1.393e+01 
  90540  1.167   1  2014   60  23.18  56718.161  155.0  1.773e+01 
  90541  1.167   1  2014   60  23.80  56718.187  155.0  1.818e+01 
  90546  0.389   1  2014   61   2.26  56718.290  155.0  1.710e+01 
  90547  0.389   1  2014   61   2.51  56718.300  155.0  1.593e+01 
  90586  0.692   1  2014   61  22.18  56719.120  154.6  8.364e+00 
  90587  0.692   1  2014   61  22.56  56719.136  154.5  8.842e+00 
  90629  0.542   3  2014   62  19.82  56720.021  154.1  6.796e+00 
  90630  0.722   4  2014   62  20.19  56720.037  154.1  6.459e+00 
  90631  0.456   2  2014   62  20.68  56720.057  154.1  6.500e+00 
  90632  0.456   2  2014   62  21.27  56720.082  154.0  6.931e+00 
  90633  0.456   2  2014   62  21.65  56720.098  154.0  7.896e+00 
  90634  1.025   3  2014   62  22.27  56720.124  154.0  8.438e+00 
  90635  0.342   1  2014   62  22.65  56720.139  154.0  8.017e+00 
  90637  0.911   4  2014   62  23.72  56720.184  154.0  7.385e+00 
  90638  0.911   4  2014   63   0.24  56720.206  154.0  6.996e+00 
  90639  0.683   3  2014   63   0.77  56720.228  154.0  7.700e+00 
  90640  0.911   4  2014   63   1.22  56720.247  154.0  7.144e+00 
  90641  0.630   3  2014   63   1.78  56720.270  154.0  8.004e+00 
  90642  0.804   4  2014   63   2.27  56720.290  153.9  8.375e+00 
  90643  0.603   3  2014   63   2.68  56720.307  153.9  8.606e+00 
  90644  1.006   5  2014   63   3.24  56720.330  153.9  8.945e+00 
  90645  0.804   4  2014   63   3.77  56720.353  153.9  8.672e+00 
  90646  0.744   4  2014   63   4.30  56720.375  153.9  9.491e+00 
  90678  0.929   4  2014   63  20.28  56721.040  153.6  6.889e+00 
  90679  0.464   2  2014   63  20.77  56721.061  153.5  6.717e+00 
  90681  0.342   1  2014   63  21.83  56721.105  153.5  6.851e+00 
  90682  1.025   3  2014   63  22.21  56721.121  153.5  6.891e+00 
  90685  0.683   2  2014   63  23.77  56721.186  153.5  8.580e+00 
  90686  1.025   3  2014   64   0.24  56721.206  153.5  9.652e+00 
  90687  0.683   2  2014   64   0.80  56721.229  153.4  1.032e+01 
  90688  1.025   3  2014   64   1.28  56721.249  153.4  1.103e+01 
  90690  0.453   2  2014   64   2.29  56721.291  153.4  1.178e+01 
  90691  0.680   3  2014   64   2.75  56721.310  153.4  1.290e+01 
  90692  0.916   4  2014   64   3.29  56721.333  153.4  1.408e+01 
  90693  0.687   3  2014   64   3.76  56721.352  153.4  1.483e+01 
  90694  0.916   4  2014   64   4.26  56721.373  153.3  1.533e+01 
  90695  0.458   2  2014   64   4.67  56721.390  153.3  1.621e+01 
  90725  0.942   3  2014   64  19.80  56722.021  153.0  6.654e+00 
  90727  0.864   3  2014   64  20.70  56722.058  153.0  6.367e+00 
  90728  0.808   3  2014   64  21.32  56722.084  153.0  5.507e+00 
  90729  0.550   2  2014   64  21.77  56722.103  153.0  6.006e+00 
  90739  0.907   4  2014   65   2.74  56722.310  153.0  1.060e+01 
  90740  0.907   4  2014   65   3.27  56722.332  153.0  1.186e+01 
  90741  0.791   2  2014   65   3.82  56722.355  153.0  1.404e+01 
  90742  0.564   1  2014   65   4.21  56722.371  153.0  1.372e+01 
  90773  0.883   3  2014   65  19.78  56723.020  152.8  1.021e+01 
  90774  0.883   3  2014   65  20.28  56723.041  152.8  1.028e+01 
  90775  0.589   2  2014   65  20.77  56723.061  152.8  1.076e+01 
  90778  0.589   2  2014   65  22.17  56723.119  152.8  8.875e+00 
  90779  0.883   3  2014   65  22.82  56723.147  152.8  8.497e+00 
  90780  0.589   2  2014   65  23.40  56723.171  152.8  7.668e+00 
  90781  0.589   2  2014   65  23.83  56723.188  152.8  8.012e+00 
  90782  0.589   2  2014   66   0.16  56723.202  152.8  8.426e+00 
  90836  0.667   1  2014   67   3.09  56724.324  152.6  1.233e+01 
  90837  0.933   2  2014   67   3.85  56724.356  152.6  1.255e+01 
  90873  0.478   2  2014   67  21.89  56725.108  152.3  1.077e+01 
  90874  0.956   4  2014   67  22.29  56725.124  152.3  1.117e+01 
  90875  0.478   2  2014   67  22.69  56725.141  152.3  1.040e+01 
  90876  0.478   2  2014   67  23.35  56725.168  152.3  9.483e+00 
  90877  0.956   4  2014   67  23.75  56725.185  152.2  1.057e+01 
  90878  0.478   2  2014   68   0.15  56725.202  152.2  1.072e+01 
  90973  1.000   1  2014   69  23.69  56727.183  151.3  1.229e+01 
  90974  1.000   1  2014   70   0.20  56727.204  151.3  1.120e+01 
  90975  1.000   1  2014   70   0.88  56727.232  151.3  9.160e+00 
  90976  1.000   1  2014   70   1.39  56727.254  151.3  7.524e+00 
  90978  1.000   1  2014   70   2.23  56727.289  151.3  7.518e+00 
  90979  1.000   1  2014   70   2.75  56727.310  151.3  7.446e+00 
  90980  1.000   1  2014   70   3.38  56727.336  151.2  5.901e+00 
  90981  1.000   1  2014   70   3.89  56727.358  151.2  5.097e+00 
  91013  1.000   1  2014   70  19.74  56728.018  150.9  5.207e+00 
  91014  1.000   1  2014   70  20.26  56728.040  150.8  5.980e+00 
  91015  1.000   1  2014   70  20.91  56728.067  150.8  6.951e+00 
  91016  1.000   1  2014   70  21.43  56728.088  150.8  7.905e+00 
  91018  1.000   1  2014   70  22.27  56728.123  150.8  7.606e+00 
  91019  1.000   1  2014   70  22.78  56728.145  150.8  8.165e+00 
  91021  1.000   1  2014   70  23.57  56728.177  150.7  9.362e+00 
  91022  1.000   1  2014   71   0.08  56728.199  150.7  1.094e+01 
  91023  0.933   2  2014   71   0.82  56728.230  150.7  1.200e+01 
  91024  0.667   1  2014   71   1.37  56728.253  150.7  1.192e+01 
  91025  0.667   1  2014   71   1.73  56728.268  150.7  1.108e+01 
  91026  0.667   1  2014   71   2.40  56728.296  150.6  1.132e+01 
  91027  0.667   1  2014   71   2.76  56728.311  150.6  1.180e+01 
  91028  0.461   1  2014   71   3.38  56728.336  150.6  1.297e+01 
  91029  0.922   2  2014   71   3.77  56728.352  150.6  1.460e+01 
  91030  0.461   1  2014   71   4.15  56728.369  150.6  1.703e+01 
  91067  0.667   1  2014   71  22.70  56729.141  149.9  1.029e+01 
  91068  0.667   1  2014   71  23.44  56729.172  149.9  1.300e+01 
  91069  0.667   1  2014   71  23.80  56729.187  149.9  1.250e+01 
  91072  0.750   3  2014   72   1.29  56729.249  149.9  1.380e+01 
  91075  0.750   3  2014   72   2.78  56729.312  149.8  1.655e+01 
  91076  0.500   2  2014   72   3.31  56729.334  149.8  1.406e+01 
  91451  0.983   1  2014   79  22.85  56737.148  147.5  8.856e+00 
  91452  0.983   1  2014   79  23.36  56737.169  147.5  8.757e+00 
  91505  0.983   1  2014   81   1.87  56738.273  148.0  9.237e+00 
  91506  0.983   1  2014   81   2.38  56738.295  148.0  7.056e+00 
  91508  0.650   1  2014   81   3.21  56738.329  148.0  5.079e+00 
  91509  0.650   1  2014   81   3.55  56738.343  148.0  4.674e+00 
  91543  0.983   1  2014   81  20.92  56739.067  148.3  7.921e+00 
  91544  0.983   1  2014   81  21.43  56739.088  148.3  7.696e+00 
  91546  0.983   1  2014   81  22.27  56739.123  148.3  9.059e+00 
  91547  0.983   1  2014   81  22.78  56739.145  148.3  8.554e+00 
  91551  0.336   1  2014   82   0.87  56739.232  148.3  1.207e+01 
  91552  0.672   2  2014   82   1.20  56739.245  148.3  1.330e+01 
  91553  0.336   1  2014   82   1.52  56739.259  148.3  1.371e+01 
  91554  0.667   1  2014   82   2.18  56739.286  148.3  1.852e+01 
  91555  0.667   1  2014   82   2.54  56739.301  148.3  2.126e+01 
  91556  0.667   1  2014   82   3.24  56739.330  148.3  2.363e+01 
  91557  0.667   1  2014   82   3.60  56739.345  148.3  2.387e+01 
  91558  1.333   2  2014   82   4.29  56739.374  148.3  2.578e+01 
  91601  1.333   2  2014   83   1.78  56740.270  148.1  1.170e+01 
  91603  0.667   1  2014   83   2.76  56740.311  148.1  1.110e+01 
  91604  0.667   1  2014   83   3.12  56740.326  148.1  1.125e+01 
  91605  0.667   1  2014   83   3.80  56740.354  148.1  1.049e+01 
  91606  0.667   1  2014   83   4.17  56740.369  148.1  1.031e+01 
  91643  1.167   1  2014   83  23.00  56741.154  147.7  9.000e+00 
  91645  1.167   1  2014   83  23.61  56741.179  147.7  9.560e+00 
  91648  0.926   1  2014   84   1.10  56741.241  147.6  1.166e+01 
  91649  0.926   1  2014   84   1.59  56741.262  147.6  1.216e+01 
  91651  1.167   1  2014   84   2.78  56741.311  147.6  1.744e+01 
  91652  1.167   1  2014   84   3.39  56741.337  147.6  1.729e+01 
  91654  0.747   5  2014   84   4.31  56741.375  147.5  1.590e+01 
  91655  0.747   5  2014   84   4.73  56741.393  147.5  1.467e+01 
  91693  1.167   1  2014   84  23.62  56742.180  147.0  8.706e+00 
  91694  1.167   1  2014   85   0.23  56742.205  147.0  9.391e+00 
  91696  1.167   1  2014   85   1.44  56742.255  146.9  7.979e+00 
  91698  1.167   1  2014   85   2.05  56742.281  146.9  8.865e+00 
  91700  0.922   2  2014   85   3.17  56742.328  146.9  1.059e+01 
  91701  0.922   2  2014   85   3.69  56742.349  146.9  1.519e+01 
  91702  0.377   1  2014   85   4.42  56742.380  146.9  1.497e+01 
  91704  0.377   1  2014   85   5.08  56742.407  146.9  1.457e+01 
  91741  1.293   1  2014   85  23.69  56743.183  146.5  9.993e+00 
  91742  1.293   1  2014   86   0.36  56743.211  146.4  1.029e+01 
  91744  0.377   1  2014   86   1.09  56743.241  146.4  8.744e+00 
  91745  0.377   1  2014   86   1.75  56743.268  146.4  9.303e+00 
  91746  0.377   1  2014   86   2.23  56743.289  146.4  1.051e+01 
  91747  0.377   1  2014   86   2.90  56743.316  146.4  1.023e+01 
  91748  0.377   1  2014   86   3.44  56743.339  146.4  1.021e+01 
  91750  0.377   1  2014   86   4.10  56743.366  146.4  9.963e+00 
  91782  1.383   2  2014   86  20.22  56744.038  146.1  1.363e+01 
  91784  0.692   1  2014   86  21.17  56744.078  146.1  1.457e+01 
  91785  0.692   1  2014   86  21.55  56744.093  146.1  1.427e+01 
  91786  0.692   1  2014   86  22.39  56744.129  146.0  1.217e+01 
  91787  0.692   1  2014   86  22.77  56744.144  146.0  1.163e+01 
  91789  1.000   2  2014   86  23.65  56744.181  146.0  1.245e+01 
  91790  1.000   2  2014   87   0.20  56744.204  146.0  1.319e+01 
  91791  0.500   1  2014   87   0.79  56744.228  146.0  1.342e+01 
  91792  0.500   1  2014   87   1.07  56744.240  146.0  1.244e+01 
  91834  1.293   1  2014   87  22.19  56745.120  145.9  1.406e+01 
  91842  0.649   4  2014   88   2.33  56745.293  145.9  1.015e+01 
  91879  0.833   1  2014   88  20.89  56746.066  146.0  1.786e+01 
  91881  0.833   1  2014   88  21.51  56746.092  146.0  1.758e+01 
  91886  0.833   1  2014   89   0.19  56746.203  146.0  9.677e+00 
  91887  1.000   1  2014   89   0.82  56746.230  146.0  8.543e+00 
  91891  1.000   1  2014   89   2.76  56746.310  146.0  9.745e+00 
  91895  0.833   1  2014   89   4.84  56746.397  146.0  8.446e+00 
  92073  1.017   3  2014   92  21.75  56750.102  147.6  1.143e+01 
  92074  0.339   1  2014   92  22.17  56750.119  147.6  1.132e+01 
  92075  0.678   2  2014   92  22.80  56750.146  147.6  1.245e+01 
  92076  0.678   2  2014   92  23.22  56750.163  147.7  1.360e+01 
  92276  1.089   2  2014   97   3.25  56754.331  151.0  1.899e+01 
  92277  0.544   1  2014   97   3.68  56754.349  151.0  2.016e+01 
  92314  1.333   2  2014   97  22.27  56755.123  151.2  1.383e+01 
  92316  1.333   2  2014   97  23.28  56755.166  151.2  1.279e+01 
  92317  0.667   1  2014   97  23.99  56755.195  151.2  1.325e+01 
  92318  0.667   1  2014   98   0.35  56755.210  151.2  1.241e+01 
  92320  1.089   2  2014   98   1.17  56755.244  151.2  1.141e+01 
  92321  0.544   1  2014   98   1.60  56755.262  151.2  1.235e+01 
  92322  0.481   1  2014   98   2.37  56755.294  151.3  1.466e+01 
  92323  0.962   2  2014   98   2.75  56755.310  151.3  1.756e+01 
  92324  0.789   1  2014   98   3.42  56755.338  151.3  2.179e+01 
  92325  0.789   1  2014   98   3.85  56755.356  151.3  2.204e+01 
  92357  0.667   1  2014   98  19.89  56756.024  151.4  1.852e+01 
  92358  0.667   1  2014   98  20.24  56756.039  151.4  1.775e+01 
  92359  0.667   1  2014   98  20.97  56756.069  151.4  1.555e+01 
  92360  0.667   1  2014   98  21.32  56756.084  151.4  1.506e+01 
  92361  0.667   1  2014   98  21.82  56756.105  151.4  1.625e+01 
  92362  0.667   1  2014   98  22.17  56756.119  151.4  1.596e+01 
  92363  0.667   1  2014   98  22.84  56756.147  151.4  1.398e+01 
  92364  0.667   1  2014   98  23.19  56756.162  151.4  1.408e+01 
  92366  1.333   2  2014   99   0.31  56756.208  151.3  1.276e+01 
  92372  0.481   1  2014   99   3.45  56756.339  151.3  1.645e+01 
  92373  0.962   2  2014   99   3.83  56756.355  151.3  1.835e+01 
  92406  0.608   5  2014   99  20.25  56757.039  151.1  3.973e+01 
  92408  0.608   5  2014   99  21.26  56757.081  151.1  2.104e+01 
  92410  0.611   5  2014   99  22.27  56757.124  151.1  2.412e+01 
  92411  0.611   5  2014   99  22.73  56757.143  151.1  2.168e+01 
  92836  0.361   2  2014  108  19.37  56766.003  143.2  5.751e+01 
  92837  0.883   3  2014  108  19.74  56766.018  143.2  5.491e+01 
  92838  0.883   3  2014  108  20.25  56766.039  143.2  4.934e+01 
  92839  0.883   3  2014  108  20.79  56766.062  143.2  4.299e+01 
  92841  0.589   2  2014  108  21.87  56766.107  143.2  3.036e+01 
  92842  0.333   1  2014  108  22.46  56766.131  143.2  2.782e+01 
  92843  0.667   2  2014  108  22.73  56766.143  143.2  2.779e+01 
  92844  1.000   3  2014  108  23.19  56766.162  143.2  2.423e+01 
  92845  0.667   2  2014  108  23.81  56766.188  143.2  2.404e+01 
  92846  0.333   1  2014  109   0.09  56766.199  143.2  2.599e+01 
  92848  0.667   2  2014  109   1.19  56766.245  143.1  2.175e+01 
  92849  1.000   3  2014  109   1.71  56766.267  143.1  2.034e+01 
  92888  0.667   4  2014  109  21.23  56767.080  143.0  2.547e+01 
  92889  0.667   4  2014  109  21.82  56767.105  143.0  2.515e+01 
  92890  0.667   4  2014  109  22.28  56767.124  143.0  2.436e+01 
  92891  0.667   4  2014  109  22.70  56767.141  143.0  2.496e+01 
  92892  0.833   5  2014  109  23.20  56767.162  143.0  2.638e+01 
  92893  0.833   5  2014  109  23.70  56767.183  143.0  2.510e+01 
  92896  0.667   2  2014  110   1.24  56767.247  142.9  3.368e+01 
  92897  0.799   3  2014  110   1.64  56767.264  142.9  3.157e+01 
  92898  0.667   2  2014  110   2.11  56767.283  142.9  3.371e+01 
  92932  0.883   3  2014  110  19.29  56767.999  142.8  3.390e+01 
  92933  0.883   3  2014  110  19.78  56768.020  142.8  3.432e+01 
  92934  0.589   2  2014  110  20.24  56768.039  142.8  3.403e+01 
  92935  0.883   3  2014  110  20.71  56768.058  142.7  3.323e+01 
  92936  0.589   2  2014  110  21.14  56768.076  142.7  3.244e+01 
  92937  0.883   3  2014  110  21.71  56768.100  142.7  3.238e+01 
  92938  0.756   3  2014  110  22.22  56768.122  142.7  3.316e+01 
  92939  0.836   5  2014  110  22.77  56768.144  142.7  3.198e+01 
  92940  0.669   4  2014  110  23.23  56768.163  142.7  3.045e+01 
  92941  0.836   5  2014  110  23.72  56768.184  142.7  2.879e+01 
  92942  0.669   4  2014  111   0.19  56768.204  142.7  2.794e+01 
  92943  0.836   5  2014  111   0.71  56768.225  142.7  2.872e+01 
  92944  0.836   5  2014  111   1.20  56768.246  142.7  2.664e+01 
  92945  0.836   5  2014  111   1.76  56768.269  142.7  2.876e+01 
  92946  0.669   4  2014  111   2.22  56768.288  142.7  3.094e+01 
  92947  0.669   4  2014  111   2.65  56768.306  142.7  3.579e+01 
  92948  1.000   3  2014  111   3.29  56768.333  142.7  3.698e+01 
  92949  0.333   1  2014  111   3.92  56768.359  142.7  3.130e+01 
  92950  0.667   2  2014  111   4.21  56768.371  142.7  2.883e+01 
  92951  0.667   2  2014  111   4.66  56768.390  142.7  2.618e+01 
  92952  0.333   1  2014  111   5.01  56768.404  142.7  2.646e+01 
  92980  0.589   2  2014  111  19.27  56768.998  142.6  2.873e+01 
  92981  0.736   3  2014  111  19.70  56769.016  142.6  3.144e+01 
  92982  0.882   4  2014  111  20.23  56769.038  142.6  2.955e+01 
  92983  0.662   3  2014  111  20.74  56769.060  142.6  2.688e+01 
  92984  0.662   3  2014  111  21.16  56769.077  142.6  2.638e+01 
  92985  0.502   3  2014  111  21.84  56769.105  142.7  2.618e+01 
  92986  0.836   5  2014  111  22.23  56769.122  142.7  2.972e+01 
  92990  1.039   1  2014  112   0.50  56769.216  142.7  3.323e+01 
  92992  1.039   1  2014  112   1.05  56769.239  142.7  3.556e+01 
  92994  1.039   1  2014  112   2.19  56769.287  142.7  4.638e+01 
  92995  1.039   1  2014  112   2.74  56769.310  142.7  4.362e+01 
  92996  0.789   1  2014  112   3.37  56769.336  142.7  4.104e+01 
  92997  0.789   1  2014  112   3.79  56769.353  142.7  4.125e+01 
  93029  1.017   3  2014  112  19.75  56770.019  143.0  3.039e+01 
  93030  0.339   1  2014  112  20.17  56770.036  143.0  2.953e+01 
  93036  0.789   1  2014  112  23.22  56770.163  143.0  2.115e+01 
  93037  0.789   1  2014  112  23.65  56770.181  143.0  2.073e+01 
  93038  0.432   3  2014  113   0.36  56770.210  143.0  2.032e+01 
  93039  0.863   6  2014  113   0.77  56770.227  143.1  1.976e+01 
  93043  1.007   2  2014  113   2.81  56770.313  143.1  2.336e+01 
  93044  0.503   1  2014  113   3.26  56770.331  143.1  2.490e+01 
  93045  0.503   1  2014  113   3.80  56770.354  143.1  2.088e+01 
  93046  1.007   2  2014  113   4.24  56770.372  143.1  1.916e+01 
  93084  0.336   1  2014  113  23.29  56771.166  143.4  1.628e+01 
  93085  1.008   3  2014  113  23.72  56771.184  143.4  1.787e+01 
  93087  0.433   3  2014  114   0.70  56771.225  143.4  1.676e+01 
  93091  0.789   1  2014  114   2.94  56771.318  143.5  2.759e+01 
  93092  0.789   1  2014  114   3.37  56771.336  143.5  3.094e+01 
  93094  0.753   1  2014  114   4.12  56771.367  143.5  3.305e+01 
  93095  0.753   1  2014  114   4.53  56771.384  143.5  3.482e+01 
  93139  0.481   1  2014  115   2.82  56772.313  143.9  2.839e+01 
  93140  0.962   2  2014  115   3.21  56772.329  143.9  2.584e+01 
  93142  1.007   2  2014  115   4.29  56772.374  144.0  2.195e+01 
  93143  0.503   1  2014  115   4.74  56772.393  144.0  2.041e+01 
  93180  0.481   1  2014  115  23.43  56773.172  144.4  3.086e+01 
  93181  0.962   2  2014  115  23.82  56773.188  144.4  3.189e+01 
  93182  0.503   1  2014  116   0.49  56773.216  144.4  3.859e+01 
  93183  0.503   1  2014  116   0.79  56773.228  144.4  3.633e+01 
  93184  0.503   1  2014  116   1.08  56773.241  144.4  3.566e+01 
  93185  1.007   2  2014  116   1.84  56773.272  144.5  3.089e+01 
  93186  0.503   1  2014  116   2.29  56773.291  144.5  2.906e+01 
  93190  1.007   2  2014  116   4.32  56773.376  144.5  3.039e+01 
  93220  0.586   2  2014  116  19.15  56773.994  145.0  3.381e+01 
  93221  1.111   1  2014  116  19.91  56774.025  145.0  3.101e+01 
  93228  0.973   2  2014  116  23.36  56774.169  145.1  3.283e+01 
  93229  0.487   1  2014  116  23.75  56774.185  145.1  3.615e+01 
  93235  0.503   1  2014  117   2.72  56774.309  145.2  2.761e+01 
  93236  1.007   2  2014  117   3.16  56774.327  145.2  2.711e+01 
  93320  0.730   6  2014  118  21.23  56776.080  146.1  2.669e+01 
  93321  0.487   4  2014  118  21.69  56776.099  146.1  2.667e+01 
  93322  0.365   3  2014  118  22.38  56776.128  146.1  2.133e+01 
  93323  0.608   5  2014  118  22.74  56776.143  146.1  2.261e+01 
  93324  0.487   4  2014  118  23.15  56776.160  146.1  2.877e+01 
  93371  0.433   2  2014  119  22.88  56777.149  146.0  1.438e+01 
  93372  0.433   2  2014  119  23.17  56777.161  146.0  1.424e+01 
  93373  0.800   1  2014  119  23.75  56777.185  145.9  1.333e+01 
  93374  0.800   1  2014  120   0.17  56777.203  145.9  1.429e+01 
  93411  0.667   2  2014  120  18.64  56777.972  145.3  2.204e+01 
  93413  1.667   1  2014  120  19.53  56778.009  145.3  1.732e+01 
  93417  1.667   1  2014  120  21.63  56778.097  145.3  2.401e+01 
  93419  0.789   1  2014  120  22.77  56778.144  145.2  2.773e+01 
  93420  0.789   1  2014  120  23.20  56778.162  145.2  3.396e+01 
  93421  0.789   1  2014  120  23.92  56778.192  145.2  3.403e+01 
  93422  0.789   1  2014  121   0.34  56778.210  145.2  3.607e+01 
  93427  0.503   1  2014  121   3.00  56778.320  145.2  3.659e+01 
  93428  0.503   1  2014  121   3.29  56778.333  145.1  3.971e+01 
  93429  0.503   1  2014  121   3.59  56778.345  145.1  4.232e+01 
  93507  0.667   2  2014  122  18.89  56779.983  144.1  1.987e+01 
  93508  0.667   2  2014  122  19.29  56779.999  144.0  1.829e+01 
  93575  1.506   2  2014  124   4.79  56781.395  142.6  2.718e+01 
  93667  0.503   3  2014  126   2.75  56783.310  140.5  3.328e+01 
  93670  0.433   3  2014  126   4.36  56783.377  140.5  4.795e+01 
  93671  0.722   5  2014  126   4.78  56783.395  140.5  4.571e+01 
  93710  0.333   1  2014  127   0.45  56784.214  139.8  4.990e+01 
  93711  0.667   2  2014  127   0.81  56784.229  139.8  4.372e+01 
  93712  0.667   2  2014  127   1.25  56784.248  139.8  4.534e+01 
  93713  1.000   3  2014  127   1.79  56784.270  139.7  4.249e+01 
  93716  1.039   1  2014  127   3.15  56784.327  139.7  3.908e+01 
  93717  1.039   1  2014  127   3.70  56784.350  139.7  3.437e+01 
  93718  0.750   1  2014  127   4.49  56784.383  139.7  3.762e+01 
  93719  0.750   1  2014  127   4.91  56784.400  139.7  3.396e+01 
  93749  0.449   2  2014  127  19.61  56785.013  139.3  3.153e+01 
  93751  0.449   2  2014  127  20.79  56785.062  139.3  2.598e+01 
  93753  0.603   1  2014  127  21.70  56785.100  139.2  3.030e+01 
  93754  0.603   1  2014  127  22.04  56785.114  139.2  3.070e+01 
  93757  1.206   2  2014  127  23.71  56785.183  139.2  2.889e+01 
  93760  0.333   1  2014  128   1.44  56785.256  139.1  3.820e+01 
  93761  0.667   2  2014  128   1.73  56785.268  139.1  3.921e+01 
  93762  0.333   1  2014  128   2.02  56785.280  139.1  4.560e+01 
  93763  1.039   1  2014  128   2.99  56785.320  139.1  4.527e+01 
  93766  0.333   1  2014  128   4.35  56785.377  139.1  4.300e+01 
  93767  0.667   2  2014  128   4.64  56785.389  139.1  4.234e+01 
  93795  0.500   3  2014  128  18.75  56785.977  138.8  3.213e+01 
  93797  1.000   1  2014  128  19.93  56786.026  138.7  2.075e+01 
  93798  1.000   1  2014  128  20.48  56786.049  138.7  1.806e+01 
  93805  0.582   2  2014  128  23.75  56786.185  138.7  4.668e+01 
  93806  0.582   2  2014  129   0.10  56786.200  138.7  4.965e+01 
  93807  0.582   2  2014  129   0.79  56786.229  138.7  2.715e+01 
  93808  0.582   2  2014  129   1.14  56786.243  138.6  3.100e+01 
  93849  0.873   3  2014  129  21.80  56787.104  138.4  3.597e+01 
  93851  0.582   2  2014  129  22.81  56787.146  138.3  4.198e+01 
  93852  0.582   2  2014  129  23.16  56787.161  138.3  4.440e+01 
  93854  0.873   3  2014  130   0.19  56787.203  138.3  5.755e+01 
  94377  0.697   1  2014  140  21.66  56798.098  130.1  1.733e+01 
  94378  0.697   1  2014  140  22.08  56798.116  130.1  1.285e+01 
  94379  1.394   2  2014  140  22.71  56798.142  130.1  1.405e+01 
  94380  0.697   1  2014  140  23.35  56798.168  130.0  1.270e+01 
  94381  0.697   1  2014  140  23.77  56798.186  130.0  1.164e+01 
  94382  0.697   1  2014  141   0.20  56798.204  130.0  1.114e+01 
  94383  0.697   1  2014  141   0.94  56798.235  129.9  1.450e+01 
  94384  0.697   1  2014  141   1.37  56798.253  129.9  1.279e+01 
  94386  0.500   3  2014  141   2.20  56798.287  129.9  1.517e+01 
  94387  0.333   2  2014  141   2.64  56798.305  129.8  1.895e+01 
  94425  0.500   3  2014  141  21.77  56799.103  128.7  2.063e+01 
  94426  0.656   1  2014  141  22.27  56799.124  128.6  2.120e+01 
  94427  0.656   1  2014  141  22.65  56799.139  128.6  1.817e+01 
  94428  0.656   1  2014  141  23.02  56799.155  128.6  1.546e+01 
  94429  1.394   2  2014  141  23.69  56799.183  128.5  1.779e+01 
  94430  0.697   1  2014  142   0.32  56799.209  128.5  2.029e+01 
  94431  0.697   1  2014  142   0.70  56799.225  128.5  1.875e+01 
  94432  0.697   1  2014  142   1.13  56799.243  128.4  1.548e+01 
  94433  1.394   2  2014  142   1.73  56799.268  128.4  1.450e+01 
  94434  0.697   1  2014  142   2.32  56799.292  128.4  1.370e+01 
  94725  0.789   1  2014  148   4.00  56805.362  124.0  1.326e+01 
  94726  0.789   1  2014  148   4.42  56805.380  124.0  1.491e+01 
  94755  1.667   1  2014  148  18.86  56805.982  124.2  2.181e+01 
  94758  1.667   1  2014  148  20.04  56806.030  124.3  1.363e+01 
  94901  1.667   1  2014  151  19.99  56809.028  127.1  1.791e+01 
  94910  1.000   1  2014  152   0.38  56809.212  127.2  1.440e+01 
  94911  1.000   1  2014  152   0.93  56809.234  127.2  1.915e+01 
  94913  1.000   1  2014  152   1.97  56809.277  127.3  2.252e+01 
  94915  1.000   1  2014  152   2.51  56809.300  127.3  2.237e+01 
  94947  0.479   1  2014  152  18.91  56809.983  127.7  1.290e+01 
  94948  0.959   2  2014  152  19.29  56809.999  127.7  1.206e+01 
  94949  0.479   1  2014  152  19.68  56810.016  127.7  1.214e+01 
  94964  0.878   2  2014  153   3.33  56810.334  127.9  2.314e+01 
  94965  0.878   2  2014  153   3.84  56810.356  127.9  2.478e+01 
  94967  0.667   2  2014  153   4.72  56810.392  127.9  2.412e+01 
  94995  0.697   1  2014  153  19.00  56810.987  128.2  1.893e+01 
  94996  0.697   1  2014  153  19.37  56811.003  128.2  1.971e+01 
  94997  0.500   3  2014  153  19.82  56811.022  128.2  1.880e+01 
  94998  0.833   5  2014  153  20.22  56811.038  128.2  1.863e+01 
  94999  0.833   5  2014  153  20.79  56811.062  128.2  1.687e+01 
  95000  0.500   3  2014  153  21.19  56811.078  128.2  1.618e+01 
  95001  0.833   5  2014  153  21.72  56811.101  128.2  1.827e+01 
  95002  0.833   5  2014  153  22.24  56811.122  128.2  2.001e+01 
  95003  0.833   5  2014  153  22.78  56811.145  128.2  2.166e+01 
  95099  0.582   2  2014  155  22.79  56813.145  128.2  6.009e+00 
  95100  0.582   2  2014  155  23.15  56813.160  128.2  7.150e+00 
  95101  0.576   4  2014  155  23.83  56813.189  128.2  8.486e+00 
  95102  0.719   5  2014  156   0.24  56813.206  128.2  9.091e+00 
  95103  0.625   2  2014  156   0.87  56813.232  128.2  8.817e+00 
  95104  0.962   2  2014  156   1.36  56813.252  128.2  8.171e+00 
  95106  1.039   1  2014  156   2.23  56813.288  128.2  7.994e+00 
  95110  1.667   1  2014  156   4.01  56813.363  128.2  1.124e+01 
  95112  1.667   1  2014  156   5.16  56813.411  128.2  1.462e+01 
  95150  0.483   3  2014  157   0.39  56814.212  128.2  9.880e+00 
  95152  1.000   1  2014  157   1.05  56814.239  128.2  9.735e+00 
  95153  1.056   1  2014  157   1.91  56814.275  128.2  8.961e+00 
  95154  1.056   1  2014  157   2.45  56814.298  128.2  9.027e+00 
  95158  0.753   1  2014  157   4.44  56814.380  128.2  8.469e+00 
  95159  0.753   1  2014  157   4.85  56814.397  128.2  8.290e+00 
  95200  0.806   5  2014  158   1.24  56815.247  127.7  2.079e+01 
  95201  0.644   4  2014  158   1.64  56815.264  127.7  2.328e+01 
  95235  0.479   1  2014  158  18.99  56815.987  127.2  9.575e+00 
  95236  0.479   1  2014  158  19.25  56815.998  127.2  9.920e+00 
  95237  0.959   2  2014  158  19.64  56816.014  127.2  8.677e+00 
  95239  0.873   3  2014  158  20.79  56816.062  127.2  9.407e+00 
  95248  1.007   2  2014  159   1.22  56816.246  127.1  1.245e+01 
  95249  0.503   1  2014  159   1.66  56816.265  127.1  1.458e+01 
  95250  1.007   2  2014  159   2.31  56816.292  127.1  1.579e+01 
  95251  0.503   1  2014  159   2.76  56816.311  127.1  1.461e+01 
  95252  0.503   1  2014  159   3.24  56816.331  127.0  1.243e+01 
  95253  1.007   2  2014  159   3.69  56816.349  127.0  1.417e+01 
  95290  0.503   1  2014  159  22.46  56817.131  126.7  1.360e+01 
  95291  0.503   1  2014  159  22.75  56817.144  126.7  1.152e+01 
  95292  0.503   1  2014  159  23.05  56817.156  126.7  1.043e+01 
  95298  0.806   5  2014  160   2.24  56817.289  126.6  1.166e+01 
  95302  0.789   1  2014  160   4.08  56817.366  126.6  1.505e+01 
  95303  0.789   1  2014  160   4.51  56817.383  126.5  1.605e+01 
  95332  0.479   1  2014  160  19.42  56818.005  126.2  6.829e+00 
  95333  0.959   2  2014  160  19.81  56818.021  126.2  5.586e+00 
  95347  1.391   1  2014  161   2.97  56818.319  126.1  1.069e+01 
  95349  0.439   1  2014  161   3.81  56818.354  126.1  1.306e+01 
  95350  0.878   2  2014  161   4.20  56818.370  126.1  1.421e+01 
  95351  0.439   1  2014  161   4.58  56818.386  126.1  1.338e+01 
  95862  0.756   1  2014  171  20.44  56829.047  134.2  1.090e+01 
  95863  0.756   1  2014  171  20.85  56829.064  134.2  9.078e+00 
  95864  0.756   1  2014  171  21.32  56829.084  134.3  7.731e+00 
  95865  0.756   1  2014  171  21.73  56829.101  134.3  7.797e+00 
  95877  0.333   4  2014  172   3.76  56829.352  134.8  7.752e+00 
  95879  1.667   1  2014  172   4.80  56829.396  134.9  7.652e+00 
  95913  0.661   1  2014  172  21.74  56830.101  136.2  1.227e+01 
  95914  1.322   2  2014  172  22.27  56830.124  136.3  1.319e+01 
  95915  0.661   1  2014  172  22.80  56830.146  136.3  1.321e+01 
  95921  1.039   1  2014  173   1.88  56830.274  136.5  1.504e+01 
  95924  0.789   1  2014  173   3.34  56830.335  136.6  1.458e+01 
  95925  0.789   1  2014  173   3.76  56830.352  136.7  1.689e+01 
  95926  0.789   1  2014  173   4.31  56830.375  136.7  1.858e+01 
  95927  0.789   1  2014  173   4.73  56830.393  136.7  1.737e+01 
  95929  0.333   1  2014  173   5.76  56830.436  136.8  2.475e+01 
  95974  1.506   2  2014  174   4.23  56831.372  138.3  1.149e+01 
  96006  0.336   1  2014  174  20.35  56832.044  139.3  6.090e+00 
  96007  0.672   2  2014  174  20.68  56832.057  139.3  6.664e+00 
  96015  0.333   4  2014  175   0.73  56832.226  139.5  9.268e+00 
  96019  0.350   3  2014  175   2.72  56832.309  139.6  1.600e+01 
  96023  0.753   1  2014  175   4.80  56832.395  139.7  2.634e+01 
  96024  0.753   1  2014  175   5.21  56832.413  139.7  2.486e+01 
  96066  0.719   5  2014  176   2.27  56833.290  140.8  1.709e+01 
  96067  0.719   5  2014  176   2.72  56833.309  140.9  1.977e+01 
  96068  0.432   3  2014  176   3.40  56833.337  140.9  2.308e+01 
  96069  0.719   5  2014  176   3.76  56833.352  140.9  2.382e+01 
  96291  0.397   1  2014  180  18.84  56837.981  144.9  7.803e+00 
  96292  0.793   2  2014  180  19.21  56837.996  144.9  6.460e+00 
  96293  0.397   1  2014  180  19.58  56838.011  144.9  5.654e+00 
  96353  0.753   1  2014  182   1.79  56839.270  145.2  1.608e+01 
  96354  0.753   1  2014  182   2.20  56839.287  145.2  1.754e+01 
  96356  1.506   2  2014  182   3.26  56839.331  145.2  1.745e+01 
  96358  0.778   1  2014  182   4.20  56839.370  145.2  1.497e+01 
  96359  0.778   1  2014  182   4.61  56839.388  145.2  1.346e+01 
  96406  0.778   1  2014  183   4.49  56840.383  144.9  1.194e+01 
  96407  0.778   1  2014  183   4.91  56840.400  144.9  1.289e+01 
  96451  1.667   1  2014  184   2.76  56841.311  144.3  1.196e+01 
  96453  1.667   1  2014  184   3.90  56841.358  144.3  1.200e+01 
  96455  1.667   1  2014  184   4.85  56841.398  144.3  1.169e+01 
  96483  0.773   1  2014  184  19.00  56841.987  143.9  9.693e+00 
  96484  0.773   1  2014  184  19.42  56842.005  143.9  7.891e+00 
  96498  1.667   1  2014  185   2.02  56842.280  143.7  7.764e+00 
  96580  1.547   2  2014  186  19.27  56843.999  142.9  8.891e+00 
  97211  1.000   1  2014  199  22.92  56857.151  136.3  1.173e+01 
  97212  1.000   1  2014  199  23.45  56857.173  136.3  9.872e+00 
  97214  1.000   1  2014  200   0.47  56857.215  136.2  8.301e+00 
  97215  1.000   1  2014  200   1.00  56857.237  136.2  8.199e+00 
  97217  0.753   1  2014  200   1.73  56857.267  136.2  1.204e+01 
  97218  0.753   1  2014  200   2.13  56857.284  136.1  1.597e+01 
  97220  1.506   2  2014  200   3.22  56857.330  136.1  1.890e+01 
  97251  0.397   1  2014  200  18.92  56857.984  135.4  1.568e+01 
  97252  0.793   2  2014  200  19.29  56857.999  135.3  1.252e+01 
  97253  0.397   1  2014  200  19.66  56858.015  135.3  1.220e+01 
  97270  0.603   1  2014  201   4.45  56858.381  134.7  2.077e+01 
  97271  0.603   1  2014  201   4.80  56858.395  134.6  1.984e+01 
  97552  0.650   3  2014  207   1.30  56864.250  124.3  6.624e+00 
  97555  0.778   1  2014  207   2.65  56864.306  124.2  8.115e+00 
  97556  0.778   1  2014  207   3.06  56864.323  124.2  9.455e+00 
  97557  0.778   1  2014  207   3.88  56864.357  124.2  8.488e+00 
  97558  0.778   1  2014  207   4.30  56864.375  124.2  9.801e+00 
  97648  1.667   1  2014  209   1.11  56866.242  123.2  8.202e+00 
  97695  1.667   1  2014  210   0.51  56867.217  123.2  6.317e+00 
  97697  1.667   1  2014  210   1.90  56867.275  123.2  5.992e+00 
  97925  0.777   3  2014  214  19.75  56872.018  125.9  3.544e+00 
  97926  0.777   3  2014  214  20.24  56872.039  125.9  3.645e+00 
  97927  0.518   2  2014  214  20.92  56872.067  126.0  3.130e+00 
  97935  0.777   3  2014  215   0.82  56872.230  126.1  6.396e+00 
  97936  0.518   2  2014  215   1.30  56872.250  126.1  6.985e+00 
  97939  0.518   2  2014  215   2.68  56872.307  126.2  5.266e+00 
  97986  1.056   1  2014  216   2.13  56873.284  127.1  1.174e+01 
  97987  1.056   1  2014  216   2.68  56873.307  127.1  1.049e+01 
  97989  1.578   2  2014  216   3.72  56873.350  127.2  1.122e+01 
  97991  0.778   1  2014  216   4.66  56873.390  127.2  1.023e+01 
  97992  0.778   1  2014  216   5.08  56873.407  127.2  9.379e+00 
  98596  0.700   6  2014  228  19.28  56885.999  125.5  1.962e+01 
  98597  0.700   6  2014  228  19.75  56886.018  125.4  2.174e+01 
  98598  0.350   3  2014  228  20.07  56886.032  125.4  2.385e+01 
  98600  0.467   4  2014  228  21.33  56886.084  125.4  1.306e+01 
  98601  0.817   7  2014  228  21.73  56886.101  125.4  1.162e+01 
  98602  0.583   5  2014  228  22.16  56886.119  125.3  1.044e+01 
  98615  1.000   2  2014  229   4.70  56886.391  125.0  1.349e+01 
  98664  0.500   1  2014  230   5.21  56887.413  124.2  1.543e+01 
  98699  0.722   1  2014  230  22.79  56888.145  123.8  1.048e+01 
  98700  0.722   1  2014  230  23.21  56888.163  123.7  1.433e+01 
  98711  1.000   2  2014  231   4.77  56888.394  123.6  1.857e+01 
  98758  0.500   1  2014  232   4.31  56889.375  123.3  9.444e+00 
  98759  1.000   2  2014  232   4.76  56889.394  123.3  9.658e+00 
  98760  0.500   1  2014  232   5.20  56889.412  123.3  1.258e+01 
  98940  0.350   3  2014  235  23.34  56893.168  125.8  1.605e+01 
  98941  0.700   6  2014  235  23.73  56893.184  125.9  1.575e+01 
  98943  1.015   1  2014  236   0.72  56893.226  126.0  1.660e+01 
  99043  0.789   1  2014  238   2.65  56895.306  130.1  1.200e+01 
  99044  0.789   1  2014  238   3.08  56895.324  130.2  1.433e+01 
  99045  0.750   3  2014  238   3.84  56895.356  130.2  1.839e+01 
  99046  0.500   2  2014  238   4.23  56895.372  130.3  1.937e+01 
  99090  1.600   2  2014  239   2.21  56896.288  132.2  2.264e+01 
  99092  1.119   2  2014  239   3.19  56896.329  132.3  2.020e+01 
  99130  0.756   1  2014  239  22.21  56897.121  134.1  1.406e+01 
  99131  0.756   1  2014  239  22.62  56897.138  134.2  1.396e+01 
  99132  0.756   1  2014  239  23.34  56897.168  134.3  1.656e+01 
  99133  0.756   1  2014  239  23.75  56897.185  134.3  1.370e+01 
  99134  0.756   1  2014  240   0.31  56897.209  134.4  1.257e+01 
  99135  0.756   1  2014  240   0.72  56897.226  134.4  1.645e+01 
  99140  0.365   3  2014  240   3.14  56897.327  134.7  1.127e+01 
  99141  0.487   4  2014  240   3.86  56897.356  134.8  1.295e+01 
  99142  0.608   5  2014  240   4.28  56897.374  134.8  1.310e+01 
  99143  0.365   3  2014  240   4.65  56897.389  134.8  1.533e+01 
  99182  0.833   5  2014  241   0.30  56898.208  136.5  1.340e+01 
  99183  0.833   5  2014  241   0.77  56898.228  136.6  1.356e+01 
  99184  0.667   4  2014  241   1.24  56898.247  136.6  1.440e+01 
  99185  0.833   5  2014  241   1.75  56898.268  136.6  1.353e+01 
  99186  0.667   4  2014  241   2.22  56898.288  136.7  1.293e+01 
  99187  0.500   3  2014  241   2.82  56898.313  136.7  1.421e+01 
  99188  0.833   5  2014  241   3.19  56898.329  136.7  1.458e+01 
  99189  0.500   3  2014  241   3.80  56898.354  136.7  1.328e+01 
  99190  0.833   5  2014  241   4.25  56898.373  136.8  1.227e+01 
  99191  1.000   6  2014  241   4.77  56898.394  136.8  1.248e+01 
  99230  0.833   5  2014  242   0.27  56899.207  137.9  1.283e+01 
  99231  0.833   5  2014  242   0.74  56899.226  138.0  1.448e+01 
  99232  0.833   5  2014  242   1.25  56899.248  138.0  1.271e+01 
  99233  0.833   5  2014  242   1.74  56899.268  138.0  1.054e+01 
  99234  0.667   4  2014  242   2.16  56899.286  138.1  9.672e+00 
  99235  0.333   2  2014  242   2.85  56899.314  138.1  9.015e+00 
  99236  0.500   3  2014  242   3.27  56899.332  138.1  8.781e+00 
  99237  1.000   6  2014  242   3.76  56899.352  138.2  7.941e+00 
  99238  0.667   4  2014  242   4.22  56899.371  138.2  7.202e+00 
  99239  1.000   6  2014  242   4.77  56899.394  138.2  9.208e+00 
  99240  0.333   2  2014  242   5.14  56899.410  138.2  1.205e+01 
  99281  1.036   1  2014  243   1.53  56900.259  139.3  9.634e+00 
  99282  1.036   1  2014  243   2.08  56900.282  139.3  1.004e+01 
  99283  1.033   1  2014  243   2.90  56900.316  139.4  1.065e+01 
  99284  1.033   1  2014  243   3.45  56900.339  139.4  1.190e+01 
  99286  1.036   1  2014  243   4.43  56900.380  139.4  1.457e+01 
  99287  1.036   1  2014  243   4.98  56900.403  139.5  1.499e+01 
  99330  1.036   1  2014  244   2.38  56901.295  140.4  8.604e+00 
  99331  1.036   1  2014  244   2.93  56901.318  140.4  9.718e+00 
  99335  0.536   1  2014  244   4.81  56901.396  140.5  9.720e+00 
  99336  0.536   1  2014  244   5.10  56901.408  140.5  1.075e+01 
  99377  1.036   1  2014  245   1.65  56902.264  141.3  1.013e+01 
  99378  1.036   1  2014  245   2.20  56902.287  141.3  1.263e+01 
  99379  1.038   1  2014  245   2.95  56902.319  141.3  1.425e+01 
  99381  1.038   1  2014  245   3.50  56902.342  141.4  1.727e+01 
  99382  1.038   1  2014  245   4.17  56902.369  141.4  1.542e+01 
  99383  1.038   1  2014  245   4.72  56902.392  141.4  2.011e+01 
  99384  0.409   2  2014  245   5.24  56902.414  141.4  2.613e+01 
 101385  0.333   1  2014  286  21.87  56944.107  155.1  1.456e+01 
 101386  0.667   2  2014  286  22.20  56944.120  155.1  1.370e+01 
 101387  0.333   1  2014  286  22.52  56944.134  155.1  1.525e+01 
 101629  0.533   1  2014  291  23.72  56949.184  155.7  1.543e+01 
 101630  0.533   1  2014  292   0.02  56949.196  155.7  1.580e+01 
 101631  0.603   1  2014  292   0.74  56949.226  155.7  1.965e+01 
 101632  1.206   2  2014  292   1.27  56949.248  155.6  2.108e+01 
 101633  0.603   1  2014  292   1.80  56949.270  155.6  2.548e+01 
 101635  1.000   2  2014  292   2.70  56949.308  155.6  3.021e+01 
 101636  1.000   2  2014  292   3.25  56949.331  155.6  2.768e+01 
 101638  1.001   1  2014  292   4.06  56949.365  155.6  2.511e+01 
 101669  0.558   3  2014  292  19.79  56950.020  155.4  1.640e+01 
 101670  0.744   4  2014  292  20.18  56950.036  155.4  1.675e+01 
 101671  0.558   3  2014  292  20.84  56950.064  155.4  1.958e+01 
 101672  0.744   4  2014  292  21.22  56950.080  155.4  1.962e+01 
 101673  0.372   2  2014  292  21.75  56950.102  155.3  1.878e+01 
 101677  0.686   2  2014  292  23.84  56950.189  155.3  2.594e+01 
 101678  0.343   1  2014  293   0.12  56950.201  155.3  2.825e+01 
 101680  1.150   3  2014  293   1.22  56950.247  155.3  2.740e+01 
 101681  0.697   1  2014  293   1.81  56950.271  155.3  3.203e+01 
 101682  0.722   2  2014  293   2.28  56950.291  155.3  3.323e+01 
 101683  0.722   2  2014  293   2.67  56950.307  155.3  3.318e+01 
 101685  1.031   2  2014  293   3.85  56950.356  155.3  3.194e+01 
 101721  1.000   2  2014  293  21.65  56951.097  155.1  1.563e+01 
 101722  1.000   2  2014  293  22.20  56951.120  155.1  1.708e+01 
 101723  0.533   1  2014  293  22.92  56951.151  155.1  1.966e+01 
 101724  0.533   1  2014  293  23.22  56951.163  155.1  1.999e+01 
 101725  0.603   1  2014  293  23.96  56951.194  155.1  2.054e+01 
 101726  0.603   1  2014  294   0.30  56951.208  155.1  2.330e+01 
 101727  0.603   1  2014  294   0.68  56951.224  155.1  2.356e+01 
 101728  0.603   1  2014  294   1.02  56951.238  155.1  2.439e+01 
 101732  1.028   2  2014  294   3.23  56951.330  155.1  2.420e+01 
 101733  1.028   2  2014  294   3.78  56951.353  155.1  2.312e+01 
 101813  1.000   2  2014  295  19.83  56953.022  155.3  1.596e+01 
 101814  0.500   1  2014  295  20.24  56953.039  155.3  1.637e+01 
 101815  0.500   1  2014  295  20.52  56953.050  155.3  1.658e+01 
 101816  0.816   2  2014  295  21.13  56953.076  155.3  1.523e+01 
 101817  0.647   1  2014  295  21.79  56953.103  155.4  1.331e+01 
 101818  0.647   1  2014  295  22.13  56953.118  155.4  1.349e+01 
 101819  1.067   2  2014  295  22.73  56953.143  155.4  1.380e+01 
 101821  1.206   2  2014  295  23.76  56953.185  155.4  1.626e+01 
 101822  0.603   1  2014  296   0.30  56953.208  155.4  1.854e+01 
 101823  0.603   1  2014  296   0.64  56953.222  155.5  2.021e+01 
 101824  0.500   1  2014  296   1.29  56953.249  155.5  2.576e+01 
 101825  1.000   2  2014  296   1.71  56953.267  155.5  2.887e+01 
 101826  0.500   1  2014  296   2.12  56953.284  155.5  3.102e+01 
 101827  0.649   1  2014  296   2.76  56953.310  155.5  2.875e+01 
 101828  0.649   1  2014  296   3.10  56953.325  155.6  2.902e+01 
 101868  0.372   2  2014  296  23.17  56954.161  156.2  1.762e+01 
 101869  0.372   2  2014  296  23.77  56954.186  156.2  1.897e+01 
 101870  0.372   2  2014  297   0.20  56954.204  156.2  1.783e+01 
 101872  0.983   1  2014  297   1.12  56954.242  156.2  2.374e+01 
 101873  0.983   1  2014  297   1.63  56954.263  156.2  2.317e+01 
 101874  0.500   1  2014  297   2.35  56954.293  156.2  2.447e+01 
 101875  1.000   2  2014  297   2.76  56954.311  156.2  2.358e+01 
 101876  0.500   1  2014  297   3.18  56954.328  156.2  2.364e+01 
 101911  0.483   1  2014  297  20.99  56955.070  156.7  2.403e+01 
 101912  0.483   1  2014  297  21.25  56955.081  156.8  2.473e+01 
 101913  0.816   1  2014  297  21.98  56955.111  156.8  1.845e+01 
 101914  0.816   1  2014  297  22.40  56955.129  156.8  1.611e+01 
 101916  0.816   1  2014  297  23.14  56955.160  156.9  1.604e+01 
 101917  0.816   1  2014  297  23.57  56955.178  156.9  1.445e+01 
 101918  0.966   2  2014  298   0.17  56955.203  156.9  1.739e+01 
 101923  0.500   5  2014  298   2.74  56955.310  157.0  1.399e+01 
 101924  0.700   7  2014  298   3.25  56955.331  157.1  1.197e+01 
 101961  0.558   3  2014  298  21.73  56956.101  157.8  2.136e+01 
 101962  0.372   2  2014  298  22.29  56956.124  157.8  2.715e+01 
 101964  0.372   2  2014  298  23.20  56956.162  157.9  2.962e+01 
 101965  0.558   3  2014  298  23.76  56956.185  157.9  2.651e+01 
 102060  0.816   1  2014  300  23.13  56958.159  159.0  2.375e+01 
 102061  0.816   1  2014  300  23.55  56958.177  159.0  2.591e+01 
 102062  0.514   1  2014  301   0.43  56958.214  159.0  3.404e+01 
 102063  1.028   2  2014  301   0.85  56958.231  159.0  3.330e+01 
 102064  0.514   1  2014  301   1.26  56958.248  159.0  3.624e+01 
 102105  0.667   2  2014  301  21.75  56959.102  159.2  2.262e+01 
 102106  0.667   2  2014  301  22.14  56959.118  159.2  1.890e+01 
 102149  0.555   9  2014  302  19.69  56960.016  159.6  2.014e+01 
 102150  0.333   1  2014  302  20.34  56960.043  159.7  1.968e+01 
 102151  1.000   3  2014  302  20.73  56960.059  159.7  2.047e+01 
 102152  0.667   2  2014  302  21.24  56960.081  159.7  2.203e+01 
 102153  1.000   3  2014  302  21.76  56960.102  159.7  2.315e+01 
 102154  0.333   1  2014  302  22.14  56960.118  159.7  2.085e+01 
 102157  0.889   4  2014  302  23.71  56960.183  159.7  2.053e+01 
 102158  0.667   3  2014  303   0.18  56960.203  159.7  2.315e+01 
 102159  0.889   4  2014  303   0.72  56960.226  159.7  2.249e+01 
 102160  0.667   3  2014  303   1.29  56960.249  159.7  1.956e+01 
 102161  0.667   3  2014  303   1.74  56960.268  159.8  2.351e+01 
 102162  0.889   4  2014  303   2.24  56960.289  159.8  2.621e+01 
 102163  0.667   3  2014  303   2.75  56960.310  159.8  2.805e+01 
 102164  0.889   4  2014  303   3.25  56960.331  159.8  2.775e+01 
 102165  0.667   3  2014  303   3.75  56960.352  159.8  2.523e+01 
 102198  1.701   1  2014  303  20.24  56961.039  160.0  2.445e+01 
 102200  0.833   5  2014  303  21.21  56961.079  160.1  1.899e+01 
 102201  0.667   3  2014  303  21.80  56961.104  160.1  1.464e+01 
 102202  0.889   4  2014  303  22.24  56961.122  160.1  1.419e+01 
 102203  0.667   2  2014  303  22.80  56961.146  160.1  9.713e+00 
 102204  0.889   2  2014  303  23.28  56961.166  160.1  1.205e+01 
 102205  0.889   2  2014  303  23.77  56961.186  160.1  1.365e+01 
 102206  0.889   2  2014  304   0.37  56961.211  160.1  1.135e+01 
 102207  0.889   2  2014  304   0.85  56961.231  160.1  1.895e+01 
 102208  0.444   1  2014  304   1.29  56961.250  160.1  2.212e+01 
 102209  0.889   2  2014  304   1.66  56961.265  160.1  2.090e+01 
 102210  0.889   2  2014  304   2.14  56961.285  160.1  2.125e+01 
 102253  0.756   2  2014  304  23.74  56962.185  160.0  2.636e+01 
 102255  0.867   2  2014  305   0.87  56962.232  160.0  2.907e+01 
 102352  0.500   1  2014  307   1.44  56964.256  158.6  3.839e+01 
 102353  1.000   2  2014  307   1.85  56964.273  158.6  3.927e+01 
 102354  0.500   1  2014  307   2.27  56964.290  158.6  4.257e+01 
 102629  0.488   1  2014  312  19.78  56970.020  148.2  1.209e+01 
 102631  0.642   2  2014  312  20.78  56970.061  148.1  1.382e+01 
 102645  0.667   1  2014  313   3.59  56970.345  147.6  1.120e+01 
 102726  0.488   1  2014  314  20.45  56972.048  145.8  1.178e+01 
 102727  0.488   1  2014  314  20.94  56972.068  145.8  1.190e+01 
 102729  0.973   6  2014  314  21.74  56972.101  145.8  1.048e+01 
 102730  0.811   5  2014  314  22.25  56972.122  145.8  9.845e+00 
 102732  0.973   6  2014  314  23.24  56972.164  145.7  1.171e+01 
 102733  0.649   4  2014  314  23.73  56972.184  145.7  1.290e+01 
 102734  0.811   5  2014  315   0.26  56972.206  145.7  1.385e+01 
 102735  0.973   6  2014  315   0.76  56972.227  145.7  1.334e+01 
 102737  0.811   5  2014  315   1.76  56972.269  145.6  1.287e+01 
 102738  0.973   6  2014  315   2.27  56972.290  145.6  1.310e+01 
 102740  0.811   5  2014  315   3.29  56972.333  145.6  1.118e+01 
 102741  0.487   3  2014  315   3.65  56972.348  145.6  1.040e+01 
 102773  0.488   1  2014  315  19.78  56973.020  145.2  3.866e+00 
 102774  0.488   1  2014  315  20.31  56973.042  145.2  3.493e+00 
 102776  0.650   2  2014  315  21.11  56973.075  145.3  4.662e+00 
 102777  0.649   4  2014  315  21.69  56973.099  145.3  5.846e+00 
 102778  0.811   5  2014  315  22.23  56973.122  145.3  9.007e+00 
 102779  0.487   3  2014  315  22.67  56973.140  145.3  1.480e+01 
 102780  0.973   6  2014  315  23.24  56973.164  145.3  1.229e+01 
 102781  0.811   5  2014  315  23.74  56973.185  145.3  1.010e+01 
 102782  0.487   3  2014  316   0.33  56973.209  145.3  9.272e+00 
 102783  0.973   6  2014  316   0.75  56973.227  145.4  8.610e+00 
 102784  0.487   3  2014  316   1.31  56973.250  145.4  1.100e+01 
 102785  0.811   5  2014  316   1.75  56973.269  145.4  1.263e+01 
 102786  0.649   4  2014  316   2.26  56973.290  145.4  1.211e+01 
 102787  0.973   6  2014  316   2.75  56973.310  145.4  1.176e+01 
 102821  0.488   1  2014  316  19.85  56974.023  145.9  8.514e+00 
 102822  0.488   1  2014  316  20.11  56974.033  145.9  7.829e+00 
 102823  0.488   1  2014  316  20.52  56974.051  146.0  8.323e+00 
 102825  0.649   4  2014  316  21.69  56974.099  146.0  9.473e+00 
 102826  0.487   3  2014  316  22.31  56974.125  146.0  8.159e+00 
 102827  0.811   5  2014  316  22.75  56974.144  146.1  8.849e+00 
 102828  0.649   4  2014  316  23.28  56974.166  146.1  9.514e+00 
 102829  0.649   4  2014  316  23.65  56974.181  146.1  1.024e+01 
 102830  0.811   5  2014  317   0.28  56974.207  146.1  9.954e+00 
 102831  0.811   5  2014  317   0.74  56974.227  146.1  1.040e+01 
 102832  0.811   5  2014  317   1.32  56974.250  146.2  1.077e+01 
 102833  0.811   5  2014  317   1.78  56974.270  146.2  1.254e+01 
 102834  0.443   4  2014  317   2.20  56974.287  146.2  1.443e+01 
 102836  0.973   6  2014  317   3.26  56974.331  146.2  1.258e+01 
 102869  0.488   1  2014  317  19.99  56975.028  147.2  1.590e+01 
 102871  0.488   1  2014  317  20.78  56975.061  147.2  1.577e+01 
 102873  0.811   5  2014  317  21.73  56975.101  147.3  1.448e+01 
 102875  0.973   6  2014  317  22.75  56975.143  147.4  1.182e+01 
 102876  0.649   4  2014  317  23.28  56975.165  147.4  1.262e+01 
 102877  0.811   5  2014  317  23.76  56975.186  147.5  1.296e+01 
 102879  0.973   6  2014  318   0.74  56975.226  147.6  1.556e+01 
 102880  0.487   3  2014  318   1.29  56975.249  147.6  2.116e+01 
 102881  0.811   5  2014  318   1.73  56975.268  147.6  2.150e+01 
 102882  0.487   3  2014  318   2.19  56975.287  147.7  1.914e+01 
 102885  0.973   6  2014  318   3.77  56975.352  147.8  2.006e+01 
 102917  0.488   1  2014  318  19.73  56976.018  149.2  1.779e+01 
 102918  0.488   1  2014  318  20.26  56976.040  149.2  1.622e+01 
 102921  0.811   5  2014  318  21.75  56976.102  149.4  1.562e+01 
 102922  0.649   4  2014  318  22.25  56976.123  149.4  1.657e+01 
 102923  0.811   5  2014  318  22.69  56976.141  149.5  1.728e+01 
 102924  0.487   3  2014  318  23.32  56976.167  149.5  1.869e+01 
 102925  0.973   6  2014  318  23.73  56976.184  149.6  1.972e+01 
 102926  0.649   4  2014  319   0.28  56976.207  149.6  2.291e+01 
 102927  0.811   5  2014  319   0.72  56976.226  149.6  2.275e+01 
 102928  0.811   5  2014  319   1.30  56976.250  149.7  2.164e+01 
 102929  0.487   3  2014  319   1.67  56976.265  149.7  2.224e+01 
 102931  0.811   5  2014  319   2.75  56976.310  149.8  2.345e+01 
 102933  0.649   4  2014  319   3.77  56976.353  149.9  2.582e+01 
 102965  0.488   1  2014  319  19.90  56977.025  151.3  8.849e+00 
 102966  0.488   1  2014  319  20.43  56977.047  151.4  7.509e+00 
 102967  0.488   1  2014  319  20.69  56977.058  151.4  7.299e+00 
 102969  0.816   1  2014  319  21.64  56977.097  151.4  6.072e+00 
 102970  0.816   1  2014  319  22.06  56977.115  151.5  9.194e+00 
 103018  0.816   1  2014  320  22.43  56978.130  153.4  9.386e+00 
 103019  0.816   1  2014  320  22.85  56978.148  153.4  8.950e+00 
 103021  1.000   2  2014  320  23.69  56978.182  153.5  8.450e+00 
 103022  1.000   2  2014  321   0.24  56978.205  153.5  7.812e+00 
 103026  1.673   1  2014  321   2.29  56978.291  153.6  1.078e+01 
 103028  1.673   1  2014  321   3.40  56978.337  153.7  1.179e+01 
 103063  1.002   1  2014  321  20.93  56979.068  155.0  1.029e+01 
 103064  1.002   1  2014  321  21.44  56979.089  155.0  9.743e+00 
 103066  1.000   2  2014  321  22.33  56979.126  155.0  9.703e+00 
 103067  0.500   1  2014  321  22.74  56979.143  155.1  8.608e+00 
 103068  0.500   1  2014  321  23.02  56979.155  155.1  7.709e+00 
 103074  1.573   1  2014  322   2.13  56979.284  155.2  6.972e+00 
 103076  1.673   1  2014  322   3.22  56979.330  155.3  8.167e+00 
 103122  1.673   1  2014  323   2.39  56980.295  156.3  1.337e+01 
 103124  1.001   1  2014  323   3.32  56980.334  156.4  1.125e+01 
 103158  0.816   1  2014  323  20.30  56981.041  156.9  9.279e+00 
 103159  0.816   1  2014  323  20.72  56981.059  156.9  9.218e+00 
 103160  0.538   1  2014  323  21.41  56981.088  156.9  1.170e+01 
 103161  1.077   2  2014  323  21.84  56981.106  156.9  8.815e+00 
 103163  0.417   1  2014  323  22.83  56981.147  156.9  1.492e+01 
 103164  0.834   2  2014  323  23.21  56981.163  156.9  1.487e+01 
 103165  0.417   1  2014  323  23.60  56981.179  156.9  1.077e+01 
 103166  0.906   2  2014  324   0.30  56981.208  157.0  1.238e+01 
 103167  0.906   2  2014  324   0.81  56981.229  157.0  1.307e+01 
 103304  1.631   2  2014  326  21.23  56984.080  157.8  1.500e+01 
 103306  0.834   2  2014  326  22.23  56984.122  157.8  1.709e+01 
 103307  0.834   2  2014  326  22.74  56984.143  157.8  1.762e+01 
 103314  1.673   1  2014  327   2.32  56984.292  157.8  1.205e+01 
 103316  1.001   1  2014  327   3.25  56984.331  157.8  1.182e+01 
 103351  1.701   1  2014  327  20.51  56985.050  157.6  1.177e+01 
 103352  0.538   1  2014  327  21.45  56985.089  157.6  1.187e+01 
 103353  0.538   1  2014  327  21.74  56985.101  157.6  1.160e+01 
 103354  0.538   1  2014  327  22.03  56985.113  157.6  1.206e+01 
 103355  0.538   1  2014  327  22.78  56985.145  157.6  1.165e+01 
 103356  1.077   2  2014  327  23.22  56985.163  157.6  1.197e+01 
 103357  0.453   1  2014  327  23.78  56985.186  157.6  1.252e+01 
 103358  0.906   2  2014  328   0.16  56985.202  157.6  1.360e+01 
 103359  0.453   1  2014  328   0.55  56985.218  157.6  1.230e+01 
 103363  1.673   1  2014  328   2.93  56985.318  157.6  8.278e+00 
 103398  1.701   1  2014  328  20.49  56986.049  157.4  1.768e+01 
 103400  0.538   1  2014  328  21.35  56986.085  157.4  1.454e+01 
 103401  1.077   2  2014  328  21.79  56986.103  157.4  1.448e+01 
 103403  1.077   2  2014  328  22.71  56986.142  157.4  1.210e+01 
 103404  0.538   1  2014  328  23.14  56986.160  157.3  1.211e+01 
 103405  1.000   2  2014  328  23.77  56986.186  157.3  1.171e+01 
 103406  1.000   2  2014  329   0.32  56986.209  157.3  1.063e+01 
 103411  1.002   1  2014  329   2.90  56986.316  157.3  1.056e+01 
 103412  1.002   1  2014  329   3.41  56986.338  157.3  1.137e+01 
 103446  1.701   1  2014  329  20.37  56987.044  157.0  1.349e+01 
 103451  1.077   2  2014  329  22.70  56987.141  156.9  2.404e+01 
 103452  0.538   1  2014  329  23.13  56987.159  156.9  3.345e+01 
 103453  0.736   2  2014  329  23.84  56987.189  156.9  1.848e+01 
 103454  0.736   2  2014  330   0.25  56987.206  156.9  1.466e+01 
 103460  1.673   1  2014  330   3.00  56987.321  156.8  1.323e+01 
 103497  2.000   1  2014  330  21.70  56988.100  156.5  7.934e+00 
 103499  0.834   2  2014  330  22.80  56988.146  156.5  8.145e+00 
 103500  0.834   2  2014  330  23.32  56988.167  156.5  7.642e+00 
 103542  1.000   2  2014  331  20.32  56989.042  156.2  1.065e+01 
 103543  0.500   1  2014  331  20.74  56989.060  156.2  1.060e+01 
 103544  0.500   1  2014  331  21.02  56989.071  156.2  1.105e+01 
 103546  2.000   1  2014  331  22.01  56989.113  156.2  1.129e+01 
 103547  0.453   1  2014  331  22.97  56989.153  156.2  1.272e+01 
 103548  0.906   2  2014  331  23.36  56989.169  156.2  1.168e+01 
 103549  0.453   1  2014  331  23.75  56989.185  156.2  9.095e+00 
 103550  0.368   2  2014  332   0.37  56989.211  156.2  1.044e+01 
 103551  0.368   2  2014  332   0.65  56989.223  156.2  1.054e+01 
 103555  1.573   1  2014  332   2.77  56989.311  156.1  8.558e+00 
 103590  0.628   2  2014  332  20.33  56990.043  155.8  6.511e+00 
 103591  0.628   2  2014  332  20.70  56990.058  155.8  6.858e+00 
 103593  0.940   6  2014  332  21.73  56990.101  155.7  6.938e+00 
 103594  0.627   4  2014  332  22.17  56990.120  155.7  7.339e+00 
 103596  1.103   3  2014  332  23.22  56990.163  155.7  9.052e+00 
 103597  0.368   1  2014  332  23.63  56990.180  155.7  9.721e+00 
 103599  1.000   2  2014  333   0.67  56990.224  155.7  1.306e+01 
 103600  1.000   2  2014  333   1.22  56990.247  155.7  1.381e+01 
 103637  0.333   2  2014  333  19.92  56991.026  155.4  9.600e+00 
 103647  0.500   1  2014  334   0.60  56991.221  155.4  1.152e+01 
 103648  1.500   1  2014  334   1.38  56991.253  155.3  9.310e+00 
 103650  1.000   1  2014  334   2.04  56991.281  155.3  8.061e+00 
 103652  2.000   1  2014  334   3.01  56991.321  155.3  7.133e+00 
 103686  1.000   1  2014  334  20.22  56992.038  155.0  5.382e+00 
 103687  1.000   1  2014  334  20.74  56992.060  155.0  5.034e+00 
 103691  1.000   1  2014  334  22.87  56992.149  155.0  4.735e+00 
 103692  1.000   1  2014  334  23.40  56992.170  155.0  4.744e+00 
 103694  1.500   1  2014  335   0.27  56992.207  155.0  5.347e+00 
 103697  1.502   2  2014  335   1.64  56992.264  155.0  4.732e+00 
 103698  1.000   1  2014  335   2.44  56992.297  155.0  5.000e+00 
 103700  1.000   1  2014  335   3.30  56992.333  155.0  6.753e+00 
 103701  0.591   2  2014  335   3.84  56992.356  155.0  8.835e+00 
 103741  0.833   2  2014  335  23.82  56993.188  155.0  6.864e+00 
 103742  0.833   2  2014  336   0.34  56993.210  155.0  6.296e+00 
 103744  1.673   1  2014  336   1.42  56993.255  155.0  8.063e+00 
 103747  1.673   1  2014  336   2.52  56993.301  155.0  7.597e+00 
 103789  0.417   1  2014  336  23.83  56994.189  155.2  3.729e+00 
 103792  0.333   1  2014  337   1.31  56994.250  155.2  5.767e+00 
 103793  1.000   3  2014  337   1.70  56994.267  155.2  5.903e+00 
 103794  0.333   1  2014  337   2.09  56994.283  155.2  7.361e+00 
 103795  0.977   3  2014  337   2.77  56994.311  155.2  7.792e+00 
 104023  0.556   2  2014  341  20.60  56999.054  161.5  3.692e+00 
 104024  0.556   2  2014  341  21.20  56999.079  161.6  3.067e+00 
 104310  0.816   1  2014  347  20.35  57005.044  159.1  4.781e+00 
 104311  0.816   1  2014  347  20.79  57005.062  159.1  4.276e+00 
 104313  0.834   2  2014  347  21.67  57005.099  159.0  4.224e+00 
 104314  0.834   2  2014  347  22.19  57005.120  159.0  4.500e+00 
 104358  0.816   1  2014  348  20.38  57006.045  157.6  6.115e+00 
 104359  0.816   1  2014  348  20.81  57006.063  157.6  6.356e+00 
 104360  0.453   1  2014  348  21.43  57006.089  157.5  6.045e+00 
 104361  0.906   2  2014  348  21.82  57006.105  157.5  6.782e+00 
 104362  0.453   1  2014  348  22.21  57006.121  157.5  7.345e+00 
 104364  1.573   1  2014  348  23.01  57006.154  157.4  7.593e+00 
 104370  1.333   1  2014  349   2.29  57006.291  157.3  5.903e+00 
 104371  1.333   1  2014  349   2.96  57006.319  157.2  4.814e+00 
 104412  0.736   4  2014  349  23.26  57007.165  156.1  4.996e+00 
 104455  0.417   1  2014  350  20.92  57008.067  155.0  1.174e+01 
 104456  0.834   2  2014  350  21.30  57008.083  155.0  1.135e+01 
 104457  0.417   1  2014  350  21.69  57008.099  155.0  1.285e+01 
 104458  0.453   1  2014  350  22.25  57008.123  155.0  1.235e+01 
 104459  0.906   2  2014  350  22.63  57008.139  155.0  1.144e+01 
 104460  0.453   1  2014  350  23.02  57008.155  154.9  9.217e+00 
 104504  0.417   1  2014  351  21.33  57009.084  154.1  4.019e+00 
 104505  0.834   2  2014  351  21.71  57009.100  154.1  4.970e+00 
 104506  0.417   1  2014  351  22.10  57009.116  154.1  5.270e+00 
 104507  0.906   2  2014  351  22.82  57009.146  154.1  6.228e+00 
 104508  0.906   2  2014  351  23.33  57009.168  154.1  6.720e+00 
 104550  0.834   2  2014  352  20.24  57010.039  153.5  6.505e+00 
 104551  0.834   2  2014  352  20.76  57010.060  153.5  5.442e+00 
 104552  0.453   1  2014  352  21.44  57010.089  153.5  4.435e+00 
 104553  0.906   2  2014  352  21.82  57010.105  153.5  5.758e+00 
 104554  0.453   1  2014  352  22.21  57010.121  153.5  6.712e+00 
 104555  0.834   2  2014  352  22.75  57010.143  153.5  6.451e+00 
 104556  0.834   2  2014  352  23.26  57010.165  153.5  6.763e+00 
 104560  1.002   1  2014  353   1.46  57010.256  153.5  6.612e+00 
 104561  1.002   1  2014  353   1.97  57010.278  153.5  5.976e+00 
 104598  2.000   1  2014  353  20.37  57011.044  153.6  4.928e+00 
 104600  0.453   1  2014  353  21.35  57011.085  153.6  4.493e+00 
 104601  0.906   2  2014  353  21.73  57011.101  153.6  5.289e+00 
 104602  0.453   1  2014  353  22.12  57011.117  153.6  6.083e+00 
 104603  0.417   1  2014  353  22.77  57011.144  153.7  5.596e+00 
 104604  0.834   2  2014  353  23.16  57011.160  153.7  5.438e+00 
 104605  0.417   1  2014  353  23.54  57011.177  153.7  4.977e+00 
 104694  0.417   1  2014  355  20.32  57013.042  154.8  4.367e+00 
 104695  0.834   2  2014  355  20.70  57013.058  154.8  4.833e+00 
 104696  0.417   1  2014  355  21.09  57013.074  154.8  5.182e+00 
 104697  0.906   2  2014  355  21.78  57013.103  154.8  5.673e+00 
 104698  0.906   2  2014  355  22.29  57013.124  154.8  6.070e+00 
 104702  0.667   2  2014  356   0.38  57013.211  154.9  7.091e+00 
 104705  0.875   3  2014  356   1.71  57013.267  154.9  6.496e+00 
 104706  0.583   2  2014  356   2.14  57013.285  154.9  6.266e+00 
 104707  0.583   2  2014  356   2.82  57013.313  154.9  5.756e+00 
 104708  0.875   3  2014  356   3.25  57013.331  155.0  5.522e+00 
 104745  0.834   2  2014  356  21.66  57014.098  155.3  3.521e+00 
 104746  0.834   2  2014  356  22.18  57014.120  155.3  4.070e+00 
 104753  2.000   1  2014  357   1.59  57014.262  155.3  7.299e+00 
 104756  2.000   1  2014  357   3.06  57014.323  155.3  4.980e+00 
 104790  0.453   1  2014  357  20.35  57015.043  155.3  5.429e+00 
 104791  0.906   2  2014  357  20.74  57015.060  155.2  4.746e+00 
 104792  0.453   1  2014  357  21.12  57015.076  155.2  4.790e+00 
 104793  0.368   2  2014  357  21.87  57015.107  155.2  4.809e+00 
 104794  0.368   2  2014  357  22.15  57015.119  155.2  5.365e+00 
 104795  0.567   4  2014  357  22.81  57015.146  155.2  6.378e+00 
 104841  0.906   2  2014  358  21.86  57016.106  155.0  8.656e+00 
 104842  0.906   2  2014  358  22.37  57016.128  155.0  8.316e+00 
 104844  0.552   3  2014  358  23.28  57016.165  155.0  9.457e+00 
 104846  0.875   3  2014  359   0.29  57016.208  155.0  9.919e+00 
 104847  0.583   2  2014  359   0.71  57016.225  155.0  1.054e+01 
 104849  2.000   1  2014  359   1.72  57016.267  155.0  9.855e+00 
 104889  0.834   2  2014  359  21.66  57017.098  155.0  5.625e+00 
 104890  0.834   2  2014  359  22.17  57017.119  155.0  6.342e+00 
 104891  0.368   2  2014  359  22.84  57017.147  155.0  6.448e+00 
 104892  0.368   2  2014  359  23.13  57017.159  155.0  6.301e+00 
 104936  0.629   4  2014  360  21.32  57018.084  155.0  6.258e+00 
 104937  0.786   5  2014  360  21.81  57018.104  155.0  6.589e+00 
 104991  0.649   1  2014  362   0.66  57019.223  154.6  4.063e+00 
 104992  0.649   1  2014  362   1.35  57019.252  154.5  3.938e+00 
 104994  0.650   3  2014  362   2.23  57019.289  154.5  3.863e+00 
 104995  0.835   1  2014  362   2.94  57019.318  154.5  4.219e+00 
 104996  0.835   1  2014  362   3.36  57019.336  154.5  4.491e+00 
 105030  1.000   2  2014  362  20.17  57020.036  154.1  6.979e+00 
 105032  1.000   2  2014  362  21.16  57020.077  154.1  6.374e+00 
 105033  1.000   1  2014  362  21.87  57020.107  154.1  8.367e+00 
 105034  1.000   1  2014  362  22.41  57020.129  154.1  9.388e+00 
 105036  1.000   1  2014  362  23.31  57020.167  154.0  1.310e+01 
 105037  1.000   1  2014  362  23.85  57020.190  154.0  1.491e+01 
 105039  1.333   1  2014  363   0.88  57020.232  154.0  1.795e+01 
 105041  1.333   1  2014  363   1.59  57020.262  154.0  1.610e+01 
 105043  1.000   2  2014  363   2.82  57020.313  154.0  1.464e+01 
 105078  0.833   1  2014  363  20.09  57021.032  153.5  4.858e+00 
 105079  0.833   1  2014  363  20.55  57021.052  153.5  2.520e+00 
 105080  1.033   1  2014  363  21.47  57021.090  153.4  2.324e+00 
 105082  1.033   1  2014  363  22.01  57021.113  153.4  2.499e+00 
 105083  1.144   1  2014  363  22.90  57021.150  153.4  2.502e+00 
 105085  1.144   1  2014  363  23.50  57021.175  153.3  2.703e+00 
 105087  1.422   1  2014  364   0.59  57021.220  153.3  3.281e+00 
 105088  1.422   1  2014  364   1.33  57021.251  153.3  3.958e+00 
 105090  1.033   1  2014  364   2.32  57021.292  153.2  3.706e+00 
 105091  1.033   1  2014  364   2.87  57021.315  153.2  4.315e+00 
 105093  0.533   1  2014  364   3.71  57021.350  153.2  4.364e+00 
 105094  0.533   1  2014  364   4.00  57021.362  153.2  6.252e+00 
 105180  1.000   1  2014  365  23.22  57023.163  150.1  2.513e+00 
 105283  0.479   1  2015    3   2.91  57025.317  144.0  4.431e+00 
 105758  0.483   1  2015   13   0.35  57035.210  133.5  3.934e+00 
 105759  0.483   1  2015   13   0.87  57035.232  133.5  4.408e+00 
 105761  0.483   1  2015   13   1.57  57035.261  133.5  4.878e+00 
 105762  0.483   1  2015   13   2.09  57035.283  133.5  5.126e+00 
 105805  0.532   1  2015   13  23.87  57036.190  134.2  5.857e+00 
 105847  0.453   1  2015   14  20.91  57037.067  134.9  5.256e+00 
 105848  0.906   2  2015   14  21.29  57037.083  134.9  4.966e+00 
 105849  0.453   1  2015   14  21.68  57037.099  134.9  5.193e+00 
 105851  1.000   1  2015   14  22.55  57037.135  135.0  5.145e+00 
 105852  1.000   1  2015   14  23.34  57037.168  135.0  5.815e+00 
 105855  1.002   1  2015   15   0.84  57037.230  135.0  6.440e+00 
 105856  1.002   1  2015   15   1.35  57037.252  135.1  6.613e+00 
 105895  0.552   3  2015   15  20.70  57038.058  135.7  3.263e+00 
 105900  0.840   3  2015   15  23.17  57038.161  135.8  2.205e+00 
 105904  1.333   1  2015   16   1.17  57038.244  135.9  2.666e+00 
 105905  1.333   1  2015   16   1.84  57038.272  135.9  4.099e+00 
 105943  0.527   4  2015   16  20.82  57039.063  136.6  5.796e+00 
 105944  0.922   7  2015   16  21.24  57039.081  136.6  6.071e+00 
 105946  0.560   2  2015   16  22.31  57039.125  136.6  6.165e+00 
 105947  0.560   2  2015   16  22.65  57039.139  136.6  6.727e+00 
 105950  0.483   1  2015   17   0.32  57039.209  136.6  7.266e+00 
 105951  0.966   2  2015   17   0.71  57039.225  136.6  6.290e+00 
 105952  0.483   1  2015   17   1.10  57039.242  136.6  5.836e+00 
 105953  1.000   2  2015   17   1.81  57039.271  136.7  5.819e+00 
 105954  1.000   2  2015   17   2.36  57039.294  136.7  4.639e+00 
 106039  0.552   3  2015   18  20.67  57041.057  137.0  5.684e+00 
 106040  0.368   2  2015   18  21.31  57041.083  137.0  5.070e+00 
 106041  0.368   2  2015   18  21.59  57041.095  137.0  4.269e+00 
 106193  1.673   1  2015   22   1.77  57044.269  137.2  3.511e+00 
 106195  1.673   1  2015   22   2.91  57044.317  137.2  4.495e+00 
 106197  1.003   2  2015   22   3.77  57044.353  137.2  5.404e+00 
 106230  0.667   2  2015   22  20.28  57045.041  137.1  7.008e+00 
 106231  1.000   3  2015   22  20.73  57045.059  137.1  6.098e+00 
 106232  0.333   1  2015   22  21.13  57045.076  137.1  5.527e+00 
 106237  0.835   1  2015   22  23.75  57045.185  137.1  6.202e+00 
 106238  0.835   1  2015   23   0.17  57045.203  137.1  6.155e+00 
 106240  0.596   4  2015   23   1.26  57045.248  137.1  6.881e+00 
 106241  0.596   4  2015   23   1.68  57045.266  137.0  7.746e+00 
 106243  0.744   5  2015   23   2.76  57045.311  137.0  9.027e+00 
 106244  0.447   3  2015   23   3.18  57045.328  137.0  9.746e+00 
 106245  0.479   1  2015   23   3.79  57045.354  137.0  8.381e+00 
 106246  0.959   2  2015   23   4.18  57045.370  137.0  8.537e+00 
 106247  0.479   1  2015   23   4.57  57045.386  137.0  1.261e+01 
 106293  0.383   5  2015   24   3.70  57046.350  136.7  6.099e+00 
 106328  1.000   1  2015   24  21.23  57047.080  136.6  9.346e+00 
 106330  1.000   1  2015   24  22.15  57047.118  136.6  1.156e+01 
 106422  1.037   1  2015   26  20.47  57049.049  136.4  4.737e+00 
 106424  1.037   1  2015   26  21.02  57049.071  136.4  4.724e+00 
 106425  1.037   1  2015   26  21.77  57049.103  136.4  6.158e+00 
 106426  1.037   1  2015   26  22.31  57049.125  136.4  6.962e+00 
 106429  1.408   2  2015   26  23.75  57049.185  136.4  6.589e+00 
 106470  0.371   1  2015   27  20.03  57050.030  136.3  1.284e+00 
 106475  0.871   1  2015   27  22.91  57050.150  136.3  1.466e+00 
 106476  0.871   1  2015   27  23.37  57050.169  136.3  1.567e+00 
 106477  0.871   1  2015   27  23.83  57050.189  136.3  2.365e+00 
 106523  0.667   2  2015   28  22.85  57051.148  136.3  4.407e+00 
 106524  0.667   2  2015   28  23.23  57051.164  136.3  5.006e+00 
 106527  0.479   1  2015   29   0.63  57051.222  136.3  8.257e+00 
 106528  0.959   2  2015   29   1.31  57051.250  136.3  8.689e+00 
 106529  0.959   2  2015   29   1.83  57051.272  136.3  7.896e+00 
 106576  0.959   2  2015   30   1.15  57052.243  136.4  4.282e+00 
 106577  0.959   2  2015   30   1.66  57052.265  136.4  5.750e+00 
 106578  0.479   1  2015   30   2.31  57052.292  136.4  7.040e+00 
 106579  0.959   2  2015   30   2.70  57052.308  136.4  7.211e+00 
 106580  0.813   2  2015   30   3.24  57052.330  136.4  6.703e+00 
 106581  0.333   1  2015   30   3.63  57052.347  136.4  6.457e+00 
 106625  0.959   2  2015   31   1.67  57053.265  136.5  1.069e+01 
 106628  0.959   2  2015   31   3.31  57053.333  136.5  9.285e+00 
 106673  0.649   1  2015   32   1.75  57054.268  136.5  5.144e+00 
 106674  0.649   1  2015   32   2.09  57054.283  136.5  4.397e+00 
 106950  0.667   2  2015   37  20.31  57060.042  135.7  5.913e+00 
 106951  0.667   2  2015   37  20.69  57060.058  135.7  5.527e+00 
 107238  0.950   3  2015   43  20.23  57066.038  128.7  6.017e+00 
 107239  0.950   3  2015   43  20.76  57066.060  128.7  6.045e+00 
 107251  0.835   1  2015   44   2.75  57066.310  128.2  7.113e+00 
 107252  0.835   1  2015   44   3.18  57066.328  128.2  7.487e+00 
 107253  0.835   1  2015   44   3.94  57066.360  128.2  8.435e+00 
 107254  0.835   1  2015   44   4.37  57066.378  128.1  9.097e+00 
 107287  0.950   3  2015   44  20.78  57067.061  127.1  9.055e+00 
 107288  0.633   2  2015   44  21.22  57067.080  127.1  9.400e+00 
 107295  0.500   1  2015   45   0.97  57067.236  126.9  1.660e+01 
 107296  0.500   1  2015   45   1.25  57067.248  126.9  1.550e+01 
 107297  1.000   2  2015   45   1.66  57067.265  126.8  1.631e+01 
 107299  1.670   2  2015   45   2.78  57067.311  126.8  1.671e+01 
 107302  2.000   1  2015   45   4.06  57067.365  126.7  1.734e+01 
 107334  0.633   2  2015   45  20.31  57068.042  126.0  7.111e+00 
 107335  0.950   3  2015   45  20.75  57068.060  126.0  7.512e+00 
 107340  2.000   1  2015   45  23.38  57068.170  125.9  1.238e+01 
 107342  0.479   1  2015   46   0.40  57068.212  125.9  1.384e+01 
 107343  0.959   2  2015   46   0.79  57068.228  125.9  1.615e+01 
 107344  0.479   1  2015   46   1.17  57068.244  125.9  1.770e+01 
 107350  1.299   2  2015   46   4.31  57068.375  125.8  1.181e+01 
 107382  0.950   3  2015   46  20.24  57069.039  125.4  1.073e+01 
 107383  0.950   3  2015   46  20.77  57069.061  125.4  1.139e+01 
 107385  0.744   5  2015   46  21.72  57069.100  125.4  1.237e+01 
 107386  0.447   3  2015   46  22.17  57069.119  125.4  1.364e+01 
 107430  0.950   3  2015   47  20.31  57070.042  124.9  3.441e+00 
 107431  0.633   2  2015   47  20.75  57070.060  124.8  2.925e+00 
 107435  1.673   1  2015   47  22.55  57070.135  124.8  5.440e+00 
 107436  0.479   1  2015   47  23.45  57070.173  124.8  8.001e+00 
 107437  0.959   2  2015   47  23.84  57070.189  124.8  8.439e+00 
 107438  0.479   1  2015   48   0.23  57070.205  124.7  9.502e+00 
 107439  0.479   1  2015   48   0.75  57070.227  124.7  9.516e+00 
 107440  0.959   2  2015   48   1.14  57070.243  124.7  9.965e+00 
 107441  0.479   1  2015   48   1.53  57070.259  124.7  1.024e+01 
 107484  1.916   1  2015   48  23.48  57071.174  124.0  1.009e+01 
 107487  1.916   1  2015   49   0.76  57071.227  124.0  1.196e+01 
 107489  2.000   1  2015   49   1.93  57071.276  123.9  1.087e+01 
 107492  2.000   1  2015   49   3.32  57071.334  123.8  1.025e+01 
 107538  0.333   2  2015   50   2.34  57072.293  123.1  1.170e+01 
 107717  0.775   3  2015   53  19.74  57076.018  121.2  6.140e+00 
 107718  0.517   2  2015   53  20.10  57076.033  121.2  5.072e+00 
 107723  0.959   2  2015   53  22.85  57076.148  121.1  5.753e+00 
 107724  0.959   2  2015   53  23.37  57076.169  121.1  6.468e+00 
 107726  0.959   2  2015   54   0.28  57076.207  121.1  7.902e+00 
 107727  0.959   2  2015   54   0.80  57076.229  121.1  9.219e+00 
 107734  0.333   2  2015   54   4.29  57076.374  121.0  1.264e+01 
 107770  0.825   1  2015   54  22.35  57077.127  120.5  7.781e+00 
 107771  0.825   1  2015   54  22.78  57077.145  120.4  7.809e+00 
 107773  0.959   2  2015   54  23.74  57077.185  120.4  1.421e+01 
 107774  0.959   2  2015   55   0.26  57077.206  120.4  8.868e+00 
 107775  0.479   1  2015   55   0.99  57077.237  120.4  6.561e+00 
 107776  0.479   1  2015   55   1.25  57077.248  120.4  6.486e+00 
 107777  0.959   2  2015   55   1.64  57077.264  120.4  6.878e+00 
 107814  0.667   1  2015   55  20.44  57078.047  120.0  5.504e+00 
 107820  0.479   1  2015   55  23.16  57078.160  119.9  9.102e+00 
 107823  0.479   1  2015   56   0.53  57078.218  119.9  7.388e+00 
 107824  1.673   1  2015   56   1.38  57078.253  119.9  8.208e+00 
 107826  0.377   1  2015   56   2.31  57078.292  119.9  8.744e+00 
 107827  0.377   1  2015   56   2.97  57078.319  119.9  1.152e+01 
 107829  0.478   3  2015   56   3.85  57078.356  119.9  1.044e+01 
 107830  0.957   6  2015   56   4.25  57078.373  119.9  1.028e+01 
 107862  1.026   2  2015   56  20.15  57079.035  119.8  1.151e+01 
 107863  0.658   2  2015   56  20.71  57079.059  119.8  1.406e+01 
 107864  0.771   2  2015   56  21.20  57079.079  119.8  1.456e+01 
 107865  0.771   2  2015   56  21.67  57079.099  119.8  1.367e+01 
 107866  0.771   2  2015   56  22.14  57079.118  119.8  1.573e+01 
 107867  0.788   2  2015   56  22.70  57079.142  119.8  1.394e+01 
 107868  0.788   2  2015   56  23.19  57079.162  119.8  1.502e+01 
 107869  0.788   2  2015   56  23.68  57079.182  119.8  1.487e+01 
 107870  0.788   2  2015   57   0.18  57079.203  119.8  1.573e+01 
 107871  0.394   1  2015   57   0.51  57079.217  119.8  1.524e+01 
 107872  1.028   3  2015   57   1.19  57079.245  119.8  1.334e+01 
 107873  0.686   2  2015   57   1.74  57079.268  119.8  1.071e+01 
 107874  0.343   1  2015   57   2.02  57079.280  119.8  9.802e+00 
 107875  2.016   1  2015   57   2.71  57079.309  119.8  1.017e+01 
 107876  0.507   1  2015   57   3.47  57079.340  119.8  1.055e+01 
 107877  0.507   1  2015   57   3.74  57079.351  119.8  1.057e+01 
 107878  0.507   1  2015   57   4.07  57079.365  119.8  1.273e+01 
 108054  0.667   2  2015   60  20.24  57083.039  120.0  5.417e+00 
 108055  1.000   3  2015   60  20.74  57083.060  120.0  4.078e+00 
 108056  0.333   1  2015   60  21.16  57083.077  120.0  4.462e+00 
 108102  0.913   5  2015   61  20.23  57084.039  119.9  5.514e+00 
 108293  0.489   2  2015   65  19.91  57088.025  119.3  5.723e+00 
 108341  0.479   1  2015   66  19.90  57089.025  119.2  4.927e+00 
 108342  0.959   2  2015   66  20.29  57089.041  119.2  4.877e+00 
 108343  0.479   1  2015   66  20.68  57089.057  119.2  5.731e+00 
 108344  0.479   1  2015   66  21.25  57089.081  119.2  7.333e+00 
 108345  0.479   1  2015   66  21.51  57089.092  119.2  8.085e+00 
 108826  0.479   1  2015   76  22.42  57099.130  125.0  2.086e+01 
 108827  0.959   2  2015   76  22.81  57099.146  125.0  1.795e+01 
 108828  0.479   1  2015   76  23.20  57099.162  125.0  1.686e+01 
 108829  0.959   2  2015   76  23.67  57099.182  125.0  1.755e+01 
 108830  0.959   2  2015   77   0.19  57099.203  125.0  1.388e+01 
 108879  0.959   2  2015   78   0.64  57100.222  124.9  1.218e+01 
 108880  0.959   2  2015   78   1.16  57100.244  124.9  1.348e+01 
 108920  0.661   1  2015   78  21.49  57101.091  124.6  1.792e+01 
 108921  0.661   1  2015   78  21.85  57101.106  124.6  2.105e+01 
 108922  0.479   1  2015   78  22.42  57101.130  124.6  1.596e+01 
 108923  0.959   2  2015   78  22.81  57101.146  124.6  1.650e+01 
 108924  0.479   1  2015   78  23.20  57101.162  124.6  1.655e+01 
 108925  0.959   2  2015   78  23.86  57101.190  124.6  1.731e+01 
 108926  0.479   1  2015   79   0.25  57101.206  124.6  1.928e+01 
 108927  0.479   1  2015   79   0.51  57101.217  124.6  1.878e+01 
 108928  0.959   2  2015   79   1.33  57101.251  124.5  2.059e+01 
 108930  1.000   2  2015   79   2.16  57101.286  124.5  2.511e+01 
 108931  1.000   2  2015   79   2.72  57101.309  124.5  2.899e+01 
 108965  0.959   2  2015   79  19.67  57102.015  124.3  1.865e+01 
 108966  0.959   2  2015   79  20.19  57102.037  124.3  1.740e+01 
 108967  0.479   1  2015   79  20.89  57102.066  124.3  1.528e+01 
 108968  0.959   2  2015   79  21.27  57102.082  124.3  1.423e+01 
 108969  0.479   1  2015   79  21.66  57102.098  124.3  1.268e+01 
 108970  0.333   1  2015   79  22.33  57102.126  124.3  1.310e+01 
 108971  1.000   3  2015   79  22.72  57102.142  124.3  1.760e+01 
 108972  0.333   1  2015   79  23.41  57102.171  124.3  1.231e+01 
 108973  0.667   2  2015   79  23.79  57102.187  124.2  1.114e+01 
 108980  1.000   2  2015   80   3.18  57102.328  124.2  2.106e+01 
 108981  1.000   2  2015   80   3.73  57102.351  124.2  2.325e+01 
 108983  0.982   2  2015   80   4.65  57102.389  124.1  3.292e+01 
 109012  0.479   1  2015   80  19.42  57103.005  123.9  1.640e+01 
 109013  0.959   2  2015   80  19.80  57103.021  123.9  1.566e+01 
 109014  0.479   1  2015   80  20.19  57103.037  123.9  1.585e+01 
 109511  1.000   1  2015   91   4.66  57113.390  125.4  2.977e+01 
 109512  1.000   1  2015   91   5.19  57113.412  125.5  3.865e+01 
 109557  0.571   2  2015   92   3.78  57114.353  126.9  2.369e+01 
 109558  0.857   3  2015   92   4.21  57114.371  126.9  2.002e+01 
 109605  0.444   2  2015   93   3.72  57115.351  128.5  1.435e+01 
 109607  1.000   1  2015   93   4.69  57115.391  128.6  1.538e+01 
 109732  0.547   3  2015   95  19.27  57117.998  131.8  1.669e+01 
 109877  0.667   4  2015   98  19.76  57121.019  134.1  2.174e+01 
 109878  0.833   5  2015   98  20.21  57121.038  134.1  2.122e+01 
 109879  0.500   3  2015   98  20.87  57121.065  134.1  2.033e+01 
 109880  0.833   5  2015   98  21.27  57121.082  134.1  1.830e+01 
 109890  0.833   5  2015   99   2.22  57121.288  134.2  8.490e+00 
 109891  0.500   3  2015   99   2.62  57121.305  134.2  8.652e+00 
 109892  0.833   5  2015   99   3.29  57121.333  134.3  9.089e+00 
 109893  0.667   4  2015   99   3.74  57121.352  134.3  1.071e+01 
 109894  0.778   1  2015   99   4.25  57121.372  134.3  1.403e+01 
 109895  0.778   1  2015   99   4.68  57121.391  134.3  1.491e+01 
 109933  0.778   1  2015   99  23.71  57122.183  134.6  1.559e+01 
 109934  0.778   1  2015  100   0.14  57122.202  134.6  1.612e+01 
 109936  0.778   1  2015  100   1.07  57122.240  134.6  1.864e+01 
 110024  0.959   2  2015  101  21.33  57124.084  134.3  1.528e+01 
 110025  0.959   2  2015  101  21.84  57124.106  134.2  1.546e+01 
 110027  1.086   1  2015  101  22.70  57124.141  134.2  1.532e+01 
 110028  1.086   1  2015  101  23.26  57124.165  134.2  1.627e+01 
 110030  0.487   3  2015  102   0.37  57124.211  134.2  1.413e+01 
 110031  0.811   5  2015  102   0.74  57124.227  134.2  1.493e+01 
 110032  0.487   3  2015  102   1.18  57124.245  134.2  1.453e+01 
 110033  0.973   6  2015  102   1.75  57124.268  134.1  1.399e+01 
 110034  0.811   5  2015  102   2.25  57124.290  134.1  1.406e+01 
 110038  0.487   3  2015  102   4.33  57124.376  134.1  1.548e+01 
 110039  0.811   5  2015  102   4.72  57124.392  134.1  1.695e+01 
 110077  0.649   4  2015  102  23.82  57125.188  133.6  1.739e+01 
 110078  0.487   3  2015  103   0.35  57125.210  133.6  1.662e+01 
 110079  0.973   6  2015  103   0.76  57125.227  133.6  1.601e+01 
 110080  0.649   4  2015  103   1.25  57125.248  133.6  1.740e+01 
 110081  0.811   5  2015  103   1.78  57125.270  133.6  1.800e+01 
 110082  0.649   4  2015  103   2.19  57125.287  133.6  1.928e+01 
 110083  0.487   3  2015  103   2.84  57125.314  133.6  2.002e+01 
 110084  0.973   6  2015  103   3.26  57125.331  133.5  1.970e+01 
 110085  0.487   3  2015  103   3.67  57125.349  133.5  1.922e+01 
 110086  0.811   5  2015  103   4.24  57125.372  133.5  1.933e+01 
 110087  0.811   5  2015  103   4.70  57125.391  133.5  2.037e+01 
 110126  0.649   4  2015  104   0.30  57126.208  133.0  2.708e+01 
 110127  0.973   6  2015  104   0.76  57126.227  133.0  2.811e+01 
 110128  0.649   4  2015  104   1.28  57126.249  133.0  2.837e+01 
 110129  0.811   5  2015  104   1.76  57126.269  133.0  2.965e+01 
 110130  0.487   3  2015  104   2.13  57126.284  133.0  3.031e+01 
 110131  0.811   5  2015  104   2.81  57126.313  133.0  3.495e+01 
 110132  0.811   5  2015  104   3.27  57126.332  133.0  3.843e+01 
 110133  0.649   4  2015  104   3.84  57126.356  132.9  4.096e+01 
 110134  0.811   5  2015  104   4.26  57126.373  132.9  3.746e+01 
 110136  0.649   4  2015  104   5.21  57126.413  132.9  4.439e+01 
 110175  0.835   1  2015  105   0.85  57127.231  132.4  2.090e+01 
 110176  0.835   1  2015  105   1.27  57127.249  132.4  2.188e+01 
 110178  0.794   1  2015  105   2.09  57127.283  132.4  2.262e+01 
 110179  0.794   1  2015  105   2.52  57127.301  132.3  2.011e+01 
 110222  0.794   1  2015  106   0.08  57128.199  131.8  2.047e+01 
 110223  0.794   1  2015  106   0.50  57128.217  131.8  1.840e+01 
 110227  0.794   1  2015  106   2.67  57128.307  131.8  1.600e+01 
 110228  0.794   1  2015  106   3.09  57128.324  131.8  1.743e+01 
 110272  0.700   1  2015  107   1.35  57129.252  131.2  2.237e+01 
 110273  0.700   1  2015  107   1.73  57129.268  131.2  2.140e+01 
 110275  0.700   1  2015  107   2.64  57129.306  131.2  2.391e+01 
 110276  0.700   1  2015  107   3.02  57129.321  131.2  2.429e+01 
 110357  0.756   2  2015  108  19.70  57131.016  130.0  3.354e+01 
 110358  0.756   2  2015  108  20.13  57131.034  130.0  3.499e+01 
 110372  0.778   1  2015  109   3.40  57131.337  129.8  2.045e+01 
 110373  0.778   1  2015  109   3.83  57131.355  129.8  1.722e+01 
 110406  0.333   4  2015  109  20.11  57132.033  129.4  4.151e+01 
 110408  0.358   1  2015  109  21.28  57132.082  129.4  3.726e+01 
 110409  1.075   3  2015  109  21.73  57132.101  129.4  3.936e+01 
 110411  0.789   4  2015  109  22.73  57132.143  129.4  3.832e+01 
 110417  0.472   1  2015  110   1.90  57132.275  129.3  3.099e+01 
 110418  0.944   2  2015  110   2.33  57132.292  129.3  3.072e+01 
 110419  0.472   1  2015  110   2.75  57132.310  129.3  3.190e+01 
 110420  0.472   1  2015  110   3.48  57132.341  129.3  3.532e+01 
 110421  0.472   1  2015  110   3.77  57132.353  129.3  3.411e+01 
 110422  0.944   2  2015  110   4.19  57132.370  129.3  3.396e+01 
 110464  0.649   1  2015  111   1.44  57133.256  129.3  2.683e+01 
 110465  0.649   1  2015  111   1.78  57133.270  129.3  2.465e+01 
 110548  0.378   1  2015  112  19.41  57135.004  130.6  3.356e+01 
 110549  0.756   2  2015  112  19.73  57135.018  130.6  3.292e+01 
 110550  0.378   1  2015  112  20.05  57135.031  130.6  3.273e+01 
 110551  0.778   1  2015  112  20.71  57135.058  130.7  2.836e+01 
 110552  0.778   1  2015  112  21.14  57135.076  130.7  2.877e+01 
 110555  0.717   2  2015  112  22.77  57135.144  130.8  3.584e+01 
 110556  0.717   2  2015  112  23.22  57135.163  130.8  3.683e+01 
 110597  0.333   1  2015  113  19.70  57136.017  131.7  2.873e+01 
 110598  0.667   2  2015  113  20.25  57136.039  131.7  3.141e+01 
 110599  0.333   1  2015  113  20.84  57136.064  131.7  2.919e+01 
 110600  0.333   1  2015  113  21.27  57136.082  131.8  3.208e+01 
 110601  0.333   1  2015  113  21.75  57136.102  131.8  3.225e+01 
 110602  0.667   2  2015  113  22.19  57136.120  131.8  3.009e+01 
 110603  0.667   2  2015  113  22.73  57136.143  131.8  2.958e+01 
 110604  0.333   1  2015  113  23.29  57136.166  131.9  2.910e+01 
 110605  0.667   2  2015  113  23.72  57136.184  131.9  2.882e+01 
 110606  0.667   2  2015  114   0.26  57136.206  131.9  3.061e+01 
 110608  0.667   2  2015  114   1.16  57136.244  132.0  2.860e+01 
 110693  0.667   2  2015  115  19.76  57138.019  133.9  1.460e+01 
 110694  0.667   2  2015  115  20.30  57138.041  134.0  1.422e+01 
 110695  0.333   1  2015  115  20.80  57138.062  134.0  1.532e+01 
 110696  0.667   2  2015  115  21.17  57138.078  134.0  1.408e+01 
 110697  0.469   2  2015  115  21.65  57138.098  134.0  1.215e+01 
 110792  0.650   2  2015  117  21.37  57140.086  135.6  2.726e+01 
 110793  0.650   2  2015  117  21.79  57140.103  135.6  3.457e+01 
 110795  0.975   3  2015  117  22.74  57140.143  135.6  2.977e+01 
 110799  0.667   2  2015  118   0.72  57140.226  135.7  2.943e+01 
 110800  0.667   2  2015  118   1.11  57140.242  135.7  3.347e+01 
 110801  0.339   1  2015  118   1.99  57140.279  135.7  3.428e+01 
 110802  0.679   2  2015  118   2.32  57140.292  135.7  3.519e+01 
 110803  0.339   1  2015  118   2.65  57140.306  135.7  3.555e+01 
 110804  0.500   1  2015  118   3.43  57140.338  135.7  5.297e+01 
 110805  1.000   2  2015  118   3.84  57140.356  135.8  4.114e+01 
 110806  0.500   1  2015  118   4.26  57140.373  135.8  3.936e+01 
 110844  0.531   1  2015  118  23.28  57141.165  136.2  1.738e+01 
 110845  1.061   2  2015  118  23.70  57141.183  136.2  1.737e+01 
 110847  0.661   1  2015  119   0.65  57141.223  136.2  1.245e+01 
 110849  0.886   1  2015  119   1.66  57141.265  136.3  1.706e+01 
 110851  0.778   1  2015  119   2.90  57141.316  136.3  1.095e+01 
 110852  0.778   1  2015  119   3.33  57141.335  136.3  1.242e+01 
 110884  0.667   1  2015  119  19.26  57141.998  136.5  2.632e+01 
 110888  0.650   2  2015  119  21.21  57142.079  136.6  2.125e+01 
 110889  0.650   2  2015  119  21.63  57142.097  136.6  2.310e+01 
 110902  1.133   3  2015  120   4.28  57142.374  136.7  3.128e+01 
 110903  0.378   1  2015  120   4.71  57142.392  136.7  3.126e+01 
 111411  0.507   1  2015  130  18.96  57152.985  127.6  1.575e+01 
 111412  1.014   2  2015  130  19.36  57153.002  127.6  1.517e+01 
 111413  0.507   1  2015  130  19.84  57153.022  127.6  1.416e+01 
 111414  0.507   1  2015  130  20.11  57153.033  127.6  1.316e+01 
 111415  1.394   2  2015  130  20.73  57153.059  127.6  1.542e+01 
 111416  0.607   3  2015  130  21.37  57153.086  127.6  1.588e+01 
 111417  0.607   3  2015  130  21.76  57153.102  127.6  1.634e+01 
 111418  1.011   5  2015  130  22.26  57153.123  127.6  1.708e+01 
 111419  0.607   3  2015  130  22.77  57153.144  127.6  1.829e+01 
 111420  0.608   2  2015  130  23.25  57153.164  127.6  1.922e+01 
 111421  0.811   2  2015  130  23.68  57153.182  127.6  2.190e+01 
 111422  0.811   2  2015  131   0.15  57153.202  127.6  2.377e+01 
 111423  1.217   3  2015  131   0.74  57153.226  127.5  2.056e+01 
 111424  0.811   2  2015  131   1.34  57153.251  127.5  2.019e+01 
 111426  0.899   2  2015  131   2.14  57153.285  127.5  2.136e+01 
 111427  0.809   4  2015  131   2.71  57153.309  127.5  2.164e+01 
 111430  1.000   1  2015  131   4.25  57153.373  127.5  2.618e+01 
 111432  0.697   1  2015  131   5.07  57153.407  127.5  1.926e+01 
 111461  1.394   2  2015  131  19.71  57154.017  127.3  1.558e+01 
 111462  0.697   1  2015  131  20.32  57154.042  127.3  1.710e+01 
 111463  0.652   2  2015  131  20.80  57154.062  127.3  1.886e+01 
 111464  0.978   3  2015  131  21.25  57154.081  127.3  1.477e+01 
 111465  0.652   2  2015  131  21.75  57154.102  127.3  1.421e+01 
 111466  0.978   3  2015  131  22.19  57154.120  127.3  1.373e+01 
 111467  0.775   3  2015  131  22.79  57154.145  127.3  1.384e+01 
 111468  0.775   3  2015  131  23.22  57154.163  127.2  1.479e+01 
 111471  0.406   1  2015  132   0.71  57154.225  127.2  1.651e+01 
 111472  1.217   3  2015  132   1.24  57154.247  127.2  1.505e+01 
 111473  0.811   2  2015  132   1.84  57154.272  127.2  1.443e+01 
 111474  0.811   2  2015  132   2.31  57154.292  127.2  1.491e+01 
 111475  0.811   2  2015  132   2.77  57154.311  127.2  1.625e+01 
 111477  0.652   2  2015  132   3.69  57154.349  127.2  1.508e+01 
 111478  0.652   2  2015  132   4.25  57154.373  127.2  1.576e+01 
 111479  0.652   2  2015  132   4.72  57154.392  127.2  1.592e+01 
 111520  1.000   1  2015  133   1.14  57155.243  126.9  2.763e+01 
 111522  0.756   2  2015  133   2.21  57155.288  126.8  2.992e+01 
 111523  0.756   2  2015  133   2.64  57155.306  126.8  2.981e+01 
 111555  0.333   4  2015  133  18.83  57155.980  126.6  2.223e+01 
 111564  0.794   1  2015  133  23.10  57156.158  126.6  2.039e+01 
 111565  0.794   1  2015  133  23.53  57156.176  126.6  2.072e+01 
 111566  0.794   1  2015  134   0.36  57156.211  126.6  2.186e+01 
 111567  0.794   1  2015  134   0.79  57156.228  126.6  2.485e+01 
 111568  0.500   1  2015  134   1.31  57156.250  126.6  2.658e+01 
 111569  1.000   2  2015  134   1.72  57156.267  126.6  2.903e+01 
 111570  0.500   1  2015  134   2.13  57156.284  126.6  2.507e+01 
 111615  1.589   2  2015  135   0.78  57157.228  126.4  1.617e+01 
 111617  1.103   2  2015  135   1.84  57157.272  126.4  1.705e+01 
 111618  0.552   1  2015  135   2.28  57157.290  126.4  1.711e+01 
 111619  0.552   1  2015  135   2.81  57157.313  126.4  1.871e+01 
 111620  1.103   2  2015  135   3.24  57157.331  126.4  2.251e+01 
 111621  0.667   2  2015  135   3.87  57157.357  126.4  2.935e+01 
 111622  0.667   2  2015  135   4.26  57157.373  126.4  2.908e+01 
 111651  1.000   3  2015  135  18.71  57157.975  126.2  2.236e+01 
 111652  0.333   1  2015  135  19.09  57157.991  126.2  2.255e+01 
 111653  1.206   2  2015  135  19.78  57158.020  126.2  2.099e+01 
 111654  0.603   1  2015  135  20.33  57158.043  126.2  1.897e+01 
 111655  0.603   1  2015  135  20.68  57158.057  126.2  1.887e+01 
 111664  0.339   1  2015  136   1.32  57158.251  126.1  2.732e+01 
 111665  1.018   3  2015  136   1.76  57158.269  126.1  3.536e+01 
 111670  0.778   2  2015  136   4.31  57158.375  126.0  3.655e+01 
 111671  0.778   2  2015  136   4.75  57158.394  126.0  3.873e+01 
 111700  0.333   4  2015  136  19.15  57158.993  125.7  2.893e+01 
 111703  0.650   2  2015  136  20.69  57159.058  125.7  2.720e+01 
 111760  1.000   2  2015  138   1.35  57160.252  124.8  3.399e+01 
 111761  0.500   1  2015  138   1.76  57160.269  124.8  3.651e+01 
 111762  0.500   1  2015  138   2.04  57160.281  124.8  3.697e+01 
 111766  1.333   1  2015  138   4.19  57160.370  124.7  2.174e+01 
 111767  1.333   1  2015  138   4.87  57160.398  124.6  2.184e+01 
 111853  0.333   1  2015  139  23.81  57162.188  122.7  1.408e+01 
 111854  1.000   3  2015  140   0.20  57162.204  122.7  1.434e+01 
 111891  0.850   1  2015  140  18.90  57162.983  121.7  1.392e+01 
 111892  0.850   1  2015  140  19.34  57163.001  121.7  1.537e+01 
 111894  0.850   1  2015  140  20.10  57163.033  121.6  1.945e+01 
 111895  0.850   1  2015  140  20.54  57163.051  121.6  2.127e+01 
 111905  1.039   1  2015  141   1.85  57163.273  121.3  2.767e+01 
 111906  1.039   1  2015  141   2.40  57163.295  121.3  3.197e+01 
 111940  1.086   1  2015  141  19.17  57163.994  120.3  1.705e+01 
 111941  1.086   1  2015  141  19.73  57164.018  120.3  1.947e+01 
 111943  1.067   2  2015  141  20.78  57164.062  120.2  1.716e+01 
 111947  0.533   1  2015  141  22.78  57164.145  120.1  1.689e+01 
 111948  0.533   1  2015  141  23.08  57164.157  120.1  1.470e+01 
 111949  0.949   2  2015  141  23.84  57164.189  120.1  1.361e+01 
 111950  0.474   1  2015  142   0.26  57164.206  120.1  1.648e+01 
 111951  0.474   1  2015  142   0.54  57164.218  120.1  1.499e+01 
 111992  0.778   1  2015  142  21.18  57165.078  119.1  1.565e+01 
 111993  0.778   1  2015  142  21.61  57165.096  119.1  1.923e+01 
 111999  0.944   2  2015  143   0.71  57165.225  118.9  2.195e+01 
 112000  0.944   2  2015  143   1.28  57165.249  118.9  2.260e+01 
 112002  0.472   1  2015  143   2.31  57165.292  118.9  2.763e+01 
 112003  0.944   2  2015  143   2.74  57165.310  118.9  2.979e+01 
 112004  0.472   1  2015  143   3.17  57165.327  118.8  2.331e+01 
 112006  0.840   3  2015  143   4.17  57165.369  118.8  2.967e+01 
 112232  0.650   2  2015  147  21.19  57170.078  114.6  1.350e+01 
 112234  0.661   1  2015  147  22.23  57170.122  114.6  1.812e+01 
 112235  0.661   1  2015  147  22.59  57170.137  114.5  1.474e+01 
 112371  0.778   1  2015  150  18.74  57172.977  114.9  1.087e+01 
 112567  0.661   1  2015  154  20.75  57177.060  118.6  1.536e+01 
 112584  0.447   1  2015  155   5.12  57177.409  119.0  1.697e+01 
 112900  0.518   2  2015  161  19.36  57184.002  132.7  5.421e+00 
 112902  0.518   2  2015  161  20.11  57184.033  132.7  9.896e+00 
 112903  0.777   3  2015  161  20.73  57184.059  132.8  9.630e+00 
 112906  0.518   2  2015  161  22.36  57184.127  132.8  1.114e+01 
 112907  0.518   2  2015  161  22.77  57184.144  132.8  1.187e+01 
 112908  0.518   2  2015  161  23.18  57184.162  132.8  1.067e+01 
 112911  0.518   2  2015  162   0.90  57184.233  132.9  9.788e+00 
 112917  0.518   2  2015  162   3.75  57184.352  132.9  8.545e+00 
 112918  0.777   3  2015  162   4.30  57184.375  133.0  8.001e+00 
 112919  0.518   2  2015  162   4.89  57184.399  133.0  7.864e+00 
 112953  0.474   1  2015  162  21.72  57185.101  133.4  1.066e+01 
 112954  0.949   2  2015  162  22.14  57185.118  133.4  1.014e+01 
 112955  0.474   1  2015  162  22.57  57185.136  133.4  1.018e+01 
 113100  0.944   2  2015  165  23.16  57188.161  134.0  1.195e+01 
 113101  0.333   1  2015  165  23.84  57188.189  134.0  1.308e+01 
 113102  1.000   3  2015  166   0.23  57188.205  134.0  1.456e+01 
 113104  1.000   3  2015  166   1.30  57188.250  134.0  1.496e+01 
 113105  0.333   1  2015  166   1.69  57188.266  134.0  1.583e+01 
 113106  0.333   1  2015  166   2.38  57188.295  134.0  1.672e+01 
 113107  0.667   2  2015  166   2.67  57188.307  134.0  1.542e+01 
 113108  0.667   2  2015  166   3.33  57188.334  134.0  1.485e+01 
 113110  0.794   1  2015  166   4.13  57188.368  134.0  1.521e+01 
 113111  0.794   1  2015  166   4.56  57188.386  134.0  1.663e+01 
 113139  0.603   1  2015  166  18.89  57188.983  133.9  1.023e+01 
 113140  0.603   1  2015  166  19.23  57188.997  133.9  8.489e+00 
 113141  1.206   2  2015  166  19.78  57189.020  133.9  9.112e+00 
 113143  1.086   1  2015  166  20.62  57189.055  133.9  1.047e+01 
 113144  1.086   1  2015  166  21.18  57189.078  133.9  7.912e+00 
 113187  0.603   1  2015  167  18.97  57189.986  133.8  1.616e+01 
 113188  0.603   1  2015  167  19.31  57190.000  133.8  1.181e+01 
 113189  0.603   1  2015  167  19.69  57190.016  133.7  1.372e+01 
 113190  0.800   2  2015  167  20.12  57190.034  133.7  1.377e+01 
 113191  0.592   3  2015  167  20.69  57190.058  133.7  1.746e+01 
 113192  0.531   1  2015  167  21.43  57190.088  133.7  2.207e+01 
 113193  1.061   2  2015  167  21.85  57190.106  133.7  2.060e+01 
 113195  1.061   2  2015  167  22.79  57190.145  133.7  2.966e+01 
 113196  0.531   1  2015  167  23.21  57190.163  133.7  3.557e+01 
 113197  0.333   1  2015  167  23.95  57190.194  133.7  2.394e+01 
 113198  0.667   2  2015  168   0.24  57190.206  133.7  2.330e+01 
 113199  0.509   2  2015  168   0.68  57190.224  133.7  2.241e+01 
 113204  1.589   2  2015  168   3.24  57190.331  133.7  3.216e+01 
 113206  0.794   1  2015  168   4.23  57190.372  133.7  2.563e+01 
 113207  0.794   1  2015  168   4.65  57190.389  133.6  2.487e+01 
 113236  0.704   1  2015  168  19.10  57190.991  133.5  1.575e+01 
 113237  0.704   1  2015  168  19.50  57191.008  133.5  1.206e+01 
 113238  0.474   1  2015  168  20.22  57191.038  133.5  9.165e+00 
 113239  0.949   2  2015  168  20.64  57191.056  133.5  7.845e+00 
 113240  0.474   1  2015  168  21.07  57191.073  133.5  9.692e+00 
 113241  0.949   2  2015  168  21.85  57191.106  133.4  1.243e+01 
 113242  0.474   1  2015  168  22.27  57191.124  133.4  1.308e+01 
 113244  0.472   1  2015  168  23.29  57191.166  133.4  1.467e+01 
 113245  0.944   2  2015  168  23.72  57191.184  133.4  1.206e+01 
 113246  0.472   1  2015  169   0.14  57191.202  133.4  1.445e+01 
 113337  0.763   1  2015  170  21.93  57193.109  132.6  9.324e+00 
 113340  1.000   1  2015  170  23.29  57193.166  132.5  1.058e+01 
 113342  0.878   5  2015  171   0.21  57193.204  132.5  1.170e+01 
 113343  0.878   5  2015  171   0.72  57193.226  132.5  1.246e+01 
 113345  0.527   3  2015  171   1.85  57193.272  132.4  1.305e+01 
 113346  0.702   4  2015  171   2.29  57193.291  132.4  1.382e+01 
 113347  0.527   3  2015  171   2.69  57193.308  132.4  1.265e+01 
 113348  0.778   2  2015  171   3.38  57193.337  132.4  1.371e+01 
 113349  0.778   2  2015  171   3.82  57193.355  132.4  1.341e+01 
 113350  0.389   1  2015  171   4.45  57193.381  132.4  1.400e+01 
 113351  0.778   2  2015  171   4.78  57193.395  132.4  1.377e+01 
 113352  0.389   1  2015  171   5.11  57193.408  132.3  1.387e+01 
 113523  0.702   1  2015  174  18.90  57196.983  130.8  1.895e+01 
 113576  0.763   1  2015  175  21.20  57198.079  130.6  9.927e+00 
 113578  0.763   1  2015  175  22.41  57198.129  130.6  1.046e+01 
 113582  0.351   2  2015  176   0.24  57198.206  130.6  1.022e+01 
 113584  0.702   1  2015  176   1.09  57198.241  130.6  1.010e+01 
 113587  0.702   4  2015  176   2.82  57198.313  130.5  1.323e+01 
 113588  0.527   3  2015  176   3.18  57198.328  130.5  1.358e+01 
 113590  0.923   2  2015  176   4.21  57198.371  130.5  1.495e+01 
 113591  0.923   2  2015  176   4.72  57198.392  130.5  1.793e+01 
 113619  0.472   1  2015  176  18.92  57198.984  130.2  1.002e+01 
 113620  0.472   1  2015  176  19.20  57198.996  130.2  1.027e+01 
 113668  0.472   1  2015  177  19.10  57199.992  129.7  4.991e+00 
 114298  0.339   1  2015  190  22.43  57213.130  112.2  1.673e+01 
 114299  0.679   2  2015  190  22.76  57213.144  112.2  1.457e+01 
 114300  0.339   1  2015  190  23.09  57213.157  112.2  8.229e+00 
 114302  1.018   3  2015  191   0.28  57213.207  112.2  1.138e+01 
 114303  0.339   1  2015  191   0.72  57213.226  112.1  1.161e+01 
 114388  0.763   1  2015  192  19.47  57215.007  111.7  1.204e+01 
 114390  0.333   1  2015  192  20.49  57215.049  111.6  9.192e+00 
 114391  0.667   2  2015  192  20.76  57215.061  111.6  7.551e+00 
 114392  0.333   1  2015  192  21.03  57215.072  111.6  7.779e+00 
 114394  0.344   2  2015  192  22.26  57215.123  111.6  4.945e+00 
 114395  0.444   2  2015  192  22.71  57215.142  111.6  4.122e+00 
 114396  0.944   2  2015  192  23.33  57215.168  111.6  4.436e+00 
 114437  0.472   1  2015  193  19.97  57216.028  111.5  1.075e+01 
 114438  0.472   1  2015  193  20.26  57216.040  111.5  1.189e+01 
 114440  0.344   2  2015  193  21.07  57216.073  111.5  8.134e+00 
 114441  0.444   2  2015  193  21.77  57216.103  111.5  8.512e+00 
 114442  0.472   1  2015  193  22.37  57216.128  111.5  1.036e+01 
 114443  0.472   1  2015  193  22.66  57216.140  111.5  9.049e+00 
 114585  1.000   1  2015  196  21.54  57219.093  111.0  1.045e+01 
 114586  1.000   1  2015  196  22.06  57219.115  111.0  1.206e+01 
 114587  0.667   2  2015  196  22.78  57219.145  111.0  8.586e+00 
 114588  0.749   3  2015  196  23.18  57219.161  111.0  8.268e+00 
 114589  0.822  10  2015  196  23.76  57219.186  111.0  6.494e+00 
 114593  0.778   1  2015  197   1.85  57219.272  110.9  5.425e+00 
 114594  0.778   1  2015  197   2.28  57219.291  110.9  5.376e+00 
 114596  1.556   2  2015  197   3.27  57219.332  110.9  1.047e+01 
 114598  0.857   3  2015  197   4.19  57219.370  110.9  1.351e+01 
 114599  0.571   2  2015  197   4.62  57219.388  110.9  1.310e+01 
 114627  0.794   1  2015  197  18.91  57219.983  110.6  7.056e+00 
 114628  0.794   1  2015  197  19.33  57220.001  110.6  6.974e+00 
 114678  0.949   2  2015  198  20.21  57221.037  110.1  1.059e+01 
 114679  0.474   1  2015  198  20.63  57221.055  110.1  1.020e+01 
 114725  0.474   1  2015  199  20.00  57222.029  109.4  1.285e+01 
 114726  0.474   1  2015  199  20.28  57222.041  109.4  1.218e+01 
 114727  0.474   1  2015  199  20.56  57222.052  109.4  1.333e+01 
 114728  0.949   2  2015  199  21.34  57222.085  109.4  1.320e+01 
 114729  0.474   1  2015  199  21.76  57222.102  109.4  1.146e+01 
 114730  0.474   1  2015  199  22.04  57222.114  109.4  1.284e+01 
 115023  0.658   8  2015  206   0.70  57228.225  104.9  4.581e+00 
 115156  0.667   1  2015  208  19.50  57231.008  105.3  2.436e+00 
 115157  0.667   1  2015  208  19.86  57231.023  105.3  1.310e+00 
 115689  0.944   2  2015  219  21.64  57242.097  105.0  6.479e+00 
 115844  0.533   4  2015  223   3.29  57245.333  108.1  1.295e+01 
 115845  0.800   6  2015  223   3.71  57245.350  108.1  1.278e+01 
 115846  0.400   3  2015  223   4.29  57245.374  108.2  1.305e+01 
 115847  0.800   6  2015  223   4.77  57245.394  108.2  1.247e+01 
 115848  0.400   3  2015  223   5.15  57245.410  108.2  1.214e+01 
 115890  0.622   8  2015  224   2.18  57246.287  109.0  6.515e+00 
 115891  0.378   1  2015  224   2.86  57246.315  109.0  8.947e+00 
 115892  0.756   2  2015  224   3.19  57246.328  109.0  1.071e+01 
 115893  0.378   1  2015  224   3.51  57246.342  109.0  1.251e+01 
 115929  0.944   2  2015  224  21.74  57247.101  109.6  4.957e+00 
 115940  0.378   1  2015  225   3.29  57247.333  109.8  4.688e+00 
 115941  1.133   3  2015  225   3.72  57247.351  109.8  5.288e+00 
 115942  0.378   1  2015  225   4.41  57247.379  109.8  6.687e+00 
 115943  0.756   2  2015  225   4.73  57247.393  109.9  6.251e+00 
 115944  0.378   1  2015  225   5.06  57247.406  109.9  6.674e+00 
 116078  1.009   1  2015  228   0.26  57250.206  110.7  5.585e+00 
 116079  1.009   1  2015  228   0.85  57250.231  110.7  5.567e+00 
 116126  1.009   1  2015  229   0.27  57251.207  110.5  1.053e+01 
 116127  1.009   1  2015  229   0.85  57251.231  110.4  8.984e+00 
 116128  0.534   1  2015  229   1.31  57251.250  110.4  9.047e+00 
 116166  0.472   1  2015  229  20.41  57252.046  110.0  9.882e+00 
 116167  0.472   1  2015  229  20.70  57252.058  110.0  1.035e+01 
 116174  1.009   1  2015  230   0.41  57252.213  109.9  1.104e+01 
 116175  1.009   1  2015  230   0.97  57252.236  109.9  1.230e+01 
 116177  1.009   1  2015  230   1.55  57252.260  109.8  1.268e+01 
 116178  1.009   1  2015  230   2.12  57252.284  109.8  1.072e+01 
 116179  1.009   1  2015  230   2.71  57252.308  109.8  8.787e+00 
 116180  1.009   1  2015  230   3.30  57252.333  109.8  8.162e+00 
 116181  1.009   1  2015  230   3.90  57252.358  109.8  8.083e+00 
 116183  1.009   1  2015  230   4.52  57252.384  109.8  8.870e+00 
 116184  1.009   1  2015  230   5.10  57252.408  109.7  1.045e+01 
 116222  1.009   1  2015  231   0.21  57253.205  109.1  1.352e+01 
 116223  0.350   1  2015  231   0.62  57253.222  109.1  1.374e+01 
 116416  0.583   5  2015  235   1.19  57257.245  104.2  8.160e+00 
 116419  0.789   1  2015  235   2.75  57257.310  104.1  7.398e+00 
 116421  0.857   3  2015  235   3.78  57257.353  104.0  7.577e+00 
 116463  0.944   2  2015  236   0.68  57258.224  103.2  5.068e+00 
 116464  0.944   2  2015  236   1.21  57258.246  103.2  5.881e+00 
 116465  0.581   2  2015  236   1.91  57258.275  103.1  6.218e+00 
 116466  0.581   2  2015  236   2.26  57258.290  103.1  6.301e+00 
 116467  0.581   2  2015  236   2.61  57258.304  103.1  9.510e+00 
 116468  0.571   2  2015  236   3.32  57258.334  103.1  9.091e+00 
 116469  0.857   3  2015  236   3.76  57258.352  103.1  8.205e+00 
 116471  1.667   1  2015  236   4.89  57258.399  103.0  7.826e+00 
 116516  0.472   1  2015  237   3.47  57259.340  102.3  8.489e+00 
 116517  0.472   1  2015  237   3.74  57259.351  102.3  9.046e+00 
 116518  0.944   2  2015  237   4.14  57259.368  102.3  8.278e+00 
 116519  0.592   1  2015  237   4.90  57259.400  102.2  8.570e+00 
 116559  0.944   2  2015  238   0.65  57260.222  101.7  6.148e+00 
 116560  0.944   2  2015  238   1.18  57260.245  101.6  5.549e+00 
 116561  0.472   1  2015  238   1.86  57260.273  101.6  6.524e+00 
 116562  0.944   2  2015  238   2.26  57260.290  101.6  5.662e+00 
 116563  0.472   1  2015  238   2.65  57260.306  101.6  7.145e+00 
 116564  0.944   2  2015  238   3.16  57260.327  101.6  1.037e+01 
 116565  0.944   2  2015  238   3.69  57260.349  101.6  1.119e+01 
 116567  0.872   3  2015  238   4.68  57260.390  101.6  1.143e+01 
 116568  0.581   2  2015  238   5.12  57260.409  101.5  1.243e+01 
 116612  0.857   3  2015  239   3.24  57261.331  101.0  6.868e+00 
 117182  0.794   1  2015  251   0.22  57273.205   98.7  8.874e+00 
 117183  0.794   1  2015  251   0.64  57273.222   98.6  9.562e+00 
 117228  0.794   1  2015  251  23.17  57274.161   97.9  1.780e+01 
 117229  0.794   1  2015  251  23.60  57274.179   97.9  1.753e+01 
 117234  1.589   2  2015  252   2.26  57274.290   97.8  1.282e+01 
 117236  0.871   1  2015  252   3.33  57274.335   97.8  1.140e+01 
 117237  0.871   1  2015  252   3.80  57274.354   97.8  1.301e+01 
 117238  0.871   1  2015  252   4.26  57274.373   97.8  1.376e+01 
 117278  0.633   4  2015  253   0.30  57275.208   97.4  1.217e+01 
 117279  0.950   6  2015  253   0.75  57275.227   97.4  1.266e+01 
 117281  0.871   1  2015  253   1.86  57275.273   97.4  1.429e+01 
 117282  0.871   1  2015  253   2.33  57275.293   97.4  1.295e+01 
 117283  0.871   1  2015  253   2.79  57275.312   97.4  1.264e+01 
 117285  1.667   1  2015  253   3.89  57275.358   97.4  9.783e+00 
 117321  0.792   5  2015  253  21.82  57276.105   97.3  8.677e+00 
 117322  0.792   5  2015  253  22.27  57276.124   97.3  1.121e+01 
 117324  0.792   5  2015  253  23.25  57276.164   97.3  1.347e+01 
 117325  0.950   6  2015  253  23.75  57276.185   97.3  1.472e+01 
 117327  1.004   2  2015  254   0.75  57276.227   97.3  1.252e+01 
 117370  0.683   1  2015  254  22.19  57277.120   97.4  8.140e+00 
 117371  0.683   1  2015  254  22.56  57277.135   97.4  8.823e+00 
 117430  1.667   1  2015  256   4.20  57278.370   98.5  2.515e+01 
 117461  0.361   2  2015  256  19.72  57279.017   99.2  1.607e+01 
 117463  1.038   1  2015  256  20.77  57279.061   99.2  1.772e+01 
 117464  1.038   1  2015  256  21.32  57279.084   99.3  1.423e+01 
 117466  0.704   1  2015  256  22.18  57279.120   99.3  1.446e+01 
 117467  0.704   1  2015  256  22.56  57279.135   99.3  1.490e+01 
 117468  1.038   1  2015  256  23.31  57279.167   99.4  1.193e+01 
 117469  1.038   1  2015  256  23.86  57279.190   99.4  1.349e+01 
 117470  1.038   1  2015  257   0.46  57279.215   99.4  1.305e+01 
 117472  1.038   1  2015  257   1.01  57279.238   99.5  1.257e+01 
 117473  1.038   1  2015  257   1.91  57279.275   99.5  1.540e+01 
 117474  1.038   1  2015  257   2.46  57279.298   99.5  1.887e+01 
 117475  0.593   1  2015  257   2.98  57279.320   99.6  1.982e+01 
 117476  0.593   1  2015  257   3.30  57279.333   99.6  1.910e+01 
 117477  0.704   1  2015  257   3.74  57279.351   99.6  1.502e+01 
 117478  0.704   1  2015  257   4.12  57279.367   99.6  1.403e+01 
 117479  0.760   1  2015  257   4.76  57279.394   99.7  1.609e+01 
 117509  0.417   3  2015  257  19.68  57280.015  100.5  1.378e+01 
 117510  0.361   3  2015  257  20.22  57280.038  100.5  1.014e+01 
 117511  0.964   2  2015  257  20.80  57280.062  100.5  1.293e+01 
 117512  0.482   1  2015  257  21.42  57280.088  100.6  1.231e+01 
 117513  0.482   1  2015  257  21.69  57280.099  100.6  1.393e+01 
 117515  0.667   1  2015  257  22.84  57280.147  100.6  1.895e+01 
 117518  0.593   1  2015  258   0.32  57280.209  100.7  2.375e+01 
 117519  0.593   1  2015  258   0.65  57280.223  100.7  2.238e+01 
 117520  1.631   2  2015  258   1.25  57280.248  100.8  2.363e+01 
 117521  0.482   1  2015  258   1.92  57280.275  100.8  2.524e+01 
 117522  1.076   2  2015  258   2.35  57280.294  100.8  2.500e+01 
 117523  0.593   1  2015  258   2.82  57280.313  100.8  2.377e+01 
 117524  0.371   1  2015  258   3.35  57280.335  100.9  2.707e+01 
 117525  0.742   2  2015  258   3.68  57280.349  100.9  2.511e+01 
 117526  0.853   2  2015  258   4.19  57280.370  100.9  2.431e+01 
 117527  0.964   2  2015  258   4.75  57280.394  100.9  2.540e+01 
 117562  0.923   2  2015  258  22.18  57281.120  101.9  9.237e+00 
 117563  0.923   2  2015  258  22.70  57281.141  101.9  9.551e+00 
 117565  1.285   2  2015  258  23.65  57281.181  102.0  1.088e+01 
 117622  1.667   1  2015  260   4.24  57282.372  103.8  1.649e+01 
 117655  0.872   3  2015  260  20.77  57283.061  104.8  1.620e+01 
 117656  0.872   3  2015  260  21.30  57283.083  104.8  1.405e+01 
 117658  0.794   1  2015  260  22.09  57283.116  104.9  1.145e+01 
 117659  0.794   1  2015  260  22.52  57283.134  104.9  1.228e+01 
 117660  0.794   1  2015  260  23.23  57283.163  104.9  1.213e+01 
 117661  0.794   1  2015  260  23.65  57283.181  104.9  1.170e+01 
 117662  0.871   1  2015  261   0.32  57283.209  105.0  1.191e+01 
 117663  0.871   1  2015  261   0.79  57283.228  105.0  1.077e+01 
 117664  0.871   1  2015  261   1.25  57283.248  105.0  9.547e+00 
 117665  0.661   1  2015  261   1.97  57283.278  105.0  1.000e+01 
 117668  1.741   2  2015  261   3.24  57283.331  105.1  1.450e+01 
 117669  0.871   1  2015  261   3.94  57283.360  105.1  1.749e+01 
 117708  0.794   1  2015  261  23.45  57284.173  105.9  6.983e+00 
 117709  0.794   1  2015  261  23.86  57284.190  105.9  6.545e+00 
 117711  1.667   1  2015  262   0.82  57284.230  105.9  7.192e+00 
 117714  1.667   1  2015  262   2.01  57284.279  106.0  8.791e+00 
 117715  0.871   1  2015  262   2.93  57284.318  106.0  1.008e+01 
 117716  0.871   1  2015  262   3.40  57284.337  106.0  1.012e+01 
 117717  0.871   1  2015  262   3.86  57284.356  106.0  9.475e+00 
 117755  0.794   1  2015  262  22.73  57285.143  106.5  7.914e+00 
 117756  0.794   1  2015  262  23.16  57285.160  106.5  7.750e+00 
 117757  0.789   1  2015  262  23.92  57285.192  106.5  8.062e+00 
 117758  0.789   1  2015  263   0.36  57285.211  106.5  8.177e+00 
 117760  0.736   2  2015  263   1.22  57285.246  106.6  6.895e+00 
 117762  0.789   1  2015  263   2.12  57285.284  106.6  5.502e+00 
 117763  0.789   1  2015  263   2.57  57285.302  106.6  4.999e+00 
 117765  0.857   3  2015  263   3.69  57285.349  106.6  5.869e+00 
 117796  1.333   2  2015  263  19.31  57286.000  106.8  1.123e+01 
 117799  1.667   1  2015  263  20.54  57286.052  106.8  7.288e+00 
 117801  1.667   1  2015  263  21.92  57286.109  106.8  4.618e+00 
 117804  1.667   1  2015  263  23.09  57286.158  106.8  4.210e+00 
 117806  1.667   1  2015  264   0.23  57286.205  106.8  6.385e+00 
 117808  1.150   1  2015  264   1.38  57286.253  106.8  8.459e+00 
 117810  1.206   1  2015  264   2.23  57286.289  106.8  9.834e+00 
 117812  1.317   1  2015  264   3.09  57286.324  106.8  1.052e+01 
 117814  1.667   1  2015  264   4.30  57286.375  106.8  9.556e+00 
 117843  0.333   1  2015  264  18.96  57286.985  106.9  1.309e+01 
 117844  0.333   1  2015  264  19.17  57286.994  106.9  1.146e+01 
 117846  1.278   1  2015  264  20.01  57287.029  106.9  1.114e+01 
 117848  1.889   1  2015  264  21.09  57287.074  106.9  1.053e+01 
 117851  2.222   1  2015  264  22.76  57287.144  106.9  7.810e+00 
 117855  2.556   1  2015  265   0.50  57287.217  106.9  8.522e+00 
 117858  2.222   1  2015  265   2.22  57287.288  106.9  1.016e+01 
 117861  1.872   1  2015  265   3.51  57287.342  106.9  1.175e+01 
 117862  0.667   2  2015  265   4.33  57287.376  106.9  1.213e+01 
 117892  1.611   1  2015  265  19.43  57288.005  106.8  1.324e+01 
 117894  1.611   1  2015  265  20.38  57288.045  106.8  8.725e+00 
 117896  1.167   1  2015  265  21.19  57288.079  106.8  6.791e+00 
 117898  0.944   1  2015  265  22.26  57288.123  106.8  6.027e+00 
 117899  1.167   1  2015  265  22.90  57288.150  106.8  6.057e+00 
 117901  1.167   1  2015  265  23.60  57288.179  106.8  6.519e+00 
 117902  1.167   1  2015  266   0.38  57288.212  106.8  5.587e+00 
 117904  1.389   1  2015  266   1.12  57288.242  106.8  7.244e+00 
 117905  0.944   1  2015  266   1.81  57288.271  106.8  7.748e+00 
 117906  1.167   1  2015  266   2.45  57288.297  106.8  9.968e+00 
 117908  1.111   2  2015  266   3.17  57288.328  106.8  1.163e+01 
 117909  0.944   1  2015  266   3.89  57288.358  106.8  1.376e+01 
 117940  0.753   4  2015  266  19.33  57289.001  106.7  1.220e+01 
 117941  0.377   2  2015  266  19.66  57289.015  106.7  1.149e+01 
 117943  0.519   5  2015  266  20.84  57289.064  106.7  6.582e+00 
 117944  0.537   3  2015  266  21.33  57289.084  106.7  7.965e+00 
 117945  0.658   2  2015  266  21.76  57289.102  106.7  8.474e+00 
 117946  0.987   3  2015  266  22.28  57289.124  106.7  7.805e+00 
 117947  0.658   2  2015  266  22.78  57289.145  106.7  7.425e+00 
 117948  0.658   2  2015  266  23.22  57289.163  106.7  6.680e+00 
 117949  0.658   2  2015  266  23.60  57289.179  106.7  7.310e+00 
 117950  0.711   2  2015  267   0.19  57289.203  106.7  7.133e+00 
 117951  0.800   2  2015  267   0.71  57289.225  106.7  6.649e+00 
 117952  0.442   1  2015  267   1.10  57289.241  106.7  5.440e+00 
 117953  0.864   1  2015  267   1.54  57289.260  106.7  4.854e+00 
 117954  0.883   2  2015  267   2.11  57289.283  106.7  4.873e+00 
 117955  0.864   1  2015  267   2.74  57289.310  106.7  5.461e+00 
 117956  0.519   1  2015  267   3.20  57289.329  106.7  5.860e+00 
 117957  0.872   2  2015  267   3.71  57289.350  106.7  5.135e+00 
 117958  0.519   1  2015  267   4.22  57289.372  106.7  5.350e+00 
 117998  0.472   1  2015  268   0.43  57290.213  106.4  9.812e+00 
 117999  0.944   2  2015  268   0.83  57290.230  106.4  8.366e+00 
 118000  0.472   1  2015  268   1.23  57290.247  106.4  7.352e+00 
 118003  0.450   1  2015  268   2.53  57290.301  106.3  9.406e+00 
 118004  1.600   2  2015  268   3.28  57290.332  106.3  1.093e+01 
 118139  0.994   1  2015  270  22.82  57293.146  104.5  1.096e+01 
 118228  0.667   2  2015  272  19.33  57295.001  103.5  1.696e+01 
 118229  0.667   2  2015  272  19.72  57295.017  103.5  1.775e+01 
 118230  0.667   2  2015  272  20.21  57295.038  103.5  1.740e+01 
 118231  1.000   3  2015  272  20.73  57295.059  103.5  1.554e+01 
 118232  0.667   2  2015  272  21.27  57295.082  103.5  1.385e+01 
 118233  0.333   1  2015  272  21.56  57295.094  103.5  1.519e+01 
 118277  0.750   9  2015  273  19.80  57296.021  103.0  1.140e+01 
 118279  0.871   1  2015  273  20.83  57296.064  103.0  1.289e+01 
 118280  0.871   1  2015  273  21.30  57296.083  103.0  1.491e+01 
 118281  0.871   1  2015  273  21.76  57296.102  103.0  1.137e+01 
 118283  0.661   1  2015  273  22.64  57296.139  103.0  1.274e+01 
 118284  0.592   1  2015  273  23.14  57296.160  103.0  1.137e+01 
 118285  0.447   1  2015  273  23.72  57296.184  103.0  9.414e+00 
 118336  0.333   1  2015  275   1.29  57297.249  102.8  1.192e+01 
 118385  0.556   2  2015  276   1.61  57298.263  102.9  2.244e+01 
 118428  1.061   2  2015  276  23.23  57299.163  103.0  1.150e+01 
 118429  0.531   1  2015  276  23.65  57299.181  103.0  1.284e+01 
 118435  0.833   3  2015  277   2.77  57299.311  103.0  1.724e+01 
 118436  0.556   2  2015  277   3.21  57299.329  103.0  1.663e+01 
 118438  1.034   1  2015  277   4.13  57299.367  103.0  1.720e+01 
 118468  0.500   1  2015  277  19.24  57299.997  103.2  2.046e+01 
 118469  1.000   2  2015  277  19.69  57300.016  103.2  1.853e+01 
 118470  0.500   1  2015  277  20.13  57300.034  103.2  1.961e+01 
 118471  1.056   1  2015  277  20.91  57300.067  103.2  1.864e+01 
 118473  1.056   1  2015  277  21.91  57300.108  103.2  1.796e+01 
 118475  1.444   1  2015  277  22.81  57300.146  103.3  1.595e+01 
 118477  1.444   1  2015  277  23.77  57300.186  103.3  1.551e+01 
 118480  2.000   1  2015  278   1.13  57300.243  103.3  1.840e+01 
 118482  2.222   1  2015  278   2.45  57300.298  103.3  1.916e+01 
 118485  1.667   1  2015  278   3.74  57300.351  103.4  1.732e+01 
 118486  0.333   1  2015  278   4.38  57300.378  103.4  1.826e+01 
 118487  0.333   1  2015  278   4.59  57300.387  103.4  2.067e+01 
 118519  1.333   1  2015  278  20.77  57301.061  103.7  1.429e+01 
 118521  1.333   2  2015  278  21.76  57301.102  103.8  1.642e+01 
 118523  1.278   1  2015  278  22.84  57301.147  103.8  1.663e+01 
 118525  2.000   1  2015  278  23.88  57301.190  103.8  1.518e+01 
 118528  2.000   1  2015  279   1.31  57301.250  103.9  1.568e+01 
 118531  2.000   1  2015  279   2.56  57301.302  103.9  1.389e+01 
 118533  1.889   1  2015  279   3.89  57301.358  103.9  1.291e+01 
 118852  1.167   1  2015  285  19.46  57308.007  103.3  2.583e+01 
 118854  1.167   1  2015  285  20.45  57308.048  103.2  2.625e+01 
 118856  2.000   1  2015  285  21.40  57308.087  103.2  2.329e+01 
 118858  0.872   3  2015  285  22.32  57308.125  103.2  1.776e+01 
 118859  0.581   2  2015  285  22.76  57308.144  103.2  1.597e+01 
 118861  1.039   1  2015  285  23.98  57308.195  103.1  1.295e+01 
 118863  1.039   1  2015  286   0.53  57308.218  103.1  1.134e+01 
 118865  1.022   1  2015  286   1.85  57308.273  103.0  1.037e+01 
 118866  1.022   1  2015  286   2.39  57308.295  103.0  1.131e+01 
 118909  0.333   2  2015  286  23.69  57309.183  102.2  7.638e+00 
 118910  0.500   3  2015  287   0.27  57309.207  102.2  8.108e+00 
 118950  2.000   1  2015  287  20.16  57310.036  101.6  2.533e+01 
 118952  0.794   1  2015  287  21.30  57310.083  101.6  1.713e+01 
 118953  0.794   1  2015  287  21.71  57310.100  101.6  1.556e+01 
 118963  0.498   1  2015  288   2.87  57310.315  101.5  1.006e+01 
 118964  0.996   2  2015  288   3.27  57310.332  101.5  1.146e+01 
 119003  0.872   3  2015  288  22.70  57311.141  101.4  1.446e+01 
 119004  0.581   2  2015  288  23.14  57311.160  101.4  1.384e+01 
 119051  0.581   2  2015  289  22.86  57312.148  101.7  1.147e+01 
 119052  0.872   3  2015  289  23.30  57312.166  101.8  1.034e+01 
 119060  0.500   3  2015  290   3.21  57312.329  101.9  1.402e+01 
 119236  0.508   2  2015  293  19.34  57316.001  106.5  1.929e+01 
 119237  0.762   3  2015  293  19.73  57316.018  106.6  1.814e+01 
 119239  1.016   4  2015  293  20.76  57316.060  106.6  1.632e+01 
 119245  0.762   3  2015  293  23.79  57316.187  106.8  1.898e+01 
 119247  0.775   3  2015  294   0.80  57316.229  106.9  2.115e+01 
 119248  0.775   3  2015  294   1.22  57316.246  106.9  2.220e+01 
 119252  0.417   3  2015  294   3.18  57316.328  107.0  2.083e+01 
 119285  1.034   1  2015  294  19.77  57317.020  108.0  1.305e+01 
 119288  1.034   1  2015  294  21.14  57317.076  108.1  1.190e+01 
 119290  1.034   1  2015  294  22.49  57317.133  108.2  1.454e+01 
 119293  1.034   1  2015  294  23.69  57317.183  108.2  1.797e+01 
 119296  0.996   2  2015  295   1.33  57317.251  108.3  2.008e+01 
 119297  0.498   1  2015  295   1.73  57317.268  108.3  1.928e+01 
 119298  0.789   1  2015  295   2.42  57317.297  108.4  2.042e+01 
 119299  0.789   1  2015  295   2.87  57317.315  108.4  2.125e+01 
 119301  0.789   1  2015  295   3.66  57317.348  108.4  2.450e+01 
 119302  0.789   1  2015  295   4.11  57317.367  108.5  2.496e+01 
 119334  0.644   4  2015  295  20.21  57318.038  109.2  1.464e+01 
 119340  1.000   1  2015  295  23.37  57318.169  109.4  1.619e+01 
 119341  1.000   1  2015  295  23.89  57318.191  109.4  1.404e+01 
 119343  0.556   2  2015  296   0.75  57318.227  109.4  1.600e+01 
 119344  0.833   3  2015  296   1.18  57318.245  109.4  1.779e+01 
 119345  0.386   4  2015  296   1.65  57318.264  109.5  1.761e+01 
 119393  0.444   1  2015  297   1.84  57319.272  110.6  2.377e+01 
 119437  0.472   1  2015  297  23.77  57320.186  111.6  9.174e+00 
 119438  0.472   1  2015  298   0.05  57320.198  111.6  8.024e+00 
 119439  0.472   1  2015  298   0.77  57320.228  111.6  1.014e+01 
 119440  0.944   2  2015  298   1.19  57320.245  111.7  9.923e+00 
 119441  0.472   1  2015  298   1.62  57320.263  111.7  1.449e+01 
 119442  0.498   1  2015  298   2.31  57320.292  111.7  9.466e+00 
 119443  0.996   2  2015  298   2.71  57320.309  111.7  8.458e+00 
 119621  0.644   4  2015  301  19.85  57324.023  113.4  2.290e+01 
 119622  0.483   3  2015  301  20.17  57324.036  113.4  2.006e+01 
 119675  0.944   2  2015  302  22.67  57325.140  113.2  2.241e+01 
 119676  0.944   2  2015  302  23.23  57325.164  113.2  2.019e+01 
 119677  0.444   1  2015  302  23.89  57325.191  113.2  2.312e+01 
 119678  0.889   2  2015  303   0.30  57325.208  113.2  2.434e+01 
 119679  0.444   1  2015  303   0.72  57325.225  113.2  2.855e+01 
 119680  0.472   1  2015  303   1.31  57325.250  113.2  2.620e+01 
 119681  0.944   2  2015  303   1.73  57325.268  113.2  2.885e+01 
 119682  0.472   1  2015  303   2.16  57325.285  113.2  3.071e+01 
 119683  0.944   2  2015  303   2.67  57325.307  113.2  3.043e+01 
 119684  0.944   2  2015  303   3.23  57325.330  113.2  3.080e+01 
 119723  0.806   5  2015  303  22.73  57326.143  112.9  1.131e+01 
 119725  0.944   2  2015  303  23.68  57326.182  112.8  2.788e+01 
 119726  0.944   2  2015  304   0.24  57326.206  112.8  2.722e+01 
 119727  0.472   1  2015  304   0.94  57326.235  112.8  2.451e+01 
 119728  0.472   1  2015  304   1.22  57326.247  112.8  2.037e+01 
 119732  0.389   5  2015  304   3.36  57326.336  112.7  1.858e+01 
 119908  0.333   1  2015  307  19.38  57330.003  110.4  1.553e+01 
 119909  0.333   1  2015  307  19.57  57330.011  110.4  1.524e+01 
 119910  0.537   1  2015  307  20.23  57330.038  110.4  1.384e+01 
 119911  1.037   2  2015  307  20.73  57330.059  110.3  1.496e+01 
 119912  0.500   1  2015  307  21.22  57330.080  110.3  1.500e+01 
 119913  0.556   1  2015  307  21.77  57330.103  110.3  1.396e+01 
 119914  1.111   2  2015  307  22.23  57330.122  110.3  1.380e+01 
 119915  0.556   1  2015  307  22.79  57330.145  110.3  1.502e+01 
 119916  1.111   2  2015  307  23.25  57330.164  110.3  1.491e+01 
 119917  0.667   1  2015  307  23.85  57330.189  110.2  1.608e+01 
 119918  0.667   1  2015  308   0.21  57330.204  110.2  1.674e+01 
 119919  0.667   1  2015  308   0.57  57330.219  110.2  1.841e+01 
 119920  0.667   2  2015  308   1.33  57330.251  110.2  2.569e+01 
 119921  0.667   1  2015  308   1.90  57330.275  110.2  3.242e+01 
 119922  0.667   1  2015  308   2.27  57330.290  110.1  3.272e+01 
 119923  0.667   1  2015  308   2.63  57330.305  110.1  3.440e+01 
 119926  0.667   2  2015  308   4.11  57330.367  110.1  4.376e+01 
 119957  0.742   2  2015  308  19.67  57331.015  109.6  2.159e+01 
 119958  0.833   1  2015  308  20.42  57331.046  109.6  1.965e+01 
 119960  0.833   1  2015  308  21.42  57331.088  109.5  1.811e+01 
 119961  0.833   1  2015  308  21.87  57331.107  109.5  1.698e+01 
 119962  1.000   1  2015  308  22.45  57331.131  109.5  1.677e+01 
 119963  1.000   1  2015  308  22.98  57331.153  109.5  1.597e+01 
 119965  1.000   1  2015  308  23.51  57331.175  109.5  1.516e+01 
 119966  0.704   1  2015  309   0.24  57331.205  109.5  1.911e+01 
 119967  0.704   1  2015  309   0.62  57331.221  109.5  1.867e+01 
 119968  1.408   2  2015  309   1.29  57331.249  109.5  1.869e+01 
 119969  0.704   1  2015  309   1.86  57331.273  109.4  2.157e+01 
 119970  1.000   1  2015  309   2.42  57331.297  109.4  1.803e+01 
 119971  1.000   1  2015  309   2.95  57331.319  109.4  1.918e+01 
 119972  1.000   1  2015  309   3.48  57331.341  109.4  1.934e+01 
 119973  0.333   1  2015  309   3.97  57331.361  109.4  2.279e+01 
 119974  0.333   1  2015  309   4.17  57331.369  109.4  2.685e+01 
 120006  2.000   1  2015  309  20.17  57332.036  109.1  1.373e+01 
 120053  2.000   1  2015  310  19.98  57333.028  108.9  1.732e+01 
 120056  0.794   1  2015  310  21.11  57333.075  108.9  3.049e+01 
 120057  0.794   1  2015  310  21.54  57333.093  108.9  2.407e+01 
 120068  0.996   2  2015  311   3.16  57333.327  108.9  1.570e+01 
 120069  0.498   1  2015  311   3.56  57333.344  108.9  1.403e+01 
 120101  1.667   1  2015  311  19.59  57334.012  109.1  2.440e+01 
 120103  0.794   1  2015  311  20.58  57334.053  109.1  2.171e+01 
 120104  0.794   1  2015  311  21.01  57334.071  109.1  2.117e+01 
 120105  0.794   1  2015  311  21.87  57334.107  109.1  1.996e+01 
 120106  0.794   1  2015  311  22.29  57334.124  109.1  1.786e+01 
 120201  0.367   1  2015  313  21.97  57336.111  110.1  3.056e+01 
 120202  0.733   2  2015  313  22.29  57336.124  110.1  3.024e+01 
 120203  0.367   1  2015  313  22.60  57336.137  110.1  3.191e+01 
 120204  0.733   2  2015  313  23.39  57336.170  110.1  2.836e+01 
 120205  0.367   1  2015  313  23.70  57336.183  110.1  2.948e+01 
 120206  0.944   2  2015  314   0.20  57336.204  110.2  2.923e+01 
 120207  0.944   2  2015  314   0.78  57336.228  110.2  2.836e+01 
 120437  0.794   1  2015  318  19.90  57341.025  108.5  7.381e+00 
 120438  0.794   1  2015  318  20.32  57341.042  108.5  7.063e+00 
 120440  0.872   3  2015  318  21.31  57341.084  108.4  8.206e+00 
 120441  0.581   2  2015  318  21.75  57341.102  108.4  8.144e+00 
 120443  0.872   3  2015  318  22.78  57341.145  108.4  9.281e+00 
 120444  0.872   3  2015  318  23.31  57341.167  108.3  9.302e+00 
 120446  0.872   3  2015  319   0.19  57341.203  108.3  1.234e+01 
 120447  0.872   3  2015  319   0.71  57341.225  108.3  1.173e+01 
 120449  1.022   1  2015  319   1.86  57341.273  108.2  1.033e+01 
 120450  1.022   1  2015  319   2.40  57341.295  108.2  1.301e+01 
 120638  0.498   1  2015  323   0.32  57345.209  104.6  7.219e+00 
 120639  0.498   1  2015  323   0.59  57345.220  104.6  6.693e+00 
 120640  0.461   1  2015  323   1.26  57345.248  104.6  6.401e+00 
 120641  0.922   2  2015  323   1.68  57345.265  104.6  5.822e+00 
 120642  0.461   1  2015  323   2.10  57345.283  104.6  6.591e+00 
 120678  1.700   1  2015  323  20.20  57346.037  104.1  4.436e+00 
 120680  1.033   4  2015  323  21.25  57346.081  104.0  6.143e+00 
 120681  0.517   2  2015  323  21.68  57346.099  104.0  6.854e+00 
 120682  0.472   1  2015  323  22.29  57346.124  104.0  8.816e+00 
 120683  0.944   2  2015  323  22.71  57346.142  104.0  1.054e+01 
 120684  0.472   1  2015  323  23.14  57346.160  104.0  1.242e+01 
 120783  0.498   1  2015  326   0.78  57348.228  102.7  1.293e+01 
 120784  0.996   2  2015  326   1.18  57348.245  102.7  1.229e+01 
 120786  0.467   4  2015  326   2.23  57348.289  102.6  1.433e+01 
 120787  0.667   4  2015  326   2.71  57348.309  102.6  1.321e+01 
 120788  0.333   2  2015  326   3.10  57348.325  102.6  9.722e+00 
 121210  1.333   1  2015  334  22.44  57357.131  103.9  7.143e+00 
 121253  0.667   1  2015  335  19.95  57358.027  104.4  5.110e+00 
 121255  0.667   1  2015  335  20.85  57358.064  104.4  5.240e+00 
 121256  0.667   1  2015  335  21.46  57358.090  104.4  5.195e+00 
 121257  0.667   1  2015  335  21.82  57358.105  104.4  5.517e+00 
 121258  0.667   1  2015  335  22.18  57358.120  104.4  6.074e+00 
 121259  0.667   1  2015  335  22.74  57358.143  104.4  6.159e+00 
 121260  1.333   2  2015  335  23.28  57358.166  104.4  7.271e+00 
 121301  0.667   1  2015  336  19.99  57359.029  104.8  5.156e+00 
 121302  0.667   1  2015  336  20.35  57359.044  104.8  5.101e+00 
 121303  0.667   1  2015  336  20.86  57359.065  104.8  4.646e+00 
 121304  0.667   1  2015  336  21.22  57359.080  104.8  4.626e+00 
 121305  0.667   1  2015  336  21.79  57359.103  104.8  4.749e+00 
 121306  0.667   1  2015  336  22.15  57359.118  104.8  4.828e+00 
 121307  0.667   1  2015  336  22.51  57359.133  104.8  5.066e+00 
 121308  0.800   1  2015  336  23.13  57359.159  104.9  5.773e+00 
 121309  0.800   1  2015  336  23.56  57359.177  104.9  4.691e+00 
 121350  1.700   1  2015  337  20.28  57360.040  105.3  5.178e+00 
 121352  0.944   2  2015  337  21.32  57360.084  105.3  5.770e+00 
 121353  0.944   2  2015  337  21.85  57360.106  105.3  8.732e+00 
 121355  0.789   1  2015  337  22.68  57360.141  105.3  2.098e+01 
 121356  0.789   1  2015  337  23.13  57360.159  105.3  1.087e+01 
 121398  0.794   1  2015  338  20.12  57361.034  105.4  4.534e+00 
 121399  0.794   1  2015  338  20.53  57361.051  105.4  5.068e+00 
 121400  0.794   1  2015  338  21.38  57361.086  105.4  7.080e+00 
 121401  0.794   1  2015  338  21.80  57361.104  105.4  7.496e+00 
 121405  0.789   1  2015  338  23.97  57361.194  105.4  8.431e+00 
 121406  0.789   1  2015  339   0.41  57361.213  105.4  8.708e+00 
 121408  0.622   2  2015  339   1.34  57361.252  105.4  6.999e+00 
 121409  0.622   2  2015  339   1.69  57361.266  105.4  6.056e+00 
 121411  0.933   3  2015  339   2.68  57361.307  105.4  6.085e+00 
 121450  0.333   1  2015  339  22.48  57362.132  105.2  5.889e+00 
 121452  1.000   3  2015  339  23.20  57362.162  105.2  5.015e+00 
 121453  1.000   3  2015  339  23.76  57362.185  105.2  5.486e+00 
 121454  0.667   2  2015  340   0.22  57362.205  105.2  7.228e+00 
 121456  0.789   1  2015  340   1.14  57362.243  105.2  7.478e+00 
 121457  0.789   1  2015  340   1.59  57362.262  105.2  6.952e+00 
 121458  0.789   1  2015  340   2.36  57362.294  105.2  5.791e+00 
 121459  0.789   1  2015  340   2.80  57362.312  105.2  5.379e+00 
 121494  0.794   1  2015  340  20.27  57363.040  105.1  4.705e+00 
 121495  0.794   1  2015  340  20.70  57363.058  105.1  4.137e+00 
 121497  0.428   1  2015  340  21.93  57363.109  105.0  4.674e+00 
 121498  0.428   1  2015  340  22.17  57363.119  105.0  5.125e+00 
 121499  0.428   1  2015  340  22.70  57363.141  105.0  5.453e+00 
 121500  0.428   1  2015  340  23.35  57363.168  105.0  5.237e+00 
 121501  0.856   2  2015  340  23.73  57363.184  105.0  5.319e+00 
 121502  0.428   1  2015  341   0.12  57363.200  105.0  5.682e+00 
 121503  0.856   2  2015  341   0.85  57363.231  105.0  6.282e+00 
 121504  0.428   1  2015  341   1.26  57363.248  105.0  5.526e+00 
 121505  0.428   1  2015  341   1.50  57363.258  105.0  5.130e+00 
 121506  0.789   1  2015  341   2.27  57363.290  105.0  4.239e+00 
 121507  0.789   1  2015  341   2.72  57363.309  105.0  3.398e+00 
 121543  0.794   1  2015  341  20.63  57364.055  105.0  8.043e+00 
 121545  0.872   3  2015  341  21.76  57364.102  105.0  1.073e+01 
 121546  0.581   2  2015  341  22.20  57364.121  105.0  1.242e+01 
 121548  0.822   4  2015  341  23.25  57364.164  105.0  1.207e+01 
 121550  0.822   4  2015  342   0.26  57364.206  105.0  1.184e+01 
 121551  0.411   2  2015  342   0.66  57364.223  105.0  1.150e+01 
 121590  0.794   1  2015  342  20.21  57365.038  105.4  2.634e+00 
 121591  0.794   1  2015  342  20.64  57365.055  105.4  2.062e+00 
 121592  0.406   2  2015  342  21.41  57365.088  105.4  2.194e+00 
 121593  0.811   4  2015  342  21.80  57365.104  105.4  2.677e+00 
 121595  0.622   2  2015  342  22.87  57365.148  105.4  3.095e+00 
 121596  0.622   2  2015  342  23.22  57365.163  105.5  3.156e+00 
 121598  0.933   3  2015  343   0.22  57365.205  105.5  2.848e+00 
 121600  0.608   3  2015  343   1.25  57365.248  105.5  2.795e+00 
 121602  0.811   4  2015  343   2.26  57365.290  105.5  3.474e+00 
 121603  0.406   2  2015  343   2.65  57365.306  105.6  3.742e+00 
 121784  0.333   1  2015  346  21.42  57369.088  109.4  9.458e+00 
 121785  0.667   2  2015  346  21.71  57369.100  109.4  9.760e+00 
 121786  0.333   1  2015  346  22.00  57369.112  109.4  8.385e+00 
 121787  0.533   2  2015  346  22.83  57369.147  109.5  7.357e+00 
 121789  0.800   3  2015  346  23.71  57369.183  109.5  8.836e+00 
 121792  0.800   3  2015  347   1.31  57369.250  109.5  6.767e+00 
 121794  1.022   1  2015  347   2.37  57369.294  109.6  4.342e+00 
 121795  1.022   1  2015  347   2.91  57369.317  109.6  3.040e+00 
 121831  1.000   1  2015  347  20.83  57370.063  110.1  6.617e+00 
 121832  1.000   1  2015  347  21.35  57370.085  110.1  7.685e+00 
 121834  0.856   2  2015  347  22.12  57370.117  110.1  9.508e+00 
 121835  0.856   2  2015  347  22.65  57370.139  110.1  1.146e+01 
 121836  0.411   2  2015  347  23.35  57370.169  110.2  1.371e+01 
 121837  0.822   4  2015  347  23.75  57370.185  110.2  1.226e+01 
 121839  0.822   4  2015  348   0.76  57370.227  110.2  9.119e+00 
 121841  0.878   2  2015  348   1.66  57370.265  110.2  8.903e+00 
 121843  0.704   1  2015  348   2.63  57370.305  110.2  6.656e+00 
 121844  0.704   1  2015  348   3.03  57370.322  110.2  5.931e+00 
 121878  1.000   1  2015  348  20.48  57371.049  110.6  4.234e+00 
 121880  1.000   1  2015  348  21.00  57371.071  110.6  4.344e+00 
 121881  0.856   2  2015  348  21.77  57371.103  110.7  5.093e+00 
 121882  0.856   2  2015  348  22.30  57371.125  110.7  5.686e+00 
 121884  0.822   4  2015  348  23.26  57371.165  110.7  6.954e+00 
 121887  0.411   2  2015  349   0.84  57371.231  110.7  7.665e+00 
 121888  0.822   4  2015  349   1.23  57371.247  110.7  7.647e+00 
 121890  0.811   4  2015  349   2.28  57371.291  110.8  7.050e+00 
 121892  0.878   2  2015  349   3.15  57371.327  110.8  5.923e+00 
 121926  0.406   2  2015  349  20.21  57372.038  111.2  3.567e+00 
 121927  0.608   3  2015  349  20.67  57372.057  111.2  3.531e+00 
 121930  0.833   3  2015  349  22.21  57372.121  111.2  2.970e+00 
 121931  0.833   3  2015  349  22.73  57372.143  111.2  3.142e+00 
 121933  1.022   1  2015  349  23.58  57372.178  111.2  3.401e+00 
 121935  1.022   1  2015  350   0.88  57372.232  111.2  2.343e+00 
 121936  1.022   1  2015  350   1.44  57372.255  111.3  2.829e+00 
 121938  0.789   1  2015  350   2.21  57372.288  111.3  1.612e+00 
 121939  0.789   1  2015  350   2.65  57372.306  111.3  1.410e+00 
 121940  0.439   1  2015  350   3.27  57372.332  111.3  2.661e+00 
 121941  0.439   1  2015  350   3.54  57372.343  111.3  3.675e+00 
 121975  0.556   2  2015  350  20.81  57373.063  111.5  4.824e+00 
 121976  0.833   3  2015  350  21.24  57373.081  111.5  5.313e+00 
 121978  0.996   2  2015  350  22.21  57373.121  111.5  5.193e+00 
 121979  0.498   1  2015  350  22.61  57373.138  111.5  5.177e+00 
 121980  0.996   2  2015  350  23.28  57373.166  111.5  5.484e+00 
 121981  0.498   1  2015  350  23.68  57373.182  111.5  4.914e+00 
 121982  0.498   1  2015  351   0.09  57373.199  111.5  3.846e+00 
 121983  0.498   1  2015  351   0.62  57373.221  111.5  3.907e+00 
 121986  0.704   1  2015  351   2.30  57373.291  111.6  3.886e+00 
 121987  0.704   1  2015  351   2.70  57373.308  111.6  3.485e+00 
 122035  0.628   2  2015  352   2.85  57374.314  111.7  2.904e+00 
 122036  0.628   2  2015  352   3.20  57374.329  111.7  2.984e+00 
 122982  0.789   1  2016    6  20.32  57394.042  101.6  6.636e+00 
 122983  0.789   1  2016    6  20.76  57394.061  101.6  8.492e+00 
 122985  0.789   1  2016    6  21.60  57394.095  101.5  7.695e+00 
 122986  0.789   1  2016    6  22.04  57394.114  101.5  7.557e+00 
 123030  1.039   1  2016    7  20.49  57395.049  100.5  4.470e+00 
 123032  1.039   1  2016    7  21.04  57395.072  100.5  4.081e+00 
 123039  0.811   4  2016    8   0.73  57395.226  100.4  4.382e+00 
 123041  0.789   1  2016    8   1.73  57395.267  100.3  2.640e+00 
 123042  0.789   1  2016    8   2.17  57395.286  100.3  3.394e+00 
 123078  0.667   1  2016    8  20.38  57396.045   99.8  4.537e+00 
 123079  0.667   1  2016    8  20.74  57396.060   99.8  4.515e+00 
 123080  1.333   2  2016    8  21.28  57396.082   99.7  4.884e+00 
 123082  0.933   3  2016    8  22.22  57396.121   99.7  4.866e+00 
 123083  0.933   3  2016    8  22.75  57396.143   99.7  6.015e+00 
 123085  0.933   3  2016    8  23.74  57396.185   99.7  7.295e+00 
 123086  0.622   2  2016    9   0.18  57396.203   99.7  6.511e+00 
 123127  1.039   1  2016    9  20.60  57397.054   99.2  6.298e+00 
 123128  1.039   1  2016    9  21.15  57397.077   99.2  6.005e+00 
 123175  0.789   1  2016   10  20.95  57398.069   98.8  7.407e+00 
 123176  0.789   1  2016   10  21.40  57398.087   98.8  7.401e+00 
 123179  0.996   2  2016   10  22.72  57398.142   98.8  7.992e+00 
 123180  0.498   1  2016   10  23.12  57398.159   98.8  8.778e+00 
 123185  0.628   2  2016   11   1.90  57398.275   98.8  6.780e+00 
 123186  0.628   2  2016   11   2.25  57398.289   98.8  5.965e+00 
 123187  0.628   2  2016   11   2.81  57398.313   98.7  6.570e+00 
 123189  0.483   1  2016   11   3.59  57398.345   98.7  7.071e+00 
 123321  0.333   2  2016   13  21.85  57401.106   99.3  4.310e+00 
 123322  0.500   3  2016   13  22.17  57401.119   99.3  4.343e+00 
 123324  0.500   3  2016   13  23.32  57401.167   99.4  4.293e+00 
 123325  0.333   2  2016   13  23.64  57401.180   99.4  5.411e+00 
 123515  0.667   1  2016   17  22.92  57405.150  100.7  3.172e+00 
 123516  0.667   1  2016   17  23.28  57405.165  100.7  3.281e+00 
 123517  1.333   2  2016   17  23.82  57405.188  100.7  4.478e+00 
 123948  0.975   3  2016   26  23.27  57414.165  103.7  1.091e+01 
 123950  0.450   1  2016   27   0.35  57414.210  103.7  1.012e+01 
 123951  0.900   2  2016   27   0.76  57414.227  103.7  1.052e+01 
 123952  0.450   1  2016   27   1.17  57414.244  103.7  1.065e+01 
 123995  0.450   1  2016   27  22.89  57415.149  104.1  3.508e+00 
 123996  0.900   2  2016   27  23.30  57415.166  104.1  3.804e+00 
 123997  0.450   1  2016   27  23.71  57415.184  104.1  3.450e+00 
 123999  0.650   2  2016   28   0.71  57415.225  104.1  3.625e+00 
 124001  0.900   2  2016   28   1.73  57415.268  104.1  3.485e+00 
 124002  0.900   2  2016   28   2.27  57415.290  104.1  3.480e+00 
 124004  0.531   1  2016   28   3.45  57415.339  104.2  2.176e+00 
 124005  0.531   1  2016   28   3.74  57415.351  104.2  2.998e+00 
 124006  0.531   1  2016   28   4.02  57415.363  104.2  3.411e+00 
 124042  0.967   6  2016   28  22.26  57416.123  104.4  5.939e+00 
 124044  0.825   1  2016   28  23.10  57416.158  104.4  4.960e+00 
 124045  0.825   1  2016   28  23.53  57416.176  104.5  4.522e+00 
 124046  0.825   1  2016   29   0.28  57416.207  104.5  5.039e+00 
 124047  0.825   1  2016   29   0.71  57416.225  104.5  5.059e+00 
 124048  0.825   1  2016   29   1.40  57416.254  104.5  5.215e+00 
 124049  0.825   1  2016   29   1.83  57416.272  104.5  5.451e+00 
 124050  0.650   2  2016   29   2.37  57416.294  104.5  6.434e+00 
 124051  0.650   2  2016   29   2.79  57416.312  104.5  6.819e+00 
 124053  0.650   2  2016   29   3.77  57416.353  104.5  6.095e+00 
 124093  1.033   5  2016   29  23.75  57417.185  104.9  5.327e+00 
 124094  0.827   4  2016   30   0.29  57417.207  104.9  7.275e+00 
 124095  0.827   4  2016   30   0.76  57417.227  104.9  6.024e+00 
 124096  0.827   4  2016   30   1.24  57417.247  104.9  4.759e+00 
 124097  0.827   4  2016   30   1.79  57417.270  104.9  4.505e+00 
 124098  0.827   4  2016   30   2.27  57417.290  104.9  4.933e+00 
 124099  0.827   4  2016   30   2.74  57417.310  104.9  4.856e+00 
 124100  0.827   4  2016   30   3.30  57417.333  104.9  3.709e+00 
 124101  0.827   4  2016   30   3.78  57417.353  104.9  3.055e+00 
 124102  0.827   4  2016   30   4.25  57417.373  104.9  2.451e+00 
 124141  0.367   1  2016   30  23.92  57418.192  105.3  3.227e+00 
 124142  0.733   2  2016   31   0.25  57418.206  105.3  3.093e+00 
 124143  0.367   1  2016   31   0.57  57418.219  105.3  2.878e+00 
 124146  0.333   2  2016   31   2.32  57418.292  105.3  4.474e+00 
 124147  0.500   3  2016   31   2.73  57418.309  105.3  4.144e+00 
 124148  0.533   2  2016   31   3.42  57418.338  105.3  3.473e+00 
 124231  0.667   2  2016   32  20.85  57420.064  105.9  2.758e+00 
 124232  0.667   2  2016   32  21.23  57420.080  105.9  2.622e+00 
 124240  0.733   2  2016   33   1.38  57420.253  106.0  4.169e+00 
 124241  0.733   2  2016   33   1.81  57420.271  106.0  4.312e+00 
 124243  1.333   1  2016   33   2.68  57420.307  106.0  4.730e+00 
 124245  1.333   1  2016   33   3.68  57420.349  106.1  5.402e+00 
 124278  0.333   1  2016   33  20.42  57421.047  106.3  4.004e+00 
 124279  0.667   2  2016   33  20.71  57421.059  106.3  4.102e+00 
 124280  0.333   1  2016   33  21.00  57421.071  106.3  3.915e+00 
 124282  1.000   2  2016   33  22.29  57421.124  106.3  3.199e+00 
 124283  1.067   1  2016   33  22.84  57421.147  106.3  3.377e+00 
 124289  1.578   2  2016   34   1.73  57421.268  106.3  6.479e+00 
 124292  1.000   3  2016   34   3.29  57421.333  106.3  5.532e+00 
 124293  0.333   1  2016   34   3.68  57421.349  106.3  5.329e+00 
 124325  0.367   1  2016   34  19.92  57422.026  106.4  2.954e+00 
 124326  0.733   2  2016   34  20.24  57422.039  106.4  2.124e+00 
 124327  0.367   1  2016   34  20.57  57422.052  106.4  1.877e+00 
 124332  0.439   1  2016   34  23.50  57422.175  106.4  4.279e+00 
 124333  0.439   1  2016   34  23.76  57422.186  106.4  5.210e+00 
 124335  1.408   2  2016   35   0.79  57422.228  106.3  9.367e+00 
 124337  0.704   1  2016   35   1.70  57422.266  106.3  7.873e+00 
 124338  0.704   1  2016   35   2.10  57422.283  106.3  8.167e+00 
 124374  0.367   1  2016   35  20.34  57423.043  106.2  5.458e+00 
 124375  1.100   3  2016   35  20.77  57423.061  106.2  4.753e+00 
 124380  1.650   2  2016   35  23.25  57423.165  106.2  4.558e+00 
 124382  0.825   1  2016   36   0.22  57423.205  106.2  4.429e+00 
 124383  0.825   1  2016   36   0.65  57423.223  106.2  5.056e+00 
 124423  0.978   4  2016   36  20.75  57424.060  106.1  2.282e+00 
 124670  1.100   3  2016   42   0.26  57429.207  103.7  2.013e+01 
 124671  0.367   1  2016   42   0.69  57429.224  103.7  2.158e+01 
 124672  0.367   1  2016   42   1.22  57429.246  103.7  1.855e+01 
 124673  1.667   1  2016   42   1.93  57429.276  103.6  1.705e+01 
 124676  1.667   1  2016   42   3.08  57429.324  103.6  1.138e+01 
 124813  0.610   3  2016   44  23.72  57432.184  102.0  9.936e+00 
 124814  0.813   4  2016   45   0.17  57432.203  102.0  1.075e+01 
 124815  0.813   4  2016   45   0.67  57432.224  102.0  1.258e+01 
 124816  0.813   4  2016   45   1.17  57432.244  102.0  1.173e+01 
 124817  0.813   4  2016   45   1.67  57432.265  102.0  9.495e+00 
 124818  0.813   4  2016   45   2.17  57432.286  102.0  7.718e+00 
 124819  0.813   4  2016   45   2.68  57432.307  102.0  8.607e+00 
 124820  0.610   3  2016   45   3.24  57432.331  102.0  8.110e+00 
 124821  0.813   4  2016   45   3.69  57432.349  102.0  8.753e+00 
 124822  0.813   4  2016   45   4.19  57432.370  102.0  9.451e+00 
 124859  0.533   2  2016   45  22.69  57433.141  101.7  5.228e+00 
 124860  0.533   2  2016   45  23.16  57433.161  101.7  5.104e+00 
 124865  2.000   1  2016   46   1.96  57433.277  101.7  7.107e+00 
 124868  1.167   1  2016   46   3.14  57433.326  101.7  7.541e+00 
 124869  1.167   1  2016   46   3.81  57433.354  101.7  9.309e+00 
 124904  0.533   2  2016   46  21.15  57434.077  101.5  9.030e+00 
 124905  0.858   3  2016   46  21.75  57434.102  101.5  9.603e+00 
 124906  0.650   2  2016   46  22.29  57434.124  101.5  1.168e+01 
 124908  0.650   2  2016   46  23.21  57434.163  101.5  1.683e+01 
 124909  0.650   2  2016   46  23.63  57434.180  101.5  1.851e+01 
 124911  0.975   3  2016   47   0.76  57434.227  101.4  2.203e+01 
 124913  0.825   1  2016   47   1.69  57434.266  101.4  1.920e+01 
 124914  0.825   1  2016   47   2.12  57434.284  101.4  1.788e+01 
 124915  0.789   1  2016   47   2.97  57434.319  101.4  1.877e+01 
 124916  0.789   1  2016   47   3.41  57434.338  101.4  2.239e+01 
 124960  0.450   1  2016   48   1.45  57435.256  101.0  1.573e+01 
 124961  0.450   1  2016   48   1.73  57435.268  101.0  1.735e+01 
 124962  0.900   2  2016   48   2.14  57435.285  101.0  1.818e+01 
 125002  0.333   2  2016   48  22.16  57436.119  100.5  5.324e+00 
 125012  0.678   2  2016   49   3.21  57436.329  100.3  1.404e+01 
 125013  0.678   2  2016   49   3.64  57436.347  100.3  1.228e+01 
 125046  0.483   3  2016   49  20.40  57437.045   99.7  2.266e+00 
 125047  0.806   5  2016   49  20.77  57437.061   99.7  1.945e+00 
 125051  0.500   3  2016   49  22.75  57437.143   99.6  5.476e+00 
 125052  0.333   2  2016   49  23.15  57437.160   99.6  6.228e+00 
 125053  0.500   3  2016   49  23.79  57437.187   99.6  7.826e+00 
 125054  0.667   4  2016   50   0.24  57437.206   99.6  7.326e+00 
 125103  0.806   5  2016   51   0.69  57438.224   98.9  3.846e+00 
 125105  0.644   4  2016   51   1.64  57438.264   98.9  3.200e+00 
 125106  0.333   2  2016   51   2.29  57438.291   98.9  6.463e+00 
 125107  0.333   2  2016   51   2.68  57438.307   98.9  5.633e+00 
 125108  0.333   2  2016   51   3.29  57438.333   98.9  8.518e+00 
 125109  0.500   3  2016   51   3.74  57438.352   98.9  9.397e+00 
 125526  0.872   3  2016   59  20.23  57447.039   93.7  3.371e+00 
 125527  0.872   3  2016   59  20.76  57447.061   93.7  3.555e+00 
 125574  0.581   2  2016   60  20.24  57448.039   93.3  4.732e+00 
 125575  0.872   3  2016   60  20.68  57448.057   93.3  4.553e+00 
 125629  0.978   4  2016   61  23.76  57449.185   92.9  8.028e+00 
 125630  0.489   2  2016   62   0.18  57449.203   92.9  7.807e+00 
 125631  0.825   1  2016   62   0.92  57449.234   92.9  7.272e+00 
 125632  0.825   1  2016   62   1.35  57449.252   92.9  6.284e+00 
 125634  0.806   5  2016   62   2.28  57449.291   92.9  6.810e+00 
 125635  0.483   3  2016   62   2.65  57449.306   92.9  6.448e+00 
 125637  1.061   2  2016   62   3.66  57449.348   92.9  6.251e+00 
 125638  0.531   1  2016   62   4.09  57449.366   92.9  5.426e+00 
 125671  0.581   2  2016   62  20.74  57450.060   92.8  1.115e+01 
 125672  0.872   3  2016   62  21.18  57450.078   92.8  1.133e+01 
 125674  0.533   2  2016   62  22.34  57450.126   92.8  1.192e+01 
 125676  0.825   1  2016   62  23.19  57450.162   92.8  1.204e+01 
 125677  0.825   1  2016   62  23.62  57450.180   92.8  1.136e+01 
 125678  0.825   1  2016   63   0.38  57450.212   92.8  9.852e+00 
 125679  0.825   1  2016   63   0.81  57450.229   92.8  9.565e+00 
 125717  0.581   2  2016   63  19.85  57451.023   92.7  1.479e+01 
 125718  0.872   3  2016   63  20.29  57451.041   92.7  1.427e+01 
 125723  0.872   3  2016   63  22.70  57451.141   92.7  1.383e+01 
 125724  0.872   3  2016   63  23.22  57451.163   92.7  1.315e+01 
 125726  0.872   3  2016   64   0.31  57451.209   92.7  1.280e+01 
 125727  0.581   2  2016   64   0.75  57451.227   92.7  1.321e+01 
 125729  1.333   2  2016   64   1.71  57451.267   92.7  1.278e+01 
 125730  0.667   1  2016   64   2.25  57451.289   92.7  1.312e+01 
 125731  0.667   1  2016   64   2.61  57451.304   92.7  1.296e+01 
 125735  2.000   1  2016   64   4.52  57451.384   92.7  1.184e+01 
 125770  0.581   2  2016   64  22.32  57452.126   92.6  1.284e+01 
 125771  0.872   3  2016   64  22.76  57452.144   92.6  1.393e+01 
 125773  0.581   2  2016   64  23.74  57452.185   92.6  1.319e+01 
 125774  0.872   3  2016   65   0.18  57452.203   92.6  1.317e+01 
 125775  0.581   2  2016   65   0.68  57452.224   92.6  1.370e+01 
 125776  0.872   3  2016   65   1.19  57452.245   92.6  1.334e+01 
 125777  0.581   2  2016   65   1.63  57452.263   92.6  1.311e+01 
 125778  0.903   1  2016   65   2.39  57452.295   92.5  1.243e+01 
 125779  0.903   1  2016   65   2.86  57452.315   92.5  1.329e+01 
 125781  0.794   1  2016   65   3.79  57452.354   92.5  1.203e+01 
 125782  0.794   1  2016   65   4.22  57452.371   92.5  1.152e+01 
 125823  0.794   1  2016   66   0.88  57453.232   92.3  1.040e+01 
 125824  0.794   1  2016   66   1.30  57453.250   92.3  1.143e+01 
 125826  0.794   1  2016   66   2.20  57453.287   92.3  1.194e+01 
 125827  0.794   1  2016   66   2.63  57453.305   92.3  1.208e+01 
 126103  0.667   1  2016   71  20.80  57459.062   91.8  1.373e+01 
 126104  0.667   1  2016   71  21.17  57459.077   91.8  1.570e+01 
 126105  1.333   2  2016   71  21.71  57459.100   91.8  1.560e+01 
 126107  0.903   1  2016   71  22.79  57459.145   91.8  1.953e+01 
 126108  0.903   1  2016   71  23.26  57459.165   91.8  2.106e+01 
 126109  0.903   1  2016   71  23.97  57459.194   91.8  2.136e+01 
 126110  0.903   1  2016   72   0.45  57459.214   91.8  2.233e+01 
 126112  0.903   1  2016   72   1.03  57459.238   91.8  2.229e+01 
 126113  0.903   1  2016   72   1.50  57459.258   91.8  2.376e+01 
 126114  0.794   1  2016   72   2.48  57459.299   91.8  2.434e+01 
 126115  0.794   1  2016   72   2.91  57459.317   91.8  2.470e+01 
 126117  1.039   1  2016   72   3.89  57459.358   91.8  2.393e+01 
 126118  1.039   1  2016   72   4.44  57459.381   91.8  2.192e+01 
 126150  0.711   4  2016   72  20.26  57460.040   91.6  1.221e+01 
 126151  0.711   4  2016   72  20.69  57460.058   91.6  1.158e+01 
 126152  0.533   3  2016   72  21.32  57460.084   91.6  1.086e+01 
 126153  0.889   5  2016   72  21.76  57460.102   91.6  1.029e+01 
 126154  0.711   4  2016   72  22.33  57460.126   91.6  1.105e+01 
 126155  0.711   4  2016   72  22.77  57460.144   91.6  1.103e+01 
 126156  0.356   2  2016   72  23.42  57460.171   91.6  1.189e+01 
 126157  0.711   4  2016   72  23.75  57460.185   91.6  1.306e+01 
 126158  0.711   4  2016   73   0.26  57460.206   91.6  1.659e+01 
 126159  0.711   4  2016   73   0.77  57460.228   91.6  1.763e+01 
 126160  0.356   2  2016   73   1.10  57460.241   91.6  1.855e+01 
 126161  0.903   1  2016   73   1.85  57460.273   91.6  1.842e+01 
 126162  0.903   1  2016   73   2.32  57460.292   91.6  1.997e+01 
 126164  0.789   1  2016   73   3.45  57460.339   91.6  1.936e+01 
 126165  0.789   1  2016   73   3.89  57460.358   91.6  1.962e+01 
 126167  0.533   2  2016   73   4.70  57460.391   91.6  1.830e+01 
 126197  0.889   5  2016   73  19.73  57461.018   91.4  5.965e+00 
 126198  0.533   3  2016   73  20.17  57461.036   91.4  5.725e+00 
 126199  0.356   2  2016   73  20.79  57461.062   91.4  5.348e+00 
 126200  0.356   2  2016   73  21.44  57461.089   91.4  6.011e+00 
 126201  0.533   3  2016   73  21.80  57461.104   91.4  6.742e+00 
 126202  0.889   5  2016   73  22.23  57461.122   91.4  7.259e+00 
 126204  0.889   5  2016   73  23.24  57461.164   91.4  7.517e+00 
 126205  0.533   3  2016   73  23.72  57461.184   91.4  8.809e+00 
 126206  0.889   5  2016   74   0.25  57461.206   91.4  9.065e+00 
 126207  0.356   2  2016   74   0.63  57461.222   91.4  9.965e+00 
 126208  0.903   1  2016   74   1.50  57461.258   91.4  1.524e+01 
 126209  0.903   1  2016   74   1.97  57461.278   91.4  1.450e+01 
 126246  1.333   2  2016   74  20.23  57462.039   91.3  8.062e+00 
 126247  0.667   1  2016   74  20.77  57462.061   91.3  7.064e+00 
 126248  0.667   1  2016   74  21.13  57462.076   91.3  6.752e+00 
 126294  0.356   2  2016   75  20.31  57463.042   91.1  4.454e+00 
 126297  0.356   2  2016   75  21.73  57463.101   91.0  2.752e+00 
 126298  0.356   2  2016   75  22.39  57463.128   91.0  3.473e+00 
 126300  0.533   3  2016   75  23.33  57463.168   91.0  4.426e+00 
 126301  0.889   5  2016   75  23.76  57463.186   91.0  4.678e+00 
 126302  0.356   2  2016   76   0.25  57463.206   91.0  5.033e+00 
 126303  0.356   2  2016   76   0.91  57463.233   91.0  6.272e+00 
 126304  0.533   3  2016   76   1.36  57463.252   91.0  9.054e+00 
 126356  1.061   2  2016   77   3.23  57464.330   90.5  1.263e+01 
 126357  0.531   1  2016   77   3.66  57464.348   90.5  1.283e+01 
 126444  0.806   5  2016   78  23.25  57466.164   89.5  1.466e+01 
 126449  0.531   1  2016   79   1.91  57466.275   89.4  1.475e+01 
 126452  2.000   1  2016   79   3.25  57466.331   89.4  2.129e+01 
 126597  0.483   3  2016   82   3.88  57469.357   88.1  1.919e+01 
 126924  0.872   5  2016   88  23.27  57476.165   88.9  1.687e+01 
 126925  0.698   4  2016   88  23.74  57476.185   88.9  1.559e+01 
 126926  0.872   5  2016   89   0.21  57476.204   88.9  1.545e+01 
 126927  0.872   5  2016   89   0.73  57476.226   89.0  1.536e+01 
 126928  0.872   5  2016   89   1.27  57476.248   89.0  1.948e+01 
 126929  0.698   4  2016   89   1.71  57476.267   89.0  2.004e+01 
 127168  0.531   1  2016   94   1.24  57481.247   93.1  1.508e+01 
 127169  1.061   2  2016   94   1.67  57481.265   93.1  1.383e+01 
 127205  0.603   1  2016   94  19.76  57482.019   93.8  2.642e+01 
 127206  1.206   2  2016   94  20.29  57482.041   93.8  2.938e+01 
 127207  0.603   1  2016   94  20.82  57482.063   93.8  3.129e+01 
 127397  0.967   3  2016   98  19.72  57486.017   94.6  2.725e+01 
 127399  0.698   4  2016   98  20.75  57486.060   94.6  3.623e+01 
 127400  0.872   5  2016   98  21.25  57486.081   94.6  3.638e+01 
 127401  0.698   4  2016   98  21.74  57486.101   94.6  3.469e+01 
 127402  0.872   5  2016   98  22.23  57486.122   94.6  3.345e+01 
 127403  0.698   4  2016   98  22.73  57486.143   94.6  3.107e+01 
 127404  0.872   5  2016   98  23.24  57486.164   94.6  2.839e+01 
 127405  0.872   5  2016   98  23.79  57486.187   94.5  2.402e+01 
 127407  0.872   5  2016   99   0.77  57486.228   94.5  2.727e+01 
 127408  0.698   4  2016   99   1.25  57486.248   94.5  2.150e+01 
 127409  0.349   2  2016   99   1.56  57486.260   94.5  2.317e+01 
 127410  0.784   2  2016   99   2.38  57486.295   94.5  2.178e+01 
 127411  0.784   2  2016   99   2.84  57486.314   94.5  2.043e+01 
 127412  0.784   2  2016   99   3.29  57486.333   94.5  2.174e+01 
 127413  0.784   2  2016   99   3.78  57486.353   94.5  2.693e+01 
 127414  0.464   2  2016   99   4.14  57486.368   94.5  2.678e+01 
 127415  0.339   3  2016   99   4.70  57486.391   94.5  2.560e+01 
 127444  0.667   1  2016   99  19.47  57487.007   94.3  1.904e+01 
 127445  0.667   1  2016   99  19.82  57487.021   94.3  1.759e+01 
 127447  1.333   2  2016   99  20.79  57487.062   94.3  1.587e+01 
 127449  1.589   2  2016   99  21.74  57487.101   94.3  1.501e+01 
 127451  0.794   1  2016   99  22.69  57487.141   94.3  1.501e+01 
 127452  0.794   1  2016   99  23.12  57487.159   94.3  1.518e+01 
 127453  1.061   2  2016   99  23.76  57487.185   94.3  2.041e+01 
 127454  0.531   1  2016  100   0.18  57487.203   94.3  2.151e+01 
 127455  1.061   2  2016  100   0.85  57487.231   94.3  1.885e+01 
 127456  0.531   1  2016  100   1.28  57487.249   94.2  2.156e+01 
 127457  0.794   1  2016  100   1.74  57487.268   94.2  2.416e+01 
 127458  0.794   1  2016  100   2.17  57487.286   94.2  2.787e+01 
 127459  0.380   1  2016  100   2.93  57487.317   94.2  3.089e+01 
 127461  0.380   1  2016  100   3.59  57487.345   94.2  2.840e+01 
 127462  0.380   1  2016  100   4.05  57487.364   94.2  2.793e+01 
 127463  0.380   1  2016  100   4.72  57487.392   94.2  2.737e+01 
 127492  0.489   2  2016  100  19.31  57488.000   94.0  1.551e+01 
 127493  0.978   4  2016  100  19.73  57488.018   94.0  1.676e+01 
 127494  0.489   2  2016  100  20.39  57488.045   94.0  1.986e+01 
 127495  0.733   3  2016  100  20.75  57488.060   94.0  2.065e+01 
 127496  1.147   2  2016  100  21.39  57488.087   94.0  2.144e+01 
 127497  0.903   1  2016  100  21.95  57488.110   94.0  2.039e+01 
 127499  0.903   1  2016  100  22.78  57488.145   94.0  2.040e+01 
 127500  0.903   1  2016  100  23.26  57488.165   94.0  2.123e+01 
 127503  0.667   2  2016  101   0.79  57488.229   94.0  2.023e+01 
 127504  0.333   1  2016  101   1.08  57488.241   94.0  2.137e+01 
 127506  1.177   3  2016  101   2.23  57488.289   93.9  2.628e+01 
 127507  0.392   1  2016  101   2.94  57488.318   93.9  3.032e+01 
 127508  0.784   2  2016  101   3.26  57488.331   93.9  3.389e+01 
 127645  0.815   1  2016  103  23.95  57491.194   93.5  2.208e+01 
 127694  0.975   1  2016  105   0.28  57492.207   93.7  2.673e+01 
 127695  0.975   1  2016  105   0.79  57492.228   93.7  2.630e+01 
 127938  0.472   1  2016  110   2.33  57497.293   96.0  2.806e+01 
 127939  0.944   2  2016  110   2.76  57497.311   96.0  2.680e+01 
 127940  0.472   1  2016  110   3.19  57497.328   96.0  2.526e+01 
 128595  0.646   1  2016  123  18.98  57510.986   90.6  2.516e+01 
 128596  0.646   1  2016  123  19.33  57511.001   90.6  2.370e+01 
 128602  0.578   2  2016  123  22.15  57511.118   90.6  3.206e+01 
 128603  0.534   1  2016  123  22.70  57511.142   90.6  2.811e+01 
 128610  0.644   2  2016  124   2.44  57511.297   90.7  3.401e+01 
 128611  0.556   1  2016  124   2.77  57511.311   90.7  3.678e+01 
 128612  1.111   2  2016  124   3.24  57511.330   90.7  3.775e+01 
 128613  0.644   2  2016  124   3.95  57511.360   90.8  3.764e+01 
 128614  0.556   1  2016  124   4.28  57511.374   90.8  3.505e+01 
 128615  1.111   2  2016  124   4.75  57511.393   90.8  3.543e+01 
 128644  1.022   1  2016  124  19.10  57511.991   91.1  2.040e+01 
 128645  1.022   1  2016  124  19.66  57512.015   91.2  2.140e+01 
 128648  0.572   2  2016  124  21.11  57512.075   91.2  2.350e+01 
 128651  0.572   2  2016  124  22.69  57512.141   91.3  1.894e+01 
 128653  0.683   3  2016  124  23.85  57512.189   91.3  1.950e+01 
 128655  1.177   3  2016  125   0.73  57512.226   91.3  2.358e+01 
 128656  0.784   2  2016  125   1.27  57512.249   91.3  2.546e+01 
 128657  0.784   2  2016  125   1.70  57512.266   91.4  2.903e+01 
 128658  0.784   2  2016  125   2.13  57512.284   91.4  2.970e+01 
 128942  0.472   1  2016  131   0.34  57518.210   96.0  2.051e+01 
 128943  0.472   1  2016  131   0.62  57518.222   96.0  2.266e+01 
 129030  1.016   1  2016  132  20.23  57520.038   96.4  2.252e+01 
 129031  1.016   1  2016  132  20.75  57520.060   96.4  2.305e+01 
 129035  0.829   1  2016  132  22.85  57520.148   96.4  2.610e+01 
 129037  0.534   1  2016  132  23.53  57520.176   96.4  3.561e+01 
 129038  0.506   1  2016  133   0.21  57520.204   96.4  3.605e+01 
 129039  0.506   1  2016  133   0.51  57520.217   96.4  3.816e+01 
 129040  0.506   1  2016  133   1.25  57520.248   96.4  4.355e+01 
 129041  0.506   1  2016  133   1.56  57520.260   96.4  4.246e+01 
 129042  0.778   1  2016  133   2.25  57520.289   96.4  4.110e+01 
 129043  0.778   1  2016  133   2.68  57520.307   96.4  4.207e+01 
 129226  0.778   1  2016  136  22.28  57524.124   96.1  1.876e+01 
 129239  0.778   1  2016  137   4.71  57524.392   96.1  2.996e+01 
 129240  0.778   1  2016  137   5.13  57524.409   96.1  3.203e+01 
 129430  0.467   4  2016  141   4.30  57528.375   95.7  4.628e+01 
 129431  0.350   3  2016  141   4.70  57528.391   95.7  4.549e+01 
 129432  0.583   5  2016  141   5.23  57528.413   95.7  4.379e+01 
 129940  1.000   2  2016  151  19.15  57538.993   91.8  1.565e+01 
 129941  0.787   4  2016  151  19.76  57539.019   91.7  1.651e+01 
 129942  0.787   4  2016  151  20.22  57539.038   91.7  1.508e+01 
 129944  0.787   4  2016  151  21.30  57539.083   91.7  1.427e+01 
 129945  0.787   4  2016  151  21.76  57539.102   91.7  1.668e+01 
 129947  0.787   4  2016  151  22.81  57539.146   91.7  1.572e+01 
 129948  0.787   4  2016  151  23.27  57539.165   91.7  1.488e+01 
 129950  0.667   1  2016  152   0.02  57539.196   91.7  1.292e+01 
 129951  0.983   5  2016  152   0.74  57539.226   91.7  1.241e+01 
 129952  0.787   4  2016  152   1.26  57539.248   91.6  1.330e+01 
 129956  0.590   3  2016  152   3.27  57539.332   91.6  2.020e+01 
 129957  0.590   3  2016  152   3.62  57539.346   91.6  2.300e+01 
 129958  0.833   5  2016  152   4.25  57539.373   91.6  2.619e+01 
 129959  0.667   4  2016  152   4.74  57539.393   91.6  2.642e+01 
 129960  0.833   5  2016  152   5.22  57539.413   91.6  2.739e+01 
 130040  0.818   1  2016  153  21.13  57541.076   90.8  1.114e+01 
 130041  0.534   1  2016  153  21.85  57541.106   90.8  1.154e+01 
 130042  0.701   1  2016  153  22.27  57541.123   90.7  1.022e+01 
 130083  0.701   1  2016  154  18.85  57541.981   90.4  2.033e+01 
 130084  0.701   1  2016  154  19.37  57542.003   90.4  1.712e+01 
 130094  0.506   1  2016  155   0.20  57542.204   90.3  2.055e+01 
 130095  1.011   2  2016  155   0.65  57542.223   90.3  2.102e+01 
 130096  0.506   1  2016  155   1.11  57542.242   90.3  1.870e+01 
 130097  0.578   2  2016  155   1.67  57542.265   90.3  1.672e+01 
 130098  0.578   2  2016  155   2.36  57542.294   90.3  1.889e+01 
 130100  0.872   3  2016  155   3.21  57542.329   90.3  1.721e+01 
 130101  0.872   3  2016  155   3.74  57542.351   90.2  1.835e+01 
 130103  0.872   3  2016  155   4.69  57542.391   90.2  1.976e+01 
 130104  0.581   2  2016  155   5.13  57542.409   90.2  2.369e+01 
 130229  1.011   2  2016  157  19.72  57545.017   89.1  1.323e+01 
 130230  1.011   2  2016  157  20.33  57545.043   89.1  1.564e+01 
 130232  0.506   1  2016  157  21.24  57545.081   89.0  1.549e+01 
 130233  1.011   2  2016  157  21.69  57545.099   89.0  1.346e+01 
 130234  0.506   1  2016  157  22.14  57545.118   89.0  1.056e+01 
 130333  0.917   1  2016  159  23.87  57547.190   88.2  8.767e+00 
 130334  0.917   1  2016  160   0.37  57547.211   88.2  1.007e+01 
 130336  0.917   1  2016  160   1.22  57547.246   88.1  1.344e+01 
 130337  0.917   1  2016  160   1.73  57547.268   88.1  1.473e+01 
 130341  1.333   2  2016  160   3.78  57547.353   88.1  1.744e+01 
 130343  0.560   3  2016  160   4.72  57547.392   88.1  1.623e+01 
 130344  0.331   1  2016  160   5.32  57547.417   88.1  1.641e+01 
 130372  0.701   1  2016  160  19.12  57547.992   87.8  1.227e+01 
 130373  0.578   2  2016  160  19.78  57548.020   87.8  1.143e+01 
 130374  0.578   2  2016  160  20.31  57548.042   87.8  9.951e+00 
 130375  0.578   2  2016  160  20.84  57548.064   87.7  8.164e+00 
 130377  0.683   3  2016  160  21.67  57548.099   87.7  6.872e+00 
 130471  0.757   1  2016  162  20.57  57550.052   86.8  9.020e+00 
 130472  0.917   1  2016  162  21.13  57550.076   86.8  1.144e+01 
 130473  0.917   1  2016  162  21.63  57550.097   86.8  1.194e+01 
 130474  0.917   1  2016  162  22.44  57550.131   86.8  1.044e+01 
 130475  0.917   1  2016  162  22.95  57550.152   86.8  1.079e+01 
 130517  0.683   3  2016  163  19.76  57551.019   86.4  8.940e+00 
 130521  0.917   1  2016  163  21.69  57551.100   86.4  1.149e+01 
 130522  0.917   1  2016  163  22.20  57551.121   86.4  1.101e+01 
 130525  0.527   3  2016  163  23.89  57551.191   86.4  1.132e+01 
 130708  0.472   1  2016  167  19.01  57554.988   84.9  1.365e+01 
 131044  0.667   1  2016  174  19.21  57561.996   82.9  4.255e+00 
 131045  0.667   1  2016  174  19.56  57562.010   82.9  3.981e+00 
 131046  1.061   2  2016  174  20.33  57562.043   82.9  3.450e+00 
 131047  0.531   1  2016  174  20.76  57562.061   82.9  3.670e+00 
 131050  0.458   3  2016  174  22.19  57562.120   82.8  2.805e+00 
 131064  0.331   1  2016  175   5.42  57562.421   82.7  3.275e+00 
 131092  0.578   2  2016  175  19.19  57562.995   82.6  1.076e+01 
 131093  0.578   2  2016  175  19.72  57563.017   82.6  9.780e+00 
 131235  0.331   1  2016  178  18.86  57565.981   82.5  1.228e+01 
 131236  0.992   3  2016  178  19.27  57565.998   82.5  1.246e+01 
 131238  1.177   3  2016  178  20.22  57566.038   82.5  1.246e+01 
 131240  0.772   1  2016  178  21.09  57566.074   82.5  1.326e+01 
 131241  0.772   1  2016  178  21.52  57566.092   82.5  1.273e+01 
 131246  1.000   3  2016  179   0.27  57566.207   82.5  8.582e+00 
 131247  0.333   1  2016  179   0.66  57566.223   82.5  7.380e+00 
 131252  0.667   1  2016  179   3.44  57566.339   82.5  6.857e+00 
 131253  0.667   1  2016  179   3.78  57566.353   82.5  7.880e+00 
 131293  0.702   4  2016  179  23.74  57567.185   82.7  1.068e+01 
 131294  0.367   2  2016  180   0.41  57567.213   82.7  8.635e+00 
 131295  0.333   1  2016  180   0.99  57567.237   82.7  6.968e+00 
 131296  0.667   2  2016  180   1.28  57567.249   82.7  6.082e+00 
 131297  0.333   1  2016  180   1.58  57567.261   82.7  8.502e+00 
 131387  0.581   2  2016  181  22.78  57569.145   83.2  1.547e+01 
 131388  0.872   3  2016  181  23.22  57569.163   83.2  1.499e+01 
 131392  0.794   1  2016  182   1.44  57569.256   83.2  1.135e+01 
 131393  0.794   1  2016  182   1.87  57569.273   83.2  1.065e+01 
 131395  0.944   2  2016  182   2.79  57569.312   83.2  1.129e+01 
 131396  0.944   2  2016  182   3.32  57569.334   83.2  1.141e+01 
 131398  0.917   1  2016  182   4.12  57569.367   83.3  1.175e+01 
 131399  0.917   1  2016  182   4.63  57569.389   83.3  1.395e+01 
 131400  0.350   3  2016  182   5.36  57569.419   83.3  1.488e+01 
 131429  0.701   1  2016  182  19.80  57570.021   83.5  6.486e+00 
 131431  0.534   1  2016  182  20.57  57570.053   83.5  4.899e+00 
 131490  1.522   2  2016  184   2.23  57571.288   84.1  7.935e+00 
 131492  0.578   2  2016  184   3.34  57571.335   84.1  1.183e+01 
 131493  0.578   2  2016  184   3.87  57571.357   84.1  1.325e+01 
 131494  0.578   2  2016  184   4.40  57571.379   84.1  1.520e+01 
 131496  0.492   3  2016  184   5.16  57571.411   84.1  1.610e+01 
 131678  1.578   1  2016  188   0.02  57575.196   87.4  9.660e+00 
 131688  0.862   1  2016  188   5.05  57575.406   87.6  1.086e+01 
 131813  0.702   4  2016  190  19.71  57578.017   90.1  1.155e+01 
 131814  0.333   1  2016  190  20.30  57578.042   90.2  1.132e+01 
 131815  1.000   3  2016  190  20.73  57578.059   90.2  9.634e+00 
 131817  0.333   1  2016  190  21.97  57578.111   90.2  7.110e+00 
 131818  0.667   2  2016  190  22.29  57578.124   90.2  7.195e+00 
 131819  0.333   1  2016  190  22.61  57578.138   90.2  6.743e+00 
 131820  0.702   4  2016  190  23.21  57578.163   90.2  6.186e+00 
 131827  0.917   1  2016  191   2.66  57578.307   90.3  1.003e+01 
 131828  0.517   1  2016  191   3.39  57578.337   90.3  8.295e+00 
 131829  1.033   2  2016  191   3.81  57578.354   90.3  7.912e+00 
 131830  0.517   1  2016  191   4.22  57578.371   90.3  7.708e+00 
 131916  0.527   3  2016  192  23.18  57580.161   91.0  1.039e+01 
 131924  1.033   2  2016  193   3.16  57580.327   91.0  1.045e+01 
 131925  1.033   2  2016  193   3.71  57580.350   91.0  9.934e+00 
 131926  0.517   1  2016  193   4.37  57580.378   91.0  8.415e+00 
 131927  1.033   2  2016  193   4.79  57580.395   91.1  8.882e+00 
 131928  0.517   1  2016  193   5.20  57580.412   91.1  9.801e+00 
 131957  0.458   3  2016  193  19.80  57581.021   91.2  5.791e+00 
 131960  1.333   2  2016  193  21.22  57581.080   91.2  5.098e+00 
 131962  0.360   4  2016  193  22.28  57581.124   91.2  3.583e+00 
 131965  1.333   2  2016  193  23.69  57581.183   91.2  4.543e+00 
 131966  0.667   1  2016  194   0.50  57581.216   91.2  5.194e+00 
 131967  0.667   1  2016  194   0.85  57581.231   91.2  5.617e+00 
 131968  0.811   2  2016  194   1.38  57581.253   91.2  6.663e+00 
 131969  0.811   2  2016  194   1.84  57581.272   91.2  7.003e+00 
 131970  0.406   1  2016  194   2.48  57581.299   91.2  9.172e+00 
 131971  0.811   2  2016  194   2.83  57581.313   91.2  8.751e+00 
 131972  0.406   1  2016  194   3.18  57581.328   91.2  8.685e+00 
 131973  0.794   1  2016  194   3.82  57581.355   91.2  9.524e+00 
 131974  0.794   1  2016  194   4.23  57581.372   91.2  1.052e+01 
 131975  0.456   2  2016  194   4.86  57581.398   91.2  1.269e+01 
 132017  0.794   1  2016  195   1.77  57582.269   91.2  1.780e+01 
 132018  0.794   1  2016  195   2.19  57582.287   91.2  1.582e+01 
 132020  0.944   2  2016  195   3.24  57582.330   91.2  1.127e+01 
 132021  0.944   2  2016  195   3.77  57582.353   91.2  9.227e+00 
 132023  0.581   1  2016  195   4.54  57582.385   91.2  1.078e+01 
 132053  1.000   3  2016  195  19.75  57583.018   91.2  8.476e+00 
 132054  0.333   1  2016  195  20.18  57583.036   91.2  7.556e+00 
 132064  0.333   1  2016  196   1.50  57583.258   91.1  9.050e+00 
 132065  0.667   2  2016  196   1.79  57583.270   91.1  9.290e+00 
 132066  0.333   1  2016  196   2.08  57583.282   91.1  1.018e+01 
 132067  0.811   2  2016  196   2.70  57583.308   91.1  1.101e+01 
 132161  0.350   3  2016  198   1.76  57585.269   91.0  1.024e+01 
 132162  0.583   5  2016  198   2.25  57585.289   91.0  9.817e+00 
 132163  0.583   5  2016  198   2.78  57585.311   91.0  1.209e+01 
 132164  0.467   4  2016  198   3.28  57585.332   91.0  1.283e+01 
 132165  0.467   4  2016  198   3.71  57585.350   91.0  1.174e+01 
 132167  0.667   6  2016  198   4.74  57585.393   91.0  1.117e+01 
 132539  0.351   2  2016  205  22.69  57593.141   89.3  1.903e+00 
 132551  0.683   3  2016  206   4.80  57593.396   89.2  2.718e+00 
 132580  0.667   2  2016  206  19.28  57593.999   89.0  9.676e+00 
 132581  0.667   2  2016  206  19.71  57594.017   89.0  9.931e+00 
 132589  0.667   6  2016  206  23.78  57594.186   89.0  6.038e+00 
 132597  0.350   3  2016  207   3.85  57594.356   89.0  5.793e+00 
 132598  0.350   3  2016  207   4.31  57594.375   89.0  5.469e+00 
 132599  0.467   4  2016  207   4.78  57594.395   89.0  4.963e+00 
 132692  0.667   1  2016  209   3.18  57596.328   89.0  6.013e+00 
 132693  0.667   1  2016  209   3.53  57596.343   89.0  5.334e+00 
 132694  1.333   2  2016  209   4.31  57596.375   89.0  7.536e+00 
 132724  1.544   2  2016  209  19.26  57596.998   88.9  6.682e+00 
 132726  0.784   2  2016  209  20.20  57597.037   88.9  6.913e+00 
 132727  0.392   1  2016  209  20.52  57597.051   88.9  7.524e+00 
 132742  1.000   1  2016  210   4.22  57597.372   88.9  6.312e+00 
 132743  1.000   1  2016  210   4.74  57597.393   88.9  5.238e+00 
 132783  0.928   1  2016  211   0.92  57598.234   88.7  5.983e+00 
 132784  0.928   1  2016  211   1.40  57598.254   88.7  5.735e+00 
 132787  1.589   2  2016  211   2.78  57598.311   88.7  5.200e+00 
 132789  0.794   1  2016  211   3.78  57598.353   88.7  5.321e+00 
 132790  0.794   1  2016  211   4.21  57598.371   88.7  5.565e+00 
 132791  0.667   1  2016  211   4.85  57598.398   88.7  5.889e+00 
 132792  0.667   1  2016  211   5.19  57598.412   88.7  6.685e+00 
 132831  0.928   1  2016  212   0.57  57599.219   88.4  6.091e+00 
 132832  0.928   1  2016  212   1.05  57599.239   88.4  4.966e+00 
 132834  0.928   1  2016  212   2.28  57599.291   88.3  5.704e+00 
 132836  1.589   2  2016  212   3.25  57599.331   88.3  7.500e+00 
 132838  1.000   1  2016  212   4.42  57599.380   88.3  8.829e+00 
 132839  1.000   1  2016  212   4.94  57599.402   88.3  1.001e+01 
 132887  1.000   1  2016  213   4.55  57600.385   87.8  8.172e+00 
 132888  1.000   1  2016  213   5.07  57600.407   87.7  1.045e+01 
 132918  0.784   2  2016  213  20.22  57601.038   87.3  9.606e+00 
 132919  0.392   1  2016  213  20.54  57601.052   87.3  1.028e+01 
 132930  0.794   1  2016  214   2.30  57601.291   87.1  7.351e+00 
 132931  0.794   1  2016  214   2.72  57601.309   87.1  6.952e+00 
 132933  1.000   1  2016  214   3.97  57601.361   87.1  5.060e+00 
 132934  1.000   1  2016  214   4.49  57601.383   87.1  5.023e+00 
 132968  0.661   2  2016  214  21.20  57602.079   86.6  8.889e+00 
 132969  0.661   2  2016  214  21.61  57602.096   86.6  9.117e+00 
 132970  0.761   1  2016  214  22.28  57602.124   86.6  7.386e+00 
 132971  0.761   1  2016  214  22.71  57602.142   86.6  7.424e+00 
 132972  0.406   1  2016  214  23.39  57602.170   86.5  5.424e+00 
 132973  0.811   2  2016  214  23.74  57602.185   86.5  5.017e+00 
 132974  0.406   1  2016  215   0.09  57602.199   86.5  5.535e+00 
 132975  0.811   2  2016  215   0.80  57602.229   86.5  4.835e+00 
 132976  0.811   2  2016  215   1.27  57602.248   86.5  4.263e+00 
 132977  0.811   2  2016  215   1.84  57602.272   86.5  4.524e+00 
 132978  0.811   2  2016  215   2.30  57602.292   86.5  5.327e+00 
 132979  0.406   1  2016  215   2.95  57602.319   86.5  5.611e+00 
 132980  0.811   2  2016  215   3.30  57602.333   86.5  5.956e+00 
 132981  0.406   1  2016  215   3.65  57602.348   86.4  6.288e+00 
 132982  1.000   1  2016  215   4.32  57602.376   86.4  5.251e+00 
 132983  1.000   1  2016  215   4.84  57602.397   86.4  4.736e+00 
 133011  0.392   1  2016  215  18.97  57602.986   86.1  6.414e+00 
 133012  0.784   2  2016  215  19.29  57602.999   86.0  5.650e+00 
 133014  1.673   2  2016  215  20.27  57603.040   86.0  6.642e+00 
 133021  0.811   2  2016  215  23.76  57603.186   85.9  9.708e+00 
 133022  0.811   2  2016  216   0.23  57603.205   85.9  9.989e+00 
 133023  0.406   1  2016  216   0.98  57603.237   85.8  1.080e+01 
 133024  0.811   2  2016  216   1.33  57603.251   85.8  1.082e+01 
 133025  0.406   1  2016  216   1.68  57603.266   85.8  8.845e+00 
 133026  0.406   1  2016  216   2.35  57603.293   85.8  1.050e+01 
 133027  0.406   1  2016  216   2.58  57603.303   85.8  1.065e+01 
 133028  0.406   1  2016  216   3.05  57603.323   85.8  1.051e+01 
 133059  0.612   1  2016  216  18.83  57603.980   85.2  1.440e+01 
 133061  0.623   1  2016  216  19.51  57604.009   85.2  1.182e+01 
 133062  0.837   1  2016  216  20.40  57604.046   85.2  1.492e+01 
 133063  0.837   1  2016  216  20.84  57604.064   85.2  1.498e+01 
 133065  0.702   4  2016  216  21.70  57604.100   85.2  1.077e+01 
 133070  0.772   1  2016  217   0.33  57604.209   85.1  1.255e+01 
 133071  0.772   1  2016  217   0.77  57604.228   85.1  1.495e+01 
 133108  0.333   1  2016  217  19.31  57605.000   84.6  1.160e+01 
 133109  1.000   3  2016  217  19.69  57605.016   84.6  1.056e+01 
 133115  0.702   4  2016  217  22.82  57605.146   84.6  8.003e+00 
 133119  0.811   2  2016  218   0.74  57605.226   84.5  1.243e+01 
 133120  0.811   2  2016  218   1.20  57605.246   84.5  1.432e+01 
 133122  0.667   1  2016  218   2.25  57605.289   84.5  1.276e+01 
 133123  0.667   1  2016  218   2.59  57605.304   84.5  1.087e+01 
 133124  0.667   1  2016  218   3.34  57605.335   84.5  9.460e+00 
 133125  0.667   1  2016  218   3.68  57605.349   84.5  8.460e+00 
 133127  0.872   3  2016  218   4.70  57605.391   84.5  9.579e+00 
 133128  0.581   2  2016  218   5.13  57605.409   84.5  1.001e+01 
 133211  0.702   4  2016  219  22.70  57607.141   84.0  6.175e+00 
 133213  0.406   1  2016  219  23.84  57607.189   84.0  7.007e+00 
 133214  0.811   2  2016  220   0.19  57607.203   84.0  7.702e+00 
 133215  0.406   1  2016  220   0.54  57607.218   84.0  6.515e+00 
 133221  0.581   2  2016  220   3.90  57607.358   84.0  1.183e+01 
 133222  0.581   2  2016  220   4.25  57607.373   84.0  1.731e+01 
 133223  0.581   2  2016  220   4.60  57607.387   84.0  2.103e+01 
 133252  0.394   2  2016  220  19.39  57608.003   83.9  9.783e+00 
 133253  0.394   2  2016  220  19.68  57608.016   83.9  9.536e+00 
 133254  0.702   4  2016  220  20.28  57608.041   83.9  8.329e+00 
 133264  0.350   3  2016  221   1.36  57608.252   84.0  9.687e+00 
 133265  0.350   3  2016  221   1.63  57608.263   84.0  1.090e+01 
 133269  0.872   3  2016  221   3.68  57608.349   84.0  1.566e+01 
 133270  0.581   2  2016  221   4.12  57608.367   84.0  1.478e+01 
 133271  0.581   2  2016  221   4.82  57608.396   84.0  1.409e+01 
 133272  0.872   3  2016  221   5.25  57608.414   84.0  1.902e+01 
 133301  0.592   3  2016  221  19.77  57609.019   84.1  7.982e+00 
 133304  0.394   2  2016  221  21.38  57609.086   84.1  9.836e+00 
 133305  0.394   2  2016  221  21.67  57609.099   84.1  8.652e+00 
 133309  0.772   1  2016  221  23.98  57609.195   84.1  8.766e+00 
 133310  0.772   1  2016  222   0.42  57609.213   84.1  8.715e+00 
 133317  0.689   1  2016  222   3.80  57609.354   84.1  1.032e+01 
 133318  0.689   1  2016  222   4.19  57609.370   84.1  1.136e+01 
 133348  0.444   4  2016  222  19.29  57609.999   84.3  5.873e+00 
 133349  0.444   4  2016  222  19.63  57610.013   84.3  6.118e+00 
 133365  0.667   6  2016  223   3.75  57610.352   84.4  1.200e+01 
 133367  0.667   6  2016  223   4.72  57610.392   84.4  1.398e+01 
 133396  0.667   6  2016  223  19.27  57610.998   84.6  8.261e+00 
 133401  0.349   1  2016  223  22.00  57611.112   84.7  1.241e+01 
 133402  0.698   2  2016  223  22.29  57611.124   84.7  1.068e+01 
 133403  0.641   3  2016  223  22.73  57611.143   84.7  9.721e+00 
 133404  0.584   4  2016  223  23.18  57611.161   84.7  8.658e+00 
 133405  0.349   1  2016  223  23.89  57611.191   84.7  1.290e+01 
 133406  1.047   3  2016  224   0.28  57611.207   84.7  1.747e+01 
 133410  0.667   6  2016  224   2.26  57611.290   84.7  2.334e+01 
 133443  0.333   1  2016  224  18.96  57611.985   84.9  8.738e+00 
 133444  0.667   2  2016  224  19.28  57611.999   84.9  9.413e+00 
 133445  0.333   1  2016  224  19.60  57612.012   84.9  9.970e+00 
 133492  0.333   3  2016  225  19.33  57613.001   85.2  8.586e+00 
 133501  0.667   1  2016  225  23.78  57613.186   85.3  9.714e+00 
 133502  0.667   1  2016  226   0.13  57613.201   85.3  8.798e+00 
 133503  0.667   1  2016  226   0.80  57613.229   85.3  7.723e+00 
 133504  0.667   1  2016  226   1.15  57613.243   85.3  8.376e+00 
 133505  0.789   7  2016  226   1.77  57613.269   85.3  9.040e+00 
 133506  0.564   5  2016  226   2.22  57613.288   85.3  8.566e+00 
 133507  0.338   3  2016  226   2.86  57613.315   85.3  8.633e+00 
 133508  0.677   6  2016  226   3.27  57613.332   85.3  8.142e+00 
 133510  1.333   2  2016  226   4.21  57613.371   85.3  9.038e+00 
 133539  0.492   2  2016  226  18.83  57613.980   85.6  2.261e+01 
 133540  0.738   3  2016  226  19.19  57613.995   85.6  1.811e+01 
 133557  0.917   1  2016  227   3.77  57614.353   85.7  1.512e+01 
 133558  0.917   1  2016  227   4.28  57614.374   85.8  1.132e+01 
 133607  0.667   1  2016  228   4.76  57615.394   86.2  1.617e+01 
 133608  0.667   1  2016  228   5.11  57615.408   86.2  1.396e+01 
 133651  0.350   3  2016  229   2.77  57616.311   86.7  7.431e+00 
 133653  0.467   4  2016  229   3.68  57616.349   86.7  7.645e+00 
 133654  0.467   4  2016  229   4.33  57616.376   86.7  1.059e+01 
 133655  0.467   4  2016  229   4.76  57616.394   86.7  1.319e+01 
 133833  0.349   1  2016  232  21.81  57620.104   89.3  2.372e+00 
 133834  0.349   1  2016  232  22.00  57620.112   89.3  2.557e+00 
 133836  1.047   3  2016  232  23.23  57620.164   89.3  2.238e+00 
 133845  0.583   5  2016  233   3.80  57620.354   89.4  7.762e+00 
 133983  0.917   1  2016  236   0.98  57623.237   89.8  2.708e+00 
 133987  0.348   2  2016  236   2.75  57623.310   89.8  9.206e+00 
 133988  0.467   4  2016  236   3.26  57623.331   89.8  1.564e+01 
 134078  0.333   3  2016  238   0.35  57625.210   89.6  5.262e+00 
 134079  0.556   5  2016  238   0.69  57625.224   89.6  5.310e+00 
 134080  0.667   1  2016  238   1.42  57625.255   89.6  9.354e+00 
 134081  0.667   1  2016  238   1.77  57625.269   89.6  8.701e+00 
 134082  0.667   1  2016  238   2.38  57625.295   89.6  7.630e+00 
 134083  0.667   1  2016  238   2.72  57625.309   89.6  7.342e+00 
 134084  0.667   1  2016  238   3.33  57625.334   89.6  5.918e+00 
 134085  0.667   1  2016  238   3.68  57625.349   89.6  6.398e+00 
 134086  1.333   2  2016  238   4.32  57625.376   89.6  7.114e+00 
 134116  0.527   3  2016  238  19.37  57626.003   89.5  1.730e+01 
 134118  0.467   4  2016  238  20.23  57626.039   89.5  1.891e+01 
 134119  0.351   2  2016  238  20.89  57626.066   89.5  1.572e+01 
 134120  0.351   2  2016  238  21.09  57626.074   89.5  1.586e+01 
 134122  0.331   1  2016  238  22.30  57626.125   89.5  9.615e+00 
 134123  0.571   1  2016  238  22.81  57626.146   89.5  1.196e+01 
 134124  0.581   1  2016  238  23.19  57626.162   89.5  1.163e+01 
 134127  0.583   5  2016  239   0.78  57626.228   89.5  1.205e+01 
 134129  0.917   1  2016  239   1.81  57626.271   89.5  1.040e+01 
 134130  0.917   1  2016  239   2.31  57626.292   89.5  9.316e+00 
 134132  0.917   1  2016  239   3.16  57626.327   89.5  1.054e+01 
 134133  0.917   1  2016  239   3.67  57626.348   89.5  8.927e+00 
 134164  0.878   5  2016  239  19.22  57626.996   89.5  8.743e+00 
 134165  0.351   2  2016  239  19.56  57627.010   89.5  9.119e+00 
 134212  0.333   1  2016  240  19.31  57628.000   89.5  1.073e+01 
 134213  1.000   3  2016  240  19.69  57628.016   89.5  1.012e+01 
 134214  0.667   2  2016  240  20.18  57628.036   89.5  1.084e+01 
 134216  0.702   4  2016  240  21.32  57628.084   89.5  1.029e+01 
 134218  0.406   1  2016  240  22.38  57628.128   89.5  9.820e+00 
 134219  0.811   2  2016  240  22.73  57628.143   89.5  8.713e+00 
 134220  0.406   1  2016  240  23.08  57628.157   89.5  8.200e+00 
 134221  0.811   2  2016  240  23.68  57628.182   89.5  1.097e+01 
 134222  0.811   2  2016  241   0.15  57628.202   89.5  1.118e+01 
 134223  0.517   1  2016  241   0.98  57628.236   89.5  1.352e+01 
 134224  0.517   1  2016  241   1.26  57628.248   89.5  1.071e+01 
 134225  1.033   2  2016  241   1.67  57628.265   89.5  1.034e+01 
 134226  0.517   1  2016  241   2.47  57628.299   89.5  1.325e+01 
 134227  0.517   1  2016  241   2.75  57628.310   89.5  1.246e+01 
 134313  0.527   3  2016  242  21.61  57630.096   89.5  7.153e+00 
 134314  0.581   1  2016  242  22.20  57630.121   89.5  7.066e+00 
 134319  1.033   2  2016  243   0.85  57630.231   89.5  5.566e+00 
 134320  0.517   1  2016  243   1.26  57630.248   89.5  5.955e+00 
 134321  0.517   1  2016  243   1.54  57630.260   89.5  5.307e+00 
 134322  0.667   1  2016  243   2.26  57630.290   89.5  4.260e+00 
 134323  0.667   1  2016  243   2.60  57630.304   89.5  4.391e+00 
 134324  0.667   1  2016  243   3.34  57630.335   89.5  4.513e+00 
 134325  0.667   1  2016  243   3.68  57630.349   89.5  4.524e+00 
 134326  0.667   1  2016  243   4.17  57630.369   89.5  4.080e+00 
 134327  0.667   1  2016  243   4.52  57630.384   89.5  3.896e+00 
 134356  0.667   6  2016  243  19.27  57630.999   89.5  1.276e+01 
 134357  0.333   3  2016  243  19.82  57631.021   89.5  1.172e+01 
 134358  0.667   6  2016  243  20.29  57631.041   89.5  1.137e+01 
 134359  0.444   4  2016  243  20.80  57631.062   89.5  1.085e+01 
 134360  0.444   4  2016  243  21.14  57631.076   89.5  9.816e+00 
 134361  0.811   2  2016  243  21.83  57631.105   89.5  9.676e+00 
 134362  0.811   2  2016  243  22.29  57631.124   89.5  9.973e+00 
 134364  0.769   1  2016  243  23.10  57631.158   89.5  8.488e+00 
 134365  0.769   1  2016  243  23.53  57631.176   89.5  7.345e+00 
 134366  0.689   1  2016  244   0.30  57631.208   89.5  7.711e+00 
 134367  0.689   1  2016  244   0.69  57631.224   89.5  7.215e+00 
 134368  0.994   1  2016  244   1.41  57631.254   89.5  6.318e+00 
 134369  0.994   1  2016  244   1.96  57631.277   89.5  6.343e+00 
 134371  0.994   1  2016  244   2.77  57631.311   89.5  6.278e+00 
 134372  0.994   1  2016  244   3.31  57631.334   89.5  6.284e+00 
 134374  0.872   3  2016  244   4.24  57631.372   89.5  5.863e+00 
 134375  0.581   2  2016  244   4.68  57631.390   89.6  6.096e+00 
 134417  0.994   1  2016  245   1.59  57632.262   89.6  9.632e+00 
 134418  0.994   1  2016  245   2.14  57632.285   89.6  1.074e+01 
 134419  0.667   1  2016  245   2.89  57632.316   89.6  1.356e+01 
 134420  0.667   1  2016  245   3.24  57632.330   89.6  1.292e+01 
 134460  0.406   1  2016  245  23.49  57633.174   89.7  1.105e+01 
 134461  0.811   2  2016  245  23.84  57633.189   89.7  1.151e+01 
 134462  0.406   1  2016  246   0.19  57633.203   89.7  1.240e+01 
 134463  0.811   2  2016  246   0.80  57633.229   89.7  1.436e+01 
 134464  0.811   2  2016  246   1.26  57633.248   89.7  1.612e+01 
 134467  0.667   1  2016  246   2.82  57633.313   89.7  1.685e+01 
 134468  0.667   1  2016  246   3.17  57633.328   89.7  1.716e+01 
 134500  0.702   4  2016  246  19.29  57633.999   89.8  5.299e+00 
 134502  0.667   6  2016  246  20.23  57634.038   89.8  4.507e+00 
 134503  0.333   3  2016  246  20.89  57634.066   89.8  3.282e+00 
 134504  0.556   5  2016  246  21.22  57634.080   89.8  4.280e+00 
 134505  0.811   2  2016  246  21.80  57634.104   89.8  5.250e+00 
 134506  0.811   2  2016  246  22.27  57634.123   89.8  6.559e+00 
 134507  0.406   1  2016  246  22.86  57634.148   89.8  8.125e+00 
 134508  0.811   2  2016  246  23.21  57634.163   89.8  1.038e+01 
 134509  0.811   2  2016  246  23.72  57634.184   89.8  1.135e+01 
 134510  0.811   2  2016  247   0.24  57634.206   89.8  1.210e+01 
 134511  0.406   1  2016  247   0.59  57634.220   89.8  1.461e+01 
 134512  0.784   2  2016  247   1.26  57634.248   89.8  1.902e+01 
 134513  0.784   2  2016  247   1.68  57634.266   89.8  1.905e+01 
 134516  0.667   1  2016  247   3.29  57634.333   89.8  1.824e+01 
 134517  0.667   1  2016  247   3.63  57634.347   89.8  1.722e+01 
 134518  0.667   1  2016  247   4.49  57634.383   89.8  1.679e+01 
 134519  0.667   1  2016  247   4.84  57634.397   89.8  1.697e+01 
 134596  0.667   6  2016  248  19.26  57635.998   90.0  9.729e+00 
 134597  0.462   3  2016  248  19.85  57636.023   90.0  1.165e+01 
 134598  0.351   2  2016  248  20.14  57636.035   90.0  1.169e+01 
 134605  0.673   1  2016  248  23.85  57636.189   90.0  9.477e+00 
 134606  0.673   1  2016  249   0.21  57636.204   90.0  8.369e+00 
 134607  0.683   1  2016  249   0.58  57636.220   90.0  7.469e+00 
 134608  1.033   2  2016  249   1.35  57636.252   90.0  6.213e+00 
 134609  0.517   1  2016  249   1.77  57636.269   90.0  7.122e+00 
 134610  0.517   1  2016  249   2.04  57636.281   90.0  7.787e+00 
 134611  1.333   2  2016  249   2.75  57636.310   90.0  9.179e+00 
 134613  1.333   2  2016  249   3.69  57636.349   90.0  1.087e+01 
 134643  0.333   3  2016  249  18.91  57636.983   90.1  1.199e+01 
 134644  0.556   5  2016  249  19.24  57636.997   90.1  7.471e+00 
 134645  0.333   3  2016  249  19.86  57637.023   90.1  6.711e+00 
 134646  0.556   5  2016  249  20.19  57637.037   90.1  6.598e+00 
 134647  0.556   5  2016  249  20.77  57637.061   90.1  6.875e+00 
 134648  0.333   3  2016  249  21.10  57637.075   90.1  6.491e+00 
 134699  0.673   1  2016  250  22.72  57638.142   90.2  1.474e+01 
 134700  1.356   2  2016  250  23.27  57638.165   90.2  1.600e+01 
 134702  1.333   1  2016  251   0.27  57638.207   90.2  1.664e+01 
 134704  1.333   1  2016  251   1.04  57638.239   90.2  1.713e+01 
 134705  1.333   1  2016  251   1.81  57638.271   90.2  1.897e+01 
 134707  1.333   1  2016  251   2.63  57638.305   90.2  2.278e+01 
 134708  1.333   1  2016  251   3.42  57638.338   90.2  2.576e+01 
 134710  1.333   1  2016  251   4.24  57638.372   90.2  2.424e+01 
 134711  0.333   2  2016  251   4.84  57638.397   90.2  2.648e+01 
 134740  0.667   6  2016  251  19.23  57638.997   90.3  1.509e+01 
 134750  1.333   1  2016  252   0.50  57639.216   90.4  9.136e+00 
 134752  1.333   1  2016  252   1.36  57639.252   90.4  8.323e+00 
 134754  1.333   1  2016  252   2.16  57639.285   90.4  9.300e+00 
 134755  1.333   1  2016  252   2.94  57639.318   90.4  1.055e+01 
 134757  1.333   1  2016  252   3.75  57639.352   90.4  1.130e+01 
 134759  1.333   1  2016  252   4.55  57639.385   90.4  1.467e+01 
 134795  0.673   1  2016  252  22.78  57640.145   90.5  1.482e+01 
 134796  0.673   1  2016  252  23.14  57640.160   90.5  1.762e+01 
 134797  0.683   1  2016  252  23.51  57640.175   90.5  2.030e+01 
 134798  1.333   1  2016  253   0.28  57640.207   90.5  1.775e+01 
 134800  1.333   1  2016  253   1.07  57640.240   90.5  1.562e+01 
 134801  1.333   1  2016  253   1.85  57640.273   90.5  1.257e+01 
 134803  1.333   1  2016  253   2.64  57640.306   90.5  1.382e+01 
 134804  1.333   1  2016  253   3.44  57640.339   90.6  1.444e+01 
 134806  1.333   1  2016  253   4.28  57640.374   90.6  1.670e+01 
 134807  0.500   3  2016  253   4.89  57640.399   90.6  2.177e+01 
 134808  0.333   2  2016  253   5.13  57640.410   90.6  2.464e+01 
 134844  0.806   5  2016  253  23.24  57641.164   90.6  1.454e+01 
 134845  0.967   6  2016  253  23.74  57641.185   90.6  1.446e+01 
 134846  1.333   1  2016  254   0.46  57641.215   90.6  1.471e+01 
 134848  1.333   1  2016  254   1.25  57641.248   90.6  1.433e+01 
 134850  1.333   1  2016  254   2.03  57641.280   90.6  1.484e+01 
 134851  1.333   1  2016  254   2.81  57641.313   90.6  2.028e+01 
 134853  1.333   1  2016  254   3.60  57641.345   90.6  2.430e+01 
 134854  1.333   1  2016  254   4.39  57641.378   90.6  2.030e+01 
 134937  0.350   3  2016  255  21.85  57643.106   90.5  9.857e+00 
 134997  0.917   1  2016  257   3.61  57644.346   90.1  2.389e+01 
 134998  0.917   1  2016  257   4.11  57644.367   90.1  2.645e+01 
 135093  0.583   5  2016  259   3.76  57646.352   89.1  1.338e+01 
 135094  0.350   3  2016  259   4.19  57646.370   89.1  1.309e+01 
 135374  0.872   3  2016  265   0.19  57652.203   86.3  1.294e+01 
 135375  0.581   2  2016  265   0.63  57652.222   86.3  1.524e+01 
 135381  0.917   1  2016  265   3.55  57652.343   86.3  1.595e+01 
 135382  0.917   1  2016  265   4.05  57652.364   86.3  2.060e+01 
 135423  0.667   1  2016  266   0.70  57653.225   86.3  1.806e+01 
 135424  0.667   1  2016  266   1.05  57653.239   86.3  2.037e+01 
 135425  0.467   4  2016  266   1.76  57653.269   86.3  2.207e+01 
 135426  0.350   3  2016  266   2.16  57653.286   86.3  2.258e+01 
 135427  0.350   3  2016  266   2.89  57653.316   86.3  2.293e+01 
 135428  0.467   4  2016  266   3.26  57653.331   86.3  2.555e+01 
 135429  0.467   4  2016  266   3.77  57653.353   86.3  2.772e+01 
 135430  0.583   5  2016  266   4.27  57653.374   86.3  2.841e+01 
 135472  0.350   3  2016  267   1.36  57654.252   86.5  1.793e+01 
 135473  0.583   5  2016  267   1.78  57654.270   86.5  1.884e+01 
 135475  0.778   1  2016  267   2.62  57654.305   86.5  2.224e+01 
 135476  0.778   1  2016  267   3.04  57654.322   86.5  2.477e+01 
 135477  0.667   1  2016  267   3.80  57654.354   86.5  3.063e+01 
 135478  0.667   1  2016  267   4.15  57654.368   86.5  3.215e+01 
 135519  0.846   1  2016  268   0.66  57655.223   86.8  1.193e+01 
 135520  0.846   1  2016  268   1.11  57655.242   86.9  1.325e+01 
 135521  0.846   1  2016  268   1.56  57655.261   86.9  1.344e+01 
 135556  0.956   1  2016  268  19.20  57655.996   87.2  1.773e+01 
 135557  0.956   1  2016  268  19.71  57656.017   87.2  1.530e+01 
 135559  1.500   2  2016  268  20.79  57656.062   87.2  1.049e+01 
 135560  0.750   1  2016  268  21.39  57656.087   87.2  8.639e+00 
 135561  0.750   1  2016  268  21.80  57656.104   87.2  8.148e+00 
 135562  0.750   1  2016  268  22.41  57656.129   87.2  8.935e+00 
 135563  0.750   1  2016  268  22.81  57656.146   87.3  1.161e+01 
 135564  0.750   1  2016  268  23.21  57656.163   87.3  1.407e+01 
 135565  0.750   1  2016  268  23.62  57656.180   87.3  1.397e+01 
 135566  0.667   1  2016  269   0.15  57656.202   87.3  1.931e+01 
 135567  0.667   1  2016  269   0.51  57656.217   87.3  1.881e+01 
 135568  1.500   2  2016  269   1.30  57656.250   87.3  1.834e+01 
 135569  0.750   1  2016  269   1.90  57656.275   87.3  1.901e+01 
 135570  0.750   1  2016  269   2.30  57656.292   87.3  2.023e+01 
 135571  0.750   1  2016  269   2.90  57656.317   87.4  2.187e+01 
 135572  0.750   1  2016  269   3.31  57656.333   87.4  2.009e+01 
 135573  0.750   1  2016  269   3.71  57656.350   87.4  1.933e+01 
 135574  0.750   1  2016  269   4.11  57656.367   87.4  1.902e+01 
 135575  0.667   1  2016  269   4.75  57656.394   87.4  1.906e+01 
 135604  0.445   1  2016  269  19.25  57656.998   87.8  1.810e+01 
 135605  0.445   1  2016  269  19.52  57657.009   87.8  1.988e+01 
 135606  0.779   2  2016  269  20.14  57657.035   87.8  1.867e+01 
 135608  1.500   2  2016  269  21.23  57657.080   87.8  2.020e+01 
 135609  0.750   1  2016  269  21.83  57657.105   87.8  1.975e+01 
 135610  0.750   1  2016  269  22.23  57657.122   87.9  1.795e+01 
 135611  0.750   1  2016  269  22.79  57657.145   87.9  1.816e+01 
 135612  0.750   1  2016  269  23.19  57657.162   87.9  1.859e+01 
 135613  1.500   2  2016  269  23.80  57657.187   87.9  1.716e+01 
 135615  1.333   2  2016  270   0.82  57657.230   87.9  1.571e+01 
 135616  0.667   1  2016  270   1.36  57657.252   87.9  1.458e+01 
 135617  0.750   1  2016  270   1.95  57657.277   88.0  1.466e+01 
 135618  0.750   1  2016  270   2.35  57657.294   88.0  1.482e+01 
 135619  0.750   1  2016  270   2.76  57657.310   88.0  1.602e+01 
 135620  0.750   1  2016  270   3.16  57657.327   88.0  1.612e+01 
 135623  0.400   1  2016  270   4.79  57657.395   88.0  1.929e+01 
 135701  0.697   1  2016  271  19.55  57659.010   88.9  1.913e+01 
 135702  0.803   2  2016  271  20.14  57659.035   88.9  1.914e+01 
 135703  0.619   6  2016  271  20.80  57659.062   88.9  1.872e+01 
 135704  0.633   6  2016  271  21.26  57659.081   89.0  1.861e+01 
 135705  0.528   5  2016  271  21.80  57659.104   89.0  1.663e+01 
 135706  0.633   6  2016  271  22.25  57659.122   89.0  1.558e+01 
 135708  1.394   2  2016  271  23.24  57659.164   89.0  1.509e+01 
 135709  0.697   1  2016  271  23.83  57659.189   89.0  1.318e+01 
 135710  0.697   1  2016  272   0.31  57659.208   89.0  1.383e+01 
 135711  0.717   3  2016  272   0.79  57659.228   89.0  1.461e+01 
 135712  0.956   4  2016  272   1.27  57659.248   89.0  1.427e+01 
 135713  0.478   2  2016  272   1.82  57659.271   89.0  1.435e+01 
 135714  0.956   4  2016  272   2.23  57659.288   89.0  1.678e+01 
 135715  0.717   3  2016  272   2.76  57659.311   89.1  1.978e+01 
 135716  0.956   4  2016  272   3.27  57659.332   89.1  1.874e+01 
 135717  0.717   3  2016  272   3.80  57659.354   89.1  1.916e+01 
 135718  0.478   2  2016  272   4.16  57659.369   89.1  1.833e+01 
 135719  0.697   1  2016  272   4.68  57659.390   89.1  2.410e+01 
 135751  0.872   3  2016  272  20.71  57660.059   89.4  2.749e+01 
 135752  0.581   2  2016  272  21.15  57660.077   89.4  2.436e+01 
 135753  0.581   2  2016  272  21.82  57660.105   89.4  2.535e+01 
 135754  0.872   3  2016  272  22.25  57660.123   89.4  2.292e+01 
 135758  0.846   1  2016  273   0.20  57660.204   89.5  2.272e+01 
 135759  0.846   1  2016  273   0.65  57660.223   89.5  2.513e+01 
 135760  0.846   1  2016  273   1.11  57660.242   89.5  2.486e+01 
 135761  0.623   1  2016  273   1.93  57660.276   89.5  2.630e+01 
 135800  0.872   3  2016  273  21.31  57661.084   89.8  1.753e+01 
 135801  0.581   2  2016  273  21.75  57661.102   89.8  1.897e+01 
 135806  0.517   1  2016  274   0.31  57661.208   89.9  2.817e+01 
 135807  1.033   2  2016  274   0.72  57661.226   89.9  1.854e+01 
 135808  0.517   1  2016  274   1.14  57661.243   89.9  1.999e+01 
 135811  0.922   1  2016  274   2.86  57661.315   89.9  2.998e+01 
 135812  0.922   1  2016  274   3.37  57661.336   89.9  3.037e+01 
 135859  1.000   3  2016  275   2.76  57662.310   90.3  2.977e+01 
 135860  0.333   1  2016  275   3.15  57662.327   90.3  2.421e+01 
 135956  1.246   2  2016  277   3.25  57664.331   90.5  2.251e+01 
 135988  0.667   1  2016  277  19.36  57665.002   90.4  3.016e+01 
 135989  0.667   1  2016  277  19.71  57665.017   90.4  2.965e+01 
 135992  0.368   1  2016  277  21.47  57665.090   90.4  2.550e+01 
 135993  0.736   2  2016  277  21.79  57665.104   90.4  2.579e+01 
 135994  0.368   1  2016  277  22.11  57665.117   90.4  2.512e+01 
 135996  0.667   1  2016  277  23.41  57665.171   90.3  1.803e+01 
 135997  0.667   1  2016  277  23.75  57665.185   90.3  1.864e+01 
 136002  0.922   1  2016  278   2.30  57665.291   90.3  1.538e+01 
 136003  0.922   1  2016  278   2.81  57665.313   90.3  1.434e+01 
 136036  0.667   1  2016  278  19.40  57666.004   90.0  1.740e+01 
 136039  0.368   1  2016  278  20.79  57666.062   90.0  1.715e+01 
 136040  1.104   3  2016  278  21.22  57666.080   90.0  1.453e+01 
 136042  0.343   3  2016  278  22.14  57666.118   90.0  1.423e+01 
 136043  0.667   1  2016  278  22.79  57666.145   90.0  1.375e+01 
 136044  0.667   1  2016  278  23.14  57666.160   90.0  1.398e+01 
 136046  0.711   4  2016  279   0.26  57666.207   90.0  1.475e+01 
 136047  0.533   3  2016  279   0.64  57666.222   90.0  1.613e+01 
 136051  0.922   1  2016  279   2.57  57666.303   89.9  1.312e+01 
 136052  0.922   1  2016  279   3.08  57666.324   89.9  1.268e+01 
 136053  0.922   1  2016  279   3.86  57666.356   89.9  1.207e+01 
 136054  0.922   1  2016  279   4.37  57666.378   89.9  1.599e+01 
 136091  0.368   1  2016  279  23.00  57667.154   89.6  1.312e+01 
 136092  0.402   2  2016  279  23.27  57667.165   89.6  1.233e+01 
 136093  0.343   3  2016  279  23.66  57667.182   89.6  1.238e+01 
 136100  0.922   1  2016  280   3.02  57667.322   89.6  1.414e+01 
 136101  0.922   1  2016  280   3.53  57667.343   89.6  1.653e+01 
 136135  0.667   1  2016  280  20.90  57668.066   89.3  2.414e+01 
 136136  0.667   1  2016  280  21.25  57668.081   89.3  2.407e+01 
 136137  0.667   1  2016  280  21.90  57668.108   89.3  1.740e+01 
 136138  0.667   1  2016  280  22.25  57668.123   89.3  1.718e+01 
 136139  0.380   1  2016  280  22.64  57668.139   89.3  1.785e+01 
 136140  0.380   1  2016  280  23.30  57668.166   89.2  1.738e+01 
 136142  0.518   2  2016  281   0.35  57668.210   89.2  1.696e+01 
 136143  0.518   2  2016  281   0.74  57668.226   89.2  1.579e+01 
 136144  0.518   2  2016  281   1.13  57668.243   89.2  1.652e+01 
 136148  0.922   1  2016  281   3.23  57668.330   89.2  1.781e+01 
 136149  0.922   1  2016  281   3.74  57668.351   89.2  1.737e+01 
 136181  1.333   2  2016  281  19.71  57669.017   88.9  1.605e+01 
 136182  0.667   1  2016  281  20.46  57669.048   88.9  1.638e+01 
 136183  0.667   1  2016  281  20.81  57669.063   88.9  1.556e+01 
 136185  1.333   2  2016  281  21.75  57669.102   88.9  1.656e+01 
 136187  1.333   2  2016  281  22.74  57669.143   88.8  1.674e+01 
 136190  0.518   2  2016  282   0.24  57669.206   88.8  1.485e+01 
 136191  0.777   3  2016  282   0.76  57669.227   88.8  1.506e+01 
 136194  1.177   2  2016  282   2.30  57669.291   88.8  1.695e+01 
 136478  0.711   4  2016  288   0.25  57675.206   86.9  1.361e+01 
 136479  0.711   4  2016  288   0.71  57675.225   86.9  1.370e+01 
 136480  0.889   5  2016  288   1.28  57675.249   86.9  1.660e+01 
 136481  0.533   3  2016  288   1.77  57675.269   86.9  1.865e+01 
 136482  0.711   4  2016  288   2.24  57675.289   86.9  2.169e+01 
 136483  0.533   3  2016  288   2.62  57675.305   86.9  2.562e+01 
 136485  0.333   1  2016  288   3.84  57675.356   86.9  3.262e+01 
 136486  0.333   1  2016  288   4.04  57675.364   86.9  3.761e+01 
 136661  1.206   2  2016  291  19.81  57679.021   86.0  2.014e+01 
 136662  0.603   1  2016  291  20.36  57679.044   86.0  2.351e+01 
 136663  0.603   1  2016  291  20.70  57679.058   86.0  2.654e+01 
 136760  0.368   1  2016  293  21.39  57681.087   84.3  2.838e+01 
 136761  0.736   2  2016  293  21.71  57681.100   84.3  2.710e+01 
 136762  0.368   1  2016  293  22.03  57681.114   84.3  2.702e+01 
 136763  0.963   2  2016  293  22.77  57681.144   84.3  2.315e+01 
 136769  0.963   2  2016  294   1.68  57681.266   84.2  1.398e+01 
 136771  0.733   2  2016  294   2.72  57681.309   84.1  1.515e+01 
 136806  1.333   2  2016  294  20.25  57682.039   83.4  2.064e+01 
 136810  0.380   1  2016  294  22.23  57682.122   83.3  2.517e+01 
 136811  0.380   1  2016  294  22.89  57682.149   83.2  2.863e+01 
 136817  1.333   2  2016  295   1.68  57682.266   83.1  2.913e+01 
 136818  0.356   2  2016  295   2.42  57682.296   83.1  2.627e+01 
 136819  0.711   4  2016  295   2.75  57682.310   83.1  2.574e+01 
 136820  0.356   2  2016  295   3.08  57682.324   83.1  2.676e+01 
 136821  0.334   1  2016  295   3.63  57682.347   83.0  3.245e+01 
 136948  0.741   2  2016  297  19.20  57684.996   80.2  1.896e+01 
 136949  0.667   1  2016  297  19.87  57685.024   80.2  1.859e+01 
 136950  0.667   1  2016  297  20.24  57685.039   80.2  2.147e+01 
 136951  0.667   2  2016  297  20.75  57685.060   80.1  1.990e+01 
 136952  0.500   1  2016  297  21.30  57685.083   80.1  1.906e+01 
 136953  0.500   1  2016  297  21.58  57685.095   80.1  1.914e+01 
 136954  1.000   1  2016  297  22.14  57685.118   80.1  1.914e+01 
 136955  1.000   1  2016  297  22.67  57685.140   80.1  1.793e+01 
 136956  1.167   1  2016  297  23.43  57685.172   80.0  1.864e+01 
 136958  1.167   1  2016  298   0.04  57685.197   80.0  1.976e+01 
 136959  1.167   1  2016  298   0.65  57685.223   80.0  1.885e+01 
 136960  0.583   1  2016  298   1.49  57685.258   79.9  1.710e+01 
 136961  0.583   1  2016  298   1.81  57685.271   79.9  1.898e+01 
 136962  1.167   2  2016  298   2.30  57685.291   79.9  1.917e+01 
 136963  0.583   1  2016  298   2.78  57685.311   79.9  2.176e+01 
 136964  0.583   1  2016  298   3.10  57685.325   79.9  2.115e+01 
 136965  1.000   1  2016  298   3.65  57685.348   79.9  1.868e+01 
 136996  0.741   2  2016  298  19.24  57685.997   79.2  3.143e+01 
 136997  0.500   1  2016  298  19.89  57686.024   79.2  2.808e+01 
 136998  0.667   1  2016  298  20.32  57686.042   79.2  2.812e+01 
 136999  0.667   1  2016  298  20.69  57686.057   79.2  2.642e+01 
 137000  0.833   1  2016  298  21.25  57686.081   79.2  2.150e+01 
 137001  0.833   1  2016  298  21.70  57686.100   79.1  2.587e+01 
 137002  0.833   1  2016  298  22.14  57686.118   79.1  2.254e+01 
 137003  1.000   1  2016  298  22.88  57686.149   79.1  2.179e+01 
 137004  1.000   1  2016  298  23.41  57686.171   79.1  2.218e+01 
 137006  1.000   1  2016  299   0.27  57686.207   79.1  2.495e+01 
 137007  1.000   1  2016  299   0.80  57686.229   79.0  2.461e+01 
 137009  1.167   1  2016  299   1.53  57686.259   79.0  2.446e+01 
 137010  1.167   1  2016  299   2.14  57686.285   79.0  2.225e+01 
 137011  1.167   1  2016  299   2.75  57686.310   79.0  2.164e+01 
 137012  0.667   1  2016  299   3.37  57686.336   78.9  2.304e+01 
 137013  0.667   1  2016  299   3.73  57686.351   78.9  2.237e+01 
 137048  0.343   3  2016  299  21.15  57687.077   78.3  2.317e+01 
 137050  0.380   1  2016  299  22.09  57687.116   78.3  2.024e+01 
 137051  0.380   1  2016  299  22.76  57687.144   78.2  2.177e+01 
 137054  0.380   1  2016  300   0.24  57687.206   78.2  2.474e+01 
 137055  0.380   1  2016  300   0.90  57687.233   78.2  2.916e+01 
 137056  0.380   1  2016  300   1.23  57687.247   78.2  3.035e+01 
 137057  0.380   1  2016  300   1.90  57687.275   78.1  2.677e+01 
 137095  0.380   1  2016  300  20.71  57688.059   77.6  1.534e+01 
 137096  0.380   1  2016  300  21.38  57688.086   77.5  1.661e+01 
 137097  0.380   1  2016  300  21.84  57688.106   77.5  1.670e+01 
 137099  0.760   2  2016  300  22.66  57688.140   77.5  2.098e+01 
 137100  0.380   1  2016  300  23.47  57688.174   77.5  2.028e+01 
 137101  0.380   1  2016  300  23.95  57688.194   77.5  1.945e+01 
 137103  0.760   2  2016  301   0.76  57688.227   77.5  2.251e+01 
 137105  0.380   1  2016  301   1.57  57688.261   77.4  2.202e+01 
 137141  0.667   1  2016  301  19.68  57689.016   77.0  1.303e+01 
 137142  0.667   1  2016  301  20.03  57689.030   77.0  1.398e+01 
 137143  1.104   3  2016  301  20.76  57689.061   77.0  1.397e+01 
 137144  0.368   1  2016  301  21.19  57689.079   77.0  1.276e+01 
 137145  0.736   2  2016  301  21.74  57689.102   76.9  1.665e+01 
 137146  0.736   2  2016  301  22.17  57689.119   76.9  1.550e+01 
 137147  0.667   1  2016  301  22.70  57689.141   76.9  1.514e+01 
 137148  0.667   1  2016  301  23.05  57689.156   76.9  1.309e+01 
 137149  1.333   2  2016  301  23.79  57689.187   76.9  1.544e+01 
 137151  1.050   2  2016  302   0.70  57689.225   76.9  1.520e+01 
 137152  1.050   2  2016  302   1.26  57689.248   76.9  1.549e+01 
 137157  0.559   1  2016  302   3.69  57689.350   76.8  1.775e+01 
 137189  0.667   1  2016  302  19.75  57690.018   76.5  1.056e+01 
 137190  0.667   1  2016  302  20.09  57690.033   76.5  1.061e+01 
 137237  0.603   1  2016  303  19.77  57691.019   76.3  1.222e+01 
 137238  1.206   2  2016  303  20.30  57691.041   76.3  1.145e+01 
 137239  0.603   1  2016  303  20.83  57691.064   76.3  1.172e+01 
 137253  0.333   1  2016  304   3.81  57691.354   76.2  1.503e+01 
 137286  0.736   2  2016  304  20.19  57692.037   76.2  1.636e+01 
 137287  0.736   2  2016  304  20.62  57692.055   76.2  1.621e+01 
 137288  0.368   1  2016  304  21.30  57692.083   76.2  1.517e+01 
 137289  1.104   3  2016  304  21.73  57692.101   76.2  1.603e+01 
 137292  1.028   1  2016  304  23.18  57692.161   76.2  1.854e+01 
 137293  1.028   1  2016  304  23.72  57692.184   76.2  1.993e+01 
 137298  0.511   2  2016  305   2.31  57692.292   76.2  2.797e+01 
 137299  0.511   2  2016  305   2.65  57692.306   76.2  2.789e+01 
 137300  0.667   1  2016  305   3.42  57692.338   76.2  2.189e+01 
 137301  0.667   1  2016  305   3.77  57692.353   76.2  2.167e+01 
 137334  0.667   1  2016  305  20.33  57693.043   76.2  1.351e+01 
 137335  0.667   1  2016  305  20.68  57693.057   76.2  1.372e+01 
 137337  1.028   1  2016  305  21.99  57693.112   76.2  1.261e+01 
 137339  1.028   1  2016  305  22.54  57693.135   76.2  1.267e+01 
 137346  1.028   1  2016  306   2.44  57693.297   76.2  2.055e+01 
 137347  1.028   1  2016  306   2.98  57693.320   76.2  1.948e+01 
 137349  0.630   2  2016  306   3.70  57693.350   76.2  2.188e+01 
 137381  0.498   2  2016  306  19.70  57694.016   76.1  2.144e+01 
 137386  0.872   3  2016  306  22.30  57694.125   76.1  1.981e+01 
 137387  0.581   2  2016  306  22.74  57694.143   76.1  2.125e+01 
 137389  0.667   1  2016  306  23.67  57694.182   76.1  1.684e+01 
 137390  0.667   1  2016  307   0.02  57694.196   76.1  1.514e+01 
 137429  0.630   2  2016  307  19.73  57695.018   76.1  1.130e+01 
 137430  0.368   1  2016  307  20.37  57695.044   76.1  1.065e+01 
 137431  0.736   2  2016  307  20.69  57695.058   76.1  1.164e+01 
 137432  0.368   1  2016  307  21.01  57695.071   76.1  1.035e+01 
 137433  1.346   2  2016  307  21.80  57695.104   76.2  1.102e+01 
 137434  0.683   1  2016  307  22.35  57695.127   76.2  1.181e+01 
 137436  0.889   5  2016  307  23.26  57695.165   76.2  1.291e+01 
 137437  0.356   2  2016  307  23.64  57695.181   76.2  1.096e+01 
 137438  0.533   3  2016  308   0.30  57695.208   76.2  1.245e+01 
 137439  0.889   5  2016  308   0.74  57695.226   76.2  1.352e+01 
 137440  0.339   2  2016  308   1.41  57695.254   76.2  1.460e+01 
 137441  0.847   5  2016  308   1.74  57695.268   76.2  1.292e+01 
 137442  0.847   5  2016  308   2.22  57695.288   76.2  1.407e+01 
 137443  0.339   2  2016  308   2.55  57695.302   76.2  1.117e+01 
 137444  0.847   5  2016  308   3.24  57695.331   76.2  1.133e+01 
 137478  1.104   3  2016  308  20.28  57696.041   76.3  1.710e+01 
 137479  0.368   1  2016  308  20.71  57696.058   76.3  1.508e+01 
 137480  0.648   1  2016  308  21.37  57696.086   76.3  1.038e+01 
 137481  0.648   1  2016  308  21.71  57696.100   76.3  9.846e+00 
 137485  1.050   2  2016  308  23.73  57696.184   76.3  7.993e+00 
 137486  1.050   2  2016  309   0.29  57696.208   76.3  7.512e+00 
 137488  0.667   1  2016  309   1.35  57696.252   76.3  1.148e+01 
 137489  0.667   1  2016  309   1.70  57696.266   76.3  1.271e+01 
 137490  0.525   1  2016  309   2.32  57696.292   76.3  1.275e+01 
 137491  1.050   2  2016  309   2.75  57696.310   76.3  1.361e+01 
 137492  0.525   1  2016  309   3.17  57696.327   76.3  1.493e+01 
 137525  0.648   1  2016  309  19.87  57697.023   76.3  1.161e+01 
 137526  0.648   1  2016  309  20.21  57697.038   76.3  1.167e+01 
 137527  0.368   1  2016  309  20.79  57697.062   76.3  1.208e+01 
 137528  1.104   3  2016  309  21.22  57697.080   76.3  1.247e+01 
 137530  0.673   1  2016  309  22.45  57697.131   76.3  1.267e+01 
 137531  0.673   1  2016  309  22.82  57697.146   76.3  1.260e+01 
 137532  0.683   1  2016  309  23.18  57697.162   76.3  1.112e+01 
 137533  0.525   1  2016  309  23.83  57697.188   76.3  9.840e+00 
 137534  1.050   2  2016  310   0.25  57697.206   76.3  9.185e+00 
 137535  0.525   1  2016  310   0.67  57697.223   76.3  9.042e+00 
 137536  0.581   2  2016  310   1.36  57697.252   76.3  7.789e+00 
 137537  0.872   3  2016  310   1.80  57697.270   76.3  9.470e+00 
 137539  0.736   2  2016  310   2.77  57697.311   76.3  1.161e+01 
 137540  0.736   2  2016  310   3.20  57697.329   76.3  1.274e+01 
 137575  0.482   1  2016  310  20.95  57698.068   76.2  1.241e+01 
 137576  0.482   1  2016  310  21.21  57698.079   76.2  1.277e+01 
 137577  0.667   1  2016  310  21.83  57698.105   76.2  1.167e+01 
 137578  0.667   1  2016  310  22.18  57698.120   76.2  1.167e+01 
 137579  0.673   1  2016  310  22.78  57698.145   76.2  1.002e+01 
 137580  0.673   1  2016  310  23.14  57698.160   76.2  1.048e+01 
 137581  0.683   1  2016  310  23.51  57698.175   76.2  1.089e+01 
 137582  0.667   1  2016  311   0.25  57698.206   76.2  1.064e+01 
 137583  0.667   1  2016  311   0.59  57698.220   76.2  9.903e+00 
 137776  1.297   2  2016  315   1.27  57702.248   76.0  9.969e+00 
 137778  1.011   2  2016  315   2.25  57702.289   76.0  1.101e+01 
 137779  1.011   2  2016  315   2.81  57702.313   76.0  1.065e+01 
 137816  0.368   1  2016  315  21.37  57703.086   75.9  8.489e+00 
 137817  0.736   2  2016  315  21.69  57703.099   75.9  8.187e+00 
 137818  0.368   1  2016  315  22.02  57703.113   75.9  9.017e+00 
 138105  0.667   2  2016  321  21.82  57709.105   76.9  6.049e+00 
 138106  0.333   1  2016  321  22.11  57709.117   76.9  5.998e+00 
 138162  0.667   1  2016  323   2.44  57710.297   77.2  1.397e+01 
 138201  0.444   1  2016  323  21.93  57711.109   77.4  8.014e+00 
 138202  0.889   2  2016  323  22.31  57711.125   77.4  8.876e+00 
 138203  0.444   1  2016  323  22.68  57711.141   77.4  8.265e+00 
 138204  0.630   2  2016  323  23.20  57711.162   77.4  7.688e+00 
 138206  0.334   1  2016  324   0.11  57711.200   77.4  7.064e+00 
 138207  0.559   1  2016  324   0.64  57711.222   77.4  6.143e+00 
 138250  0.736   2  2016  324  22.27  57712.123   77.7  8.623e+00 
 138251  0.736   2  2016  324  22.70  57712.141   77.7  8.553e+00 
 138252  0.667   1  2016  324  23.48  57712.174   77.7  7.066e+00 
 138253  0.667   1  2016  324  23.83  57712.188   77.7  6.455e+00 
 138256  0.678   4  2016  325   1.26  57712.248   77.7  7.905e+00 
 138257  0.339   2  2016  325   1.55  57712.260   77.7  8.448e+00 
 138297  0.667   1  2016  325  21.90  57713.108   77.9  6.549e+00 
 138298  0.667   1  2016  325  22.26  57713.123   77.9  7.348e+00 
 138299  0.750   1  2016  325  22.86  57713.148   77.9  8.901e+00 
 138300  0.750   1  2016  325  23.26  57713.165   77.9  9.976e+00 
 138301  0.750   1  2016  325  23.66  57713.182   77.9  1.060e+01 
 138302  0.750   1  2016  326   0.07  57713.198   77.9  1.076e+01 
 138303  1.333   2  2016  326   0.80  57713.229   77.9  8.738e+00 
 138304  0.667   1  2016  326   1.34  57713.252   77.9  9.388e+00 
 138306  0.987   2  2016  326   2.10  57713.283   77.9  8.314e+00 
 138344  0.667   1  2016  326  21.19  57714.078   78.1  4.296e+00 
 138345  1.333   2  2016  326  21.73  57714.101   78.1  3.350e+00 
 138346  0.750   1  2016  326  22.48  57714.132   78.1  3.722e+00 
 138347  0.750   1  2016  326  22.88  57714.149   78.1  3.938e+00 
 138348  0.750   1  2016  326  23.28  57714.166   78.1  4.547e+00 
 138349  0.750   1  2016  326  23.68  57714.182   78.1  5.098e+00 
 138350  0.583   1  2016  327   0.43  57714.214   78.1  5.441e+00 
 138351  0.583   1  2016  327   0.75  57714.227   78.1  5.305e+00 
 138352  1.167   2  2016  327   1.23  57714.247   78.1  5.300e+00 
 138353  0.583   1  2016  327   1.72  57714.267   78.1  5.503e+00 
 138354  0.583   1  2016  327   2.03  57714.280   78.1  5.453e+00 
 138355  0.667   1  2016  327   2.77  57714.311   78.1  4.645e+00 
 138356  1.333   2  2016  327   3.31  57714.333   78.1  4.200e+00 
 138357  0.500   1  2016  327   3.90  57714.358   78.1  5.227e+00 
 138447  0.525   1  2016  329   0.88  57716.232   78.1  1.274e+01 
 138448  1.050   2  2016  329   1.30  57716.250   78.1  1.310e+01 
 138449  0.525   1  2016  329   1.72  57716.267   78.1  1.197e+01 
 138450  0.525   1  2016  329   2.12  57716.284   78.1  9.856e+00 
 138486  0.793   2  2016  329  20.24  57717.039   78.0  5.587e+00 
 138489  0.889   2  2016  329  21.69  57717.099   78.0  7.680e+00 
 138490  0.889   2  2016  329  22.20  57717.120   78.0  9.217e+00 
 138492  0.889   2  2016  329  23.13  57717.159   78.0  7.804e+00 
 138493  0.889   2  2016  329  23.65  57717.181   78.0  8.935e+00 
 138534  0.889   2  2016  330  20.24  57718.039   77.8  3.691e+00 
 138537  1.297   2  2016  330  21.69  57718.099   77.8  5.427e+00 
 138539  0.339   2  2016  330  22.93  57718.151   77.8  8.017e+00 
 138540  0.847   5  2016  330  23.26  57718.165   77.8  8.324e+00 
 138542  0.872   3  2016  331   0.31  57718.208   77.8  7.523e+00 
 138543  0.581   2  2016  331   0.74  57718.227   77.8  5.937e+00 
 138545  1.297   2  2016  331   1.76  57718.269   77.8  6.637e+00 
 138546  0.648   1  2016  331   2.28  57718.290   77.8  6.822e+00 
 138547  0.482   1  2016  331   2.84  57718.314   77.8  6.383e+00 
 138548  0.482   1  2016  331   3.10  57718.325   77.8  6.295e+00 
 138582  0.444   1  2016  331  20.33  57719.043   77.6  3.475e+00 
 138583  0.889   2  2016  331  20.72  57719.059   77.6  3.817e+00 
 138584  0.444   1  2016  331  21.50  57719.091   77.6  4.706e+00 
 138585  0.444   1  2016  331  21.76  57719.102   77.6  5.983e+00 
 138586  0.889   2  2016  331  22.14  57719.118   77.6  9.610e+00 
 138587  0.872   3  2016  331  22.81  57719.146   77.6  1.269e+01 
 138588  0.581   2  2016  331  23.25  57719.164   77.6  1.402e+01 
 138589  0.460   2  2016  331  23.66  57719.181   77.6  1.190e+01 
 138590  0.847   5  2016  332   0.20  57719.204   77.6  1.212e+01 
 138591  0.525   1  2016  332   0.95  57719.235   77.6  1.172e+01 
 138592  0.525   1  2016  332   1.23  57719.247   77.6  1.099e+01 
 138593  1.050   2  2016  332   1.65  57719.264   77.6  9.476e+00 
 138594  0.380   1  2016  332   2.33  57719.293   77.6  8.970e+00 
 138595  0.380   1  2016  332   3.00  57719.320   77.6  7.958e+00 
 138630  0.889   2  2016  332  20.20  57720.037   77.4  5.764e+00 
 138631  0.889   2  2016  332  20.72  57720.059   77.4  5.196e+00 
 138633  0.889   2  2016  332  21.67  57720.099   77.4  5.536e+00 
 138634  0.889   2  2016  332  22.19  57720.120   77.4  5.126e+00 
 138636  0.889   2  2016  332  23.24  57720.164   77.4  7.995e+00 
 138638  0.872   3  2016  333   0.31  57720.208   77.3  7.817e+00 
 138639  0.581   2  2016  333   0.74  57720.227   77.3  6.839e+00 
 138641  0.667   1  2016  333   1.74  57720.268   77.3  7.641e+00 
 138642  0.667   1  2016  333   2.09  57720.283   77.3  9.400e+00 
 138643  0.380   1  2016  333   2.68  57720.307   77.3  8.876e+00 
 138644  0.380   1  2016  333   3.35  57720.335   77.3  7.680e+00 
 138679  0.581   2  2016  333  20.73  57721.059   77.1  7.377e+00 
 138730  0.963   2  2016  334  22.28  57722.124   76.9  7.669e+00 
 138731  0.339   2  2016  334  22.90  57722.150   76.8  1.426e+01 
 138732  0.678   4  2016  334  23.18  57722.162   76.8  1.274e+01 
 138740  0.444   1  2016  335   3.14  57722.327   76.8  9.591e+00 
 138826  0.333   1  2016  336  22.08  57724.115   76.3  5.028e+00 
 138834  0.380   1  2016  337   2.36  57724.294   76.2  7.535e+00 
 138882  0.506   1  2016  338   2.38  57725.295   76.1  1.336e+01 
 138883  1.011   2  2016  338   2.81  57725.313   76.1  1.406e+01 
 139741  0.846   1  2016  355  23.75  57743.185   70.8  5.832e+00 
 139742  0.846   1  2016  356   0.20  57743.204   70.8  5.972e+00 
 139743  0.846   1  2016  356   0.65  57743.223   70.8  5.743e+00 
 139745  0.333   1  2016  356   1.95  57743.277   70.8  4.256e+00 
 139746  0.667   2  2016  356   2.24  57743.289   70.8  3.693e+00 
 139747  0.333   1  2016  356   2.53  57743.301   70.8  3.295e+00 
 139748  0.559   1  2016  356   3.36  57743.335   70.8  2.915e+00 
 139781  0.333   1  2016  356  19.80  57744.020   70.7  5.991e+00 
 139782  0.333   1  2016  356  20.02  57744.030   70.7  4.235e+00 
 139783  0.833   1  2016  356  20.75  57744.060   70.7  3.213e+00 
 139784  0.833   1  2016  356  21.20  57744.079   70.7  3.119e+00 
 139786  1.167   1  2016  356  22.07  57744.115   70.7  3.190e+00 
 139787  1.167   1  2016  356  22.69  57744.141   70.7  3.360e+00 
 139788  0.448   1  2016  356  23.12  57744.159   70.7  3.207e+00 
 139796  0.680   2  2016  357   3.38  57744.336   70.7  2.713e+00 
 139829  0.333   1  2016  357  19.90  57745.025   70.6  7.628e+00 
 139831  1.333   2  2016  357  20.69  57745.058   70.6  4.703e+00 
 139832  0.667   1  2016  357  21.39  57745.087   70.6  5.658e+00 
 139833  0.667   1  2016  357  21.75  57745.102   70.6  5.499e+00 
 139834  0.900   1  2016  357  22.29  57745.124   70.6  5.477e+00 
 139835  0.900   1  2016  357  22.77  57745.144   70.6  5.792e+00 
 139836  0.900   1  2016  357  23.25  57745.164   70.6  5.356e+00 
 139837  1.065   1  2016  357  23.94  57745.193   70.6  5.508e+00 
 139880  0.667   1  2016  358  21.07  57746.073   70.6  3.722e+00 
 139881  1.028   1  2016  358  21.81  57746.104   70.6  3.113e+00 
 139882  1.028   1  2016  358  22.35  57746.127   70.6  2.995e+00 
 139891  1.700   1  2016  359   2.92  57746.317   70.6  2.776e+00 
 139927  1.028   1  2016  359  20.59  57747.053   70.6  4.916e+00 
 139928  1.028   1  2016  359  21.20  57747.079   70.6  4.452e+00 
 139932  1.028   1  2016  359  23.02  57747.155   70.6  4.536e+00 
 139933  1.028   1  2016  359  23.56  57747.177   70.6  5.386e+00 
 139934  0.508   3  2016  360   0.32  57747.209   70.6  5.535e+00 
 139935  0.449   3  2016  360   0.59  57747.220   70.6  5.477e+00 
 140078  0.667   1  2016  363   0.28  57750.207   70.6  4.850e+00 
 140079  0.667   1  2016  363   0.62  57750.221   70.6  5.025e+00 
 140080  0.380   1  2016  363   1.21  57750.246   70.6  3.834e+00 
 140081  0.380   1  2016  363   1.87  57750.274   70.6  5.022e+00 
 140082  0.380   1  2016  363   2.15  57750.285   70.6  4.295e+00 
 140083  0.380   1  2016  363   2.81  57750.313   70.6  4.691e+00 
 140123  0.667   1  2016  363  22.84  57751.147   70.7  4.471e+00 
 140124  0.667   1  2016  363  23.19  57751.162   70.7  4.523e+00 
 140126  0.967   3  2016  364   0.25  57751.206   70.7  4.238e+00 
 140128  0.683   6  2016  364   1.31  57751.250   70.7  3.823e+00 
 140129  0.683   6  2016  364   1.75  57751.268   70.7  3.483e+00 
 140130  0.340   1  2016  364   2.33  57751.293   70.7  3.093e+00 
 140131  0.340   1  2016  364   2.53  57751.301   70.7  3.442e+00 
 140170  0.846   1  2016  364  22.14  57752.118   70.7  3.798e+00 
 140171  0.846   1  2016  364  22.59  57752.137   70.7  3.128e+00 
 140172  0.846   1  2016  364  23.04  57752.155   70.7  3.895e+00 
 140173  0.648   1  2016  364  23.78  57752.186   70.8  4.584e+00 
 140174  1.297   2  2016  365   0.29  57752.208   70.8  5.090e+00 
 140176  0.644   2  2016  365   1.25  57752.247   70.8  5.449e+00 
 140178  0.603   1  2016  365   2.35  57752.293   70.8  6.038e+00 
 140179  0.603   1  2016  365   2.69  57752.308   70.8  6.104e+00 
 140180  1.206   2  2016  365   3.24  57752.330   70.8  5.158e+00 
 140218  0.525   1  2016  365  22.45  57753.131   70.8  6.910e+00 
 140219  0.525   1  2016  365  22.73  57753.143   70.8  7.258e+00 
 140220  1.050   2  2016  365  23.17  57753.161   70.8  6.674e+00 
 140263  1.333   2  2016  366  20.69  57754.057   70.9  5.855e+00 
 140265  0.581   2  2016  366  21.74  57754.101   71.0  6.065e+00 
 140266  0.872   3  2016  366  22.18  57754.120   71.0  6.545e+00 
 140267  0.525   1  2016  366  22.90  57754.150   71.0  6.929e+00 
 140268  1.050   2  2016  366  23.32  57754.167   71.0  6.018e+00 
 140270  0.847   5  2017    1   0.24  57754.206   71.0  6.665e+00 
 140271  0.339   2  2017    1   0.57  57754.220   71.0  6.915e+00 
 140272  0.680   2  2017    1   1.15  57754.244   71.0  7.587e+00 
 140318  0.889   2  2017    2   0.30  57755.208   71.1  3.756e+00 
 140319  0.889   2  2017    2   0.80  57755.229   71.1  3.779e+00 
 140321  1.017   6  2017    2   1.74  57755.268   71.1  4.034e+00 
 140322  0.339   2  2017    2   2.12  57755.284   71.1  4.427e+00 
 140324  0.425   3  2017    2   3.31  57755.333   71.1  4.072e+00 
 140417  1.017   6  2017    4   1.75  57757.269   71.4  3.167e+00 
 140419  1.333   2  2017    4   2.79  57757.312   71.4  3.045e+00 
 140612  1.700   1  2017    8   3.25  57761.331   72.4  5.136e+00 
 140653  0.489   2  2017    8  23.84  57762.189   72.9  4.127e+00 
 140654  0.978   4  2017    9   0.27  57762.207   72.9  3.849e+00 
 140703  0.967   6  2017   10   0.74  57763.227   73.3  4.719e+00 
 140705  0.483   3  2017   10   1.68  57763.266   73.3  3.615e+00 
 140706  0.806   5  2017   10   2.28  57763.291   73.3  3.328e+00 
 140707  0.806   5  2017   10   2.74  57763.310   73.3  3.371e+00 
 140708  0.644   4  2017   10   3.27  57763.332   73.3  4.002e+00 
 140887  0.667   1  2017   13  20.77  57767.061   74.7  1.646e+00 
 141180  0.458   4  2017   19  23.28  57773.165   75.7  2.319e+00 
 141184  1.700   1  2017   20   1.16  57773.244   75.7  1.752e+00 
 141186  1.700   1  2017   20   2.27  57773.290   75.7  2.606e+00 
 141188  0.761   2  2017   20   3.20  57773.329   75.7  2.870e+00 
 141189  0.761   2  2017   20   3.64  57773.347   75.7  2.911e+00 
 141229  0.343   3  2017   20  23.86  57774.190   75.8  5.835e+00 
 141231  1.020   3  2017   21   0.72  57774.225   75.8  6.887e+00 
 141237  0.458   4  2017   21   3.67  57774.349   75.8  3.369e+00 
 141271  0.846   1  2017   21  20.69  57775.058   75.9  3.373e+00 
 141272  0.846   1  2017   21  21.14  57775.076   75.9  3.544e+00 
 141273  0.846   1  2017   21  21.59  57775.095   75.9  3.416e+00 
 141274  0.733   2  2017   21  22.33  57775.126   75.9  2.433e+00 
 141275  0.733   2  2017   21  22.75  57775.144   75.9  2.093e+00 
 141277  0.967   3  2017   21  23.76  57775.186   75.9  2.609e+00 
 141279  0.967   3  2017   22   0.78  57775.228   75.9  2.340e+00 
 141280  0.644   2  2017   22   1.25  57775.248   75.9  3.143e+00 
 141281  0.967   3  2017   22   1.72  57775.267   75.9  2.865e+00 
 141282  0.340   1  2017   22   2.35  57775.294   75.9  2.418e+00 
 141283  0.680   2  2017   22   2.65  57775.306   75.9  2.528e+00 
 141284  0.520   2  2017   22   3.28  57775.332   75.9  3.911e+00 
 141285  0.520   2  2017   22   3.60  57775.346   75.9  4.417e+00 
 141319  1.028   1  2017   22  20.52  57776.051   76.0  3.052e+00 
 141320  1.028   1  2017   22  21.06  57776.073   76.0  3.832e+00 
 141322  0.678   4  2017   22  22.35  57776.127   76.0  4.365e+00 
 141323  0.847   5  2017   22  22.78  57776.145   76.0  4.644e+00 
 141324  0.339   2  2017   22  23.28  57776.165   76.0  5.955e+00 
 141325  0.847   5  2017   22  23.77  57776.186   76.0  6.407e+00 
 141326  0.339   2  2017   23   0.11  57776.200   76.0  6.099e+00 
 141329  0.644   2  2017   23   1.85  57776.273   76.0  9.986e+00 
 141331  0.680   2  2017   23   2.73  57776.309   76.0  1.175e+01 
 141332  0.340   1  2017   23   3.03  57776.322   76.0  1.260e+01 
 141470  1.700   1  2017   26   0.34  57779.210   76.0  3.054e+00 
 141472  0.680   2  2017   26   1.30  57779.250   76.0  4.009e+00 
 141473  0.340   1  2017   26   1.60  57779.262   76.0  4.165e+00 
 141474  1.700   1  2017   26   2.48  57779.299   76.0  5.513e+00 
 141515  1.118   2  2017   26  22.77  57780.144   75.9  5.509e+00 
 141516  0.559   1  2017   26  23.26  57780.165   75.9  6.859e+00 
 141517  0.559   1  2017   26  23.59  57780.179   75.9  8.405e+00 
 141519  1.011   2  2017   27   0.65  57780.223   75.9  1.174e+01 
 141520  1.011   2  2017   27   1.26  57780.248   75.9  1.110e+01 
 141523  1.700   1  2017   27   2.56  57780.302   75.9  9.783e+00 
 141562  0.847   5  2017   27  22.21  57781.121   75.9  6.812e+00 
 141566  1.297   2  2017   28   0.26  57781.206   75.9  8.514e+00 
 141569  1.700   1  2017   28   1.57  57781.261   75.9  7.248e+00 
 141571  1.700   1  2017   28   2.71  57781.309   75.9  4.127e+00 
 141607  0.846   1  2017   28  20.58  57782.053   75.8  2.826e+00 
 141608  1.691   2  2017   28  21.26  57782.081   75.8  3.761e+00 
 141610  0.678   4  2017   28  22.33  57782.126   75.8  6.792e+00 
 141611  0.678   4  2017   28  22.71  57782.142   75.8  7.579e+00 
 141614  1.700   1  2017   29   0.34  57782.210   75.8  1.053e+01 
 141616  0.967   3  2017   29   1.32  57782.250   75.8  1.078e+01 
 141618  0.967   3  2017   29   2.25  57782.289   75.8  1.017e+01 
 141619  0.829   2  2017   29   2.84  57782.314   75.8  8.600e+00 
 141620  0.507   1  2017   29   3.27  57782.332   75.8  8.597e+00 
 141621  0.507   1  2017   29   3.55  57782.343   75.8  7.959e+00 
 141662  0.644   2  2017   30   0.25  57783.206   75.7  6.684e+00 
 141663  0.644   2  2017   30   0.60  57783.221   75.7  7.106e+00 
 141664  0.644   2  2017   30   1.29  57783.249   75.7  7.568e+00 
 141665  0.967   3  2017   30   1.75  57783.269   75.7  6.391e+00 
 141666  0.644   2  2017   30   2.25  57783.290   75.7  5.200e+00 
 141668  0.967   3  2017   30   3.25  57783.331   75.7  4.522e+00 
 141713  0.967   3  2017   31   1.70  57784.266   75.7  1.478e+01 
 141715  0.967   3  2017   31   2.80  57784.312   75.7  1.381e+01 
 141716  0.644   2  2017   31   3.31  57784.334   75.7  1.234e+01 
 141717  0.644   2  2017   31   3.74  57784.352   75.7  1.237e+01 
 141756  0.967   3  2017   31  23.23  57785.163   75.6  3.504e+00 
 141758  0.967   3  2017   32   0.18  57785.203   75.6  3.732e+00 
 141759  0.833   3  2017   32   0.74  57785.226   75.6  4.425e+00 
 141760  0.511   2  2017   32   1.20  57785.246   75.5  4.774e+00 
 141761  0.511   2  2017   32   1.77  57785.269   75.5  4.034e+00 
 141762  0.889   3  2017   32   2.27  57785.290   75.5  3.221e+00 
 141763  0.756   2  2017   32   2.82  57785.313   75.5  3.247e+00 
 141764  0.756   2  2017   32   3.26  57785.332   75.5  3.291e+00 
 141765  0.756   2  2017   32   3.70  57785.350   75.5  2.814e+00 
 141766  0.378   1  2017   32   4.03  57785.364   75.5  3.151e+00 
 141805  0.667   1  2017   32  23.80  57786.187   75.4  1.269e+01 
 141806  0.667   1  2017   33   0.14  57786.202   75.4  1.445e+01 
 141807  0.667   1  2017   33   0.77  57786.228   75.4  1.567e+01 
 141808  0.667   1  2017   33   1.12  57786.242   75.4  1.580e+01 
 141809  1.013   2  2017   33   1.66  57786.265   75.4  1.281e+01 
 141810  0.507   1  2017   33   2.08  57786.282   75.4  1.160e+01 
 141811  0.667   1  2017   33   2.67  57786.307   75.4  9.470e+00 
 141812  0.667   1  2017   33   3.02  57786.321   75.4  9.237e+00 
 141813  1.333   2  2017   33   3.82  57786.355   75.4  7.583e+00 
 141853  1.000   3  2017   33  23.75  57787.185   75.2  5.594e+00 
 141854  0.333   1  2017   34   0.14  57787.201   75.2  6.443e+00 
 141856  0.692   2  2017   34   1.19  57787.245   75.2  6.375e+00 
 141857  0.507   1  2017   34   1.97  57787.278   75.2  8.903e+00 
 141858  0.507   1  2017   34   2.25  57787.289   75.2  9.476e+00 
 141859  0.507   1  2017   34   2.53  57787.301   75.2  8.831e+00 
 141860  0.889   2  2017   34   3.26  57787.331   75.2  7.730e+00 
 141861  0.889   2  2017   34   3.76  57787.352   75.2  7.831e+00 
 141990  0.367   1  2017   36  20.23  57790.039   74.2  1.737e+00 
 141991  0.367   1  2017   36  20.67  57790.057   74.2  2.713e+00 
 141992  0.367   1  2017   36  21.10  57790.075   74.2  2.592e+00 
 141993  0.733   3  2017   36  21.80  57790.104   74.2  3.938e+00 
 141994  0.733   3  2017   36  22.23  57790.122   74.2  4.366e+00 
 141995  0.489   2  2017   36  22.83  57790.147   74.2  4.651e+00 
 141996  0.978   4  2017   36  23.25  57790.164   74.2  6.170e+00 
 141997  0.489   2  2017   36  23.92  57790.192   74.2  6.688e+00 
 141998  0.733   3  2017   37   0.27  57790.207   74.2  6.547e+00 
 141999  0.733   3  2017   37   0.77  57790.228   74.2  9.465e+00 
 142000  0.733   3  2017   37   1.23  57790.247   74.2  1.069e+01 
 142001  0.911   2  2017   37   1.83  57790.272   74.2  1.081e+01 
 142002  0.667   1  2017   37   2.29  57790.291   74.2  1.005e+01 
 142328  0.367   1  2017   43  21.03  57797.072   74.5  5.958e+00 
 142329  0.367   1  2017   43  21.67  57797.098   74.5  6.471e+00 
 142482  0.978   4  2017   47   2.24  57800.289   75.2  6.254e+00 
 142485  0.667   2  2017   47   3.79  57800.353   75.2  5.566e+00 
 142486  1.000   3  2017   47   4.26  57800.373   75.2  5.740e+00 
 142487  0.333   1  2017   47   4.63  57800.389   75.2  6.887e+00 
 142518  0.833   5  2017   47  20.26  57801.040   75.3  1.239e+01 
 142519  0.833   5  2017   47  20.73  57801.059   75.3  1.257e+01 
 142520  0.833   5  2017   47  21.23  57801.080   75.3  1.463e+01 
 142521  1.000   6  2017   47  21.76  57801.102   75.3  1.431e+01 
 142522  0.333   2  2017   47  22.22  57801.121   75.3  1.487e+01 
 142523  0.644   2  2017   47  22.85  57801.147   75.4  1.281e+01 
 142524  0.644   2  2017   47  23.19  57801.162   75.4  1.219e+01 
 142525  0.967   3  2017   47  23.72  57801.184   75.4  1.124e+01 
 142527  0.900   2  2017   48   0.82  57801.230   75.4  1.353e+01 
 142528  0.900   2  2017   48   1.34  57801.251   75.4  1.457e+01 
 142530  0.900   2  2017   48   2.21  57801.288   75.4  1.161e+01 
 142531  0.900   2  2017   48   2.73  57801.309   75.4  1.087e+01 
 142532  0.900   2  2017   48   3.24  57801.330   75.4  1.170e+01 
 142533  0.900   2  2017   48   3.75  57801.352   75.4  1.314e+01 
 142534  0.900   2  2017   48   4.26  57801.373   75.4  1.133e+01 
 142669  0.839   5  2017   50  23.77  57804.186   75.8  5.543e+00 
 142670  0.664   4  2017   51   0.28  57804.207   75.8  5.548e+00 
 142671  0.839   5  2017   51   0.78  57804.228   75.8  5.156e+00 
 142672  0.664   4  2017   51   1.27  57804.249   75.8  4.885e+00 
 142673  0.664   4  2017   51   1.71  57804.267   75.8  5.176e+00 
 142674  0.822   5  2017   51   2.22  57804.288   75.8  5.777e+00 
 142675  0.822   5  2017   51   2.76  57804.311   75.8  6.105e+00 
 142676  0.664   4  2017   51   3.25  57804.331   75.8  5.834e+00 
 142677  0.839   5  2017   51   3.74  57804.352   75.8  5.708e+00 
 142678  0.664   4  2017   51   4.26  57804.373   75.8  5.951e+00 
 142710  0.846   1  2017   51  20.23  57805.039   75.8  4.932e+00 
 142711  0.846   1  2017   51  20.68  57805.057   75.8  4.976e+00 
 142712  0.846   1  2017   51  21.13  57805.076   75.8  5.516e+00 
 142725  1.333   2  2017   52   3.74  57805.351   75.8  6.921e+00 
 142902  1.691   2  2017   55  20.24  57809.039   75.7  5.375e+00 
 142903  0.846   1  2017   55  20.92  57809.067   75.7  6.420e+00 
 142906  0.559   1  2017   55  22.35  57809.127   75.7  7.503e+00 
 142907  0.559   1  2017   55  22.68  57809.141   75.7  7.624e+00 
 142908  0.559   1  2017   55  23.01  57809.154   75.7  7.024e+00 
 142910  0.372   1  2017   56   0.43  57809.213   75.7  1.136e+01 
 142911  0.744   2  2017   56   0.75  57809.227   75.6  1.157e+01 
 142912  0.372   1  2017   56   1.07  57809.240   75.6  1.160e+01 
 142917  0.667   1  2017   56   3.66  57809.348   75.6  1.038e+01 
 142918  0.667   1  2017   56   4.01  57809.363   75.6  1.055e+01 
 143002  0.488   3  2017   57  22.36  57811.127   75.3  1.032e+01 
 143003  0.814   5  2017   57  22.73  57811.143   75.3  1.005e+01 
 143004  0.488   3  2017   57  23.36  57811.169   75.3  1.012e+01 
 143005  0.814   5  2017   57  23.73  57811.184   75.3  1.076e+01 
 143006  0.814   5  2017   58   0.28  57811.207   75.3  1.092e+01 
 143007  0.488   3  2017   58   0.65  57811.223   75.3  1.093e+01 
 143008  1.133   3  2017   58   1.24  57811.247   75.3  9.255e+00 
 143009  0.378   1  2017   58   1.68  57811.265   75.3  8.325e+00 
 143010  0.756   2  2017   58   2.27  57811.290   75.3  6.815e+00 
 143011  0.756   2  2017   58   2.71  57811.309   75.3  5.574e+00 
 143013  0.344   2  2017   58   3.68  57811.349   75.3  4.053e+00 
 143014  0.673   2  2017   58   4.28  57811.374   75.3  4.692e+00 
 143108  1.333   2  2017   60   3.27  57813.332   75.0  1.190e+01 
 143110  1.297   2  2017   60   4.19  57813.370   75.0  9.575e+00 
 143238  0.780   3  2017   62  20.23  57816.039   74.7  5.259e+00 
 143240  0.967   3  2017   62  21.30  57816.083   74.7  6.085e+00 
 143241  0.644   2  2017   62  21.83  57816.105   74.7  7.145e+00 
 143242  0.644   2  2017   62  22.18  57816.120   74.7  8.126e+00 
 143243  0.644   2  2017   62  22.81  57816.146   74.7  9.076e+00 
 143244  0.644   2  2017   62  23.16  57816.161   74.7  1.009e+01 
 143245  0.967   3  2017   62  23.69  57816.183   74.7  9.772e+00 
 143246  0.842   3  2017   63   0.27  57816.207   74.7  1.028e+01 
 143247  0.520   2  2017   63   0.73  57816.226   74.7  1.007e+01 
 143248  0.378   1  2017   63   1.34  57816.251   74.6  8.727e+00 
 143249  1.133   3  2017   63   1.78  57816.270   74.6  8.114e+00 
 143253  0.586   3  2017   63   3.83  57816.355   74.6  8.564e+00 
 143254  0.761   2  2017   63   4.28  57816.374   74.6  8.182e+00 
 143255  0.381   1  2017   63   4.61  57816.388   74.6  9.542e+00 
 143291  0.967   3  2017   63  22.67  57817.140   74.5  1.026e+01 
 143292  0.967   3  2017   63  23.30  57817.166   74.5  1.079e+01 
 143294  0.617   2  2017   64   0.29  57817.208   74.4  1.309e+01 
 143295  0.925   3  2017   64   0.73  57817.226   74.4  1.406e+01 
 143296  0.925   3  2017   64   1.32  57817.251   74.4  1.360e+01 
 143297  0.617   2  2017   64   1.77  57817.269   74.4  1.418e+01 
 143298  0.925   3  2017   64   2.27  57817.290   74.4  1.425e+01 
 143299  0.617   2  2017   64   2.72  57817.309   74.4  1.378e+01 
 143302  0.483   3  2017   64   4.36  57817.377   74.4  1.143e+01 
 143337  0.644   2  2017   64  21.78  57818.103   74.2  6.731e+00 
 143338  0.967   3  2017   64  22.24  57818.122   74.2  6.890e+00 
 143339  0.644   2  2017   64  22.75  57818.143   74.2  7.672e+00 
 143340  0.644   2  2017   64  23.23  57818.163   74.2  8.460e+00 
 143341  0.967   3  2017   64  23.79  57818.187   74.2  1.028e+01 
 143342  0.644   2  2017   65   0.38  57818.212   74.2  1.036e+01 
 143343  0.644   2  2017   65   0.73  57818.226   74.2  9.442e+00 
 143346  0.378   1  2017   65   2.42  57818.296   74.1  1.001e+01 
 143347  0.756   2  2017   65   2.75  57818.310   74.1  1.037e+01 
 143348  0.378   1  2017   65   3.08  57818.324   74.1  8.392e+00 
 143349  0.963   2  2017   65   3.75  57818.352   74.1  8.950e+00 
 143350  0.482   1  2017   65   4.42  57818.380   74.1  1.024e+01 
 143351  0.482   1  2017   65   4.68  57818.391   74.1  1.135e+01 
 143381  0.367   1  2017   65  19.79  57819.020   73.9  4.968e+00 
 143382  0.367   1  2017   65  20.43  57819.047   73.9  5.955e+00 
 143390  0.889   2  2017   66   0.15  57819.202   73.9  9.588e+00 
 143391  0.889   2  2017   66   0.65  57819.223   73.9  1.097e+01 
 143393  0.644   4  2017   66   1.77  57819.269   73.8  9.322e+00 
 143394  0.967   6  2017   66   2.23  57819.289   73.8  1.053e+01 
 143395  0.483   3  2017   66   2.71  57819.309   73.8  9.800e+00 
 143396  0.666   5  2017   66   3.20  57819.329   73.8  9.941e+00 
 143397  0.364   4  2017   66   3.59  57819.345   73.8  9.211e+00 
 143961  0.592   5  2017   77  21.78  57831.103   73.7  6.205e+00 
 143962  0.473   4  2017   77  22.32  57831.125   73.7  6.462e+00 
 143963  0.355   3  2017   77  22.75  57831.143   73.8  6.343e+00 
 143964  0.355   3  2017   77  23.19  57831.162   73.8  6.765e+00 
 143965  0.473   4  2017   77  23.72  57831.184   73.8  6.224e+00 
 144055  0.422   5  2017   79  20.68  57833.057   76.3  1.629e+01 
 144056  0.977   6  2017   79  21.24  57833.081   76.4  1.570e+01 
 144058  0.488   3  2017   79  22.38  57833.128   76.4  1.588e+01 
 144059  0.814   5  2017   79  22.75  57833.143   76.4  1.573e+01 
 144060  0.651   4  2017   79  23.28  57833.166   76.5  1.482e+01 
 144061  0.651   4  2017   79  23.66  57833.181   76.5  1.496e+01 
 144062  0.967   3  2017   80   0.29  57833.208   76.5  1.343e+01 
 144064  0.644   2  2017   80   1.38  57833.253   76.6  1.197e+01 
 144065  0.644   2  2017   80   1.73  57833.267   76.6  1.230e+01 
 144066  0.368   1  2017   80   2.31  57833.292   76.6  1.226e+01 
 144067  1.104   3  2017   80   2.74  57833.310   76.7  1.612e+01 
 144069  1.104   3  2017   80   3.74  57833.351   76.7  1.620e+01 
 144070  0.368   1  2017   80   4.17  57833.369   76.8  1.735e+01 
 144108  0.346   1  2017   80  23.07  57834.157   77.7  1.116e+01 
 144115  0.692   2  2017   81   2.89  57834.316   77.8  6.919e+00 
 144116  0.368   1  2017   81   3.45  57834.339   77.8  8.182e+00 
 144118  0.368   1  2017   81   4.10  57834.366   77.9  8.611e+00 
 144152  0.342   3  2017   81  21.39  57835.087   78.4  1.137e+01 
 144153  0.342   3  2017   81  21.86  57835.106   78.4  9.770e+00 
 144154  0.797   7  2017   81  22.23  57835.122   78.4  9.583e+00 
 144157  0.331   1  2017   81  23.96  57835.194   78.5  8.559e+00 
 144158  0.661   2  2017   82   0.26  57835.206   78.5  7.871e+00 
 144159  0.331   1  2017   82   0.57  57835.219   78.5  7.156e+00 
 144160  0.967   3  2017   82   1.19  57835.245   78.5  7.315e+00 
 144197  0.569   5  2017   82  19.79  57836.020   78.9  1.608e+01 
 144198  0.797   7  2017   82  20.23  57836.039   78.9  1.607e+01 
 144200  0.683   6  2017   82  21.30  57836.083   78.9  1.464e+01 
 144202  0.797   7  2017   82  22.24  57836.122   78.9  1.435e+01 
 144203  0.342   3  2017   82  22.61  57836.138   78.9  1.350e+01 
 144255  0.967   3  2017   84   0.81  57837.229   79.1  9.532e+00 
 144258  0.380   1  2017   84   2.47  57837.299   79.1  1.079e+01 
 144260  0.380   1  2017   84   3.41  57837.337   79.1  1.444e+01 
 144262  0.380   1  2017   84   4.08  57837.365   79.1  1.252e+01 
 144263  0.380   1  2017   84   4.74  57837.393   79.1  1.245e+01 
 144296  0.644   2  2017   84  21.27  57838.082   79.3  1.499e+01 
 144297  0.967   3  2017   84  21.78  57838.103   79.3  1.494e+01 
 144299  0.967   3  2017   84  22.77  57838.145   79.3  1.275e+01 
 144305  0.492   2  2017   85   1.79  57838.270   79.3  8.942e+00 
 144306  0.984   4  2017   85   2.21  57838.288   79.3  7.130e+00 
 144307  0.492   2  2017   85   2.89  57838.316   79.3  6.316e+00 
 144308  0.738   3  2017   85   3.24  57838.331   79.3  6.382e+00 
 144309  0.913   2  2017   85   3.82  57838.355   79.3  6.231e+00 
 144310  0.667   1  2017   85   4.28  57838.374   79.3  5.792e+00 
 144345  0.967   3  2017   85  21.71  57839.100   79.4  1.521e+01 
 144347  0.967   3  2017   85  22.68  57839.141   79.4  1.320e+01 
 144348  0.963   2  2017   85  23.32  57839.167   79.4  1.231e+01 
 144391  0.644   2  2017   86  20.80  57840.062   79.6  1.888e+01 
 144396  0.967   3  2017   86  23.31  57840.167   79.6  1.482e+01 
 144441  0.335   1  2017   87  21.75  57841.102   79.8  9.524e+00 
 144443  0.670   2  2017   87  22.82  57841.146   79.8  8.110e+00 
 144586  1.005   3  2017   90  22.23  57844.122   80.2  1.826e+01 
 144587  0.335   1  2017   90  22.63  57844.138   80.2  1.002e+01 
 144589  0.670   2  2017   90  23.64  57844.181   80.2  7.486e+00 
 144687  0.914   7  2017   93   0.74  57846.226   80.5  7.736e+00 
 144688  0.914   7  2017   93   1.26  57846.248   80.5  7.502e+00 
 144726  0.667   1  2017   93  20.40  57847.045   80.6  1.360e+01 
 144727  0.667   1  2017   93  20.74  57847.060   80.6  1.303e+01 
 144730  0.473   4  2017   93  22.19  57847.120   80.6  9.488e+00 
 144731  0.592   5  2017   93  22.73  57847.143   80.6  9.211e+00 
 144732  0.355   3  2017   93  23.27  57847.165   80.6  7.643e+00 
 144733  0.592   5  2017   93  23.76  57847.185   80.6  7.032e+00 
 144734  0.353   3  2017   94   0.22  57847.205   80.6  6.904e+00 
 144737  0.829   3  2017   94   1.78  57847.270   80.6  7.082e+00 
 144738  0.829   3  2017   94   2.32  57847.292   80.6  7.699e+00 
 144778  0.789   1  2017   94  22.26  57848.123   80.9  1.311e+01 
 144779  0.789   1  2017   94  22.68  57848.141   80.9  1.203e+01 
 144780  0.600   4  2017   94  23.34  57848.168   80.9  8.730e+00 
 144781  0.900   6  2017   94  23.77  57848.186   80.9  7.850e+00 
 144783  1.333   2  2017   95   0.72  57848.226   81.0  5.741e+00 
 144785  0.644   1  2017   95   1.83  57848.272   81.0  6.886e+00 
 144786  0.644   1  2017   95   2.18  57848.286   81.0  7.033e+00 
 144787  0.339   1  2017   95   2.89  57848.316   81.0  6.325e+00 
 144788  1.017   3  2017   95   3.26  57848.332   81.0  7.188e+00 
 144822  0.900   6  2017   95  20.23  57849.039   81.4  1.480e+01 
 144826  0.900   2  2017   95  22.21  57849.121   81.4  1.315e+01 
 144827  0.900   2  2017   95  22.73  57849.143   81.4  1.363e+01 
 144833  0.833   5  2017   96   1.73  57849.267   81.4  1.392e+01 
 144834  0.500   3  2017   96   2.10  57849.283   81.5  1.363e+01 
 144835  1.018   2  2017   96   2.77  57849.311   81.5  1.804e+01 
 144836  0.644   1  2017   96   3.48  57849.341   81.5  1.466e+01 
 144837  0.644   1  2017   96   3.83  57849.355   81.5  1.389e+01 
 144875  0.600   4  2017   96  22.87  57850.148   81.8  9.003e+00 
 144876  0.600   4  2017   96  23.22  57850.163   81.8  8.467e+00 
 144877  0.500   3  2017   96  23.88  57850.191   81.8  8.394e+00 
 144878  0.833   5  2017   97   0.26  57850.206   81.8  7.801e+00 
 144879  0.348   3  2017   97   0.93  57850.234   81.8  8.056e+00 
 144880  0.581   5  2017   97   1.20  57850.246   81.8  7.411e+00 
 144881  0.900   6  2017   97   1.78  57850.270   81.8  7.259e+00 
 144882  0.600   4  2017   97   2.21  57850.288   81.8  6.487e+00 
 144885  0.667   1  2017   97   3.67  57850.349   81.8  5.012e+00 
 144886  0.667   1  2017   97   4.02  57850.363   81.8  5.973e+00 
 144928  1.017   3  2017   98   1.29  57851.249   82.2  1.749e+01 
 144929  0.339   1  2017   98   1.66  57851.265   82.2  1.780e+01 
 144930  0.750   5  2017   98   2.24  57851.289   82.2  1.423e+01 
 144931  0.600   4  2017   98   2.63  57851.305   82.2  1.298e+01 
 144979  0.450   3  2017   99   2.83  57852.313   82.5  3.627e+00 
 144980  0.900   6  2017   99   3.22  57852.330   82.5  3.369e+00 
 145110  0.489   2  2017  101  20.37  57855.044   82.6  1.306e+01 
 145111  0.733   3  2017  101  20.72  57855.059   82.6  1.165e+01 
 145204  0.778   1  2017  103  19.31  57857.000   82.3  1.119e+01 
 145214  0.444   1  2017  104   0.07  57857.198   82.2  1.981e+01 
 145299  0.333   2  2017  105  18.92  57858.984   81.0  2.182e+01 
 145300  0.833   5  2017  105  19.26  57858.998   80.9  1.845e+01 
 145301  0.667   4  2017  105  19.71  57859.017   80.9  1.667e+01 
 145302  0.833   5  2017  105  20.26  57859.040   80.9  1.517e+01 
 145303  0.500   3  2017  105  20.69  57859.058   80.9  1.436e+01 
 145304  0.500   3  2017  105  21.21  57859.079   80.8  1.303e+01 
 145305  0.500   3  2017  105  21.67  57859.098   80.8  1.375e+01 
 145309  0.500   3  2017  105  23.78  57859.186   80.7  2.138e+01 
 145310  0.833   5  2017  106   0.26  57859.206   80.7  2.340e+01 
 145311  0.667   4  2017  106   0.73  57859.226   80.7  2.646e+01 
 145312  0.833   5  2017  106   1.24  57859.247   80.6  3.438e+01 
 145313  0.833   5  2017  106   1.76  57859.269   80.6  4.222e+01 
 145314  0.833   5  2017  106   2.29  57859.291   80.6  5.526e+01 
 145315  0.704   4  2017  106   2.78  57859.312   80.6  4.963e+01 
 145316  0.686   2  2017  106   3.32  57859.334   80.5  4.301e+01 
 145317  0.686   2  2017  106   3.70  57859.350   80.5  3.968e+01 
 145318  1.028   3  2017  106   4.27  57859.374   80.5  3.112e+01 
 145319  0.343   1  2017  106   4.66  57859.390   80.5  2.408e+01 
 145347  0.333   2  2017  106  18.87  57859.982   79.7  2.184e+01 
 145348  0.833   5  2017  106  19.22  57859.996   79.7  2.178e+01 
 145349  0.833   5  2017  106  19.74  57860.018   79.7  1.962e+01 
 145350  0.833   5  2017  106  20.26  57860.040   79.7  1.933e+01 
 145351  0.723   4  2017  106  20.79  57860.062   79.7  1.756e+01 
 145352  0.742   4  2017  106  21.24  57860.080   79.6  1.682e+01 
 145353  0.742   4  2017  106  21.70  57860.100   79.6  1.845e+01 
 145354  0.928   5  2017  106  22.22  57860.121   79.6  1.215e+01 
 145355  0.704   4  2017  106  22.76  57860.144   79.6  1.510e+01 
 145356  0.833   5  2017  106  23.26  57860.165   79.5  1.570e+01 
 145357  0.704   4  2017  106  23.76  57860.186   79.5  1.593e+01 
 145358  0.450   1  2017  107   0.30  57860.208   79.5  1.687e+01 
 145359  0.900   2  2017  107   0.69  57860.224   79.5  2.132e+01 
 145360  0.450   1  2017  107   1.07  57860.240   79.5  2.880e+01 
 145361  0.600   4  2017  107   1.84  57860.272   79.4  3.998e+01 
 145362  0.900   6  2017  107   2.28  57860.290   79.4  2.887e+01 
 146884  0.925   3  2017  138  19.20  57891.995   75.0  1.525e+01 
 146885  0.617   2  2017  138  19.64  57892.014   75.0  1.452e+01 
 146886  0.925   3  2017  138  20.21  57892.037   75.0  1.431e+01 
 146887  0.617   2  2017  138  20.65  57892.056   75.0  1.691e+01 
 146888  0.925   3  2017  138  21.20  57892.079   75.0  1.743e+01 
 146889  0.617   2  2017  138  21.65  57892.098   75.0  1.440e+01 
 146891  1.018   2  2017  138  22.66  57892.140   75.0  2.759e+01 
 146979  1.556   2  2017  140  18.78  57893.978   75.4  2.242e+01 
 146980  0.778   1  2017  140  19.43  57894.005   75.4  2.206e+01 
 146982  1.111   1  2017  140  20.47  57894.048   75.4  2.281e+01 
 146984  1.111   1  2017  140  21.07  57894.074   75.4  2.232e+01 
 146985  1.111   1  2017  140  21.70  57894.100   75.4  2.223e+01 
 146986  1.111   1  2017  140  22.40  57894.129   75.4  2.071e+01 
 146988  0.500   1  2017  140  23.38  57894.170   75.4  1.971e+01 
 146989  1.000   2  2017  140  23.82  57894.188   75.4  2.174e+01 
 146990  0.392   3  2017  141   0.38  57894.211   75.4  2.457e+01 
 146991  0.914   7  2017  141   0.76  57894.227   75.5  2.052e+01 
 146992  0.522   4  2017  141   1.17  57894.244   75.5  2.296e+01 
 146993  0.700   2  2017  141   1.89  57894.274   75.5  2.140e+01 
 147122  0.333   1  2017  143  18.45  57896.964   76.4  1.466e+01 
 147123  0.667   2  2017  143  18.77  57896.977   76.4  1.224e+01 
 147125  0.333   1  2017  143  19.84  57897.022   76.4  9.923e+00 
 147126  0.667   2  2017  143  20.15  57897.035   76.4  9.222e+00 
 147128  0.667   2  2017  143  21.35  57897.085   76.4  7.841e+00 
 147129  0.667   2  2017  143  21.78  57897.103   76.4  9.049e+00 
 147131  0.333   1  2017  143  22.83  57897.147   76.4  1.159e+01 
 147132  0.667   2  2017  143  23.15  57897.160   76.4  1.191e+01 
 147266  0.333   1  2017  146  18.31  57899.959   77.1  2.182e+01 
 147267  0.667   2  2017  146  18.63  57899.972   77.1  1.631e+01 
 147269  0.667   2  2017  146  19.81  57900.021   77.1  1.042e+01 
 147270  0.667   2  2017  146  20.24  57900.039   77.1  9.524e+00 
 147273  1.000   3  2017  146  21.73  57900.101   77.2  9.838e+00 
 147274  0.333   1  2017  146  22.15  57900.119   77.2  1.071e+01 
 147276  0.333   1  2017  146  23.32  57900.167   77.2  1.470e+01 
 147277  1.000   3  2017  146  23.75  57900.185   77.2  1.741e+01 
 147317  1.000   1  2017  147  19.53  57901.009   77.3  2.205e+01 
 147318  1.000   1  2017  147  20.08  57901.032   77.3  1.614e+01 
 147319  1.000   1  2017  147  20.66  57901.056   77.3  1.338e+01 
 147320  1.000   1  2017  147  21.20  57901.079   77.3  1.212e+01 
 147323  1.000   3  2017  147  22.72  57901.142   77.3  8.787e+00 
 147324  0.333   1  2017  147  23.14  57901.160   77.3  9.845e+00 
 147326  0.392   3  2017  148   0.37  57901.211   77.3  1.147e+01 
 147327  0.914   7  2017  148   0.75  57901.227   77.3  1.273e+01 
 147328  0.522   4  2017  148   1.16  57901.244   77.3  1.310e+01 
 147329  0.350   1  2017  148   1.70  57901.267   77.3  1.197e+01 
 147368  1.111   1  2017  148  21.01  57902.071   77.5  8.242e+00 
 147369  1.111   1  2017  148  21.61  57902.096   77.5  7.707e+00 
 147370  0.817   1  2017  148  22.23  57902.122   77.5  6.102e+00 
 147371  0.333   1  2017  148  22.96  57902.152   77.5  1.102e+01 
 147372  0.667   2  2017  148  23.28  57902.166   77.5  1.070e+01 
 147373  0.333   1  2017  148  23.60  57902.179   77.5  9.860e+00 
 147416  1.372   2  2017  149  21.21  57903.079   77.6  1.154e+01 
 147417  0.333   1  2017  149  21.81  57903.104   77.6  1.090e+01 
 147418  1.000   3  2017  149  22.24  57903.122   77.6  9.141e+00 
 147419  0.667   2  2017  149  22.84  57903.147   77.6  8.511e+00 
 147420  0.667   2  2017  149  23.26  57903.165   77.6  8.006e+00 
 147425  0.667   1  2017  150   1.69  57903.266   77.7  1.426e+01 
 147426  0.667   1  2017  150   2.04  57903.281   77.7  1.405e+01 
 147427  0.667   1  2017  150   2.69  57903.308   77.7  1.485e+01 
 147428  0.667   1  2017  150   3.03  57903.322   77.7  1.660e+01 
 147429  1.333   2  2017  150   3.71  57903.350   77.7  1.900e+01 
 147430  0.331   1  2017  150   4.32  57903.376   77.7  1.998e+01 
 147431  0.680   2  2017  150   4.87  57903.399   77.7  1.656e+01 
 147459  1.278   1  2017  150  18.73  57903.976   77.8  8.147e+00 
 147460  1.278   1  2017  150  19.41  57904.004   77.8  9.619e+00 
 147462  1.278   1  2017  150  20.13  57904.034   77.8  1.047e+01 
 147463  1.278   1  2017  150  20.81  57904.063   77.8  1.103e+01 
 147465  1.278   1  2017  150  21.59  57904.095   77.8  1.099e+01 
 147466  1.278   1  2017  150  22.28  57904.124   77.8  1.022e+01 
 147468  1.278   1  2017  150  23.14  57904.160   77.8  1.220e+01 
 147469  0.972   1  2017  150  23.75  57904.185   77.8  1.237e+01 
 147606  0.333   4  2017  153  20.16  57907.036   78.2  1.933e+01 
 147607  0.759   4  2017  153  20.86  57907.065   78.2  1.836e+01 
 147608  0.509   1  2017  153  21.27  57907.082   78.2  1.917e+01 
 147609  1.018   2  2017  153  21.68  57907.099   78.2  1.994e+01 
 147610  1.018   2  2017  153  22.28  57907.124   78.2  1.998e+01 
 147611  1.018   2  2017  153  22.82  57907.147   78.2  1.953e+01 
 147612  0.509   1  2017  153  23.29  57907.166   78.2  2.215e+01 
 147613  1.018   2  2017  153  23.70  57907.183   78.2  2.349e+01 
 147614  0.509   1  2017  154   0.11  57907.200   78.2  2.840e+01 
 147616  1.018   2  2017  154   1.21  57907.246   78.2  3.288e+01 
 147617  1.018   2  2017  154   1.75  57907.268   78.2  3.493e+01 
 147618  1.018   2  2017  154   2.36  57907.294   78.2  3.397e+01 
 147619  0.509   1  2017  154   2.77  57907.311   78.2  3.497e+01 
 147620  0.509   1  2017  154   3.04  57907.322   78.2  3.680e+01 
 147621  1.868   1  2017  154   3.95  57907.360   78.2  3.313e+01 
 147623  0.645   1  2017  154   4.98  57907.403   78.2  3.700e+01 
 147894  0.761   2  2017  159  20.32  57913.042   78.1  1.250e+01 
 148005  0.735   2  2017  162   3.61  57915.346   77.5  2.526e+01 
 148037  0.450   1  2017  162  19.97  57916.028   77.4  1.468e+01 
 148038  0.900   2  2017  162  20.35  57916.044   77.4  1.675e+01 
 148039  0.450   1  2017  162  20.74  57916.060   77.4  1.662e+01 
 148230  1.572   1  2017  166  20.38  57920.045   77.2  1.888e+01 
 148233  1.572   1  2017  166  21.61  57920.096   77.2  1.920e+01 
 148234  0.381   1  2017  166  22.32  57920.125   77.2  2.039e+01 
 148235  1.142   3  2017  166  22.76  57920.144   77.2  1.819e+01 
 148240  0.333   1  2017  167   1.47  57920.257   77.2  1.116e+01 
 148241  0.333   1  2017  167   1.68  57920.266   77.2  1.217e+01 
 148242  0.667   2  2017  167   2.14  57920.285   77.2  1.631e+01 
 148243  0.333   1  2017  167   2.83  57920.314   77.2  2.191e+01 
 148244  0.333   1  2017  167   3.04  57920.322   77.2  2.153e+01 
 148323  0.333   1  2017  168  18.83  57921.980   76.8  1.127e+01 
 148324  0.667   2  2017  168  19.21  57921.996   76.8  1.014e+01 
 148325  0.333   1  2017  168  19.60  57922.012   76.8  9.080e+00 
 148343  0.571   1  2017  169   4.83  57922.397   76.7  1.243e+01 
 148376  0.380   1  2017  169  21.03  57923.072   76.5  1.174e+01 
 148377  0.380   1  2017  169  21.69  57923.099   76.5  9.210e+00 
 148378  0.667   1  2017  169  22.29  57923.124   76.5  9.779e+00 
 148379  0.667   1  2017  169  22.63  57923.139   76.5  1.090e+01 
 148383  0.783   6  2017  170   0.74  57923.226   76.4  1.028e+01 
 148384  0.914   7  2017  170   1.23  57923.247   76.4  1.197e+01 
 148389  0.667   1  2017  170   3.61  57923.346   76.4  2.523e+01 
 148391  1.333   2  2017  170   4.77  57923.394   76.4  1.969e+01 
 148425  0.380   1  2017  170  21.85  57924.106   76.2  1.464e+01 
 148427  0.380   1  2017  170  22.51  57924.134   76.2  1.260e+01 
 148428  0.667   2  2017  170  23.18  57924.161   76.2  1.208e+01 
 148429  0.333   1  2017  170  23.82  57924.188   76.2  1.251e+01 
 148430  0.333   1  2017  171   0.03  57924.197   76.2  1.258e+01 
 148431  0.333   1  2017  171   0.80  57924.229   76.2  1.635e+01 
 148432  0.562   3  2017  171   1.17  57924.244   76.2  1.577e+01 
 148433  0.572   5  2017  171   1.77  57924.269   76.2  1.589e+01 
 148435  0.667   2  2017  171   2.67  57924.307   76.2  1.505e+01 
 148436  0.700   2  2017  171   3.37  57924.336   76.2  1.273e+01 
 148438  1.333   2  2017  171   4.24  57924.372   76.2  1.890e+01 
 148439  0.350   1  2017  171   4.91  57924.400   76.2  1.788e+01 
 148440  0.350   1  2017  171   5.11  57924.409   76.2  1.948e+01 
 148469  1.035   1  2017  171  19.84  57925.022   76.1  7.475e+00 
 148473  0.350   1  2017  171  21.88  57925.107   76.1  6.568e+00 
 148474  0.350   1  2017  171  22.08  57925.116   76.1  6.340e+00 
 148533  0.462   1  2017  173   3.88  57926.357   76.0  1.995e+01 
 148534  0.462   1  2017  173   4.16  57926.369   76.0  1.913e+01 
 148564  0.673   1  2017  173  19.10  57926.991   76.0  1.532e+01 
 148565  0.667   4  2017  173  19.83  57927.022   76.0  1.600e+01 
 148566  0.833   5  2017  173  20.28  57927.040   76.0  1.752e+01 
 148567  0.667   4  2017  173  20.74  57927.060   76.0  1.838e+01 
 148568  1.000   6  2017  173  21.25  57927.081   76.0  1.599e+01 
 148569  0.500   3  2017  173  21.69  57927.100   76.0  1.524e+01 
 148570  0.380   1  2017  173  22.21  57927.121   76.0  1.525e+01 
 148571  0.380   1  2017  173  22.87  57927.149   76.0  1.601e+01 
 148575  0.346   1  2017  174   0.92  57927.234   76.0  1.332e+01 
 148576  1.037   3  2017  174   1.29  57927.249   76.0  1.287e+01 
 148579  1.682   1  2017  174   2.83  57927.313   76.0  1.565e+01 
 148581  0.462   1  2017  174   3.76  57927.352   76.0  1.943e+01 
 148582  0.923   2  2017  174   4.18  57927.370   76.0  1.972e+01 
 148583  0.462   1  2017  174   4.59  57927.387   76.0  1.822e+01 
 148617  1.037   3  2017  174  21.75  57928.102   76.1  1.547e+01 
 148618  0.346   1  2017  174  22.12  57928.117   76.1  1.912e+01 
 148619  1.037   3  2017  174  22.76  57928.144   76.1  1.739e+01 
 148620  0.691   2  2017  174  23.28  57928.166   76.1  1.563e+01 
 148621  1.037   3  2017  174  23.81  57928.187   76.1  1.363e+01 
 148622  0.691   2  2017  175   0.41  57928.213   76.1  1.506e+01 
 148623  0.691   2  2017  175   0.77  57928.228   76.1  1.543e+01 
 148661  0.333   4  2017  175  19.79  57929.020   76.3  1.021e+01 
 148852  0.667   1  2017  179  19.33  57933.001   78.8  7.670e+00 
 148853  0.667   1  2017  179  19.68  57933.016   78.9  7.259e+00 
 148854  0.600   4  2017  179  20.32  57933.042   78.9  1.232e+01 
 148855  0.900   6  2017  179  20.75  57933.060   78.9  1.150e+01 
 148856  0.450   3  2017  179  21.40  57933.087   78.9  1.136e+01 
 148857  0.750   5  2017  179  21.75  57933.102   78.9  1.146e+01 
 148862  1.700   1  2017  180   0.35  57933.210   79.0  6.986e+00 
 148864  0.458   4  2017  180   1.27  57933.248   79.0  8.369e+00 
 148865  0.458   4  2017  180   1.69  57933.266   79.0  8.309e+00 
 148867  0.572   5  2017  180   2.76  57933.311   79.0  8.560e+00 
 148869  0.673   1  2017  180   3.69  57933.349   79.0  1.158e+01 
 148870  0.673   1  2017  180   4.04  57933.364   79.0  1.154e+01 
 148871  0.673   1  2017  180   4.71  57933.392   79.0  1.030e+01 
 148872  0.673   1  2017  180   5.06  57933.407   79.0  1.026e+01 
 148901  0.333   4  2017  180  19.89  57934.024   79.4  8.216e+00 
 148904  0.433   2  2017  180  21.22  57934.080   79.4  1.052e+01 
 148907  0.350   1  2017  180  22.92  57934.151   79.5  7.831e+00 
 148908  0.350   1  2017  180  23.11  57934.159   79.5  7.028e+00 
 148920  1.035   1  2017  181   5.14  57934.410   79.7  3.071e+00 
 148964  0.722   2  2017  182   3.17  57935.328   80.3  9.688e+00 
 148965  1.083   3  2017  182   3.75  57935.352   80.4  1.153e+01 
 148966  0.361   1  2017  182   4.21  57935.371   80.4  1.292e+01 
 148967  0.673   1  2017  182   4.82  57935.396   80.4  1.285e+01 
 148996  0.492   2  2017  182  19.33  57936.001   80.8  7.426e+00 
 148997  0.984   4  2017  182  19.76  57936.019   80.8  7.061e+00 
 148999  0.867   4  2017  182  20.76  57936.060   80.9  7.748e+00 
 149008  0.346   1  2017  183   1.36  57936.252   81.0  5.889e+00 
 149009  1.037   3  2017  183   1.73  57936.268   81.0  6.118e+00 
 149010  0.462   1  2017  183   2.47  57936.299   81.0  6.316e+00 
 149011  0.462   1  2017  183   2.75  57936.310   81.0  7.989e+00 
 149012  0.923   2  2017  183   3.17  57936.328   81.0  9.208e+00 
 149013  0.673   1  2017  183   3.79  57936.354   81.0  7.813e+00 
 149014  0.673   1  2017  183   4.14  57936.368   81.1  7.549e+00 
 149016  0.343   3  2017  183   5.15  57936.410   81.1  9.876e+00 
 149300  0.600   4  2017  189   3.25  57942.331   82.2  3.267e+00 
 149304  0.331   1  2017  189   5.02  57942.405   82.2  1.547e+00 
 149542  0.750   5  2017  194   4.25  57947.373   81.5  4.623e+00 
 149543  0.600   4  2017  194   4.64  57947.389   81.5  4.405e+00 
 149572  1.333   2  2017  194  19.32  57948.001   81.4  6.151e+00 
 149575  0.380   1  2017  194  20.73  57948.059   81.4  6.355e+00 
 149628  0.433   2  2017  195  23.21  57949.162   81.3  8.070e+00 
 149630  0.433   2  2017  196   0.12  57949.201   81.3  5.427e+00 
 149631  0.862   1  2017  196   0.92  57949.234   81.3  5.708e+00 
 149633  0.571   1  2017  196   1.62  57949.263   81.3  6.676e+00 
 149634  0.833   1  2017  196   2.21  57949.288   81.3  6.958e+00 
 149635  0.833   1  2017  196   2.64  57949.306   81.3  7.171e+00 
 149730  0.600   4  2017  198   2.29  57951.291   81.2  4.998e+00 
 149731  0.900   6  2017  198   2.72  57951.309   81.2  3.924e+00 
 149861  1.035   1  2017  200  19.57  57954.011   81.1  9.716e+00 
 149863  1.868   1  2017  200  20.57  57954.053   81.1  6.769e+00 
 149865  1.868   1  2017  200  21.83  57954.105   81.1  4.037e+00 
 149869  0.378   1  2017  200  23.98  57954.195   81.1  5.530e+00 
 149870  0.756   2  2017  201   0.33  57954.209   81.1  5.859e+00 
 149872  0.967   1  2017  201   1.14  57954.243   81.1  6.358e+00 
 149873  0.967   1  2017  201   1.67  57954.265   81.1  9.017e+00 
 149874  0.967   1  2017  201   2.45  57954.298   81.1  9.412e+00 
 149875  0.967   1  2017  201   2.99  57954.320   81.1  9.143e+00 
 149877  1.535   1  2017  201   3.78  57954.353   81.1  8.259e+00 
 149879  1.535   1  2017  201   4.92  57954.400   81.1  8.234e+00 
 149917  0.650   3  2017  201  23.86  57955.190   81.0  5.088e+00 
 149927  1.035   1  2017  202   4.51  57955.383   81.0  9.740e+00 
 149957  1.035   1  2017  202  19.86  57956.023   80.8  1.075e+01 
 149959  0.667   1  2017  202  20.64  57956.056   80.8  8.241e+00 
 149962  0.756   2  2017  202  22.35  57956.127   80.7  5.487e+00 
 149963  0.378   1  2017  202  22.70  57956.141   80.7  5.201e+00 
 149972  1.535   1  2017  203   3.05  57956.323   80.6  7.303e+00 
 149974  0.572   5  2017  203   4.21  57956.371   80.6  8.945e+00 
 150019  0.673   1  2017  204   2.86  57957.315   80.1  4.945e+00 
 150020  0.673   1  2017  204   3.21  57957.329   80.1  5.170e+00 
 150021  0.673   1  2017  204   3.92  57957.359   80.0  5.726e+00 
 150022  0.673   1  2017  204   4.27  57957.374   80.0  6.340e+00 
 150100  0.492   2  2017  205  19.30  57959.000   78.8  7.203e+00 
 150101  0.984   4  2017  205  19.73  57959.018   78.8  7.352e+00 
 150103  0.738   3  2017  205  20.75  57959.060   78.7  6.920e+00 
 150105  0.492   2  2017  205  21.58  57959.095   78.7  9.630e+00 
 150106  0.867   4  2017  205  22.24  57959.122   78.7  7.207e+00 
 150108  0.867   4  2017  205  23.22  57959.163   78.7  5.821e+00 
 150109  0.433   2  2017  205  23.83  57959.189   78.6  6.310e+00 
 150110  0.433   2  2017  206   0.08  57959.199   78.6  6.421e+00 
 150111  0.900   6  2017  206   0.73  57959.226   78.6  4.762e+00 
 150112  0.600   4  2017  206   1.17  57959.244   78.6  5.035e+00 
 150162  0.417   1  2017  207   2.41  57960.296   77.8  5.408e+00 
 150163  0.417   1  2017  207   2.93  57960.318   77.8  3.778e+00 
 150164  0.417   1  2017  207   3.36  57960.336   77.8  4.229e+00 
 150165  0.417   1  2017  207   3.87  57960.357   77.8  4.145e+00 
 150196  0.738   3  2017  207  19.30  57961.000   77.3  6.388e+00 
 150197  0.738   3  2017  207  19.73  57961.018   77.3  5.240e+00 
 150198  0.600   4  2017  207  20.34  57961.043   77.3  5.651e+00 
 150199  0.900   6  2017  207  20.77  57961.061   77.2  5.890e+00 
 150200  0.433   2  2017  207  21.41  57961.088   77.2  7.433e+00 
 150201  0.433   2  2017  207  21.66  57961.098   77.2  7.140e+00 
 150202  0.756   2  2017  207  22.33  57961.126   77.2  7.661e+00 
 150203  0.378   1  2017  207  22.68  57961.141   77.2  6.862e+00 
 150204  0.650   3  2017  207  23.26  57961.165   77.2  6.813e+00 
 150215  0.380   2  2017  208   4.94  57961.401   77.0  8.497e+00 
 150216  0.380   2  2017  208   5.16  57961.411   77.0  9.418e+00 
 150260  0.667   1  2017  209   3.26  57962.332   76.2  1.253e+01 
 150297  1.444   2  2017  209  21.77  57963.103   75.5  7.875e+00 
 150299  1.700   1  2017  209  22.93  57963.151   75.5  5.281e+00 
 150302  1.700   1  2017  210   0.06  57963.198   75.4  6.750e+00 
 150358  0.572   5  2017  211   4.25  57964.373   74.5  7.403e+00 
 150405  0.343   3  2017  212   3.89  57965.358   73.9  6.291e+00 
 150406  0.458   4  2017  212   4.26  57965.373   73.9  6.974e+00 
 150408  0.461   2  2017  212   5.16  57965.410   73.9  1.133e+01 
 150450  1.132   3  2017  213   2.26  57966.290   73.5  4.047e+00 
 150451  0.377   1  2017  213   2.66  57966.307   73.5  3.823e+00 
 150453  0.778   1  2017  213   3.81  57966.354   73.4  4.169e+00 
 150454  0.778   1  2017  213   4.23  57966.372   73.4  4.979e+00 
 150455  0.350   1  2017  213   4.85  57966.398   73.4  7.116e+00 
 150456  0.350   1  2017  213   5.05  57966.406   73.4  7.359e+00 
 150544  0.417   1  2017  215   1.12  57968.242   73.5  5.064e+00 
 150545  0.417   1  2017  215   1.64  57968.264   73.5  5.660e+00 
 150592  0.417   1  2017  216   1.28  57969.249   73.7  5.004e+00 
 150593  0.417   1  2017  216   1.80  57969.270   73.7  4.825e+00 
 150647  0.900   6  2017  217   4.76  57970.394   74.1  1.436e+01 
 150648  0.600   4  2017  217   5.20  57970.412   74.1  1.459e+01 
 150881  0.862   1  2017  222   1.75  57975.268   77.1  2.449e+00 
 150883  1.667   2  2017  222   2.73  57975.309   77.1  2.631e+00 
 150885  0.467   3  2017  222   3.82  57975.355   77.2  1.803e+00 
 150886  0.933   6  2017  222   4.28  57975.374   77.2  4.241e+00 
 150919  0.333   4  2017  222  20.62  57976.055   77.5  1.207e+01 
 150920  0.650   3  2017  222  21.28  57976.082   77.6  1.323e+01 
 151115  1.700   1  2017  226  22.91  57980.150   78.8  1.891e+01 
 151120  1.333   2  2017  227   1.24  57980.247   78.8  1.770e+01 
 151122  0.900   6  2017  227   2.22  57980.288   78.8  1.903e+01 
 151123  0.600   4  2017  227   2.66  57980.306   78.8  2.099e+01 
 151124  0.600   4  2017  227   3.32  57980.334   78.8  1.933e+01 
 151212  1.700   1  2017  228  23.29  57982.166   79.4  1.627e+01 
 151216  0.367   2  2017  229   1.37  57982.252   79.5  2.223e+01 
 151217  0.367   2  2017  229   1.61  57982.263   79.5  1.945e+01 
 151218  0.603   1  2017  229   2.29  57982.291   79.5  1.812e+01 
 151219  0.603   1  2017  229   2.63  57982.305   79.5  1.912e+01 
 151220  1.206   2  2017  229   3.17  57982.328   79.5  1.955e+01 
 151222  1.132   3  2017  229   4.27  57982.374   79.5  2.094e+01 
 151223  0.377   1  2017  229   4.68  57982.390   79.5  2.301e+01 
 151255  0.422   3  2017  229  20.73  57983.059   79.8  1.067e+01 
 151257  0.422   3  2017  229  21.85  57983.106   79.9  1.127e+01 
 151259  1.700   1  2017  229  22.94  57983.151   79.9  1.265e+01 
 151261  0.778   1  2017  229  23.84  57983.189   79.9  1.379e+01 
 151262  0.778   1  2017  230   0.26  57983.206   79.9  1.480e+01 
 151264  1.551   2  2017  230   1.22  57983.246   80.0  1.471e+01 
 151266  0.776   1  2017  230   2.23  57983.289   80.0  1.530e+01 
 151267  0.776   1  2017  230   2.66  57983.307   80.0  1.479e+01 
 151270  0.381   1  2017  230   4.38  57983.378   80.1  1.811e+01 
 151271  0.761   2  2017  230   4.71  57983.392   80.1  1.776e+01 
 151272  0.381   1  2017  230   5.04  57983.405   80.1  1.820e+01 
 151299  0.667   2  2017  230  18.86  57983.981   80.4  1.137e+01 
 151300  0.667   2  2017  230  19.25  57983.997   80.5  9.471e+00 
 151303  0.722   1  2017  230  20.72  57984.059   80.5  9.695e+00 
 151304  0.722   1  2017  230  21.10  57984.075   80.5  1.004e+01 
 151305  0.867   4  2017  230  21.80  57984.104   80.5  8.213e+00 
 151312  0.776   1  2017  231   1.39  57984.254   80.6  9.085e+00 
 151313  0.776   1  2017  231   1.82  57984.272   80.6  8.818e+00 
 151315  0.776   1  2017  231   2.59  57984.304   80.7  9.743e+00 
 151316  0.776   1  2017  231   3.03  57984.322   80.7  1.061e+01 
 151317  0.776   1  2017  231   3.66  57984.348   80.7  1.026e+01 
 151318  0.776   1  2017  231   4.10  57984.366   80.7  1.113e+01 
 151347  0.794   1  2017  231  18.98  57984.987   81.2  1.868e+01 
 151348  0.794   1  2017  231  19.40  57985.004   81.2  1.592e+01 
 151364  0.589   2  2017  232   3.31  57985.334   81.5  1.348e+01 
 151365  0.350   1  2017  232   3.96  57985.360   81.6  1.194e+01 
 151366  0.350   1  2017  232   4.16  57985.369   81.6  1.267e+01 
 151395  0.333   1  2017  232  18.81  57985.979   82.3  2.139e+01 
 151396  1.000   3  2017  232  19.20  57985.996   82.3  1.721e+01 
 151397  0.667   2  2017  232  19.68  57986.016   82.3  1.823e+01 
 151443  0.794   1  2017  233  18.93  57986.984   84.4  1.731e+01 
 151444  0.794   1  2017  233  19.35  57987.002   84.5  1.488e+01 
 151455  0.923   2  2017  234   0.78  57987.228   85.4  1.205e+01 
 151456  0.923   2  2017  234   1.33  57987.251   85.5  1.205e+01 
 151458  0.923   2  2017  234   2.24  57987.289   85.7  1.236e+01 
 151459  0.923   2  2017  234   2.80  57987.312   85.8  1.241e+01 
 151461  0.922   2  2017  234   3.82  57987.355   85.9  1.057e+01 
 151462  0.922   2  2017  234   4.33  57987.376   86.0  9.808e+00 
 151491  0.333   1  2017  234  18.81  57987.979   88.2  1.839e+01 
 151492  1.000   3  2017  234  19.20  57987.996   88.2  1.419e+01 
 151493  0.667   2  2017  234  19.69  57988.016   88.3  1.194e+01 
 151499  0.755   2  2017  234  22.70  57988.141   88.5  1.233e+01 
 151500  0.755   2  2017  234  23.10  57988.158   88.5  1.231e+01 
 151501  0.755   2  2017  234  23.83  57988.188   88.6  1.390e+01 
 151502  0.755   2  2017  235   0.23  57988.205   88.6  1.408e+01 
 151503  0.755   2  2017  235   0.86  57988.231   88.7  1.463e+01 
 151504  0.755   2  2017  235   1.26  57988.248   88.7  1.488e+01 
 151505  0.377   1  2017  235   1.93  57988.276   88.7  1.682e+01 
 151506  0.755   2  2017  235   2.23  57988.288   88.8  1.704e+01 
 151507  0.377   1  2017  235   2.53  57988.301   88.8  1.555e+01 
 151508  1.535   1  2017  235   3.21  57988.329   88.8  1.246e+01 
 151540  1.333   2  2017  235  19.24  57988.997   90.1  1.814e+01 
 151541  0.667   1  2017  235  19.78  57989.020   90.2  1.755e+01 
 151587  0.333   1  2017  236  18.85  57989.981   92.4  1.851e+01 
 151588  1.000   3  2017  236  19.23  57989.997   92.4  1.363e+01 
 151589  0.667   2  2017  236  19.72  57990.017   92.4  1.135e+01 
 151593  0.433   2  2017  236  21.88  57990.107   92.6  9.472e+00 
 151594  0.433   2  2017  236  22.14  57990.118   92.7  1.078e+01 
 151635  0.667   1  2017  237  18.92  57990.984   94.5  2.057e+01 
 151636  0.667   1  2017  237  19.28  57990.999   94.5  1.708e+01 
 151644  1.132   3  2017  237  23.27  57991.165   94.8  9.966e+00 
 151645  0.377   1  2017  237  23.68  57991.182   94.8  8.993e+00 
 151646  0.755   2  2017  238   0.35  57991.210   94.9  1.013e+01 
 151647  0.755   2  2017  238   0.75  57991.227   94.9  9.331e+00 
 151648  0.776   1  2017  238   1.35  57991.252   94.9  1.214e+01 
 151649  0.776   1  2017  238   1.78  57991.270   95.0  1.676e+01 
 151683  0.667   2  2017  238  18.86  57991.981   96.1  2.213e+01 
 151684  0.667   2  2017  238  19.25  57991.998   96.2  1.601e+01 
 151685  0.667   2  2017  238  19.64  57992.014   96.2  1.511e+01 
 151688  1.700   1  2017  238  21.11  57992.075   96.3  1.582e+01 
 151689  0.377   1  2017  238  21.93  57992.109   96.3  1.461e+01 
 151690  0.755   2  2017  238  22.23  57992.122   96.3  1.268e+01 
 151691  0.377   1  2017  238  22.54  57992.135   96.4  1.171e+01 
 151692  1.132   3  2017  238  23.23  57992.164   96.4  1.294e+01 
 151693  0.377   1  2017  238  23.64  57992.180   96.4  1.353e+01 
 151694  0.755   2  2017  239   0.27  57992.207   96.5  1.458e+01 
 151695  0.755   2  2017  239   0.67  57992.224   96.5  1.543e+01 
 151696  0.755   2  2017  239   1.21  57992.246   96.5  1.596e+01 
 151697  0.755   2  2017  239   1.61  57992.263   96.5  1.352e+01 
 151731  0.333   1  2017  239  18.91  57992.984   97.5  1.935e+01 
 151732  1.000   3  2017  239  19.30  57993.000   97.5  1.567e+01 
 151733  0.333   1  2017  239  19.69  57993.016   97.5  1.246e+01 
 151779  0.333   1  2017  240  18.87  57993.982   98.4  3.575e+01 
 151780  0.667   2  2017  240  19.16  57993.994   98.4  3.016e+01 
 151827  0.333   1  2017  241  18.95  57994.985   98.5  1.422e+01 
 151828  0.667   2  2017  241  19.24  57994.997   98.5  1.227e+01 
 151829  0.333   1  2017  241  19.53  57995.009   98.5  1.297e+01 
 151831  0.778   4  2017  241  20.76  57995.060   98.5  1.136e+01 
 151832  0.778   4  2017  241  21.24  57995.080   98.5  9.600e+00 
 151833  0.778   4  2017  241  21.78  57995.103   98.5  8.631e+00 
 151834  0.750   4  2017  241  22.24  57995.122   98.5  9.154e+00 
 151835  0.833   5  2017  241  22.78  57995.145   98.5  1.020e+01 
 151836  0.667   4  2017  241  23.24  57995.164   98.5  9.533e+00 
 151837  0.833   5  2017  241  23.73  57995.184   98.5  7.793e+00 
 151838  0.667   4  2017  242   0.20  57995.204   98.5  7.409e+00 
 151839  0.833   5  2017  242   0.79  57995.229   98.5  7.448e+00 
 151840  0.519   3  2017  242   1.26  57995.248   98.5  7.021e+00 
 151841  0.742   4  2017  242   1.74  57995.268   98.5  6.897e+00 
 151842  0.742   4  2017  242   2.18  57995.286   98.5  8.736e+00 
 151843  0.371   2  2017  242   2.86  57995.315   98.5  1.309e+01 
 151844  0.742   4  2017  242   3.26  57995.332   98.5  1.232e+01 
 151845  0.742   4  2017  242   3.77  57995.353   98.5  1.270e+01 
 151846  0.557   3  2017  242   4.15  57995.369   98.5  1.381e+01 
 151847  1.060   3  2017  242   4.74  57995.393   98.5  1.322e+01 
 151848  0.353   1  2017  242   5.11  57995.408   98.5  1.681e+01 
 151875  0.333   1  2017  242  18.87  57995.982   98.4  9.651e+00 
 151876  0.667   2  2017  242  19.35  57996.002   98.4  6.664e+00 
 151879  0.833   5  2017  242  20.76  57996.061   98.4  7.942e+00 
 151880  0.667   4  2017  242  21.22  57996.080   98.4  1.117e+01 
 151881  0.833   5  2017  242  21.71  57996.100   98.4  1.120e+01 
 151882  0.833   5  2017  242  22.23  57996.122   98.4  1.240e+01 
 151883  0.833   5  2017  242  22.76  57996.144   98.4  1.351e+01 
 151884  0.667   4  2017  242  23.25  57996.164   98.4  9.633e+00 
 151885  0.833   5  2017  242  23.74  57996.185   98.4  7.014e+00 
 151886  0.833   5  2017  243   0.27  57996.207   98.4  7.003e+00 
 151887  0.833   5  2017  243   0.79  57996.228   98.4  7.259e+00 
 151888  0.532   3  2017  243   1.26  57996.248   98.4  8.352e+00 
 151889  0.914   5  2017  243   1.72  57996.267   98.4  1.021e+01 
 151890  0.560   3  2017  243   2.24  57996.289   98.4  9.310e+00 
 151891  0.778   4  2017  243   2.78  57996.311   98.4  9.511e+00 
 151892  0.778   4  2017  243   3.25  57996.331   98.4  9.905e+00 
 151893  0.778   4  2017  243   3.77  57996.353   98.4  1.066e+01 
 151894  0.583   3  2017  243   4.16  57996.369   98.4  1.134e+01 
 151895  1.060   3  2017  243   4.78  57996.395   98.4  1.110e+01 
 151896  0.353   1  2017  243   5.15  57996.410   98.4  1.409e+01 
 151933  0.581   1  2017  243  23.54  57997.177   98.2  9.065e+00 
 151934  0.455   1  2017  244   0.34  57997.210   98.2  1.108e+01 
 151935  0.910   2  2017  244   0.72  57997.226   98.2  1.006e+01 
 151936  0.910   2  2017  244   1.25  57997.248   98.2  1.250e+01 
 151937  0.910   2  2017  244   1.78  57997.270   98.2  1.357e+01 
 151938  0.455   1  2017  244   2.17  57997.286   98.2  1.418e+01 
 151939  0.910   2  2017  244   2.66  57997.306   98.2  1.408e+01 
 151940  0.910   2  2017  244   3.17  57997.328   98.2  1.479e+01 
 151941  0.910   2  2017  244   3.72  57997.351   98.2  1.507e+01 
 151942  0.910   2  2017  244   4.24  57997.372   98.2  1.467e+01 
 151943  0.910   2  2017  244   4.78  57997.395   98.2  1.371e+01 
 151978  0.722   2  2017  244  22.30  57998.125   97.9  6.546e+00 
 151979  0.722   2  2017  244  22.76  57998.144   97.9  6.430e+00 
 151980  0.722   2  2017  244  23.22  57998.163   97.9  6.054e+00 
 151982  0.910   2  2017  245   0.18  57998.203   97.9  6.682e+00 
 151983  0.910   2  2017  245   0.70  57998.225   97.9  7.668e+00 
 151984  0.910   2  2017  245   1.27  57998.248   97.8  1.368e+01 
 151985  0.910   2  2017  245   1.78  57998.270   97.8  1.586e+01 
 151986  0.455   1  2017  245   2.28  57998.291   97.8  1.415e+01 
 151987  0.910   2  2017  245   2.67  57998.307   97.8  1.366e+01 
 151988  0.910   2  2017  245   3.20  57998.329   97.8  1.485e+01 
 151989  0.910   2  2017  245   3.73  57998.351   97.8  1.659e+01 
 151990  0.910   2  2017  245   4.26  57998.373   97.8  1.556e+01 
 151991  0.910   2  2017  245   4.79  57998.395   97.8  1.765e+01 
 151992  0.455   1  2017  245   5.18  57998.411   97.8  2.132e+01 
 152078  0.910   2  2017  247   0.23  58000.205   96.7  1.444e+01 
 152079  0.910   2  2017  247   0.74  58000.227   96.7  1.297e+01 
 152080  0.455   1  2017  247   1.25  58000.248   96.7  1.292e+01 
 152081  0.910   2  2017  247   1.64  58000.264   96.7  1.085e+01 
 152082  0.910   2  2017  247   2.17  58000.286   96.7  1.142e+01 
 152083  0.910   2  2017  247   2.70  58000.308   96.7  1.124e+01 
 152084  0.455   1  2017  247   3.09  58000.324   96.7  1.110e+01 
 152085  0.910   2  2017  247   3.66  58000.348   96.6  9.949e+00 
 152086  0.910   2  2017  247   4.18  58000.370   96.6  9.247e+00 
 152087  0.910   2  2017  247   4.73  58000.392   96.6  1.040e+01 
 152131  0.461   1  2017  248   2.96  58001.319   96.0  3.952e+00 
 152132  0.922   2  2017  248   3.35  58001.335   96.0  3.882e+00 
 152133  0.461   1  2017  248   3.73  58001.351   96.0  5.418e+00 
 152455  1.031   2  2017  254  20.82  58008.063   94.7  1.205e+01 
 152457  0.516   1  2017  254  21.99  58008.112   94.7  1.050e+01 
 152458  0.516   1  2017  254  22.27  58008.124   94.7  1.171e+01 
 152459  1.031   2  2017  254  22.69  58008.141   94.7  1.134e+01 
 152460  0.516   1  2017  254  23.32  58008.167   94.7  1.179e+01 
 152461  1.031   2  2017  254  23.73  58008.184   94.7  1.070e+01 
 152462  0.516   1  2017  255   0.15  58008.202   94.7  1.064e+01 
 152463  1.031   2  2017  255   0.77  58008.228   94.8  1.101e+01 
 152464  1.031   2  2017  255   1.32  58008.251   94.8  1.151e+01 
 152465  0.516   1  2017  255   1.86  58008.273   94.8  1.302e+01 
 152466  0.516   1  2017  255   2.13  58008.284   94.8  1.302e+01 
 152501  1.031   2  2017  255  19.67  58009.015   94.9  1.028e+01 
 152502  1.031   2  2017  255  20.22  58009.038   94.9  8.504e+00 
 152503  0.516   1  2017  255  20.99  58009.070   94.9  8.768e+00 
 152504  0.516   1  2017  255  21.26  58009.082   94.9  8.443e+00 
 152505  0.516   1  2017  255  21.54  58009.093   94.9  8.283e+00 
 152506  1.031   2  2017  255  22.24  58009.122   94.9  1.075e+01 
 152507  1.031   2  2017  255  22.80  58009.145   94.9  1.096e+01 
 152510  0.516   1  2017  256   0.34  58009.210   94.9  9.068e+00 
 152511  1.031   2  2017  256   0.75  58009.227   94.9  9.007e+00 
 152512  0.516   1  2017  256   1.17  58009.244   94.9  1.025e+01 
 152513  1.031   2  2017  256   1.84  58009.272   94.9  1.015e+01 
 152514  0.516   1  2017  256   2.25  58009.289   94.9  1.082e+01 
 152515  0.516   1  2017  256   2.53  58009.301   94.9  1.164e+01 
 152516  1.031   2  2017  256   3.16  58009.327   94.9  1.355e+01 
 152517  1.031   2  2017  256   3.72  58009.350   94.9  1.301e+01 
 152518  0.516   1  2017  256   4.32  58009.376   94.9  1.272e+01 
 152519  1.031   2  2017  256   4.79  58009.395   94.9  1.740e+01 
 152549  0.516   1  2017  256  19.88  58010.024   94.9  1.270e+01 
 152550  1.031   2  2017  256  20.29  58010.041   94.9  1.249e+01 
 152551  0.516   1  2017  256  20.71  58010.058   94.9  1.092e+01 
 152552  0.516   1  2017  256  21.24  58010.080   94.9  1.180e+01 
 152553  1.031   2  2017  256  21.65  58010.098   94.9  1.186e+01 
 152554  0.516   1  2017  256  22.06  58010.115   94.9  1.177e+01 
 152555  1.031   2  2017  256  22.65  58010.139   94.9  1.010e+01 
 152556  1.031   2  2017  256  23.20  58010.162   94.9  8.666e+00 
 152557  0.500   1  2017  256  23.78  58010.186   94.9  7.967e+00 
 152559  0.516   1  2017  257   0.92  58010.234   94.9  1.068e+01 
 152560  0.516   1  2017  257   1.20  58010.246   94.9  1.125e+01 
 152644  0.562   4  2017  258  19.31  58012.000   94.6  2.499e+01 
 152658  0.389   2  2017  259   2.40  58012.295   94.5  1.526e+01 
 152659  0.778   4  2017  259   2.73  58012.309   94.5  1.535e+01 
 152697  0.383   1  2017  259  21.78  58013.103   94.0  1.868e+01 
 152698  1.150   3  2017  259  22.23  58013.122   93.9  1.779e+01 
 152795  0.667   1  2017  261  22.97  58015.153   89.0  1.106e+01 
 152796  0.667   1  2017  261  23.32  58015.167   88.9  1.141e+01 
 152798  0.992   1  2017  262   0.29  58015.208   88.9  1.047e+01 
 152799  0.992   1  2017  262   0.84  58015.230   88.9  1.055e+01 
 152801  1.037   3  2017  262   1.80  58015.271   88.8  1.208e+01 
 152802  0.346   1  2017  262   2.17  58015.286   88.8  1.534e+01 
 152803  0.525   1  2017  262   2.96  58015.319   88.7  1.426e+01 
 152804  0.525   1  2017  262   3.24  58015.331   88.7  1.568e+01 
 152805  1.050   2  2017  262   3.66  58015.348   88.7  1.959e+01 
 152937  0.346   1  2017  264  21.89  58018.107   84.3  2.229e+01 
 152938  1.037   3  2017  264  22.25  58018.123   84.3  1.923e+01 
 152940  0.992   1  2017  264  23.08  58018.157   84.2  3.139e+01 
 152941  0.992   1  2017  264  23.63  58018.180   84.2  2.894e+01 
 152942  0.346   1  2017  265   0.45  58018.214   84.2  3.226e+01 
 152943  1.037   3  2017  265   0.82  58018.230   84.1  2.595e+01 
 152944  0.691   2  2017  265   1.39  58018.254   84.1  2.145e+01 
 152945  0.691   2  2017  265   1.76  58018.269   84.1  2.232e+01 
 152946  0.346   1  2017  265   2.34  58018.293   84.1  2.414e+01 
 152947  1.037   3  2017  265   2.71  58018.308   84.0  2.219e+01 
 152985  0.992   1  2017  265  21.71  58019.100   83.1  1.714e+01 
 152986  0.992   1  2017  265  22.26  58019.123   83.1  1.712e+01 
 152988  1.289   2  2017  265  23.18  58019.162   83.1  2.187e+01 
 152998  0.667   1  2017  266   4.20  58019.370   82.9  1.758e+01 
 153041  1.037   3  2017  267   1.74  58020.268   82.1  2.525e+01 
 153042  0.346   1  2017  267   2.10  58020.283   82.1  2.339e+01 
 153043  1.050   2  2017  267   2.71  58020.308   82.1  2.352e+01 
 153044  1.050   2  2017  267   3.27  58020.332   82.1  2.236e+01 
 153087  0.691   2  2017  268   0.88  58021.232   81.6  1.668e+01 
 153088  0.691   2  2017  268   1.25  58021.247   81.6  1.942e+01 
 153089  0.461   1  2017  268   1.86  58021.273   81.6  1.866e+01 
 153090  0.922   2  2017  268   2.24  58021.289   81.6  1.785e+01 
 153091  0.461   1  2017  268   2.63  58021.305   81.6  2.174e+01 
 153092  0.780   3  2017  268   3.30  58021.333   81.6  1.717e+01 
 153138  0.922   2  2017  269   2.18  58022.286   81.4  2.722e+01 
 153139  0.922   2  2017  269   2.70  58022.308   81.4  2.592e+01 
 153140  0.461   1  2017  269   3.32  58022.334   81.4  2.693e+01 
 153141  0.922   2  2017  269   3.71  58022.350   81.4  2.609e+01 
 153142  0.461   1  2017  269   4.09  58022.366   81.4  2.367e+01 
 153172  0.368   1  2017  269  19.42  58023.005   81.3  1.641e+01 
 153173  0.368   1  2017  269  19.63  58023.013   81.3  1.670e+01 
 153174  0.534   1  2017  269  20.44  58023.047   81.3  1.397e+01 
 153175  0.534   1  2017  269  20.74  58023.060   81.3  1.664e+01 
 153178  0.702   1  2017  269  22.34  58023.126   81.3  1.719e+01 
 153179  0.702   1  2017  269  22.72  58023.142   81.3  1.988e+01 
 153180  0.702   1  2017  269  23.10  58023.158   81.3  1.938e+01 
 153181  0.702   1  2017  269  23.65  58023.181   81.3  2.117e+01 
 153182  1.403   2  2017  270   0.22  58023.205   81.2  2.221e+01 
 153184  1.035   1  2017  270   1.02  58023.238   81.2  2.054e+01 
 153185  1.035   1  2017  270   1.56  58023.261   81.2  2.090e+01 
 153186  1.035   1  2017  270   2.11  58023.283   81.2  2.184e+01 
 153187  1.000   1  2017  270   2.87  58023.315   81.2  2.338e+01 
 153188  1.000   1  2017  270   3.41  58023.338   81.2  2.619e+01 
 153189  1.000   1  2017  270   3.96  58023.361   81.2  3.269e+01 
 153191  0.535   1  2017  270   4.67  58023.390   81.2  3.536e+01 
 153220  0.535   1  2017  270  19.30  58024.000   81.1  1.967e+01 
 153221  0.703   1  2017  270  19.78  58024.020   81.1  1.483e+01 
 153222  0.703   1  2017  270  20.16  58024.035   81.1  1.400e+01 
 153223  1.070   2  2017  270  20.81  58024.063   81.1  1.387e+01 
 153224  0.869   1  2017  270  21.47  58024.090   81.1  1.568e+01 
 153225  0.869   1  2017  270  21.93  58024.109   81.1  1.639e+01 
 153226  0.869   1  2017  270  22.40  58024.129   81.1  1.930e+01 
 153228  1.036   1  2017  270  23.18  58024.161   81.1  2.328e+01 
 153229  1.036   1  2017  270  23.72  58024.184   81.1  2.322e+01 
 153230  1.036   1  2017  271   0.27  58024.207   81.0  2.137e+01 
 153231  1.036   1  2017  271   0.93  58024.234   81.0  1.860e+01 
 153232  1.036   1  2017  271   1.48  58024.257   81.0  1.723e+01 
 153234  1.036   1  2017  271   2.03  58024.280   81.0  1.582e+01 
 153235  1.036   1  2017  271   2.75  58024.310   81.0  1.628e+01 
 153236  1.036   1  2017  271   3.30  58024.333   81.0  1.028e+01 
 153237  1.036   1  2017  271   3.84  58024.356   81.0  9.699e+00 
 153238  0.700   1  2017  271   4.46  58024.381   81.0  1.058e+01 
 153269  0.450   3  2017  271  19.90  58025.025   80.9  1.696e+01 
 153270  0.750   5  2017  271  20.25  58025.039   80.9  1.815e+01 
 153273  0.667   1  2017  271  21.73  58025.101   80.9  1.482e+01 
 153274  0.667   1  2017  271  22.08  58025.115   80.9  1.399e+01 
 153380  0.541   7  2017  274   3.25  58027.331   80.6  4.541e+01 
 153381  0.541   7  2017  274   3.77  58027.353   80.6  4.567e+01 
 153714  0.667   1  2017  281   2.07  58034.282   79.5  1.901e+01 
 153715  0.559   1  2017  281   2.71  58034.308   79.5  2.163e+01 
 153716  0.667   2  2017  281   3.17  58034.328   79.5  2.450e+01 
 153809  0.455   1  2017  283   1.88  58036.274   78.5  1.334e+01 
 153810  0.910   2  2017  283   2.26  58036.290   78.5  1.302e+01 
 153811  0.455   1  2017  283   2.65  58036.306   78.5  1.293e+01 
 153846  0.750   1  2017  283  20.48  58037.049   78.1  2.639e+01 
 153847  0.750   1  2017  283  20.88  58037.066   78.1  2.652e+01 
 153848  0.750   1  2017  283  21.28  58037.082   78.1  2.747e+01 
 153849  0.750   1  2017  283  21.69  58037.099   78.1  2.709e+01 
 153850  0.667   1  2017  283  22.19  58037.120   78.1  2.569e+01 
 153851  1.333   2  2017  283  22.73  58037.143   78.1  2.192e+01 
 153855  0.750   1  2017  284   0.80  58037.229   78.0  1.552e+01 
 153856  0.750   1  2017  284   1.20  58037.246   78.0  1.412e+01 
 153857  0.750   1  2017  284   1.60  58037.262   78.0  1.287e+01 
 153858  0.750   1  2017  284   2.01  58037.279   78.0  1.291e+01 
 153859  1.333   2  2017  284   2.74  58037.310   78.0  1.672e+01 
 153860  0.667   1  2017  284   3.42  58037.338   78.0  1.842e+01 
 153861  0.667   1  2017  284   3.78  58037.353   77.9  1.826e+01 
 153862  0.667   1  2017  284   4.14  58037.368   77.9  1.959e+01 
 153863  0.403   2  2017  284   4.57  58037.386   77.9  2.436e+01 
 153892  0.403   2  2017  284  19.13  58037.993   77.6  4.218e+01 
 153893  0.667   1  2017  284  19.59  58038.012   77.6  3.977e+01 
 153894  0.667   1  2017  284  20.27  58038.040   77.6  3.796e+01 
 153895  0.667   1  2017  284  20.63  58038.055   77.6  3.544e+01 
 153896  0.750   1  2017  284  21.19  58038.078   77.6  4.019e+01 
 153897  1.500   2  2017  284  21.79  58038.104   77.6  4.025e+01 
 153898  0.750   1  2017  284  22.40  58038.129   77.5  3.788e+01 
 153901  1.333   2  2017  284  23.72  58038.184   77.5  3.285e+01 
 153903  1.500   2  2017  285   0.73  58038.226   77.5  2.291e+01 
 153906  0.736   2  2017  285   2.35  58038.294   77.5  1.544e+01 
 153908  0.750   1  2017  285   3.41  58038.338   77.4  1.286e+01 
 153909  0.750   1  2017  285   3.81  58038.354   77.4  1.202e+01 
 153910  0.750   1  2017  285   4.22  58038.371   77.4  1.452e+01 
 153911  0.333   1  2017  285   4.62  58038.388   77.4  2.195e+01 
 153941  0.442   1  2017  285  19.82  58039.021   77.1  1.865e+01 
 153942  0.883   2  2017  285  20.19  58039.037   77.1  1.922e+01 
 153943  0.442   1  2017  285  20.56  58039.052   77.1  1.747e+01 
 153945  0.883   2  2017  285  21.72  58039.101   77.1  1.691e+01 
 153946  0.883   2  2017  285  22.22  58039.121   77.1  1.962e+01 
 153947  0.883   2  2017  285  22.84  58039.147   77.0  1.814e+01 
 153948  0.883   2  2017  285  23.34  58039.168   77.0  1.920e+01 
 153988  0.701   1  2017  286  19.24  58039.997   76.6  2.686e+01 
 153990  0.701   1  2017  286  20.18  58040.036   76.6  2.637e+01 
 153991  0.701   1  2017  286  20.56  58040.052   76.6  2.458e+01 
 153992  0.701   1  2017  286  21.13  58040.076   76.6  2.153e+01 
 153993  0.701   1  2017  286  21.51  58040.092   76.6  2.137e+01 
 153996  0.534   1  2017  286  23.21  58040.163   76.5  2.971e+01 
 153997  0.534   1  2017  286  23.51  58040.175   76.5  2.455e+01 
 153998  0.701   1  2017  287   0.19  58040.203   76.5  2.296e+01 
 153999  0.701   1  2017  287   0.57  58040.219   76.5  2.284e+01 
 154000  1.034   1  2017  287   1.28  58040.249   76.5  2.662e+01 
 154001  1.034   1  2017  287   1.83  58040.272   76.5  3.086e+01 
 154003  1.034   1  2017  287   2.87  58040.315   76.4  2.455e+01 
 154004  1.034   1  2017  287   3.42  58040.338   76.4  2.272e+01 
 154005  0.534   1  2017  287   3.99  58040.362   76.4  2.468e+01 
 154006  0.534   1  2017  287   4.29  58040.374   76.4  2.650e+01 
 154035  0.701   1  2017  287  18.98  58040.986   76.1  1.786e+01 
 154036  0.701   1  2017  287  19.36  58041.002   76.1  1.308e+01 
 154037  0.701   1  2017  287  19.86  58041.023   76.1  1.307e+01 
 154041  0.701   1  2017  287  21.91  58041.109   76.0  1.489e+01 
 154042  0.701   1  2017  287  22.29  58041.125   76.0  1.597e+01 
 154043  0.622   2  2017  287  22.78  58041.145   76.0  2.054e+01 
 154045  1.034   1  2017  287  23.68  58041.182   76.0  2.006e+01 
 154046  1.034   1  2017  288   0.23  58041.205   76.0  2.128e+01 
 154047  0.701   1  2017  288   0.80  58041.229   76.0  2.362e+01 
 154048  0.701   1  2017  288   1.18  58041.245   76.0  2.360e+01 
 154049  1.034   1  2017  288   1.77  58041.269   76.0  2.152e+01 
 154050  1.034   1  2017  288   2.32  58041.292   76.0  1.946e+01 
 154052  0.357   2  2017  288   3.35  58041.335   75.9  1.853e+01 
 154054  0.869   2  2017  288   4.19  58041.370   75.9  1.954e+01 
 154084  0.482   1  2017  288  19.43  58042.005   75.7  2.637e+01 
 154085  0.482   1  2017  288  19.69  58042.016   75.6  2.498e+01 
 154086  1.013   2  2017  288  20.36  58042.044   75.6  1.980e+01 
 154088  1.502   2  2017  288  21.28  58042.082   75.6  2.038e+01 
 154089  0.728   1  2017  288  21.98  58042.111   75.6  2.103e+01 
 154090  0.728   1  2017  288  22.36  58042.127   75.6  1.973e+01 
 154091  0.833   1  2017  288  22.87  58042.148   75.6  1.728e+01 
 154092  0.833   1  2017  288  23.30  58042.166   75.6  1.513e+01 
 154093  0.461   1  2017  288  23.99  58042.195   75.6  1.364e+01 
 154094  0.461   1  2017  289   0.25  58042.206   75.6  1.448e+01 
 154095  0.922   2  2017  289   0.63  58042.222   75.6  1.476e+01 
 154096  0.525   1  2017  289   1.28  58042.249   75.5  1.570e+01 
 154097  1.050   2  2017  289   1.70  58042.266   75.5  1.665e+01 
 154133  0.648   1  2017  289  19.86  58043.023   75.2  1.956e+01 
 154134  0.648   1  2017  289  20.20  58043.037   75.2  1.814e+01 
 154139  0.833   1  2017  289  22.95  58043.152   75.1  1.305e+01 
 154140  0.833   1  2017  289  23.38  58043.170   75.1  1.262e+01 
 154142  0.833   1  2017  290   0.10  58043.200   75.1  1.191e+01 
 154143  0.833   1  2017  290   0.54  58043.218   75.1  1.073e+01 
 154145  0.678   2  2017  290   1.82  58043.271   75.1  1.530e+01 
 154146  0.339   1  2017  290   2.12  58043.284   75.1  1.444e+01 
 154147  0.507   1  2017  290   2.92  58043.317   75.1  2.033e+01 
 154148  0.507   1  2017  290   3.19  58043.328   75.1  2.066e+01 
 154182  0.751   1  2017  290  20.37  58044.044   74.7  1.851e+01 
 154183  0.751   1  2017  290  20.76  58044.061   74.7  1.784e+01 
 154191  0.340   1  2017  291   0.80  58044.229   74.7  1.738e+01 
 154192  1.020   3  2017  291   1.20  58044.246   74.7  2.039e+01 
 154194  0.444   2  2017  291   2.30  58044.292   74.6  2.507e+01 
 154291  1.022   1  2017  293   2.89  58046.316   73.7  2.991e+01 
 154292  1.022   1  2017  293   3.43  58046.339   73.7  3.271e+01 
 154293  0.357   2  2017  293   3.93  58046.359   73.7  2.888e+01 
 154325  1.457   2  2017  293  19.78  58047.020   73.4  3.159e+01 
 154333  0.461   1  2017  293  23.97  58047.194   73.4  1.688e+01 
 154334  0.922   2  2017  294   0.36  58047.210   73.4  1.963e+01 
 154336  1.022   1  2017  294   1.43  58047.255   73.3  2.889e+01 
 154337  1.022   1  2017  294   1.97  58047.278   73.3  3.370e+01 
 154339  0.772   1  2017  294   2.76  58047.310   73.3  4.298e+01 
 154340  0.772   1  2017  294   3.19  58047.329   73.3  4.971e+01 
 154341  0.667   1  2017  294   3.74  58047.351   73.3  4.906e+01 
 154373  0.728   1  2017  294  19.70  58048.016   73.1  1.980e+01 
 154375  0.482   1  2017  294  20.94  58048.068   73.1  2.000e+01 
 154386  0.922   2  2017  295   2.32  58048.292   73.1  2.319e+01 
 154387  0.922   2  2017  295   2.84  58048.314   73.1  2.177e+01 
 154389  1.578   2  2017  295   3.78  58048.353   73.1  2.177e+01 
 154437  1.689   1  2017  296   3.81  58049.354   72.9  2.147e+01 
 154469  0.963   2  2017  296  19.77  58050.019   72.9  1.170e+01 
 154471  0.963   2  2017  296  20.76  58050.061   72.9  1.262e+01 
 154472  0.648   1  2017  296  21.22  58050.080   72.9  1.072e+01 
 154479  0.525   1  2017  297   0.80  58050.229   72.9  1.851e+01 
 154480  1.050   2  2017  297   1.22  58050.246   72.9  1.944e+01 
 154481  0.525   1  2017  297   1.64  58050.264   72.9  1.907e+01 
 154482  0.922   2  2017  297   2.34  58050.293   72.8  2.067e+01 
 154483  0.922   2  2017  297   2.85  58050.314   72.8  1.855e+01 
 154485  0.772   1  2017  297   3.65  58050.348   72.8  2.523e+01 
 154486  0.772   1  2017  297   4.09  58050.366   72.8  2.617e+01 
 154517  0.759   1  2017  297  19.69  58051.016   72.8  1.479e+01 
 154518  0.759   1  2017  297  20.08  58051.032   72.8  1.465e+01 
 154565  0.667   2  2017  298  19.74  58052.018   72.7  1.317e+01 
 154566  0.333   1  2017  298  20.02  58052.030   72.7  1.440e+01 
 154567  1.297   2  2017  298  20.74  58052.060   72.7  1.365e+01 
 154613  0.475   1  2017  299  19.78  58053.020   72.5  8.858e+00 
 154614  0.950   2  2017  299  20.21  58053.038   72.5  1.020e+01 
 154615  0.475   1  2017  299  20.64  58053.056   72.5  1.049e+01 
 154671  0.910   2  2017  301   0.81  58054.229   72.4  1.965e+01 
 154672  0.910   2  2017  301   1.32  58054.251   72.4  2.507e+01 
 154674  0.922   2  2017  301   2.21  58054.288   72.4  2.541e+01 
 154675  0.922   2  2017  301   2.73  58054.309   72.4  2.588e+01 
 154759  0.648   1  2017  302  20.90  58056.067   72.2  1.428e+01 
 154760  0.648   1  2017  302  21.25  58056.081   72.2  1.578e+01 
 154762  0.611   4  2017  302  22.24  58056.122   72.2  1.473e+01 
 154764  0.455   1  2017  302  23.26  58056.165   72.2  1.577e+01 
 154765  0.910   2  2017  302  23.64  58056.181   72.2  1.835e+01 
 154766  0.455   1  2017  303   0.03  58056.197   72.2  1.832e+01 
 154810  0.455   1  2017  303  22.26  58057.123   72.1  1.099e+01 
 154811  0.910   2  2017  303  22.65  58057.139   72.1  9.635e+00 
 154814  0.910   2  2017  304   0.33  58057.209   72.1  1.580e+01 
 154815  0.455   1  2017  304   0.89  58057.233   72.1  1.574e+01 
 154816  0.910   2  2017  304   1.28  58057.249   72.1  1.961e+01 
 154817  0.455   1  2017  304   1.66  58057.265   72.1  2.183e+01 
 154858  0.455   1  2017  304  22.50  58058.133   72.1  1.409e+01 
 154859  0.455   1  2017  304  22.76  58058.144   72.1  1.500e+01 
 154860  0.455   1  2017  304  23.48  58058.174   72.1  1.786e+01 
 154861  0.910   2  2017  304  23.87  58058.190   72.1  1.556e+01 
 154862  0.455   1  2017  305   0.25  58058.206   72.1  1.383e+01 
 154863  0.667   1  2017  305   0.79  58058.229   72.1  1.208e+01 
 154864  0.667   1  2017  305   1.15  58058.244   72.1  1.094e+01 
 154865  1.333   2  2017  305   1.69  58058.266   72.1  1.015e+01 
 154912  0.611   4  2017  306   1.25  58059.248   72.1  1.020e+01 
 154914  0.764   5  2017  306   2.28  58059.291   72.1  1.185e+01 
 154915  0.458   3  2017  306   2.71  58059.309   72.1  1.217e+01 
 155105  0.764   5  2017  310   1.73  58063.268   71.8  1.576e+01 
 155143  0.871   1  2017  310  20.62  58064.055   71.7  1.283e+01 
 155144  0.871   1  2017  310  21.08  58064.074   71.7  1.248e+01 
 155145  0.871   1  2017  310  21.54  58064.093   71.7  1.131e+01 
 155146  0.910   2  2017  310  22.24  58064.122   71.7  1.037e+01 
 155147  0.910   2  2017  310  22.76  58064.144   71.7  1.031e+01 
 155149  0.455   1  2017  310  23.78  58064.187   71.7  1.329e+01 
 155150  0.910   2  2017  311   0.17  58064.203   71.7  1.218e+01 
 155151  0.455   1  2017  311   0.56  58064.219   71.7  1.088e+01 
 155290  0.833   1  2017  313  22.11  58067.117   71.1  1.568e+01 
 155291  0.833   1  2017  313  22.54  58067.135   71.1  1.789e+01 
 155292  0.833   1  2017  313  23.28  58067.166   71.1  2.214e+01 
 155293  0.833   1  2017  313  23.72  58067.184   71.1  2.760e+01 
 155334  0.750   1  2017  314  20.49  58068.049   70.9  1.564e+01 
 155335  0.750   1  2017  314  20.90  58068.066   70.9  1.521e+01 
 155336  0.750   1  2017  314  21.30  58068.083   70.9  1.470e+01 
 155337  0.750   1  2017  314  21.70  58068.100   70.9  1.675e+01 
 155339  1.000   1  2017  314  22.54  58068.135   70.9  1.687e+01 
 155340  1.000   1  2017  314  23.07  58068.157   70.9  1.829e+01 
 155341  1.000   1  2017  314  23.60  58068.179   70.9  1.912e+01 
 155342  1.000   1  2017  315   0.12  58068.201   70.9  1.988e+01 
 155343  0.667   1  2017  315   0.84  58068.231   70.9  1.920e+01 
 155344  0.667   1  2017  315   1.21  58068.246   70.9  2.037e+01 
 155345  0.667   1  2017  315   1.57  58068.261   70.9  2.337e+01 
 155346  1.000   1  2017  315   2.35  58068.293   70.9  2.344e+01 
 155347  1.000   1  2017  315   2.88  58068.315   70.9  2.011e+01 
 155348  1.000   1  2017  315   3.40  58068.337   70.9  1.795e+01 
 155349  1.000   1  2017  315   3.93  58068.359   70.9  1.726e+01 
 155380  0.667   1  2017  315  19.50  58069.008   70.9  1.224e+01 
 155382  1.333   2  2017  315  20.24  58069.039   70.9  1.345e+01 
 155384  0.667   1  2017  315  21.22  58069.080   70.9  1.444e+01 
 155385  1.333   2  2017  315  21.76  58069.102   70.9  1.588e+01 
 155387  1.000   1  2017  315  23.00  58069.154   70.9  1.624e+01 
 155389  1.000   1  2017  315  23.53  58069.176   70.9  1.398e+01 
 155390  1.000   1  2017  316   0.06  58069.198   70.9  1.518e+01 
 155391  1.000   1  2017  316   0.58  58069.220   70.9  1.491e+01 
 155392  0.750   1  2017  316   1.27  58069.248   70.9  1.480e+01 
 155393  0.750   1  2017  316   1.67  58069.265   70.9  1.407e+01 
 155394  1.500   2  2017  316   2.27  58069.290   70.8  1.547e+01 
 155395  0.667   1  2017  316   3.00  58069.320   70.8  1.624e+01 
 155396  0.556   1  2017  316   3.44  58069.339   70.8  1.586e+01 
 155397  0.667   1  2017  316   3.95  58069.360   70.8  1.790e+01 
 155429  0.992   1  2017  316  19.96  58070.027   70.8  1.362e+01 
 155431  0.992   1  2017  316  20.50  58070.050   70.8  1.295e+01 
 155432  0.992   1  2017  316  21.35  58070.085   70.8  1.420e+01 
 155433  0.992   1  2017  316  21.89  58070.108   70.8  1.543e+01 
 155435  0.736   2  2017  316  22.74  58070.143   70.8  1.576e+01 
 155436  0.736   2  2017  316  23.17  58070.161   70.8  1.302e+01 
 155478  0.992   1  2017  317  20.03  58071.030   70.8  5.741e+00 
 155479  0.992   1  2017  317  20.57  58071.053   70.8  5.493e+00 
 155480  0.525   1  2017  317  21.27  58071.082   70.8  6.082e+00 
 155481  1.050   2  2017  317  21.69  58071.100   70.7  7.318e+00 
 155482  0.525   1  2017  317  22.12  58071.117   70.7  6.943e+00 
 155486  0.461   1  2017  318   0.40  58071.212   70.7  1.036e+01 
 155487  0.922   2  2017  318   0.79  58071.228   70.7  1.129e+01 
 155488  0.461   1  2017  318   1.18  58071.245   70.7  1.060e+01 
 155489  0.790   1  2017  318   1.84  58071.272   70.7  1.024e+01 
 155490  0.790   1  2017  318   2.25  58071.289   70.7  9.709e+00 
 155492  0.926   1  2017  318   3.02  58071.321   70.7  1.322e+01 
 155493  0.926   1  2017  318   3.51  58071.342   70.7  1.378e+01 
 155534  1.667   2  2017  319   0.25  58072.206   70.7  1.529e+01 
 155536  1.050   2  2017  319   1.32  58072.251   70.7  1.397e+01 
 155537  0.525   1  2017  319   1.74  58072.268   70.7  1.365e+01 
 155538  0.525   1  2017  319   2.02  58072.280   70.7  1.413e+01 
 155539  0.357   2  2017  319   2.62  58072.305   70.7  1.646e+01 
 155540  0.667   1  2017  319   3.42  58072.338   70.7  1.879e+01 
 155576  1.050   2  2017  319  21.22  58073.080   70.6  1.087e+01 
 155577  1.050   2  2017  319  21.78  58073.103   70.6  1.462e+01 
 155579  0.900   6  2017  319  22.72  58073.142   70.6  1.462e+01 
 155580  0.450   3  2017  319  23.11  58073.158   70.6  2.018e+01 
 155581  0.926   1  2017  319  23.80  58073.187   70.6  1.250e+01 
 155583  0.926   1  2017  320   0.89  58073.233   70.6  1.163e+01 
 155584  0.926   1  2017  320   1.39  58073.253   70.6  1.196e+01 
 155586  1.050   2  2017  320   2.30  58073.292   70.6  1.165e+01 
 155587  0.525   1  2017  320   2.72  58073.309   70.6  1.208e+01 
 155588  0.525   1  2017  320   3.01  58073.321   70.6  1.164e+01 
 155630  1.544   2  2017  321   0.25  58074.206   70.5  9.544e+00 
 155633  0.368   1  2017  321   1.51  58074.259   70.5  8.119e+00 
 155635  0.772   1  2017  321   2.61  58074.304   70.5  1.448e+01 
 155636  0.772   1  2017  321   3.05  58074.323   70.5  1.203e+01 
 155677  0.450   3  2017  321  23.83  58075.189   70.4  6.719e+00 
 155678  0.900   6  2017  322   0.25  58075.206   70.4  7.127e+00 
 155720  1.050   2  2017  322  21.17  58076.078   70.4  7.480e+00 
 155721  1.050   2  2017  322  21.73  58076.101   70.4  8.693e+00 
 155725  0.900   6  2017  322  23.75  58076.185   70.4  1.070e+01 
 155726  0.450   3  2017  323   0.14  58076.202   70.4  1.206e+01 
 155862  1.050   2  2017  325  20.24  58079.039   70.3  8.571e+00 
 155863  1.050   2  2017  325  20.80  58079.062   70.3  9.203e+00 
 155865  0.926   1  2017  325  21.69  58079.099   70.3  1.016e+01 
 155866  0.926   1  2017  325  22.19  58079.120   70.3  1.082e+01 
 155867  0.772   1  2017  325  22.83  58079.147   70.3  1.118e+01 
 155868  0.772   1  2017  325  23.27  58079.165   70.3  1.194e+01 
 155872  0.772   1  2017  326   1.07  58079.240   70.3  8.745e+00 
 155873  0.772   1  2017  326   1.50  58079.258   70.3  7.259e+00 
 155916  0.910   2  2017  326  23.16  58080.161   70.3  1.905e+01 
 155917  0.455   1  2017  326  23.55  58080.177   70.3  1.640e+01 
 155918  0.910   2  2017  327   0.24  58080.206   70.3  1.674e+01 
 155919  0.910   2  2017  327   0.76  58080.227   70.3  1.883e+01 
 155920  0.631   2  2017  327   1.39  58080.254   70.3  1.404e+01 
 155922  0.644   1  2017  327   2.35  58080.293   70.3  9.305e+00 
 155923  0.644   1  2017  327   2.69  58080.308   70.3  9.263e+00 
 155924  0.333   1  2017  327   3.33  58080.334   70.3  7.435e+00 
 156638  0.922   2  2017  342   0.33  58095.209   69.3  6.485e+00 
 156639  0.922   2  2017  342   0.84  58095.231   69.3  5.252e+00 
 156641  0.922   2  2017  342   1.65  58095.264   69.3  7.589e+00 
 156642  0.461   1  2017  342   2.04  58095.281   69.3  8.234e+00 
 156644  0.667   2  2017  342   3.26  58095.331   69.3  6.848e+00 
 156773  0.667   1  2017  344  19.94  58098.026   69.4  6.438e+00 
 156774  0.667   1  2017  344  20.30  58098.041   69.4  5.740e+00 
 156775  0.667   1  2017  344  20.79  58098.062   69.4  5.412e+00 
 156776  0.667   1  2017  344  21.15  58098.077   69.4  4.932e+00 
 156777  0.667   1  2017  344  21.51  58098.092   69.4  4.843e+00 
 156778  0.750   1  2017  344  22.32  58098.126   69.4  4.965e+00 
 156779  0.750   1  2017  344  22.73  58098.142   69.4  4.793e+00 
 156780  0.750   1  2017  344  23.13  58098.159   69.4  4.481e+00 
 156781  1.000   2  2017  344  23.77  58098.186   69.4  4.665e+00 
 156782  0.357   2  2017  345   0.28  58098.207   69.4  3.960e+00 
 156783  0.691   2  2017  345   0.87  58098.232   69.4  4.511e+00 
 156784  0.691   2  2017  345   1.24  58098.247   69.4  4.543e+00 
 156821  0.500   1  2017  345  19.88  58099.024   69.4  1.103e+01 
 156822  0.500   1  2017  345  20.16  58099.035   69.4  9.372e+00 
 156823  0.750   1  2017  345  20.75  58099.060   69.4  9.348e+00 
 156824  0.750   1  2017  345  21.16  58099.077   69.4  9.672e+00 
 156825  1.500   2  2017  345  21.76  58099.102   69.5  8.617e+00 
 156827  1.333   2  2017  345  22.69  58099.141   69.5  8.612e+00 
 156828  0.667   1  2017  345  23.23  58099.163   69.5  8.531e+00 
 156829  1.000   2  2017  345  23.82  58099.188   69.5  8.722e+00 
 156833  0.750   5  2017  346   1.75  58099.269   69.5  5.829e+00 
 156834  0.450   3  2017  346   2.10  58099.283   69.5  4.146e+00 
 156835  0.444   2  2017  346   2.83  58099.314   69.5  5.401e+00 
 157066  0.667   1  2017  350  22.22  58104.121   69.5  4.594e+00 
 157067  0.667   1  2017  350  22.57  58104.136   69.5  4.829e+00 
 157068  0.644   1  2017  350  23.31  58104.167   69.5  5.216e+00 
 157069  0.644   1  2017  350  23.65  58104.181   69.5  5.695e+00 
 157070  0.926   1  2017  351   0.33  58104.209   69.5  5.681e+00 
 157071  0.926   1  2017  351   0.82  58104.230   69.5  5.312e+00 
 157073  0.750   5  2017  351   1.75  58104.268   69.5  4.343e+00 
 157074  0.600   4  2017  351   2.14  58104.285   69.5  4.072e+00 
 157075  0.667   1  2017  351   2.80  58104.312   69.5  2.478e+00 
 157076  0.667   1  2017  351   3.15  58104.327   69.5  3.737e+00 
 157111  0.615   1  2017  351  20.93  58105.067   69.5  7.099e+00 
 157112  0.334   1  2017  351  21.38  58105.086   69.5  6.755e+00 
 157163  0.910   2  2017  352  22.84  58106.147   69.6  2.546e+00 
 157164  0.910   2  2017  352  23.36  58106.169   69.6  2.902e+00 
 157255  1.023   1  2017  354  20.69  58108.057   69.6  4.907e+00 
 157256  0.455   1  2017  354  21.46  58108.090   69.7  4.927e+00 
 157257  0.910   2  2017  354  21.84  58108.106   69.7  5.572e+00 
 157258  0.455   1  2017  354  22.23  58108.122   69.7  5.826e+00 
 157261  1.023   1  2017  354  23.72  58108.184   69.7  7.945e+00 
 157262  0.600   4  2017  355   0.37  58108.211   69.7  6.692e+00 
 157263  0.750   5  2017  355   0.76  58108.227   69.7  6.201e+00 
 157265  0.797   7  2017  355   1.78  58108.270   69.7  5.254e+00 
 157266  0.569   5  2017  355   2.22  58108.288   69.7  6.090e+00 
 157303  0.772   1  2017  355  20.77  58109.061   69.7  6.822e+00 
 157304  0.772   1  2017  355  21.21  58109.079   69.7  6.383e+00 
 157305  0.516   1  2017  355  21.99  58109.112   69.7  5.659e+00 
 157306  0.516   1  2017  355  22.27  58109.124   69.7  5.276e+00 
 157307  1.031   2  2017  355  22.68  58109.141   69.7  6.840e+00 
 157308  0.926   1  2017  355  23.34  58109.168   69.7  8.390e+00 
 157309  0.926   1  2017  355  23.83  58109.189   69.7  9.563e+00 
 157311  0.914   7  2017  356   0.77  58109.227   69.7  9.483e+00 
 157312  0.653   5  2017  356   1.22  58109.246   69.7  9.440e+00 
 157316  0.458   4  2017  356   3.30  58109.333   69.7  8.099e+00 
 157350  0.516   1  2017  356  20.40  58110.046   69.7  5.215e+00 
 157351  1.031   2  2017  356  20.82  58110.063   69.7  5.375e+00 
 157352  0.516   1  2017  356  21.23  58110.080   69.7  5.745e+00 
 157358  0.461   1  2017  357   0.28  58110.207   69.7  6.497e+00 
 157359  0.922   2  2017  357   0.66  58110.223   69.7  5.967e+00 
 157360  0.461   1  2017  357   1.05  58110.239   69.7  5.829e+00 
 157361  0.556   2  2017  357   1.73  58110.268   69.7  5.336e+00 
 157364  0.750   5  2017  357   3.25  58110.331   69.7  3.938e+00 
 157365  0.450   3  2017  357   3.60  58110.345   69.7  4.480e+00 
 157401  0.963   2  2017  357  21.70  58111.100   69.6  5.458e+00 
 157408  0.458   4  2017  358   1.26  58111.248   69.6  3.541e+00 
 157409  0.458   4  2017  358   1.68  58111.266   69.6  3.275e+00 
 157410  0.343   3  2017  358   2.39  58111.295   69.6  4.115e+00 
 157411  0.458   4  2017  358   2.76  58111.311   69.6  4.121e+00 
 157508  0.444   2  2017  360   3.43  58113.339   69.4  3.648e+00 
 157649  0.648   1  2017  363   1.95  58116.277   69.3  5.404e+00 
 157650  0.648   1  2017  363   2.30  58116.291   69.3  5.614e+00 
 157982  0.461   1  2018    5   0.26  58123.207   68.9  7.172e+00 
 157983  0.922   2  2018    5   0.65  58123.223   68.9  6.893e+00 
 157984  0.461   1  2018    5   1.04  58123.239   68.9  5.030e+00 
 158027  0.461   1  2018    5  22.94  58124.152   68.7  4.059e+00 
 158028  0.922   2  2018    5  23.33  58124.168   68.7  4.229e+00 
 158029  0.461   1  2018    5  23.72  58124.184   68.7  3.912e+00 
 158030  0.789   1  2018    6   0.34  58124.210   68.7  3.596e+00 
 158031  0.789   1  2018    6   0.76  58124.227   68.7  3.273e+00 
 158215  0.697   1  2018    9  20.85  58128.064   68.0  2.049e+00 
 158216  0.697   1  2018    9  21.22  58128.080   68.0  1.701e+00 
 158217  0.697   1  2018    9  21.68  58128.099   68.0  1.815e+00 
 158218  1.000   2  2018    9  22.30  58128.125   68.0  3.545e+00 
 158219  0.500   1  2018    9  22.71  58128.142   68.0  4.253e+00 
 158220  0.697   1  2018    9  23.16  58128.161   68.0  4.863e+00 
 158221  1.394   2  2018    9  23.74  58128.185   68.0  4.343e+00 
 158222  0.697   1  2018   10   0.33  58128.209   68.0  4.986e+00 
 158223  0.697   1  2018   10   0.76  58128.227   68.0  4.296e+00 
 158224  0.697   1  2018   10   1.21  58128.246   68.0  4.567e+00 
 158225  0.697   1  2018   10   1.58  58128.261   68.0  3.910e+00 
 158226  1.394   2  2018   10   2.19  58128.287   68.0  3.010e+00 
 158227  0.697   1  2018   10   2.90  58128.316   68.0  2.643e+00 
 158228  0.697   1  2018   10   3.26  58128.331   68.0  2.502e+00 
 158229  0.697   1  2018   10   3.68  58128.349   68.0  2.869e+00 
 158263  0.697   1  2018   10  20.83  58129.063   68.0  6.262e+00 
 158264  0.697   1  2018   10  21.19  58129.079   68.0  6.197e+00 
 158265  0.697   1  2018   10  21.68  58129.099   68.0  6.717e+00 
 158266  0.697   1  2018   10  22.04  58129.114   68.0  7.138e+00 
 158267  1.394   2  2018   10  22.71  58129.142   68.0  7.614e+00 
 158268  0.697   1  2018   10  23.40  58129.171   68.0  7.438e+00 
 158269  0.697   1  2018   10  23.77  58129.186   68.0  6.865e+00 
 158270  0.697   1  2018   11   0.22  58129.205   68.0  6.756e+00 
 158271  0.697   1  2018   11   0.69  58129.224   68.0  6.789e+00 
 158272  1.394   2  2018   11   1.26  58129.248   68.0  6.719e+00 
 158274  0.697   1  2018   11   2.30  58129.292   68.0  6.308e+00 
 158275  0.697   1  2018   11   2.67  58129.307   68.0  5.936e+00 
 158276  1.394   2  2018   11   3.27  58129.332   68.0  6.141e+00 
 158311  0.697   1  2018   11  20.68  58130.057   68.0  5.787e+00 
 158312  1.394   2  2018   11  21.26  58130.082   68.0  5.665e+00 
 158313  0.697   1  2018   11  21.84  58130.106   68.0  6.161e+00 
 158314  0.697   1  2018   11  22.36  58130.127   68.0  5.721e+00 
 158315  0.553   1  2018   11  22.69  58130.141   68.0  5.227e+00 
 158316  0.697   1  2018   11  23.21  58130.163   68.0  6.163e+00 
 158317  0.697   1  2018   11  23.58  58130.178   68.0  6.129e+00 
 158318  1.394   2  2018   12   0.19  58130.203   68.0  5.357e+00 
 158319  0.697   1  2018   12   0.83  58130.230   68.0  4.304e+00 
 158320  0.697   1  2018   12   1.20  58130.246   68.0  4.288e+00 
 158321  1.394   2  2018   12   1.81  58130.271   68.0  4.555e+00 
 158322  0.697   1  2018   12   2.45  58130.298   68.0  4.539e+00 
 158323  0.697   1  2018   12   2.82  58130.313   68.0  4.808e+00 
 158324  0.697   1  2018   12   3.24  58130.331   68.0  5.342e+00 
 158325  0.697   1  2018   12   3.61  58130.346   67.9  4.694e+00 
 158372  0.458   4  2018   13   3.24  58131.331   67.9  5.880e+00 
 158409  0.644   1  2018   13  21.68  58132.099   67.9  5.643e+00 
 158410  0.644   1  2018   13  22.02  58132.113   67.9  5.081e+00 
 158411  0.922   2  2018   13  22.66  58132.140   67.9  5.537e+00 
 158412  0.922   2  2018   13  23.18  58132.161   67.9  7.167e+00 
 158414  0.572   5  2018   14   0.26  58132.206   67.9  7.424e+00 
 158416  0.343   3  2018   14   1.17  58132.244   67.9  7.367e+00 
 158418  0.944   2  2018   14   2.15  58132.285   67.9  6.899e+00 
 158419  0.944   2  2018   14   2.69  58132.308   67.9  5.900e+00 
 158420  0.944   2  2018   14   3.31  58132.334   67.9  6.007e+00 
 158421  0.944   2  2018   14   3.85  58132.356   67.9  6.404e+00 
 158455  0.871   1  2018   14  20.65  58133.056   67.9  5.728e+00 
 158456  0.871   1  2018   14  21.11  58133.075   67.9  4.835e+00 
 158457  0.871   1  2018   14  21.57  58133.094   67.9  5.045e+00 
 158458  0.922   2  2018   14  22.22  58133.121   67.9  5.651e+00 
 158459  0.922   2  2018   14  22.73  58133.143   67.9  6.654e+00 
 158463  0.458   4  2018   15   0.75  58133.227   67.9  6.501e+00 
 158464  0.343   3  2018   15   1.12  58133.242   67.9  6.885e+00 
 158465  0.472   1  2018   15   1.74  58133.268   67.9  7.656e+00 
 158466  0.944   2  2018   15   2.14  58133.285   67.9  7.811e+00 
 158467  0.472   1  2018   15   2.54  58133.301   67.9  7.099e+00 
 158468  0.944   2  2018   15   3.18  58133.328   67.9  8.828e+00 
 158469  0.944   2  2018   15   3.72  58133.351   67.9  9.759e+00 
 158505  0.461   1  2018   15  21.80  58134.104   67.8  3.071e+00 
 158506  0.922   2  2018   15  22.19  58134.120   67.8  3.356e+00 
 158507  0.461   1  2018   15  22.58  58134.136   67.8  4.233e+00 
 158510  0.458   4  2018   16   0.25  58134.206   67.8  4.541e+00 
 158511  0.343   3  2018   16   0.62  58134.221   67.8  3.814e+00 
 158513  0.472   1  2018   16   1.85  58134.272   67.8  3.998e+00 
 158514  0.944   2  2018   16   2.25  58134.289   67.8  3.820e+00 
 158515  0.472   1  2018   16   2.65  58134.306   67.8  4.026e+00 
 158551  1.023   1  2018   16  20.63  58135.055   67.8  4.225e+00 
 158599  1.023   1  2018   17  21.00  58136.071   67.8  8.288e+00 
 158601  0.357   2  2018   17  21.77  58136.103   67.8  9.003e+00 
 158602  0.461   1  2018   17  22.41  58136.129   67.8  1.028e+01 
 158603  0.922   2  2018   17  22.80  58136.145   67.8  9.989e+00 
 158604  0.461   1  2018   17  23.18  58136.162   67.8  1.001e+01 
 158605  0.343   3  2018   17  23.81  58136.188   67.8  1.056e+01 
 158606  0.572   5  2018   18   0.24  58136.206   67.8  1.036e+01 
 158608  0.925   3  2018   18   1.19  58136.245   67.8  8.710e+00 
 158609  0.925   3  2018   18   1.75  58136.268   67.8  7.954e+00 
 158610  0.617   2  2018   18   2.24  58136.289   67.8  7.024e+00 
 158611  0.925   3  2018   18   2.71  58136.308   67.8  7.053e+00 
 158612  0.925   3  2018   18   3.29  58136.333   67.8  5.241e+00 
 158648  0.644   1  2018   18  21.43  58137.089   67.8  4.851e+00 
 158649  0.644   1  2018   18  21.77  58137.103   67.8  5.551e+00 
 158650  0.922   2  2018   18  22.34  58137.126   67.8  6.526e+00 
 158651  0.922   2  2018   18  22.86  58137.148   67.8  7.462e+00 
 158653  0.343   3  2018   18  23.70  58137.183   67.8  8.123e+00 
 158657  0.667   1  2018   19   1.82  58137.271   67.8  6.374e+00 
 158658  0.667   1  2018   19   2.17  58137.286   67.8  6.083e+00 
 158659  0.472   1  2018   19   2.74  58137.310   67.8  6.050e+00 
 158660  0.944   2  2018   19   3.14  58137.326   67.8  6.000e+00 
 158661  0.472   1  2018   19   3.54  58137.343   67.8  5.438e+00 
 158698  1.023   1  2018   19  22.37  58138.128   67.8  8.784e+00 
 158704  0.433   1  2018   20   1.34  58138.251   67.8  8.365e+00 
 158705  0.867   2  2018   20   1.71  58138.267   67.8  7.728e+00 
 158706  0.433   1  2018   20   2.08  58138.282   67.8  7.671e+00 
 158707  0.333   1  2018   20   2.82  58138.313   67.8  7.794e+00 
 158708  0.333   1  2018   20   3.02  58138.321   67.8  7.753e+00 
 158709  1.500   1  2018   20   3.60  58138.346   67.7  7.946e+00 
 158744  1.023   1  2018   20  21.14  58139.076   67.7  3.611e+00 
 158745  0.922   2  2018   20  21.78  58139.103   67.7  4.475e+00 
 158746  0.922   2  2018   20  22.30  58139.125   67.7  6.063e+00 
 158747  0.691   2  2018   20  22.90  58139.150   67.7  6.415e+00 
 158748  0.691   2  2018   20  23.27  58139.165   67.7  6.547e+00 
 158751  0.925   3  2018   21   0.74  58139.226   67.7  1.144e+01 
 158752  0.617   2  2018   21   1.23  58139.247   67.7  1.147e+01 
 158753  0.925   3  2018   21   1.72  58139.267   67.7  1.129e+01 
 158754  0.617   2  2018   21   2.17  58139.286   67.7  1.054e+01 
 158755  0.925   3  2018   21   2.70  58139.308   67.7  9.575e+00 
 158756  0.925   3  2018   21   3.24  58139.331   67.7  8.816e+00 
 159473  0.333   1  2018   36   1.67  58154.265   70.5  4.744e+00 
 159474  0.667   2  2018   36   2.15  58154.285   70.5  3.287e+00 
 159519  0.333   1  2018   37   0.97  58155.236   70.5  7.542e+00 
 159520  0.667   2  2018   37   1.26  58155.248   70.5  6.818e+00 
 159521  0.333   1  2018   37   1.55  58155.260   70.5  6.530e+00 
 159522  0.667   1  2018   37   2.38  58155.295   70.5  3.718e+00 
 159523  0.667   1  2018   37   2.73  58155.309   70.5  3.159e+00 
 159762  0.667   2  2018   42   2.34  58160.293   70.3  8.502e+00 
 159899  1.023   1  2018   44  22.73  58163.143   70.4  9.235e+00 
 159957  1.333   2  2018   46   3.76  58164.352   70.3  9.936e+00 
 159999  0.489   4  2018   47   0.86  58165.231   70.3  1.267e+01 
 160000  0.733   6  2018   47   1.25  58165.248   70.3  1.452e+01 
 160001  0.733   6  2018   47   1.77  58165.269   70.3  1.356e+01 
 160002  0.733   6  2018   47   2.26  58165.290   70.3  1.333e+01 
 160040  0.622   2  2018   47  21.29  58166.083   70.3  1.019e+01 
 160041  0.622   2  2018   47  21.64  58166.097   70.3  9.668e+00 
 160044  0.800   3  2018   47  23.25  58166.164   70.3  1.729e+01 
 160045  0.433   3  2018   47  23.70  58166.183   70.3  1.773e+01 
 160048  0.533   2  2018   48   1.29  58166.249   70.3  2.308e+01 
 160049  0.533   2  2018   48   1.59  58166.262   70.3  1.859e+01 
 160050  1.067   2  2018   48   2.15  58166.285   70.3  1.720e+01 
 160051  0.600   3  2018   48   2.79  58166.312   70.3  1.545e+01 
 160052  0.600   3  2018   48   3.22  58166.330   70.3  1.165e+01 
 160053  0.600   3  2018   48   3.68  58166.349   70.3  1.066e+01 
 160054  0.800   4  2018   48   4.24  58166.372   70.3  1.016e+01 
 160086  0.933   3  2018   48  20.23  58167.038   70.3  1.900e+01 
 160087  0.622   2  2018   48  20.79  58167.062   70.3  2.297e+01 
 160088  0.622   2  2018   48  21.14  58167.076   70.3  2.251e+01 
 160089  0.933   3  2018   48  21.68  58167.099   70.3  2.137e+01 
 160090  0.622   2  2018   48  22.20  58167.120   70.3  1.929e+01 
 160091  0.933   3  2018   48  22.71  58167.142   70.3  1.555e+01 
 160092  0.622   2  2018   48  23.25  58167.164   70.2  1.647e+01 
 160093  0.622   2  2018   48  23.60  58167.179   70.2  1.467e+01 
 160094  1.017   1  2018   49   0.28  58167.207   70.2  1.312e+01 
 160095  1.017   1  2018   49   0.96  58167.236   70.2  1.128e+01 
 160097  1.017   1  2018   49   1.54  58167.260   70.2  1.048e+01 
 160098  0.933   3  2018   49   2.18  58167.286   70.2  1.155e+01 
 160099  0.622   2  2018   49   2.69  58167.308   70.2  1.090e+01 
 160100  0.933   3  2018   49   3.23  58167.330   70.2  1.084e+01 
 160102  0.933   3  2018   49   4.27  58167.373   70.2  1.043e+01 
 160134  0.389   5  2018   49  20.17  58168.036   70.1  6.507e+00 
 160136  0.556   2  2018   49  21.27  58168.082   70.1  7.226e+00 
 160138  0.433   1  2018   49  22.36  58168.127   70.1  7.036e+00 
 160139  0.867   2  2018   49  22.73  58168.143   70.1  7.159e+00 
 160140  0.433   1  2018   49  23.10  58168.158   70.1  7.095e+00 
 160141  0.556   2  2018   49  23.81  58168.188   70.1  4.824e+00 
 160145  0.800   1  2018   50   1.69  58168.266   70.1  7.195e+00 
 160146  0.800   1  2018   50   2.10  58168.283   70.0  7.713e+00 
 160189  0.867   2  2018   50  23.67  58169.182   69.8  5.554e+00 
 160191  1.572   1  2018   51   0.67  58169.223   69.8  6.115e+00 
 160230  0.437   3  2018   51  20.11  58170.034   69.6  5.309e+00 
 160235  0.556   2  2018   51  22.70  58170.141   69.5  4.016e+00 
 160237  0.667   1  2018   51  23.67  58170.182   69.5  4.420e+00 
 160238  0.667   1  2018   52   0.01  58170.196   69.5  5.067e+00 
 160240  0.611   5  2018   52   1.28  58170.249   69.5  4.092e+00 
 160241  0.856   7  2018   52   1.75  58170.268   69.5  4.584e+00 
 160243  0.856   7  2018   52   2.76  58170.311   69.5  6.065e+00 
 160244  0.489   4  2018   52   3.19  58170.328   69.5  6.397e+00 
 160245  0.738   3  2018   52   3.73  58170.351   69.5  8.286e+00 
 160246  0.738   3  2018   52   4.15  58170.369   69.5  8.848e+00 
 160277  0.437   3  2018   52  19.85  58171.023   69.3  3.227e+00 
 160279  0.772   1  2018   52  20.61  58171.054   69.3  3.559e+00 
 160280  0.772   1  2018   52  21.05  58171.072   69.2  3.747e+00 
 160281  0.772   1  2018   52  21.84  58171.105   69.2  4.357e+00 
 160282  0.772   1  2018   52  22.27  58171.124   69.2  5.063e+00 
 160290  0.984   4  2018   53   2.27  58171.290   69.2  8.223e+00 
 160292  0.738   3  2018   53   3.28  58171.332   69.2  6.877e+00 
 160293  0.738   3  2018   53   3.71  58171.350   69.2  7.022e+00 
 160327  0.544   2  2018   53  20.84  58172.064   68.9  6.474e+00 
 160333  0.667   1  2018   53  23.86  58172.190   68.9  6.167e+00 
 160334  0.667   1  2018   54   0.20  58172.204   68.9  5.643e+00 
 160337  0.738   3  2018   54   1.74  58172.268   68.8  6.177e+00 
 160338  0.492   2  2018   54   2.10  58172.283   68.8  7.194e+00 
 160339  0.509   1  2018   54   2.76  58172.310   68.8  8.022e+00 
 160340  0.509   1  2018   54   3.02  58172.321   68.8  7.749e+00 
 160431  0.691   2  2018   56   0.79  58174.229   68.1  8.382e+00 
 160432  0.346   1  2018   56   1.25  58174.248   68.1  1.047e+01 
 160435  0.333   1  2018   56   2.88  58174.316   68.1  1.698e+01 
 160436  1.000   3  2018   56   3.27  58174.332   68.1  1.590e+01 
 160806  1.023   1  2018   63  20.22  58182.038   66.9  5.034e+00 
 160808  0.833   3  2018   63  21.20  58182.079   66.9  4.469e+00 
 160809  0.833   3  2018   63  21.72  58182.100   66.9  4.041e+00 
 160811  0.833   3  2018   63  22.79  58182.145   66.9  4.116e+00 
 160812  0.556   2  2018   63  23.23  58182.163   66.9  4.528e+00 
 160814  0.833   3  2018   64   0.19  58182.203   66.9  4.431e+00 
 160815  0.556   2  2018   64   0.62  58182.221   66.9  3.806e+00 
 161000  0.556   2  2018   67  21.22  58186.080   67.0  5.916e+00 
 161045  1.048   3  2018   68  19.73  58187.018   67.0  1.280e+01 
 161046  0.699   2  2018   68  20.21  58187.038   67.0  1.209e+01 
 161047  1.048   3  2018   68  20.70  58187.058   67.0  1.205e+01 
 161053  1.572   1  2018   68  23.65  58187.181   67.0  1.287e+01 
 161055  1.333   2  2018   69   0.79  58187.228   67.0  1.685e+01 
 161056  0.667   1  2018   69   1.45  58187.256   67.0  1.893e+01 
 161057  0.667   1  2018   69   1.80  58187.270   67.0  1.912e+01 
 161093  0.333   1  2018   69  19.76  58188.019   67.1  1.097e+01 
 161094  1.000   3  2018   69  20.22  58188.038   67.1  8.873e+00 
 161096  0.772   1  2018   69  21.05  58188.073   67.1  7.953e+00 
 161102  0.473   4  2018   70   0.26  58188.206   67.1  6.378e+00 
 161103  0.355   3  2018   70   0.78  58188.228   67.1  6.558e+00 
 161104  0.473   4  2018   70   1.29  58188.249   67.1  5.792e+00 
 161105  0.473   4  2018   70   1.72  58188.267   67.1  6.698e+00 
 161108  0.591   4  2018   70   3.15  58188.327   67.1  9.697e+00 
 161110  0.667   1  2018   70   4.16  58188.369   67.1  1.696e+01 
 161111  0.667   1  2018   70   4.50  58188.383   67.1  2.067e+01 
 161142  0.833   1  2018   70  20.27  58189.040   67.1  1.329e+01 
 161143  0.833   1  2018   70  20.71  58189.058   67.1  1.265e+01 
 161144  0.800   1  2018   70  21.43  58189.089   67.1  1.117e+01 
 161145  0.800   1  2018   70  21.85  58189.106   67.1  1.062e+01 
 161147  0.797   7  2018   70  22.74  58189.143   67.1  9.577e+00 
 161150  0.342   3  2018   71   0.26  58189.207   67.1  1.209e+01 
 161151  0.456   4  2018   71   0.87  58189.232   67.1  1.537e+01 
 161152  0.683   6  2018   71   1.25  58189.248   67.1  1.476e+01 
 161153  0.606   3  2018   71   1.80  58189.270   67.1  1.117e+01 
 161154  0.492   2  2018   71   2.27  58189.290   67.1  1.476e+01 
 161157  1.347   2  2018   71   3.71  58189.350   67.1  2.358e+01 
 161159  0.673   1  2018   71   4.69  58189.391   67.1  2.572e+01 
 161189  0.516   1  2018   71  19.90  58190.025   67.1  8.985e+00 
 161190  1.031   2  2018   71  20.32  58190.042   67.1  9.823e+00 
 161191  0.516   1  2018   71  20.73  58190.059   67.1  1.070e+01 
 161192  0.516   1  2018   71  21.23  58190.080   67.1  1.162e+01 
 161193  1.031   2  2018   71  21.64  58190.097   67.1  1.199e+01 
 161194  0.516   1  2018   71  22.06  58190.115   67.1  1.234e+01 
 161195  0.342   3  2018   71  22.92  58190.150   67.1  1.264e+01 
 161196  0.569   5  2018   71  23.21  58190.163   67.1  1.377e+01 
 161199  0.342   3  2018   72   0.72  58190.225   67.1  1.671e+01 
 161237  0.516   1  2018   72  19.82  58191.021   67.1  1.266e+01 
 161238  1.031   2  2018   72  20.23  58191.039   67.1  1.128e+01 
 161239  0.487   2  2018   72  20.75  58191.060   67.1  1.203e+01 
 161240  0.333   1  2018   72  21.03  58191.072   67.1  1.283e+01 
 161241  0.333   1  2018   72  21.95  58191.110   67.1  1.327e+01 
 161242  0.667   2  2018   72  22.24  58191.122   67.1  1.351e+01 
 161243  0.333   1  2018   72  22.53  58191.134   67.1  1.316e+01 
 161244  1.031   2  2018   72  23.15  58191.160   67.1  1.383e+01 
 161245  1.031   2  2018   72  23.70  58191.183   67.1  1.490e+01 
 161247  0.569   5  2018   73   0.83  58191.230   67.1  2.594e+01 
 161248  0.683   6  2018   73   1.27  58191.248   67.1  2.921e+01 
 161250  0.683   6  2018   73   2.26  58191.290   67.1  3.043e+01 
 161251  0.342   3  2018   73   2.62  58191.305   67.1  2.805e+01 
 161285  1.031   2  2018   73  19.83  58192.022   67.1  7.792e+00 
 161286  0.516   1  2018   73  20.24  58192.039   67.1  8.313e+00 
 161287  0.516   1  2018   73  20.52  58192.051   67.1  7.291e+00 
 161288  1.031   2  2018   73  21.28  58192.082   67.1  7.649e+00 
 161289  1.031   2  2018   73  21.83  58192.105   67.1  8.740e+00 
 161298  0.673   1  2018   74   2.24  58192.289   67.1  2.097e+01 
 161299  0.422   3  2018   74   2.86  58192.315   67.1  2.542e+01 
 161301  0.433   3  2018   74   3.73  58192.351   67.1  2.252e+01 
 161336  0.599   1  2018   74  21.28  58193.082   67.1  1.881e+01 
 161337  1.198   2  2018   74  21.76  58193.102   67.1  1.544e+01 
 161338  0.599   1  2018   74  22.23  58193.122   67.1  1.665e+01 
 161345  1.572   1  2018   75   1.53  58193.259   67.1  1.538e+01 
 161397  0.438   3  2018   76   3.74  58194.351   67.2  8.175e+00 
 161398  0.461   2  2018   76   4.34  58194.377   67.2  1.054e+01 
 161431  1.022   1  2018   76  20.87  58195.065   67.2  2.539e+01 
 161433  1.022   1  2018   76  21.70  58195.100   67.2  2.752e+01 
 161434  1.022   1  2018   76  22.24  58195.122   67.2  2.453e+01 
 161440  0.673   1  2018   77   1.40  58195.254   67.2  2.558e+01 
 161441  0.667   1  2018   77   1.91  58195.275   67.2  2.387e+01 
 161442  0.667   1  2018   77   2.26  58195.290   67.2  2.582e+01 
 161446  1.333   2  2018   77   4.19  58195.370   67.2  3.101e+01 
 161485  0.473   4  2018   77  23.82  58196.188   67.2  2.082e+01 
 161486  0.473   4  2018   78   0.27  58196.207   67.2  1.940e+01 
 161487  0.473   4  2018   78   0.75  58196.227   67.2  1.695e+01 
 161488  0.592   5  2018   78   1.26  58196.248   67.2  1.988e+01 
 161490  0.673   1  2018   78   2.38  58196.295   67.2  2.880e+01 
 161491  0.673   1  2018   78   2.73  58196.309   67.2  2.584e+01 
 161492  0.673   1  2018   78   3.36  58196.336   67.2  2.447e+01 
 161493  0.673   1  2018   78   3.71  58196.350   67.2  2.357e+01 
 161527  0.806   5  2018   78  20.73  58197.059   67.2  1.388e+01 
 161529  1.546   2  2018   78  21.78  58197.103   67.2  1.482e+01 
 161531  0.773   1  2018   78  22.65  58197.139   67.2  1.471e+01 
 161532  0.934   2  2018   78  23.12  58197.159   67.2  1.429e+01 
 161533  0.806   5  2018   78  23.77  58197.186   67.2  1.707e+01 
 161573  0.938   3  2018   79  19.74  58198.018   67.3  1.755e+01 
 161577  0.492   2  2018   79  21.89  58198.108   67.3  2.369e+01 
 161578  0.738   3  2018   79  22.24  58198.122   67.3  2.206e+01 
 161579  0.919   2  2018   79  22.81  58198.146   67.3  1.478e+01 
 161581  1.689   1  2018   79  23.76  58198.185   67.3  1.531e+01 
 161583  0.469   2  2018   80   0.70  58198.225   67.3  1.632e+01 
 161588  0.667   1  2018   80   3.04  58198.322   67.3  2.658e+01 
 161622  1.346   2  2018   80  20.30  58199.041   67.3  1.637e+01 
 161624  0.649   2  2018   80  21.37  58199.086   67.3  1.487e+01 
 161625  0.583   1  2018   80  21.73  58199.101   67.3  1.480e+01 
 161628  0.469   2  2018   80  23.37  58199.169   67.3  1.170e+01 
 161629  0.938   4  2018   80  23.75  58199.185   67.3  1.167e+01 
 161630  0.901   2  2018   81   0.37  58199.211   67.3  1.324e+01 
 161669  1.297   2  2018   81  19.76  58200.019   67.3  1.960e+01 
 161671  0.926   1  2018   81  20.67  58200.057   67.3  1.650e+01 
 161672  0.926   1  2018   81  21.16  58200.077   67.3  1.612e+01 
 161674  0.806   5  2018   81  22.29  58200.124   67.3  1.284e+01 
 161676  0.648   1  2018   81  23.21  58200.162   67.3  1.641e+01 
 161677  0.648   1  2018   81  23.55  58200.177   67.3  1.672e+01 
 161682  1.333   2  2018   82   2.26  58200.290   67.3  1.918e+01 
 161684  1.333   2  2018   82   3.26  58200.331   67.3  2.363e+01 
 161685  0.438   3  2018   82   3.88  58200.357   67.3  2.720e+01 
 161686  0.731   5  2018   82   4.24  58200.372   67.3  2.885e+01 
 161718  0.747   3  2018   82  20.26  58201.040   67.3  2.204e+01 
 161719  0.747   3  2018   82  20.69  58201.058   67.3  2.123e+01 
 161720  0.648   1  2018   82  21.36  58201.086   67.3  1.969e+01 
 161721  0.648   1  2018   82  21.70  58201.100   67.3  2.111e+01 
 161727  0.667   1  2018   83   0.81  58201.229   67.3  1.777e+01 
 161728  0.667   1  2018   83   1.15  58201.244   67.3  1.703e+01 
 161729  0.667   1  2018   83   1.76  58201.269   67.3  1.653e+01 
 161730  0.667   1  2018   83   2.11  58201.283   67.3  1.673e+01 
 161731  0.667   1  2018   83   2.70  58201.308   67.3  1.533e+01 
 161732  0.667   1  2018   83   3.05  58201.322   67.3  1.383e+01 
 161733  1.546   2  2018   83   3.75  58201.352   67.3  1.126e+01 
 161771  0.667   2  2018   83  22.83  58202.147   67.3  1.224e+01 
 161772  0.667   2  2018   83  23.22  58202.163   67.3  1.292e+01 
 161773  1.000   3  2018   83  23.80  58202.187   67.3  1.327e+01 
 161774  0.333   1  2018   84   0.19  58202.204   67.3  1.495e+01 
 161775  0.667   1  2018   84   0.79  58202.228   67.3  1.423e+01 
 161776  0.667   1  2018   84   1.13  58202.243   67.3  1.566e+01 
 161777  0.773   1  2018   84   1.94  58202.276   67.3  1.655e+01 
 161778  0.773   1  2018   84   2.34  58202.293   67.3  1.870e+01 
 161779  0.367   1  2018   84   2.92  58202.317   67.3  1.950e+01 
 161780  0.733   2  2018   84   3.24  58202.330   67.3  1.936e+01 
 161781  0.367   1  2018   84   3.56  58202.344   67.3  2.104e+01 
 161782  0.731   5  2018   84   4.24  58202.372   67.3  2.131e+01 
 161783  0.438   3  2018   84   4.60  58202.387   67.3  2.282e+01 
 161818  0.703   3  2018   84  22.25  58203.123   67.4  2.350e+01 
 161819  0.703   3  2018   84  22.63  58203.138   67.4  2.426e+01 
 161820  0.963   2  2018   84  23.36  58203.169   67.4  2.565e+01 
 161822  0.938   4  2018   85   0.27  58203.207   67.4  3.425e+01 
 161823  0.703   3  2018   85   0.75  58203.227   67.4  3.034e+01 
 161824  0.938   4  2018   85   1.27  58203.248   67.4  2.464e+01 
 161825  0.469   2  2018   85   1.65  58203.264   67.4  1.589e+01 
 161826  1.333   2  2018   85   2.25  58203.290   67.4  2.208e+01 
 161827  0.367   1  2018   85   2.97  58203.319   67.4  2.287e+01 
 161828  0.733   2  2018   85   3.29  58203.333   67.4  2.181e+01 
 161829  0.367   1  2018   85   3.62  58203.346   67.4  1.783e+01 
 161830  0.699   2  2018   85   4.28  58203.374   67.4  2.905e+01 
 161831  0.699   2  2018   85   4.67  58203.390   67.4  2.622e+01 
 161874  0.667   1  2018   86   2.43  58204.297   67.4  1.680e+01 
 161875  0.667   1  2018   86   2.78  58204.311   67.4  1.659e+01 
 161879  1.048   3  2018   86   4.75  58204.394   67.4  2.170e+01 
 161880  0.349   1  2018   86   5.14  58204.410   67.4  2.930e+01 
 162149  0.747   3  2018   91  19.77  58210.019   67.8  2.089e+01 
 162150  0.747   3  2018   91  20.20  58210.037   67.8  1.901e+01 
 162151  0.747   3  2018   91  20.86  58210.065   67.8  1.612e+01 
 162152  0.747   3  2018   91  21.29  58210.082   67.8  1.435e+01 
 162153  0.556   2  2018   91  21.90  58210.108   67.8  1.238e+01 
 162154  0.556   2  2018   91  22.25  58210.122   67.8  1.197e+01 
 162155  0.556   2  2018   91  22.59  58210.137   67.8  1.318e+01 
 162246  0.433   2  2018   93  20.46  58212.048   68.0  1.271e+01 
 162247  0.667   1  2018   93  20.77  58212.061   68.0  1.174e+01 
 162248  0.667   1  2018   93  21.13  58212.076   68.0  1.218e+01 
 162293  0.816   1  2018   94  19.65  58213.014   68.1  2.164e+01 
 162294  0.816   1  2018   94  20.08  58213.032   68.1  1.956e+01 
 162441  0.773   1  2018   97  21.67  58216.099   68.7  1.465e+01 
 162442  0.773   1  2018   97  22.07  58216.115   68.7  1.519e+01 
 162443  0.789   1  2018   97  22.76  58216.144   68.7  1.435e+01 
 162444  0.789   1  2018   97  23.18  58216.161   68.7  1.376e+01 
 162446  0.667   1  2018   98   0.47  58216.215   68.8  1.319e+01 
 162447  0.667   1  2018   98   0.82  58216.230   68.8  1.430e+01 
 162448  0.667   1  2018   98   1.44  58216.255   68.8  1.492e+01 
 162449  0.667   1  2018   98   1.78  58216.270   68.8  1.209e+01 
 162496  0.667   1  2018   99   1.45  58217.256   69.1  1.107e+01 
 162497  0.667   1  2018   99   1.80  58217.271   69.1  1.106e+01 
 162498  0.737   2  2018   99   2.31  58217.292   69.1  1.140e+01 
 162499  0.737   2  2018   99   2.74  58217.310   69.1  1.607e+01 
 162500  0.389   2  2018   99   3.42  58217.338   69.2  1.675e+01 
 162501  0.583   3  2018   99   3.78  58217.353   69.2  1.679e+01 
 162502  0.583   3  2018   99   4.26  58217.373   69.2  1.576e+01 
 162503  0.583   3  2018   99   4.72  58217.392   69.2  1.670e+01 
 162543  1.333   2  2018  100   0.78  58218.228   69.4  1.571e+01 
 162545  1.333   2  2018  100   1.74  58218.268   69.4  1.274e+01 
 162546  0.342   3  2018  100   2.36  58218.294   69.4  1.287e+01 
 162547  0.683   6  2018  100   2.74  58218.310   69.5  1.188e+01 
 162548  0.342   3  2018  100   3.12  58218.326   69.5  1.155e+01 
 162549  1.028   1  2018  100   3.58  58218.345   69.5  1.028e+01 
 162550  1.061   1  2018  100   4.24  58218.372   69.5  1.012e+01 
 162586  0.400   3  2018  100  22.17  58219.119   69.7  1.702e+01 
 162638  0.683   6  2018  102   0.23  58220.205   69.9  1.522e+01 
 162641  0.569   5  2018  102   1.77  58220.269   69.9  1.264e+01 
 162642  0.683   6  2018  102   2.27  58220.290   69.9  1.315e+01 
 162643  0.456   4  2018  102   2.69  58220.308   69.9  1.410e+01 
 162644  0.578   8  2018  102   3.24  58220.330   69.9  1.753e+01 
 162645  0.533   4  2018  102   3.81  58220.354   69.9  2.088e+01 
 162646  0.583   3  2018  102   4.27  58220.373   69.9  3.160e+01 
 162735  0.500   3  2018  104   0.66  58222.223   70.1  1.456e+01 
 162737  1.000   3  2018  104   1.75  58222.268   70.1  1.550e+01 
 162738  0.500   2  2018  104   2.25  58222.289   70.1  1.605e+01 
 162739  0.333   2  2018  104   2.84  58222.314   70.2  1.558e+01 
 162740  0.333   2  2018  104   3.12  58222.325   70.2  1.868e+01 
 162741  0.389   2  2018  104   3.90  58222.358   70.2  1.763e+01 
 162742  0.583   3  2018  104   4.27  58222.373   70.2  1.721e+01 
 162775  0.767   3  2018  104  20.77  58223.061   70.2  2.478e+01 
 162776  0.511   2  2018  104  21.12  58223.076   70.2  2.425e+01 
 162781  0.701   1  2018  104  23.86  58223.190   70.2  1.664e+01 
 162782  0.667   1  2018  105   0.45  58223.214   70.3  1.639e+01 
 162783  0.667   1  2018  105   0.79  58223.229   70.3  1.552e+01 
 162784  0.667   1  2018  105   1.47  58223.257   70.3  1.294e+01 
 162785  0.667   1  2018  105   1.81  58223.271   70.3  1.108e+01 
 162786  0.737   2  2018  105   2.38  58223.295   70.3  1.101e+01 
 162787  0.737   2  2018  105   2.81  58223.313   70.3  1.156e+01 
 162790  0.552   1  2018  105   4.11  58223.367   70.3  1.425e+01 
 162791  0.867   2  2018  105   4.71  58223.392   70.3  1.350e+01 
 162821  1.478   2  2018  105  19.70  58224.016   70.4  2.369e+01 
 162822  0.334   2  2018  105  20.42  58224.046   70.4  2.748e+01 
 162823  0.836   5  2018  105  20.76  58224.061   70.4  2.580e+01 
 162824  0.334   2  2018  105  21.11  58224.075   70.4  2.459e+01 
 162831  0.667   1  2018  106   0.92  58224.234   70.4  2.043e+01 
 162869  0.816   1  2018  106  19.86  58225.023   70.6  1.920e+01 
 162870  0.816   1  2018  106  20.28  58225.041   70.6  1.793e+01 
 162884  0.926   1  2018  107   3.20  58225.329   70.6  2.064e+01 
 162885  0.926   1  2018  107   3.69  58225.349   70.6  2.421e+01 
 162887  1.061   1  2018  107   4.53  58225.384   70.6  2.719e+01 
 162918  0.334   2  2018  107  20.27  58226.040   70.7  1.991e+01 
 162922  0.644   4  2018  107  22.25  58226.123   70.7  1.770e+01 
 162927  0.392   3  2018  108   0.79  58226.228   70.7  2.089e+01 
 162930  0.750   3  2018  108   2.24  58226.289   70.7  1.959e+01 
 162931  0.583   2  2018  108   2.80  58226.312   70.7  1.826e+01 
 162932  0.667   2  2018  108   3.28  58226.332   70.7  1.860e+01 
 162933  0.333   1  2018  108   3.60  58226.346   70.7  1.792e+01 
 162967  0.816   1  2018  108  20.77  58227.061   70.8  2.141e+01 
 162968  0.816   1  2018  108  21.19  58227.079   70.8  2.262e+01 
 162976  1.033   6  2018  109   1.24  58227.247   70.8  1.717e+01 
 162977  0.344   2  2018  109   1.63  58227.263   70.8  1.799e+01 
 162981  0.798   4  2018  109   3.73  58227.351   70.8  2.189e+01 
 162982  0.798   4  2018  109   4.18  58227.370   70.8  2.076e+01 
 162983  1.028   1  2018  109   4.87  58227.398   70.8  2.495e+01 
 163014  0.650   1  2018  109  20.10  58228.033   70.8  2.505e+01 
 163015  0.650   1  2018  109  20.79  58228.062   70.8  2.403e+01 
 163018  0.517   3  2018  109  22.40  58228.129   70.8  2.272e+01 
 163019  0.861   5  2018  109  22.79  58228.145   70.8  2.204e+01 
 163022  0.344   2  2018  110   0.20  58228.204   70.8  1.938e+01 
 163114  0.806   5  2018  111  22.22  58230.121   70.9  2.556e+01 
 163115  0.483   3  2018  111  22.64  58230.139   70.9  2.260e+01 
 163120  0.926   1  2018  112   1.35  58230.252   70.9  2.036e+01 
 163126  0.926   1  2018  112   4.02  58230.363   70.9  2.099e+01 
 163127  0.926   1  2018  112   4.51  58230.384   70.9  1.888e+01 
 163162  0.475   3  2018  112  22.38  58231.128   70.9  2.618e+01 
 163163  0.792   5  2018  112  22.75  58231.143   70.9  2.745e+01 
 163164  0.633   4  2018  112  23.35  58231.168   70.9  3.201e+01 
 163165  0.528   1  2018  112  23.80  58231.187   70.9  2.840e+01 
 163166  0.528   1  2018  113   0.10  58231.200   70.9  2.742e+01 
 163168  0.800   1  2018  113   1.44  58231.256   70.9  2.544e+01 
 163169  0.800   1  2018  113   1.87  58231.274   70.9  2.867e+01 
 163172  1.217   1  2018  113   3.05  58231.323   70.9  2.417e+01 
 163173  0.778   4  2018  113   3.75  58231.352   70.9  2.318e+01 
 163174  0.389   2  2018  113   4.18  58231.370   70.9  2.450e+01 
 163217  0.500   4  2018  114   1.66  58232.265   70.9  3.176e+01 
 163222  0.926   1  2018  114   4.40  58232.379   70.9  2.189e+01 
 163223  0.926   1  2018  114   4.89  58232.399   71.0  1.969e+01 
 163414  0.636   4  2018  118   4.29  58236.374   71.2  3.274e+01 
 163415  0.953   6  2018  118   4.73  58236.393   71.2  2.918e+01 
 163416  0.953   6  2018  118   5.27  58236.415   71.2  3.263e+01 
 163684  0.667   2  2018  123  19.34  58242.001   71.4  3.627e+01 
 163685  0.333   1  2018  123  19.65  58242.015   71.4  3.610e+01 
 163688  0.967   2  2018  123  21.32  58242.084   71.4  2.879e+01 
 163689  0.967   2  2018  123  21.83  58242.105   71.4  2.827e+01 
 163690  0.789   1  2018  123  22.40  58242.129   71.4  3.158e+01 
 163691  0.789   1  2018  123  22.82  58242.147   71.4  3.211e+01 
 163693  0.595   3  2018  123  23.65  58242.181   71.4  2.846e+01 
 163695  0.392   3  2018  124   0.67  58242.224   71.3  2.982e+01 
 163696  0.392   3  2018  124   1.22  58242.246   71.3  2.888e+01 
 163698  0.347   3  2018  124   2.16  58242.286   71.3  2.642e+01 
 163702  0.794   5  2018  124   4.27  58242.373   71.3  1.758e+01 
 163703  0.636   4  2018  124   4.66  58242.390   71.3  1.732e+01 
 163731  0.333   1  2018  124  18.90  58242.983   71.2  1.716e+01 
 163732  0.667   2  2018  124  19.22  58242.996   71.2  1.511e+01 
 163733  0.483   3  2018  124  19.85  58243.023   71.2  1.611e+01 
 163734  0.806   5  2018  124  20.27  58243.040   71.2  1.366e+01 
 163735  0.756   1  2018  124  20.87  58243.065   71.2  1.373e+01 
 163828  0.644   4  2018  126  19.26  58244.998   70.8  2.343e+01 
 163829  0.483   3  2018  126  19.63  58245.014   70.8  2.533e+01 
 163830  0.806   5  2018  126  20.27  58245.040   70.8  2.332e+01 
 163831  0.644   4  2018  126  20.77  58245.061   70.8  2.652e+01 
 163832  0.644   4  2018  126  21.26  58245.081   70.8  2.962e+01 
 163833  0.483   3  2018  126  21.63  58245.097   70.8  2.925e+01 
 163834  1.403   2  2018  126  22.28  58245.124   70.8  2.418e+01 
 163837  0.500   4  2018  126  23.66  58245.181   70.8  1.782e+01 
 163842  0.652   2  2018  127   2.41  58245.296   70.8  3.617e+01 
 163844  0.978   3  2018  127   3.19  58245.328   70.8  4.289e+01 
 163845  0.652   2  2018  127   3.62  58245.347   70.8  4.422e+01 
 163846  0.978   3  2018  127   4.24  58245.372   70.8  5.118e+01 
 163847  0.978   3  2018  127   4.76  58245.394   70.8  5.437e+01 
 163878  0.500   1  2018  127  20.27  58246.040   70.7  1.852e+01 
 163879  1.000   2  2018  127  20.69  58246.058   70.7  2.010e+01 
 163880  0.500   1  2018  127  21.10  58246.075   70.7  2.040e+01 
 163881  0.978   3  2018  127  21.67  58246.099   70.7  2.028e+01 
 163882  0.978   3  2018  127  22.20  58246.120   70.7  2.535e+01 
 163883  0.652   2  2018  127  22.77  58246.145   70.7  2.798e+01 
 163884  0.978   3  2018  127  23.21  58246.163   70.7  2.750e+01 
 163885  0.652   2  2018  127  23.71  58246.183   70.7  2.913e+01 
 163886  0.978   3  2018  128   0.21  58246.204   70.7  3.754e+01 
 163887  0.652   2  2018  128   0.64  58246.222   70.7  3.912e+01 
 163889  0.978   3  2018  128   1.80  58246.270   70.7  4.060e+01 
 163890  0.978   3  2018  128   2.32  58246.292   70.7  3.820e+01 
 163934  0.487   3  2018  129   0.18  58247.203   70.6  1.601e+01 
 163935  0.811   5  2018  129   0.75  58247.227   70.6  1.858e+01 
 163937  0.649   4  2018  129   1.84  58247.272   70.6  2.649e+01 
 163938  0.649   4  2018  129   2.32  58247.292   70.6  2.564e+01 
 163939  0.649   4  2018  129   2.78  58247.311   70.6  2.503e+01 
 163940  0.649   4  2018  129   3.27  58247.332   70.6  2.665e+01 
 163941  0.649   4  2018  129   3.74  58247.351   70.6  3.202e+01 
 163943  0.649   4  2018  129   4.75  58247.394   70.6  3.621e+01 
 164019  0.667   2  2018  130  18.81  58248.979   70.9  2.573e+01 
 164024  0.828   1  2018  130  21.15  58249.077   70.9  1.855e+01 
 164085  1.056   2  2018  132   3.68  58250.349   71.2  2.859e+01 
 164118  0.806   5  2018  132  20.27  58251.040   71.3  3.585e+01 
 164119  0.828   1  2018  132  20.91  58251.067   71.3  3.153e+01 
 164120  0.828   1  2018  132  21.34  58251.085   71.3  2.672e+01 
 164121  0.828   1  2018  132  21.85  58251.106   71.3  2.618e+01 
 164122  0.828   1  2018  132  22.28  58251.124   71.3  2.904e+01 
 164125  0.456   4  2018  132  23.81  58251.188   71.3  2.304e+01 
 164126  0.683   6  2018  133   0.25  58251.206   71.3  2.611e+01 
 164127  0.692   4  2018  133   0.78  58251.228   71.3  2.713e+01 
 164128  0.350   1  2018  133   1.13  58251.242   71.3  2.859e+01 
 164133  0.450   1  2018  133   3.75  58251.352   71.3  2.805e+01 
 164134  0.900   2  2018  133   4.16  58251.369   71.3  2.912e+01 
 164135  0.450   1  2018  133   4.57  58251.386   71.4  3.132e+01 
 164164  0.500   1  2018  133  19.44  58252.006   71.4  2.399e+01 
 164165  1.000   2  2018  133  19.85  58252.023   71.4  2.441e+01 
 164166  0.500   1  2018  133  20.27  58252.040   71.4  2.267e+01 
 164169  0.500   1  2018  133  21.88  58252.107   71.4  1.814e+01 
 164170  1.000   2  2018  133  22.30  58252.125   71.5  1.979e+01 
 164171  0.500   1  2018  133  22.71  58252.142   71.5  2.092e+01 
 164174  1.056   2  2018  134   0.31  58252.209   71.5  2.187e+01 
 164176  0.350   1  2018  134   1.33  58252.251   71.5  1.436e+01 
 164177  0.827   4  2018  134   1.71  58252.267   71.5  1.516e+01 
 164178  0.794   5  2018  134   2.28  58252.291   71.5  1.674e+01 
 164179  0.953   6  2018  134   2.78  58252.311   71.5  1.750e+01 
 164180  0.687   2  2018  134   3.35  58252.335   71.5  2.136e+01 
 164181  0.528   1  2018  134   3.73  58252.351   71.5  2.321e+01 
 164212  0.633   4  2018  134  19.18  58252.995   71.6  2.549e+01 
 164217  0.528   1  2018  134  21.87  58253.107   71.7  2.533e+01 
 164218  0.528   1  2018  134  22.16  58253.119   71.7  2.170e+01 
 164219  0.342   3  2018  134  22.86  58253.148   71.7  2.273e+01 
 164220  0.683   6  2018  134  23.24  58253.164   71.7  2.088e+01 
 164221  0.342   3  2018  134  23.62  58253.180   71.7  1.878e+01 
 164224  1.578   2  2018  135   1.24  58253.247   71.7  1.784e+01 
 164226  0.750   3  2018  135   2.24  58253.289   71.8  2.376e+01 
 164228  0.528   1  2018  135   3.30  58253.333   71.8  2.689e+01 
 164229  0.528   1  2018  135   3.60  58253.346   71.8  2.701e+01 
 164230  0.673   1  2018  135   4.31  58253.375   71.8  2.718e+01 
 164231  0.673   1  2018  135   4.66  58253.390   71.8  2.728e+01 
 164260  1.056   2  2018  135  19.15  58253.994   72.0  2.140e+01 
 164261  0.695   2  2018  135  19.66  58254.015   72.0  1.917e+01 
 164262  0.836   5  2018  135  20.22  58254.038   72.0  1.497e+01 
 164263  0.616   4  2018  135  20.69  58254.058   72.0  1.346e+01 
 164264  0.683   6  2018  135  21.28  58254.082   72.0  1.135e+01 
 164265  0.569   5  2018  135  21.74  58254.101   72.0  1.060e+01 
 164266  0.569   5  2018  135  22.28  58254.124   72.0  1.117e+01 
 164267  0.683   6  2018  135  22.74  58254.143   72.0  7.734e+00 
 164268  0.364   3  2018  135  23.21  58254.163   72.0  6.749e+00 
 164269  0.500   4  2018  135  23.82  58254.188   72.1  7.880e+00 
 164271  0.350   1  2018  136   0.58  58254.220   72.1  1.204e+01 
 164273  0.333   2  2018  136   1.66  58254.265   72.1  2.320e+01 
 164277  1.161   1  2018  136   3.66  58254.348   72.1  3.245e+01 
 164279  1.028   1  2018  136   4.59  58254.387   72.1  2.383e+01 
 164308  1.056   2  2018  136  19.18  58254.995   72.3  9.156e+00 
 164309  0.528   1  2018  136  19.60  58255.012   72.3  7.694e+00 
 164310  1.056   2  2018  136  20.17  58255.036   72.3  8.304e+00 
 164311  0.528   1  2018  136  20.59  58255.054   72.3  8.368e+00 
 164314  0.456   4  2018  136  22.30  58255.125   72.4  1.476e+01 
 164315  0.683   6  2018  136  22.72  58255.142   72.4  1.421e+01 
 164316  0.478   4  2018  136  23.22  58255.163   72.4  1.627e+01 
 164317  0.375   3  2018  136  23.85  58255.189   72.4  1.765e+01 
 164318  0.475   2  2018  137   0.29  58255.208   72.4  1.526e+01 
 164319  0.544   2  2018  137   0.69  58255.224   72.4  1.656e+01 
 164320  0.778   4  2018  137   1.25  58255.247   72.4  2.006e+01 
 164321  0.361   2  2018  137   1.74  58255.268   72.4  1.841e+01 
 164322  0.667   4  2018  137   2.25  58255.289   72.4  2.167e+01 
 164323  0.556   3  2018  137   2.81  58255.313   72.4  1.986e+01 
 164324  0.583   3  2018  137   3.26  58255.331   72.4  1.959e+01 
 164326  1.328   1  2018  137   4.12  58255.367   72.5  2.327e+01 
 164358  0.525   1  2018  137  20.24  58256.039   72.7  1.634e+01 
 164359  1.050   2  2018  137  20.66  58256.056   72.7  1.550e+01 
 164360  0.525   1  2018  137  21.08  58256.074   72.7  1.445e+01 
 164361  1.000   2  2018  137  21.79  58256.103   72.7  9.810e+00 
 164362  0.500   1  2018  137  22.24  58256.122   72.7  1.160e+01 
 164363  0.500   1  2018  137  22.53  58256.134   72.7  1.549e+01 
 164364  0.500   1  2018  137  23.23  58256.164   72.8  1.611e+01 
 164365  1.000   2  2018  137  23.68  58256.182   72.8  1.614e+01 
 164366  0.500   1  2018  138   0.13  58256.201   72.8  1.403e+01 
 164374  1.073   6  2018  138   4.25  58256.373   72.8  2.053e+01 
 164375  0.358   2  2018  138   4.63  58256.389   72.8  2.120e+01 
 164406  1.067   1  2018  138  20.04  58257.031   73.1  1.372e+01 
 164407  1.000   2  2018  138  20.74  58257.060   73.1  1.196e+01 
 164408  1.000   2  2018  138  21.34  58257.085   73.1  1.011e+01 
 164410  0.500   1  2018  138  22.48  58257.132   73.1  9.570e+00 
 164411  0.500   1  2018  138  22.77  58257.144   73.1  9.205e+00 
 164412  0.500   1  2018  138  23.07  58257.157   73.1  9.863e+00 
 164413  1.000   2  2018  138  23.84  58257.189   73.1  1.247e+01 
 164414  0.500   1  2018  139   0.28  58257.207   73.1  1.430e+01 
 164415  0.500   1  2018  139   0.58  58257.220   73.1  1.684e+01 
 164423  0.556   1  2018  139   4.86  58257.398   73.2  1.766e+01 
 164452  0.350   3  2018  139  19.20  58257.996   73.4  1.541e+01 
 164457  0.650   2  2018  139  21.81  58258.104   73.4  9.417e+00 
 164459  0.892   3  2018  139  22.70  58258.142   73.4  1.508e+01 
 164461  0.650   2  2018  139  23.78  58258.186   73.4  1.295e+01 
 164462  0.650   2  2018  140   0.20  58258.204   73.4  1.491e+01 
 164463  0.572   2  2018  140   0.77  58258.228   73.4  1.715e+01 
 164464  0.572   2  2018  140   1.16  58258.244   73.4  1.822e+01 
 164465  0.572   2  2018  140   1.72  58258.267   73.4  1.636e+01 
 164466  0.572   2  2018  140   2.10  58258.283   73.4  1.609e+01 
 164467  0.725   3  2018  140   2.71  58258.309   73.4  1.705e+01 
 164504  0.789   4  2018  140  21.23  58259.080   73.6  1.559e+01 
 164506  0.975   3  2018  140  22.25  58259.123   73.7  1.891e+01 
 164508  0.842   3  2018  140  23.23  58259.164   73.7  2.102e+01 
 164511  0.650   2  2018  141   0.87  58259.232   73.7  2.510e+01 
 164512  0.650   2  2018  141   1.29  58259.249   73.7  2.568e+01 
 164656  0.372   1  2018  144   1.34  58262.251   74.0  1.374e+01 
 164657  1.117   3  2018  144   1.74  58262.268   74.0  1.346e+01 
 164693  0.950   6  2018  144  19.74  58263.018   74.0  1.655e+01 
 164694  0.633   4  2018  144  20.20  58263.037   74.0  1.907e+01 
 164696  1.022   4  2018  144  21.21  58263.079   74.0  1.760e+01 
 164697  0.528   1  2018  144  21.76  58263.102   74.0  1.629e+01 
 164698  0.528   1  2018  144  22.05  58263.114   74.0  1.640e+01 
 164699  0.528   1  2018  144  22.76  58263.144   74.0  1.563e+01 
 164700  0.528   1  2018  144  23.05  58263.156   74.0  1.620e+01 
 164744  0.511   2  2018  145  21.41  58264.088   74.0  5.441e+00 
 164745  0.511   2  2018  145  21.69  58264.099   74.0  8.442e+00 
 164751  0.878   2  2018  146   0.65  58264.223   74.0  3.760e+01 
 164752  0.878   2  2018  146   1.18  58264.245   74.0  3.868e+01 
 164754  0.844   2  2018  146   2.24  58264.289   74.0  3.110e+01 
 164755  0.844   2  2018  146   2.76  58264.311   74.0  2.406e+01 
 164757  0.844   2  2018  146   3.69  58264.349   74.0  2.913e+01 
 164758  0.844   2  2018  146   4.21  58264.371   74.0  3.071e+01 
 164799  0.678   2  2018  147   0.81  58265.230   73.9  1.262e+01 
 164800  0.678   2  2018  147   1.25  58265.248   73.9  1.446e+01 
 164802  0.833   2  2018  147   2.14  58265.285   73.9  1.733e+01 
 164803  0.833   2  2018  147   2.66  58265.306   73.9  1.540e+01 
 164837  0.744   2  2018  147  19.72  58266.017   73.8  1.500e+01 
 164838  0.744   2  2018  147  20.20  58266.037   73.8  1.310e+01 
 165046  0.744   2  2018  152   4.27  58270.374   74.1  2.266e+01 
 165047  0.744   2  2018  152   4.68  58270.391   74.1  2.319e+01 
 165076  1.028   1  2018  152  19.32  58271.001   74.1  1.533e+01 
 165077  0.606   1  2018  152  19.87  58271.023   74.1  1.333e+01 
 165095  0.661   1  2018  153   4.68  58271.391   74.1  2.245e+01 
 165096  0.661   1  2018  153   5.03  58271.405   74.1  2.483e+01 
 165131  0.828   1  2018  153  22.90  58272.150   74.2  1.249e+01 
 165132  0.828   1  2018  153  23.33  58272.168   74.2  1.450e+01 
 165460  0.524   2  2018  160  19.28  58278.999   75.5  1.442e+01 
 165465  0.419   1  2018  160  21.80  58279.104   75.5  1.084e+01 
 165466  0.419   1  2018  160  22.06  58279.115   75.6  1.055e+01 
 165468  0.511   2  2018  160  23.38  58279.170   75.6  1.496e+01 
 165469  0.511   2  2018  160  23.66  58279.181   75.6  1.502e+01 
 165470  0.833   2  2018  161   0.30  58279.208   75.6  1.601e+01 
 165471  0.833   2  2018  161   0.82  58279.230   75.6  2.124e+01 
 165474  0.767   3  2018  161   2.30  58279.292   75.6  1.834e+01 
 165475  0.511   2  2018  161   2.74  58279.310   75.6  1.877e+01 
 165476  0.767   3  2018  161   3.18  58279.328   75.6  1.929e+01 
 165477  0.511   2  2018  161   3.67  58279.348   75.6  2.120e+01 
 165480  0.511   2  2018  161   5.19  58279.412   75.6  2.187e+01 
 165508  0.767   3  2018  161  19.35  58280.002   75.6  1.490e+01 
 165514  0.750   3  2018  161  22.20  58280.121   75.6  1.331e+01 
 165515  0.600   2  2018  161  22.77  58280.144   75.6  1.047e+01 
 165516  0.350   1  2018  161  23.10  58280.158   75.6  9.969e+00 
 165521  0.417   1  2018  162   1.81  58280.271   75.6  1.208e+01 
 165522  0.833   2  2018  162   2.20  58280.287   75.6  1.400e+01 
 165557  0.987   2  2018  162  19.75  58281.018   75.6  8.058e+00 
 165558  0.996   1  2018  162  20.41  58281.046   75.5  7.278e+00 
 165559  0.996   1  2018  162  20.92  58281.067   75.5  7.544e+00 
 165566  0.750   3  2018  163   0.23  58281.205   75.5  1.032e+01 
 165568  0.422   1  2018  163   1.33  58281.251   75.5  8.366e+00 
 165569  0.844   2  2018  163   1.71  58281.267   75.5  8.816e+00 
 165570  0.422   1  2018  163   2.10  58281.283   75.5  8.146e+00 
 165573  0.604   1  2018  163   3.74  58281.352   75.5  1.034e+01 
 165574  0.604   1  2018  163   4.06  58281.365   75.5  1.031e+01 
 165576  0.673   1  2018  163   5.20  58281.412   75.5  1.180e+01 
 165606  0.828   1  2018  163  20.18  58282.037   75.5  8.091e+00 
 165607  0.828   1  2018  163  20.61  58282.054   75.5  5.671e+00 
 165615  0.828   1  2018  164   0.75  58282.227   75.4  6.401e+00 
 165616  0.828   1  2018  164   1.20  58282.245   75.4  6.106e+00 
 165623  1.209   2  2018  164   4.76  58282.394   75.4  1.228e+01 
 165624  0.604   1  2018  164   5.24  58282.414   75.4  1.305e+01 
 165652  0.867   2  2018  164  19.36  58283.002   75.3  1.172e+01 
 165654  1.056   2  2018  164  20.20  58283.037   75.3  1.099e+01 
 165655  0.556   1  2018  164  20.98  58283.070   75.3  1.324e+01 
 165656  0.556   1  2018  164  21.29  58283.083   75.3  1.306e+01 
 165657  1.111   2  2018  164  21.76  58283.102   75.3  1.239e+01 
 165658  0.350   1  2018  164  22.49  58283.133   75.3  9.786e+00 
 165659  0.350   1  2018  164  22.67  58283.140   75.3  1.035e+01 
 165660  0.996   1  2018  164  23.23  58283.163   75.3  9.243e+00 
 165661  0.996   1  2018  164  23.74  58283.185   75.3  1.064e+01 
 165662  0.652   2  2018  165   0.29  58283.208   75.3  1.127e+01 
 165666  0.833   2  2018  165   2.16  58283.285   75.2  9.077e+00 
 165667  0.833   2  2018  165   2.67  58283.307   75.2  1.041e+01 
 165669  1.000   2  2018  165   3.67  58283.348   75.2  1.060e+01 
 165670  1.000   2  2018  165   4.22  58283.371   75.2  9.482e+00 
 165708  0.417   1  2018  165  23.44  58284.172   75.0  6.927e+00 
 165709  0.833   2  2018  165  23.82  58284.188   75.0  9.615e+00 
 165710  0.417   1  2018  166   0.21  58284.204   75.0  1.074e+01 
 165719  0.667   1  2018  166   4.84  58284.397   75.0  1.543e+01 
 165720  0.667   1  2018  166   5.18  58284.412   75.0  1.684e+01 
 165747  0.701   1  2018  166  19.00  58284.987   74.9  1.293e+01 
 165748  0.701   1  2018  166  19.38  58285.003   74.9  1.319e+01 
 165749  0.483   1  2018  166  19.88  58285.024   74.9  1.279e+01 
 165750  0.967   2  2018  166  20.27  58285.040   74.9  1.116e+01 
 165751  0.733   2  2018  166  20.76  58285.061   74.9  1.079e+01 
 165756  0.933   6  2018  166  23.23  58285.164   74.9  1.152e+01 
 165757  0.729   4  2018  166  23.74  58285.185   74.9  1.290e+01 
 165758  0.573   3  2018  167   0.25  58285.206   74.8  1.317e+01 
 165759  0.933   6  2018  167   0.74  58285.226   74.8  1.468e+01 
 165844  0.500   2  2018  168  19.26  58286.998   74.5  1.868e+01 
 165845  0.500   2  2018  168  19.71  58287.017   74.5  1.641e+01 
 165846  0.750   3  2018  168  20.25  58287.039   74.5  1.117e+01 
 165860  0.511   2  2018  169   3.42  58287.338   74.5  6.618e+00 
 165898  0.744   2  2018  169  22.36  58288.127   74.4  7.996e+00 
 165899  0.372   1  2018  169  22.66  58288.140   74.4  9.158e+00 
 165900  0.922   1  2018  169  23.41  58288.171   74.4  6.994e+00 
 165901  0.922   1  2018  169  23.88  58288.191   74.4  6.688e+00 
 165906  0.467   3  2018  170   2.16  58288.286   74.4  1.193e+01 
 165907  0.650   1  2018  170   2.85  58288.314   74.4  1.280e+01 
 165945  0.333   2  2018  170  21.77  58289.103   74.3  6.768e+00 
 165955  0.358   2  2018  171   2.70  58289.308   74.2  1.292e+01 
 165959  0.673   1  2018  171   4.73  58289.393   74.2  1.385e+01 
 165960  0.673   1  2018  171   5.08  58289.407   74.2  1.398e+01 
 166100  0.863   1  2018  174   3.39  58292.337   74.2  2.327e+01 
 166101  0.667   1  2018  174   4.00  58292.362   74.2  1.817e+01 
 166102  0.667   1  2018  174   4.35  58292.377   74.2  2.039e+01 
 166103  0.667   1  2018  174   4.84  58292.397   74.2  2.028e+01 
 166146  0.333   1  2018  175   2.42  58293.296   74.3  9.492e+00 
 166147  0.848   1  2018  175   2.82  58293.313   74.4  1.283e+01 
 166148  0.848   1  2018  175   3.26  58293.331   74.4  1.528e+01 
 166151  0.571   1  2018  175   4.81  58293.396   74.4  1.563e+01 
 166189  0.767   3  2018  175  23.85  58294.189   74.4  5.677e+00 
 166195  0.583   1  2018  176   2.59  58294.304   74.4  1.760e+01 
 166197  0.536   2  2018  176   3.63  58294.347   74.4  1.666e+01 
 166200  0.883   1  2018  176   5.14  58294.410   74.4  1.663e+01 
 166246  1.117   3  2018  177   4.27  58295.374   74.5  1.749e+01 
 166247  0.372   1  2018  177   4.68  58295.390   74.5  1.868e+01 
 166248  0.390   3  2018  177   5.26  58295.415   74.5  2.032e+01 
 166520  0.362   1  2018  182  21.33  58301.084   74.8  7.754e+00 
 166521  0.362   1  2018  182  21.53  58301.093   74.8  5.850e+00 
 166526  0.767   3  2018  183   0.23  58301.205   74.8  5.163e+00 
 166566  0.419   1  2018  183  20.41  58302.046   74.7  5.566e+00 
 166567  0.839   2  2018  183  20.80  58302.062   74.7  4.798e+00 
 166568  0.419   1  2018  183  21.19  58302.078   74.7  4.520e+00 
 166662  0.500   2  2018  185  20.27  58304.040   74.1  6.668e+00 
 166666  0.378   2  2018  185  22.36  58304.127   74.0  8.332e+00 
 166673  0.511   2  2018  186   1.66  58304.265   74.0  4.857e+00 
 166803  0.667   1  2018  188  18.94  58306.985   73.1  1.349e+01 
 166804  0.667   1  2018  188  19.30  58307.000   73.1  1.323e+01 
 166805  0.667   1  2018  188  19.66  58307.015   73.1  1.250e+01 
 166806  0.928   3  2018  188  20.13  58307.034   73.1  1.190e+01 
 166807  0.724   2  2018  188  20.79  58307.062   73.1  1.036e+01 
 166808  0.652   2  2018  188  21.31  58307.083   73.1  1.152e+01 
 166810  0.633   4  2018  188  22.22  58307.122   73.1  8.672e+00 
 166811  0.661   1  2018  188  22.83  58307.147   73.1  6.975e+00 
 166812  0.661   1  2018  188  23.17  58307.161   73.1  6.013e+00 
 166813  0.839   2  2018  188  23.67  58307.182   73.1  4.205e+00 
 166814  0.839   2  2018  189   0.19  58307.203   73.1  4.304e+00 
 166815  0.772   1  2018  189   0.82  58307.230   73.1  6.119e+00 
 166816  0.772   1  2018  189   1.26  58307.248   73.1  6.479e+00 
 166817  0.604   1  2018  189   1.81  58307.271   73.0  6.568e+00 
 166818  1.209   2  2018  189   2.29  58307.291   73.0  6.679e+00 
 166819  0.604   1  2018  189   2.84  58307.314   73.0  6.617e+00 
 166820  1.209   2  2018  189   3.32  58307.334   73.0  6.457e+00 
 166822  0.578   2  2018  189   4.33  58307.376   73.0  7.644e+00 
 166859  1.656   2  2018  189  22.73  58308.143   72.9  3.560e+00 
 166860  0.419   1  2018  189  23.40  58308.171   72.9  5.171e+00 
 166861  0.839   2  2018  189  23.79  58308.187   72.9  5.730e+00 
 166862  0.419   1  2018  190   0.17  58308.203   72.9  6.182e+00 
 166867  0.800   1  2018  190   2.68  58308.307   72.9  8.828e+00 
 166868  0.800   1  2018  190   3.11  58308.325   72.9  8.828e+00 
 166869  0.800   1  2018  190   3.66  58308.348   72.9  9.015e+00 
 166870  0.800   1  2018  190   4.10  58308.366   72.9  8.933e+00 
 166900  1.389   2  2018  190  19.29  58308.999   72.7  6.342e+00 
 166901  0.694   1  2018  190  19.92  58309.025   72.7  6.912e+00 
 166902  0.694   1  2018  190  20.28  58309.041   72.7  6.654e+00 
 166903  0.694   1  2018  190  20.71  58309.059   72.7  6.107e+00 
 166904  0.694   1  2018  190  21.08  58309.074   72.7  5.595e+00 
 166905  1.333   2  2018  190  21.74  58309.102   72.7  4.862e+00 
 166907  0.667   1  2018  190  22.70  58309.141   72.7  5.129e+00 
 166909  0.694   1  2018  190  23.99  58309.195   72.7  7.103e+00 
 166910  0.694   1  2018  191   0.35  58309.210   72.7  7.444e+00 
 166911  0.694   1  2018  191   0.94  58309.235   72.7  8.926e+00 
 166912  0.694   1  2018  191   1.30  58309.250   72.7  9.383e+00 
 166913  0.694   1  2018  191   1.75  58309.269   72.7  9.886e+00 
 166914  0.694   1  2018  191   2.11  58309.284   72.7  9.093e+00 
 166915  1.389   2  2018  191   2.75  58309.310   72.7  1.082e+01 
 166919  0.694   1  2018  191   4.57  58309.386   72.7  1.372e+01 
 166920  0.694   1  2018  191   5.01  58309.404   72.7  1.197e+01 
 166948  0.694   1  2018  191  19.05  58309.989   72.6  8.218e+00 
 166949  1.389   2  2018  191  19.70  58310.016   72.6  5.749e+00 
 166950  0.694   1  2018  191  20.39  58310.045   72.6  5.442e+00 
 166951  0.694   1  2018  191  20.75  58310.060   72.6  5.951e+00 
 166952  0.694   1  2018  191  21.27  58310.082   72.6  6.566e+00 
 166953  0.694   1  2018  191  21.63  58310.097   72.6  7.229e+00 
 166954  1.389   2  2018  191  22.24  58310.122   72.6  8.495e+00 
 166955  0.694   1  2018  191  22.84  58310.147   72.6  8.294e+00 
 166956  0.694   1  2018  191  23.21  58310.163   72.6  7.838e+00 
 166959  0.694   1  2018  192   0.62  58310.221   72.6  1.066e+01 
 166960  1.356   2  2018  192   1.27  58310.248   72.6  1.098e+01 
 166961  0.678   1  2018  192   1.87  58310.274   72.6  1.081e+01 
 166962  0.678   1  2018  192   2.23  58310.289   72.6  1.203e+01 
 166964  1.000   2  2018  192   3.22  58310.330   72.5  1.067e+01 
 166965  1.000   2  2018  192   3.83  58310.355   72.5  8.567e+00 
 166966  0.678   1  2018  192   4.41  58310.379   72.5  8.388e+00 
 166967  0.678   1  2018  192   4.77  58310.394   72.5  8.363e+00 
 166997  0.678   1  2018  192  19.96  58311.027   72.5  7.063e+00 
 166998  0.678   1  2018  192  20.33  58311.043   72.5  6.914e+00 
 166999  0.678   1  2018  192  20.79  58311.062   72.5  6.364e+00 
 167002  0.622   1  2018  192  22.30  58311.125   72.4  6.791e+00 
 167003  0.622   1  2018  192  22.63  58311.139   72.4  7.240e+00 
 167004  0.789   1  2018  192  23.18  58311.161   72.4  6.953e+00 
 167005  0.789   1  2018  192  23.60  58311.179   72.4  8.199e+00 
 167007  0.678   1  2018  193   0.55  58311.219   72.4  1.130e+01 
 167008  0.911   2  2018  193   1.27  58311.249   72.4  1.192e+01 
 167010  0.344   1  2018  193   2.20  58311.287   72.4  1.337e+01 
 167011  0.456   1  2018  193   2.66  58311.306   72.4  1.460e+01 
 167012  0.583   1  2018  193   3.08  58311.324   72.4  1.590e+01 
 167013  0.567   1  2018  193   3.59  58311.345   72.4  1.750e+01 
 167014  1.356   2  2018  193   4.28  58311.374   72.4  1.571e+01 
 167015  0.678   1  2018  193   4.89  58311.399   72.4  1.559e+01 
 167016  0.678   1  2018  193   5.26  58311.415   72.4  1.440e+01 
 167017  0.622   1  2018  193   5.67  58311.432   72.4  1.753e+01 
 167046  0.667   2  2018  193  20.11  58312.034   72.3  6.283e+00 
 167048  0.394   5  2018  193  21.24  58312.080   72.3  6.157e+00 
 167049  0.350   1  2018  193  21.84  58312.105   72.3  5.014e+00 
 167050  0.633   5  2018  193  22.27  58312.123   72.3  6.555e+00 
 167051  0.380   3  2018  193  22.59  58312.137   72.3  4.609e+00 
 167057  0.373   1  2018  194   1.59  58312.262   72.3  3.392e+00 
 167058  0.373   1  2018  194   2.24  58312.289   72.3  1.004e+01 
 167059  1.250   1  2018  194   2.79  58312.312   72.3  7.519e+00 
 167060  0.500   1  2018  194   3.48  58312.341   72.3  6.301e+00 
 167061  0.500   1  2018  194   3.76  58312.352   72.3  6.369e+00 
 167062  1.000   2  2018  194   4.17  58312.369   72.3  8.034e+00 
 167093  0.442   1  2018  194  19.90  58313.025   72.2  1.017e+01 
 167094  0.883   2  2018  194  20.27  58313.040   72.2  1.148e+01 
 167095  0.528   2  2018  194  20.70  58313.058   72.2  9.585e+00 
 167096  0.336   2  2018  194  21.33  58313.084   72.2  9.383e+00 
 167097  0.750   3  2018  194  21.75  58313.102   72.2  9.932e+00 
 167099  0.507   4  2018  194  22.81  58313.146   72.2  8.551e+00 
 167100  0.507   4  2018  194  23.14  58313.160   72.2  8.910e+00 
 167101  0.839   2  2018  194  23.66  58313.182   72.2  8.911e+00 
 167102  0.839   2  2018  195   0.18  58313.203   72.2  1.030e+01 
 167106  0.578   2  2018  195   2.32  58313.292   72.2  1.043e+01 
 167109  0.578   2  2018  195   3.74  58313.351   72.2  1.131e+01 
 167111  0.701   1  2018  195   4.91  58313.400   72.2  1.673e+01 
 167112  0.701   1  2018  195   5.30  58313.416   72.2  1.889e+01 
 167148  0.839   2  2018  195  23.25  58314.164   72.1  1.274e+01 
 167149  0.546   2  2018  195  23.70  58314.183   72.1  1.317e+01 
 167150  0.887   7  2018  196   0.25  58314.206   72.1  1.107e+01 
 167190  0.500   4  2018  196  20.14  58315.035   72.1  1.139e+01 
 167191  0.772   1  2018  196  20.81  58315.063   72.1  1.242e+01 
 167192  0.772   1  2018  196  21.25  58315.081   72.1  1.197e+01 
 167193  0.500   2  2018  196  21.75  58315.102   72.1  1.087e+01 
 167194  0.500   2  2018  196  22.10  58315.116   72.1  1.088e+01 
 167206  0.767   1  2018  197   4.14  58315.368   72.2  2.108e+01 
 167207  1.008   2  2018  197   4.65  58315.389   72.2  1.819e+01 
 167300  0.533   3  2018  199   3.17  58317.328   72.2  1.292e+01 
 167302  0.533   3  2018  199   4.20  58317.371   72.2  1.196e+01 
 167303  0.633   2  2018  199   4.75  58317.393   72.2  1.487e+01 
 167304  0.633   2  2018  199   5.14  58317.410   72.2  1.604e+01 
 167391  1.022   4  2018  201   0.73  58319.226   72.3  1.241e+01 
 167393  0.511   2  2018  201   1.82  58319.271   72.3  8.506e+00 
 167394  0.767   3  2018  201   2.23  58319.289   72.3  1.088e+01 
 167395  0.767   3  2018  201   2.78  58319.311   72.3  1.035e+01 
 167396  0.511   2  2018  201   3.12  58319.326   72.3  1.224e+01 
 167440  0.591   4  2018  202   1.32  58320.251   72.2  6.244e+00 
 167442  0.767   2  2018  202   2.28  58320.290   72.2  9.643e+00 
 167444  0.384   4  2018  202   3.25  58320.331   72.2  1.394e+01 
 167445  0.481   5  2018  202   3.72  58320.351   72.2  1.762e+01 
 167447  0.667   2  2018  202   4.70  58320.391   72.2  1.976e+01 
 167538  1.117   3  2018  204   2.27  58322.290   72.0  6.110e+00 
 167539  0.372   1  2018  204   2.67  58322.307   72.0  6.393e+00 
 167583  0.356   2  2018  205   0.63  58323.222   71.9  1.015e+01 
 167585  0.767   3  2018  205   1.73  58323.267   71.9  6.693e+00 
 167587  1.696   2  2018  205   2.77  58323.311   71.9  9.149e+00 
 167591  0.411   2  2018  205   4.91  58323.400   71.9  1.437e+01 
 167639  0.863   1  2018  206   4.56  58324.386   71.7  1.970e+01 
 167640  0.571   1  2018  206   5.00  58324.404   71.7  2.147e+01 
 167783  0.392   3  2018  209   4.81  58327.396   71.4  9.876e+00 
 167811  0.333   1  2018  209  18.61  58327.971   71.3  2.021e+01 
 167911  0.739   5  2018  211  20.79  58330.062   71.0  1.256e+01 
 167912  0.591   4  2018  211  21.23  58330.080   71.0  1.290e+01 
 168005  1.031   2  2018  213  19.80  58332.021   70.7  8.188e+00 
 168052  1.031   2  2018  214  19.21  58332.996   70.6  1.142e+01 
 168055  1.031   2  2018  214  20.74  58333.060   70.6  9.754e+00 
 168056  0.682   2  2018  214  21.23  58333.080   70.6  8.442e+00 
 168057  0.500   3  2018  214  21.82  58333.105   70.6  8.134e+00 
 168058  0.333   2  2018  214  22.29  58333.124   70.6  6.687e+00 
 168059  0.333   2  2018  214  22.80  58333.146   70.6  6.029e+00 
 168064  0.333   2  2018  215   1.28  58333.249   70.6  8.754e+00 
 168065  0.500   3  2018  215   1.80  58333.271   70.6  9.603e+00 
 168067  0.572   3  2018  215   2.86  58333.315   70.6  1.129e+01 
 168068  0.767   2  2018  215   3.30  58333.333   70.6  1.243e+01 
 168100  1.000   3  2018  215  19.20  58333.996   70.5  2.431e+01 
 168101  0.333   1  2018  215  19.59  58334.012   70.5  2.252e+01 
 168247  1.000   3  2018  218  20.72  58337.059   70.4  5.384e+00 
 168248  0.333   1  2018  218  21.11  58337.075   70.4  5.215e+00 
 168255  1.028   1  2018  219   0.67  58337.223   70.4  5.633e+00 
 168256  1.028   1  2018  219   1.30  58337.250   70.4  6.642e+00 
 168260  0.996   1  2018  219   3.16  58337.327   70.4  4.302e+00 
 168261  0.996   1  2018  219   3.67  58337.348   70.4  5.519e+00 
 168262  0.767   2  2018  219   4.34  58337.376   70.4  5.961e+00 
 168263  0.767   2  2018  219   4.80  58337.395   70.4  5.929e+00 
 168294  0.839   2  2018  219  20.34  58338.043   70.4  5.773e+00 
 168295  0.839   2  2018  219  20.86  58338.065   70.4  6.650e+00 
 168297  0.877   6  2018  219  21.76  58338.102   70.4  7.016e+00 
 168305  0.333   1  2018  220   1.81  58338.271   70.4  8.115e+00 
 168306  0.583   1  2018  220   2.13  58338.284   70.4  9.175e+00 
 168307  1.000   2  2018  220   2.71  58338.309   70.4  8.943e+00 
 168308  1.000   2  2018  220   3.26  58338.331   70.4  7.325e+00 
 168309  0.652   2  2018  220   3.84  58338.355   70.4  8.117e+00 
 168311  0.411   1  2018  220   4.73  58338.393   70.4  7.153e+00 
 168388  0.667   2  2018  221  19.37  58340.003   70.4  7.682e+00 
 168389  0.333   1  2018  221  19.85  58340.023   70.5  7.232e+00 
 168436  0.778   4  2018  222  19.27  58340.999   70.6  9.658e+00 
 168454  0.772   1  2018  223   4.16  58341.369   70.6  6.352e+00 
 168455  0.772   1  2018  223   4.60  58341.387   70.6  6.735e+00 
 168484  0.583   3  2018  223  19.34  58342.001   70.7  4.731e+00 
 168485  0.583   3  2018  223  19.77  58342.019   70.7  4.895e+00 
 168488  1.535   1  2018  223  21.33  58342.084   70.7  5.323e+00 
 168490  1.035   1  2018  223  22.03  58342.113   70.7  5.977e+00 
 168493  0.767   3  2018  223  23.85  58342.189   70.7  8.527e+00 
 168494  0.489   2  2018  224   0.25  58342.206   70.7  7.918e+00 
 168495  0.933   4  2018  224   0.73  58342.226   70.7  7.100e+00 
 168496  1.033   2  2018  224   1.40  58342.254   70.7  6.540e+00 
 168497  0.800   1  2018  224   1.92  58342.275   70.7  6.406e+00 
 168498  0.479   2  2018  224   2.42  58342.297   70.7  5.473e+00 
 168499  0.718   3  2018  224   2.79  58342.312   70.7  5.447e+00 
 168532  0.778   4  2018  224  19.23  58342.997   70.8  7.255e+00 
 168533  0.389   2  2018  224  19.66  58343.015   70.8  7.566e+00 
 168547  0.926   1  2018  225   2.94  58343.318   70.8  6.950e+00 
 168548  0.926   1  2018  225   3.43  58343.338   70.8  7.307e+00 
 168550  0.958   4  2018  225   4.25  58343.373   70.8  9.385e+00 
 168582  0.428   1  2018  225  20.34  58344.043   70.9  5.614e+00 
 168585  1.035   1  2018  225  21.68  58344.099   70.9  4.414e+00 
 168597  0.701   1  2018  226   3.95  58344.360   70.9  6.346e+00 
 168598  0.701   1  2018  226   4.33  58344.376   70.9  7.088e+00 
 168599  0.756   1  2018  226   4.97  58344.403   70.9  6.498e+00 
 168628  0.583   3  2018  226  19.29  58345.000   70.9  7.350e+00 
 168629  0.583   3  2018  226  19.73  58345.018   70.9  8.216e+00 
 168634  0.767   3  2018  226  22.20  58345.121   70.9  8.421e+00 
 168635  0.461   2  2018  226  22.77  58345.144   70.9  6.218e+00 
 168641  0.800   1  2018  227   1.82  58345.271   70.9  3.820e+00 
 168642  0.800   1  2018  227   2.25  58345.289   70.9  3.913e+00 
 168643  0.479   2  2018  227   2.79  58345.312   70.9  3.893e+00 
 168644  0.718   3  2018  227   3.16  58345.327   70.9  3.758e+00 
 168645  0.479   2  2018  227   3.80  58345.354   70.8  3.842e+00 
 168646  0.718   3  2018  227   4.32  58345.376   70.8  4.844e+00 
 168647  1.028   1  2018  227   4.94  58345.401   70.8  5.634e+00 
 168680  0.667   2  2018  227  21.28  58346.082   70.8  4.049e+00 
 168686  0.800   1  2018  228   0.27  58346.207   70.8  2.692e+00 
 168687  0.800   1  2018  228   0.70  58346.225   70.8  3.313e+00 
 168688  0.372   1  2018  228   1.29  58346.249   70.8  3.205e+00 
 168689  0.744   2  2018  228   1.80  58346.270   70.8  3.672e+00 
 168693  0.718   3  2018  228   3.73  58346.351   70.8  4.409e+00 
 168694  0.718   3  2018  228   4.18  58346.370   70.8  4.272e+00 
 168733  0.767   3  2018  228  23.72  58347.184   70.8  5.419e+00 
 168738  0.479   2  2018  229   2.38  58347.295   70.8  4.929e+00 
 168739  0.479   2  2018  229   2.68  58347.307   70.8  5.051e+00 
 168740  0.718   3  2018  229   3.29  58347.333   70.8  5.097e+00 
 168741  0.718   3  2018  229   3.78  58347.353   70.8  4.982e+00 
 168771  0.442   1  2018  229  18.82  58347.980   70.7  1.158e+01 
 168772  0.839   2  2018  229  19.18  58347.995   70.7  8.785e+00 
 168785  0.926   1  2018  230   1.76  58348.269   70.7  7.164e+00 
 168786  0.926   1  2018  230   2.26  58348.290   70.7  6.821e+00 
 168787  0.479   2  2018  230   2.87  58348.315   70.7  6.894e+00 
 168788  0.718   3  2018  230   3.24  58348.331   70.7  6.917e+00 
 168789  0.718   3  2018  230   3.80  58348.354   70.7  7.518e+00 
 168790  0.718   3  2018  230   4.29  58348.374   70.6  7.355e+00 
 168820  1.333   2  2018  230  19.17  58348.994   70.6  3.965e+00 
 168821  0.667   1  2018  230  19.82  58349.021   70.6  3.820e+00 
 168822  0.667   1  2018  230  20.16  58349.036   70.6  3.354e+00 
 168823  0.667   1  2018  230  20.83  58349.064   70.6  4.120e+00 
 168824  0.667   1  2018  230  21.18  58349.078   70.6  4.565e+00 
 168825  1.333   2  2018  230  21.80  58349.104   70.6  4.612e+00 
 168827  0.667   1  2018  230  22.74  58349.143   70.6  4.423e+00 
 168828  0.667   1  2018  230  23.09  58349.158   70.6  4.825e+00 
 168829  1.333   2  2018  230  23.78  58349.187   70.6  6.298e+00 
 168830  0.667   1  2018  231   0.46  58349.215   70.6  6.838e+00 
 168831  0.667   1  2018  231   0.81  58349.229   70.6  6.153e+00 
 168832  0.667   1  2018  231   1.42  58349.255   70.6  6.472e+00 
 168833  0.667   1  2018  231   1.76  58349.269   70.6  6.649e+00 
 168834  0.667   1  2018  231   2.22  58349.288   70.6  6.152e+00 
 168835  0.667   1  2018  231   2.57  58349.302   70.6  5.704e+00 
 168836  0.667   1  2018  231   3.20  58349.329   70.6  6.385e+00 
 168837  0.667   1  2018  231   3.54  58349.343   70.6  7.143e+00 
 168838  1.333   2  2018  231   4.20  58349.371   70.6  7.851e+00 
 168839  0.667   1  2018  231   4.84  58349.397   70.5  8.571e+00 
 168840  0.667   1  2018  231   5.18  58349.412   70.5  1.011e+01 
 168868  0.667   1  2018  231  19.00  58349.987   70.5  9.112e+00 
 168870  0.667   1  2018  231  20.25  58350.039   70.5  6.027e+00 
 168871  0.667   1  2018  231  20.60  58350.054   70.5  6.036e+00 
 168872  0.667   1  2018  231  21.23  58350.080   70.5  8.606e+00 
 168873  0.667   1  2018  231  21.58  58350.095   70.5  9.336e+00 
 168874  1.333   2  2018  231  22.22  58350.121   70.5  8.627e+00 
 168876  0.667   1  2018  231  23.33  58350.168   70.5  7.947e+00 
 168877  0.667   1  2018  231  23.67  58350.182   70.5  9.238e+00 
 168878  0.667   1  2018  232   0.17  58350.203   70.5  8.020e+00 
 168879  0.667   1  2018  232   0.52  58350.217   70.5  7.556e+00 
 168880  1.333   2  2018  232   1.27  58350.248   70.5  8.238e+00 
 168881  0.667   1  2018  232   1.93  58350.276   70.5  7.963e+00 
 168882  0.667   1  2018  232   2.28  58350.291   70.5  7.468e+00 
 168883  0.667   1  2018  232   2.73  58350.309   70.5  6.786e+00 
 168884  0.667   1  2018  232   3.08  58350.324   70.5  7.388e+00 
 168885  0.667   1  2018  232   3.70  58350.350   70.5  8.385e+00 
 168886  0.667   1  2018  232   4.04  58350.364   70.5  9.355e+00 
 168887  0.667   1  2018  232   4.69  58350.391   70.5  9.214e+00 
 168888  0.667   1  2018  232   5.03  58350.405   70.5  1.009e+01 
 168919  0.333   1  2018  232  20.89  58351.066   70.4  4.301e+00 
 168920  1.000   3  2018  232  21.28  58351.082   70.4  3.067e+00 
 168922  0.400   3  2018  232  22.36  58351.127   70.4  4.531e+00 
 168923  0.500   3  2018  232  22.87  58351.149   70.4  3.782e+00 
 168924  0.667   4  2018  232  23.27  58351.165   70.4  3.480e+00 
 168925  0.667   4  2018  232  23.72  58351.184   70.4  3.968e+00 
 168926  0.567   4  2018  233   0.26  58351.206   70.4  5.747e+00 
 168927  0.533   4  2018  233   0.73  58351.226   70.4  5.278e+00 
 168929  0.600   6  2018  233   1.72  58351.267   70.4  6.767e+00 
 168932  1.022   4  2018  233   3.28  58351.332   70.4  9.316e+00 
 168934  1.000   2  2018  233   4.15  58351.368   70.4  9.753e+00 
 168935  1.000   2  2018  233   4.70  58351.391   70.4  1.253e+01 
 168976  0.667   2  2018  234   1.40  58352.254   70.3  4.416e+00 
 168977  0.667   2  2018  234   1.79  58352.270   70.3  4.436e+00 
 169316  0.528   1  2018  241   3.34  58359.335   69.9  8.982e+00 
 169317  0.528   1  2018  241   3.64  58359.347   69.9  9.769e+00 
 169366  0.889   2  2018  242   4.20  58360.370   69.9  6.635e+00 
 169410  0.330   1  2018  243   2.37  58361.294   70.0  6.406e+00 
 169411  0.990   3  2018  243   2.76  58361.311   70.0  6.255e+00 
 169414  0.389   1  2018  243   4.46  58361.381   70.0  1.066e+01 
 169415  0.389   1  2018  243   4.68  58361.391   70.0  1.089e+01 
 169505  0.614   1  2018  245   1.97  58363.278   70.1  4.965e+00 
 169506  0.614   1  2018  245   2.31  58363.292   70.1  9.102e+00 
 169507  0.833   1  2018  245   2.78  58363.311   70.1  8.756e+00 
 169508  0.833   1  2018  245   3.23  58363.330   70.1  7.567e+00 
 169509  0.833   1  2018  245   3.85  58363.356   70.1  9.351e+00 
 169510  0.833   1  2018  245   4.29  58363.374   70.1  9.456e+00 
 169541  1.031   2  2018  245  19.65  58364.014   70.1  1.107e+01 
 169542  1.031   2  2018  245  20.20  58364.037   70.1  1.096e+01 
 169551  0.767   3  2018  246   0.76  58364.227   70.1  4.286e+00 
 169559  0.511   2  2018  246   4.60  58364.387   70.1  7.887e+00 
 169601  0.511   2  2018  247   1.87  58365.274   70.1  9.339e+00 
 169602  0.451   2  2018  247   2.30  58365.291   70.1  8.859e+00 
 169603  0.677   3  2018  247   2.72  58365.309   70.1  9.196e+00 
 169604  0.481   2  2018  247   3.22  58365.330   70.1  9.123e+00 
 169605  1.022   4  2018  247   3.72  58365.350   70.1  8.442e+00 
 169606  0.511   2  2018  247   4.22  58365.371   70.1  8.067e+00 
 169607  0.487   3  2018  247   4.65  58365.389   70.1  8.618e+00 
 169638  0.656   1  2018  247  20.16  58366.036   70.0  9.178e+00 
 169639  0.656   1  2018  247  20.64  58366.056   70.0  9.181e+00 
 169642  0.656   1  2018  247  22.30  58366.125   70.0  1.014e+01 
 169646  0.656   1  2018  248   0.47  58366.215   70.1  7.320e+00 
 169647  0.656   1  2018  248   0.81  58366.230   70.1  7.159e+00 
 169648  0.656   1  2018  248   1.32  58366.250   70.1  7.733e+00 
 169649  0.656   1  2018  248   1.66  58366.265   70.1  7.666e+00 
 169650  1.311   2  2018  248   2.18  58366.286   70.1  8.369e+00 
 169652  1.311   2  2018  248   3.27  58366.332   70.1  1.016e+01 
 169653  0.656   1  2018  248   3.79  58366.353   70.1  9.663e+00 
 169654  1.311   2  2018  248   4.31  58366.375   70.1  8.802e+00 
 169655  0.656   1  2018  248   4.83  58366.397   70.1  9.118e+00 
 169684  0.989   1  2018  248  19.24  58366.997   70.0  1.117e+01 
 169688  1.311   2  2018  248  21.29  58367.083   70.0  8.872e+00 
 169689  0.656   1  2018  248  21.93  58367.109   70.0  8.631e+00 
 169690  0.656   1  2018  248  22.27  58367.124   70.0  9.187e+00 
 169691  1.311   2  2018  248  22.79  58367.145   70.0  1.008e+01 
 169696  1.311   2  2018  249   1.21  58367.246   70.0  1.000e+01 
 169697  0.656   1  2018  249   1.73  58367.268   70.0  1.054e+01 
 169698  0.656   1  2018  249   2.07  58367.282   70.0  9.866e+00 
 169699  0.822   1  2018  249   2.72  58367.309   70.0  1.057e+01 
 169700  0.822   1  2018  249   3.15  58367.327   70.0  1.027e+01 
 169701  0.600   1  2018  249   3.78  58367.353   70.0  9.545e+00 
 169702  1.200   2  2018  249   4.26  58367.373   70.0  9.840e+00 
 169703  0.600   1  2018  249   4.73  58367.393   70.0  1.081e+01 
 169732  1.031   2  2018  249  19.27  58367.999   69.9  1.801e+01 
 169733  1.031   2  2018  249  19.83  58368.022   69.9  1.690e+01 
 169734  0.425   3  2018  249  20.39  58368.045   69.9  1.829e+01 
 169748  0.718   3  2018  250   3.29  58368.333   69.8  1.383e+01 
 169779  0.516   1  2018  250  18.98  58368.986   69.7  1.068e+01 
 169780  0.516   1  2018  250  19.26  58368.998   69.7  9.689e+00 
 169781  0.516   1  2018  250  19.53  58369.009   69.7  9.288e+00 
 169783  0.667   1  2018  250  20.63  58369.055   69.7  8.865e+00 
 169827  0.516   1  2018  251  18.78  58369.978   69.5  2.953e+01 
 169828  1.031   2  2018  251  19.19  58369.995   69.5  2.270e+01 
 169829  0.516   1  2018  251  19.61  58370.013   69.5  2.055e+01 
 169880  0.400   6  2018  252  21.21  58371.079   69.3  1.058e+01 
 169981  0.451   2  2018  254  23.86  58373.190   69.1  9.120e+00 
 169982  0.479   2  2018  255   0.29  58373.208   69.1  9.734e+00 
 169983  0.958   4  2018  255   0.74  58373.226   69.1  9.587e+00 
 169985  0.958   4  2018  255   1.75  58373.269   69.1  8.367e+00 
 169986  0.479   2  2018  255   2.34  58373.293   69.1  7.971e+00 
 169987  0.718   3  2018  255   2.71  58373.308   69.1  9.004e+00 
 170024  0.667   1  2018  255  21.37  58374.086   69.0  9.823e+00 
 170025  0.667   1  2018  255  21.73  58374.101   69.0  1.067e+01 
 170026  0.667   1  2018  255  22.09  58374.116   69.0  9.800e+00 
 170074  0.701   1  2018  256  22.28  58375.124   69.0  7.559e+00 
 170075  0.533   1  2018  256  22.76  58375.144   69.0  6.561e+00 
 170076  0.533   1  2018  256  23.06  58375.157   69.0  6.852e+00 
 170077  0.700   4  2018  256  23.87  58375.190   69.0  9.784e+00 
 170078  0.500   1  2018  257   0.28  58375.207   69.0  9.018e+00 
 170079  0.742   3  2018  257   0.82  58375.230   69.0  8.600e+00 
 170080  0.541   3  2018  257   1.19  58375.245   69.0  9.158e+00 
 170083  0.701   1  2018  257   2.73  58375.309   69.0  1.157e+01 
 170084  0.701   1  2018  257   3.11  58375.325   69.0  1.082e+01 
 170085  0.833   1  2018  257   3.66  58375.348   69.0  1.199e+01 
 170125  0.589   2  2018  257  23.75  58376.185   69.0  9.405e+00 
 170129  0.461   1  2018  258   1.58  58376.261   69.0  1.042e+01 
 170136  0.461   1  2018  258   5.06  58376.406   69.0  1.994e+01 
 170168  0.922   2  2018  258  21.22  58377.080   69.0  5.436e+00 
 170169  0.922   2  2018  258  21.74  58377.101   69.0  4.633e+00 
 170170  0.394   2  2018  258  22.35  58377.127   69.0  4.314e+00 
 170172  0.561   3  2018  258  23.22  58377.163   69.0  4.684e+00 
 170174  0.561   3  2018  259   0.13  58377.201   69.0  5.779e+00 
 170175  0.522   2  2018  259   0.77  58377.228   69.0  8.102e+00 
 170176  0.756   2  2018  259   1.27  58377.248   69.0  8.170e+00 
 170180  0.461   1  2018  259   3.00  58377.321   69.0  1.099e+01 
 170181  0.461   1  2018  259   3.52  58377.342   69.0  1.189e+01 
 170182  0.628   3  2018  259   4.37  58377.378   69.0  1.177e+01 
 170214  0.533   8  2018  259  20.17  58378.036   69.0  8.451e+00 
 170216  0.667   2  2018  259  21.20  58378.079   69.0  8.570e+00 
 170260  0.472   5  2018  260  19.33  58379.001   69.0  8.999e+00 
 170261  0.567   6  2018  260  19.77  58379.019   69.0  7.880e+00 
 170262  0.472   5  2018  260  20.32  58379.042   69.0  6.477e+00 
 170263  0.472   5  2018  260  20.76  58379.060   69.0  5.927e+00 
 170704  0.767   3  2018  270   1.32  58388.251   68.7  9.885e+00 
 170707  0.516   1  2018  270   2.88  58388.316   68.7  1.648e+01 
 170708  1.031   2  2018  270   3.30  58388.333   68.7  1.626e+01 
 170709  0.516   1  2018  270   3.84  58388.356   68.7  1.755e+01 
 170710  1.031   2  2018  270   4.25  58388.373   68.7  2.021e+01 
 170711  0.516   1  2018  270   4.67  58388.390   68.7  2.552e+01 
 170742  0.584   4  2018  270  20.34  58389.043   68.7  8.830e+00 
 170743  0.438   3  2018  270  20.69  58389.058   68.7  8.411e+00 
 170751  1.022   4  2018  271   0.74  58389.226   68.7  6.881e+00 
 170752  0.767   3  2018  271   1.27  58389.248   68.7  8.760e+00 
 170753  0.767   3  2018  271   1.76  58389.269   68.7  1.150e+01 
 170754  0.516   1  2018  271   2.27  58389.290   68.7  1.687e+01 
 170755  1.031   2  2018  271   2.68  58389.307   68.7  1.668e+01 
 170756  0.516   1  2018  271   3.09  58389.325   68.7  1.959e+01 
 170757  1.031   2  2018  271   3.66  58389.348   68.7  2.208e+01 
 170758  1.031   2  2018  271   4.21  58389.371   68.7  2.364e+01 
 170788  0.425   3  2018  271  19.38  58390.003   68.7  2.631e+01 
 170789  0.708   5  2018  271  19.73  58390.018   68.7  2.600e+01 
 170790  0.847   3  2018  271  20.29  58390.041   68.7  2.246e+01 
 170791  0.564   2  2018  271  20.73  58390.059   68.7  2.196e+01 
 170792  0.847   3  2018  271  21.17  58390.078   68.7  2.209e+01 
 170799  0.767   3  2018  272   0.74  58390.227   68.7  1.866e+01 
 170800  0.767   3  2018  272   1.16  58390.244   68.7  1.449e+01 
 170801  0.511   2  2018  272   1.62  58390.263   68.7  1.258e+01 
 170802  1.031   2  2018  272   2.23  58390.288   68.7  9.882e+00 
 170803  1.031   2  2018  272   2.78  58390.311   68.7  1.042e+01 
 170804  0.516   1  2018  272   3.36  58390.335   68.7  9.881e+00 
 170805  1.031   2  2018  272   3.77  58390.353   68.7  8.840e+00 
 170806  0.516   1  2018  272   4.19  58390.370   68.7  1.141e+01 
 170836  0.567   4  2018  272  19.33  58391.001   68.8  1.527e+01 
 170837  0.567   4  2018  272  19.68  58391.015   68.8  1.281e+01 
 170838  1.129   4  2018  272  20.26  58391.040   68.8  1.008e+01 
 170839  0.564   2  2018  272  20.80  58391.062   68.8  8.138e+00 
 170840  0.564   2  2018  272  21.12  58391.076   68.8  7.816e+00 
 170841  0.832   4  2018  272  21.66  58391.098   68.8  7.638e+00 
 170842  0.400   6  2018  272  22.28  58391.124   68.8  5.981e+00 
 170843  0.400   6  2018  272  22.87  58391.149   68.8  1.021e+01 
 170845  0.667  10  2018  272  23.76  58391.185   68.8  6.737e+00 
 170846  0.467   7  2018  273   0.29  58391.208   68.8  6.796e+00 
 170847  0.578   3  2018  273   0.79  58391.228   68.8  1.019e+01 
 170848  1.022   4  2018  273   1.24  58391.247   68.8  1.095e+01 
 170849  0.767   3  2018  273   1.85  58391.273   68.8  1.110e+01 
 170850  0.511   2  2018  273   2.25  58391.289   68.8  1.240e+01 
 170851  1.022   4  2018  273   2.72  58391.309   68.8  1.343e+01 
 170885  0.856   2  2018  273  19.77  58392.019   68.9  1.113e+01 
 170886  0.856   2  2018  273  20.24  58392.039   68.9  1.122e+01 
 170887  0.847   3  2018  273  20.80  58392.062   68.9  1.158e+01 
 170888  0.529   2  2018  273  21.29  58392.083   68.9  1.050e+01 
 170889  0.742   3  2018  273  21.76  58392.102   68.9  1.088e+01 
 170891  0.500   1  2018  273  22.91  58392.150   68.9  1.735e+01 
 170892  0.500   1  2018  273  23.21  58392.163   68.9  1.941e+01 
 170985  1.333   2  2018  275  21.76  58394.102   69.0  1.146e+01 
 170986  0.667   1  2018  275  22.48  58394.132   69.0  1.161e+01 
 170987  0.667   1  2018  275  22.83  58394.147   69.0  1.223e+01 
 170988  0.644   2  2018  275  23.33  58394.168   69.0  1.394e+01 
 171176  1.067   2  2018  279  21.19  58398.078   69.2  1.017e+01 
 171220  0.333   1  2018  280  19.39  58399.003   69.2  9.517e+00 
 171221  1.000   3  2018  280  19.77  58399.019   69.2  9.414e+00 
 171230  0.500   1  2018  281   0.46  58399.215   69.2  1.588e+01 
 171231  1.000   2  2018  281   0.85  58399.231   69.3  1.878e+01 
 171233  0.372   1  2018  281   1.88  58399.274   69.3  2.169e+01 
 171234  1.117   3  2018  281   2.28  58399.291   69.3  2.262e+01 
 171235  0.744   2  2018  281   2.89  58399.316   69.3  2.150e+01 
 171274  0.900   2  2018  281  22.30  58400.125   69.3  1.661e+01 
 171275  0.450   1  2018  281  22.68  58400.140   69.3  1.908e+01 
 171276  1.117   3  2018  281  23.23  58400.164   69.3  1.956e+01 
 171277  0.694   2  2018  281  23.80  58400.187   69.3  1.924e+01 
 171278  0.644   2  2018  282   0.30  58400.208   69.3  2.123e+01 
 171282  1.569   2  2018  282   2.24  58400.289   69.3  2.830e+01 
 171283  0.784   1  2018  282   2.95  58400.319   69.3  2.568e+01 
 171284  0.784   1  2018  282   3.36  58400.336   69.3  2.496e+01 
 171324  0.500   3  2018  282  23.35  58401.169   69.4  8.287e+00 
 171367  0.667   1  2018  283  20.84  58402.064   69.4  1.047e+01 
 171368  0.667   1  2018  283  21.18  58402.078   69.4  1.117e+01 
 171369  1.333   2  2018  283  21.81  58402.104   69.4  1.132e+01 
 171370  0.667   1  2018  283  22.43  58402.130   69.4  1.237e+01 
 171371  0.667   1  2018  283  22.78  58402.145   69.4  1.220e+01 
 171372  0.568   2  2018  283  23.26  58402.165   69.4  1.306e+01 
 171373  0.568   2  2018  283  23.64  58402.181   69.4  1.312e+01 
 171374  0.851   4  2018  284   0.25  58402.206   69.4  1.225e+01 
 171375  0.426   2  2018  284   0.66  58402.223   69.4  1.127e+01 
 171412  0.333   1  2018  284  19.33  58403.001   69.5  9.800e+00 
 171413  1.000   3  2018  284  19.71  58403.017   69.5  8.812e+00 
 171470  0.450   1  2018  286   0.40  58404.212   69.4  1.628e+01 
 171471  0.900   2  2018  286   0.78  58404.228   69.4  1.666e+01 
 171509  0.333   1  2018  286  19.81  58405.021   69.4  6.378e+00 
 171510  1.000   3  2018  286  20.20  58405.037   69.4  6.417e+00 
 171519  0.851   4  2018  287   0.74  58405.227   69.4  9.230e+00 
 171520  0.784   1  2018  287   1.44  58405.255   69.4  1.124e+01 
 171521  0.784   1  2018  287   1.85  58405.273   69.4  1.343e+01 
 171556  0.667   2  2018  287  19.40  58406.004   69.4  1.448e+01 
 171557  0.667   2  2018  287  19.79  58406.020   69.4  1.479e+01 
 171560  0.900   2  2018  287  21.14  58406.076   69.4  2.143e+01 
 171561  0.900   2  2018  287  21.72  58406.100   69.4  2.217e+01 
 171562  0.900   2  2018  287  22.29  58406.125   69.4  1.843e+01 
 171572  0.784   1  2018  288   3.43  58406.339   69.4  4.886e+01 
 171573  0.784   1  2018  288   3.84  58406.356   69.4  4.148e+01 
 171611  0.372   1  2018  288  22.96  58407.152   69.3  1.465e+01 
 171612  0.744   2  2018  288  23.27  58407.165   69.3  1.561e+01 
 171613  0.372   1  2018  288  23.57  58407.178   69.3  1.458e+01 
 171614  0.851   4  2018  289   0.29  58407.208   69.3  1.747e+01 
 171615  0.426   2  2018  289   0.70  58407.225   69.3  1.891e+01 
 171616  0.784   1  2018  289   1.21  58407.246   69.3  2.032e+01 
 171617  0.784   1  2018  289   1.62  58407.263   69.3  2.230e+01 
 171619  0.784   1  2018  289   2.73  58407.309   69.3  2.302e+01 
 171620  0.784   1  2018  289   3.15  58407.327   69.3  2.313e+01 
 171658  0.333   1  2018  289  22.34  58408.126   69.3  2.327e+01 
 171659  0.667   2  2018  289  22.61  58408.137   69.3  2.551e+01 
 171660  0.744   2  2018  289  23.27  58408.165   69.3  2.639e+01 
 171661  0.744   2  2018  289  23.68  58408.182   69.3  2.505e+01 
 171662  0.744   2  2018  290   0.28  58408.207   69.3  2.282e+01 
 171663  0.744   2  2018  290   0.69  58408.224   69.3  2.211e+01 
 171664  0.744   2  2018  290   1.39  58408.254   69.3  2.811e+01 
 171665  0.744   2  2018  290   1.80  58408.271   69.3  3.034e+01 
 171666  0.526   1  2018  290   2.39  58408.295   69.3  3.113e+01 
 171667  1.051   2  2018  290   2.81  58408.313   69.3  3.196e+01 
 171668  0.526   1  2018  290   3.23  58408.330   69.3  3.440e+01 
 171669  0.533   1  2018  290   3.68  58408.349   69.3  3.362e+01 
 171701  0.439   1  2018  290  19.83  58409.022   69.3  1.701e+01 
 171702  0.439   1  2018  290  20.07  58409.032   69.3  1.624e+01 
 171706  0.667   3  2018  290  22.16  58409.119   69.3  1.200e+01 
 171709  0.533   2  2018  290  23.65  58409.181   69.3  9.305e+00 
 171710  1.117   3  2018  291   0.25  58409.206   69.3  1.082e+01 
 171711  0.372   1  2018  291   0.65  58409.223   69.3  1.167e+01 
 171712  0.744   2  2018  291   1.32  58409.251   69.3  1.045e+01 
 171713  0.744   2  2018  291   1.73  58409.268   69.3  1.196e+01 
 171714  0.462   1  2018  291   2.34  58409.293   69.3  1.144e+01 
 171715  0.924   2  2018  291   2.73  58409.309   69.3  9.252e+00 
 171716  0.462   1  2018  291   3.12  58409.325   69.3  1.058e+01 
 171754  0.533   2  2018  291  22.38  58410.128   69.2  1.400e+01 
 171755  0.981   2  2018  291  22.89  58410.149   69.2  1.331e+01 
 171849  0.372   1  2018  293  21.97  58412.111   69.0  1.433e+01 
 171850  0.744   2  2018  293  22.28  58412.124   69.0  1.282e+01 
 171851  0.744   2  2018  293  22.75  58412.143   69.0  1.136e+01 
 171852  0.744   2  2018  293  23.22  58412.163   69.0  1.088e+01 
 171853  0.931   2  2018  293  23.74  58412.185   69.0  1.063e+01 
 171860  1.033   1  2018  294   3.18  58412.328   69.0  1.627e+01 
 171905  0.372   1  2018  295   1.91  58413.275   68.9  2.572e+01 
 171906  0.744   2  2018  295   2.22  58413.288   68.9  2.433e+01 
 171907  0.744   2  2018  295   2.70  58413.308   68.9  2.716e+01 
 171908  1.117   3  2018  295   3.29  58413.333   68.9  3.211e+01 
 172183  0.644   2  2018  300  20.75  58419.060   68.3  2.007e+01 
 172232  0.967   3  2018  301  21.22  58420.080   68.1  1.368e+01 
 172234  0.333   2  2018  301  22.18  58420.120   68.1  1.074e+01 
 172281  0.500   1  2018  302  21.73  58421.101   68.1  1.800e+01 
 172282  0.500   1  2018  302  22.03  58421.114   68.1  1.975e+01 
 172283  0.701   1  2018  302  22.63  58421.139   68.1  1.926e+01 
 172284  0.701   1  2018  302  23.02  58421.155   68.1  2.068e+01 
 172285  0.500   3  2018  302  23.77  58421.186   68.1  1.608e+01 
 172286  0.372   1  2018  303   0.33  58421.209   68.1  1.208e+01 
 172287  1.117   3  2018  303   0.73  58421.226   68.1  1.425e+01 
 172288  0.372   1  2018  303   1.34  58421.251   68.1  1.781e+01 
 172289  1.117   3  2018  303   1.74  58421.268   68.1  1.763e+01 
 172290  0.744   2  2018  303   2.39  58421.295   68.1  1.892e+01 
 172291  0.744   2  2018  303   2.79  58421.312   68.1  2.179e+01 
 172292  0.372   1  2018  303   3.33  58421.334   68.1  2.341e+01 
 172293  1.117   3  2018  303   3.73  58421.351   68.1  2.554e+01 
 172325  0.644   2  2018  303  19.88  58422.024   68.0  1.152e+01 
 172326  0.644   2  2018  303  20.30  58422.041   68.0  1.214e+01 
 172328  0.967   3  2018  303  21.23  58422.080   68.0  1.291e+01 
 172329  0.822   1  2018  303  21.89  58422.108   68.0  1.259e+01 
 172330  0.822   1  2018  303  22.33  58422.126   68.0  1.045e+01 
 172331  0.822   1  2018  303  22.84  58422.147   68.0  9.588e+00 
 172332  0.822   1  2018  303  23.27  58422.165   68.0  1.047e+01 
 172333  0.520   3  2018  303  23.81  58422.188   68.0  8.635e+00 
 172335  0.744   2  2018  304   0.81  58422.229   68.0  8.766e+00 
 172336  0.744   2  2018  304   1.21  58422.246   67.9  1.061e+01 
 172340  0.356   2  2018  304   3.44  58422.339   67.9  2.115e+01 
 172374  0.822   1  2018  304  20.27  58423.040   67.8  1.253e+01 
 172375  0.822   1  2018  304  20.71  58423.059   67.8  1.441e+01 
 172376  0.494   2  2018  304  21.32  58423.084   67.8  1.522e+01 
 172377  0.788   4  2018  304  21.69  58423.100   67.8  1.846e+01 
 172378  0.822   1  2018  304  22.42  58423.130   67.8  2.266e+01 
 172379  0.822   1  2018  304  22.86  58423.148   67.8  1.913e+01 
 172380  0.526   1  2018  304  23.35  58423.169   67.8  2.045e+01 
 172381  1.051   2  2018  304  23.78  58423.186   67.8  1.931e+01 
 172383  1.569   2  2018  305   0.72  58423.225   67.8  1.984e+01 
 172384  0.784   1  2018  305   1.42  58423.255   67.8  2.471e+01 
 172385  0.784   1  2018  305   1.83  58423.272   67.8  2.028e+01 
 172386  0.784   1  2018  305   2.32  58423.292   67.8  2.284e+01 
 172387  0.784   1  2018  305   2.73  58423.309   67.8  2.123e+01 
 172422  0.989   4  2018  305  20.24  58424.039   67.8  1.122e+01 
 172425  0.822   1  2018  305  21.62  58424.096   67.7  1.438e+01 
 172426  0.822   1  2018  305  22.06  58424.115   67.7  1.615e+01 
 172428  0.462   1  2018  305  23.44  58424.172   67.7  1.518e+01 
 172429  0.924   2  2018  305  23.83  58424.189   67.7  1.457e+01 
 172430  0.462   1  2018  306   0.22  58424.205   67.7  1.541e+01 
 172431  0.924   2  2018  306   0.84  58424.231   67.7  1.483e+01 
 172432  0.924   2  2018  306   1.36  58424.252   67.7  1.442e+01 
 172474  0.526   1  2018  306  22.36  58425.127   67.7  8.040e+00 
 172475  1.051   2  2018  306  22.78  58425.145   67.7  1.004e+01 
 172476  0.526   1  2018  306  23.20  58425.162   67.7  1.176e+01 
 172477  1.051   2  2018  306  23.75  58425.185   67.7  1.174e+01 
 172478  1.051   2  2018  307   0.31  58425.209   67.7  1.366e+01 
 172480  0.526   1  2018  307   1.43  58425.255   67.7  1.622e+01 
 172481  1.051   2  2018  307   1.86  58425.273   67.7  1.407e+01 
 172482  0.526   1  2018  307   2.28  58425.290   67.7  1.441e+01 
 172566  1.333   2  2018  308  20.21  58427.038   67.7  7.745e+00 
 172572  1.000   1  2018  308  23.19  58427.162   67.7  8.411e+00 
 172573  1.000   1  2018  308  23.73  58427.184   67.7  1.004e+01 
 172576  1.000   1  2018  309   1.18  58427.245   67.7  1.099e+01 
 172577  1.000   1  2018  309   1.72  58427.267   67.7  8.501e+00 
 172581  0.333   1  2018  309   3.93  58427.359   67.7  1.461e+01 
 172613  1.000   1  2018  309  19.80  58428.021   67.7  8.348e+00 
 172622  1.000   1  2018  310   0.05  58428.198   67.7  8.066e+00 
 172624  1.000   1  2018  310   1.12  58428.242   67.7  9.527e+00 
 172625  1.000   1  2018  310   1.66  58428.265   67.7  1.133e+01 
 172628  1.000   1  2018  310   3.30  58428.333   67.7  1.483e+01 
 172630  0.500   1  2018  310   4.06  58428.365   67.7  1.670e+01 
 172661  0.500   1  2018  310  19.80  58429.021   67.7  1.427e+01 
 172662  1.000   2  2018  310  20.24  58429.039   67.7  1.302e+01 
 172663  0.500   1  2018  310  20.69  58429.057   67.7  1.090e+01 
 172670  1.000   1  2018  311   0.27  58429.207   67.7  2.031e+01 
 172671  1.000   1  2018  311   0.82  58429.230   67.7  2.081e+01 
 172672  1.000   1  2018  311   1.36  58429.252   67.7  1.946e+01 
 172676  1.000   1  2018  311   3.35  58429.335   67.7  2.175e+01 
 172677  1.000   1  2018  311   3.89  58429.358   67.7  2.300e+01 
 172710  0.641   3  2018  311  20.25  58430.039   67.7  1.630e+01 
 172762  0.644   2  2018  312  22.25  58431.123   67.6  1.202e+01 
 172763  0.644   2  2018  312  22.67  58431.140   67.6  1.237e+01 
 172764  0.644   2  2018  312  23.21  58431.163   67.6  1.949e+01 
 172806  0.742   3  2018  313  20.24  58432.039   67.6  9.156e+00 
 172808  0.822   1  2018  313  21.19  58432.078   67.6  8.214e+00 
 172809  0.822   1  2018  313  21.63  58432.097   67.6  9.543e+00 
 172810  0.822   1  2018  313  22.16  58432.119   67.6  1.213e+01 
 172811  0.822   1  2018  313  22.60  58432.137   67.6  1.190e+01 
 172812  0.644   2  2018  313  23.26  58432.165   67.6  1.246e+01 
 172854  1.000   3  2018  314  20.20  58433.037   67.6  9.512e+00 
 172855  0.333   1  2018  314  20.58  58433.053   67.6  1.173e+01 
 172856  1.643   2  2018  314  21.27  58433.082   67.6  1.063e+01 
 172858  0.742   3  2018  314  22.24  58433.122   67.6  1.123e+01 
 172860  0.644   2  2018  314  23.21  58433.163   67.6  1.275e+01 
 172861  0.644   2  2018  314  23.63  58433.180   67.6  1.385e+01 
 172905  0.744   2  2018  315  21.78  58434.103   67.6  9.925e+00 
 172906  0.372   1  2018  315  22.13  58434.118   67.6  1.077e+01 
 172907  0.554   2  2018  315  22.59  58434.137   67.6  9.475e+00 
 172916  1.569   2  2018  316   3.24  58434.331   67.6  1.470e+01 
 172955  1.311   1  2018  316  22.89  58435.149   67.6  1.490e+01 
 172957  1.311   1  2018  316  23.56  58435.177   67.6  1.594e+01 
 173002  0.744   2  2018  317  22.34  58436.126   67.6  6.617e+00 
 173003  0.744   2  2018  317  22.75  58436.143   67.6  6.784e+00 
 173055  0.393   2  2018  319   0.56  58437.219   67.6  1.571e+01 
 173056  0.924   2  2018  319   1.30  58437.250   67.6  1.678e+01 
 173057  0.924   2  2018  319   1.82  58437.271   67.6  1.595e+01 
 173096  1.117   3  2018  319  21.28  58438.082   67.6  1.065e+01 
 173097  0.372   1  2018  319  21.68  58438.099   67.6  1.173e+01 
 173098  1.117   3  2018  319  22.29  58438.124   67.6  1.207e+01 
 173099  0.372   1  2018  319  22.70  58438.141   67.6  1.154e+01 
 173100  0.876   2  2018  319  23.22  58438.163   67.6  1.132e+01 
 173104  0.739   1  2018  320   1.49  58438.258   67.6  1.240e+01 
 173105  0.739   1  2018  320   1.87  58438.274   67.6  1.279e+01 
 173107  1.478   2  2018  320   2.74  58438.310   67.6  9.819e+00 
 173527  0.744   2  2018  328  20.83  58447.064   67.6  7.594e+00 
 173528  0.372   1  2018  328  21.34  58447.085   67.6  6.180e+00 
 173574  0.372   1  2018  329  20.30  58448.041   67.6  5.821e+00 
 173576  0.372   1  2018  329  21.41  58448.088   67.6  5.510e+00 
 173577  0.744   2  2018  329  21.72  58448.101   67.6  4.878e+00 
 173578  0.372   1  2018  329  22.02  58448.113   67.7  4.152e+00 
 173623  1.311   1  2018  330  20.69  58449.058   67.7  7.633e+00 
 173624  1.311   1  2018  330  21.37  58449.086   67.8  5.862e+00 
 173625  0.372   1  2018  330  21.94  58449.110   67.8  5.629e+00 
 173626  0.744   2  2018  330  22.24  58449.122   67.8  5.416e+00 
 173627  0.372   1  2018  330  22.55  58449.135   67.8  4.944e+00 
 173673  0.924   2  2018  331  21.85  58450.106   67.9  3.844e+00 
 173675  1.013   2  2018  331  22.76  58450.144   67.9  3.945e+00 
 173681  0.367   1  2018  332   1.57  58450.261   67.9  5.085e+00 
 173718  0.680   2  2018  332  20.34  58451.043   67.9  9.243e+00 
 173719  0.680   2  2018  332  20.72  58451.059   67.9  7.662e+00 
 173721  0.924   2  2018  332  21.69  58451.099   67.9  7.575e+00 
 173722  0.802   2  2018  332  22.23  58451.122   67.9  7.132e+00 
 173723  0.680   2  2018  332  22.72  58451.142   67.9  7.209e+00 
 173724  0.340   1  2018  332  23.01  58451.154   67.9  6.734e+00 
 174298  0.917   3  2018  344  22.29  58463.124   67.8  3.228e+00 
 174343  0.462   1  2018  345  21.00  58464.071   67.9  5.681e+00 
 174344  0.462   1  2018  345  21.26  58464.081   67.9  5.459e+00 
 174345  0.462   1  2018  345  21.78  58464.103   67.9  5.919e+00 
 174537  1.034   1  2018  349  21.77  58468.103   67.9  1.536e+00 
 174538  1.034   1  2018  349  22.32  58468.125   67.9  1.130e+00 
 174547  1.368   1  2018  350   2.81  58468.313   67.9  3.045e+00 
 174549  1.368   1  2018  350   3.52  58468.342   67.9  3.544e+00 
 174593  0.750   1  2018  351   1.62  58469.263   67.9  4.554e+00 
 174594  0.750   1  2018  351   2.04  58469.281   67.9  4.518e+00 
 174595  1.333   1  2018  351   2.70  58469.308   67.9  4.193e+00 
 174596  1.333   1  2018  351   3.42  58469.338   67.9  5.986e+00 
 174641  0.787   1  2018  352   1.91  58470.275   67.9  4.413e+00 
 174642  0.787   1  2018  352   2.33  58470.293   67.9  3.590e+00 
 175015  1.020   3  2018  359  20.77  58478.061   68.3  2.788e+00 
 175016  0.340   1  2018  359  21.19  58478.079   68.3  3.238e+00 
 175020  0.650   2  2018  359  23.12  58478.159   68.3  4.047e+00 
 175022  0.385   7  2018  360   0.25  58478.206   68.3  4.395e+00 
 175025  0.506   1  2018  360   1.77  58478.269   68.3  2.150e+00 
 175026  0.506   1  2018  360   2.07  58478.282   68.3  3.151e+00 
 175162  0.340   1  2018  362  22.39  58481.129   68.2  1.069e+01 
 175163  0.680   2  2018  362  22.71  58481.142   68.2  1.106e+01 
 175164  0.340   1  2018  362  23.04  58481.155   68.2  1.238e+01 
 175166  0.789   1  2018  363   0.18  58481.203   68.2  1.328e+01 
 175167  0.789   1  2018  363   0.60  58481.221   68.2  1.284e+01 
 175210  0.333   2  2018  363  22.31  58482.125   68.2  3.335e+00 
 175211  0.559   1  2018  363  22.84  58482.147   68.2  3.158e+00 
 175212  1.118   2  2018  363  23.34  58482.168   68.2  3.368e+00 
 175213  0.559   1  2018  363  23.83  58482.188   68.2  4.764e+00 
 175255  0.843   3  2018  364  20.78  58483.061   68.1  8.663e+00 
 175352  0.611   2  2019    1  21.20  58485.079   68.1  6.579e+00 
 175353  0.358   2  2019    1  21.56  58485.094   68.1  7.212e+00 
 175399  0.611   2  2019    2  20.81  58486.063   68.1  3.669e+00 
 175457  0.534   1  2019    4   1.79  58487.270   68.0  2.033e+00 
 175458  0.534   1  2019    4   2.09  58487.283   68.0  2.187e+00 
 175459  1.069   2  2019    4   2.74  58487.310   68.0  2.700e+00 
 175460  1.069   2  2019    4   3.34  58487.335   68.0  2.346e+00 
 175495  0.843   3  2019    4  20.69  58488.058   68.0  4.283e+00 
 175496  0.715   1  2019    4  21.32  58488.084   68.0  4.288e+00 
 175497  0.463   2  2019    4  21.78  58488.103   68.0  3.247e+00 
 175590  0.333   1  2019    6  20.44  58490.047   67.9  5.134e+00 
 175591  0.667   2  2019    6  20.73  58490.059   67.9  4.215e+00 
 175592  0.333   1  2019    6  21.02  58490.071   67.9  3.854e+00 
 175593  1.311   1  2019    6  21.94  58490.110   67.9  4.533e+00 
 175599  1.050   2  2019    7   0.69  58490.224   67.9  6.033e+00 
 175642  0.559   1  2019    7  22.22  58491.122   67.9  1.991e+00 
 175694  0.739   1  2019    9   0.42  58492.213   67.9  1.028e+01 
 175696  0.800   1  2019    9   1.09  58492.241   67.9  7.042e+00 
 175735  0.739   1  2019    9  20.76  58493.060   68.0  2.628e+00 
 175736  0.739   1  2019    9  21.14  58493.076   68.0  2.833e+00 
 175737  0.500   1  2019    9  21.74  58493.101   68.0  4.248e+00 
 175738  0.500   1  2019    9  22.01  58493.113   68.0  4.175e+00 
 175742  0.393   2  2019   10   0.14  58493.201   68.0  4.098e+00 
 175748  0.800   1  2019   10   3.10  58493.325   68.0  5.739e+00 
 175749  0.800   1  2019   10   3.53  58493.343   68.0  6.438e+00 
 175831  0.667   2  2019   11  20.68  58495.057   68.2  6.671e+00 
 175832  0.667   1  2019   11  21.18  58495.078   68.3  6.085e+00 
 175833  0.833   2  2019   11  21.61  58495.096   68.3  5.282e+00 
 175834  0.833   2  2019   11  22.30  58495.125   68.3  5.345e+00 
 175835  0.667   1  2019   11  22.73  58495.143   68.3  7.559e+00 
 175836  0.667   1  2019   11  23.19  58495.162   68.3  7.622e+00 
 175839  0.500   3  2019   12   0.88  58495.232   68.3  7.088e+00 
 175844  1.333   2  2019   12   3.24  58495.330   68.3  9.836e+00 
 175845  0.667   2  2019   12   3.90  58495.358   68.3  1.157e+01 
 175846  0.333   2  2019   12   4.31  58495.375   68.3  1.768e+01 
 175881  0.667   1  2019   12  21.98  58496.111   68.5  3.551e+00 
 175882  0.667   1  2019   12  22.33  58496.126   68.5  3.996e+00 
 175884  0.667   1  2019   12  23.17  58496.161   68.5  4.824e+00 
 175885  0.667   1  2019   12  23.66  58496.181   68.5  5.495e+00 
 175886  0.667   1  2019   13   0.02  58496.196   68.5  5.120e+00 
 175887  1.333   2  2019   13   0.69  58496.224   68.5  4.173e+00 
 175888  0.667   1  2019   13   1.30  58496.250   68.5  3.899e+00 
 175889  0.667   1  2019   13   1.66  58496.265   68.5  3.462e+00 
 175890  1.333   2  2019   13   2.27  58496.290   68.5  3.426e+00 
 175891  0.667   1  2019   13   2.87  58496.315   68.5  3.796e+00 
 175892  0.667   1  2019   13   3.23  58496.330   68.6  3.969e+00 
 175893  0.667   2  2019   13   3.74  58496.351   68.6  4.751e+00 
 175926  0.667   2  2019   13  20.17  58497.036   68.7  7.050e+00 
 175927  0.833   3  2019   13  20.71  58497.059   68.7  4.869e+00 
 175930  0.333   1  2019   13  22.34  58497.126   68.7  4.874e+00 
 175932  0.667   1  2019   13  23.29  58497.166   68.8  6.161e+00 
 175933  1.067   1  2019   13  23.75  58497.185   68.8  6.477e+00 
 175935  0.667   1  2019   14   0.76  58497.227   68.8  8.791e+00 
 175936  0.667   1  2019   14   1.11  58497.242   68.8  9.269e+00 
 175939  0.667   1  2019   14   2.78  58497.311   68.8  6.391e+00 
 175940  0.667   1  2019   14   3.14  58497.326   68.8  6.653e+00 
 175941  0.667   1  2019   14   3.76  58497.352   68.8  6.883e+00 
 175942  0.833   2  2019   14   4.19  58497.370   68.8  1.059e+01 
 175975  0.333   1  2019   14  20.81  58498.063   68.9  2.490e+00 
 175976  1.000   3  2019   14  21.30  58498.083   68.9  1.712e+00 
 175977  0.333   1  2019   14  21.69  58498.099   68.9  1.172e+00 
 175981  0.800   1  2019   14  23.99  58498.195   69.0  2.432e+00 
 175982  0.800   1  2019   15   0.42  58498.213   69.0  3.283e+00 
 176025  1.011   2  2019   15  21.69  58499.099   69.0  1.050e+01 
 176026  0.506   1  2019   15  22.44  58499.131   69.0  1.248e+01 
 176027  0.506   1  2019   15  23.00  58499.154   69.0  9.327e+00 
 176028  0.506   1  2019   15  23.30  58499.166   69.0  9.277e+00 
 176029  1.011   2  2019   15  23.75  58499.185   69.0  8.202e+00 
 176030  0.506   1  2019   16   0.47  58499.215   69.0  6.628e+00 
 176031  0.506   1  2019   16   0.77  58499.228   69.0  8.830e+00 
 176032  1.011   2  2019   16   1.22  58499.246   69.0  8.728e+00 
 176082  0.701   1  2019   17   2.39  58500.295   69.0  3.398e+00 
 176083  0.701   1  2019   17   2.77  58500.311   69.0  3.276e+00 
 176084  0.701   1  2019   17   3.27  58500.332   69.0  3.545e+00 
 176085  0.701   1  2019   17   3.65  58500.348   69.0  3.989e+00 
 176118  0.667   1  2019   17  20.47  58501.048   69.0  6.187e+00 
 176119  0.667   1  2019   17  20.83  58501.063   69.0  6.242e+00 
 176120  0.667   1  2019   17  21.19  58501.078   69.0  7.355e+00 
 176121  1.333   2  2019   17  21.77  58501.103   69.0  6.234e+00 
 176122  0.667   1  2019   17  22.36  58501.127   69.0  6.952e+00 
 176123  0.667   1  2019   17  22.72  58501.142   69.0  7.410e+00 
 176126  0.578   2  2019   18   0.15  58501.202   69.0  6.762e+00 
 176128  1.000   3  2019   18   1.22  58501.246   69.0  5.508e+00 
 176130  0.330   6  2019   18   2.19  58501.287   69.0  7.402e+00 
 176132  0.330   6  2019   18   3.26  58501.331   69.0  7.461e+00 
 176358  0.472   5  2019   22  20.25  58506.039   69.1  2.615e+00 
 176606  1.000   2  2019   28   0.36  58511.211   69.2  5.718e+00 
 176611  0.667   1  2019   28   2.72  58511.309   69.2  2.902e+00 
 176843  0.611   2  2019   32  22.69  58516.141   69.5  2.448e+00 
 177032  0.393   2  2019   36  21.27  58520.082   69.7  3.638e+00 
 177044  0.833   3  2019   37   3.23  58520.330   69.6  4.275e+00 
 177088  0.800   1  2019   38   1.08  58521.241   69.6  4.034e+00 
 177089  0.713   2  2019   38   1.77  58521.270   69.6  3.599e+00 
 177232  0.833   3  2019   41   1.32  58524.250   69.2  3.864e+00 
 177233  0.616   2  2019   41   1.85  58524.273   69.2  4.356e+00 
 177234  0.616   2  2019   41   2.19  58524.287   69.2  4.719e+00 
 177235  0.800   1  2019   41   2.70  58524.308   69.2  5.313e+00 
 177236  0.800   1  2019   41   3.13  58524.326   69.2  6.639e+00 
 177271  1.333   2  2019   41  20.80  58525.062   69.1  5.895e+00 
 177272  0.344   1  2019   41  21.39  58525.087   69.1  6.221e+00 
 177273  1.033   3  2019   41  21.77  58525.102   69.1  6.781e+00 
 177274  0.667   1  2019   41  22.47  58525.132   69.1  8.628e+00 
 177281  0.923   3  2019   42   1.75  58525.268   69.1  6.996e+00 
 177284  0.667   1  2019   42   3.15  58525.327   69.1  6.948e+00 
 177285  0.667   1  2019   42   3.51  58525.342   69.1  6.938e+00 
 177325  0.586   1  2019   42  23.92  58526.192   69.0  4.606e+00 
 177420  0.433   3  2019   44  23.39  58528.170   68.8  3.955e+00 
 177421  0.722   5  2019   44  23.75  58528.185   68.8  4.789e+00 
 177465  0.330   6  2019   45  21.84  58529.106   68.8  3.439e+00 
 177469  0.923   3  2019   45  23.73  58529.184   68.8  7.221e+00 
 177904  0.500   3  2019   55   1.22  58538.247   69.2  4.792e+00 
 177998  0.828   1  2019   57   0.21  58540.204   69.3  9.294e+00 
 177999  0.828   1  2019   57   0.63  58540.222   69.3  8.613e+00 
 178000  0.828   1  2019   57   1.15  58540.243   69.3  9.228e+00 
 178001  0.828   1  2019   57   1.58  58540.261   69.3  7.414e+00 
 178002  0.828   1  2019   57   2.08  58540.282   69.3  6.770e+00 
 178003  0.828   1  2019   57   2.51  58540.300   69.3  6.708e+00 
 178004  1.333   2  2019   57   3.25  58540.331   69.3  7.427e+00 
 178005  0.667   1  2019   57   3.94  58540.360   69.3  6.514e+00 
 178053  0.500   4  2019   58   3.81  58541.354   69.3  7.197e+00 
 178101  0.500   4  2019   59   3.69  58542.349   69.4  8.429e+00 
 178137  0.372   1  2019   59  21.91  58543.108   69.4  5.484e+00 
 178144  0.967   3  2019   60   1.27  58543.249   69.4  4.747e+00 
 178146  0.833   3  2019   60   2.17  58543.286   69.4  4.367e+00 
 178147  0.528   3  2019   60   2.64  58543.306   69.4  4.637e+00 
 178148  0.500   4  2019   60   3.32  58543.334   69.4  4.592e+00 
 178150  0.500   4  2019   60   4.30  58543.375   69.4  4.506e+00 
 178182  0.667   2  2019   60  20.23  58544.039   69.4  5.814e+00 
 178183  1.000   3  2019   60  20.72  58544.059   69.4  5.779e+00 
 178184  0.333   1  2019   60  21.11  58544.075   69.4  5.351e+00 
 178185  1.000   3  2019   60  21.78  58544.103   69.4  5.512e+00 
 178186  0.667   2  2019   60  22.27  58544.123   69.4  4.982e+00 
 178187  0.333   1  2019   60  22.56  58544.135   69.4  4.415e+00 
 178188  0.333   1  2019   60  23.32  58544.167   69.4  5.103e+00 
 178189  1.000   3  2019   60  23.70  58544.183   69.4  4.842e+00 
 178190  0.667   2  2019   61   0.19  58544.204   69.4  5.097e+00 
 178191  1.000   3  2019   61   0.79  58544.228   69.4  4.789e+00 
 178192  0.667   2  2019   61   1.27  58544.249   69.4  4.239e+00 
 178193  0.667   2  2019   61   1.71  58544.267   69.4  3.951e+00 
 178194  1.000   3  2019   61   2.24  58544.289   69.4  4.145e+00 
 178195  0.667   2  2019   61   2.72  58544.309   69.4  4.898e+00 
 178197  0.333   1  2019   61   3.98  58544.361   69.4  4.387e+00 
 178198  0.667   2  2019   61   4.27  58544.374   69.4  4.467e+00 
 178199  0.333   1  2019   61   4.57  58544.386   69.4  4.646e+00 
 178229  0.667   2  2019   61  19.82  58545.021   69.4  5.985e+00 
 178230  0.374   2  2019   61  20.45  58545.048   69.4  5.710e+00 
 178231  0.667   2  2019   61  20.79  58545.062   69.4  6.184e+00 
 178232  1.000   3  2019   61  21.28  58545.082   69.4  6.359e+00 
 178233  0.333   1  2019   61  21.94  58545.110   69.4  6.714e+00 
 178234  0.667   2  2019   61  22.23  58545.122   69.4  6.913e+00 
 178235  1.000   3  2019   61  22.72  58545.142   69.4  6.656e+00 
 178236  0.667   2  2019   61  23.32  58545.167   69.4  6.510e+00 
 178237  0.667   2  2019   61  23.71  58545.183   69.4  6.400e+00 
 178238  0.667   2  2019   62   0.10  58545.200   69.4  6.509e+00 
 178239  0.667   2  2019   62   0.71  58545.225   69.4  6.303e+00 
 178240  1.000   3  2019   62   1.20  58545.246   69.4  6.378e+00 
 178241  0.667   2  2019   62   1.74  58545.268   69.4  6.605e+00 
 178242  1.000   3  2019   62   2.28  58545.291   69.4  7.211e+00 
 178243  0.667   2  2019   62   2.77  58545.311   69.4  6.716e+00 
 178245  0.667   2  2019   62   3.75  58545.352   69.4  7.222e+00 
 178246  0.333   1  2019   62   4.34  58545.376   69.4  6.452e+00 
 178247  0.333   1  2019   62   4.73  58545.393   69.4  7.440e+00 
 178282  0.333   1  2019   62  22.13  58546.118   69.4  6.694e+00 
 178285  0.667   2  2019   62  23.60  58546.179   69.4  7.903e+00 
 178286  0.667   2  2019   63   0.27  58546.207   69.4  7.161e+00 
 178287  1.000   3  2019   63   0.76  58546.227   69.4  6.775e+00 
 178290  0.667   2  2019   63   2.22  58546.288   69.4  6.518e+00 
 178291  0.333   1  2019   63   2.80  58546.312   69.4  6.782e+00 
 178292  0.333   1  2019   63   3.34  58546.335   69.4  6.606e+00 
 178293  0.333   1  2019   63   3.73  58546.351   69.4  6.591e+00 
 178294  0.333   1  2019   63   4.12  58546.367   69.4  6.110e+00 
 178295  0.333   1  2019   63   4.52  58546.384   69.4  5.684e+00 
 178325  0.667   2  2019   63  19.65  58547.014   69.4  8.921e+00 
 178327  0.333   1  2019   63  20.88  58547.066   69.4  5.933e+00 
 178328  0.333   1  2019   63  21.08  58547.074   69.4  5.934e+00 
 178332  0.333   1  2019   63  23.35  58547.168   69.4  3.968e+00 
 178333  0.667   2  2019   63  23.80  58547.187   69.4  4.023e+00 
 178336  0.333   1  2019   64   1.40  58547.254   69.4  5.331e+00 
 178337  1.000   3  2019   64   1.79  58547.270   69.4  5.517e+00 
 178338  0.333   1  2019   64   2.18  58547.286   69.4  6.603e+00 
 178340  0.333   1  2019   64   3.11  58547.325   69.4  8.521e+00 
 178342  0.333   1  2019   64   4.39  58547.379   69.4  8.551e+00 
 178343  0.667   2  2019   64   4.68  58547.391   69.4  9.337e+00 
 178373  0.333   1  2019   64  19.82  58548.021   69.4  7.518e+00 
 178374  1.000   3  2019   64  20.20  58548.037   69.4  8.286e+00 
 178375  0.333   1  2019   64  20.59  58548.054   69.4  8.251e+00 
 178386  0.667   2  2019   65   2.32  58548.292   69.4  1.354e+01 
 178387  0.333   1  2019   65   2.62  58548.305   69.4  1.329e+01 
 178389  0.333   1  2019   65   4.00  58548.362   69.4  1.368e+01 
 178421  0.333   1  2019   65  19.90  58549.025   69.5  1.049e+01 
 178422  1.000   3  2019   65  20.29  58549.041   69.5  1.038e+01 
 178470  0.500   1  2019   66  20.33  58550.042   69.7  7.582e+00 
 178471  0.500   1  2019   66  20.60  58550.054   69.7  8.088e+00 
 178474  1.050   2  2019   66  22.29  58550.124   69.8  6.401e+00 
 178475  0.525   1  2019   66  22.83  58550.147   69.8  7.506e+00 
 178476  1.050   2  2019   66  23.25  58550.164   69.8  6.867e+00 
 178477  0.525   1  2019   66  23.67  58550.182   69.8  6.563e+00 
 178478  0.833   3  2019   67   0.20  58550.204   69.8  5.788e+00 
 178480  0.511   1  2019   67   1.30  58550.250   69.8  8.608e+00 
 178481  1.022   2  2019   67   1.72  58550.267   69.8  7.519e+00 
 178482  0.636   2  2019   67   2.21  58550.287   69.8  8.921e+00 
 178483  0.375   3  2019   67   2.80  58550.312   69.8  8.639e+00 
 178484  0.375   3  2019   67   3.22  58550.330   69.8  8.298e+00 
 178485  0.375   3  2019   67   3.81  58550.354   69.9  8.062e+00 
 178526  0.667   1  2019   68   0.16  58551.202   70.2  7.131e+00 
 178527  0.667   1  2019   68   0.50  58551.217   70.2  7.491e+00 
 178532  0.631   1  2019   68   3.13  58551.326   70.3  9.226e+00 
 178569  0.333   1  2019   68  21.83  58552.105   70.6  1.032e+01 
 178570  1.000   3  2019   68  22.22  58552.122   70.6  9.397e+00 
 178571  0.667   2  2019   68  22.71  58552.142   70.6  8.345e+00 
 178572  0.828   1  2019   68  23.43  58552.172   70.6  7.432e+00 
 178573  0.828   1  2019   68  23.86  58552.190   70.6  7.706e+00 
 178574  0.828   1  2019   69   0.34  58552.210   70.6  6.306e+00 
 178575  0.828   1  2019   69   0.77  58552.227   70.6  6.382e+00 
 178576  0.828   1  2019   69   1.25  58552.248   70.6  5.538e+00 
 178577  0.828   1  2019   69   1.68  58552.265   70.7  5.809e+00 
 178578  0.828   1  2019   69   2.16  58552.286   70.7  6.599e+00 
 178579  0.828   1  2019   69   2.59  58552.303   70.7  6.774e+00 
 178661  1.034   1  2019   70  19.83  58554.022   71.1  5.651e+00 
 178665  1.034   1  2019   70  21.57  58554.094   71.1  4.942e+00 
 178853  1.034   1  2019   74  19.70  58558.016   71.1  1.086e+01 
 178854  1.034   1  2019   74  20.24  58558.039   71.1  1.228e+01 
 178855  0.736   2  2019   74  20.83  58558.064   71.1  1.223e+01 
 178856  0.701   1  2019   74  21.33  58558.084   71.1  1.189e+01 
 178857  0.701   1  2019   74  21.71  58558.100   71.1  9.967e+00 
 178858  1.069   2  2019   74  22.31  58558.125   71.1  1.063e+01 
 178859  0.701   1  2019   74  22.88  58558.149   71.1  1.234e+01 
 178862  1.034   1  2019   75   0.41  58558.212   71.1  1.075e+01 
 178863  0.701   1  2019   75   0.98  58558.236   71.1  1.492e+01 
 178864  0.701   1  2019   75   1.36  58558.252   71.1  1.290e+01 
 178865  0.534   1  2019   75   1.78  58558.270   71.1  1.245e+01 
 178866  0.902   2  2019   75   2.22  58558.288   71.1  1.048e+01 
 178867  0.902   2  2019   75   2.84  58558.314   71.1  1.300e+01 
 178868  0.534   1  2019   75   3.28  58558.332   71.1  1.234e+01 
 178869  1.069   2  2019   75   3.73  58558.351   71.1  1.149e+01 
 178870  0.701   1  2019   75   4.31  58558.375   71.1  1.055e+01 
 178871  0.701   1  2019   75   4.69  58558.391   71.1  9.600e+00 
 178908  0.689   2  2019   75  23.31  58559.167   71.1  6.381e+00 
 178909  0.689   2  2019   75  23.69  58559.183   71.1  7.129e+00 
 178916  0.804   1  2019   76   3.11  58559.325   71.1  1.550e+01 
 178917  0.804   1  2019   76   3.53  58559.343   71.1  1.458e+01 
 178918  0.923   3  2019   76   4.18  58559.370   71.1  1.791e+01 
 179007  0.556   2  2019   78   0.78  58561.228   71.1  8.107e+00 
 179188  0.500   1  2019   81  19.44  58565.005   71.1  1.865e+01 
 179189  1.000   2  2019   81  19.85  58565.023   71.1  1.766e+01 
 179190  0.500   1  2019   81  20.27  58565.040   71.1  1.610e+01 
 179238  0.689   2  2019   82  20.32  58566.042   71.2  1.159e+01 
 179239  0.689   2  2019   82  20.70  58566.058   71.2  1.221e+01 
 179240  0.689   2  2019   82  21.38  58566.087   71.2  1.099e+01 
 179241  0.689   2  2019   82  21.76  58566.102   71.2  1.007e+01 
 179242  0.689   2  2019   82  22.38  58566.128   71.2  8.548e+00 
 179243  0.344   1  2019   82  22.66  58566.140   71.2  8.047e+00 
 179286  0.667   2  2019   83  20.36  58567.044   71.3  1.120e+01 
 179287  0.511   1  2019   83  20.87  58567.065   71.3  1.235e+01 
 179288  1.022   2  2019   83  21.29  58567.083   71.3  1.164e+01 
 179289  0.511   1  2019   83  21.71  58567.100   71.3  1.058e+01 
 179343  0.375   3  2019   85   0.68  58568.224   71.7  1.093e+01 
 179344  0.375   3  2019   85   1.28  58568.249   71.7  1.109e+01 
 179383  1.050   2  2019   85  20.83  58569.063   71.9  1.467e+01 
 179384  0.525   1  2019   85  21.35  58569.085   72.0  1.406e+01 
 179385  1.050   2  2019   85  21.77  58569.103   72.0  1.240e+01 
 179386  0.525   1  2019   85  22.19  58569.120   72.0  1.207e+01 
 179387  0.800   1  2019   85  22.84  58569.147   72.0  9.248e+00 
 179388  0.800   1  2019   85  23.28  58569.165   72.0  7.816e+00 
 179390  0.500   4  2019   86   0.20  58569.204   72.0  6.535e+00 
 179391  0.828   1  2019   86   0.82  58569.230   72.0  4.979e+00 
 179392  0.828   1  2019   86   1.25  58569.248   72.0  5.403e+00 
 179394  0.500   4  2019   86   2.18  58569.287   72.0  6.740e+00 
 179482  0.500   1  2019   87  22.46  58571.132   72.7  1.012e+01 
 179483  1.000   2  2019   87  22.87  58571.148   72.7  8.743e+00 
 179484  0.500   1  2019   87  23.27  58571.165   72.7  7.457e+00 
 179487  0.828   1  2019   88   0.61  58571.221   72.7  7.289e+00 
 179488  0.828   1  2019   88   1.04  58571.239   72.7  7.038e+00 
 179577  0.667   1  2019   89  21.88  58573.107   73.4  1.834e+01 
 179578  0.667   1  2019   89  22.23  58573.122   73.4  1.634e+01 
 179579  0.667   2  2019   89  22.75  58573.143   73.4  1.542e+01 
 179580  1.000   3  2019   89  23.23  58573.164   73.4  1.590e+01 
 179581  0.333   1  2019   89  23.62  58573.180   73.4  1.553e+01 
 179722  0.506   1  2019   92  22.21  58576.121   74.1  1.530e+01 
 179723  1.011   2  2019   92  22.66  58576.140   74.1  1.649e+01 
 179724  0.506   1  2019   92  23.11  58576.159   74.1  1.815e+01 
 179869  0.367   3  2019   95  23.83  58579.188   73.6  2.558e+01 
 179870  0.611   5  2019   96   0.25  58579.206   73.6  2.491e+01 
 179877  0.506   1  2019   96   3.71  58579.350   73.6  3.140e+01 
 179878  0.506   1  2019   96   4.01  58579.363   73.6  2.973e+01 
 179924  0.733   3  2019   97   3.26  58580.332   73.4  2.930e+01 
 179965  0.667   1  2019   97  23.68  58581.182   73.3  1.337e+01 
 179966  1.333   2  2019   98   0.20  58581.204   73.3  1.425e+01 
 179967  0.667   1  2019   98   0.72  58581.225   73.3  1.416e+01 
 179968  0.622   2  2019   98   1.31  58581.250   73.3  1.426e+01 
 179969  0.667   1  2019   98   1.89  58581.274   73.3  1.639e+01 
 179970  0.667   1  2019   98   2.24  58581.289   73.3  1.696e+01 
 179971  1.333   2  2019   98   2.76  58581.310   73.3  1.939e+01 
 179974  0.667   1  2019   98   4.24  58581.372   73.3  2.930e+01 
 179975  0.667   1  2019   98   4.59  58581.387   73.3  3.092e+01 
 180011  0.744   2  2019   98  22.67  58582.140   73.3  1.872e+01 
 180012  1.039   2  2019   98  23.31  58582.167   73.3  1.644e+01 
 180013  0.667   1  2019   98  23.82  58582.188   73.3  1.340e+01 
 180014  0.667   1  2019   99   0.17  58582.202   73.3  1.204e+01 
 180015  0.667   1  2019   99   0.51  58582.217   73.3  1.232e+01 
 180016  0.667   1  2019   99   1.41  58582.254   73.3  1.418e+01 
 180017  0.667   1  2019   99   1.76  58582.269   73.3  1.493e+01 
 180018  1.333   2  2019   99   2.28  58582.290   73.3  1.601e+01 
 180020  0.500   3  2019   99   3.32  58582.334   73.3  2.124e+01 
 180021  1.000   6  2019   99   3.73  58582.351   73.3  2.114e+01 
 180052  0.540   3  2019   99  19.33  58583.001   73.4  1.551e+01 
 180053  0.900   5  2019   99  19.77  58583.019   73.4  1.635e+01 
 180054  0.720   4  2019   99  20.28  58583.041   73.4  1.840e+01 
 180055  0.720   4  2019   99  20.72  58583.059   73.4  2.073e+01 
 180056  0.540   3  2019   99  21.29  58583.083   73.4  2.357e+01 
 180057  0.720   4  2019   99  21.70  58583.100   73.4  2.491e+01 
 180058  0.720   4  2019   99  22.24  58583.122   73.4  2.564e+01 
 180059  0.720   4  2019   99  22.67  58583.140   73.4  2.810e+01 
 180060  0.900   5  2019   99  23.24  58583.164   73.4  2.996e+01 
 180061  0.540   3  2019   99  23.74  58583.185   73.4  2.787e+01 
 180062  0.667   1  2019  100   0.44  58583.214   73.4  2.601e+01 
 180063  0.667   1  2019  100   0.79  58583.228   73.4  2.682e+01 
 180064  1.333   2  2019  100   1.31  58583.250   73.4  2.809e+01 
 180069  0.622   2  2019  100   3.84  58583.355   73.4  3.174e+01 
 180070  0.461   1  2019  100   4.29  58583.374   73.4  3.117e+01 
 180071  0.922   2  2019  100   4.67  58583.390   73.4  3.071e+01 
 180100  0.720   4  2019  100  19.31  58584.000   73.4  2.263e+01 
 180101  0.720   4  2019  100  19.74  58584.018   73.4  2.121e+01 
 180102  0.900   5  2019  100  20.26  58584.040   73.4  2.226e+01 
 180103  0.720   4  2019  100  20.75  58584.060   73.4  2.217e+01 
 180104  0.540   3  2019  100  21.15  58584.077   73.4  1.956e+01 
 180105  0.540   3  2019  100  21.82  58584.105   73.4  1.881e+01 
 180106  0.900   5  2019  100  22.26  58584.123   73.4  2.340e+01 
 180107  0.540   3  2019  100  22.83  58584.147   73.4  2.123e+01 
 180108  0.720   4  2019  100  23.29  58584.166   73.4  2.176e+01 
 180109  0.360   2  2019  100  23.64  58584.180   73.4  2.220e+01 
 180110  0.360   2  2019  101   0.18  58584.203   73.4  2.072e+01 
 180111  0.540   2  2019  101   0.59  58584.220   73.4  2.130e+01 
 180112  0.667   1  2019  101   1.17  58584.244   73.4  1.899e+01 
 180113  1.333   2  2019  101   1.69  58584.266   73.4  1.708e+01 
 180114  0.667   1  2019  101   2.21  58584.288   73.4  1.343e+01 
 180115  0.667   1  2019  101   2.71  58584.308   73.4  1.259e+01 
 180116  1.333   2  2019  101   3.22  58584.330   73.4  1.263e+01 
 180117  0.667   1  2019  101   3.74  58584.352   73.4  1.382e+01 
 180118  0.667   1  2019  101   4.25  58584.373   73.4  1.535e+01 
 180119  0.667   1  2019  101   4.59  58584.387   73.4  1.781e+01 
 180148  0.540   3  2019  101  19.34  58585.001   73.5  2.048e+01 
 180149  0.900   5  2019  101  19.77  58585.019   73.5  1.815e+01 
 180150  0.540   3  2019  101  20.29  58585.041   73.5  1.610e+01 
 180151  0.900   5  2019  101  20.72  58585.059   73.5  1.615e+01 
 180152  0.540   3  2019  101  21.33  58585.084   73.5  1.812e+01 
 180153  0.540   3  2019  101  21.65  58585.098   73.5  1.957e+01 
 180154  0.767   4  2019  101  22.21  58585.121   73.5  2.417e+01 
 180155  0.767   4  2019  101  22.71  58585.142   73.5  2.522e+01 
 180156  0.767   4  2019  101  23.24  58585.164   73.5  2.357e+01 
 180157  0.383   2  2019  101  23.62  58585.180   73.5  2.367e+01 
 180158  0.360   2  2019  102   0.06  58585.198   73.5  2.481e+01 
 180159  1.011   2  2019  102   0.73  58585.226   73.5  2.230e+01 
 180160  1.011   2  2019  102   1.34  58585.251   73.5  2.266e+01 
 180166  0.708   3  2019  102   4.27  58585.373   73.5  2.685e+01 
 180201  0.540   3  2019  102  21.88  58586.107   73.5  1.173e+01 
 180202  0.720   4  2019  102  22.26  58586.123   73.5  1.283e+01 
 180203  0.900   5  2019  102  22.78  58586.145   73.4  1.713e+01 
 180204  0.720   4  2019  102  23.27  58586.165   73.4  1.880e+01 
 180205  0.720   4  2019  102  23.74  58586.185   73.4  1.915e+01 
 180206  0.720   4  2019  103   0.17  58586.203   73.4  1.935e+01 
 180210  0.622   2  2019  103   2.25  58586.289   73.4  1.271e+01 
 180211  0.667   1  2019  103   2.77  58586.311   73.4  1.503e+01 
 180212  1.333   2  2019  103   3.29  58586.332   73.4  1.641e+01 
 180213  0.667   1  2019  103   3.80  58586.354   73.4  1.619e+01 
 180248  0.467   2  2019  103  21.16  58587.077   73.4  1.823e+01 
 180255  0.700   3  2019  104   0.76  58587.227   73.4  2.818e+01 
 180256  0.700   3  2019  104   1.32  58587.250   73.4  3.076e+01 
 180257  0.700   3  2019  104   1.81  58587.271   73.4  3.452e+01 
 180258  0.467   2  2019  104   2.22  58587.288   73.4  3.779e+01 
 180259  0.700   3  2019  104   2.69  58587.308   73.4  4.379e+01 
 180260  0.700   3  2019  104   3.18  58587.328   73.4  4.190e+01 
 180261  0.700   3  2019  104   3.71  58587.350   73.4  4.261e+01 
 180297  1.000   2  2019  104  21.70  58588.100   73.4  1.402e+01 
 180298  1.000   2  2019  104  22.23  58588.122   73.4  1.194e+01 
 180299  0.744   2  2019  104  22.88  58588.149   73.4  1.225e+01 
 180300  0.744   2  2019  104  23.29  58588.166   73.4  1.173e+01 
 180301  0.483   2  2019  104  23.82  58588.188   73.4  1.323e+01 
 180302  0.967   4  2019  105   0.21  58588.204   73.4  1.330e+01 
 180454  0.744   2  2019  108   4.25  58591.373   73.2  2.803e+01 
 180455  0.600   2  2019  108   4.70  58591.391   73.2  2.920e+01 
 180456  0.372   1  2019  108   5.01  58591.404   73.2  3.274e+01 
 180823  0.677   3  2019  115  20.72  58599.059   72.6  2.995e+01 
 180824  0.677   3  2019  115  21.21  58599.079   72.6  2.951e+01 
 180833  0.467   3  2019  116   1.79  58599.270   72.6  2.382e+01 
 180838  0.587   3  2019  116   4.28  58599.374   72.6  1.465e+01 
 180839  0.587   3  2019  116   4.72  58599.392   72.6  1.410e+01 
 180869  0.667   3  2019  116  19.75  58600.019   72.6  2.305e+01 
 180870  0.667   3  2019  116  20.23  58600.038   72.6  2.013e+01 
 180871  0.667   3  2019  116  20.76  58600.061   72.6  2.074e+01 
 180872  0.667   3  2019  116  21.26  58600.082   72.6  1.974e+01 
 180887  0.444   2  2019  117   4.66  58600.390   72.6  3.192e+01 
 180917  0.550   2  2019  117  19.64  58601.014   72.6  2.377e+01 
 180918  0.687   2  2019  117  20.15  58601.035   72.6  2.096e+01 
 180919  0.771   1  2019  117  20.67  58601.057   72.6  1.925e+01 
 180920  0.771   1  2019  117  21.08  58601.074   72.6  2.107e+01 
 180925  0.383   1  2019  117  23.93  58601.193   72.7  2.033e+01 
 180926  0.538   2  2019  118   0.23  58601.205   72.7  2.231e+01 
 180927  0.714   3  2019  118   0.80  58601.229   72.7  2.460e+01 
 180929  0.913   2  2019  118   1.65  58601.264   72.7  2.442e+01 
 180969  0.667   3  2019  118  21.84  58602.106   72.8  1.516e+01 
 180970  0.667   3  2019  118  22.28  58602.124   72.8  1.661e+01 
 180971  0.667   3  2019  118  22.73  58602.143   72.8  1.687e+01 
 180972  0.889   4  2019  118  23.27  58602.165   72.8  1.840e+01 
 180973  0.667   3  2019  118  23.79  58602.187   72.8  1.938e+01 
 180974  0.667   3  2019  119   0.26  58602.206   72.8  1.910e+01 
 180975  0.667   2  2019  119   0.76  58602.227   72.8  1.941e+01 
 180976  0.738   2  2019  119   1.24  58602.247   72.8  1.878e+01 
 180977  0.974   2  2019  119   1.87  58602.273   72.8  1.721e+01 
 180978  0.681   1  2019  119   2.35  58602.293   72.8  1.628e+01 
 180979  0.372   1  2019  119   2.76  58602.310   72.8  1.669e+01 
 180980  0.743   2  2019  119   3.21  58602.329   72.8  1.839e+01 
 180982  0.662   1  2019  119   4.04  58602.364   72.8  1.868e+01 
 180983  1.287   2  2019  119   4.73  58602.393   72.8  2.226e+01 
 181021  0.667   1  2019  119  23.76  58603.185   72.8  1.248e+01 
 181022  1.333   2  2019  120   0.28  58603.207   72.8  1.364e+01 
 181023  0.667   1  2019  120   0.80  58603.229   72.8  1.730e+01 
 181024  0.667   1  2019  120   1.36  58603.252   72.8  1.738e+01 
 181025  0.667   1  2019  120   1.71  58603.267   72.8  1.723e+01 
 181026  1.333   2  2019  120   2.23  58603.288   72.8  1.713e+01 
 181031  0.516   1  2019  120   4.66  58603.390   72.8  2.040e+01 
 181064  0.677   3  2019  120  21.29  58604.083   72.8  2.167e+01 
 181065  0.677   3  2019  120  21.78  58604.103   72.8  2.114e+01 
 181068  0.367   3  2019  120  23.38  58604.170   72.8  1.574e+01 
 181069  0.367   3  2019  120  23.65  58604.181   72.8  1.932e+01 
 181073  1.333   2  2019  121   1.80  58604.271   72.8  2.305e+01 
 181074  0.667   1  2019  121   2.32  58604.292   72.8  2.227e+01 
 181075  0.667   1  2019  121   2.67  58604.307   72.8  2.299e+01 
 181076  0.819   2  2019  121   3.28  58604.332   72.8  2.222e+01 
 181077  0.819   2  2019  121   3.73  58604.351   72.8  2.340e+01 
 181078  0.333   2  2019  121   4.18  58604.370   72.8  2.568e+01 
 181108  0.967   3  2019  121  19.27  58604.998   72.8  1.928e+01 
 181112  0.800   1  2019  121  21.37  58605.086   72.8  1.750e+01 
 181113  0.800   1  2019  121  21.81  58605.104   72.8  1.609e+01 
 181114  0.701   1  2019  121  22.34  58605.126   72.8  1.882e+01 
 181115  0.701   1  2019  121  22.72  58605.142   72.8  2.086e+01 
 181116  0.667   1  2019  121  23.45  58605.173   72.8  2.446e+01 
 181117  0.667   1  2019  121  23.80  58605.187   72.8  2.546e+01 
 181118  1.333   2  2019  122   0.32  58605.209   72.8  2.357e+01 
 181120  1.333   2  2019  122   1.21  58605.246   72.8  1.972e+01 
 181122  0.500   1  2019  122   2.02  58605.280   72.8  2.034e+01 
 181123  0.444   2  2019  122   2.66  58605.307   72.8  2.114e+01 
 181124  0.701   1  2019  122   3.49  58605.341   72.8  2.212e+01 
 181125  0.701   1  2019  122   3.87  58605.357   72.8  2.251e+01 
 181160  0.800   1  2019  122  21.18  58606.078   72.9  2.427e+01 
 181162  0.848   3  2019  122  22.19  58606.120   72.9  2.302e+01 
 181165  0.667   1  2019  122  24.00  58606.195   72.9  2.451e+01 
 181167  1.333   2  2019  123   0.74  58606.226   72.9  3.062e+01 
 181170  1.000   2  2019  123   2.18  58606.286   72.9  3.399e+01 
 181171  0.500   1  2019  123   2.60  58606.304   72.9  3.526e+01 
 181172  0.789   1  2019  123   3.08  58606.324   72.9  4.553e+01 
 181173  1.161   2  2019  123   3.66  58606.348   72.9  4.713e+01 
 181174  0.744   2  2019  123   4.30  58606.375   72.9  4.135e+01 
 181175  0.372   1  2019  123   4.60  58606.387   72.9  3.596e+01 
 181215  0.667   1  2019  124   0.97  58607.236   73.0  2.367e+01 
 181216  0.667   1  2019  124   1.31  58607.250   73.0  2.814e+01 
 181218  0.701   1  2019  124   2.29  58607.291   73.0  2.661e+01 
 181219  0.701   1  2019  124   2.67  58607.307   73.0  2.432e+01 
 181220  0.701   1  2019  124   3.15  58607.327   73.0  2.277e+01 
 181265  0.848   3  2019  125   1.76  58608.269   73.1  2.911e+01 
 181267  0.516   1  2019  125   2.84  58608.314   73.1  2.363e+01 
 181268  1.031   2  2019  125   3.25  58608.331   73.1  2.213e+01 
 181269  0.516   1  2019  125   3.66  58608.348   73.1  2.435e+01 
 181270  1.031   2  2019  125   4.21  58608.371   73.1  2.725e+01 
 181271  0.516   1  2019  125   4.63  58608.388   73.1  2.763e+01 
 181317  1.031   2  2019  126   3.80  58609.354   73.1  2.319e+01 
 181318  1.031   2  2019  126   4.35  58609.377   73.1  1.957e+01 
 182020  1.333   2  2019  140  19.22  58623.996   72.8  1.132e+01 
 182021  0.435   1  2019  140  19.70  58624.016   72.8  1.038e+01 
 182117  0.967   3  2019  142  19.72  58626.017   72.3  8.933e+00 
 182165  0.967   3  2019  143  19.73  58627.017   72.1  6.417e+00 
 182166  0.529   1  2019  143  20.31  58627.042   72.1  7.282e+00 
 182167  1.059   2  2019  143  20.74  58627.060   72.1  8.204e+00 
 182168  0.529   1  2019  143  21.16  58627.077   72.1  9.013e+00 
 182169  0.667   2  2019  143  21.82  58627.105   72.1  8.476e+00 
 182171  1.600   2  2019  143  22.78  58627.145   72.0  6.052e+00 
 182175  0.506   1  2019  144   0.71  58627.225   72.0  6.427e+00 
 182176  0.506   1  2019  144   1.01  58627.238   72.0  5.813e+00 
 182177  0.478   2  2019  144   1.85  58627.272   72.0  7.050e+00 
 182212  0.967   3  2019  144  19.28  58627.999   71.8  1.122e+01 
 182213  0.451   2  2019  144  19.88  58628.024   71.8  1.117e+01 
 182214  0.677   3  2019  144  20.29  58628.041   71.8  1.154e+01 
 182259  1.450   2  2019  145  18.74  58628.976   71.5  1.321e+01 
 182260  0.725   1  2019  145  19.45  58629.006   71.5  1.203e+01 
 182261  0.725   1  2019  145  19.83  58629.022   71.5  1.193e+01 
 182262  0.881   2  2019  145  20.37  58629.044   71.5  1.149e+01 
 182263  0.441   1  2019  145  20.83  58629.063   71.5  1.197e+01 
 182264  0.441   1  2019  145  21.07  58629.074   71.5  1.151e+01 
 182265  0.909   1  2019  145  21.57  58629.094   71.5  1.170e+01 
 182266  0.909   1  2019  145  22.05  58629.114   71.5  9.582e+00 
 182267  0.909   1  2019  145  22.60  58629.137   71.5  1.253e+01 
 182268  0.909   1  2019  145  23.08  58629.157   71.5  1.474e+01 
 182269  0.796   1  2019  145  23.68  58629.182   71.5  1.518e+01 
 182270  0.796   1  2019  146   0.10  58629.200   71.5  1.539e+01 
 182271  0.796   1  2019  146   0.60  58629.221   71.5  1.482e+01 
 182272  1.261   2  2019  146   1.20  58629.246   71.4  1.499e+01 
 182273  0.464   1  2019  146   1.76  58629.269   71.4  1.492e+01 
 182274  0.651   2  2019  146   2.21  58629.288   71.4  1.505e+01 
 182275  0.651   2  2019  146   2.65  58629.306   71.4  1.545e+01 
 182276  0.810   2  2019  146   3.17  58629.328   71.4  1.770e+01 
 182277  0.810   2  2019  146   3.69  58629.349   71.4  2.190e+01 
 182278  0.590   2  2019  146   4.22  58629.371   71.4  2.477e+01 
 182357  0.677   3  2019  147  19.75  58631.018   71.0  7.640e+00 
 182358  0.451   2  2019  147  20.15  58631.035   71.0  8.898e+00 
 182365  0.528   1  2019  147  23.85  58631.189   71.0  9.021e+00 
 182366  1.056   2  2019  148   0.32  58631.209   71.0  1.083e+01 
 182367  0.528   1  2019  148   0.79  58631.229   71.0  1.303e+01 
 182405  0.451   2  2019  148  19.78  58632.020   70.9  9.971e+00 
 182406  0.677   3  2019  148  20.18  58632.037   70.9  9.882e+00 
 182407  0.476   3  2019  148  20.72  58632.059   70.9  9.792e+00 
 182462  0.506   1  2019  150   0.27  58633.207   70.7  9.610e+00 
 182463  1.011   2  2019  150   0.73  58633.226   70.7  1.016e+01 
 182464  0.506   1  2019  150   1.18  58633.245   70.7  1.118e+01 
 182468  0.409   1  2019  150   3.47  58633.340   70.7  1.163e+01 
 182469  0.819   2  2019  150   3.80  58633.354   70.7  1.213e+01 
 182470  0.409   1  2019  150   4.14  58633.368   70.7  1.508e+01 
 182502  0.667   1  2019  150  20.21  58634.038   70.6  1.736e+01 
 182503  1.333   2  2019  150  20.73  58634.059   70.6  1.372e+01 
 182504  0.667   1  2019  150  21.25  58634.081   70.6  1.355e+01 
 182505  0.667   1  2019  150  21.74  58634.102   70.6  1.336e+01 
 182506  1.333   2  2019  150  22.26  58634.123   70.6  1.111e+01 
 182507  0.667   1  2019  150  22.78  58634.145   70.6  8.928e+00 
 182509  0.667   1  2019  150  23.78  58634.186   70.6  8.867e+00 
 182510  1.333   2  2019  151   0.30  58634.208   70.6  9.228e+00 
 182511  0.667   1  2019  151   0.82  58634.230   70.6  8.536e+00 
 182512  0.667   1  2019  151   1.28  58634.249   70.6  9.215e+00 
 182513  1.333   2  2019  151   1.80  58634.271   70.6  9.865e+00 
 182514  0.667   1  2019  151   2.32  58634.292   70.6  1.119e+01 
 182515  0.819   2  2019  151   2.87  58634.315   70.5  9.087e+00 
 182516  0.819   2  2019  151   3.31  58634.334   70.5  1.087e+01 
 182518  1.333   2  2019  151   4.20  58634.371   70.5  1.076e+01 
 182519  0.667   1  2019  151   4.72  58634.392   70.5  1.074e+01 
 182520  0.667   1  2019  151   5.06  58634.407   70.5  1.226e+01 
 182565  0.667   1  2019  152   3.68  58635.349   70.4  1.221e+01 
 182566  1.227   2  2019  152   4.17  58635.369   70.4  1.204e+01 
 182609  1.333   2  2019  153   1.82  58636.271   70.4  1.666e+01 
 182611  1.333   2  2019  153   2.71  58636.308   70.4  1.646e+01 
 182613  0.667   1  2019  153   3.78  58636.353   70.4  1.689e+01 
 182614  1.333   2  2019  153   4.29  58636.374   70.4  2.027e+01 
 182615  0.667   1  2019  153   4.81  58636.396   70.4  2.244e+01 
 182616  0.337   1  2019  153   5.40  58636.420   70.4  3.132e+01 
 182644  0.967   3  2019  153  19.23  58636.997   70.3  9.782e+00 
 182645  0.644   2  2019  153  19.87  58637.024   70.3  8.131e+00 
 182646  0.644   2  2019  153  20.29  58637.041   70.3  7.325e+00 
 182648  0.798   3  2019  153  21.23  58637.080   70.3  5.943e+00 
 182649  1.064   4  2019  153  21.77  58637.103   70.3  6.774e+00 
 182650  0.532   2  2019  153  22.34  58637.126   70.3  6.964e+00 
 182651  0.532   2  2019  153  22.63  58637.138   70.3  8.036e+00 
 182652  0.667   1  2019  153  23.21  58637.163   70.3  7.279e+00 
 182653  1.333   2  2019  153  23.73  58637.184   70.3  8.628e+00 
 182654  0.667   1  2019  154   0.25  58637.206   70.3  1.064e+01 
 182655  0.798   3  2019  154   0.81  58637.229   70.3  1.321e+01 
 182656  0.798   3  2019  154   1.24  58637.247   70.3  1.503e+01 
 182657  1.064   4  2019  154   1.76  58637.269   70.3  1.822e+01 
 182658  0.798   3  2019  154   2.27  58637.290   70.3  1.697e+01 
 182659  0.544   3  2019  154   2.76  58637.311   70.3  1.311e+01 
 182661  1.333   2  2019  154   3.70  58637.350   70.3  1.286e+01 
 182662  0.667   1  2019  154   4.22  58637.371   70.3  1.362e+01 
 182663  1.133   2  2019  154   4.74  58637.393   70.3  1.341e+01 
 182664  0.467   1  2019  154   5.25  58637.414   70.3  1.324e+01 
 182740  1.031   2  2019  155  19.19  58638.995   70.2  7.206e+00 
 182741  1.031   2  2019  155  19.74  58639.018   70.2  7.753e+00 
 182753  0.833   3  2019  156   1.75  58639.268   70.2  1.262e+01 
 182754  0.556   2  2019  156   2.29  58639.291   70.2  1.008e+01 
 182756  0.500   3  2019  156   3.13  58639.326   70.2  9.688e+00 
 182759  0.744   2  2019  156   4.75  58639.393   70.2  1.239e+01 
 182760  0.744   2  2019  156   5.16  58639.410   70.2  1.487e+01 
 182793  0.789   1  2019  156  21.95  58640.110   70.3  1.344e+01 
 182794  0.789   1  2019  156  22.38  58640.128   70.3  1.390e+01 
 182796  0.667   1  2019  156  23.18  58640.161   70.3  1.236e+01 
 182797  1.333   2  2019  156  23.70  58640.183   70.3  1.196e+01 
 182798  0.667   1  2019  157   0.22  58640.205   70.3  1.243e+01 
 182799  0.556   2  2019  157   0.66  58640.223   70.3  1.404e+01 
 182800  0.500   3  2019  157   1.29  58640.249   70.3  1.445e+01 
 182804  1.333   2  2019  157   3.19  58640.328   70.3  1.388e+01 
 182805  0.667   1  2019  157   3.71  58640.350   70.3  1.340e+01 
 182806  0.844   3  2019  157   4.12  58640.367   70.3  1.319e+01 
 182842  0.417   2  2019  157  22.31  58641.125   70.3  1.800e+01 
 182843  0.417   2  2019  157  22.60  58641.137   70.3  1.871e+01 
 182847  1.083   3  2019  158   0.71  58641.225   70.3  1.621e+01 
 182848  0.361   1  2019  158   1.14  58641.243   70.3  2.220e+01 
 182850  0.833   3  2019  158   2.30  58641.291   70.3  1.905e+01 
 182886  0.347   2  2019  158  20.45  58642.048   70.4  9.554e+00 
 182888  0.520   3  2019  158  21.36  58642.086   70.4  1.370e+01 
 182889  0.867   5  2019  158  21.76  58642.102   70.4  1.188e+01 
 182890  0.693   4  2019  158  22.26  58642.123   70.4  1.093e+01 
 182891  0.867   5  2019  158  22.72  58642.142   70.4  9.899e+00 
 182892  0.867   5  2019  158  23.25  58642.165   70.4  1.039e+01 
 182893  0.693   4  2019  158  23.75  58642.185   70.4  1.061e+01 
 182894  0.867   5  2019  159   0.24  58642.206   70.4  1.266e+01 
 182895  0.693   4  2019  159   0.76  58642.227   70.4  1.339e+01 
 182896  0.867   5  2019  159   1.23  58642.247   70.4  1.258e+01 
 182897  0.867   5  2019  159   1.79  58642.270   70.4  1.243e+01 
 182898  0.693   4  2019  159   2.26  58642.290   70.4  1.360e+01 
 182899  0.867   5  2019  159   2.78  58642.311   70.4  1.540e+01 
 182900  0.693   4  2019  159   3.26  58642.332   70.4  1.673e+01 
 182901  0.693   4  2019  159   3.74  58642.351   70.4  2.077e+01 
 182902  0.347   2  2019  159   4.08  58642.366   70.4  2.295e+01 
 182933  0.667   2  2019  159  19.77  58643.019   70.4  8.610e+00 
 182935  1.040   6  2019  159  20.75  58643.060   70.4  7.204e+00 
 182936  0.693   4  2019  159  21.32  58643.084   70.4  6.710e+00 
 182937  0.867   5  2019  159  21.80  58643.104   70.4  8.207e+00 
 182938  0.693   4  2019  159  22.33  58643.126   70.4  1.171e+01 
 182939  0.693   4  2019  159  22.73  58643.143   70.4  1.470e+01 
 182940  0.867   5  2019  159  23.24  58643.164   70.4  1.663e+01 
 182941  0.693   4  2019  159  23.71  58643.183   70.4  1.670e+01 
 182942  0.867   5  2019  160   0.22  58643.205   70.4  1.761e+01 
 182943  0.693   4  2019  160   0.72  58643.226   70.4  1.714e+01 
 182944  0.867   5  2019  160   1.23  58643.247   70.4  1.470e+01 
 182945  0.693   4  2019  160   1.73  58643.268   70.4  1.209e+01 
 182946  0.867   5  2019  160   2.20  58643.287   70.4  1.120e+01 
 182947  0.867   5  2019  160   2.77  58643.311   70.3  1.328e+01 
 182948  0.693   4  2019  160   3.23  58643.330   70.3  1.520e+01 
 182949  0.867   5  2019  160   3.72  58643.351   70.3  1.651e+01 
 182950  0.693   4  2019  160   4.17  58643.369   70.3  1.758e+01 
 182952  0.667   1  2019  160   5.06  58643.406   70.3  1.643e+01 
 182983  0.603   3  2019  160  20.85  58644.064   70.3  1.379e+01 
 182984  0.804   4  2019  160  21.24  58644.081   70.3  1.436e+01 
 182985  0.804   4  2019  160  21.74  58644.101   70.3  1.524e+01 
 182986  1.006   5  2019  160  22.26  58644.123   70.3  1.455e+01 
 182987  0.603   3  2019  160  22.84  58644.147   70.3  1.201e+01 
 182988  0.804   4  2019  160  23.27  58644.165   70.3  1.267e+01 
 182989  0.804   4  2019  160  23.77  58644.186   70.3  1.465e+01 
 182990  0.804   4  2019  161   0.27  58644.207   70.3  1.707e+01 
 182991  0.804   4  2019  161   0.76  58644.227   70.3  1.547e+01 
 182992  0.804   4  2019  161   1.25  58644.248   70.3  1.567e+01 
 182993  0.804   4  2019  161   1.74  58644.268   70.3  1.508e+01 
 182994  0.804   4  2019  161   2.22  58644.288   70.3  1.518e+01 
 182995  0.804   4  2019  161   2.71  58644.308   70.3  1.575e+01 
 182996  0.804   4  2019  161   3.21  58644.329   70.3  1.535e+01 
 182997  0.804   4  2019  161   3.73  58644.351   70.3  1.463e+01 
 182998  0.943   4  2019  161   4.25  58644.373   70.3  1.431e+01 
 182999  0.340   1  2019  161   4.66  58644.390   70.3  1.398e+01 
 183286  0.744   2  2019  167   4.27  58650.374   70.2  1.491e+01 
 183287  0.372   1  2019  167   4.58  58650.386   70.2  1.572e+01 
 183526  1.642   2  2019  172   4.24  58655.372   69.9  6.288e+00 
 183656  0.961   1  2019  174  21.48  58658.090   69.7  6.412e+00 
 183657  0.961   1  2019  174  21.97  58658.111   69.7  6.906e+00 
 183659  0.961   1  2019  174  22.60  58658.137   69.7  8.298e+00 
 183660  0.961   1  2019  174  23.09  58658.158   69.7  8.441e+00 
 183661  0.660   2  2019  174  23.66  58658.181   69.7  1.037e+01 
 183662  0.568   3  2019  175   0.27  58658.207   69.7  1.033e+01 
 183663  0.467   2  2019  175   0.61  58658.221   69.7  1.175e+01 
 183750  0.667   1  2019  176  20.25  58660.039   69.5  4.664e+00 
 183751  0.667   1  2019  176  20.59  58660.054   69.5  4.902e+00 
 183753  1.333   2  2019  176  21.82  58660.105   69.5  5.211e+00 
 183754  0.667   1  2019  176  22.34  58660.126   69.5  7.447e+00 
 183755  0.667   1  2019  176  22.69  58660.141   69.5  8.671e+00 
 183760  0.333   2  2019  177   1.42  58660.255   69.5  1.829e+01 
 183761  0.333   2  2019  177   1.65  58660.264   69.5  2.034e+01 
 183765  0.444   1  2019  177   3.92  58660.359   69.5  2.658e+01 
 183766  0.889   2  2019  177   4.32  58660.376   69.5  2.457e+01 
 183767  0.444   1  2019  177   4.73  58660.393   69.5  2.057e+01 
 183799  0.667   1  2019  177  20.90  58661.067   69.5  6.654e+00 
 183800  0.516   1  2019  177  21.46  58661.090   69.5  9.494e+00 
 183801  0.516   1  2019  177  21.74  58661.101   69.5  9.311e+00 
 183802  1.031   2  2019  177  22.16  58661.119   69.5  7.983e+00 
 183805  1.031   2  2019  177  23.84  58661.189   69.5  5.926e+00 
 183806  0.516   1  2019  178   0.25  58661.206   69.5  6.644e+00 
 183807  0.516   1  2019  178   0.53  58661.218   69.5  6.857e+00 
 183809  1.333   2  2019  178   1.68  58661.266   69.5  5.972e+00 
 183810  0.660   1  2019  178   2.20  58661.287   69.5  8.028e+00 
 183856  0.708   3  2019  179   1.28  58662.249   69.5  9.058e+00 
 184133  0.506   1  2019  184  19.87  58668.023   69.5  1.127e+01 
 184180  0.511   4  2019  185  19.25  58668.998   69.5  1.832e+01 
 184182  1.333   2  2019  185  20.27  58669.040   69.5  2.320e+01 
 184183  0.667   1  2019  185  20.78  58669.062   69.5  2.478e+01 
 184184  0.667   1  2019  185  21.13  58669.076   69.5  2.162e+01 
 184186  1.333   2  2019  185  22.30  58669.125   69.5  2.089e+01 
 184187  0.667   1  2019  185  22.95  58669.152   69.5  1.886e+01 
 184188  0.667   1  2019  185  23.29  58669.166   69.5  1.819e+01 
 184189  1.333   2  2019  185  23.81  58669.188   69.5  1.577e+01 
 184190  0.667   1  2019  186   0.48  58669.216   69.5  1.529e+01 
 184193  0.667   1  2019  186   1.52  58669.259   69.5  1.362e+01 
 184194  1.333   2  2019  186   2.21  58669.287   69.5  1.040e+01 
 184195  0.667   1  2019  186   2.72  58669.309   69.5  9.215e+00 
 184196  0.667   1  2019  186   3.07  58669.323   69.5  1.009e+01 
 184197  0.821   1  2019  186   3.57  58669.344   69.5  1.499e+01 
 184198  0.821   1  2019  186   4.01  58669.363   69.5  1.717e+01 
 184199  1.642   2  2019  186   4.74  58669.393   69.5  1.382e+01 
 184230  0.333   2  2019  186  20.26  58670.040   69.5  1.915e+01 
 184296  1.448   1  2019  188   5.00  58671.404   69.5  1.524e+01 
 184337  0.467   1  2019  189   1.95  58672.277   69.5  7.467e+00 
 184338  0.933   2  2019  189   2.34  58672.293   69.5  6.525e+00 
 184339  0.467   1  2019  189   2.74  58672.310   69.5  6.795e+00 
 184341  1.333   2  2019  189   3.77  58672.353   69.5  6.267e+00 
 184342  0.667   1  2019  189   4.29  58672.374   69.5  7.273e+00 
 184343  0.667   1  2019  189   4.82  58672.396   69.5  7.597e+00 
 184344  0.667   1  2019  189   5.16  58672.411   69.5  7.637e+00 
 184372  0.500   3  2019  189  19.27  58672.998   69.5  8.050e+00 
 184373  0.500   3  2019  189  19.78  58673.020   69.5  8.880e+00 
 184375  0.833   3  2019  189  20.78  58673.061   69.5  1.134e+01 
 184377  0.333   2  2019  189  21.60  58673.096   69.5  1.189e+01 
 184380  0.667   2  2019  189  23.25  58673.164   69.5  7.501e+00 
 184382  1.000   2  2019  190   0.20  58673.204   69.5  6.030e+00 
 184383  1.000   2  2019  190   0.76  58673.227   69.5  5.547e+00 
 184384  0.667   1  2019  190   1.43  58673.255   69.5  5.442e+00 
 184385  0.667   1  2019  190   1.77  58673.269   69.5  5.867e+00 
 184386  1.333   2  2019  190   2.29  58673.291   69.5  7.360e+00 
 184389  0.667   1  2019  190   3.80  58673.354   69.5  1.176e+01 
 184390  1.333   2  2019  190   4.31  58673.375   69.5  1.167e+01 
 184391  0.667   1  2019  190   4.83  58673.397   69.5  1.082e+01 
 184428  0.333   1  2019  190  23.44  58674.172   69.5  5.009e+00 
 184429  0.333   1  2019  190  23.78  58674.187   69.5  5.885e+00 
 184430  0.333   1  2019  191   0.25  58674.206   69.5  6.680e+00 
 184431  0.333   1  2019  191   0.59  58674.220   69.5  6.405e+00 
 184472  0.333   1  2019  191  21.30  58675.083   69.5  7.166e+00 
 184473  0.333   1  2019  191  21.64  58675.097   69.5  9.395e+00 
 184481  0.744   2  2019  192   1.80  58675.271   69.5  8.263e+00 
 184482  0.744   2  2019  192   2.21  58675.288   69.5  8.625e+00 
 184483  0.667   1  2019  192   2.73  58675.309   69.5  8.384e+00 
 184484  0.667   1  2019  192   3.07  58675.324   69.5  7.659e+00 
 184486  0.821   1  2019  192   4.28  58675.374   69.5  7.776e+00 
 184487  0.821   1  2019  192   4.72  58675.392   69.5  8.844e+00 
 184518  0.383   1  2019  192  20.38  58676.045   69.5  4.336e+00 
 184519  0.767   2  2019  192  20.72  58676.059   69.5  3.471e+00 
 184520  0.383   1  2019  192  21.05  58676.073   69.5  4.776e+00 
 184528  0.372   1  2019  193   1.03  58676.239   69.5  5.444e+00 
 184530  0.744   2  2019  193   2.34  58676.293   69.5  7.515e+00 
 184531  0.372   1  2019  193   2.65  58676.306   69.5  7.609e+00 
 184573  0.961   1  2019  193  23.89  58677.191   69.5  3.672e+00 
 184574  0.961   1  2019  194   0.38  58677.212   69.5  4.684e+00 
 184578  0.961   1  2019  194   2.16  58677.286   69.5  6.188e+00 
 184579  0.961   1  2019  194   2.66  58677.306   69.5  5.990e+00 
 184580  0.961   1  2019  194   3.25  58677.331   69.5  6.504e+00 
 184581  0.961   1  2019  194   3.75  58677.352   69.5  6.782e+00 
 184582  1.322   1  2019  194   4.45  58677.381   69.5  6.453e+00 
 184584  0.822   1  2019  194   5.13  58677.409   69.5  6.682e+00 
 184622  1.448   1  2019  195   0.18  58678.203   69.5  5.007e+00 
 184631  0.821   1  2019  195   4.87  58678.398   69.4  9.522e+00 
 184675  0.744   2  2019  196   2.78  58679.311   69.4  2.818e+00 
 184676  0.744   2  2019  196   3.19  58679.328   69.4  3.344e+00 
 184677  0.533   2  2019  196   3.68  58679.349   69.4  3.742e+00 
 184969  0.506   1  2019  202   5.54  58685.426   69.2  2.584e+00 
 185092  1.419   2  2019  204  19.30  58688.000   69.2  7.141e+00 
 185093  0.733   1  2019  204  19.99  58688.028   69.2  5.459e+00 
 185094  0.733   1  2019  204  20.38  58688.045   69.2  5.328e+00 
 185095  0.480   1  2019  204  20.84  58688.064   69.2  5.492e+00 
 185096  0.841   2  2019  204  21.25  58688.081   69.2  5.236e+00 
 185097  0.361   1  2019  204  21.65  58688.097   69.2  4.203e+00 
 185098  1.568   2  2019  204  22.28  58688.124   69.2  4.212e+00 
 185099  0.341   1  2019  204  22.88  58688.149   69.2  3.684e+00 
 185100  0.703   2  2019  204  23.23  58688.163   69.2  3.544e+00 
 185101  0.917   2  2019  204  23.78  58688.186   69.2  2.793e+00 
 185102  0.556   1  2019  205   0.22  58688.205   69.2  2.552e+00 
 185103  1.303   2  2019  205   0.80  58688.229   69.2  4.054e+00 
 185105  0.834   3  2019  205   1.80  58688.271   69.2  3.756e+00 
 185106  0.362   1  2019  205   2.19  58688.287   69.2  2.863e+00 
 185341  0.819   2  2019  209  23.67  58693.182   69.3  2.259e+00 
 185342  0.819   2  2019  210   0.12  58693.201   69.3  2.123e+00 
 185348  0.667   1  2019  210   3.37  58693.336   69.3  8.567e+00 
 185349  0.667   1  2019  210   3.72  58693.350   69.3  8.442e+00 
 185350  0.667   1  2019  210   4.06  58693.365   69.3  9.062e+00 
 185352  1.672   1  2019  210   5.07  58693.407   69.3  1.007e+01 
 185381  1.333   2  2019  210  19.70  58694.016   69.3  1.102e+01 
 185382  0.667   1  2019  210  20.22  58694.038   69.3  1.137e+01 
 185383  0.667   1  2019  210  20.56  58694.052   69.3  1.183e+01 
 185386  0.667   1  2019  210  22.15  58694.119   69.3  9.149e+00 
 185387  0.819   2  2019  210  22.67  58694.140   69.3  6.527e+00 
 185388  0.819   2  2019  210  23.12  58694.159   69.3  6.325e+00 
 185389  0.819   2  2019  210  23.69  58694.183   69.3  4.253e+00 
 185390  0.819   2  2019  211   0.13  58694.201   69.3  3.526e+00 
 185391  0.819   2  2019  211   0.68  58694.224   69.3  2.724e+00 
 185392  0.819   2  2019  211   1.12  58694.242   69.3  2.654e+00 
 185429  1.333   2  2019  211  19.69  58695.016   69.3  6.763e+00 
 185430  0.667   1  2019  211  20.21  58695.038   69.3  6.290e+00 
 185431  0.667   1  2019  211  20.55  58695.052   69.3  5.385e+00 
 185446  1.333   2  2019  212   4.22  58695.371   69.3  4.831e+00 
 185447  0.667   1  2019  212   4.74  58695.393   69.3  5.248e+00 
 185448  0.667   1  2019  212   5.09  58695.407   69.3  4.868e+00 
 185525  0.667   1  2019  213  19.66  58697.015   69.2  7.692e+00 
 185526  1.333   2  2019  213  20.18  58697.036   69.2  6.563e+00 
 185527  0.667   1  2019  213  20.70  58697.058   69.2  5.536e+00 
 185529  0.559   1  2019  213  21.97  58697.111   69.2  4.170e+00 
 185530  0.409   1  2019  213  22.43  58697.130   69.2  2.971e+00 
 185573  0.781   1  2019  214  19.81  58698.021   69.3  7.366e+00 
 185574  0.372   1  2019  214  20.32  58698.042   69.3  6.057e+00 
 185575  1.117   3  2019  214  20.73  58698.059   69.3  5.812e+00 
 185576  0.409   1  2019  214  21.29  58698.083   69.3  5.706e+00 
 185577  1.228   3  2019  214  21.73  58698.101   69.3  4.534e+00 
 185581  0.409   1  2019  214  23.86  58698.190   69.3  3.260e+00 
 185582  0.819   2  2019  215   0.20  58698.204   69.3  2.675e+00 
 185583  0.409   1  2019  215   0.53  58698.218   69.3  2.806e+00 
 185626  0.456   1  2019  215  22.19  58699.120   69.3  3.597e+00 
 185628  0.409   1  2019  215  23.35  58699.169   69.3  1.949e+00 
 185630  0.409   1  2019  216   0.42  58699.213   69.3  4.095e+00 
 185631  0.819   2  2019  216   0.83  58699.230   69.3  4.038e+00 
 185632  0.819   2  2019  216   1.28  58699.249   69.3  4.588e+00 
 185672  1.228   3  2019  216  21.24  58700.081   69.3  5.388e+00 
 185673  0.409   1  2019  216  21.78  58700.103   69.3  5.716e+00 
 185674  1.228   3  2019  216  22.23  58700.122   69.3  6.030e+00 
 185675  0.819   2  2019  216  22.87  58700.149   69.3  6.735e+00 
 185676  0.819   2  2019  216  23.32  58700.167   69.3  6.574e+00 
 185677  0.667   1  2019  216  23.93  58700.192   69.3  4.486e+00 
 185678  0.667   1  2019  217   0.27  58700.207   69.3  5.047e+00 
 185679  1.333   2  2019  217   0.79  58700.228   69.3  5.198e+00 
 185680  0.667   1  2019  217   1.43  58700.255   69.3  4.848e+00 
 185681  0.667   1  2019  217   1.78  58700.270   69.3  4.455e+00 
 185682  1.333   2  2019  217   2.29  58700.291   69.3  4.094e+00 
 185727  0.667   1  2019  218   0.78  58701.228   69.2  6.159e+00 
 185728  0.667   1  2019  218   1.25  58701.248   69.2  3.788e+00 
 185729  1.333   2  2019  218   1.77  58701.269   69.2  3.952e+00 
 185730  0.667   1  2019  218   2.29  58701.291   69.2  4.414e+00 
 185731  0.667   1  2019  218   2.77  58701.311   69.2  4.966e+00 
 185732  1.333   2  2019  218   3.29  58701.333   69.2  5.431e+00 
 185733  0.667   1  2019  218   3.81  58701.354   69.2  6.333e+00 
 185734  0.667   1  2019  218   4.45  58701.381   69.2  7.223e+00 
 185735  0.667   1  2019  218   4.80  58701.396   69.2  7.493e+00 
 185861  0.500   3  2019  220  19.75  58704.019   69.1  8.774e+00 
 185862  0.556   2  2019  220  20.24  58704.039   69.1  8.438e+00 
 185865  1.448   1  2019  220  21.87  58704.107   69.1  8.855e+00 
 185874  0.667   1  2019  221   2.33  58704.293   69.1  5.923e+00 
 185875  0.667   1  2019  221   2.68  58704.307   69.1  6.055e+00 
 185876  1.333   2  2019  221   3.20  58704.329   69.1  6.431e+00 
 185878  1.333   2  2019  221   4.19  58704.370   69.1  6.626e+00 
 185879  0.667   1  2019  221   4.71  58704.392   69.1  5.729e+00 
 185880  0.667   1  2019  221   5.05  58704.406   69.1  5.991e+00 
 185956  0.559   1  2019  222  19.30  58706.000   69.0  3.578e+00 
 185962  0.889   2  2019  222  22.29  58706.124   69.0  3.005e+00 
 185963  0.889   2  2019  222  22.83  58706.147   69.0  2.522e+00 
 185968  0.821   1  2019  223   1.43  58706.255   69.0  5.096e+00 
 185969  0.821   1  2019  223   1.87  58706.274   69.0  6.066e+00 
 185970  0.417   1  2019  223   2.35  58706.294   69.0  6.108e+00 
 185971  0.833   2  2019  223   2.74  58706.310   69.0  7.041e+00 
 185972  0.417   1  2019  223   3.12  58706.326   69.0  7.050e+00 
 185973  0.833   2  2019  223   3.79  58706.353   69.0  8.296e+00 
 185974  0.833   2  2019  223   4.30  58706.375   69.0  8.796e+00 
 185976  1.333   2  2019  223   5.22  58706.413   69.0  1.281e+01 
 186357  0.833   2  2019  231   3.77  58714.353   68.6  1.130e+01 
 186358  0.833   2  2019  231   4.29  58714.374   68.6  1.317e+01 
 186437  0.778   4  2019  232  19.76  58716.019   68.6  7.340e+00 
 186452  0.583   3  2019  233   3.28  58716.332   68.6  1.533e+01 
 186453  0.583   3  2019  233   3.72  58716.350   68.6  1.416e+01 
 186454  0.389   2  2019  233   4.41  58716.379   68.6  1.312e+01 
 186455  0.583   3  2019  233   4.77  58716.394   68.6  1.425e+01 
 186499  0.833   2  2019  234   2.81  58717.313   68.6  5.391e+00 
 186531  0.383   1  2019  234  18.88  58717.982   68.6  6.168e+00 
 186532  0.383   1  2019  234  19.10  58717.991   68.6  5.591e+00 
 186533  0.972   1  2019  234  19.58  58718.011   68.6  4.446e+00 
 186534  0.972   1  2019  234  20.09  58718.033   68.6  3.603e+00 
 186539  1.084   2  2019  234  22.88  58718.149   68.6  4.037e+00 
 186540  0.831   1  2019  234  23.41  58718.171   68.6  4.183e+00 
 186541  0.733   1  2019  234  23.92  58718.192   68.6  4.476e+00 
 186542  0.733   1  2019  235   0.31  58718.208   68.6  6.790e+00 
 186543  0.338   2  2019  235   0.73  58718.226   68.6  7.243e+00 
 186544  0.529   2  2019  235   1.08  58718.241   68.6  8.519e+00 
 186545  1.392   2  2019  235   1.70  58718.266   68.6  1.049e+01 
 186546  0.759   2  2019  235   2.36  58718.294   68.6  1.059e+01 
 186580  0.487   3  2019  235  19.37  58719.003   68.6  6.264e+00 
 186584  0.499   1  2019  235  21.40  58719.087   68.6  7.580e+00 
 186585  0.507   1  2019  235  21.78  58719.103   68.6  7.380e+00 
 186586  1.286   2  2019  235  22.32  58719.126   68.6  7.434e+00 
 186587  0.779   1  2019  235  22.90  58719.150   68.6  6.683e+00 
 186588  0.693   2  2019  235  23.39  58719.170   68.6  6.760e+00 
 186590  0.972   1  2019  236   0.10  58719.200   68.6  7.417e+00 
 186591  0.972   1  2019  236   0.61  58719.221   68.6  8.705e+00 
 186592  0.983   2  2019  236   1.25  58719.248   68.6  7.378e+00 
 186593  0.638   1  2019  236   1.79  58719.270   68.6  7.211e+00 
 186594  0.638   1  2019  236   2.13  58719.284   68.6  6.457e+00 
 186598  0.439   1  2019  236   4.24  58719.372   68.6  6.884e+00 
 186631  0.372   1  2019  236  20.56  58720.052   68.7  7.442e+00 
 186644  0.667   1  2019  237   3.35  58720.335   68.7  1.202e+01 
 186645  0.667   1  2019  237   3.70  58720.350   68.7  1.171e+01 
 186646  1.333   2  2019  237   4.22  58720.371   68.7  1.175e+01 
 186822  0.409   1  2019  240  20.38  58724.045   68.9  5.358e+00 
 186823  0.409   1  2019  240  20.60  58724.054   68.9  5.444e+00 
 186826  0.511   1  2019  240  22.32  58724.126   68.9  5.483e+00 
 186827  0.511   1  2019  240  22.89  58724.149   68.9  6.649e+00 
 186831  1.672   1  2019  241   0.54  58724.218   68.9  3.982e+00 
 186869  0.819   2  2019  241  19.76  58725.019   68.9  4.057e+00 
 186880  0.667   2  2019  242   1.37  58725.253   68.9  4.408e+00 
 186881  0.667   2  2019  242   1.76  58725.269   68.9  4.299e+00 
 186883  1.672   1  2019  242   2.53  58725.301   68.9  3.736e+00 
 186884  1.676   1  2019  242   3.48  58725.340   68.9  4.603e+00 
 186886  0.667   2  2019  242   4.38  58725.378   68.9  5.124e+00 
 186887  0.667   2  2019  242   4.77  58725.394   68.9  5.738e+00 
 186917  0.667   4  2019  242  19.77  58726.020   68.9  4.406e+00 
 186918  0.500   3  2019  242  20.24  58726.039   68.9  3.411e+00 
 186919  0.500   3  2019  242  20.72  58726.059   68.9  3.522e+00 
 186920  0.333   2  2019  242  21.14  58726.076   68.9  3.398e+00 
 186923  1.333   2  2019  242  22.71  58726.142   68.9  4.177e+00 
 186924  0.667   1  2019  242  23.34  58726.168   68.9  3.693e+00 
 186925  0.667   1  2019  242  23.70  58726.183   68.9  3.361e+00 
 186926  1.672   1  2019  243   0.42  58726.213   68.9  4.387e+00 
 186928  1.672   1  2019  243   1.37  58726.253   68.9  5.010e+00 
 186930  1.672   1  2019  243   2.29  58726.291   68.9  6.284e+00 
 186932  0.667   1  2019  243   3.38  58726.337   68.9  8.250e+00 
 186933  0.667   1  2019  243   3.85  58726.356   68.9  7.388e+00 
 186965  0.817   3  2019  243  19.71  58727.017   68.9  8.014e+00 
 186972  0.961   1  2019  243  23.16  58727.160   68.9  1.135e+01 
 186973  0.961   1  2019  243  23.65  58727.181   68.9  1.073e+01 
 186974  1.448   1  2019  244   0.39  58727.212   68.9  9.038e+00 
 186976  2.000   1  2019  244   1.42  58727.255   68.9  5.923e+00 
 186978  0.889   2  2019  244   2.34  58727.293   68.9  8.123e+00 
 186979  0.444   1  2019  244   2.74  58727.310   68.9  1.005e+01 
 186980  1.114   2  2019  244   3.29  58727.332   68.9  9.803e+00 
 186982  0.889   2  2019  244   4.16  58727.369   68.9  9.003e+00 
 186983  0.889   2  2019  244   4.69  58727.391   68.9  9.378e+00 
 187028  0.444   1  2019  245   3.33  58728.334   68.9  8.814e+00 
 187029  0.889   2  2019  245   3.73  58728.351   68.9  1.002e+01 
 187030  0.444   1  2019  245   4.13  58728.368   68.9  1.063e+01 
 187067  0.889   2  2019  245  22.79  58729.145   68.9  1.017e+01 
 187068  0.889   2  2019  245  23.33  58729.168   68.9  9.009e+00 
 187069  0.444   1  2019  245  23.94  58729.193   68.9  7.357e+00 
 187070  0.889   2  2019  246   0.35  58729.210   68.9  8.333e+00 
 187071  0.444   1  2019  246   0.75  58729.227   68.9  9.127e+00 
 187072  0.889   2  2019  246   1.27  58729.249   68.9  9.578e+00 
 187073  0.889   2  2019  246   1.81  58729.271   68.9  1.034e+01 
 187074  0.444   1  2019  246   2.35  58729.294   68.9  1.029e+01 
 187075  0.889   2  2019  246   2.76  58729.310   68.9  9.454e+00 
 187076  0.444   1  2019  246   3.16  58729.327   68.9  9.790e+00 
 187077  0.889   2  2019  246   3.70  58729.350   68.9  9.367e+00 
 187078  0.889   2  2019  246   4.24  58729.372   68.9  9.103e+00 
 187125  0.667   1  2019  247   3.74  58730.351   68.9  9.544e+00 
 187159  0.350   3  2019  247  20.73  58731.059   68.9  6.380e+00 
 187161  0.466   5  2019  247  21.71  58731.100   68.9  7.026e+00 
 187167  0.472   1  2019  248   0.87  58731.232   68.9  1.171e+01 
 187168  0.944   2  2019  248   1.26  58731.248   68.9  1.260e+01 
 187169  0.472   1  2019  248   1.65  58731.264   68.9  1.275e+01 
 187170  1.655   1  2019  248   2.42  58731.296   68.9  1.231e+01 
 187172  0.944   2  2019  248   3.22  58731.330   68.9  1.233e+01 
 187173  0.944   2  2019  248   3.74  58731.352   68.9  1.257e+01 
 187175  1.002   1  2019  248   4.52  58731.384   68.9  1.403e+01 
 187211  1.333   2  2019  248  22.72  58732.142   68.9  5.006e+00 
 187212  0.667   1  2019  248  23.34  58732.168   68.9  4.685e+00 
 187213  0.667   1  2019  248  23.69  58732.183   68.9  4.728e+00 
 187214  0.667   1  2019  249   0.13  58732.201   68.9  4.973e+00 
 187215  0.667   1  2019  249   1.00  58732.237   68.9  5.466e+00 
 187216  0.667   1  2019  249   1.35  58732.252   68.9  5.919e+00 
 187221  0.529   1  2019  249   3.79  58732.353   68.9  6.418e+00 
 187222  0.529   1  2019  249   4.07  58732.365   68.9  7.378e+00 
 187253  0.889   2  2019  249  19.68  58733.016   68.9  8.266e+00 
 187254  0.889   2  2019  249  20.22  58733.038   68.9  8.989e+00 
 187255  0.444   1  2019  249  20.75  58733.060   68.9  8.462e+00 
 187256  0.889   2  2019  249  21.15  58733.077   68.9  8.961e+00 
 187257  0.889   2  2019  249  21.76  58733.102   68.9  9.432e+00 
 187258  0.889   2  2019  249  22.36  58733.127   68.9  9.096e+00 
 187259  0.444   1  2019  249  22.77  58733.144   68.9  8.971e+00 
 187260  0.889   2  2019  249  23.35  58733.169   68.9  8.129e+00 
 187261  0.444   1  2019  249  23.75  58733.185   68.9  8.267e+00 
 187262  0.889   2  2019  250   0.22  58733.205   68.9  8.369e+00 
 187263  0.444   1  2019  250   0.69  58733.224   68.9  8.603e+00 
 187300  0.444   1  2019  250  19.48  58734.007   68.9  1.339e+01 
 187301  0.444   1  2019  250  19.75  58734.018   68.9  1.256e+01 
 187302  0.889   2  2019  250  20.15  58734.035   68.9  1.295e+01 
 187303  0.889   2  2019  250  20.86  58734.065   68.9  1.537e+01 
 187304  0.444   1  2019  250  21.27  58734.082   68.9  1.505e+01 
 187305  0.444   1  2019  250  21.53  58734.093   68.9  1.575e+01 
 187306  0.889   2  2019  250  22.26  58734.123   68.9  1.423e+01 
 187307  0.889   2  2019  250  22.79  58734.145   68.9  1.346e+01 
 187308  0.444   1  2019  250  23.34  58734.168   68.9  1.409e+01 
 187309  0.889   2  2019  250  23.74  58734.185   68.9  1.467e+01 
 187310  0.444   1  2019  251   0.14  58734.202   68.9  1.363e+01 
 187411  0.961   1  2019  253   3.00  58736.320   68.9  1.744e+01 
 187412  0.961   1  2019  253   3.49  58736.341   68.9  1.905e+01 
 187414  0.800   3  2019  253   4.29  58736.374   68.9  1.955e+01 
 187883  0.656   2  2019  262  22.89  58746.149   68.6  5.146e+00 
 187885  0.667   2  2019  262  23.76  58746.185   68.6  4.959e+00 
 187886  0.667   2  2019  263   0.15  58746.202   68.6  5.888e+00 
 187887  1.167   3  2019  263   0.78  58746.228   68.6  7.902e+00 
 187888  0.389   1  2019  263   1.21  58746.246   68.6  8.956e+00 
 187894  0.670   1  2019  263   4.43  58746.380   68.6  1.624e+01 
 187926  0.667   1  2019  263  20.47  58747.049   68.5  1.022e+01 
 187927  0.667   1  2019  263  20.91  58747.067   68.5  1.350e+01 
 187928  0.667   1  2019  263  21.26  58747.081   68.5  9.563e+00 
 187931  0.892   3  2019  263  22.70  58747.141   68.5  8.950e+00 
 187932  0.737   2  2019  263  23.27  58747.165   68.5  8.744e+00 
 187933  0.737   2  2019  263  23.70  58747.183   68.5  9.529e+00 
 187934  0.481   1  2019  264   0.26  58747.206   68.5  7.980e+00 
 187935  0.961   2  2019  264   0.64  58747.222   68.5  9.420e+00 
 187936  0.897   2  2019  264   1.21  58747.246   68.5  8.894e+00 
 187937  0.417   1  2019  264   1.93  58747.276   68.5  8.804e+00 
 187938  0.417   1  2019  264   2.18  58747.287   68.5  9.158e+00 
 187939  0.833   2  2019  264   2.80  58747.312   68.5  9.594e+00 
 187940  0.833   2  2019  264   3.32  58747.334   68.5  1.060e+01 
 188022  0.423   1  2019  265  20.24  58749.039   68.3  1.574e+01 
 188037  2.000   1  2019  266   3.76  58749.352   68.3  2.574e+01 
 188081  1.044   2  2019  267   1.79  58750.270   68.2  1.645e+01 
 188082  0.522   1  2019  267   2.23  58750.289   68.2  1.715e+01 
 188083  1.044   2  2019  267   2.66  58750.306   68.2  1.696e+01 
 188084  0.522   1  2019  267   3.08  58750.324   68.2  1.738e+01 
 188120  0.819   2  2019  267  21.28  58751.082   68.1  1.059e+01 
 188121  0.409   1  2019  267  21.61  58751.096   68.1  1.101e+01 
 188127  1.676   1  2019  268   0.91  58751.234   68.1  1.207e+01 
 188129  0.667   2  2019  268   1.76  58751.269   68.1  1.542e+01 
 188130  0.667   2  2019  268   2.14  58751.285   68.1  1.617e+01 
 188165  0.482   1  2019  268  19.74  58752.018   68.0  1.604e+01 
 188166  0.482   1  2019  268  20.03  58752.030   68.0  1.522e+01 
 188175  0.444   1  2019  269   0.79  58752.229   68.0  1.029e+01 
 188176  0.889   2  2019  269   1.19  58752.245   68.0  1.053e+01 
 188177  0.444   1  2019  269   1.60  58752.262   68.0  8.376e+00 
 188178  0.889   2  2019  269   2.14  58752.285   68.0  8.245e+00 
 188179  0.889   2  2019  269   2.68  58752.307   68.0  1.535e+01 
 188180  0.444   1  2019  269   3.49  58752.341   68.0  2.270e+01 
 188181  0.444   1  2019  269   3.76  58752.352   68.0  2.374e+01 
 188182  0.889   2  2019  269   4.17  58752.369   68.0  1.910e+01 
 188223  0.491   1  2019  270   0.97  58753.236   67.9  1.757e+01 
 188224  0.491   1  2019  270   1.24  58753.247   67.9  2.044e+01 
 188228  0.667   1  2019  270   3.00  58753.321   67.9  3.417e+01 
 188260  0.819   2  2019  270  19.34  58754.002   67.9  8.394e+01 
 188261  0.819   2  2019  270  19.79  58754.020   67.9  7.298e+01 
 188263  0.481   1  2019  270  20.86  58754.065   67.9  5.932e+01 
 188264  0.481   1  2019  270  21.12  58754.076   67.9  5.849e+01 
 188265  0.961   2  2019  270  21.69  58754.099   67.9  5.286e+01 
 188268  1.672   1  2019  270  23.02  58754.155   67.9  4.065e+01 
 188270  0.961   2  2019  271   0.16  58754.202   67.9  3.146e+01 
 188271  0.481   1  2019  271   0.54  58754.218   67.9  3.390e+01 
 188277  0.667   1  2019  271   3.86  58754.356   67.9  4.692e+01 
 188278  0.667   1  2019  271   4.21  58754.371   67.9  4.441e+01 
 188313  0.961   2  2019  271  21.82  58755.105   67.8  1.406e+01 
 188314  0.481   1  2019  271  22.21  58755.121   67.8  1.556e+01 
 188315  1.000   2  2019  271  22.75  58755.144   67.8  1.811e+01 
 188316  1.000   2  2019  271  23.31  58755.167   67.8  1.867e+01 
 188317  0.500   1  2019  271  23.85  58755.189   67.8  1.796e+01 
 188318  1.000   2  2019  272   0.27  58755.207   67.8  1.739e+01 
 188319  0.500   1  2019  272   0.70  58755.225   67.8  1.795e+01 
 188320  0.417   1  2019  272   1.35  58755.252   67.8  1.583e+01 
 188321  0.833   2  2019  272   1.74  58755.268   67.8  1.697e+01 
 188322  0.417   1  2019  272   2.42  58755.297   67.8  1.567e+01 
 188323  0.833   2  2019  272   2.81  58755.313   67.8  1.565e+01 
 188324  0.417   1  2019  272   3.19  58755.329   67.8  1.615e+01 
 188325  0.667   1  2019  272   3.93  58755.359   67.8  1.706e+01 
 188326  0.667   1  2019  272   4.29  58755.374   67.8  2.011e+01 
 188357  0.667   1  2019  272  19.82  58756.021   67.8  3.717e+01 
 188361  0.481   1  2019  272  21.75  58756.102   67.8  2.869e+01 
 188362  0.961   2  2019  272  22.14  58756.118   67.8  2.076e+01 
