# Paranal Airglow Line And Continuum Emission (PALACE) model: data and code of
# v1.0 (Noll et al. 2024)
# 
# Intensity time series of NI0520a (see pmd_climfeat.dat) for intervals of
# 30 min of X-shooter data
# 
# Column names:
# bin: unique number of half-hourly bin
# fbin: fraction of bin (summed exposure time divided by 30 min)
# N: number of combined exposures
# year: year
# DOY: day of year
# LT: weighted local time for combined exposures in hours (for longitude of
#     Cerro Paranal)
# MJD: Modified Julian Date for LT
# S27d: solar radio flux averaged for 27 days in solar flux units (sfu)
# I: intensity in R (new measurements)
# 
    bin   fbin   N  year  DOY     LT        MJD   S27d           I 
  13496  1.000   1  2009  281  21.12  55113.076   70.6   1.140e+00 
  13497  1.000   1  2009  281  21.65  55113.098   70.6   8.294e-01 
  13547  1.000   1  2009  282  22.88  55114.149   70.6   1.043e-01 
  13548  1.000   1  2009  282  23.41  55114.171   70.6   5.029e-02 
  13550  1.000   1  2009  283   0.14  55114.201   70.6  -9.304e-03 
  13590  1.111   2  2009  283  20.25  55115.039   70.6   3.223e+00 
  13591  0.556   1  2009  283  20.73  55115.059   70.6   2.923e+00 
  13592  0.556   1  2009  283  21.06  55115.073   70.6   2.636e+00 
  13593  1.000   1  2009  283  21.71  55115.100   70.6   1.676e+00 
  13594  1.000   1  2009  283  22.23  55115.122   70.6   8.129e-01 
  13595  1.000   1  2009  283  22.98  55115.153   70.6   3.563e-01 
  13597  1.000   1  2009  283  23.50  55115.175   70.6   1.952e-01 
  13598  1.000   1  2009  284   0.45  55115.214   70.6   2.675e-02 
  13599  1.000   1  2009  284   0.98  55115.236   70.6   6.454e-02 
  13601  1.000   1  2009  284   1.56  55115.261   70.6   1.199e-01 
  13602  1.000   1  2009  284   2.09  55115.283   70.6   2.982e-01 
  13639  0.556   1  2009  284  20.74  55116.060   70.6   1.815e+00 
  13640  1.111   2  2009  284  21.23  55116.080   70.6   1.140e+00 
  13641  0.556   1  2009  284  21.72  55116.100   70.6   5.549e-01 
  13647  1.000   1  2009  285   0.97  55116.236   70.6  -2.922e-03 
  13648  1.000   1  2009  285   1.49  55116.258   70.6   8.707e-02 
  13650  1.000   1  2009  285   2.32  55116.292   70.6   7.688e-02 
  13651  1.000   1  2009  285   2.84  55116.314   70.6   2.217e-01 
  13934  1.000   1  2009  291   0.44  55122.214   71.8   2.202e-01 
  13935  1.000   1  2009  291   0.97  55122.236   71.8   3.074e-01 
  13937  1.000   1  2009  291   1.78  55122.270   71.8   1.252e+00 
  13938  1.000   1  2009  291   2.31  55122.292   71.8   2.083e+00 
  13939  0.361   1  2009  291   2.86  55122.315   71.8   2.306e+00 
  13940  0.722   2  2009  291   3.19  55122.328   71.8   1.309e+00 
  13941  0.361   1  2009  291   3.51  55122.342   71.8   8.056e-01 
  13972  0.333   1  2009  291  19.37  55123.003   71.9   5.237e+00 
  13973  1.000   3  2009  291  19.76  55123.019   71.9   3.661e+00 
  13975  0.833   2  2009  291  20.77  55123.061   71.9   1.601e+00 
  13976  0.417   1  2009  291  21.10  55123.075   71.9   1.422e+00 
  14021  0.644   1  2009  292  19.86  55124.023   71.9   2.385e+00 
  14022  0.644   1  2009  292  20.21  55124.038   71.9   2.027e+00 
  14023  1.289   2  2009  292  20.73  55124.059   71.9   1.807e+00 
  14024  0.644   1  2009  292  21.36  55124.085   71.9   8.561e-01 
  14025  0.644   1  2009  292  21.70  55124.100   71.9   5.931e-01 
  14026  1.289   2  2009  292  22.23  55124.122   71.9   2.617e-01 
  14028  1.289   2  2009  292  23.19  55124.162   71.9   3.899e-02 
  14029  0.644   1  2009  292  23.71  55124.184   71.9  -2.744e-02 
  14030  0.644   1  2009  293   0.06  55124.198   71.9   1.154e-01 
  14032  0.889   2  2009  293   1.17  55124.244   71.9  -6.744e-03 
  14033  0.889   2  2009  293   1.68  55124.266   71.9   1.103e-01 
  14034  0.444   1  2009  293   2.41  55124.296   71.9   3.558e-01 
  14035  0.889   2  2009  293   2.79  55124.312   71.9   4.813e-01 
  14036  0.444   1  2009  293   3.18  55124.328   71.9   5.578e-01 
  14037  0.583   1  2009  293   3.70  55124.350   71.9   5.345e-01 
  14038  0.583   1  2009  293   4.01  55124.363   71.9   6.788e-01 
  14069  0.644   1  2009  293  19.79  55125.020   72.0   3.448e+00 
  14070  1.289   2  2009  293  20.31  55125.042   72.0   2.669e+00 
  14071  0.644   1  2009  293  20.83  55125.064   72.0   1.460e+00 
  14072  0.644   1  2009  293  21.44  55125.089   72.0   7.006e-01 
  14073  0.644   1  2009  293  21.79  55125.104   72.0   5.038e-01 
  14074  1.289   2  2009  293  22.31  55125.125   72.0   1.709e-01 
  14076  0.889   2  2009  293  23.26  55125.165   72.0   8.766e-02 
  14077  0.889   2  2009  293  23.78  55125.186   72.0   3.853e-02 
  14080  0.444   1  2009  294   1.29  55125.249   72.0   8.799e-02 
  14081  0.889   2  2009  294   1.67  55125.265   72.0   2.214e-01 
  14082  0.444   1  2009  294   2.06  55125.281   72.0   4.297e-01 
  14127  0.889   2  2009  295   0.69  55126.224   72.1  -1.562e-02 
  14128  0.889   2  2009  295   1.20  55126.246   72.1   1.061e-01 
  14129  0.889   2  2009  295   1.81  55126.271   72.1   1.406e-01 
  14130  0.889   2  2009  295   2.33  55126.293   72.1   4.129e-01 
  14132  0.583   1  2009  295   3.20  55126.329   72.1   1.355e+00 
  14133  0.583   1  2009  295   3.51  55126.342   72.1   1.111e+00 
  14134  0.583   1  2009  295   4.11  55126.367   72.1   4.515e-01 
  14175  1.000   1  2009  296   0.51  55127.217   72.1   1.808e-01 
  14178  0.667   1  2009  296   2.16  55127.286   72.1   1.467e+00 
  14179  0.667   1  2009  296   2.54  55127.301   72.1   1.143e+00 
  14220  1.000   1  2009  296  23.05  55128.156   72.1   1.561e-01 
  14225  0.667   1  2009  297   1.97  55128.277   72.1   6.612e-01 
  14229  0.333   1  2009  297   3.83  55128.355   72.1   5.252e-01 
  14261  0.333   1  2009  297  19.81  55129.021   72.1   4.203e+00 
  14317  1.000   1  2009  298  23.88  55130.191   72.1  -7.146e-02 
  14888  0.361   1  2009  310  21.31  55142.083   73.2   7.128e-01 
  14889  0.722   2  2009  310  21.73  55142.101   73.2   4.972e-01 
  14890  0.361   1  2009  310  22.15  55142.118   73.2   3.068e-01 
  14934  0.445   1  2009  311  20.03  55143.030   73.2   2.645e+00 
  14935  1.333   2  2009  311  20.76  55143.061   73.2   1.621e+00 
  14939  1.000   1  2009  311  22.88  55143.149   73.2   7.890e-01 
  14985  1.000   1  2009  312  22.00  55144.112   73.1   1.666e+00 
  14993  1.000   1  2009  313   1.79  55144.270   73.0   1.338e-01 
  15032  1.000   1  2009  313  21.37  55145.086   72.9   1.081e+00 
  15036  1.000   1  2009  313  23.41  55145.171   72.8   1.530e-01 
  15041  0.667   1  2009  314   1.82  55145.271   72.8   7.035e-01 
  15045  0.333   1  2009  314   3.51  55145.342   72.8   4.464e-01 
  15078  0.667   1  2009  314  20.38  55146.045   72.6   2.030e+00 
  15079  0.667   1  2009  314  20.76  55146.061   72.6   9.807e-01 
  15080  0.667   1  2009  314  21.15  55146.077   72.6   5.287e-01 
  15081  1.333   2  2009  314  21.72  55146.101   72.6   1.752e-01 
  15082  0.667   1  2009  314  22.30  55146.125   72.6   3.893e-01 
  15083  0.667   1  2009  314  22.69  55146.141   72.6   4.089e-01 
  15084  0.667   1  2009  314  23.07  55146.157   72.6   4.754e-02 
  15086  0.667   1  2009  315   0.49  55146.216   72.6   1.485e-01 
  15090  0.333   2  2009  315   2.36  55146.294   72.6   2.771e-01 
  15092  0.333   1  2009  315   3.34  55146.335   72.6   3.170e-02 
  15511  1.333   2  2009  323  20.79  55155.062   72.2   6.762e-01 
  15512  0.667   1  2009  323  21.34  55155.085   72.2   4.764e-01 
  15513  0.667   1  2009  323  21.70  55155.100   72.2   3.708e-01 
  15514  0.500   1  2009  323  22.23  55155.122   72.2   2.940e-01 
  15515  1.000   2  2009  323  22.65  55155.139   72.2   1.675e-01 
  15516  0.500   1  2009  323  23.07  55155.157   72.2   5.894e-02 
  15562  1.000   1  2009  324  22.23  55156.122   72.2   1.368e-01 
  15563  1.000   1  2009  324  22.76  55156.144   72.2   1.006e-01 
  15564  1.000   1  2009  324  23.28  55156.166   72.2   1.186e-01 
  15565  1.000   1  2009  324  23.81  55156.188   72.2   5.780e-02 
  15619  0.722   1  2009  326   2.96  55157.319   72.2   6.347e-01 
  15620  0.722   1  2009  326   3.37  55157.336   72.2   4.367e-01 
  15656  1.000   2  2009  326  21.27  55158.082   72.2   2.502e-01 
  15657  1.000   2  2009  326  21.82  55158.105   72.2   2.586e-01 
  15658  0.500   1  2009  326  22.24  55158.122   72.2   2.501e-01 
  15659  0.500   1  2009  326  22.51  55158.134   72.2  -2.372e-02 
  15660  0.911   1  2009  326  23.27  55158.165   72.2   1.568e-01 
  15661  0.911   1  2009  326  23.76  55158.186   72.2   7.161e-02 
  15662  0.911   1  2009  327   0.26  55158.206   72.2   1.042e-01 
  15663  0.911   1  2009  327   0.76  55158.227   72.2   6.703e-02 
  15665  1.111   2  2009  327   1.84  55158.272   72.2   1.372e-01 
  15667  1.000   2  2009  327   2.69  55158.308   72.2   2.435e-01 
  15709  1.000   2  2009  327  23.84  55159.189   72.1   2.556e-01 
  15751  0.839   1  2009  328  20.65  55160.056   72.1   1.929e+00 
  15752  0.839   1  2009  328  21.12  55160.075   72.1   1.478e+00 
  15753  0.839   1  2009  328  21.58  55160.095   72.1   5.819e-01 
  15754  0.556   1  2009  328  22.25  55160.123   72.1   1.360e-01 
  15755  1.111   2  2009  328  22.73  55160.143   72.1   1.162e-01 
  15756  0.433   1  2009  328  23.42  55160.171   72.1   9.499e-02 
  15757  0.867   2  2009  328  23.78  55160.186   72.0   1.819e-01 
  15758  0.433   1  2009  329   0.14  55160.201   72.0   6.060e-04 
  15761  0.450   1  2009  329   1.63  55160.263   72.0   1.958e-01 
  15762  0.450   1  2009  329   2.00  55160.279   72.0   4.084e-01 
  15763  0.900   2  2009  329   2.76  55160.311   72.0   6.211e-01 
  15764  0.900   2  2009  329   3.34  55160.335   72.0   1.046e+00 
  16229  1.000   1  2009  338  19.97  55170.028   72.6   1.809e+00 
  16230  1.000   1  2009  338  20.49  55170.049   72.6   1.196e+00 
  16232  1.000   1  2009  338  21.35  55170.085   72.6   7.813e-01 
  16278  0.833   1  2009  339  20.38  55171.045   72.8   8.602e-01 
  16279  0.833   1  2009  339  20.81  55171.063   72.8   4.852e-01 
  16280  0.361   1  2009  339  21.45  55171.089   72.8   1.256e-01 
  16281  0.722   2  2009  339  21.78  55171.103   72.8   3.511e-01 
  16282  0.361   1  2009  339  22.10  55171.116   72.8   1.083e-01 
  16329  1.000   1  2009  340  21.76  55172.102   73.0   2.841e-01 
  16330  1.000   1  2009  340  22.29  55172.124   73.0   1.334e-01 
  16470  0.833   1  2009  343  20.14  55175.035   73.8   1.734e+00 
  16471  0.833   1  2009  343  20.58  55175.053   73.8   1.143e+00 
  16566  0.361   1  2009  345  20.40  55177.046   74.0   2.110e+00 
  16567  0.722   2  2009  345  20.72  55177.059   74.0   1.579e+00 
  16568  0.361   1  2009  345  21.05  55177.073   74.0   1.185e+00 
  16710  0.833   1  2009  348  20.16  55180.035   74.4   1.911e+00 
  16711  0.833   1  2009  348  20.59  55180.053   74.4   1.135e+00 
  16771  0.333   2  2009  350   2.60  55181.304   74.5   1.074e+00 
  16772  0.333   2  2009  350   3.17  55181.328   74.5   5.393e-01 
  16806  0.367   3  2009  350  20.37  55182.044   74.6   1.411e+00 
  16807  0.489   4  2009  350  20.74  55182.060   74.6   8.116e-01 
  16854  1.000   3  2009  351  20.22  55183.038   74.8   1.400e+00 
  16855  0.333   1  2009  351  20.60  55183.054   74.8   7.530e-01 
  16856  1.000   3  2009  351  21.21  55183.079   74.8   3.672e-01 
  16857  0.333   1  2009  351  21.59  55183.095   74.8   2.909e-01 
  16858  0.667   2  2009  351  22.39  55183.128   74.8   7.258e-02 
  16859  0.667   2  2009  351  22.77  55183.144   74.9   2.637e-01 
  16860  0.667   2  2009  351  23.36  55183.169   74.9   2.692e-01 
  16861  0.667   2  2009  351  23.74  55183.185   74.9   4.206e-01 
  16862  0.667   2  2009  352   0.38  55183.212   74.9   7.464e-01 
  16863  0.667   2  2009  352   0.77  55183.228   74.9   8.224e-01 
  16902  1.000   3  2009  352  20.27  55184.040   75.1   1.426e+00 
  16903  0.333   1  2009  352  20.65  55184.056   75.1   9.489e-01 
  16904  1.000   3  2009  352  21.26  55184.081   75.1   5.674e-01 
  16905  0.333   1  2009  352  21.65  55184.097   75.1   4.136e-01 
  16906  0.333   1  2009  352  22.34  55184.126   75.1   4.883e-02 
  16907  1.000   3  2009  352  22.72  55184.142   75.1   1.067e-01 
  16908  0.667   2  2009  352  23.38  55184.170   75.1   1.130e-01 
  16909  0.667   2  2009  352  23.76  55184.186   75.1   1.325e-01 
  16910  0.667   2  2009  353   0.36  55184.211   75.1   1.384e-01 
  16911  0.667   2  2009  353   0.75  55184.227   75.1   1.650e-01 
  16912  0.333   1  2009  353   1.43  55184.255   75.1   2.149e-01 
  16913  0.333   1  2009  353   1.63  55184.263   75.1   2.304e-01 
  16916  0.333   2  2009  353   3.32  55184.334   75.1   1.416e+00 
  17048  0.500   1  2009  355  21.45  55187.089   75.6   1.394e+00 
  17050  1.000   2  2009  355  22.20  55187.121   75.6   4.238e-01 
  17051  1.000   2  2009  355  22.82  55187.146   75.6   4.075e-01 
  17052  0.500   1  2009  355  23.23  55187.163   75.6   1.835e-01 
  17055  1.333   2  2009  356   0.70  55187.225   75.6   3.650e-01 
  17056  0.667   1  2009  356   1.27  55187.249   75.6   4.865e-01 
  17057  0.667   1  2009  356   1.65  55187.264   75.6   4.927e-01 
  17058  0.667   1  2009  356   2.03  55187.280   75.6   4.908e-01 
  17059  0.667   1  2009  356   2.72  55187.309   75.6   2.913e-01 
  17060  1.333   2  2009  356   3.26  55187.331   75.6   1.720e-01 
  17061  0.667   1  2009  356   3.80  55187.354   75.6   1.921e-01 
  17097  0.750   3  2009  356  21.71  55188.100   75.6   3.621e-01 
  17098  0.500   2  2009  356  22.18  55188.120   75.6   2.024e-01 
  17099  1.000   2  2009  356  22.85  55188.148   75.6   1.123e-01 
  17100  0.500   1  2009  356  23.26  55188.165   75.6   2.211e-02 
  17101  0.500   1  2009  356  23.54  55188.176   75.6   6.328e-02 
  17105  0.400   1  2009  357   1.96  55188.277   75.6   1.096e-01 
  17106  0.333   1  2009  357   2.32  55188.292   75.6   5.348e-01 
  17107  1.000   2  2009  357   2.78  55188.311   75.6   5.262e-01 
  17108  0.667   1  2009  357   3.27  55188.332   75.6   6.795e-01 
  17109  1.333   2  2009  357   3.81  55188.354   75.6   7.676e-01 
  17143  0.500   1  2009  357  20.78  55189.061   75.7   9.399e-01 
  17144  1.000   2  2009  357  21.20  55189.079   75.7   5.348e-01 
  17145  1.000   2  2009  357  21.80  55189.104   75.7   4.224e-01 
  17146  0.500   1  2009  357  22.27  55189.124   75.7   2.152e-01 
  17147  1.000   2  2009  357  22.68  55189.141   75.7   2.945e-01 
  17148  1.000   2  2009  357  23.35  55189.169   75.7   3.218e-01 
  17149  0.500   1  2009  357  23.76  55189.186   75.7   4.193e-01 
  17150  0.500   1  2009  358   0.04  55189.197   75.7   3.808e-01 
  17152  1.000   2  2009  358   1.25  55189.248   75.8   4.704e-01 
  17153  1.000   2  2009  358   1.80  55189.271   75.8   3.809e-01 
  17154  1.000   2  2009  358   2.35  55189.294   75.8   4.202e-01 
  17155  0.333   1  2009  358   2.82  55189.313   75.8   5.062e-01 
  17156  1.000   2  2009  358   3.26  55189.331   75.8   4.371e-01 
  17157  0.667   1  2009  358   3.74  55189.351   75.8   4.297e-01 
  17200  1.500   1  2009  359   1.10  55190.241   75.9   1.852e-01 
  17204  0.650   3  2009  359   3.32  55190.334   75.9   6.285e-01 
  17205  0.561   2  2009  359   3.69  55190.349   75.9   4.424e-01 
  17722  1.083   3  2010    4  22.27  55201.123   77.6   3.090e-01 
  17723  0.361   1  2010    4  22.70  55201.141   77.6   2.169e-01 
  17768  0.400   2  2010    5  21.33  55202.084   77.7   1.406e+00 
  17911  0.722   2  2010    8  20.70  55205.058   78.3   3.757e+00 
  18054  0.722   2  2010   11  20.23  55208.038   79.1   2.514e+00 
  18055  0.361   1  2010   11  20.55  55208.052   79.1   1.552e+00 
  18107  1.000   1  2010   12  22.71  55209.142   79.3   1.638e-01 
  18108  1.000   1  2010   12  23.24  55209.164   79.3   1.504e-01 
  18109  1.000   1  2010   12  23.94  55209.193   79.3   2.265e-01 
  18110  1.000   1  2010   13   0.47  55209.215   79.3   3.712e-01 
  18112  1.000   1  2010   13   1.29  55209.249   79.3   3.299e-01 
  18113  1.000   1  2010   13   1.82  55209.271   79.3   3.374e-01 
  18163  1.000   1  2010   14   2.69  55210.308   79.4   6.761e-01 
  18164  1.000   1  2010   14   3.22  55210.330   79.4   6.954e-01 
  18253  2.000   1  2010   15  23.94  55212.193   79.3   1.111e-01 
  18255  1.000   1  2010   16   0.97  55212.236   79.3   2.281e-01 
  18256  1.000   1  2010   16   1.50  55212.258   79.3   3.934e-01 
  18258  1.000   1  2010   16   2.31  55212.292   79.3   7.778e-01 
  18259  1.000   1  2010   16   2.83  55212.314   79.3   1.166e+00 
  18294  0.333   2  2010   16  20.22  55213.038   79.2   8.149e-01 
  18297  0.333   1  2010   16  21.94  55213.110   79.2   4.554e-01 
  18298  0.667   2  2010   16  22.23  55213.122   79.2   3.649e-01 
  18299  0.333   1  2010   16  22.88  55213.149   79.2   1.405e-01 
  18300  0.667   2  2010   16  23.17  55213.161   79.2   1.577e-01 
  18301  0.333   1  2010   16  23.93  55213.193   79.2   2.230e-01 
  18302  0.667   2  2010   17   0.22  55213.205   79.2   6.783e-02 
  18304  1.000   1  2010   17   1.11  55213.242   79.2   2.650e-01 
  18305  1.000   1  2010   17   1.63  55213.264   79.2   2.896e-01 
  18306  1.000   1  2010   17   2.37  55213.294   79.2   5.349e-01 
  18307  1.000   1  2010   17   2.90  55213.316   79.2   4.185e-01 
  18349  0.400   2  2010   17  23.58  55214.178   79.2   2.736e-01 
  18350  0.583   2  2010   18   0.09  55214.199   79.2   1.469e-01 
  18352  0.700   3  2010   18   1.19  55214.245   79.2   2.141e-01 
  18354  0.600   2  2010   18   2.27  55214.290   79.2   4.022e-01 
  18355  0.600   2  2010   18   2.61  55214.304   79.2   6.214e-01 
  18357  0.883   3  2010   18   3.71  55214.350   79.2   1.304e+00 
  18393  0.500   2  2010   18  21.92  55215.109   79.3   7.490e-01 
  18401  0.556   4  2010   19   1.81  55215.271   79.3   6.053e-01 
  18402  0.428   2  2010   19   2.28  55215.291   79.3   4.663e-01 
  18403  0.339   2  2010   19   2.71  55215.308   79.3   7.533e-01 
  18404  0.378   3  2010   19   3.20  55215.329   79.3   9.312e-01 
  18439  0.494   2  2010   19  20.66  55216.056   79.2   3.414e+00 
  18440  0.833   1  2010   19  21.46  55216.090   79.2   1.390e+00 
  18442  0.556   2  2010   19  22.36  55216.127   79.2   8.081e-01 
  18448  0.444   1  2010   20   1.46  55216.257   79.2   8.926e-01 
  18449  0.444   1  2010   20   1.71  55216.267   79.2   8.636e-01 
  18452  0.389   1  2010   20   3.04  55216.322   79.2   7.116e-01 
  18453  0.533   4  2010   20   3.74  55216.352   79.2   7.291e-01 
  18487  0.981   1  2010   20  20.59  55217.053   79.1   1.664e+00 
  18488  0.981   1  2010   20  21.13  55217.076   79.1   9.431e-01 
  18490  0.981   1  2010   20  22.04  55217.114   79.1   1.631e-01 
  18491  0.981   1  2010   20  22.56  55217.135   79.1   1.479e-01 
  18492  0.869   1  2010   20  23.26  55217.165   79.1   1.140e-01 
  18493  0.869   1  2010   20  23.72  55217.184   79.1   3.189e-01 
  18494  0.869   1  2010   21   0.19  55217.203   79.1   3.294e-01 
  18495  0.869   1  2010   21   0.65  55217.223   79.1   2.371e-01 
  18496  0.981   1  2010   21   1.36  55217.252   79.1   3.240e-01 
  18497  0.981   1  2010   21   1.88  55217.274   79.1   3.353e-01 
  18498  0.981   1  2010   21   2.39  55217.295   79.1   2.755e-01 
  18499  0.981   1  2010   21   2.91  55217.317   79.1   1.356e-01 
  18500  0.647   1  2010   21   3.42  55217.338   79.1   2.018e-01 
  18501  0.647   1  2010   21   3.77  55217.353   79.1   2.110e-01 
  18541  0.900   1  2010   21  23.58  55218.178   79.0   6.934e-02 
  18542  0.900   1  2010   22   0.06  55218.198   79.0   1.253e-01 
  18543  0.444   1  2010   22   0.83  55218.230   79.0   3.324e-02 
  18544  0.889   2  2010   22   1.22  55218.246   79.0   1.144e-01 
  18545  0.889   2  2010   22   1.73  55218.268   79.0   1.866e-01 
  18546  0.889   2  2010   22   2.25  55218.289   79.0   7.451e-02 
  18547  0.444   1  2010   22   2.63  55218.305   79.0   1.582e-01 
  18548  0.889   2  2010   22   3.26  55218.331   79.0   1.836e-01 
  18549  0.889   2  2010   22   3.77  55218.353   79.0   4.915e-01 
  18550  0.889   2  2010   22   4.29  55218.374   79.0   4.897e-01 
  18587  0.444   1  2010   22  22.79  55219.145   78.9   5.992e-02 
  18588  0.889   2  2010   22  23.17  55219.161   78.9   6.170e-02 
  18589  0.889   2  2010   22  23.69  55219.183   78.9   2.238e-02 
  18590  0.889   2  2010   23   0.20  55219.204   78.9   1.009e-01 
  18591  0.444   1  2010   23   0.59  55219.220   78.9   2.855e-02 
  18592  1.661   1  2010   23   1.45  55219.256   78.9   5.530e-01 
  18594  1.661   1  2010   23   2.33  55219.292   78.9   8.841e-01 
  18596  0.889   2  2010   23   3.29  55219.333   78.9   1.040e+00 
  18597  0.889   2  2010   23   3.80  55219.354   78.9   8.620e-01 
  18598  0.444   1  2010   23   4.19  55219.370   78.9   6.931e-01 
  18634  1.994   1  2010   23  22.16  55220.119   78.8   1.610e-01 
  18636  1.994   1  2010   23  23.29  55220.166   78.9   7.966e-02 
  18638  1.994   1  2010   24   0.33  55220.209   78.9   1.457e-01 
  18640  1.994   1  2010   24   1.46  55220.256   78.9   2.164e-01 
  18642  1.994   1  2010   24   2.50  55220.300   78.9   1.825e-01 
  18645  1.994   1  2010   24   3.61  55220.346   78.9   2.769e-01 
  18686  0.444   1  2010   25   0.36  55221.210   79.0   2.979e-01 
  18687  0.889   2  2010   25   0.74  55221.227   79.0   3.263e-01 
  18688  0.889   2  2010   25   1.26  55221.248   79.0   4.848e-01 
  18689  0.889   2  2010   25   1.77  55221.269   79.0   6.819e-01 
  18690  0.444   1  2010   25   2.45  55221.298   79.0   6.057e-01 
  18691  0.889   2  2010   25   2.83  55221.314   79.0   5.370e-01 
  18692  0.889   2  2010   25   3.35  55221.335   79.0   6.545e-01 
  18693  0.889   2  2010   25   3.86  55221.356   79.0   7.105e-01 
  18694  0.444   1  2010   25   4.24  55221.372   79.0   5.378e-01 
  19352  0.722   2  2010   38  21.33  55235.084   81.4   1.122e+00 
  19353  0.722   2  2010   38  21.79  55235.104   81.4   7.289e-01 
  19356  1.500   1  2010   38  23.38  55235.170   81.4   3.321e-01 
  19358  1.500   1  2010   39   0.16  55235.202   81.4   6.593e-01 
  19359  1.500   1  2010   39   0.93  55235.234   81.4   8.320e-01 
  19361  1.500   1  2010   39   1.71  55235.267   81.4   1.846e+00 
  19411  0.914   7  2010   40   2.77  55236.311   81.5   1.858e+00 
  19412  0.783   6  2010   40   3.25  55236.331   81.5   1.184e+00 
  19413  0.914   7  2010   40   3.73  55236.351   81.5   6.810e-01 
  19453  0.617   6  2010   40  23.75  55237.185   81.7   4.287e-01 
  19454  0.719   7  2010   41   0.25  55237.206   81.7   4.851e-01 
  19455  0.822   8  2010   41   0.74  55237.226   81.7   8.397e-01 
  19456  0.411   4  2010   41   1.13  55237.243   81.7   8.523e-01 
  19497  0.333   1  2010   41  21.92  55238.109   81.9   4.353e-01 
  19498  0.667   2  2010   41  22.21  55238.121   81.9   4.776e-01 
  19506  0.989   1  2010   42   2.50  55238.300   82.0   5.266e-01 
  19508  0.989   1  2010   42   3.02  55238.321   82.0   3.489e-01 
  19509  0.989   1  2010   42   3.62  55238.346   82.0   1.927e-01 
  19510  0.989   1  2010   42   4.14  55238.368   82.0   1.499e-01 
  19687  1.500   1  2010   45  20.68  55242.057   82.9   2.684e+00 
  19688  0.667   1  2010   45  21.41  55242.087   82.9   1.150e+00 
  19690  1.500   1  2010   45  22.27  55242.123   82.9   3.479e-01 
  19692  1.167   1  2010   45  23.12  55242.159   82.9   1.499e-01 
  19694  1.500   1  2010   46   0.18  55242.203   82.9   1.320e-01 
  19695  1.500   1  2010   46   0.96  55242.235   82.9   1.828e-01 
  19697  1.500   1  2010   46   1.73  55242.268   82.9   3.582e-01 
  19699  1.167   1  2010   46   2.60  55242.304   82.9   3.297e-01 
  19700  0.833   1  2010   46   3.38  55242.337   82.9   2.968e-01 
  19701  0.833   1  2010   46   3.91  55242.359   82.9   3.006e-01 
  19734  0.500   1  2010   46  20.35  55243.044   83.0   1.834e+00 
  19735  0.700   3  2010   46  20.70  55243.058   83.0   1.838e+00 
  19736  1.000  10  2010   46  21.25  55243.081   83.0   2.140e+00 
  19745  1.000   2  2010   47   1.67  55243.265   83.1   1.839e+00 
  19746  1.000   2  2010   47   2.27  55243.290   83.1   2.690e+00 
  19749  1.000   1  2010   47   3.88  55243.357   83.1   9.755e-01 
  19792  0.400   4  2010   48   1.40  55244.254   83.2   5.405e-01 
  19793  0.700   7  2010   48   1.76  55244.269   83.2   5.272e-01 
  19794  0.800   8  2010   48   2.24  55244.289   83.2   1.060e+00 
  19795  0.800   8  2010   48   2.75  55244.310   83.2   1.609e+00 
  19797  1.000   1  2010   48   3.63  55244.347   83.2   1.249e+00 
  19798  1.000   1  2010   48   4.16  55244.369   83.2   1.434e+00 
  19830  0.800   8  2010   48  20.26  55245.040   83.4   9.302e-01 
  19831  0.700   7  2010   48  20.74  55245.060   83.4   1.501e+00 
  19832  0.800   8  2010   48  21.23  55245.080   83.4   1.419e+00 
  19833  0.600   6  2010   48  21.67  55245.099   83.4   1.279e+00 
  19834  1.000   2  2010   48  22.30  55245.125   83.4   8.799e-01 
  19835  0.500   1  2010   48  22.70  55245.141   83.4   4.858e-01 
  19836  1.000   2  2010   48  23.32  55245.167   83.4   3.281e-01 
  19837  0.500   1  2010   48  23.72  55245.184   83.4   3.731e-01 
  19838  0.500   1  2010   49   0.37  55245.211   83.4   7.083e-01 
  19839  1.000   2  2010   49   0.76  55245.227   83.4   8.315e-01 
  19840  0.500   1  2010   49   1.44  55245.256   83.5   1.479e+00 
  19841  1.000   2  2010   49   1.84  55245.272   83.5   2.394e+00 
  19842  0.500   1  2010   49   2.48  55245.299   83.5   3.647e+00 
  19843  0.500   1  2010   49   2.75  55245.310   83.5   3.223e+00 
  19844  0.500   1  2010   49   3.01  55245.321   83.5   2.511e+00 
  19926  0.800   8  2010   50  20.23  55247.039   83.7   1.798e+00 
  19927  0.600   6  2010   50  20.68  55247.057   83.7   1.858e+00 
  19929  0.667   1  2010   50  21.99  55247.112   83.7   1.342e+00 
  19930  0.667   1  2010   50  22.35  55247.127   83.7   1.130e+00 
  19931  0.667   1  2010   50  22.71  55247.142   83.7   9.419e-01 
  19932  0.667   1  2010   50  23.07  55247.157   83.7   6.736e-01 
  19974  0.800   8  2010   51  20.24  55248.039   83.4   1.790e+00 
  19975  0.400   4  2010   51  20.63  55248.055   83.4   2.054e+00 
  20028  0.667   2  2010   52  23.38  55249.170   82.9   1.390e+00 
  20029  0.333   2  2010   52  23.70  55249.183   82.9   1.317e+00 
  20030  0.500   1  2010   53   0.29  55249.208   82.9   1.662e+00 
  20031  1.000   2  2010   53   0.71  55249.225   82.9   1.625e+00 
  20032  0.500   1  2010   53   1.15  55249.243   82.9   1.338e+00 
  20033  0.600   6  2010   53   1.78  55249.270   82.9   4.183e-01 
  20034  0.800   8  2010   53   2.23  55249.288   82.9   3.363e-01 
  20035  0.800   8  2010   53   2.75  55249.310   82.8   5.971e-01 
  20036  0.800   8  2010   53   3.26  55249.331   82.8   9.970e-01 
  20037  0.600   6  2010   53   3.81  55249.354   82.8   1.063e+00 
  20038  0.800   8  2010   53   4.26  55249.373   82.8   1.035e+00 
  20072  0.333   1  2010   53  21.43  55250.089   82.4   2.604e+00 
  20073  0.667   2  2010   53  21.72  55250.101   82.4   2.195e+00 
  20074  0.333   1  2010   53  22.01  55250.113   82.4   1.610e+00 
  20075  1.000   2  2010   53  22.66  55250.140   82.4   1.961e+00 
  20076  1.000   2  2010   53  23.21  55250.163   82.4   1.201e+00 
  20077  0.333   2  2010   53  23.71  55250.183   82.4   6.696e-01 
  20078  0.667   2  2010   54   0.15  55250.202   82.3   1.275e+00 
  20082  0.667   2  2010   54   2.31  55250.292   82.3   1.935e+00 
  20083  0.667   2  2010   54   2.74  55250.310   82.3   1.881e+00 
  20084  1.000   3  2010   54   3.27  55250.332   82.3   1.285e+00 
  20085  0.667   2  2010   54   3.81  55250.354   82.3   9.232e-01 
  20086  0.667   2  2010   54   4.24  55250.372   82.3   8.968e-01 
  20087  0.333   1  2010   54   4.56  55250.386   82.3   8.803e-01 
  20132  2.000   1  2010   55   3.25  55251.331   81.8   8.651e-01 
  20552  0.333   1  2010   63  21.23  55260.080   81.0   2.327e+00 
  20553  0.333   1  2010   63  21.81  55260.104   81.0   2.087e+00 
  20751  0.989   1  2010   68   0.95  55264.235   81.3   5.612e-01 
  20752  0.989   1  2010   68   1.47  55264.257   81.3   9.532e-01 
  20754  0.989   1  2010   68   2.30  55264.291   81.3   1.990e+00 
  20755  0.989   1  2010   68   2.82  55264.313   81.3   2.619e+00 
  20757  1.000   1  2010   68   3.67  55264.349   81.3   1.971e+00 
  20758  1.000   1  2010   68   4.20  55264.371   81.3   8.429e-01 
  20798  2.000   1  2010   69   0.25  55265.206   81.3   2.007e-01 
  20801  1.000   1  2010   69   1.76  55265.269   81.3   2.036e+00 
  20802  1.000   1  2010   69   2.29  55265.291   81.3   3.877e+00 
  20804  1.000   1  2010   69   3.26  55265.332   81.3   2.580e+00 
  20805  1.000   1  2010   69   3.79  55265.354   81.3   1.452e+00 
  20848  0.499   1  2010   70   1.20  55266.246   81.4   1.624e-01 
  20895  1.000   1  2010   71   0.54  55267.218   81.6   4.247e-01 
  20896  1.000   1  2010   71   1.07  55267.240   81.6   1.505e+00 
  20897  0.508   1  2010   71   1.80  55267.271   81.6   4.668e+00 
  20939  2.000   1  2010   71  22.72  55268.142   81.8   1.735e-01 
  20941  2.000   1  2010   71  23.95  55268.194   81.9   9.247e-02 
  21043  0.500   3  2010   74   2.81  55270.313   82.6   2.645e+00 
  21094  0.667   2  2010   75   4.23  55271.372   82.9   5.794e-01 
  21095  0.667   2  2010   75   4.62  55271.388   82.9   5.260e-01 
  21126  0.667   1  2010   75  20.45  55272.048   83.0   4.160e+00 
  21127  0.667   1  2010   75  20.81  55272.063   83.0   3.143e+00 
  21128  0.667   1  2010   75  21.17  55272.077   83.0   1.917e+00 
  21129  0.667   1  2010   75  21.98  55272.111   83.0   9.015e-01 
  21131  0.667   1  2010   75  22.93  55272.151   83.0   7.191e-01 
  21138  1.000   3  2010   76   2.22  55272.288   83.1   6.029e-01 
  21139  0.333   1  2010   76   2.65  55272.306   83.1   7.607e-01 
  21140  0.333   1  2010   76   3.41  55272.338   83.1   9.133e-01 
  21141  0.667   2  2010   76   3.73  55272.351   83.1   9.595e-01 
  21142  0.333   1  2010   76   4.05  55272.364   83.1   9.226e-01 
  21143  0.667   2  2010   76   4.71  55272.392   83.1   1.084e+00 
  21173  1.000   1  2010   76  19.89  55273.024   83.1   4.509e+00 
  21174  1.000   1  2010   76  20.41  55273.046   83.1   3.384e+00 
  21176  1.000   1  2010   76  21.12  55273.076   83.1   2.417e+00 
  21177  1.000   1  2010   76  21.65  55273.098   83.1   1.754e+00 
  21178  1.000   1  2010   76  22.17  55273.120   83.1   9.298e-01 
  21179  1.000   1  2010   76  22.70  55273.141   83.1   8.090e-01 
  21180  1.000   1  2010   76  23.36  55273.169   83.1   1.250e+00 
  21181  1.000   1  2010   76  23.89  55273.191   83.1   1.841e+00 
  21185  1.000   1  2010   77   1.75  55273.268   83.1   1.384e+00 
  21186  1.000   1  2010   77   2.28  55273.290   83.1   2.012e+00 
  21187  1.000   1  2010   77   2.80  55273.312   83.1   3.233e+00 
  21188  1.000   1  2010   77   3.33  55273.334   83.1   2.956e+00 
  21189  0.333   1  2010   77   3.88  55273.357   83.1   1.099e+00 
  21190  0.333   1  2010   77   4.10  55273.366   83.1   6.532e-01 
  21191  0.667   2  2010   77   4.63  55273.388   83.1   3.641e-01 
  21221  0.333   1  2010   77  19.85  55274.023   83.2   5.525e+00 
  21222  1.000   3  2010   77  20.24  55274.039   83.2   5.398e+00 
  21233  0.333   1  2010   78   1.88  55274.274   83.2   7.183e-01 
  21234  0.333   1  2010   78   2.07  55274.282   83.2   1.100e+00 
  21236  0.667   2  2010   78   3.33  55274.334   83.2   3.125e+00 
  21237  0.667   2  2010   78   3.75  55274.352   83.2   2.049e+00 
  21238  0.333   1  2010   78   4.35  55274.377   83.2   5.953e-01 
  21239  0.333   1  2010   78   4.56  55274.386   83.2   4.019e-01 
  21269  1.083   3  2010   78  19.74  55275.018   83.2   4.483e+00 
  21270  0.361   1  2010   78  20.20  55275.037   83.2   4.678e+00 
  21274  1.000   1  2010   78  22.49  55275.133   83.2   6.929e-01 
  21276  1.000   1  2010   78  23.02  55275.155   83.2   6.019e-01 
  21277  1.000   1  2010   78  23.54  55275.176   83.2   5.404e-01 
  21278  1.000   1  2010   79   0.14  55275.201   83.2   5.328e-01 
  21279  1.000   1  2010   79   0.67  55275.223   83.2   5.040e-01 
  21280  1.000   1  2010   79   1.19  55275.245   83.2   3.926e-01 
  21282  1.000   1  2010   79   2.10  55275.283   83.2   1.159e+00 
  21283  1.000   1  2010   79   2.63  55275.305   83.2   1.463e+00 
  21284  1.000   1  2010   79   3.15  55275.327   83.2   2.134e+00 
  21285  0.833   1  2010   79   3.68  55275.349   83.2   2.671e+00 
  21286  0.833   1  2010   79   4.12  55275.367   83.2   1.804e+00 
  21287  0.833   1  2010   79   4.56  55275.386   83.2   9.123e-01 
  21316  0.361   1  2010   79  19.40  55276.004   83.2   2.773e+00 
  21317  0.722   2  2010   79  19.75  55276.018   83.2   2.720e+00 
  21318  0.361   1  2010   79  20.10  55276.033   83.2   2.374e+00 
  21320  0.333   1  2010   79  21.50  55276.091   83.2   2.545e+00 
  21321  0.333   1  2010   79  21.69  55276.099   83.2   2.465e+00 
  21365  0.556   1  2010   80  19.91  55277.025   83.3   4.611e+00 
  21366  0.778   1  2010   80  20.35  55277.043   83.3   3.765e+00 
  21382  0.467   2  2010   81   4.35  55277.377   83.3   2.469e-01 
  21383  0.467   2  2010   81   4.64  55277.389   83.3   1.400e-01 
  21414  0.361   1  2010   81  20.35  55278.043   83.4   3.493e+00 
  21415  0.722   2  2010   81  20.69  55278.058   83.4   2.851e+00 
  21416  0.361   1  2010   81  21.04  55278.072   83.4   2.178e+00 
  21417  1.000   2  2010   81  21.72  55278.101   83.4   8.603e-01 
  21418  1.000   2  2010   81  22.32  55278.125   83.4   3.369e-01 
  21420  0.500   1  2010   81  23.26  55278.165   83.4   3.101e-01 
  21421  1.000   2  2010   81  23.71  55278.183   83.4   2.131e-01 
  21422  0.500   1  2010   82   0.15  55278.202   83.4   1.442e-01 
  21423  1.000   2  2010   82   0.67  55278.223   83.4   1.944e-01 
  21424  1.000   2  2010   82   1.26  55278.248   83.4   3.083e-01 
  21462  0.722   2  2010   82  20.30  55279.041   83.4   4.088e+00 
  21463  0.722   2  2010   82  20.76  55279.061   83.4   3.525e+00 
  21474  1.222   2  2010   83   2.21  55279.288   83.4   2.198e+00 
  21475  0.611   1  2010   83   2.73  55279.309   83.4   3.171e+00 
  21477  1.000   3  2010   83   3.74  55279.352   83.4   2.143e+00 
  21478  0.500   2  2010   83   4.26  55279.373   83.4   1.285e+00 
  21479  0.500   3  2010   83   4.69  55279.391   83.4   5.526e-01 
  21520  1.111   2  2010   84   1.23  55280.247   83.3   2.079e-01 
  21522  1.000   1  2010   84   2.13  55280.284   83.3   2.587e-01 
  21523  1.000   1  2010   84   2.66  55280.306   83.3   2.068e-01 
  21570  1.000   1  2010   85   2.14  55281.285   82.9   9.254e-01 
  21571  1.000   1  2010   85   2.82  55281.313   82.9   1.512e+00 
  21572  1.000   1  2010   85   3.35  55281.335   82.9   1.343e+00 
  21942  0.744   2  2010   92  20.39  55289.045   79.8   4.506e+00 
  21943  0.744   2  2010   92  20.82  55289.063   79.8   4.094e+00 
  22038  0.833   5  2010   94  20.24  55291.039   79.2   5.526e+00 
  22039  0.667   4  2010   94  20.75  55291.060   79.2   4.661e+00 
  22040  0.833   5  2010   94  21.25  55291.081   79.2   3.662e+00 
  22041  0.500   3  2010   94  21.74  55291.102   79.2   2.842e+00 
  22042  0.667   4  2010   94  22.22  55291.122   79.2   3.508e+00 
  22043  0.833   5  2010   94  22.73  55291.143   79.2   4.195e+00 
  22044  0.667   4  2010   94  23.23  55291.164   79.2   3.615e+00 
  22045  0.333   2  2010   94  23.57  55291.178   79.2   3.085e+00 
  22085  0.444   2  2010   95  19.62  55292.013   78.9   5.582e+00 
  22088  1.000   2  2010   95  21.20  55292.079   78.9   3.865e+00 
  22089  1.000   2  2010   95  21.80  55292.104   78.9   4.303e+00 
  22090  0.333   1  2010   95  22.30  55292.125   78.9   3.717e+00 
  22091  0.333   1  2010   95  22.51  55292.134   78.9   4.130e+00 
  22092  0.333   1  2010   95  23.41  55292.171   78.9   3.903e+00 
  22093  0.333   1  2010   95  23.60  55292.179   78.9   3.471e+00 
  22094  0.500   1  2010   96   0.11  55292.200   78.9   2.249e+00 
  22136  0.500   1  2010   96  21.41  55293.088   78.7   2.727e+00 
  22137  0.500   1  2010   96  21.71  55293.100   78.7   3.695e+00 
  22138  1.000   2  2010   96  22.15  55293.119   78.7   2.361e+00 
  22141  1.000   2  2010   96  23.81  55293.188   78.6   2.320e+00 
  22142  0.500   1  2010   97   0.25  55293.206   78.6   3.108e+00 
  22143  0.500   1  2010   97   0.55  55293.219   78.6   3.014e+00 
  22148  0.333   1  2010   97   3.23  55293.330   78.6   2.997e+00 
  22149  0.333   2  2010   97   3.70  55293.350   78.6   3.881e+00 
  22150  0.600   3  2010   97   4.21  55293.371   78.6   2.909e+00 
  22151  0.800   3  2010   97   4.75  55293.394   78.6   2.404e+00 
  22186  2.000   1  2010   97  22.19  55294.120   78.3   3.305e+00 
  22190  2.000   1  2010   98   0.48  55294.215   78.3   6.152e-01 
  22193  2.000   1  2010   98   1.59  55294.262   78.3   6.172e-01 
  22228  1.667   1  2010   98  19.47  55295.007   78.0   7.124e+00 
  22245  2.000   1  2010   99   3.59  55295.345   77.9   1.405e+00 
  22277  2.000   1  2010   99  19.56  55296.011   77.7   5.734e+00 
  22279  2.000   1  2010   99  20.79  55296.062   77.7   4.632e+00 
  22281  2.000   1  2010   99  21.91  55296.109   77.6   3.619e+00 
  22295  2.000   1  2010  100   4.70  55296.391   77.5   1.189e+00 
  22324  1.000   3  2010  100  19.30  55297.000   77.2   9.234e+00 
  22325  0.333   1  2010  100  19.69  55297.016   77.2   8.050e+00 
  22329  0.667   2  2010  100  21.60  55297.096   77.2   2.486e+00 
  22339  0.667   2  2010  101   2.80  55297.312   77.1   1.435e+00 
  22340  0.667   2  2010  101   3.20  55297.329   77.1   2.503e+00 
  22481  1.500   2  2010  104   1.73  55300.268   76.4   9.432e-01 
  22517  0.673   3  2010  104  19.78  55301.020   76.3   3.001e+00 
  22518  0.449   2  2010  104  20.13  55301.034   76.3   3.732e+00 
  22519  0.506   2  2010  104  20.65  55301.056   76.3   1.545e+00 
  22527  0.333   1  2010  105   0.90  55301.233   76.2   1.081e+00 
  22528  0.333   1  2010  105   1.10  55301.241   76.2   9.704e-01 
  22530  1.111   2  2010  105   2.24  55301.289   76.2   2.467e-01 
  22531  0.556   1  2010  105   2.73  55301.309   76.2   1.987e-01 
  22532  0.556   1  2010  105   3.05  55301.323   76.2   6.171e-01 
  22575  1.000   1  2010  106   0.53  55302.217   76.2   4.327e-01 
  22576  1.000   1  2010  106   1.05  55302.239   76.2   3.426e-01 
  22577  0.400   4  2010  106   1.84  55302.272   76.2   1.036e+00 
  22578  0.800   8  2010  106   2.23  55302.288   76.2   1.548e+00 
  22579  0.700   7  2010  106   2.75  55302.310   76.2   1.926e+00 
  22580  0.700   7  2010  106   3.26  55302.331   76.2   1.998e+00 
  22581  0.700   7  2010  106   3.73  55302.351   76.2   1.451e+00 
  22582  0.800   8  2010  106   4.27  55302.373   76.2   1.008e+00 
  22583  0.700   7  2010  106   4.76  55302.394   76.2   9.861e-01 
  22659  0.361   1  2010  107  18.96  55303.985   76.3   5.916e+00 
  22660  0.722   2  2010  107  19.31  55304.000   76.3   4.540e+00 
  22661  0.722   2  2010  107  19.80  55304.020   76.3   4.186e+00 
  22662  0.613   2  2010  107  20.31  55304.042   76.3   3.349e+00 
  22663  0.361   1  2010  107  20.66  55304.056   76.3   2.622e+00 
  22676  0.500   1  2010  108   3.32  55304.334   76.3   1.419e+00 
  22677  0.500   1  2010  108   3.60  55304.345   76.3   1.108e+00 
  22678  1.000   1  2010  108   4.28  55304.374   76.3   5.449e-01 
  22679  1.000   1  2010  108   4.81  55304.396   76.3   4.358e-01 
  22720  1.333   2  2010  109   1.20  55305.246   76.4   2.614e-01 
  22721  0.667   1  2010  109   1.74  55305.268   76.4   5.605e-01 
  22722  0.667   1  2010  109   2.10  55305.283   76.4   9.024e-01 
  22723  0.700   7  2010  109   2.79  55305.312   76.4   1.392e+00 
  22724  0.700   7  2010  109   3.25  55305.331   76.4   1.080e+00 
  22725  0.700   7  2010  109   3.75  55305.352   76.4   7.541e-01 
  22726  0.800   8  2010  109   4.26  55305.373   76.4   3.894e-01 
  22727  0.400   4  2010  109   4.71  55305.392   76.4   2.383e-01 
  22756  0.500   1  2010  109  19.41  55306.004   76.4   3.402e+00 
  22757  0.500   1  2010  109  19.71  55306.017   76.4   3.561e+00 
  22758  0.500   1  2010  109  20.00  55306.029   76.4   2.795e+00 
  22761  0.500   1  2010  109  21.94  55306.110   76.4   1.888e+00 
  22762  0.500   1  2010  109  22.24  55306.122   76.4   2.176e+00 
  22764  1.000   1  2010  109  23.41  55306.171   76.5   1.929e+00 
  22765  1.000   1  2010  109  23.94  55306.193   76.5   1.006e+00 
  22767  1.000   1  2010  110   0.52  55306.217   76.5   4.151e-01 
  22768  1.000   1  2010  110   1.04  55306.239   76.5   3.048e-01 
  22772  0.667   1  2010  110   3.29  55306.333   76.5   1.784e+00 
  22773  0.667   1  2010  110   3.65  55306.348   76.5   1.485e+00 
  22774  1.333   2  2010  110   4.19  55306.370   76.5   6.971e-01 
  22809  0.500   1  2010  110  21.79  55307.104   76.6   2.151e+00 
  22810  1.000   2  2010  110  22.28  55307.124   76.6   2.967e+00 
  22811  0.500   1  2010  110  22.77  55307.144   76.6   2.679e+00 
  22813  0.500   1  2010  110  23.84  55307.189   76.6   8.171e-01 
  22814  1.000   2  2010  111   0.32  55307.209   76.6   4.932e-01 
  22815  0.500   1  2010  111   0.79  55307.229   76.6   3.209e-01 
  22816  0.500   1  2010  111   1.29  55307.250   76.6   4.081e-01 
  22817  1.000   2  2010  111   1.78  55307.270   76.7   3.031e-01 
  22818  0.500   1  2010  111   2.26  55307.290   76.7   2.844e-01 
  22819  0.500   1  2010  111   2.90  55307.316   76.7   5.994e-01 
  22820  0.500   1  2010  111   3.20  55307.329   76.7   8.281e-01 
  22821  0.667   1  2010  111   3.70  55307.350   76.7   1.854e+00 
  22822  1.333   2  2010  111   4.24  55307.372   76.7   1.064e+00 
  22823  0.667   1  2010  111   4.78  55307.395   76.7   5.379e-01 
  22860  1.000   2  2010  111  23.21  55308.163   76.9   1.515e+00 
  22861  0.500   1  2010  111  23.85  55308.189   76.9   1.734e+00 
  22862  0.500   1  2010  112   0.15  55308.202   76.9   1.337e+00 
  22863  1.000   2  2010  112   0.68  55308.224   76.9   8.891e-01 
  22864  0.500   1  2010  112   1.34  55308.251   76.9   4.572e-01 
  22865  1.000   2  2010  112   1.82  55308.271   76.9   3.742e-01 
  22866  0.500   1  2010  112   2.30  55308.291   76.9   3.871e-01 
  22867  0.500   1  2010  112   2.80  55308.312   76.9   1.061e-01 
  22868  1.000   2  2010  112   3.28  55308.332   77.0   1.339e-01 
  22869  0.500   1  2010  112   3.76  55308.352   77.0   2.420e-01 
  22870  0.500   1  2010  112   4.37  55308.378   77.0   7.065e-01 
  22871  0.500   1  2010  112   4.66  55308.390   77.0   1.051e+00 
  22911  0.500   1  2010  113   0.92  55309.234   77.2   1.126e-01 
  22912  0.500   1  2010  113   1.22  55309.246   77.2   6.492e-01 
  22913  1.000   2  2010  113   1.73  55309.267   77.2   1.872e+00 
  22915  0.800   8  2010  113   2.73  55309.309   77.2   1.731e+00 
  22916  0.800   8  2010  113   3.25  55309.331   77.2   1.444e+00 
  22917  0.400   4  2010  113   3.70  55309.350   77.2   8.326e-01 
  22918  0.800   8  2010  113   4.25  55309.372   77.2   3.154e-01 
  22919  0.700   7  2010  113   4.74  55309.393   77.2   2.727e-01 
  23482  0.667   2  2010  124  22.30  55321.125   76.7   1.738e+00 
  23484  0.744   2  2010  124  23.38  55321.170   76.7   3.342e+00 
  23485  0.744   2  2010  124  23.81  55321.188   76.7   4.099e+00 
  23715  0.667   3  2010  129  18.66  55325.973   75.9   4.548e+00 
  23726  0.750   1  2010  130   0.10  55326.200   75.9   2.529e-01 
  23727  0.750   1  2010  130   0.53  55326.218   75.9   1.474e-01 
  23728  0.750   1  2010  130   1.31  55326.250   75.9   1.410e-01 
  23729  0.750   1  2010  130   1.74  55326.268   75.9   7.415e-02 
  23811  0.722   2  2010  131  18.81  55327.980   75.8   5.642e+00 
  23812  0.722   2  2010  131  19.28  55327.999   75.8   5.039e+00 
  23814  0.667   3  2010  131  20.22  55328.038   75.8   3.467e+00 
  23825  1.144   2  2010  132   1.70  55328.266   75.8   2.718e-01 
  24105  0.817   1  2010  137  21.59  55334.095   74.8   8.330e-01 
  24106  1.633   2  2010  137  22.24  55334.122   74.8   9.659e-01 
  24107  0.817   1  2010  137  22.89  55334.149   74.8   1.108e+00 
  24109  0.817   1  2010  137  23.64  55334.181   74.8   9.551e-01 
  24110  0.817   1  2010  138   0.07  55334.199   74.8   4.444e-01 
  24111  1.633   2  2010  138   0.73  55334.226   74.8   1.387e-01 
  24113  0.817   1  2010  138   1.64  55334.264   74.7   1.503e-01 
  24114  0.817   1  2010  138   2.08  55334.282   74.7   8.020e-02 
  24115  1.633   2  2010  138   2.73  55334.309   74.7   2.671e-01 
  24118  2.006   1  2010  138   4.01  55334.363   74.7   3.805e-01 
  24120  1.667   1  2010  138   5.04  55334.406   74.7   3.348e-01 
  24156  0.500   1  2010  138  23.45  55335.173   74.4   7.895e-01 
  24157  0.500   1  2010  138  23.72  55335.184   74.4   9.721e-01 
  24159  0.817   1  2010  139   0.75  55335.227   74.4   5.705e-01 
  24160  0.817   1  2010  139   1.18  55335.245   74.4   5.523e-01 
  24161  0.817   1  2010  139   1.62  55335.263   74.4   3.394e-01 
  24162  1.608   2  2010  139   2.26  55335.290   74.4   1.583e-01 
  24209  0.900   3  2010  140   1.81  55336.271   74.1   8.733e-01 
  24210  0.600   2  2010  140   2.25  55336.289   74.1   6.890e-01 
  24211  0.900   3  2010  140   2.69  55336.308   74.1   6.885e-01 
  24822  0.417   1  2010  152  20.25  55349.039   74.4   9.239e-01 
  24823  0.833   2  2010  152  20.63  55349.055   74.4   7.340e-01 
  24824  0.417   1  2010  152  21.02  55349.071   74.4   1.334e+00 
  24916  0.814   1  2010  154  19.47  55351.007   74.6   3.067e+00 
  24917  0.814   1  2010  154  19.90  55351.025   74.6   2.250e+00 
  24972  0.444   2  2010  155  23.13  55352.159   74.6   6.188e-01 
  24973  0.361   1  2010  155  23.97  55352.194   74.6   2.215e-01 
  24974  0.361   1  2010  156   0.20  55352.204   74.6   5.911e-02 
  25059  0.667   2  2010  157  18.85  55353.981   74.4   5.846e+00 
  25060  0.667   2  2010  157  19.27  55353.999   74.4   4.899e+00 
  25107  0.333   1  2010  158  18.88  55354.982   74.3   5.043e+00 
  25108  0.667   2  2010  158  19.20  55354.996   74.3   3.808e+00 
  25109  0.667   2  2010  158  19.68  55355.016   74.3   2.568e+00 
  25110  1.000   3  2010  158  20.27  55355.040   74.3   1.685e+00 
  25112  0.556   4  2010  158  21.29  55355.083   74.3   8.881e-01 
  25163  0.417   3  2010  159  22.86  55356.148   74.3   3.822e-01 
  25165  0.444   2  2010  159  23.61  55356.179   74.3   9.990e-01 
  25166  0.800   3  2010  160   0.23  55356.205   74.3   5.058e-01 
  25168  0.833   2  2010  160   1.32  55356.251   74.3   2.003e-01 
  25169  0.833   2  2010  160   1.83  55356.272   74.3   1.985e-01 
  25171  0.833   2  2010  160   2.63  55356.305   74.3   6.876e-02 
  25172  0.833   2  2010  160   3.14  55356.327   74.3   9.251e-02 
  25174  0.900   3  2010  160   4.21  55356.371   74.3   8.345e-02 
  25204  0.814   1  2010  160  19.14  55356.993   74.3   3.183e+00 
  25305  0.500   1  2010  162  21.98  55359.111   74.5   4.325e-01 
  25306  0.500   1  2010  162  22.25  55359.123   74.5   5.073e-01 
  25307  1.000   2  2010  162  22.67  55359.140   74.5   4.086e-01 
  25753  0.333   1  2010  172   5.54  55368.426   75.1   1.747e-01 
  25848  0.667   1  2010  174   5.13  55370.409   75.2  -4.627e-02 
  26216  1.000   1  2010  181  21.22  55378.080   76.7   1.638e+00 
  26264  0.333   1  2010  182  21.49  55379.091   77.0   1.079e+00 
  26265  0.667   2  2010  182  21.78  55379.103   77.0   9.314e-01 
  26266  0.333   1  2010  182  22.07  55379.115   77.0   9.270e-01 
  26414  1.144   2  2010  186   0.30  55382.208   77.9   6.412e-01 
  26452  0.833   2  2010  186  19.33  55383.001   78.0   4.131e+00 
  26453  0.833   2  2010  186  19.84  55383.022   78.0   2.402e+00 
  26512  0.372   1  2010  188   1.31  55384.250   78.4   3.430e-01 
  26513  1.117   3  2010  188   1.73  55384.268   78.4   2.907e-01 
  26516  0.744   2  2010  188   3.30  55384.333   78.5   4.141e-01 
  26517  0.744   2  2010  188   3.72  55384.350   78.5   3.114e-01 
  26518  0.667   1  2010  188   4.39  55384.378   78.5   1.904e-01 
  26519  0.667   1  2010  188   4.75  55384.393   78.5   1.434e-01 
  26520  1.333   2  2010  188   5.28  55384.416   78.5   1.034e-01 
  26552  1.117   3  2010  188  21.27  55385.082   78.9   1.032e+00 
  26553  0.372   1  2010  188  21.69  55385.099   78.9   6.547e-01 
  26554  0.744   2  2010  188  22.31  55385.125   78.9   5.854e-01 
  26555  0.744   2  2010  188  22.73  55385.143   78.9   4.130e-01 
  26556  0.372   1  2010  188  23.42  55385.171   78.9   2.540e-01 
  26557  0.744   2  2010  188  23.74  55385.185   78.9   1.491e-01 
  26558  0.744   2  2010  189   0.28  55385.207   78.9   1.428e-01 
  26559  0.744   2  2010  189   0.82  55385.230   78.9   7.419e-02 
  26560  0.372   1  2010  189   1.13  55385.243   78.9   7.676e-03 
  26599  1.000   1  2010  189  20.83  55386.064   79.4   1.861e+00 
  26600  1.000   1  2010  189  21.36  55386.086   79.4   1.997e+00 
  26602  1.117   3  2010  189  22.22  55386.121   79.4   1.355e+00 
  26603  0.372   1  2010  189  22.64  55386.139   79.4   1.496e+00 
  26608  0.600   2  2010  190   1.26  55386.248   79.5   3.551e-01 
  26609  0.600   2  2010  190   1.61  55386.263   79.5   1.734e-01 
  26610  0.833   5  2010  190   2.29  55386.291   79.5   3.529e-01 
  26611  0.500   3  2010  190   2.69  55386.308   79.5   4.349e-01 
  26612  0.372   1  2010  190   3.31  55386.333   79.5   7.478e-01 
  26613  1.117   3  2010  190   3.73  55386.351   79.5   9.678e-01 
  26614  0.372   1  2010  190   4.29  55386.374   79.6   4.930e-01 
  26615  1.117   3  2010  190   4.71  55386.392   79.6   4.537e-01 
  26644  0.444   2  2010  190  19.10  55386.991   79.9   3.566e+00 
  26649  0.667   2  2010  190  21.70  55387.100   79.9   5.134e-01 
  26650  0.667   2  2010  190  22.12  55387.117   79.9   3.899e-01 
  26657  0.372   1  2010  191   1.86  55387.273   80.0   2.784e-02 
  26658  1.117   3  2010  191   2.29  55387.291   80.0  -3.005e-02 
  26660  1.117   3  2010  191   3.25  55387.331   80.0   1.460e-01 
  26661  0.539   2  2010  191   3.76  55387.352   80.0   2.800e-01 
  26662  0.833   5  2010  191   4.26  55387.373   80.0   6.435e-01 
  26663  0.333   2  2010  191   4.61  55387.388   80.0   3.360e-01 
  26692  1.000   1  2010  191  19.41  55388.004   80.3   4.533e+00 
  26693  1.000   1  2010  191  19.94  55388.026   80.3   3.193e+00 
  26695  1.000   1  2010  191  20.76  55388.061   80.3   1.987e+00 
  26696  1.000   1  2010  191  21.29  55388.083   80.4   1.462e+00 
  26697  0.333   1  2010  191  21.86  55388.106   80.4   1.176e+00 
  26698  0.667   2  2010  191  22.18  55388.120   80.4   1.113e+00 
  26699  0.333   1  2010  191  22.50  55388.133   80.4   9.918e-01 
  26704  0.900   3  2010  192   1.18  55388.245   80.4   1.848e-01 
  26705  0.500   3  2010  192   1.88  55388.274   80.4   3.282e-01 
  26706  0.833   5  2010  192   2.28  55388.290   80.5   1.831e-01 
  26707  0.372   1  2010  192   2.95  55388.319   80.5   3.578e-01 
  26708  0.744   2  2010  192   3.27  55388.332   80.5   2.781e-01 
  26709  0.744   2  2010  192   3.77  55388.353   80.5   2.963e-01 
  26710  0.744   2  2010  192   4.27  55388.374   80.5   1.497e-01 
  26711  0.372   1  2010  192   4.59  55388.387   80.5   2.219e-01 
  26740  1.155   2  2010  192  19.21  55388.996   80.8   2.824e+00 
  26744  1.000   1  2010  192  21.10  55389.075   80.8   7.331e-01 
  26745  1.000   1  2010  192  21.63  55389.097   80.8   6.943e-01 
  26746  0.667   2  2010  192  22.34  55389.126   80.8   4.525e-01 
  26747  0.667   2  2010  192  22.76  55389.144   80.8   4.081e-01 
  26753  0.744   2  2010  193   1.75  55389.269   80.9   3.578e-01 
  26754  0.744   2  2010  193   2.17  55389.286   80.9   4.354e-01 
  26755  0.744   2  2010  193   2.89  55389.316   80.9   1.982e-01 
  26756  0.744   2  2010  193   3.31  55389.333   80.9   2.200e-01 
  26757  0.667   2  2010  193   3.87  55389.357   80.9   2.093e-01 
  26758  0.667   2  2010  193   4.30  55389.375   80.9   2.415e-01 
  26759  0.667   2  2010  193   4.83  55389.397   80.9   1.600e-01 
  26760  0.333   1  2010  193   5.15  55389.410   80.9   1.305e-01 
  26789  1.000   1  2010  193  19.83  55390.022   81.2   4.399e+00 
  26790  1.000   1  2010  193  20.36  55390.044   81.2   3.533e+00 
  26792  1.111   2  2010  193  21.26  55390.082   81.2   1.521e+00 
  26793  0.556   1  2010  193  21.75  55390.102   81.2   8.284e-01 
  26794  0.556   1  2010  193  22.08  55390.115   81.2   4.646e-01 
  26797  0.600   2  2010  193  23.85  55390.189   81.3   5.538e-01 
  26798  0.600   2  2010  194   0.20  55390.204   81.3   5.789e-01 
  26836  0.667   3  2010  194  19.16  55390.994   81.6   3.957e+00 
  26838  1.000   1  2010  194  20.00  55391.029   81.6   1.535e+00 
  26839  1.000   1  2010  194  20.53  55391.051   81.6   8.221e-01 
  26884  1.000   1  2010  195  19.12  55391.992   81.9   3.817e+00 
  26885  1.000   1  2010  195  19.65  55392.014   82.0   2.741e+00 
  26886  0.333   1  2010  195  20.31  55392.042   82.0   9.225e-01 
  26887  1.000   3  2010  195  20.74  55392.060   82.0   7.920e-01 
  26936  0.417   1  2010  196  21.32  55393.084   82.4   8.425e-01 
  26937  0.833   2  2010  196  21.70  55393.100   82.4   8.080e-01 
  26938  0.417   1  2010  196  22.09  55393.116   82.5   5.923e-01 
  26939  0.444   2  2010  196  22.90  55393.150   82.5   1.540e+00 
  27036  0.417   1  2010  198  23.24  55395.164   83.3   3.750e-01 
  27603  0.500   1  2010  210  18.91  55406.983   85.8   4.315e+00 
  27604  1.000   2  2010  210  19.32  55407.001   85.8   3.559e+00 
  27605  0.500   1  2010  210  19.74  55407.018   85.8   2.535e+00 
  27606  0.333   3  2010  210  20.35  55407.044   85.8   1.412e+00 
  27652  0.500   1  2010  211  19.47  55408.007   86.0   2.214e+00 
  27653  0.500   1  2010  211  19.74  55408.018   86.0   1.586e+00 
  27654  1.000   2  2010  211  20.16  55408.036   86.0   1.280e+00 
  27655  0.417   1  2010  211  20.88  55408.065   86.0   1.118e+00 
  27656  0.833   2  2010  211  21.26  55408.081   86.0   1.028e+00 
  27657  0.417   1  2010  211  21.64  55408.097   86.0   6.882e-01 
  27700  0.500   1  2010  212  19.40  55409.004   86.2   4.471e+00 
  27701  1.000   2  2010  212  19.82  55409.021   86.2   3.471e+00 
  27748  1.000   2  2010  213  19.32  55410.000   86.5   2.383e+00 
  27749  0.500   1  2010  213  19.73  55410.018   86.5   1.577e+00 
  27750  0.611   2  2010  213  20.09  55410.033   86.5   1.257e+00 
  27751  0.333   3  2010  213  20.61  55410.054   86.5   8.390e-01 
  27752  0.900   3  2010  213  21.25  55410.081   86.5   9.622e-01 
  27903  0.386   1  2010  217   0.87  55413.232   86.1   2.191e+00 
  27904  0.771   2  2010  217   1.20  55413.246   86.1   2.089e+00 
  27905  0.386   1  2010  217   1.53  55413.259   86.1   1.862e+00 
  28137  0.900   3  2010  221  21.76  55418.102   84.3   1.290e+00 
  28139  0.383   1  2010  221  22.60  55418.137   84.3   1.568e+00 
  28140  0.383   1  2010  221  23.26  55418.165   84.3   6.190e-01 
  28141  0.766   2  2010  221  23.89  55418.191   84.3   2.300e-01 
  28142  0.766   2  2010  222   0.33  55418.209   84.3   8.802e-02 
  28143  0.386   1  2010  222   0.87  55418.232   84.3   1.413e-01 
  28144  0.771   2  2010  222   1.20  55418.246   84.3   2.341e-01 
  28145  0.869   3  2010  222   1.75  55418.268   84.3   1.164e+00 
  28151  0.771   2  2010  222   4.87  55418.399   84.2   2.532e-01 
  28152  0.386   1  2010  222   5.20  55418.412   84.2   2.200e-01 
  28325  1.500   1  2010  225  19.58  55422.011   82.7   2.948e+00 
  28326  1.500   1  2010  225  20.35  55422.044   82.7   1.484e+00 
  28328  1.500   1  2010  225  21.13  55422.076   82.7   1.191e+00 
  28329  1.500   1  2010  225  21.90  55422.108   82.7   1.213e+00 
  28331  1.000   1  2010  225  22.98  55422.153   82.7   1.046e+00 
  28332  0.952   1  2010  225  23.49  55422.174   82.7   6.238e-01 
  28334  0.333   2  2010  226   0.10  55422.200   82.6   4.418e-01 
  28335  0.667   1  2010  226   0.73  55422.226   82.6   2.389e-01 
  28336  1.333   2  2010  226   1.27  55422.248   82.6   1.880e-01 
  28337  0.667   1  2010  226   1.81  55422.271   82.6   3.209e-01 
  28338  1.000   1  2010  226   2.36  55422.294   82.6   2.426e-01 
  28339  1.000   1  2010  226   2.89  55422.316   82.6   5.705e-01 
  28340  1.000   1  2010  226   3.42  55422.338   82.6   1.039e+00 
  28341  1.000   1  2010  226   3.94  55422.360   82.6   9.498e-01 
  28343  0.667   1  2010  226   4.92  55422.400   82.6   3.695e-01 
  28344  0.667   1  2010  226   5.28  55422.415   82.6   3.058e-01 
  28372  1.000   1  2010  226  19.38  55423.003   82.4   4.193e+00 
  28378  1.000   1  2010  226  22.49  55423.133   82.3   3.905e-01 
  28380  1.000   1  2010  226  23.39  55423.170   82.3   2.549e-01 
  28381  1.000   1  2010  226  23.91  55423.192   82.3   8.414e-02 
  28387  1.333   2  2010  227   2.72  55423.309   82.3   7.039e-01 
  28388  0.667   1  2010  227   3.26  55423.332   82.3   1.563e+00 
  28389  0.667   1  2010  227   3.63  55423.347   82.3   2.302e+00 
  28422  0.611   2  2010  227  20.34  55424.043   82.1   4.123e+00 
  28423  0.917   3  2010  227  20.79  55424.062   82.1   2.911e+00 
  28424  0.611   2  2010  227  21.24  55424.080   82.0   2.311e+00 
  28425  0.917   3  2010  227  21.68  55424.099   82.0   1.448e+00 
  28426  0.611   2  2010  227  22.13  55424.118   82.0   1.247e+00 
  28427  0.611   2  2010  227  22.79  55424.145   82.0   7.991e-01 
  28428  0.917   3  2010  227  23.24  55424.164   82.0   7.305e-01 
  28429  0.917   3  2010  227  23.77  55424.186   82.0   6.414e-01 
  28430  0.917   3  2010  228   0.31  55424.209   82.0   6.163e-01 
  28432  0.500   2  2010  228   1.34  55424.252   82.0   1.624e-01 
  28436  0.389   1  2010  228   3.37  55424.336   82.0   4.684e-01 
  28437  0.778   2  2010  228   3.71  55424.350   82.0   7.152e-01 
  28438  0.667   3  2010  228   4.18  55424.370   82.0   5.043e-01 
  28473  0.333   1  2010  228  21.84  55425.106   81.8   1.515e+00 
  28476  0.778   2  2010  228  23.27  55425.165   81.8   1.189e+00 
  28478  0.667   1  2010  229   0.27  55425.207   81.8   1.466e+00 
  28479  1.333   2  2010  229   0.81  55425.229   81.8   1.290e+00 
  28480  0.667   1  2010  229   1.35  55425.252   81.8   1.044e+00 
  28483  0.422   2  2010  229   2.72  55425.309   81.8   4.676e-01 
  28484  0.778   4  2010  229   3.22  55425.330   81.8   6.113e-01 
  28485  0.556   2  2010  229   3.80  55425.354   81.8   5.290e-01 
  28486  0.444   2  2010  229   4.37  55425.378   81.7   2.494e-01 
  28529  0.667   1  2010  230   1.72  55426.267   81.5   3.097e-01 
  28530  1.333   2  2010  230   2.26  55426.290   81.5   4.743e-01 
  28531  0.667   1  2010  230   2.80  55426.312   81.5   5.674e-01 
  28533  0.767   2  2010  230   3.72  55426.350   81.5   1.227e+00 
  28534  0.767   2  2010  230   4.15  55426.369   81.5   1.115e+00 
  28535  0.781   2  2010  230   4.87  55426.399   81.5   7.755e-01 
  28536  0.781   2  2010  230   5.30  55426.416   81.5   5.284e-01 
  28629  0.383   1  2010  232   3.87  55428.357   81.0   6.032e-01 
  28630  0.766   2  2010  232   4.20  55428.371   81.0   4.096e-01 
  28631  0.383   1  2010  232   4.53  55428.384   81.0   4.059e-01 
  28632  0.771   2  2010  232   5.16  55428.411   81.0   3.041e-01 
  28948  1.000   1  2010  238  19.36  55435.002   79.1   3.913e+00 
  28995  0.417   1  2010  239  18.96  55435.986   78.7   4.559e+00 
  28996  0.833   2  2010  239  19.34  55436.001   78.7   3.866e+00 
  28998  0.833   2  2010  239  20.14  55436.035   78.7   3.517e+00 
  28999  0.417   1  2010  239  20.52  55436.050   78.7   2.363e+00 
  29044  0.417   1  2010  240  19.29  55436.999   78.3   4.330e+00 
  29045  0.833   2  2010  240  19.68  55437.015   78.3   4.169e+00 
  29046  0.417   1  2010  240  20.06  55437.031   78.3   4.252e+00 
  29047  0.417   1  2010  240  20.84  55437.064   78.3   3.375e+00 
  29048  0.833   2  2010  240  21.22  55437.080   78.3   3.153e+00 
  29093  0.444   2  2010  241  19.79  55438.020   78.0   2.150e+00 
  29097  0.900   3  2010  241  21.70  55438.100   78.0   6.151e-01 
  29148  1.111   2  2010  242  23.27  55439.165   77.7   4.801e-01 
  29336  0.556   1  2010  246  21.36  55443.085   78.0   2.242e+00 
  29337  0.556   1  2010  246  21.66  55443.098   78.0   1.413e+00 
  29342  0.386   1  2010  247   0.33  55443.210   78.0   1.032e+00 
  29343  1.157   3  2010  247   0.77  55443.228   78.0   1.115e+00 
  29344  0.386   1  2010  247   1.31  55443.250   78.0   1.049e+00 
  29345  1.157   3  2010  247   1.74  55443.268   78.0   1.121e+00 
  29346  0.333   1  2010  247   2.48  55443.299   78.0   1.498e+00 
  29347  0.667   2  2010  247   2.77  55443.311   78.0   1.445e+00 
  29348  0.333   1  2010  247   3.06  55443.323   78.0   1.557e+00 
  29349  0.789   1  2010  247   3.70  55443.350   78.0   1.294e+00 
  29393  0.767   2  2010  248   1.76  55444.269   78.2   1.885e+00 
  29394  0.767   2  2010  248   2.20  55444.287   78.2   1.157e+00 
  29395  0.767   2  2010  248   2.89  55444.316   78.2   5.771e-01 
  29396  0.767   2  2010  248   3.33  55444.334   78.3   3.847e-01 
  29397  0.333   1  2010  248   3.84  55444.356   78.3   3.983e-01 
  29398  1.000   3  2010  248   4.27  55444.373   78.3   1.069e-01 
  29476  0.333   2  2010  249  19.26  55445.998   78.6   3.388e+00 
  29477  0.667   2  2010  249  19.72  55446.017   78.6   3.679e+00 
  29481  0.383   1  2010  249  21.97  55446.111   78.7   6.606e-01 
  29482  0.767   2  2010  249  22.30  55446.125   78.7   6.673e-01 
  29483  0.383   1  2010  249  22.63  55446.138   78.7   6.689e-01 
  29484  0.722   2  2010  249  23.27  55446.165   78.7   8.813e-01 
  29485  0.722   2  2010  249  23.74  55446.185   78.7   1.026e+00 
  29486  0.383   1  2010  250   0.48  55446.216   78.7   2.671e+00 
  29487  0.767   2  2010  250   0.81  55446.229   78.7   3.312e+00 
  29488  0.383   1  2010  250   1.14  55446.243   78.7   3.625e+00 
  29489  0.789   1  2010  250   1.74  55446.268   78.7   2.862e+00 
  29490  0.789   1  2010  250   2.16  55446.286   78.7   2.380e+00 
  29493  0.383   1  2010  250   3.96  55446.361   78.7   5.433e-01 
  29494  0.767   2  2010  250   4.29  55446.374   78.7   3.654e-01 
  29495  0.383   1  2010  250   4.62  55446.388   78.7   3.961e-01 
  29668  0.556   1  2010  253  19.08  55449.991   80.1   2.796e+00 
  29719  1.000   2  2010  254  20.73  55451.059   80.4   1.988e+00 
  29720  1.000   2  2010  254  21.32  55451.084   80.4   7.393e-01 
  29721  0.500   1  2010  254  21.77  55451.103   80.5   6.116e-01 
  29722  0.500   1  2010  254  22.07  55451.115   80.5   7.204e-01 
  29723  1.333   2  2010  254  22.72  55451.142   80.5   6.588e-01 
  29725  1.000   1  2010  254  23.68  55451.182   80.5   9.103e-01 
  29726  1.000   1  2010  255   0.23  55451.205   80.5   6.591e-01 
  29727  1.000   1  2010  255   0.93  55451.234   80.5   4.656e-01 
  29728  1.000   1  2010  255   1.47  55451.257   80.5   2.727e-01 
  29730  0.500   1  2010  255   2.33  55451.293   80.5   3.328e-01 
  29731  1.000   2  2010  255   2.78  55451.311   80.5   6.074e-01 
  29732  0.500   1  2010  255   3.23  55451.330   80.5   6.066e-01 
  29733  1.000   2  2010  255   3.67  55451.349   80.5   5.260e-01 
  29766  0.500   1  2010  255  20.48  55452.049   80.7   2.149e+00 
  29767  0.500   1  2010  255  20.78  55452.061   80.7   1.323e+00 
  29768  0.667   2  2010  255  21.36  55452.086   80.7   5.245e-01 
  29770  1.000   2  2010  255  22.22  55452.122   80.8   2.933e-01 
  29771  0.500   1  2010  255  22.75  55452.144   80.8  -4.631e-02 
  29772  1.000   2  2010  255  23.25  55452.164   80.8   1.580e-01 
  29773  0.500   1  2010  255  23.74  55452.185   80.8  -3.680e-02 
  29774  0.500   1  2010  256   0.44  55452.214   80.8   8.242e-02 
  29775  0.500   1  2010  256   0.74  55452.226   80.8   1.091e-01 
  29776  1.000   2  2010  256   1.23  55452.247   80.8   1.610e-01 
  29777  0.500   1  2010  256   1.73  55452.268   80.8   3.335e-01 
  29778  1.000   2  2010  256   2.20  55452.287   80.8   9.066e-01 
  29779  0.500   1  2010  256   2.68  55452.307   80.8   8.566e-01 
  29780  1.000   2  2010  256   3.24  55452.330   80.8   8.911e-01 
  29781  0.500   1  2010  256   3.72  55452.351   80.8   3.004e-01 
  29782  0.500   1  2010  256   4.02  55452.363   80.8   2.703e-01 
  29827  1.000   2  2010  257   2.69  55453.307   81.1   1.876e+00 
  29828  1.000   2  2010  257   3.32  55453.334   81.1   1.305e+00 
  29829  0.500   1  2010  257   3.80  55453.354   81.1   8.326e-01 
  29830  0.333   1  2010  257   4.47  55453.382   81.1   5.079e-01 
  29865  1.000   2  2010  257  21.75  55454.102   81.3   1.387e+00 
  29866  0.500   1  2010  257  22.23  55454.122   81.3   1.805e+00 
  29867  0.500   1  2010  257  22.53  55454.134   81.3   1.416e+00 
  29868  0.500   1  2010  257  23.21  55454.163   81.3   4.696e-01 
  29869  0.500   1  2010  257  23.51  55454.175   81.3   4.823e-01 
  29870  1.000   2  2010  258   0.26  55454.207   81.3   3.863e-01 
  29871  0.500   1  2010  258   0.74  55454.226   81.3   3.057e-01 
  29872  1.000   2  2010  258   1.27  55454.248   81.3   7.916e-01 
  29874  1.000   2  2010  258   2.27  55454.290   81.3   1.264e+00 
  29876  1.000   2  2010  258   3.24  55454.330   81.3   9.722e-01 
  29877  0.500   1  2010  258   3.72  55454.350   81.3   5.661e-01 
  29878  1.000   2  2010  258   4.18  55454.370   81.3   2.261e-01 
  29879  0.500   1  2010  258   4.64  55454.389   81.4   2.431e-01 
  29915  0.556   1  2010  258  22.79  55455.145   81.6   1.066e+00 
  29916  1.111   2  2010  258  23.29  55455.166   81.6   8.386e-01 
  29917  0.556   1  2010  258  23.79  55455.187   81.6   9.819e-01 
  29918  1.111   2  2010  259   0.31  55455.209   81.6   1.058e+00 
  29920  0.556   1  2010  259   1.18  55455.245   81.6   9.875e-01 
  29921  1.056   2  2010  259   1.73  55455.268   81.7   1.209e+00 
  29922  0.500   1  2010  259   2.28  55455.291   81.7   1.031e+00 
  29923  1.000   2  2010  259   2.78  55455.311   81.7   8.149e-01 
  29924  0.500   1  2010  259   3.28  55455.332   81.7   5.924e-01 
  29925  0.833   2  2010  259   3.72  55455.350   81.7   3.520e-01 
  29926  0.600   2  2010  259   4.27  55455.373   81.7   3.228e-01 
  29967  1.111   2  2010  260   0.83  55456.230   82.1   8.588e-01 
  29968  0.556   1  2010  260   1.42  55456.255   82.1   1.662e+00 
  29970  1.000   2  2010  260   2.30  55456.292   82.1   2.780e+00 
  29971  0.500   1  2010  260   2.78  55456.312   82.1   2.503e+00 
  29972  0.500   1  2010  260   3.08  55456.324   82.1   2.039e+00 
  30019  0.667   1  2010  261   2.64  55457.305   82.4   1.742e+00 
  30020  0.500   1  2010  261   3.42  55457.338   82.4   2.580e-01 
  30021  0.500   1  2010  261   3.72  55457.350   82.4   3.372e-01 
  30022  1.000   2  2010  261   4.20  55457.370   82.4   2.001e-01 
  30388  0.667   2  2010  268  19.14  55464.993   82.2   4.638e+00 
  30487  0.569   2  2010  270  20.85  55467.064   81.9   3.473e+00 
  30488  0.771   2  2010  270  21.28  55467.082   81.9   2.936e+00 
  30489  0.386   1  2010  270  21.61  55467.096   81.9   2.771e+00 
  30490  0.889   1  2010  270  22.21  55467.121   81.9   1.593e+00 
  30534  0.833   1  2010  271  20.23  55468.039   81.6   4.298e+00 
  30535  0.833   1  2010  271  20.67  55468.057   81.6   3.214e+00 
  30537  0.483   2  2010  271  21.62  55468.096   81.6   1.351e+00 
  30538  0.483   2  2010  271  22.24  55468.122   81.6   1.050e+00 
  30588  0.383   1  2010  272  23.33  55469.168   81.3   2.120e+00 
  30589  1.148   3  2010  272  23.77  55469.186   81.3   2.371e+00 
  30591  0.766   2  2010  273   0.70  55469.225   81.3   2.589e+00 
  30628  0.667   4  2010  273  19.23  55469.997   81.2   3.660e+00 
  30629  0.833   5  2010  273  19.74  55470.018   81.2   3.793e+00 
  30630  0.500   3  2010  273  20.23  55470.038   81.2   4.210e+00 
  30631  0.833   5  2010  273  20.75  55470.060   81.2   3.853e+00 
  30632  0.667   4  2010  273  21.26  55470.081   81.2   3.292e+00 
  30633  0.500   3  2010  273  21.73  55470.101   81.2   2.379e+00 
  30634  0.500   3  2010  273  22.26  55470.123   81.2   1.301e+00 
  30635  0.667   4  2010  273  22.73  55470.143   81.2   5.513e-01 
  30636  0.500   3  2010  273  23.24  55470.164   81.2   3.208e-01 
  30637  0.667   4  2010  273  23.75  55470.185   81.2   1.617e-01 
  30638  0.667   4  2010  274   0.26  55470.206   81.2   9.591e-02 
  30639  0.500   3  2010  274   0.73  55470.226   81.2   1.882e-01 
  30640  0.333   2  2010  274   1.17  55470.244   81.2   5.482e-01 
  30641  0.333   2  2010  274   1.56  55470.261   81.2   5.797e-01 
  30642  0.433   3  2010  274   2.25  55470.289   81.2   7.118e-01 
  30643  0.656   3  2010  274   2.82  55470.313   81.1   8.564e-01 
  30644  0.833   3  2010  274   3.29  55470.333   81.1   5.101e-01 
  30832  0.767   2  2010  278   1.23  55474.247   81.3   4.148e-01 
  30837  1.150   3  2010  278   3.73  55474.351   81.3   4.621e-01 
  30872  0.778   1  2010  278  21.31  55475.083   81.4   2.932e+00 
  30873  0.778   1  2010  278  21.73  55475.101   81.4   2.199e+00 
  30874  0.778   1  2010  278  22.42  55475.130   81.4   1.005e+00 
  30875  0.778   1  2010  278  22.84  55475.147   81.4   6.124e-01 
  30877  1.556   2  2010  278  23.74  55475.185   81.4   6.038e-01 
  30879  0.983   2  2010  279   0.71  55475.225   81.4   7.731e-01 
  30880  0.983   2  2010  279   1.26  55475.248   81.4   9.872e-01 
  30917  0.900   3  2010  279  19.75  55476.018   81.4   2.387e+00 
  30964  0.767   2  2010  280  19.25  55476.998   81.3   2.762e+00 
  30965  0.767   2  2010  280  19.68  55477.016   81.3   2.688e+00 
  30966  0.383   1  2010  280  20.36  55477.044   81.3   2.808e+00 
  30967  0.767   2  2010  280  20.68  55477.057   81.3   2.003e+00 
  30968  0.383   1  2010  280  21.01  55477.071   81.3   1.413e+00 
  30969  1.150   3  2010  280  21.75  55477.102   81.3   9.071e-01 
  30970  0.383   1  2010  280  22.18  55477.120   81.3   5.222e-01 
  30971  0.778   1  2010  280  22.77  55477.144   81.3   4.083e-01 
  30972  0.778   1  2010  280  23.20  55477.162   81.3   3.148e-01 
  30973  0.778   1  2010  280  23.86  55477.190   81.3   3.767e-01 
  30974  0.778   1  2010  281   0.29  55477.207   81.3   4.705e-01 
  30975  0.778   1  2010  281   1.00  55477.237   81.3   6.251e-01 
  30976  0.778   1  2010  281   1.42  55477.255   81.3   1.042e+00 
  30978  0.778   1  2010  281   2.16  55477.285   81.3   1.951e+00 
  30979  0.778   1  2010  281   2.58  55477.303   81.3   1.879e+00 
  30980  0.778   1  2010  281   3.29  55477.333   81.3   9.583e-01 
  30981  0.778   1  2010  281   3.71  55477.350   81.3   7.278e-01 
  31060  1.000   1  2010  282  19.42  55479.005   81.2   3.625e+00 
  31061  1.000   1  2010  282  19.94  55479.026   81.2   2.461e+00 
  31062  1.000   1  2010  282  20.47  55479.048   81.2   1.764e+00 
  31063  1.000   1  2010  282  20.99  55479.070   81.2   1.167e+00 
  31074  0.667   1  2010  283   2.16  55479.285   81.2   2.221e+00 
  31075  1.333   2  2010  283   2.70  55479.308   81.2   1.490e+00 
  31076  0.667   1  2010  283   3.24  55479.330   81.2   9.505e-01 
  31077  0.778   2  2010  283   3.73  55479.351   81.2   6.435e-01 
  31108  0.428   1  2010  283  19.43  55480.005   81.2   4.397e+00 
  31109  0.856   2  2010  283  19.81  55480.021   81.2   4.373e+00 
  31110  0.428   1  2010  283  20.20  55480.037   81.2   3.920e+00 
  31111  0.856   2  2010  283  20.78  55480.062   81.2   3.584e+00 
  31112  0.856   2  2010  283  21.30  55480.083   81.2   2.486e+00 
  31303  0.386   1  2010  287  20.88  55484.065   80.8   1.792e+00 
  31304  0.383   1  2010  287  21.38  55484.086   80.8   2.256e+00 
  31305  0.766   2  2010  287  21.71  55484.100   80.8   1.473e+00 
  31306  0.383   1  2010  287  22.04  55484.114   80.8   1.027e+00 
  31313  0.778   1  2010  288   1.63  55484.263   80.8   2.210e+00 
  31314  0.778   1  2010  288   2.05  55484.281   80.8   2.244e+00 
  31315  0.778   1  2010  288   2.68  55484.307   80.8   2.125e+00 
  31316  0.778   1  2010  288   3.10  55484.325   80.8   2.077e+00 
  31357  0.594   1  2010  288  23.77  55485.186   80.8   3.872e-01 
  31358  0.594   1  2010  289   0.11  55485.200   80.8   3.037e-01 
  31359  0.594   1  2010  289   0.69  55485.224   80.8   2.968e-01 
  31360  0.594   1  2010  289   1.03  55485.239   80.8   2.959e-01 
  31925  1.000   1  2010  300  19.75  55497.019   82.9   2.861e+00 
  31926  1.000   1  2010  300  20.28  55497.041   82.9   2.200e+00 
  31927  1.000   1  2010  300  20.82  55497.063   82.9   1.448e+00 
  31928  1.000   1  2010  300  21.35  55497.085   82.9   6.697e-01 
  31930  1.000   1  2010  300  22.11  55497.117   82.9   1.965e-01 
  31931  1.000   1  2010  300  22.64  55497.139   82.9   6.789e-02 
  31932  1.000   1  2010  300  23.18  55497.161   82.9   6.639e-02 
  31933  1.000   1  2010  300  23.70  55497.183   82.9   7.411e-03 
  31973  0.933   1  2010  301  19.86  55498.023   83.0   3.663e+00 
  31974  0.933   1  2010  301  20.36  55498.044   83.0   2.042e+00 
  31975  0.933   1  2010  301  20.95  55498.068   83.0   1.070e+00 
  31976  0.933   1  2010  301  21.44  55498.089   83.0   8.025e-01 
  31977  0.500   1  2010  301  21.98  55498.111   83.0   4.387e-01 
  31978  0.500   1  2010  301  22.25  55498.123   83.0   2.194e-01 
  31979  1.000   2  2010  301  22.82  55498.146   83.0   1.670e-01 
  31980  0.933   1  2010  301  23.47  55498.174   83.0   2.640e-01 
  31981  0.933   1  2010  301  23.96  55498.194   83.0   2.130e-01 
  31985  1.000   1  2010  302   1.93  55498.276   83.0   6.348e-01 
  32021  1.000   1  2010  302  19.72  55499.017   83.0   4.048e+00 
  32022  1.000   1  2010  302  20.24  55499.039   83.0   3.045e+00 
  32024  1.000   1  2010  302  21.09  55499.074   83.0   1.660e+00 
  32025  1.000   1  2010  302  21.62  55499.096   83.0   8.501e-01 
  32026  1.000   1  2010  302  22.26  55499.123   83.0   2.251e-01 
  32027  1.000   1  2010  302  22.79  55499.145   83.0   1.725e-01 
  32028  1.000   1  2010  302  23.46  55499.173   83.0   1.981e-01 
  32029  1.000   1  2010  302  23.99  55499.195   83.0   9.682e-02 
  32031  1.000   1  2010  303   0.52  55499.217   83.0   1.538e-01 
  32032  1.000   1  2010  303   1.05  55499.239   83.0   2.201e-01 
  32033  1.000   1  2010  303   1.87  55499.274   83.0   5.128e-01 
  32034  1.000   1  2010  303   2.40  55499.296   83.0   5.959e-01 
  32036  1.000   1  2010  303   3.04  55499.322   83.0   7.226e-01 
  32037  1.000   1  2010  303   3.57  55499.344   83.0   5.802e-01 
  32405  0.767   2  2010  310  19.69  55507.016   83.4   1.228e+00 
  32406  0.767   2  2010  310  20.13  55507.034   83.4   8.140e-01 
  32408  0.383   1  2010  310  21.16  55507.077   83.4   4.112e-01 
  32409  0.383   1  2010  310  21.82  55507.105   83.4   2.606e-01 
  32410  0.767   2  2010  310  22.31  55507.125   83.4   3.926e-01 
  32411  0.767   2  2010  310  22.74  55507.143   83.4   3.657e-01 
  32412  0.383   1  2010  310  23.37  55507.169   83.4   5.253e-01 
  32413  0.767   2  2010  310  23.70  55507.183   83.4   3.291e-01 
  32414  0.383   1  2010  311   0.03  55507.197   83.4   4.408e-01 
  32420  1.333   1  2010  311   3.21  55507.329   83.3   6.401e-01 
  32458  0.767   2  2010  311  22.27  55508.123   83.2   2.224e-01 
  32459  0.767   2  2010  311  22.71  55508.142   83.2   1.722e-01 
  32463  0.800   3  2010  312   0.68  55508.224   83.1   3.823e-01 
  32552  1.278   2  2010  313  21.22  55510.080   82.4   1.080e+00 
  32553  0.639   1  2010  313  21.72  55510.101   82.3   5.896e-01 
  32554  0.361   1  2010  313  22.39  55510.128   82.3   2.747e-01 
  32555  0.361   1  2010  313  22.59  55510.137   82.3   4.529e-01 
  32597  0.500   1  2010  314  19.71  55511.017   81.9   1.139e+00 
  32598  1.000   2  2010  314  20.16  55511.035   81.9   9.579e-01 
  32599  1.000   2  2010  314  20.79  55511.062   81.9   1.039e+00 
  32600  0.500   1  2010  314  21.27  55511.082   81.9   7.675e-01 
  32601  1.000   2  2010  314  21.72  55511.100   81.9   4.853e-01 
  32602  0.500   1  2010  314  22.25  55511.123   81.9   2.921e-01 
  32603  1.000   2  2010  314  22.70  55511.141   81.9   1.510e-01 
  32604  0.778   2  2010  314  23.23  55511.164   81.8   1.629e-01 
  32694  1.333   1  2010  316  20.39  55513.045   81.2   6.402e-01 
  32696  1.333   1  2010  316  21.20  55513.079   81.2   2.870e-01 
  32700  0.600   2  2010  316  23.34  55513.168   81.1   9.288e-02 
  32701  0.600   2  2010  316  23.75  55513.185   81.1   1.218e-01 
  32703  0.600   2  2010  317   0.71  55513.225   81.1   2.076e-01 
  32704  0.900   3  2010  317   1.22  55513.246   81.1   2.804e-01 
  32705  0.600   2  2010  317   1.73  55513.267   81.1   4.980e-01 
  32707  1.333   1  2010  317   2.51  55513.300   81.1   7.098e-01 
  32708  1.333   1  2010  317   3.23  55513.330   81.1   6.254e-01 
  32748  0.567   2  2010  317  23.29  55514.166   80.8   2.694e-01 
  32749  0.850   3  2010  317  23.76  55514.186   80.8   1.109e-01 
  32757  0.500   1  2010  318   3.85  55514.356   80.8   7.651e-01 
  33367  0.811   2  2010  330  20.69  55527.058   81.7   7.794e-01 
  33461  0.444   4  2010  332  19.80  55529.021   81.7   1.519e+00 
  33465  0.383   3  2010  332  21.70  55529.100   81.7   7.645e-02 
  33466  0.467   3  2010  332  22.29  55529.124   81.7   2.090e-01 
  33468  0.467   3  2010  332  23.37  55529.169   81.7   1.734e-01 
  33470  0.467   3  2010  333   0.19  55529.203   81.7   2.991e-01 
  33510  0.550   3  2010  333  20.31  55530.042   81.6   6.377e-01 
  33513  0.733   4  2010  333  21.77  55530.103   81.6   4.316e-01 
  33515  0.550   3  2010  333  22.65  55530.139   81.6   3.445e-01 
  33516  0.733   4  2010  333  23.27  55530.165   81.6   2.845e-01 
  33517  0.367   2  2010  333  23.84  55530.189   81.6   2.077e-01 
  33518  0.367   2  2010  334   0.13  55530.201   81.6   2.196e-01 
  33521  0.478   2  2010  334   1.81  55530.271   81.6   1.454e+00 
  33522  0.478   2  2010  334   2.15  55530.285   81.6   1.773e+00 
  33523  0.511   4  2010  334   2.71  55530.309   81.6   1.920e+00 
  33557  0.367   2  2010  334  19.86  55531.023   81.5   1.613e+00 
  33558  0.550   3  2010  334  20.34  55531.043   81.5   6.378e-01 
  33559  0.367   2  2010  334  20.81  55531.063   81.5   4.356e-01 
  33560  0.550   3  2010  334  21.27  55531.082   81.5   2.265e-01 
  33561  0.367   2  2010  334  21.79  55531.103   81.5   2.060e-01 
  33562  0.550   3  2010  334  22.18  55531.120   81.5   1.667e-01 
  33563  0.550   3  2010  334  22.69  55531.141   81.5   8.227e-02 
  33564  0.589   2  2010  334  23.33  55531.168   81.5   1.756e-01 
  33565  0.589   2  2010  334  23.72  55531.184   81.5   2.264e-01 
  33566  0.589   2  2010  335   0.27  55531.207   81.5   2.503e-01 
  33567  0.589   2  2010  335   0.67  55531.223   81.5   2.890e-01 
  33570  0.383   3  2010  335   2.28  55531.290   81.5   1.945e+00 
  33846  1.148   3  2010  340  20.28  55537.040   81.7   1.015e+00 
  33847  0.383   1  2010  340  20.71  55537.059   81.7   6.159e-01 
  33851  0.533   2  2010  340  22.76  55537.144   81.7   1.222e-01 
  33852  0.533   2  2010  340  23.08  55537.157   81.7   6.437e-02 
  33853  0.800   3  2010  340  23.82  55537.188   81.7   4.565e-02 
  33860  0.819   1  2010  341   3.17  55537.328   81.8   2.282e-01 
  33861  0.819   1  2010  341   3.60  55537.345   81.8   1.463e-01 
  33894  1.333   1  2010  341  20.27  55538.040   81.8   9.676e-01 
  33896  1.333   1  2010  341  21.32  55538.084   81.8   3.950e-01 
  33953  0.500   1  2010  343   1.74  55539.268   81.8   1.518e+00 
  33954  0.500   1  2010  343   2.02  55539.280   81.8   1.915e+00 
  33955  1.000   2  2010  343   2.70  55539.308   81.8   2.564e+00 
  33956  1.000   2  2010  343   3.25  55539.331   81.8   2.314e+00 
  33989  0.333   1  2010  343  19.97  55540.028   81.8   2.846e+00 
  33990  0.500   1  2010  343  20.44  55540.047   81.8   1.196e+00 
  33991  0.500   1  2010  343  20.99  55540.070   81.8   4.066e-01 
  33992  0.500   1  2010  343  21.27  55540.082   81.8   4.233e-01 
  33995  1.333   1  2010  343  22.67  55540.140   81.9   6.509e-02 
  34040  2.000   1  2010  344  21.18  55541.078   82.0   4.356e-01 
  34043  2.000   1  2010  344  22.65  55541.139   82.0   1.348e-01 
  34045  2.000   1  2010  344  23.82  55541.188   82.0   1.910e-01 
  34049  2.000   1  2010  345   1.60  55541.262   82.0   5.564e-01 
  34051  2.000   1  2010  345   2.76  55541.310   82.0   8.305e-01 
  34090  2.000   1  2010  345  22.45  55542.131   82.0   1.744e-01 
  34094  2.000   1  2010  346   0.45  55542.215   82.0   4.861e-01 
  34097  2.000   1  2010  346   1.61  55542.263   82.0   5.505e-01 
  34099  2.000   1  2010  346   2.79  55542.312   82.0   7.584e-01 
  34101  0.500   1  2010  346   3.58  55542.345   82.0   6.632e-01 
  34136  1.189   2  2010  346  21.23  55543.080   81.9   2.174e-01 
  34137  0.594   1  2010  346  21.74  55543.101   81.9   1.704e-01 
  34138  0.594   1  2010  346  22.08  55543.116   81.9   2.228e-01 
  34182  0.594   1  2010  347  20.29  55544.041   81.8   9.989e-01 
  34183  1.013   2  2010  347  20.75  55544.060   81.8   5.697e-01 
  34184  0.594   1  2010  347  21.48  55544.091   81.8   2.437e-01 
  34185  0.594   1  2010  347  21.82  55544.105   81.8   3.217e-01 
  34186  0.594   1  2010  347  22.36  55544.127   81.8   3.277e-01 
  34187  0.594   1  2010  347  22.70  55544.141   81.8   1.686e-01 
  34188  1.189   2  2010  347  23.21  55544.163   81.8   1.828e-01 
  34190  1.189   2  2010  348   0.29  55544.208   81.8   5.404e-01 
  34191  0.594   1  2010  348   0.80  55544.229   81.8   5.567e-01 
  34192  0.594   1  2010  348   1.14  55544.243   81.8   4.643e-01 
  34193  0.333   1  2010  348   1.83  55544.272   81.8   2.481e-01 
  34194  1.000   3  2010  348   2.26  55544.290   81.8   3.362e-01 
  34809  0.533   2  2010  360  21.81  55557.105   81.4   2.730e-01 
  34810  0.533   2  2010  360  22.13  55557.118   81.4   1.320e-01 
  34859  0.533   2  2010  361  22.83  55558.147   81.1   2.540e-01 
  34860  0.533   2  2010  361  23.15  55558.160   81.1   1.838e-01 
  34915  0.500   1  2010  363   2.69  55559.308   80.9   7.384e-01 
  34958  0.778   1  2010  364   0.26  55560.206   80.8   2.303e-01 
  34959  0.778   1  2010  364   0.69  55560.224   80.8   2.580e-01 
  34960  0.500   1  2010  364   1.36  55560.252   80.7   3.071e-01 
  34961  1.000   2  2010  364   1.77  55560.269   80.7   5.174e-01 
  34999  0.800   3  2010  364  20.77  55561.061   80.6   8.418e-01 
  35001  0.800   3  2010  364  21.71  55561.100   80.6   2.397e-01 
  35005  0.622   1  2010  364  23.85  55561.189   80.6   7.097e-02 
  35006  0.622   1  2010  365   0.19  55561.203   80.6   1.745e-01 
  35007  1.244   2  2010  365   0.70  55561.225   80.6   3.346e-01 
  35009  1.000   2  2010  365   1.68  55561.266   80.6   4.705e-01 
  35010  0.500   1  2010  365   2.09  55561.283   80.6   4.482e-01 
  35049  0.800   3  2010  365  21.68  55562.099   80.6   1.843e-01 
  35051  1.333   1  2010  365  22.77  55562.144   80.6   8.065e-02 
  35053  1.244   2  2010  365  23.77  55562.186   80.6   1.887e-01 
  35054  0.622   1  2011    1   0.29  55562.207   80.6   2.441e-01 
  35055  0.622   1  2011    1   0.63  55562.222   80.6   2.725e-01 
  35056  0.778   1  2011    1   1.32  55562.250   80.6   3.564e-01 
  35057  0.778   1  2011    1   1.74  55562.268   80.6   6.566e-01 
  35095  0.800   3  2011    1  20.73  55563.059   80.5   6.282e-01 
  35096  0.533   2  2011    1  21.34  55563.085   80.5   3.067e-01 
  35097  0.533   2  2011    1  21.66  55563.098   80.5   1.845e-01 
  35101  1.556   2  2011    1  23.78  55563.186   80.5   5.196e-01 
  35148  0.778   1  2011    2  23.36  55564.169   80.5   1.318e-01 
  35149  0.778   1  2011    2  23.79  55564.187   80.5   2.182e-01 
  35151  1.556   2  2011    3   0.76  55564.227   80.5   2.400e-01 
  35153  1.000   2  2011    3   1.77  55564.269   80.5   1.005e+00 
  35154  0.500   1  2011    3   2.18  55564.286   80.5   1.589e+00 
  35155  0.500   1  2011    3   2.74  55564.310   80.5   1.249e+00 
  35156  1.000   2  2011    3   3.15  55564.327   80.6   1.075e+00 
  35190  0.594   1  2011    3  20.44  55565.047   80.6   1.258e+00 
  35191  0.594   1  2011    3  20.78  55565.062   80.6   6.690e-01 
  35192  1.189   2  2011    3  21.29  55565.083   80.6   3.847e-01 
  35194  0.800   3  2011    3  22.30  55565.125   80.6   1.351e-01 
  35198  0.778   1  2011    4   0.19  55565.204   80.6   9.410e-02 
  35199  0.778   1  2011    4   0.62  55565.221   80.7   2.018e-01 
  35239  1.000   1  2011    4  20.56  55566.052   80.8   1.189e+00 
  35240  1.000   1  2011    4  21.09  55566.074   80.8   5.806e-01 
  35241  1.000   1  2011    4  21.70  55566.100   80.8   2.227e-01 
  35242  1.000   1  2011    4  22.23  55566.122   80.8   2.022e-01 
  35246  0.778   1  2011    5   0.25  55566.206   80.8   7.737e-02 
  35247  0.778   1  2011    5   0.67  55566.224   80.8   7.126e-02 
  35297  0.500   1  2011    6   1.85  55567.273   80.9   2.401e-01 
  35298  1.000   2  2011    6   2.26  55567.290   80.9   3.829e-01 
  35299  0.500   1  2011    6   2.92  55567.317   80.9   6.241e-01 
  35300  1.000   2  2011    6   3.33  55567.334   80.9   6.167e-01 
  35301  1.000   1  2011    6   3.96  55567.361   80.9   1.101e+00 
  35342  0.778   1  2011    7   0.10  55568.200   80.9   3.509e-01 
  35343  0.778   1  2011    7   0.52  55568.217   80.9   7.231e-01 
  35344  0.667   1  2011    7   1.27  55568.249   80.9   1.434e+00 
  35345  1.333   2  2011    7   1.81  55568.271   80.9   1.519e+00 
  35346  0.667   1  2011    7   2.35  55568.294   80.9   1.151e+00 
  35348  1.333   2  2011    7   3.22  55568.330   80.9   3.022e-01 
  35349  0.667   1  2011    7   3.76  55568.352   81.0   2.452e-01 
  35350  0.667   1  2011    7   4.12  55568.367   81.0   2.902e-01 
  35431  1.333   1  2011    8  20.67  55570.057   81.4   1.402e+00 
  35438  1.556   2  2011    9   0.27  55570.207   81.4   4.473e-02 
  35488  0.778   1  2011   10   1.23  55571.247   81.6   2.534e-01 
  35489  0.778   1  2011   10   1.65  55571.264   81.6   1.393e-01 
  35490  0.778   1  2011   10   2.42  55571.296   81.6   8.786e-02 
  35491  0.778   1  2011   10   2.84  55571.314   81.6   2.124e-01 
  35530  1.333   1  2011   10  22.02  55572.113   81.7   2.246e-01 
  35532  1.333   1  2011   10  23.02  55572.155   81.8   1.021e-01 
  35577  1.000   2  2011   11  21.84  55573.105   81.8   6.562e-01 
  35578  0.500   1  2011   11  22.39  55573.128   81.8   3.020e-01 
  35579  1.000   2  2011   11  22.83  55573.147   81.8   3.080e-01 
  35580  0.500   1  2011   11  23.28  55573.166   81.8   2.538e-01 
  35581  1.000   2  2011   11  23.84  55573.189   81.8   6.100e-01 
  35583  0.500   1  2011   12   0.72  55573.226   81.8   4.098e-01 
  35584  1.000   2  2011   12   1.17  55573.244   81.8   2.683e-01 
  35585  0.500   1  2011   12   1.61  55573.263   81.8   2.938e-01 
  35586  0.856   2  2011   12   2.15  55573.285   81.8   2.958e-01 
  35587  0.856   2  2011   12   2.67  55573.307   81.8   2.258e-01 
  35625  0.428   1  2011   12  21.93  55574.110   81.7   1.901e-01 
  35626  0.856   2  2011   12  22.32  55574.126   81.7   4.901e-02 
  35627  0.428   1  2011   12  22.71  55574.142   81.7  -2.496e-02 
  35628  0.856   2  2011   12  23.28  55574.165   81.7   4.607e-02 
  35629  0.856   2  2011   12  23.79  55574.187   81.7   1.721e-01 
  36198  1.000   1  2011   24  20.28  55586.040   79.0   2.213e+00 
  36199  1.000   1  2011   24  20.80  55586.062   79.0   9.219e-01 
  36246  1.000   1  2011   25  20.48  55587.049   79.1   1.312e+00 
  36248  1.000   1  2011   25  21.00  55587.071   79.1   7.864e-01 
  36249  1.333   1  2011   25  21.91  55587.108   79.1   3.052e-01 
  36346  0.611   1  2011   27  22.34  55589.126   79.8   6.985e-01 
  36347  0.611   1  2011   27  22.68  55589.140   79.8   5.079e-01 
  36348  1.222   2  2011   27  23.18  55589.162   79.8   3.270e-01 
  36355  1.000   1  2011   28   2.75  55589.310   79.9   6.746e-01 
  36356  1.000   1  2011   28   3.28  55589.332   79.9   1.152e+00 
  36357  1.000   1  2011   28   3.91  55589.359   79.9   1.885e+00 
  36391  0.819   1  2011   28  20.98  55590.070   80.2   6.083e-01 
  36392  0.819   1  2011   28  21.40  55590.087   80.3   3.651e-01 
  36394  0.819   1  2011   28  22.34  55590.127   80.3   1.503e-01 
  36395  0.819   1  2011   28  22.77  55590.144   80.3   1.083e-01 
  36399  0.814   1  2011   29   0.60  55590.221   80.3   1.225e-01 
  36400  0.814   1  2011   29   1.03  55590.239   80.3   2.435e-01 
  36401  0.814   1  2011   29   1.76  55590.269   80.3   5.827e-01 
  36402  0.814   1  2011   29   2.19  55590.287   80.3   8.279e-01 
  36403  0.819   1  2011   29   2.94  55590.318   80.4   1.351e+00 
  36404  0.819   1  2011   29   3.37  55590.336   80.4   8.751e-01 
  36445  1.000   1  2011   29  23.66  55591.181   80.8   2.367e-01 
  36446  0.500   1  2011   30   0.49  55591.216   80.8   2.538e-01 
  36447  0.500   1  2011   30   0.76  55591.227   80.8   3.147e-01 
  36448  0.500   1  2011   30   1.02  55591.238   80.8   3.240e-01 
  36450  0.667   1  2011   30   2.36  55591.294   80.8   1.233e+00 
  36451  0.667   1  2011   30   2.72  55591.309   80.8   1.237e+00 
  36452  1.333   2  2011   30   3.26  55591.331   80.8   8.646e-01 
  36496  0.667   1  2011   31   1.38  55592.253   81.5   6.960e-01 
  36497  0.667   1  2011   31   1.74  55592.268   81.5   1.153e+00 
  36498  1.333   2  2011   31   2.28  55592.291   81.6   1.556e+00 
  36500  1.333   2  2011   31   3.26  55592.331   81.6   6.425e-01 
  36501  0.667   1  2011   31   3.80  55592.354   81.6   3.644e-01 
  36502  0.667   1  2011   31   4.16  55592.369   81.6   3.276e-01 
  36543  1.628   2  2011   32   0.73  55593.226   82.5   4.042e-01 
  36545  0.667   1  2011   32   1.83  55593.272   82.6   1.892e+00 
  36546  0.667   1  2011   32   2.19  55593.287   82.6   2.458e+00 
  36547  1.333   2  2011   32   2.73  55593.309   82.6   1.570e+00 
  36549  0.814   1  2011   32   3.73  55593.351   82.7   8.984e-01 
  36550  0.814   1  2011   32   4.16  55593.369   82.7   6.866e-01 
  36596  0.778   1  2011   33   3.18  55594.328   83.8   1.334e+00 
  36597  0.778   1  2011   33   3.60  55594.346   83.8   1.017e+00 
  36740  0.814   1  2011   36   3.17  55597.328   87.1   6.703e-01 
  36741  0.814   1  2011   36   3.60  55597.346   87.1   5.719e-01 
  36775  0.594   1  2011   36  20.79  55598.062   88.0   7.133e-01 
  36776  1.189   2  2011   36  21.30  55598.083   88.0   3.995e-01 
  36777  0.594   1  2011   36  21.81  55598.104   88.1   3.761e-01 
  36830  1.244   2  2011   38   0.23  55599.205   89.1   3.270e-01 
  36831  0.622   1  2011   38   0.73  55599.226   89.1   9.557e-01 
  36832  0.622   1  2011   38   1.08  55599.240   89.1   1.637e+00 
  36871  1.122   1  2011   38  20.76  55600.061   89.7   1.633e+00 
  36872  1.122   1  2011   38  21.35  55600.085   89.7   9.422e-01 
  36874  1.122   1  2011   38  22.03  55600.113   89.7   2.886e-01 
  36875  1.122   1  2011   38  22.62  55600.138   89.8   3.066e-01 
  36876  1.122   1  2011   38  23.42  55600.172   89.8   1.597e-01 
  36878  1.122   1  2011   39   0.01  55600.196   89.8   2.231e-01 
  36879  1.122   1  2011   39   0.73  55600.226   89.8   2.731e-01 
  36880  1.122   1  2011   39   1.32  55600.251   89.8   3.313e-01 
  36882  1.289   1  2011   39   2.10  55600.283   89.9   4.232e-01 
  36883  1.289   1  2011   39   2.77  55600.311   89.9   3.219e-01 
  36885  1.289   1  2011   39   3.58  55600.345   89.9   3.369e-01 
  36886  1.289   1  2011   39   4.25  55600.373   89.9   3.405e-01 
  36930  0.500   1  2011   40   2.44  55601.297   90.4   1.039e+00 
  36931  0.500   1  2011   40   2.74  55601.310   90.4   1.212e+00 
  36932  1.000   2  2011   40   3.18  55601.328   90.4   1.095e+00 
  36933  0.667   2  2011   40   3.76  55601.352   90.4   1.273e+00 
  36934  0.667   2  2011   40   4.19  55601.370   90.4   1.393e+00 
  36973  1.000   2  2011   40  23.77  55602.186   90.7   1.630e-01 
  36974  0.500   1  2011   41   0.21  55602.204   90.7   2.260e-01 
  36975  1.000   2  2011   41   0.68  55602.224   90.7   1.796e-01 
  36976  1.000   2  2011   41   1.29  55602.249   90.8   2.524e-01 
  36977  0.500   1  2011   41   1.74  55602.268   90.8   4.751e-01 
  36978  1.000   2  2011   41   2.23  55602.289   90.8   7.803e-01 
  36979  1.000   2  2011   41   2.83  55602.313   90.8   1.146e+00 
  36980  0.500   1  2011   41   3.31  55602.333   90.8   1.230e+00 
  36981  1.000   2  2011   41   3.75  55602.352   90.8   1.162e+00 
  36982  0.833   2  2011   41   4.30  55602.375   90.8   7.899e-01 
  37026  1.000   1  2011   42   2.39  55603.295   91.1   9.197e-01 
  37027  1.000   1  2011   42   2.91  55603.317   91.1   1.584e+00 
  37029  1.000   1  2011   42   3.66  55603.348   91.1   1.840e+00 
  37030  1.000   1  2011   42   4.17  55603.369   91.1   2.009e+00 
  37068  0.633   2  2011   42  23.24  55604.164   91.4   7.669e-01 
  37072  1.000   1  2011   43   1.09  55604.241   91.4   1.855e+00 
  37073  1.000   1  2011   43   1.62  55604.263   91.4   2.940e+00 
  37074  1.000   1  2011   43   2.19  55604.287   91.4   4.336e+00 
  37075  1.000   1  2011   43   2.71  55604.309   91.4   4.635e+00 
  37590  0.478   2  2011   53  20.37  55615.044  105.6   2.937e+00 
  37591  0.478   2  2011   53  20.71  55615.059  105.7   2.574e+00 
  37593  0.717   3  2011   53  21.68  55615.099  105.8   2.795e+00 
  37638  0.444   4  2011   54  20.20  55616.037  108.3   3.721e+00 
  37640  0.717   3  2011   54  21.17  55616.078  108.4   2.483e+00 
  37641  0.717   3  2011   54  21.75  55616.102  108.4   1.989e+00 
  37643  0.550   3  2011   54  22.71  55616.142  108.5   7.779e-01 
  37644  0.550   3  2011   54  23.32  55616.167  108.6   7.657e-01 
  37646  0.550   3  2011   55   0.23  55616.205  108.6   9.197e-02 
  37686  0.556   2  2011   55  20.27  55617.040  110.1   4.716e+00 
  37789  0.743   7  2011   57  23.74  55619.185  112.6   8.014e-01 
  37790  0.743   7  2011   58   0.23  55619.205  112.6   5.519e-01 
  37791  0.743   7  2011   58   0.72  55619.225  112.6   5.290e-01 
  37792  0.424   4  2011   58   1.10  55619.241  112.6   4.556e-01 
  37927  0.531   5  2011   60  20.80  55622.062  112.8   1.167e+00 
  37928  0.743   7  2011   60  21.22  55622.080  112.8   1.616e+00 
  37929  0.531   5  2011   60  21.64  55622.097  112.8   2.668e+00 
  37977  0.637   6  2011   61  21.75  55623.102  112.4   9.139e-01 
  37978  0.743   7  2011   61  22.25  55623.123  112.4   7.432e-01 
  37979  0.743   7  2011   61  22.77  55623.144  112.4   6.303e-01 
  37980  0.424   4  2011   61  23.15  55623.160  112.4   6.432e-01 
  38022  1.333   1  2011   62  20.40  55624.046  112.0   1.857e+00 
  38024  0.333   1  2011   62  21.31  55624.083  112.0   1.470e+00 
  38025  1.000   3  2011   62  21.74  55624.101  112.0   8.338e-01 
  38026  0.333   1  2011   62  22.43  55624.130  111.9   4.840e-01 
  38027  0.667   2  2011   62  22.75  55624.144  111.9   4.736e-01 
  38028  0.333   1  2011   62  23.07  55624.157  111.9   6.092e-01 
  38029  0.778   1  2011   62  23.60  55624.179  111.9   6.524e-01 
  38030  0.778   1  2011   63   0.03  55624.197  111.9   6.829e-01 
  38031  0.467   1  2011   63   0.87  55624.232  111.8   1.477e+00 
  38032  0.933   2  2011   63   1.26  55624.248  111.8   2.115e+00 
  38033  0.467   1  2011   63   1.65  55624.264  111.8   2.577e+00 
  38037  0.622   1  2011   63   3.69  55624.350  111.7   2.264e+00 
  38038  1.244   2  2011   63   4.21  55624.371  111.6   9.204e-01 
  38039  0.622   1  2011   63   4.72  55624.392  111.6   4.887e-01 
  38075  1.500   1  2011   63  22.61  55625.138  110.9   1.586e+00 
  38076  1.500   1  2011   63  23.37  55625.170  110.8   1.049e+00 
  38078  1.500   1  2011   64   0.35  55625.210  110.8   4.254e-01 
  38080  1.500   1  2011   64   1.11  55625.242  110.8   7.377e-01 
  38082  1.500   1  2011   64   2.16  55625.286  110.7   2.438e+00 
  38083  1.500   1  2011   64   2.93  55625.317  110.7   4.830e+00 
  38085  1.167   1  2011   64   3.69  55625.349  110.7   3.914e+00 
  38086  1.167   1  2011   64   4.29  55625.374  110.7   1.362e+00 
  38127  1.167   1  2011   65   0.59  55626.220  110.1   2.228e+00 
  38129  2.000   1  2011   65   1.62  55626.263  110.1   4.177e+00 
  38131  1.833   1  2011   65   2.93  55626.317  110.1   4.588e+00 
  38134  2.000   1  2011   65   4.15  55626.368  110.1   2.655e+00 
  38174  1.167   1  2011   66   0.17  55627.203  109.8   1.647e+00 
  38175  1.167   1  2011   66   0.78  55627.228  109.8   3.000e+00 
  38177  0.833   1  2011   66   1.51  55627.258  109.8   3.477e+00 
  38178  1.500   1  2011   66   2.22  55627.288  109.8   2.150e+00 
  38180  1.167   1  2011   66   3.10  55627.325  109.7   2.417e+00 
  38181  1.500   1  2011   66   3.87  55627.357  109.7   3.045e+00 
  38213  1.189   2  2011   66  19.81  55628.021  109.8   5.172e+00 
  38214  0.594   1  2011   66  20.32  55628.042  109.8   3.386e+00 
  38215  0.594   1  2011   66  20.66  55628.057  109.8   3.186e+00 
  38223  1.389   1  2011   67   0.50  55628.217  109.8   2.416e-01 
  38224  1.389   1  2011   67   1.22  55628.247  109.9   2.331e-01 
  38226  1.500   1  2011   67   2.18  55628.286  109.9   8.276e-01 
  38228  1.500   1  2011   67   3.10  55628.325  109.9   2.776e+00 
  38230  2.000   1  2011   67   4.22  55628.371  109.9   1.344e+00 
  38270  0.833   1  2011   68   0.39  55629.212  110.3   5.272e-01 
  38272  2.000   1  2011   68   1.35  55629.252  110.3   4.202e-01 
  38274  1.000   1  2011   68   2.38  55629.295  110.3   1.044e+00 
  38276  1.667   1  2011   68   3.18  55629.328  110.3   3.008e+00 
  38278  1.667   1  2011   68   4.25  55629.373  110.3   2.667e+00 
  38357  0.594   1  2011   69  19.74  55631.018  111.3   3.530e+00 
  38358  1.189   2  2011   69  20.25  55631.039  111.3   2.377e+00 
  38369  0.867   1  2011   70   1.82  55631.271  111.5   7.686e-01 
  38370  0.867   1  2011   70   2.28  55631.291  111.5   1.407e+00 
  38371  0.867   1  2011   70   2.74  55631.310  111.5   2.644e+00 
  38406  0.333   1  2011   70  20.36  55632.044  112.1   1.217e+00 
  38407  1.000   3  2011   70  20.79  55632.062  112.1   1.397e+00 
  38414  0.467   1  2011   71   0.39  55632.212  112.3   2.161e+00 
  38415  0.933   2  2011   71   0.78  55632.228  112.3   3.177e+00 
  38416  0.467   1  2011   71   1.17  55632.244  112.3   4.640e+00 
  38417  0.667   2  2011   71   1.88  55632.274  112.3   7.217e+00 
  38418  0.667   2  2011   71   2.31  55632.292  112.3   6.411e+00 
  38420  1.244   2  2011   71   3.23  55632.330  112.4   2.043e+00 
  38421  0.622   1  2011   71   3.75  55632.352  112.4   8.077e-01 
  38422  0.622   1  2011   71   4.09  55632.366  112.4   6.441e-01 
  38980  0.333   1  2011   82  19.45  55644.006  107.9   3.776e+00 
  38981  0.333   1  2011   82  19.97  55644.028  107.9   3.681e+00 
  38982  0.333   1  2011   82  20.38  55644.045  107.9   3.485e+00 
  39030  0.333   1  2011   83  20.09  55645.033  107.4   7.058e+00 
  39031  0.333   1  2011   83  20.51  55645.050  107.4   5.664e+00 
  39076  1.000   1  2011   84  19.34  55646.001  107.1   5.060e+00 
  39126  1.556   2  2011   85  20.25  55647.039  106.7   4.055e+00 
  39137  0.667   2  2011   86   1.85  55647.273  106.7   2.200e+00 
  39138  0.667   2  2011   86   2.28  55647.291  106.7   2.320e+00 
  39140  0.833   5  2011   86   3.24  55647.330  106.7   4.693e+00 
  39141  0.667   4  2011   86   3.73  55647.351  106.7   5.745e+00 
  39465  1.333   2  2011   92  21.75  55654.102  111.1   2.340e+00 
  39466  0.667   1  2011   92  22.29  55654.124  111.2   1.452e+00 
  39467  0.667   1  2011   92  22.65  55654.139  111.2   1.087e+00 
  39469  1.333   2  2011   92  23.72  55654.184  111.2   1.543e+00 
  39470  0.667   1  2011   93   0.26  55654.206  111.3   1.293e+00 
  39471  0.667   1  2011   93   0.62  55654.221  111.3   1.156e+00 
  39473  1.000   1  2011   93   1.63  55654.263  111.3   1.900e+00 
  39474  1.000   1  2011   93   2.15  55654.285  111.3   3.495e+00 
  39475  1.000   2  2011   93   2.73  55654.309  111.4   4.089e+00 
  39508  0.819   1  2011   93  19.41  55655.004  112.0   8.105e+00 
  39509  0.819   1  2011   93  19.83  55655.022  112.0   6.893e+00 
  39511  1.309   2  2011   93  20.68  55655.057  112.1   6.329e+00 
  39524  0.856   2  2011   94   3.35  55655.335  112.2   2.842e+00 
  39525  0.856   2  2011   94   3.86  55655.357  112.2   1.665e+00 
  39556  0.819   1  2011   94  19.37  55656.003  112.6   8.344e+00 
  39557  0.819   1  2011   94  19.80  55656.020  112.6   6.623e+00 
  39653  0.819   1  2011   96  19.99  55658.029  113.3   7.419e+00 
  39654  0.819   1  2011   96  20.41  55658.046  113.3   6.390e+00 
  39700  0.819   1  2011   97  19.37  55659.003  113.7   6.456e+00 
  39701  0.819   1  2011   97  19.79  55659.020  113.7   5.842e+00 
  39702  0.500   1  2011   97  20.48  55659.049  113.7   2.842e+00 
  39703  0.500   1  2011   97  20.75  55659.060  113.7   3.222e+00 
  39704  0.500   1  2011   97  21.03  55659.072  113.7   3.625e+00 
  39748  0.819   1  2011   98  19.34  55660.001  113.8   4.113e+00 
  39749  0.819   1  2011   98  19.76  55660.019  113.8   3.313e+00 
  39751  0.667   2  2011   98  20.85  55660.064  113.8   3.721e+00 
  39752  0.667   2  2011   98  21.27  55660.082  113.8   3.899e+00 
  39753  0.333   1  2011   98  21.93  55660.109  113.8   3.269e+00 
  39754  0.667   2  2011   98  22.25  55660.123  113.8   3.723e+00 
  39755  0.333   1  2011   98  22.58  55660.136  113.8   4.025e+00 
  39760  0.500   1  2011   99   1.33  55660.251  113.8   3.100e+00 
  39761  1.000   2  2011   99   1.75  55660.269  113.8   3.758e+00 
  39762  0.500   1  2011   99   2.17  55660.286  113.8   4.689e+00 
  39763  0.500   1  2011   99   2.78  55660.311  113.8   4.573e+00 
  39764  1.000   2  2011   99   3.20  55660.329  113.8   3.195e+00 
  39765  0.500   1  2011   99   3.61  55660.346  113.8   2.071e+00 
  39903  0.856   1  2011  102   0.61  55663.221  114.0   1.330e+00 
  40373  0.967   2  2011  111  19.74  55673.018  113.1   5.672e+00 
  40374  0.483   1  2011  111  20.40  55673.046  113.1   2.689e+00 
  40375  0.483   1  2011  111  20.67  55673.057  113.1   2.238e+00 
  40421  0.833   3  2011  112  19.81  55674.021  113.1   4.854e+00 
  40422  0.500   1  2011  112  20.25  55674.039  113.1   4.640e+00 
  40423  1.000   2  2011  112  20.70  55674.058  113.1   4.322e+00 
  40424  0.500   2  2011  112  21.28  55674.082  113.1   4.600e+00 
  40425  0.333   2  2011  112  21.79  55674.104  113.1   4.900e+00 
  40470  1.000   1  2011  113  20.11  55675.034  113.0   4.917e+00 
  40471  1.000   1  2011  113  20.64  55675.056  113.0   3.501e+00 
  40472  1.000   1  2011  113  21.29  55675.083  113.0   2.804e+00 
  40473  1.000   1  2011  113  21.81  55675.105  113.0   2.811e+00 
  40475  1.000   1  2011  113  22.51  55675.133  113.0   3.017e+00 
  40476  1.000   1  2011  113  23.04  55675.155  113.0   2.169e+00 
  40525  0.333   2  2011  114  23.90  55676.191  112.9   1.420e+00 
  40526  0.667   4  2011  115   0.23  55676.205  112.9   1.432e+00 
  40527  0.667   4  2011  115   0.67  55676.223  112.9   1.174e+00 
  40528  0.384   1  2011  115   1.25  55676.248  112.9   5.644e-01 
  40529  0.384   1  2011  115   1.87  55676.274  112.9   3.571e-01 
  40565  0.867   3  2011  115  19.77  55677.019  112.9   4.693e+00 
  40566  0.578   2  2011  115  20.20  55677.037  112.9   3.879e+00 
  40577  0.778   1  2011  116   1.69  55677.266  112.8   2.334e+00 
  40578  0.778   1  2011  116   2.11  55677.283  112.8   2.928e+00 
  40579  0.778   1  2011  116   2.88  55677.316  112.8   4.007e+00 
  40580  0.778   1  2011  116   3.30  55677.333  112.8   4.816e+00 
  40581  0.492   1  2011  116   3.80  55677.354  112.8   2.079e+00 
  40582  0.983   2  2011  116   4.20  55677.371  112.8   1.221e+00 
  40583  0.492   1  2011  116   4.61  55677.388  112.8   8.615e-01 
  40615  0.578   2  2011  116  20.75  55678.060  112.5   3.835e+00 
  40616  0.578   2  2011  116  21.10  55678.075  112.5   3.520e+00 
  40621  0.383   1  2011  116  23.97  55678.194  112.4   3.237e+00 
  40623  0.383   1  2011  117   0.62  55678.221  112.4   2.122e+00 
  40624  1.311   2  2011  117   1.29  55678.249  112.4   2.183e+00 
  40626  0.656   1  2011  117   2.39  55678.295  112.4   1.344e+00 
  40627  0.656   1  2011  117   2.74  55678.310  112.4   1.232e+00 
  40628  0.667   1  2011  117   3.41  55678.338  112.3   1.403e+00 
  40629  0.667   1  2011  117   3.78  55678.353  112.3   1.065e+00 
  40708  1.309   2  2011  118  19.23  55679.997  110.9   6.181e+00 
  40712  0.983   1  2011  118  21.37  55680.086  110.8   3.981e+00 
  40713  0.983   1  2011  118  21.89  55680.107  110.8   3.370e+00 
  40715  0.672   1  2011  118  22.65  55680.139  110.7   2.711e+00 
  40716  1.344   2  2011  118  23.19  55680.162  110.7   2.777e+00 
  40717  0.672   1  2011  118  23.74  55680.185  110.7   2.152e+00 
  40718  0.500   1  2011  119   0.33  55680.209  110.6   1.478e+00 
  40719  1.000   2  2011  119   0.74  55680.226  110.6   1.026e+00 
  40720  0.500   1  2011  119   1.16  55680.244  110.6   8.283e-01 
  40721  0.444   1  2011  119   1.72  55680.267  110.6   5.057e-01 
  40722  0.889   2  2011  119   2.16  55680.285  110.5   8.476e-01 
  40811  0.983   1  2011  120  22.60  55682.137  108.6   3.012e+00 
  40812  0.983   1  2011  120  23.11  55682.159  108.6   2.031e+00 
  40814  0.833   5  2011  121   0.22  55682.205  108.5   1.279e+00 
  40815  0.667   4  2011  121   0.72  55682.225  108.5   5.627e-01 
  40820  1.333   2  2011  121   3.27  55682.332  108.4   2.501e+00 
  40822  0.900   3  2011  121   4.25  55682.373  108.4   1.692e+00 
  40862  0.667   4  2011  122   0.27  55683.207  107.8   1.296e+00 
  40863  0.833   5  2011  122   0.77  55683.228  107.8   1.095e+00 
  40864  0.654   1  2011  122   1.43  55683.255  107.8   2.004e+00 
  40865  0.654   1  2011  122   1.77  55683.269  107.8   1.960e+00 
  40866  0.500   1  2011  122   2.31  55683.292  107.8   1.130e+00 
  40867  0.500   1  2011  122   2.65  55683.306  107.8   1.079e+00 
  40868  0.778   1  2011  122   3.42  55683.338  107.7   1.429e+00 
  40869  0.778   1  2011  122   3.84  55683.355  107.7   1.214e+00 
  40871  0.778   1  2011  122   4.64  55683.389  107.7   3.427e-01 
  40872  0.778   1  2011  122   5.06  55683.406  107.7   2.793e-01 
  40901  0.983   1  2011  122  19.70  55684.016  107.3   2.740e+00 
  40902  0.983   1  2011  122  20.22  55684.038  107.3   2.412e+00 
  40907  0.667   4  2011  122  22.74  55684.143  107.3   5.779e+00 
  40908  0.833   5  2011  122  23.23  55684.164  107.2   5.011e+00 
  40909  0.333   2  2011  122  23.75  55684.185  107.2   4.421e+00 
  40910  0.833   5  2011  123   0.27  55684.207  107.2   4.558e+00 
  40911  0.667   4  2011  123   0.76  55684.227  107.2   4.227e+00 
  40912  0.500   1  2011  123   1.39  55684.253  107.2   3.963e+00 
  40913  0.500   1  2011  123   1.73  55684.267  107.2   3.383e+00 
  40914  0.500   1  2011  123   2.18  55684.286  107.2   2.349e+00 
  40915  0.500   1  2011  123   2.52  55684.301  107.2   1.929e+00 
  40916  1.000   2  2011  123   3.24  55684.331  107.1   1.950e+00 
  40918  0.900   3  2011  123   4.20  55684.371  107.1   8.948e-01 
  40996  0.333   1  2011  124  19.31  55686.000  105.8   6.196e+00 
  40997  1.000   3  2011  124  19.74  55686.018  105.8   5.055e+00 
  41014  0.667   1  2011  125   4.44  55686.380  105.5   1.230e+00 
  41015  0.667   1  2011  125   4.81  55686.396  105.5   8.452e-01 
  41043  0.500   1  2011  125  18.87  55686.982  104.9   6.640e+00 
  41044  1.000   2  2011  125  19.29  55686.999  104.9   6.116e+00 
  41045  0.500   1  2011  125  19.70  55687.016  104.9   5.204e+00 
  41046  1.000   2  2011  125  20.22  55687.038  104.9   4.427e+00 
  41047  1.000   2  2011  125  20.77  55687.061  104.9   3.951e+00 
  41049  1.000   2  2011  125  21.69  55687.100  104.8   5.128e+00 
  41050  0.833   2  2011  125  22.31  55687.125  104.8   5.162e+00 
  41051  0.833   2  2011  125  22.78  55687.145  104.8   4.434e+00 
  41052  0.500   1  2011  125  23.27  55687.165  104.7   3.297e+00 
  41053  0.700   3  2011  125  23.66  55687.181  104.7   2.692e+00 
  41058  0.400   4  2011  126   2.36  55687.294  104.6   1.264e+00 
  41059  0.800   8  2011  126   2.75  55687.310  104.6   1.400e+00 
  41060  0.600   6  2011  126   3.25  55687.331  104.6   1.143e+00 
  41062  0.819   1  2011  126   4.38  55687.378  104.5   9.847e-01 
  41063  0.819   1  2011  126   4.80  55687.396  104.5   1.076e+00 
  41091  0.867   3  2011  126  18.80  55687.979  103.8   7.546e+00 
  41092  0.578   2  2011  126  19.23  55687.997  103.8   6.670e+00 
  41093  0.578   2  2011  126  19.90  55688.025  103.8   5.401e+00 
  41094  0.578   2  2011  126  20.24  55688.039  103.7   4.665e+00 
  41095  1.108   2  2011  126  20.84  55688.064  103.7   4.438e+00 
  41096  0.819   1  2011  126  21.38  55688.086  103.7   4.556e+00 
  41098  1.000   2  2011  126  22.20  55688.121  103.6   4.412e+00 
  41099  1.000   2  2011  126  22.75  55688.144  103.6   3.341e+00 
  41100  0.333   1  2011  126  23.41  55688.171  103.6   2.233e+00 
  41101  0.333   1  2011  126  23.60  55688.179  103.6   1.511e+00 
  41109  0.600   2  2011  127   3.78  55688.353  103.3   8.199e-01 
  41110  0.600   2  2011  127   4.13  55688.368  103.3   8.959e-01 
  41111  0.744   2  2011  127   4.80  55688.396  103.3   4.811e-01 
  41112  0.744   2  2011  127   5.22  55688.413  103.3   4.757e-01 
  41157  0.400   4  2011  128   3.86  55689.356  102.1   1.357e+00 
  41158  0.800   8  2011  128   4.25  55689.373  102.1   1.094e+00 
  41159  0.400   4  2011  128   4.64  55689.389  102.1   8.471e-01 
  41189  1.000   2  2011  128  19.81  55690.021  101.3   4.356e+00 
  41191  0.667   2  2011  128  20.74  55690.060  101.3   2.491e+00 
  41192  0.500   1  2011  128  21.28  55690.082  101.3   3.577e+00 
  41193  0.500   1  2011  128  21.58  55690.095  101.3   4.335e+00 
  41194  1.000   2  2011  128  22.18  55690.120  101.2   4.373e+00 
  41195  0.500   1  2011  128  22.79  55690.145  101.2   4.443e+00 
  41197  1.200   2  2011  128  23.69  55690.182  101.2   3.007e+00 
  41198  0.500   1  2011  129   0.38  55690.212  101.1   1.225e+00 
  41199  1.000   2  2011  129   0.83  55690.230  101.1   9.377e-01 
  41202  0.600   2  2011  129   2.24  55690.289  101.1   3.822e-01 
  41203  0.600   2  2011  129   2.60  55690.304  101.0   3.725e-01 
  41235  0.500   1  2011  129  18.95  55690.985  100.4   7.861e+00 
  41236  0.500   1  2011  129  19.24  55690.997  100.4   7.447e+00 
  41237  0.500   1  2011  129  19.72  55691.017  100.3   5.782e+00 
  41238  1.167   2  2011  129  20.28  55691.041  100.3   3.617e+00 
  41239  0.667   1  2011  129  20.86  55691.065  100.3   2.832e+00 
  41240  0.667   1  2011  129  21.25  55691.081  100.3   3.198e+00 
  41241  0.667   1  2011  129  21.74  55691.102  100.3   4.121e+00 
  41242  0.667   1  2011  129  22.12  55691.117  100.3   4.638e+00 
  41243  1.333   2  2011  129  22.70  55691.141  100.2   4.846e+00 
  41245  1.000   2  2011  129  23.68  55691.182  100.2   3.992e+00 
  41246  0.500   1  2011  130   0.34  55691.210  100.2   2.157e+00 
  41247  1.000   2  2011  130   0.76  55691.227  100.2   1.664e+00 
  41248  0.500   1  2011  130   1.17  55691.244  100.1   1.051e+00 
  41249  0.819   1  2011  130   1.82  55691.271  100.1   1.327e+00 
  41250  0.819   1  2011  130   2.25  55691.289  100.1   1.388e+00 
  41251  0.819   1  2011  130   2.81  55691.313  100.1   1.926e+00 
  41252  0.819   1  2011  130   3.24  55691.330  100.1   2.514e+00 
  41343  0.667   1  2011  132   0.90  55693.233   98.2   3.604e-01 
  41345  1.311   2  2011  132   1.74  55693.268   98.2   6.968e-01 
  41347  0.688   3  2011  132   2.78  55693.311   98.1   1.864e+00 
  41348  0.459   2  2011  132   3.13  55693.326   98.1   2.191e+00 
  41395  0.600   2  2011  133   2.76  55694.310   97.1   7.689e-01 
  41396  0.600   2  2011  133   3.11  55694.325   97.1   4.975e-01 
  41397  0.492   1  2011  133   3.86  55694.356   97.1   2.817e-01 
  41398  0.983   2  2011  133   4.27  55694.373   97.0   4.696e-01 
  41399  0.492   1  2011  133   4.67  55694.390   97.0   6.850e-01 
  41445  0.688   3  2011  134   3.73  55695.351   96.2   1.800e+00 
  41446  0.459   2  2011  134   4.08  55695.366   96.2   1.183e+00 
  41447  0.800   3  2011  134   4.79  55695.395   96.2   3.633e-01 
  41495  1.639   2  2011  135   4.71  55696.392   95.8   1.489e+00 
  41861  0.444   2  2011  142  19.84  55704.022   97.4   3.650e+00 
  41862  0.889   4  2011  142  20.26  55704.040   97.4   2.857e+00 
  41865  1.000   2  2011  142  21.67  55704.098   97.4   2.039e+00 
  41866  1.000   2  2011  142  22.22  55704.121   97.4   2.326e+00 
  41868  1.639   2  2011  142  23.21  55704.163   97.4   1.927e+00 
  41870  0.819   1  2011  143   0.11  55704.200   97.4   7.514e-01 
  42003  0.778   1  2011  145  18.92  55706.984   97.6   6.932e+00 
  42004  0.778   1  2011  145  19.34  55707.001   97.6   5.760e+00 
  42006  1.556   2  2011  145  20.27  55707.040   97.6   2.900e+00 
  42008  1.556   2  2011  145  21.21  55707.079   97.6   1.363e+00 
  42010  0.384   1  2011  145  22.13  55707.118   97.6   1.136e+00 
  42011  0.384   1  2011  145  22.75  55707.144   97.6   8.895e-01 
  42012  0.384   1  2011  145  23.23  55707.163   97.6   1.192e+00 
  42013  0.384   1  2011  145  23.85  55707.189   97.6   1.937e+00 
  42014  0.819   1  2011  146   0.46  55707.215   97.6   2.370e+00 
  42015  0.819   1  2011  146   0.88  55707.232   97.6   1.685e+00 
  42099  0.578   2  2011  147  18.78  55708.978   97.4   7.481e+00 
  42100  0.867   3  2011  147  19.22  55708.996   97.4   6.241e+00 
  42101  0.819   1  2011  147  19.97  55709.028   97.4   3.177e+00 
  42102  0.819   1  2011  147  20.39  55709.045   97.4   2.791e+00 
  42104  0.819   1  2011  147  21.13  55709.076   97.4   4.471e+00 
  42105  0.819   1  2011  147  21.55  55709.093   97.4   4.149e+00 
  42106  0.819   1  2011  147  22.35  55709.127   97.4   2.338e+00 
  42107  0.819   1  2011  147  22.77  55709.144   97.4   1.997e+00 
  42110  1.111   1  2011  148   0.21  55709.205   97.4   1.924e+00 
  42147  0.444   2  2011  148  18.90  55709.983   97.2   4.740e+00 
  42148  0.667   3  2011  148  19.25  55709.998   97.2   4.706e+00 
  42149  0.444   2  2011  148  19.60  55710.012   97.2   5.191e+00 
  42150  0.792   1  2011  148  20.26  55710.040   97.2   2.675e+00 
  42151  0.792   1  2011  148  20.68  55710.057   97.2   2.611e+00 
  42155  1.639   2  2011  148  22.74  55710.143   97.2   4.759e+00 
  42157  0.500   1  2011  148  23.76  55710.186   97.2   2.064e+00 
  42158  1.000   2  2011  149   0.17  55710.203   97.2   1.710e+00 
  42159  0.500   1  2011  149   0.59  55710.220   97.2   1.508e+00 
  42197  1.111   1  2011  149  19.50  55711.008   96.9   5.030e+00 
  42208  0.594   1  2011  150   1.22  55711.246   96.8   1.636e+00 
  42209  1.189   2  2011  150   1.73  55711.268   96.8   9.206e-01 
  42210  0.594   1  2011  150   2.24  55711.289   96.8   5.052e-01 
  42212  0.694   1  2011  150   3.14  55711.326   96.8   1.253e+00 
  42213  0.694   1  2011  150   3.51  55711.342   96.8   1.711e+00 
  42214  0.694   1  2011  150   4.17  55711.369   96.8   1.090e+00 
  42215  0.694   1  2011  150   4.54  55711.385   96.8   7.256e-01 
  42216  0.733   1  2011  150   5.19  55711.412   96.8   5.889e-01 
  42243  0.819   1  2011  150  18.83  55711.980   96.7   7.464e+00 
  42244  0.819   1  2011  150  19.26  55711.998   96.7   7.207e+00 
  42246  1.072   1  2011  150  20.09  55712.033   96.7   3.196e+00 
  42250  1.011   1  2011  150  22.48  55712.132   96.6   2.406e+00 
  42252  0.819   1  2011  150  23.25  55712.164   96.6   1.638e+00 
  42253  0.819   1  2011  150  23.67  55712.182   96.6   8.189e-01 
  42254  0.819   1  2011  151   0.37  55712.211   96.6   2.868e-01 
  42255  0.819   1  2011  151   0.79  55712.228   96.6   3.433e-01 
  42291  0.833   1  2011  151  18.83  55712.980   96.6   7.040e+00 
  42292  0.715   1  2011  151  19.25  55712.998   96.6   4.841e+00 
  42339  0.833   1  2011  152  18.57  55713.969   97.0   8.972e+00 
  42340  0.833   1  2011  152  19.02  55713.988   97.0   7.483e+00 
  42341  0.833   1  2011  152  19.83  55714.022   97.0   3.524e+00 
  42342  0.833   1  2011  152  20.28  55714.041   97.0   2.123e+00 
  42347  0.391   1  2011  152  22.76  55714.144   97.1   1.968e+00 
  42534  0.511   4  2011  156  20.23  55718.039   99.9   4.407e+00 
  42537  0.383   3  2011  156  21.67  55718.098   99.9   2.459e+00 
  42544  0.889   4  2011  157   1.24  55718.247  100.0   1.627e+00 
  42547  0.478   2  2011  157   2.77  55718.311  100.0   1.559e+00 
  42548  0.478   2  2011  157   3.11  55718.325  100.0   1.100e+00 
  42549  0.717   3  2011  157   3.71  55718.350  100.1   6.166e-01 
  42550  0.422   2  2011  157   4.21  55718.371  100.1   7.794e-01 
  42551  0.550   3  2011  157   4.72  55718.392  100.1   6.594e-01 
  42552  0.550   3  2011  157   5.32  55718.417  100.1   4.391e-01 
  42586  0.667   3  2011  157  22.25  55719.123  100.5   2.489e+00 
  42636  0.511   4  2011  158  23.23  55720.163  101.1   2.225e+00 
  42637  0.511   4  2011  158  23.82  55720.188  101.1   1.614e+00 
  42643  0.383   3  2011  159   2.86  55720.315  101.2   1.822e+00 
  42646  0.550   3  2011  159   4.18  55720.370  101.2   2.299e+00 
  42647  0.511   4  2011  159   4.76  55720.394  101.3   1.153e+00 
  42684  0.383   3  2011  159  23.35  55721.168  101.7   2.126e+00 
  42688  0.383   3  2011  160   1.32  55721.251  101.7   3.461e-01 
  42689  0.383   3  2011  160   1.79  55721.270  101.7   4.174e-01 
  42693  0.550   3  2011  160   3.69  55721.349  101.7   4.171e-01 
  42695  0.550   3  2011  160   4.65  55721.389  101.7   4.975e-01 
  42886  0.819   1  2011  164   4.30  55725.375  101.0   6.809e-01 
  42887  0.819   1  2011  164   4.72  55725.392  101.0   1.747e-01 
  43302  0.667   1  2011  172  20.31  55734.042   95.0   2.192e+00 
  43303  0.667   1  2011  172  20.68  55734.057   95.0   2.007e+00 
  43305  1.333   2  2011  172  21.69  55734.099   95.0   1.964e+00 
  43355  0.667   1  2011  173  22.97  55735.153   94.8   3.413e+00 
  43358  1.333   2  2011  174   0.25  55735.206   94.8   1.249e+00 
  43360  0.667   1  2011  174   1.16  55735.244   94.8   5.819e-01 
  43361  0.667   1  2011  174   1.53  55735.259   94.8   4.067e-01 
  43362  0.667   1  2011  174   2.41  55735.296   94.8   3.585e-01 
  43365  1.639   2  2011  174   3.73  55735.351   94.8   3.660e-01 
  43367  0.819   1  2011  174   4.74  55735.393   94.8   1.183e+00 
  43368  0.819   1  2011  174   5.17  55735.411   94.8   1.548e+00 
  43396  0.778   1  2011  174  19.37  55736.003   94.7   6.563e+00 
  43397  0.778   1  2011  174  19.79  55736.020   94.7   5.146e+00 
  43405  0.600   2  2011  174  23.80  55736.187   94.7   3.090e+00 
  43406  0.600   2  2011  175   0.15  55736.202   94.7   2.576e+00 
  43447  0.778   1  2011  175  20.90  55737.066   94.7   2.128e+00 
  43448  0.778   1  2011  175  21.32  55737.084   94.7   2.177e+00 
  43450  0.778   1  2011  175  22.32  55737.126   94.7   2.801e+00 
  43451  0.778   1  2011  175  22.74  55737.143   94.7   3.182e+00 
  43453  0.688   3  2011  175  23.80  55737.187   94.7   1.310e+00 
  43454  0.688   3  2011  176   0.22  55737.205   94.7   8.383e-01 
  43456  0.643   3  2011  176   1.13  55737.243   94.7   4.038e-01 
  43498  0.778   1  2011  176  22.49  55738.133   94.8   1.952e+00 
  43499  0.778   1  2011  176  22.91  55738.150   94.8   2.342e+00 
  43501  0.918   4  2011  176  23.78  55738.186   94.8   1.511e+00 
  43503  0.778   1  2011  177   0.65  55738.222   94.8   6.095e-01 
  43504  0.778   1  2011  177   1.06  55738.240   94.8   2.434e-01 
  43505  0.392   1  2011  177   1.81  55738.271   94.8   7.184e-02 
  43506  1.175   3  2011  177   2.23  55738.289   94.8   1.193e-02 
  43508  0.819   1  2011  177   3.33  55738.334   94.8   3.546e-02 
  43509  0.819   1  2011  177   3.75  55738.352   94.8   6.450e-01 
  43510  0.819   1  2011  177   4.41  55738.379   94.8   1.138e+00 
  43511  0.819   1  2011  177   4.83  55738.397   94.8   6.379e-01 
  43541  0.792   1  2011  177  19.61  55739.013   94.8   4.068e+00 
  43542  0.792   1  2011  177  20.03  55739.030   94.8   3.354e+00 
  43543  1.028   1  2011  177  20.74  55739.060   94.8   3.017e+00 
  43544  0.500   1  2011  177  21.38  55739.087   94.8   2.291e+00 
  43545  1.000   2  2011  177  21.80  55739.104   94.8   1.991e+00 
  43546  0.500   1  2011  177  22.21  55739.121   94.8   1.748e+00 
  43547  0.819   1  2011  177  22.94  55739.151   94.9   1.781e+00 
  43548  0.819   1  2011  177  23.37  55739.169   94.9   1.567e+00 
  43558  1.000   3  2011  178   4.28  55739.374   94.9   2.691e-01 
  43559  0.333   1  2011  178   4.71  55739.392   94.9   8.951e-02 
  43560  0.667   2  2011  178   5.15  55739.410   94.9   1.985e-01 
  43603  0.370   1  2011  179   2.93  55740.318   94.8   2.747e-01 
  43604  0.740   2  2011  179   3.26  55740.331   94.8   1.706e-01 
  43605  0.370   1  2011  179   3.58  55740.345   94.8   4.458e-01 
  43636  1.072   1  2011  179  19.38  55741.003   94.5   4.394e+00 
  43638  0.778   1  2011  179  20.44  55741.047   94.5   2.583e+00 
  43639  0.778   1  2011  179  20.86  55741.065   94.5   2.215e+00 
  43641  0.778   1  2011  179  21.83  55741.105   94.5   2.014e+00 
  43642  0.778   1  2011  179  22.25  55741.123   94.5   1.826e+00 
  43653  1.067   1  2011  180   4.00  55741.362   94.4   3.776e-01 
  43655  0.694   1  2011  180   4.76  55741.394   94.4   5.009e-01 
  43656  0.694   1  2011  180   5.13  55741.409   94.4   3.539e-01 
  43684  0.778   1  2011  180  19.27  55741.998   94.2   5.712e+00 
  43685  0.778   1  2011  180  19.68  55742.016   94.2   4.235e+00 
  43689  0.654   1  2011  180  21.90  55742.108   94.1   1.287e+00 
  43690  0.654   1  2011  180  22.24  55742.122   94.1   1.100e+00 
  43698  0.459   2  2011  181   2.23  55742.288   94.1   1.431e-01 
  43699  0.459   2  2011  181   2.58  55742.303   94.1   2.555e-01 
  43700  0.459   2  2011  181   3.30  55742.333   94.1   8.094e-01 
  43701  0.918   4  2011  181   3.72  55742.350   94.1   6.807e-01 
  43702  0.459   2  2011  181   4.33  55742.376   94.1   5.536e-01 
  43703  0.918   4  2011  181   4.75  55742.394   94.1   2.149e-01 
  44278  0.333   1  2011  193   4.31  55754.375   93.8   5.421e-01 
  44279  0.333   1  2011  193   4.83  55754.397   93.8   4.980e-01 
  44280  0.333   1  2011  193   5.35  55754.419   93.8   3.692e-01 
  44792  0.444   1  2011  203  21.34  55765.085  104.0   1.894e+00 
  44793  0.889   2  2011  203  21.80  55765.104  104.0   1.617e+00 
  44795  0.667   1  2011  203  22.66  55765.140  104.1   1.302e+00 
  44796  0.667   1  2011  203  23.04  55765.155  104.1   1.295e+00 
  44838  0.372   1  2011  204  20.48  55766.049  104.8   1.661e+00 
  44839  0.744   2  2011  204  20.80  55766.062  104.9   1.434e+00 
  44840  0.372   1  2011  204  21.12  55766.075  104.9   1.625e+00 
  44841  0.444   1  2011  204  21.71  55766.100  104.9   2.055e+00 
  44842  0.889   2  2011  204  22.18  55766.120  104.9   1.947e+00 
  44855  0.583   1  2011  205   4.61  55766.388  105.1   1.122e+00 
  44896  0.811   2  2011  206   1.19  55767.245  105.6   1.962e-01 
  45076  0.500   1  2011  209  19.44  55771.006  106.2   4.639e+00 
  45077  1.000   2  2011  209  19.86  55771.023  106.2   3.728e+00 
  45078  0.500   1  2011  209  20.27  55771.040  106.2   2.803e+00 
  45080  0.889   2  2011  209  21.23  55771.080  106.2   1.327e+00 
  45081  0.444   1  2011  209  21.70  55771.100  106.2   1.603e+00 
  45091  1.556   2  2011  210   2.73  55771.309  106.1   1.241e+00 
  45093  0.778   1  2011  210   3.64  55771.347  106.1   1.432e+00 
  45094  0.778   1  2011  210   4.07  55771.365  106.1   1.352e+00 
  45123  0.639   1  2011  210  18.85  55771.981  105.8   4.698e+00 
  45124  1.111   1  2011  210  19.44  55772.005  105.8   3.910e+00 
  45126  1.111   1  2011  210  20.06  55772.031  105.8   3.373e+00 
  45127  1.111   1  2011  210  20.68  55772.057  105.8   2.307e+00 
  45128  1.111   1  2011  210  21.39  55772.087  105.8   1.534e+00 
  45130  1.111   1  2011  210  22.08  55772.116  105.8   9.797e-01 
  45131  1.111   1  2011  210  22.71  55772.142  105.7   8.856e-01 
  45132  1.111   1  2011  210  23.44  55772.172  105.7   1.111e+00 
  45134  1.111   1  2011  211   0.06  55772.198  105.7   1.655e+00 
  45135  1.111   1  2011  211   0.68  55772.224  105.7   1.541e+00 
  45136  1.111   1  2011  211   1.38  55772.253  105.7   9.696e-01 
  45138  1.111   1  2011  211   2.00  55772.279  105.7   7.156e-01 
  45139  1.111   1  2011  211   2.62  55772.305  105.7   5.901e-01 
  45140  1.111   1  2011  211   3.32  55772.334  105.7   5.912e-01 
  45141  1.111   1  2011  211   3.94  55772.360  105.7   5.280e-01 
  45143  1.111   1  2011  211   4.56  55772.386  105.6   6.446e-01 
  45144  0.639   1  2011  211   5.25  55772.414  105.6   2.373e-01 
  45281  0.622   1  2011  214   1.82  55775.271  103.9   1.860e+00 
  45282  0.622   1  2011  214   2.16  55775.286  103.9   1.884e+00 
  45283  1.244   2  2011  214   2.67  55775.307  103.9   1.305e+00 
  45316  0.500   1  2011  214  19.32  55776.001  103.7   6.226e+00 
  45317  1.000   2  2011  214  19.74  55776.018  103.6   5.330e+00 
  45318  0.500   1  2011  214  20.15  55776.035  103.6   4.504e+00 
  45336  1.078   1  2011  215   5.17  55776.411  103.5   3.491e-01 
  45364  0.744   2  2011  215  19.27  55776.999  103.4   5.501e+00 
  45365  0.744   2  2011  215  19.70  55777.016  103.4   5.253e+00 
  45366  0.372   1  2011  215  20.31  55777.042  103.4   4.025e+00 
  45367  0.744   2  2011  215  20.78  55777.061  103.4   2.964e+00 
  45368  0.744   2  2011  215  21.20  55777.079  103.4   2.809e+00 
  45370  0.900   3  2011  215  22.29  55777.124  103.4   2.311e+00 
  45372  1.000   2  2011  215  23.16  55777.161  103.4   1.639e+00 
  45373  1.000   2  2011  215  23.71  55777.184  103.4   1.740e+00 
  45374  0.500   1  2011  216   0.47  55777.215  103.4   1.245e+00 
  45375  0.500   1  2011  216   0.75  55777.227  103.4   1.055e+00 
  45376  1.000   2  2011  216   1.16  55777.244  103.4   5.656e-01 
  45377  0.500   1  2011  216   1.83  55777.272  103.4   2.537e-01 
  45378  1.000   2  2011  216   2.24  55777.289  103.4   1.413e-01 
  45379  0.500   1  2011  216   2.66  55777.306  103.4   2.037e-01 
  45380  1.000   2  2011  216   3.14  55777.326  103.4   6.859e-01 
  45381  1.000   2  2011  216   3.69  55777.349  103.4   1.267e+00 
  45382  0.500   1  2011  216   4.32  55777.376  103.4   1.414e+00 
  45383  1.000   2  2011  216   4.74  55777.393  103.4   9.768e-01 
  45384  0.500   1  2011  216   5.15  55777.410  103.4   8.397e-01 
  45479  1.078   1  2011  218   4.85  55779.398  103.8   2.230e-01 
  45575  0.333   1  2011  220   4.85  55781.398  104.8   4.678e-01 
  45576  1.000   3  2011  220   5.24  55781.414  104.8   5.663e-01 
  46090  0.667   1  2011  230  22.37  55792.127  101.4   8.473e-01 
  46135  0.972   1  2011  231  20.65  55793.056  101.5   1.982e+00 
  46136  0.972   1  2011  231  21.17  55793.078  101.5   1.485e+00 
  46137  0.972   1  2011  231  21.69  55793.099  101.5   1.283e+00 
  46138  0.972   1  2011  231  22.20  55793.121  101.5   8.647e-01 
  46140  0.972   1  2011  231  23.17  55793.161  101.5   8.944e-01 
  46180  0.639   1  2011  232  19.35  55794.002  101.7   5.548e+00 
  46181  0.639   1  2011  232  19.71  55794.017  101.7   4.550e+00 
  46182  0.972   1  2011  232  20.49  55794.049  101.7   3.310e+00 
  46184  0.972   1  2011  232  21.01  55794.071  101.7   2.380e+00 
  46185  0.972   1  2011  232  21.52  55794.092  101.7   1.778e+00 
  46186  0.972   1  2011  232  22.04  55794.114  101.7   1.674e+00 
  46187  0.972   1  2011  232  22.95  55794.152  101.7   1.926e+00 
  46188  0.972   1  2011  232  23.47  55794.173  101.7   1.931e+00 
  46189  0.972   1  2011  232  23.98  55794.195  101.8   1.412e+00 
  46191  0.972   1  2011  233   0.50  55794.217  101.8   1.397e+00 
  46196  0.972   1  2011  233   3.08  55794.324  101.8   7.196e-01 
  46229  0.972   1  2011  233  19.70  55795.016  102.2   4.801e+00 
  46230  0.972   1  2011  233  20.22  55795.038  102.2   3.482e+00 
  46324  0.444   1  2011  235  19.34  55797.001  103.6   3.857e+00 
  46325  0.889   2  2011  235  19.81  55797.021  103.6   3.767e+00 
  46338  0.833   2  2011  236   2.22  55797.288  103.8   3.264e+00 
  46339  0.833   2  2011  236   2.76  55797.310  103.8   2.345e+00 
  46342  0.417   1  2011  236   4.33  55797.376  103.9   7.598e-01 
  46343  0.417   1  2011  236   4.60  55797.387  103.9   4.473e-01 
  46372  0.444   1  2011  236  19.48  55798.007  104.4   3.587e+00 
  46373  0.444   1  2011  236  19.79  55798.020  104.4   4.235e+00 
  46374  0.444   1  2011  236  20.11  55798.033  104.4   4.598e+00 
  46390  0.819   1  2011  237   4.23  55798.372  104.8   1.165e+00 
  46391  0.819   1  2011  237   4.66  55798.390  104.8   8.453e-01 
  46420  0.667   1  2011  237  19.27  55798.998  105.4   7.428e+00 
  46421  0.667   1  2011  237  19.64  55799.014  105.4   6.269e+00 
  46428  0.622   1  2011  237  23.32  55799.167  105.6   1.465e+00 
  46429  0.622   1  2011  237  23.67  55799.182  105.6   1.254e+00 
  46430  1.244   2  2011  238   0.18  55799.203  105.6   9.775e-01 
  46569  1.000   2  2011  240  21.82  55802.105  108.6   2.238e+00 
  46570  0.500   1  2011  240  22.23  55802.122  108.6   2.148e+00 
  46571  0.500   1  2011  240  22.51  55802.134  108.6   2.005e+00 
  46572  0.500   1  2011  240  23.13  55802.159  108.6   1.577e+00 
  46573  1.000   2  2011  240  23.82  55802.188  108.7   1.066e+00 
  46574  0.500   1  2011  241   0.24  55802.205  108.7   1.063e+00 
  46575  0.500   1  2011  241   0.51  55802.217  108.7   1.478e+00 
  46576  1.000   2  2011  241   1.23  55802.247  108.7   2.108e+00 
  46577  1.000   2  2011  241   1.78  55802.270  108.7   2.133e+00 
  46621  1.000   2  2011  241  23.80  55803.187  109.8   4.314e+00 
  46622  1.000   2  2011  242   0.35  55803.210  109.8   3.920e+00 
  46623  0.500   1  2011  242   0.98  55803.236  109.8   3.830e+00 
  46624  0.500   1  2011  242   1.26  55803.248  109.8   3.118e+00 
  46625  1.000   2  2011  242   1.67  55803.265  109.9   2.677e+00 
  46631  0.819   1  2011  242   4.59  55803.387  110.0   9.102e-01 
  46632  0.819   1  2011  242   5.01  55803.404  110.0   7.118e-01 
  46672  1.000   2  2011  243   1.29  55804.249  111.0   1.850e-01 
  46673  0.500   1  2011  243   1.72  55804.267  111.0   5.432e-01 
  46674  0.500   1  2011  243   2.01  55804.279  111.0   9.912e-01 
  46675  1.333   2  2011  243   2.78  55804.312  111.0   2.216e+00 
  46676  0.667   1  2011  243   3.34  55804.335  111.1   1.146e+00 
  46677  0.667   1  2011  243   3.72  55804.350  111.1   7.803e-01 
  46678  1.000   2  2011  243   4.32  55804.376  111.1   5.798e-01 
  46679  0.500   1  2011  243   4.75  55804.394  111.1   4.469e-01 
  46758  0.333   1  2011  244  20.46  55806.048  113.6   3.920e+00 
  46759  0.333   1  2011  244  20.66  55806.056  113.6   3.583e+00 
  46760  1.111   2  2011  244  21.28  55806.082  113.7   2.175e+00 
  46761  0.556   1  2011  244  21.80  55806.104  113.7   2.502e+00 
  46762  0.556   1  2011  244  22.11  55806.117  113.7   2.318e+00 
  46763  1.111   2  2011  244  22.77  55806.144  113.7   2.276e+00 
  46764  0.556   1  2011  244  23.29  55806.166  113.8   2.664e+00 
  46765  0.556   1  2011  244  23.59  55806.179  113.8   3.169e+00 
  46803  0.333   1  2011  245  18.93  55806.984  115.0   5.382e+00 
  46804  0.667   2  2011  245  19.26  55806.998  115.1   4.092e+00 
  46805  0.667   2  2011  245  19.69  55807.016  115.1   3.115e+00 
  46806  1.000   3  2011  245  20.23  55807.039  115.1   1.869e+00 
  46808  1.333   2  2011  245  21.26  55807.081  115.2   1.832e+00 
  46809  0.667   1  2011  245  21.92  55807.109  115.2   2.785e+00 
  46810  0.667   1  2011  245  22.30  55807.125  115.3   3.568e+00 
  46811  0.370   3  2011  245  22.83  55807.147  115.3   3.176e+00 
  46812  0.370   3  2011  245  23.24  55807.164  115.3   2.769e+00 
  46814  2.000   1  2011  246   0.32  55807.209  115.4   2.240e+00 
  46852  0.900   3  2011  246  19.32  55808.001  116.6   3.802e+00 
  46904  0.392   1  2011  247  21.38  55809.087  118.3   1.845e+00 
  46905  0.783   2  2011  247  21.70  55809.100  118.4   1.919e+00 
  46906  0.392   1  2011  247  22.01  55809.113  118.4   2.000e+00 
  46907  1.022   4  2011  247  22.74  55809.143  118.4   2.286e+00 
  46908  0.511   2  2011  247  23.16  55809.161  118.4   2.722e+00 
  46961  1.000   1  2011  249   1.79  55810.270  120.0   2.249e+00 
  46962  1.000   1  2011  249   2.32  55810.292  120.1   2.325e+00 
  46963  0.667   1  2011  249   2.89  55810.316  120.1   2.376e+00 
  46964  0.667   1  2011  249   3.25  55810.331  120.1   1.994e+00 
  46965  1.333   2  2011  249   3.78  55810.353  120.2   1.098e+00 
  46966  0.667   1  2011  249   4.32  55810.376  120.2   7.136e-01 
  46967  0.667   1  2011  249   4.68  55810.391  120.2   4.707e-01 
  47011  0.489   4  2011  250   2.75  55811.310  121.5   2.651e+00 
  47060  0.822   1  2011  251   3.47  55812.340  123.0   2.316e+00 
  47062  0.822   1  2011  251   4.36  55812.377  123.0   8.947e-01 
  47063  0.822   1  2011  251   4.78  55812.395  123.1   6.675e-01 
  47110  0.822   1  2011  252   4.08  55813.366  124.6   1.059e+00 
  47529  0.766   2  2011  260  21.89  55822.108  138.1   4.209e+00 
  47530  0.766   2  2011  260  22.32  55822.126  138.1   3.534e+00 
  47531  0.370   1  2011  260  22.93  55822.151  138.1   3.011e+00 
  47572  0.556   2  2011  261  19.27  55822.999  138.6   7.632e+00 
  47573  0.556   2  2011  261  19.65  55823.014  138.6   6.935e+00 
  47575  0.478   2  2011  261  20.78  55823.061  138.6   4.500e+00 
  47576  0.478   2  2011  261  21.12  55823.076  138.6   4.401e+00 
  47577  0.550   3  2011  261  21.75  55823.102  138.6   4.551e+00 
  47579  0.550   3  2011  261  22.77  55823.144  138.7   5.483e+00 
  47580  0.422   2  2011  261  23.23  55823.163  138.7   4.872e+00 
  47581  0.717   3  2011  261  23.70  55823.183  138.7   4.753e+00 
  47622  0.733   4  2011  262  20.22  55824.038  139.0   4.014e+00 
  47624  0.550   3  2011  262  21.26  55824.081  139.1   2.502e+00 
  47625  0.367   2  2011  262  21.84  55824.105  139.1   2.430e+00 
  47626  0.367   2  2011  262  22.12  55824.117  139.1   2.748e+00 
  47627  0.478   2  2011  262  22.80  55824.146  139.1   3.398e+00 
  47628  0.478   2  2011  262  23.15  55824.160  139.1   3.014e+00 
  47629  0.550   3  2011  262  23.72  55824.184  139.1   3.098e+00 
  47630  0.367   2  2011  263   0.25  55824.206  139.1   2.398e+00 
  47631  0.550   3  2011  263   0.77  55824.228  139.2   2.080e+00 
  47671  0.717   3  2011  263  20.77  55825.061  139.6   3.797e+00 
  47672  0.367   2  2011  263  21.32  55825.084  139.7   4.134e+00 
  47673  0.367   2  2011  263  21.60  55825.096  139.7   4.217e+00 
  47674  0.550   3  2011  263  22.31  55825.125  139.7   3.542e+00 
  47676  0.717   3  2011  263  23.26  55825.165  139.7   2.999e+00 
  47678  0.550   3  2011  264   0.29  55825.208  139.7   2.328e+00 
  47679  0.367   2  2011  264   0.74  55825.226  139.7   1.971e+00 
  47680  0.550   3  2011  264   1.19  55825.245  139.8   2.893e+00 
  47682  0.717   3  2011  264   2.22  55825.288  139.8   5.216e+00 
  47683  0.550   3  2011  264   2.85  55825.314  139.8   4.412e+00 
  47685  0.833   3  2011  264   3.81  55825.354  139.8   1.585e+00 
  47686  0.556   2  2011  264   4.28  55825.374  139.8   9.925e-01 
  47718  0.667   3  2011  264  20.18  55826.037  140.2   2.141e+00 
  47720  0.717   3  2011  264  21.31  55826.083  140.2   3.531e+00 
  47721  0.478   2  2011  264  21.91  55826.108  140.3   4.840e+00 
  47722  0.478   2  2011  264  22.25  55826.123  140.3   2.953e+00 
  47723  0.367   2  2011  264  22.91  55826.150  140.3   4.470e+00 
  47724  0.367   2  2011  264  23.20  55826.162  140.3   4.456e+00 
  47725  0.717   3  2011  264  23.75  55826.185  140.3   4.712e+00 
  47727  0.717   3  2011  265   0.81  55826.229  140.3   3.124e+00 
  47728  0.422   2  2011  265   1.29  55826.249  140.3   3.096e+00 
  47729  0.550   3  2011  265   1.75  55826.269  140.3   3.031e+00 
  47731  0.550   3  2011  265   2.69  55826.308  140.4   4.324e+00 
  47732  0.550   3  2011  265   3.30  55826.333  140.4   4.316e+00 
  47733  0.367   2  2011  265   3.74  55826.351  140.4   2.683e+00 
  47734  0.550   3  2011  265   4.18  55826.370  140.4   1.330e+00 
  47765  0.667   1  2011  265  19.81  55827.021  140.7   1.896e+00 
  47766  0.667   1  2011  265  20.19  55827.037  140.7   1.831e+00 
  47767  0.333   3  2011  265  20.90  55827.066  140.7   3.404e+00 
  47779  0.740   2  2011  266   2.82  55827.313  140.8   4.307e+00 
  47780  0.740   2  2011  266   3.25  55827.331  140.9   3.071e+00 
  47781  0.370   1  2011  266   3.93  55827.359  140.9   1.513e+00 
  47782  0.740   2  2011  266   4.25  55827.373  140.9   1.230e+00 
  47783  0.370   1  2011  266   4.57  55827.386  140.9   1.018e+00 
  47819  0.333   1  2011  266  22.80  55828.146  141.1   4.646e+00 
  47820  1.000   3  2011  266  23.23  55828.164  141.1   3.592e+00 
  47871  1.110   3  2011  268   0.75  55829.227  141.1   2.022e+00 
  47872  0.370   1  2011  268   1.18  55829.245  141.1   1.668e+00 
  47916  0.370   1  2011  268  23.44  55830.172  141.0   3.290e+00 
  47917  0.740   2  2011  268  23.76  55830.186  141.0   3.494e+00 
  47918  0.370   1  2011  269   0.08  55830.199  141.0   3.847e+00 
  47919  0.740   2  2011  269   0.69  55830.224  141.0   2.611e+00 
  47920  0.740   2  2011  269   1.12  55830.242  141.0   3.292e+00 
  48012  1.117   3  2011  270  23.25  55832.164  140.5   5.843e+00 
  48013  0.372   1  2011  270  23.67  55832.182  140.5   5.407e+00 
  48055  0.372   1  2011  271  20.83  55833.063  140.0   4.544e+00 
  48056  1.117   3  2011  271  21.25  55833.081  140.0   4.357e+00 
  48058  0.372   1  2011  271  22.30  55833.125  140.0   2.436e+00 
  48059  1.117   3  2011  271  22.72  55833.142  140.0   2.049e+00 
  48061  0.370   1  2011  271  23.73  55833.185  140.0   2.825e+00 
  48068  0.370   1  2011  272   3.43  55833.338  140.0   2.418e+00 
  48069  0.740   2  2011  272   3.75  55833.352  140.0   1.896e+00 
  48070  0.370   1  2011  272   4.07  55833.365  139.9   1.465e+00 
  48154  0.444   4  2011  273  22.23  55835.122  139.4   6.696e-01 
  48155  0.444   4  2011  273  22.76  55835.144  139.4   5.448e-01 
  48156  0.333   3  2011  273  23.17  55835.161  139.4   9.965e-01 
  48245  0.811   1  2011  275  19.70  55837.016  138.6   4.589e+00 
  48246  0.811   1  2011  275  20.12  55837.034  138.6   4.840e+00 
  48247  0.811   1  2011  275  20.82  55837.063  138.6   5.305e+00 
  48248  0.811   1  2011  275  21.24  55837.081  138.6   4.888e+00 
  48249  0.417   1  2011  275  21.93  55837.109  138.6   4.128e+00 
  48250  0.417   1  2011  275  22.20  55837.121  138.7   4.607e+00 
  48251  0.654   1  2011  275  22.88  55837.149  138.7   4.935e+00 
  48252  0.654   1  2011  275  23.22  55837.163  138.7   4.627e+00 
  48253  0.417   1  2011  275  23.78  55837.186  138.7   2.786e+00 
  48254  0.833   2  2011  276   0.18  55837.203  138.7   1.707e+00 
  48255  0.417   1  2011  276   0.58  55837.220  138.7   1.166e+00 
  48259  0.740   2  2011  276   2.88  55837.315  138.7   4.206e+00 
  48260  0.740   2  2011  276   3.31  55837.333  138.7   3.948e+00 
  48262  1.110   3  2011  276   4.27  55837.373  138.7   2.296e+00 
  48302  0.383   3  2011  277   0.12  55838.200  138.9   1.878e+00 
  48303  0.383   3  2011  277   0.79  55838.228  138.9   3.815e+00 
  48304  0.683   3  2011  277   1.33  55838.251  139.0   3.331e+00 
  48305  0.556   2  2011  277   1.78  55838.270  139.0   3.684e+00 
  48307  0.383   3  2011  277   2.83  55838.313  139.0   4.852e+00 
  48308  0.511   4  2011  277   3.23  55838.330  139.0   3.960e+00 
  48310  0.511   4  2011  277   4.24  55838.372  139.0   1.601e+00 
  48353  0.511   4  2011  278   1.74  55839.268  139.1   3.335e+00 
  48354  0.383   3  2011  278   2.19  55839.287  139.1   4.964e+00 
  48400  0.444   2  2011  279   1.31  55840.250  139.0   9.827e-01 
  48401  0.889   4  2011  279   1.70  55840.266  139.0   1.302e+00 
  48501  1.170   3  2011  281   3.72  55842.351  138.3   2.598e+00 
  48502  0.390   1  2011  281   4.15  55842.368  138.3   1.914e+00 
  48549  1.333   1  2011  282   3.95  55843.360  137.8   5.315e-01 
  48550  0.504   1  2011  282   4.43  55843.380  137.7   3.107e-01 
  48599  0.387   1  2011  283   4.52  55844.384  137.7   9.314e-01 
  48822  0.382   2  2011  287  20.28  55849.041  137.5   3.982e+00 
  48965  0.400   4  2011  290  19.61  55852.012  136.9   3.502e+00 
  49012  0.667   2  2011  291  19.26  55852.998  137.1   2.422e+00 
  49013  0.667   3  2011  291  19.74  55853.018  137.1   1.901e+00 
  49014  0.667   4  2011  291  20.18  55853.036  137.1   2.008e+00 
  49018  0.500   3  2011  291  22.34  55853.126  137.1   1.416e+00 
  49019  0.667   4  2011  291  22.70  55853.142  137.1   1.443e+00 
  49020  0.833   5  2011  291  23.21  55853.163  137.2   1.421e+00 
  49021  0.833   5  2011  291  23.80  55853.187  137.2   1.591e+00 
  49061  1.000   1  2011  292  19.56  55854.010  137.6   3.492e+00 
  49062  1.000   1  2011  292  20.08  55854.032  137.6   3.270e+00 
  49063  1.000   1  2011  292  20.66  55854.056  137.6   2.666e+00 
  49064  1.000   1  2011  292  21.18  55854.078  137.6   2.386e+00 
  49065  1.000   1  2011  292  21.91  55854.108  137.7   2.141e+00 
  49066  1.000   1  2011  292  22.43  55854.130  137.7   1.789e+00 
  49068  1.000   1  2011  292  23.01  55854.154  137.7   1.402e+00 
  49069  1.000   1  2011  292  23.53  55854.176  137.7   8.072e-01 
  49070  0.833   1  2011  293   0.22  55854.205  137.8   5.775e-01 
  49071  0.833   1  2011  293   0.67  55854.223  137.8   8.798e-01 
  49072  0.833   1  2011  293   1.17  55854.244  137.8   1.577e+00 
  49073  0.833   1  2011  293   1.61  55854.263  137.8   2.737e+00 
  49157  0.861   1  2011  294  19.84  55856.022  140.0   1.758e+00 
  49159  0.861   1  2011  294  20.64  55856.056  140.1   3.496e+00 
  49160  0.861   1  2011  294  21.09  55856.074  140.1   2.577e+00 
  49162  1.127   2  2011  294  22.22  55856.121  140.2   9.320e-01 
  49168  1.833   2  2011  295   1.24  55856.247  140.4   4.922e+00 
  49205  0.333   1  2011  295  19.97  55857.028  141.7   1.331e+00 
  49206  0.667   2  2011  295  20.29  55857.041  141.7   1.213e+00 
  49207  0.333   1  2011  295  20.61  55857.054  141.7   1.125e+00 
  49208  0.500   1  2011  295  21.36  55857.086  141.8   1.379e+00 
  49209  1.000   2  2011  295  21.81  55857.104  141.8   1.212e+00 
  49210  0.500   1  2011  295  22.26  55857.123  141.8   1.447e+00 
  49211  1.000   2  2011  295  22.76  55857.144  141.9   1.944e+00 
  49212  1.000   2  2011  295  23.35  55857.168  141.9   2.303e+00 
  49214  0.500   1  2011  296   0.23  55857.205  142.0   2.970e+00 
  49215  1.000   2  2011  296   0.67  55857.224  142.0   3.681e+00 
  49216  1.000   2  2011  296   1.30  55857.250  142.1   4.986e+00 
  49217  0.500   1  2011  296   1.78  55857.270  142.1   6.155e+00 
  49253  0.811   1  2011  296  19.86  55858.023  143.5   2.289e+00 
  49254  0.811   1  2011  296  20.28  55858.040  143.5   2.608e+00 
  49256  0.500   1  2011  296  21.41  55858.088  143.6   2.165e+00 
  49257  0.500   1  2011  296  21.70  55858.100  143.6   1.639e+00 
  49258  1.000   2  2011  296  22.15  55858.118  143.6   1.198e+00 
  49259  0.500   1  2011  296  22.98  55858.153  143.7   1.267e+00 
  49260  0.500   1  2011  296  23.28  55858.165  143.7   1.415e+00 
  49261  1.000   2  2011  296  23.72  55858.184  143.7   1.796e+00 
  49262  0.500   1  2011  297   0.22  55858.205  143.8   2.320e+00 
  49263  0.500   1  2011  297   0.52  55858.217  143.8   3.042e+00 
  49264  0.819   1  2011  297   1.17  55858.244  143.8   5.299e+00 
  49265  0.819   1  2011  297   1.59  55858.262  143.9   8.289e+00 
  49302  0.511   2  2011  297  20.39  55859.045  145.3   6.367e-01 
  49303  0.511   2  2011  297  20.67  55859.057  145.3   5.896e-01 
  49304  0.511   2  2011  297  21.25  55859.081  145.3   6.833e-01 
  49305  0.767   3  2011  297  21.76  55859.102  145.4   5.134e-01 
  49306  0.511   2  2011  297  22.11  55859.117  145.4   4.373e-01 
  49307  0.500   1  2011  297  22.71  55859.142  145.4   2.993e-01 
  49308  0.500   1  2011  297  23.01  55859.154  145.5   5.409e-01 
  49316  0.889   4  2011  298   3.28  55859.332  145.8   1.403e+00 
  49317  0.444   2  2011  298   3.67  55859.348  145.8   2.020e+00 
  49362  0.889   4  2011  299   2.23  55860.288  147.4   8.085e+00 
  49363  0.667   3  2011  299   2.67  55860.307  147.5   4.643e+00 
  49364  0.444   2  2011  299   3.38  55860.336  147.5   2.170e+00 
  49365  0.889   4  2011  299   3.77  55860.352  147.6   1.575e+00 
  49398  0.819   1  2011  299  20.33  55861.043  148.6   8.211e-01 
  49399  0.819   1  2011  299  20.75  55861.060  148.7   5.259e-01 
  49449  0.759   2  2011  300  21.70  55862.100  150.2   1.770e+00 
  49450  0.759   2  2011  300  22.13  55862.117  150.2   2.026e+00 
  49451  0.819   1  2011  300  22.88  55862.149  150.3   1.353e+00 
  49452  0.819   1  2011  300  23.31  55862.167  150.3   1.437e+00 
  49454  1.639   2  2011  301   0.28  55862.207  150.4   2.179e+00 
  49501  0.667   2  2011  301  23.86  55863.190  151.7   9.842e-01 
  49502  0.667   2  2011  302   0.29  55863.208  151.7   1.614e+00 
  49504  0.933   3  2011  302   1.32  55863.251  151.8   4.479e+00 
  49506  0.933   3  2011  302   2.22  55863.288  151.8   5.527e+00 
  49840  0.392   1  2011  309   1.36  55870.252  151.7   2.862e+00 
  50504  1.333   1  2011  322  21.19  55884.078  149.4   2.732e-01 
  50505  1.333   1  2011  322  21.88  55884.107  149.4   2.647e-01 
  50755  1.333   1  2011  328   2.70  55889.308  145.1   3.113e+00 
  50756  1.333   1  2011  328   3.39  55889.337  145.1   2.536e+00 
  50799  0.389   1  2011  329   0.88  55890.232  144.1   8.721e-01 
  50800  0.779   2  2011  329   1.20  55890.245  144.1   7.593e-01 
  50801  0.389   1  2011  329   1.51  55890.259  144.1   9.533e-01 
  50802  1.168   3  2011  329   2.22  55890.288  144.0   1.767e+00 
  50803  0.779   2  2011  329   2.81  55890.313  144.0   2.849e+00 
  50804  0.779   2  2011  329   3.29  55890.333  144.0   4.382e+00 
  50805  0.389   1  2011  329   3.61  55890.346  144.0   4.555e+00 
  50851  0.783   2  2011  330   2.85  55891.314  143.0   1.226e+00 
  50852  0.783   2  2011  330   3.27  55891.332  143.0   1.255e+00 
  50887  1.022   4  2011  330  20.78  55892.061  142.3   6.921e-01 
  50896  0.667   3  2011  331   1.31  55892.250  142.2   6.363e-01 
  50897  0.889   4  2011  331   1.76  55892.269  142.2   6.728e-01 
  50899  1.170   3  2011  331   2.78  55892.311  142.2   1.155e+00 
  50900  0.390   1  2011  331   3.20  55892.329  142.2   1.456e+00 
  50933  0.811   1  2011  331  19.90  55893.025  141.7   2.212e+00 
  50934  0.811   1  2011  331  20.32  55893.042  141.7   9.563e-01 
  50993  1.000   3  2011  333   1.71  55894.267  140.6   7.242e-01 
  50994  0.333   1  2011  333   2.07  55894.282  140.6   4.614e-01 
  51136  0.780   2  2011  336   1.38  55897.253  138.9   1.849e+00 
  51137  0.780   2  2011  336   1.81  55897.271  138.9   2.777e+00 
  51139  1.170   3  2011  336   2.74  55897.310  138.8   3.755e+00 
  51140  0.390   1  2011  336   3.16  55897.327  138.8   3.440e+00 
  51178  0.889   4  2011  336  22.26  55898.123  138.2   7.239e-01 
  51179  0.667   3  2011  336  22.71  55898.142  138.2   7.568e-01 
  51181  0.889   4  2011  336  23.80  55898.187  138.2   9.163e-01 
  51182  0.667   3  2011  337   0.25  55898.206  138.2   7.934e-01 
  51183  0.667   3  2011  337   0.79  55898.228  138.2   7.582e-01 
  51184  0.889   4  2011  337   1.24  55898.247  138.1   1.129e+00 
  51235  0.389   1  2011  338   2.88  55899.316  137.4   2.027e+00 
  51236  0.779   2  2011  338   3.20  55899.329  137.3   1.991e+00 
  51237  0.389   1  2011  338   3.52  55899.342  137.3   2.148e+00 
  51280  0.389   1  2011  339   1.05  55900.239  136.7   2.167e+00 
  51281  1.168   3  2011  339   1.78  55900.270  136.7   2.806e+00 
  51282  0.389   1  2011  339   2.21  55900.288  136.7   2.618e+00 
  51283  1.168   3  2011  339   2.79  55900.312  136.7   1.889e+00 
  51284  0.389   1  2011  339   3.21  55900.329  136.7   1.344e+00 
  51330  1.168   3  2011  340   2.25  55901.289  136.2   1.398e+00 
  51331  0.389   1  2011  340   2.67  55901.307  136.2   1.350e+00 
  51855  1.000   3  2011  351   0.81  55912.229  135.9   7.517e-01 
  51895  0.889   4  2011  351  20.72  55913.059  135.1   9.670e-01 
  51896  0.889   4  2011  351  21.23  55913.080  135.1   7.109e-01 
  51897  0.444   2  2011  351  21.89  55913.107  135.1   3.471e-01 
  51898  0.889   4  2011  351  22.27  55913.123  135.0   2.858e-01 
  51899  0.444   2  2011  351  22.65  55913.140  135.0   2.073e-01 
  51900  0.667   3  2011  351  23.27  55913.165  135.0   2.100e-01 
  51901  0.889   4  2011  351  23.72  55913.184  135.0   1.681e-01 
  51902  0.667   3  2011  352   0.29  55913.208  134.9   2.186e-01 
  51903  0.889   4  2011  352   0.80  55913.229  134.9   3.942e-01 
  51904  0.444   2  2011  352   1.19  55913.245  134.9   3.927e-01 
  51947  0.783   2  2011  352  22.71  55914.142  134.0   1.442e-01 
  51948  0.783   2  2011  352  23.13  55914.159  133.9   1.689e-01 
  51950  0.667   2  2011  353   0.31  55914.209  133.9   6.393e-01 
  51951  0.667   2  2011  353   0.67  55914.224  133.9   9.100e-01 
  52045  0.933   3  2011  354  23.71  55916.183  132.6   1.099e+00 
  52138  0.637   2  2011  356  22.35  55918.127  131.9   8.065e-01 
  52139  0.637   2  2011  356  22.70  55918.141  131.9   6.588e-01 
  52146  0.819   1  2011  357   2.46  55918.298  131.8   3.151e+00 
  52147  0.819   1  2011  357   2.89  55918.316  131.8   2.898e+00 
  52148  0.333   1  2011  357   3.33  55918.334  131.8   3.317e+00 
  52149  0.333   1  2011  357   3.52  55918.342  131.8   3.353e+00 
  52230  0.337   1  2011  358  20.36  55920.044  131.7   1.753e+00 
  52231  1.010   3  2011  358  20.72  55920.059  131.7   1.112e+00 
  52232  0.673   2  2011  358  21.17  55920.078  131.7   5.699e-01 
  52233  1.010   3  2011  358  21.78  55920.103  131.7   3.185e-01 
  52234  0.673   2  2011  358  22.23  55920.122  131.7   1.930e-01 
  52235  0.337   1  2011  358  22.50  55920.133  131.7   1.792e-01 
  52423  1.333   1  2011  362  20.51  55924.050  132.1   2.409e+00 
  52424  1.333   1  2011  362  21.22  55924.080  132.1   9.659e-01 
  52426  1.333   1  2011  362  22.44  55924.130  132.1   2.899e-01 
  52428  1.333   1  2011  362  23.14  55924.160  132.1   2.246e-01 
  52433  0.819   1  2011  363   1.94  55924.276  132.1   2.487e-01 
  52434  0.819   1  2011  363   2.36  55924.294  132.1   2.253e-01 
  52436  0.667   2  2011  363   3.28  55924.332  132.1   8.499e-01 
  52437  0.667   2  2011  363   3.67  55924.348  132.1   1.091e+00 
  52470  0.811   1  2011  363  20.49  55925.049  132.0   2.230e+00 
  52474  0.889   4  2011  363  22.20  55925.121  132.0   2.041e-01 
  52477  0.889   4  2011  363  23.75  55925.185  132.0   1.863e-01 
  52478  0.889   4  2011  364   0.26  55925.207  131.9   1.966e-01 
  53144  0.467   3  2012   12  21.22  55939.080  131.7   3.584e-01 
  53190  0.390   1  2012   13  20.33  55940.043  131.4   1.772e+00 
  53191  1.170   3  2012   13  20.76  55940.060  131.4   9.185e-01 
  53334  0.390   1  2012   16  20.43  55943.047  130.0   1.241e+00 
  53335  0.780   2  2012   16  20.74  55943.060  130.0   8.431e-01 
  53336  0.390   1  2012   16  21.06  55943.073  130.0   6.048e-01 
  53431  0.780   2  2012   18  20.88  55945.066  128.6   5.161e-01 
  53432  0.780   2  2012   18  21.31  55945.083  128.5   3.394e-01 
  53439  0.333   1  2012   19   0.86  55945.231  128.4   5.887e+00 
  53440  1.000   3  2012   19   1.25  55945.248  128.4   6.170e+00 
  53446  0.667   2  2012   19   4.12  55945.367  128.3   6.253e-01 
  53530  0.889   4  2012   20  22.22  55947.122  127.0   3.085e-01 
  53587  0.819   1  2012   22   2.79  55948.312  125.8   3.024e+00 
  53588  0.819   1  2012   22   3.21  55948.329  125.8   2.594e+00 
  53632  0.654   1  2012   23   1.41  55949.254  124.7   5.639e+00 
  53633  0.654   1  2012   23   1.75  55949.269  124.6   3.704e+00 
  53634  0.778   1  2012   23   2.41  55949.296  124.6   2.713e+00 
  53635  0.778   1  2012   23   2.83  55949.313  124.6   2.074e+00 
  53637  1.556   2  2012   23   3.77  55949.353  124.5   1.107e+00 
  53719  0.667   1  2012   24  20.72  55951.059  123.2   1.334e+00 
  53721  2.000   1  2012   24  21.87  55951.107  123.2   4.366e-01 
  53724  2.000   1  2012   24  23.02  55951.155  123.1   7.793e-01 
  53726  2.000   1  2012   25   0.47  55951.215  123.1   3.841e+00 
  53729  2.000   1  2012   25   1.62  55951.263  123.1   2.461e+00 
  53731  2.000   1  2012   25   2.99  55951.320  123.1   9.735e-01 
  53734  1.500   1  2012   25   4.02  55951.363  123.0   9.614e-01 
  53767  0.667   1  2012   25  20.55  55952.052  122.7   1.221e+00 
  53769  2.000   1  2012   25  21.62  55952.096  122.7   5.673e-01 
  53771  2.000   1  2012   25  22.81  55952.146  122.6   4.141e-01 
  53774  2.000   1  2012   26   0.46  55952.215  122.6   1.698e+00 
  53777  2.000   1  2012   26   1.64  55952.264  122.5   6.171e+00 
  53780  2.833   1  2012   26   3.22  55952.330  122.5   2.039e+00 
  53814  0.667   1  2012   26  20.13  55953.034  122.0   2.868e+00 
  53816  2.000   1  2012   26  21.19  55953.079  121.9   8.735e-01 
  53818  2.000   1  2012   26  22.36  55953.127  121.9   5.339e-01 
  53821  2.000   1  2012   26  23.73  55953.184  121.8   6.088e-01 
  53823  2.000   1  2012   27   0.88  55953.232  121.8   1.559e+00 
  53826  1.373   1  2012   27   2.10  55953.283  121.8   3.140e+00 
  53828  1.567   1  2012   27   3.39  55953.337  121.7   2.531e+00 
  53864  2.000   1  2012   27  21.18  55954.078  121.1   1.668e+00 
  53866  2.000   1  2012   27  22.33  55954.126  121.1   1.526e+00 
  53869  2.000   1  2012   27  23.75  55954.185  121.0   9.618e-01 
  53871  2.000   1  2012   28   0.92  55954.234  121.0   6.854e-01 
  53874  2.000   1  2012   28   2.13  55954.284  120.9   1.773e+00 
  53876  0.889   1  2012   28   3.17  55954.328  120.9   2.390e+00 
  53877  0.889   1  2012   28   3.76  55954.352  120.9   1.732e+00 
  53878  0.556   1  2012   28   4.28  55954.374  120.9   1.726e+00 
  53912  0.383   3  2012   28  21.36  55955.085  120.4   1.283e+00 
  53913  0.383   3  2012   28  21.81  55955.104  120.3   5.166e-01 
  53915  0.589   2  2012   28  22.83  55955.147  120.3   9.217e-01 
  53916  0.589   2  2012   28  23.22  55955.163  120.3   1.531e+00 
  53917  0.589   2  2012   28  23.62  55955.180  120.3   1.264e+00 
  53918  0.550   3  2012   29   0.23  55955.205  120.3   1.485e+00 
  53920  0.717   3  2012   29   1.30  55955.250  120.2   4.025e+00 
  53921  0.478   2  2012   29   1.81  55955.271  120.2   3.306e+00 
  53922  0.717   3  2012   29   2.32  55955.292  120.2   2.792e+00 
  53924  0.733   4  2012   29   3.28  55955.332  120.2   1.244e+00 
  53926  0.383   3  2012   29   4.19  55955.370  120.1   2.664e+00 
  54059  0.642   1  2012   31  22.86  55958.148  117.3   4.847e-01 
  54060  0.642   1  2012   31  23.23  55958.164  117.3   6.742e-01 
  54061  0.642   1  2012   31  23.67  55958.182  117.2   8.608e-01 
  54062  0.642   1  2012   32   0.04  55958.197  117.2   8.122e-01 
  54064  1.650   2  2012   32   1.24  55958.247  117.1   1.251e+00 
  54065  0.825   1  2012   32   1.98  55958.278  117.1   1.306e+00 
  54066  0.825   1  2012   32   2.44  55958.297  117.1   1.665e+00 
  54068  1.594   2  2012   32   3.27  55958.332  117.0   2.181e+00 
  54069  0.797   1  2012   32   3.98  55958.362  117.0   1.476e+00 
  54070  0.797   1  2012   32   4.43  55958.380  116.9   1.149e+00 
  54582  0.867   3  2012   42  20.27  55969.040  105.2   1.393e+00 
  54583  0.578   2  2012   42  20.70  55969.058  105.1   9.119e-01 
  54869  0.594   1  2012   48  19.95  55975.027  103.3   2.904e+00 
  54870  0.594   1  2012   48  20.29  55975.041  103.3   2.414e+00 
  54871  0.732   2  2012   48  20.67  55975.057  103.3   1.672e+00 
  54917  0.594   1  2012   49  19.87  55976.023  103.5   2.492e+00 
  54918  0.594   1  2012   49  20.21  55976.038  103.5   1.331e+00 
  54919  1.189   2  2012   49  20.72  55976.059  103.5   1.622e+00 
  54979  0.672   1  2012   51   2.95  55977.319  104.1   7.290e+00 
  54980  0.672   1  2012   51   3.31  55977.334  104.1   5.632e+00 
  54981  0.672   1  2012   51   3.68  55977.349  104.1   4.019e+00 
  54982  0.672   1  2012   51   4.04  55977.364  104.1   2.381e+00 
  55023  0.688   3  2012   52   0.74  55978.226  104.6   9.781e-01 
  55024  0.688   3  2012   52   1.16  55978.244  104.7   9.855e-01 
  55070  0.450   2  2012   53   0.15  55979.202  105.8   8.019e-01 
  55164  0.819   1  2012   54  23.23  55981.163  108.5   9.741e-01 
  55165  0.819   1  2012   54  23.65  55981.181  108.5   1.141e+00 
  55206  0.333   1  2012   55  20.32  55982.042  109.5   1.279e+00 
  55207  1.000   3  2012   55  20.71  55982.058  109.5   1.619e+00 
  55256  1.000   3  2012   56  21.30  55983.083  110.8   1.445e+00 
  55257  0.333   1  2012   56  21.65  55983.098  110.9   7.727e-01 
  55261  0.950   3  2012   56  23.69  55983.183  111.0   7.501e-01 
  55264  0.778   1  2012   57   1.33  55983.251  111.1   1.074e+00 
  55265  0.778   1  2012   57   1.75  55983.268  111.1   1.634e+00 
  55269  0.819   1  2012   57   3.94  55983.360  111.2   2.701e+00 
  55270  0.819   1  2012   57   4.36  55983.377  111.3   2.609e+00 
  55402  0.667   1  2012   59  22.32  55986.126  113.5   2.142e+00 
  55403  0.667   1  2012   59  22.68  55986.141  113.6   1.618e+00 
  55404  1.333   2  2012   59  23.22  55986.163  113.6   1.161e+00 
  55405  0.667   1  2012   59  23.98  55986.195  113.6   1.760e+00 
  55406  0.667   1  2012   60   0.34  55986.210  113.7   2.253e+00 
  55407  0.667   1  2012   60   0.70  55986.225  113.7   2.916e+00 
  55408  0.667   1  2012   60   1.06  55986.240  113.7   2.859e+00 
  55409  1.333   2  2012   60   1.71  55986.267  113.7   2.926e+00 
  55410  0.667   1  2012   60   2.25  55986.289  113.8   3.887e+00 
  55411  0.667   1  2012   60   2.61  55986.304  113.8   3.853e+00 
  55412  1.333   2  2012   60   3.25  55986.331  113.8   3.672e+00 
  55413  0.667   1  2012   60   3.79  55986.353  113.9   2.456e+00 
  55414  0.667   1  2012   60   4.15  55986.368  113.9   1.398e+00 
  55415  0.476   1  2012   60   4.55  55986.385  113.9   7.521e-01 
  55457  1.000   2  2012   61   1.72  55987.267  114.8   4.488e+00 
  55460  0.974   2  2012   61   3.29  55987.333  114.8   1.207e+00 
  55461  0.974   2  2012   61   3.81  55987.354  114.8   9.644e-01 
  55462  0.487   1  2012   61   4.32  55987.375  114.8   1.044e+00 
  55463  0.487   1  2012   61   4.58  55987.386  114.9   8.731e-01 
  55507  0.974   2  2012   62   2.77  55988.311  115.3   1.295e+00 
  55508  0.974   2  2012   62   3.29  55988.333  115.3   1.004e+00 
  55509  0.487   1  2012   62   3.96  55988.361  115.3   9.300e-01 
  55510  0.974   2  2012   62   4.35  55988.377  115.3   7.549e-01 
  55511  0.487   1  2012   62   4.75  55988.393  115.3   9.025e-01 
  55556  0.974   2  2012   63   3.23  55989.330  115.4   6.602e-01 
  55557  0.974   2  2012   63   3.76  55989.352  115.4   3.684e-01 
  55558  0.487   1  2012   63   4.26  55989.373  115.3   1.724e-01 
  55559  0.487   1  2012   63   4.52  55989.384  115.3   1.810e-01 
  56228  0.667   4  2012   77   3.26  56003.331  114.8   8.107e-01 
  56229  0.833   5  2012   77   3.75  56003.352  114.8   1.146e+00 
  56265  0.778   1  2012   77  21.79  56004.104  114.6   3.804e+00 
  56266  0.778   1  2012   77  22.21  56004.121  114.6   3.558e+00 
  56267  0.778   1  2012   77  22.90  56004.150  114.6   4.343e+00 
  56268  0.778   1  2012   77  23.31  56004.167  114.6   3.488e+00 
  56314  0.500   1  2012   78  22.29  56005.124  114.2   3.768e+00 
  56315  1.000   2  2012   78  22.70  56005.141  114.2   3.117e+00 
  56317  0.672   1  2012   78  23.70  56005.183  114.1   4.300e+00 
  56318  1.344   2  2012   79   0.25  56005.206  114.1   3.128e+00 
  56319  0.672   1  2012   79   0.79  56005.229  114.1   1.669e+00 
  56320  0.672   1  2012   79   1.44  56005.256  114.1   8.877e-01 
  56321  0.672   1  2012   79   1.80  56005.271  114.0   4.281e-01 
  56322  0.672   1  2012   79   2.17  56005.286  114.0   3.198e-01 
  56323  0.672   1  2012   79   2.53  56005.301  114.0   1.857e-01 
  56324  0.654   1  2012   79   3.18  56005.328  114.0   4.468e-01 
  56325  0.654   1  2012   79   3.52  56005.342  114.0   7.166e-01 
  56326  1.309   2  2012   79   4.32  56005.376  114.0   5.850e-01 
  56356  0.594   1  2012   79  19.48  56006.007  113.4   4.777e+00 
  56357  0.594   1  2012   79  19.82  56006.022  113.4   5.412e+00 
  56358  0.594   1  2012   79  20.16  56006.036  113.4   6.300e+00 
  56406  0.747   1  2012   80  20.19  56007.037  112.2   2.604e+00 
  56412  0.333   1  2012   80  23.28  56007.165  112.1   1.076e+00 
  56462  0.778   1  2012   82   0.22  56008.205  110.9   1.306e+00 
  56463  0.778   1  2012   82   0.64  56008.222  110.8   1.146e+00 
  56464  0.778   1  2012   82   1.48  56008.257  110.8   1.166e+00 
  56465  0.778   1  2012   82   1.90  56008.275  110.8   2.004e+00 
  56553  0.833   3  2012   83  21.82  56010.105  108.0   3.845e+00 
  56554  0.556   2  2012   83  22.26  56010.123  107.9   3.902e+00 
  56555  0.556   2  2012   83  22.62  56010.138  107.9   4.096e+00 
  56556  0.833   3  2012   83  23.23  56010.164  107.9   2.272e+00 
  56558  1.344   2  2012   84   0.19  56010.203  107.8   1.934e+00 
  56559  0.672   1  2012   84   0.73  56010.226  107.7   2.719e+00 
  56560  0.672   1  2012   84   1.10  56010.241  107.7   3.390e+00 
  56562  0.667   4  2012   84   2.23  56010.288  107.6   4.064e+00 
  56563  0.833   5  2012   84   2.72  56010.309  107.6   3.884e+00 
  56566  0.633   2  2012   84   4.32  56010.375  107.5   1.485e-01 
  56567  0.633   2  2012   84   4.69  56010.391  107.5   2.875e-01 
  56597  0.861   5  2012   84  19.74  56011.018  106.4   1.692e+00 
  56598  1.033   6  2012   84  20.26  56011.040  106.4   1.817e+00 
  56599  0.689   4  2012   84  20.83  56011.063  106.4   2.198e+00 
  56600  0.861   5  2012   84  21.25  56011.081  106.4   2.383e+00 
  56601  0.861   5  2012   84  21.77  56011.103  106.3   3.139e+00 
  56602  0.861   5  2012   84  22.28  56011.124  106.3   2.824e+00 
  56603  0.689   4  2012   84  22.72  56011.142  106.3   2.148e+00 
  56604  1.033   6  2012   84  23.26  56011.165  106.3   1.345e+00 
  56605  0.689   4  2012   84  23.73  56011.184  106.2   1.347e+00 
  56645  1.033   6  2012   85  19.74  56012.018  105.4   1.352e+00 
  56646  0.861   5  2012   85  20.26  56012.040  105.3   1.864e+00 
  56647  0.517   3  2012   85  20.87  56012.065  105.3   3.887e+00 
  56648  0.861   5  2012   85  21.25  56012.081  105.3   4.657e+00 
  56649  0.689   4  2012   85  21.69  56012.099  105.3   4.965e+00 
  56650  1.033   6  2012   85  22.24  56012.122  105.3   3.970e+00 
  56651  0.689   4  2012   85  22.71  56012.142  105.3   3.321e+00 
  56652  0.861   5  2012   85  23.23  56012.164  105.3   2.521e+00 
  56653  0.561   2  2012   85  23.71  56012.184  105.2   2.464e+00 
  56654  0.389   1  2012   86   0.03  56012.197  105.2   2.979e+00 
  56656  0.622   1  2012   86   1.30  56012.250  105.2   2.879e+00 
  56657  1.244   2  2012   86   1.82  56012.271  105.2   3.865e+00 
  56658  0.622   1  2012   86   2.33  56012.293  105.2   4.502e+00 
  56692  0.689   4  2012   86  19.34  56013.001  104.5   1.549e+00 
  56693  0.861   5  2012   86  19.76  56013.019  104.5   1.575e+00 
  56694  0.689   4  2012   86  20.24  56013.039  104.4   2.461e+00 
  56695  1.033   6  2012   86  20.76  56013.061  104.4   3.060e+00 
  56696  0.689   4  2012   86  21.26  56013.081  104.4   3.404e+00 
  56697  0.861   5  2012   86  21.77  56013.103  104.3   3.509e+00 
  56698  0.861   5  2012   86  22.24  56013.122  104.3   3.650e+00 
  56699  0.689   4  2012   86  22.78  56013.145  104.3   2.958e+00 
  56700  1.033   6  2012   86  23.25  56013.164  104.2   1.832e+00 
  56701  0.517   3  2012   86  23.76  56013.186  104.2   1.571e+00 
  56702  0.333   1  2012   87   0.46  56013.215  104.1   7.722e-01 
  56703  0.667   2  2012   87   0.74  56013.227  104.1   8.885e-01 
  56704  0.333   1  2012   87   1.03  56013.239  104.1   8.442e-01 
  56758  0.667   1  2012   88   4.37  56014.378  102.6   6.976e-01 
  56759  0.667   1  2012   88   4.73  56014.393  102.6   8.246e-01 
  56760  0.667   1  2012   88   5.09  56014.408  102.6   1.162e+00 
  57611  0.489   1  2012  105  22.97  56032.153  113.6   4.691e+00 
  57612  0.978   2  2012  105  23.36  56032.169  113.6   4.778e+00 
  57613  0.489   1  2012  105  23.75  56032.185  113.7   5.861e+00 
  57651  0.462   2  2012  106  18.86  56032.981  114.1   5.569e+00 
  57652  0.462   2  2012  106  19.14  56032.993  114.1   4.731e+00 
  57653  0.629   2  2012  106  19.78  56033.020  114.1   5.469e+00 
  57654  0.943   3  2012  106  20.26  56033.040  114.1   4.546e+00 
  57656  0.740   2  2012  106  21.22  56033.080  114.1   4.311e+00 
  57657  0.740   2  2012  106  21.65  56033.098  114.1   5.191e+00 
  57658  1.110   3  2012  106  22.28  56033.124  114.2   5.670e+00 
  57659  0.740   2  2012  106  22.83  56033.147  114.2   4.792e+00 
  57660  0.370   1  2012  106  23.17  56033.161  114.2   3.827e+00 
  57661  0.351   2  2012  106  23.71  56033.183  114.2   2.507e+00 
  57663  0.629   2  2012  107   0.71  56033.225  114.2   3.550e+00 
  57700  0.467   2  2012  107  19.22  56033.996  114.5   5.120e+00 
  57701  0.467   2  2012  107  19.65  56034.014  114.6   4.529e+00 
  57702  0.700   3  2012  107  20.29  56034.041  114.6   4.701e+00 
  57704  0.489   2  2012  107  21.30  56034.083  114.6   5.045e+00 
  57705  0.489   2  2012  107  21.75  56034.102  114.6   5.415e+00 
  57706  0.489   2  2012  107  22.24  56034.122  114.6   6.553e+00 
  57707  0.489   2  2012  107  22.69  56034.141  114.6   5.088e+00 
  57709  0.489   1  2012  107  23.93  56034.193  114.6   5.105e+00 
  57710  0.978   2  2012  108   0.32  56034.209  114.6   4.616e+00 
  57711  0.489   1  2012  108   0.71  56034.225  114.6   4.142e+00 
  57712  0.489   1  2012  108   1.27  56034.248  114.7   4.772e+00 
  57713  0.978   2  2012  108   1.80  56034.271  114.7   4.432e+00 
  57714  0.978   2  2012  108   2.32  56034.292  114.7   2.454e+00 
  57748  1.000   2  2012  108  19.20  56034.996  115.0   5.071e+00 
  57749  1.000   2  2012  108  19.77  56035.019  115.0   4.848e+00 
  57750  0.500   1  2012  108  20.29  56035.041  115.0   5.028e+00 
  57751  1.000   2  2012  108  20.72  56035.059  115.0   4.165e+00 
  57752  0.500   1  2012  108  21.15  56035.077  115.0   4.828e+00 
  57753  0.528   3  2012  108  21.78  56035.103  115.0   5.571e+00 
  57754  0.528   3  2012  108  22.26  56035.123  115.0   4.558e+00 
  57755  0.333   2  2012  108  22.68  56035.140  115.0   5.782e+00 
  57758  0.667   2  2012  109   0.30  56035.208  115.1   7.971e-01 
  57759  0.500   1  2012  109   0.65  56035.223  115.1   1.001e+00 
  57760  0.556   3  2012  109   1.20  56035.245  115.1   2.432e+00 
  57761  0.556   3  2012  109   1.69  56035.266  115.1   3.500e+00 
  57762  0.722   4  2012  109   2.25  56035.289  115.1   4.340e+00 
  57763  0.500   2  2012  109   2.77  56035.311  115.1   5.290e+00 
  57764  0.500   3  2012  109   3.20  56035.329  115.1   4.413e+00 
  57765  0.389   2  2012  109   3.74  56035.352  115.1   2.201e+00 
  57766  0.500   3  2012  109   4.36  56035.377  115.1   1.123e+00 
  57767  0.778   2  2012  109   4.86  56035.398  115.1   1.237e+00 
  57799  0.500   1  2012  109  20.88  56036.066  115.4   6.109e+00 
  57800  1.000   2  2012  109  21.31  56036.083  115.4   6.127e+00 
  57801  0.500   1  2012  109  21.74  56036.101  115.4   6.246e+00 
  57802  0.333   1  2012  109  22.33  56036.126  115.5   5.668e+00 
  57803  1.000   3  2012  109  22.72  56036.142  115.5   4.569e+00 
  57804  0.333   2  2012  109  23.22  56036.163  115.5   4.522e+00 
  57805  1.000   2  2012  109  23.72  56036.184  115.5   3.639e+00 
  57807  1.167   1  2012  110   0.53  56036.218  115.5   2.777e+00 
  57808  1.167   1  2012  110   1.14  56036.243  115.5   3.701e+00 
  57810  1.333   1  2012  110   2.02  56036.280  115.5   3.334e+00 
  57811  1.333   1  2012  110   2.71  56036.308  115.6   3.806e+00 
  57812  0.750   1  2012  110   3.50  56036.341  115.6   4.556e+00 
  57813  0.750   1  2012  110   3.90  56036.358  115.6   3.457e+00 
  57814  0.750   1  2012  110   4.30  56036.375  115.6   2.025e+00 
  57815  0.750   1  2012  110   4.70  56036.391  115.6   1.510e+00 
  57939  0.649   1  2012  112  18.87  56038.982  117.3   7.844e+00 
  57940  0.649   1  2012  112  19.22  56038.996  117.3   6.158e+00 
  57941  1.299   2  2012  112  19.73  56039.018  117.4   4.511e+00 
  57942  0.983   1  2012  112  20.42  56039.046  117.4   4.699e+00 
  57943  0.983   1  2012  112  20.93  56039.068  117.4   4.985e+00 
  57945  0.983   1  2012  112  21.68  56039.099  117.4   5.134e+00 
  57946  0.983   1  2012  112  22.21  56039.121  117.5   5.346e+00 
  57947  0.983   1  2012  112  22.74  56039.143  117.5   4.115e+00 
  57948  0.983   1  2012  112  23.27  56039.165  117.5   3.058e+00 
  57956  0.438   2  2012  113   3.27  56039.332  117.7   1.772e+00 
  57957  0.438   2  2012  113   3.58  56039.345  117.7   1.631e+00 
  57959  1.133   1  2012  113   4.62  56039.388  117.7   9.266e-01 
  57988  0.667   1  2012  113  19.17  56039.994  118.3   4.223e+00 
  57989  1.333   2  2012  113  19.71  56040.017  118.3   3.694e+00 
  57990  0.667   1  2012  113  20.25  56040.039  118.3   3.850e+00 
  57993  1.211   2  2012  113  21.71  56040.100  118.4   6.028e+00 
  57994  0.606   1  2012  113  22.22  56040.121  118.4   5.820e+00 
  57995  1.178   2  2012  113  22.76  56040.144  118.4   5.868e+00 
  57996  0.572   1  2012  113  23.30  56040.166  118.4   4.985e+00 
  57997  1.144   2  2012  113  23.79  56040.187  118.4   4.908e+00 
  58003  0.489   1  2012  114   2.88  56040.316  118.5   3.992e-01 
  58004  0.978   2  2012  114   3.27  56040.332  118.6   2.040e-01 
  58006  0.978   2  2012  114   4.33  56040.376  118.6   5.106e-02 
  58007  0.978   2  2012  114   4.84  56040.397  118.6   1.074e-01 
  58083  0.497   3  2012  115  18.79  56041.979  120.3   4.264e+00 
  58084  0.533   2  2012  115  19.22  56041.996  120.3   3.160e+00 
  58085  0.890   3  2012  115  19.69  56042.016  120.3   3.576e+00 
  58087  0.629   2  2012  115  20.69  56042.058  120.4   5.492e+00 
  58088  0.610   3  2012  115  21.28  56042.082  120.4   5.724e+00 
  58089  0.797   3  2012  115  21.82  56042.105  120.5   4.303e+00 
  58134  0.467   1  2012  116  20.49  56043.049  121.6   4.528e+00 
  58135  0.467   1  2012  116  20.75  56043.060  121.6   4.361e+00 
  58136  0.933   2  2012  116  21.14  56043.077  121.6   4.325e+00 
  58150  0.333   1  2012  117   4.34  56043.376  122.0   2.711e+00 
  58151  0.667   2  2012  117   4.87  56043.399  122.0   1.416e+00 
  58180  1.333   2  2012  117  19.28  56043.999  122.8   8.559e+00 
  58181  0.667   1  2012  117  19.82  56044.022  122.8   8.017e+00 
  58182  0.667   1  2012  117  20.18  56044.037  122.8   6.826e+00 
  58851  0.667   1  2012  131  18.68  56057.974  126.1   6.617e+00 
  58852  1.333   2  2012  131  19.22  56057.996  126.1   2.985e+00 
  58853  0.667   1  2012  131  19.76  56058.019  126.1   1.228e+00 
  58900  1.444   2  2012  132  19.30  56059.000  126.1   6.023e+00 
  59100  0.527   2  2012  136  23.18  56063.161  125.7   2.907e+00 
  59101  0.527   2  2012  136  23.79  56063.187  125.7   2.205e+00 
  59110  0.564   2  2012  137   4.35  56063.377  125.6   1.454e+00 
  59111  0.564   2  2012  137   4.74  56063.393  125.6   1.386e+00 
  59139  0.667   1  2012  137  18.75  56063.977  125.5   7.723e+00 
  59140  1.333   2  2012  137  19.29  56063.999  125.5   6.552e+00 
  59141  0.667   1  2012  137  19.83  56064.022  125.5   5.552e+00 
  59147  0.989   2  2012  137  22.83  56064.147  125.5   4.827e+00 
  59151  1.333   2  2012  138   0.70  56064.225  125.5   1.163e+00 
  59153  0.667   1  2012  138   1.70  56064.266  125.5   1.324e+00 
  59154  0.667   1  2012  138   2.06  56064.281  125.5   1.663e+00 
  59155  0.500   1  2012  138   2.81  56064.313  125.5   2.072e+00 
  59156  0.500   1  2012  138   3.09  56064.324  125.5   2.054e+00 
  59157  0.500   1  2012  138   3.75  56064.352  125.5   1.303e+00 
  59158  0.500   1  2012  138   4.03  56064.363  125.5   1.182e+00 
  59159  0.978   2  2012  138   4.81  56064.396  125.5   5.327e-01 
  59160  0.978   2  2012  138   5.33  56064.418  125.5   6.037e-01 
  59207  0.333   1  2012  139   4.55  56065.385  125.5   3.254e-01 
  59240  0.819   1  2012  139  21.39  56066.087  125.7   3.620e+00 
  59241  0.819   1  2012  139  21.81  56066.104  125.7   3.617e+00 
  59243  0.778   1  2012  139  22.61  56066.138  125.8   3.272e+00 
  59244  0.778   1  2012  139  23.03  56066.155  125.8   2.562e+00 
  59245  0.494   1  2012  139  23.79  56066.187  125.8   1.884e+00 
  59246  0.494   1  2012  140   0.05  56066.198  125.8   1.552e+00 
  59247  0.989   2  2012  140   0.75  56066.227  125.8   6.783e-01 
  59248  0.494   1  2012  140   1.46  56066.256  125.8   1.126e-01 
  59249  0.494   1  2012  140   1.72  56066.267  125.8   1.606e-01 
  59289  0.978   2  2012  140  21.77  56067.103  126.3   5.777e+00 
  59290  0.978   2  2012  140  22.29  56067.124  126.3   5.152e+00 
  59291  0.489   1  2012  140  22.92  56067.151  126.3   4.303e+00 
  59292  0.978   2  2012  140  23.31  56067.167  126.3   3.897e+00 
  59293  0.489   1  2012  140  23.70  56067.183  126.3   3.700e+00 
  59294  0.667   1  2012  141   0.19  56067.203  126.3   2.590e+00 
  59295  0.667   1  2012  141   0.55  56067.218  126.3   2.140e+00 
  59296  0.978   2  2012  141   1.31  56067.250  126.3   1.298e+00 
  59297  0.978   2  2012  141   1.83  56067.272  126.3   1.009e+00 
  59334  0.494   1  2012  141  20.32  56068.042  126.7   4.461e+00 
  59335  0.494   1  2012  141  20.58  56068.053  126.7   4.791e+00 
  59336  0.989   2  2012  141  21.26  56068.081  126.7   5.839e+00 
  59337  0.494   1  2012  141  21.91  56068.108  126.7   5.337e+00 
  59338  0.494   1  2012  141  22.17  56068.119  126.7   4.542e+00 
  59429  0.778   1  2012  143  19.90  56070.025  127.3   5.985e+00 
  59430  0.778   1  2012  143  20.32  56070.042  127.3   5.906e+00 
  59431  0.489   1  2012  143  20.99  56070.070  127.3   4.564e+00 
  59432  0.489   1  2012  143  21.46  56070.090  127.3   3.010e+00 
  59433  0.978   2  2012  143  21.85  56070.106  127.4   3.313e+00 
  59434  0.489   1  2012  143  22.24  56070.122  127.4   4.870e+00 
  59435  0.489   1  2012  143  22.85  56070.148  127.4   4.885e+00 
  59436  0.978   2  2012  143  23.24  56070.164  127.4   4.660e+00 
  59438  0.867   2  2012  144   0.28  56070.207  127.4   8.491e-01 
  59439  0.433   1  2012  144   0.68  56070.224  127.4   6.745e-01 
  59489  0.389   1  2012  145   1.90  56071.275  128.1   1.243e+00 
  59490  0.778   2  2012  145   2.29  56071.291  128.1   1.068e+00 
  59491  0.389   1  2012  145   2.68  56071.307  128.1   9.063e-01 
  60244  0.989   2  2012  160  19.23  56086.997  128.8   7.230e+00 
  60245  0.494   1  2012  160  19.88  56087.024  128.8   5.073e+00 
  60246  0.494   1  2012  160  20.14  56087.035  128.8   4.825e+00 
  60295  1.556   2  2012  161  20.72  56088.059  127.9   3.643e+00 
  60296  0.778   1  2012  161  21.46  56088.090  127.9   3.948e+00 
  60297  0.778   1  2012  161  21.88  56088.107  127.9   4.529e+00 
  60347  0.527   2  2012  162  22.67  56089.140  126.9   2.906e+00 
  60348  0.494   1  2012  162  23.31  56089.167  126.9   2.708e+00 
  60349  0.494   1  2012  162  23.57  56089.178  126.9   2.425e+00 
  60390  0.489   1  2012  163  20.45  56090.048  126.1   2.477e+00 
  60391  0.978   2  2012  163  20.84  56090.064  126.1   2.101e+00 
  60392  0.489   1  2012  163  21.23  56090.080  126.1   1.705e+00 
  60396  0.978   2  2012  163  23.17  56090.161  126.0   3.977e+00 
  60397  0.978   2  2012  163  23.68  56090.182  126.0   2.564e+00 
  60398  0.489   1  2012  164   0.44  56090.214  126.0   3.441e+00 
  60399  0.978   2  2012  164   0.83  56090.230  126.0   3.707e+00 
  60400  0.489   1  2012  164   1.22  56090.246  126.0   3.722e+00 
  60408  0.500   3  2012  164   5.23  56090.414  125.9   6.815e-01 
  60549  0.978   2  2012  167   3.83  56093.355  124.6   1.543e+00 
  60550  0.978   2  2012  167   4.34  56093.377  124.6   1.669e+00 
  60582  1.556   2  2012  167  20.25  56094.039  124.4   5.333e+00 
  60584  0.989   2  2012  167  21.35  56094.085  124.3   2.611e+00 
  60598  0.978   2  2012  168   4.37  56094.378  124.2   1.445e+00 
  60599  0.489   1  2012  168   4.76  56094.394  124.2   1.090e+00 
  60600  0.489   1  2012  168   5.02  56094.405  124.2   9.908e-01 
  60629  0.750   1  2012  168  19.91  56095.025  124.0   4.246e+00 
  60630  0.750   1  2012  168  20.31  56095.042  124.0   3.024e+00 
  60632  1.500   2  2012  168  21.29  56095.083  124.0   2.191e+00 
  60677  0.667   1  2012  169  19.96  56096.027  123.9   5.346e+00 
  60729  0.694   1  2012  170  21.95  56097.110  124.3   4.037e+00 
  60730  0.694   1  2012  170  22.33  56097.126  124.4   3.813e+00 
  60732  0.500   1  2012  170  23.14  56097.160  124.4   2.359e+00 
  61060  0.978   2  2012  177  19.36  56104.002  132.0   5.669e+00 
  61061  0.489   1  2012  177  19.74  56104.018  132.0   5.105e+00 
  61062  0.489   1  2012  177  20.00  56104.029  132.0   4.728e+00 
  61063  0.978   2  2012  177  20.68  56104.057  132.1   3.337e+00 
  61064  0.978   2  2012  177  21.20  56104.079  132.1   2.662e+00 
  61078  0.489   1  2012  178   4.45  56104.381  132.5   9.630e-01 
  61128  1.500   1  2012  179   5.05  56105.406  133.7   7.415e-01 
  61636  0.900   3  2012  189  19.22  56115.996  141.7   5.944e+00 
  61638  0.333   2  2012  189  20.41  56116.046  141.7   3.289e+00 
  61639  0.333   2  2012  189  20.63  56116.055  141.7   3.200e+00 
  61641  0.900   3  2012  189  21.78  56116.103  141.7   2.441e+00 
  61829  0.667   1  2012  193  19.95  56120.027  141.6   3.906e+00 
  61877  1.333   2  2012  194  19.76  56121.019  141.2   5.130e+00 
  61878  0.667   1  2012  194  20.30  56121.041  141.2   4.888e+00 
  61879  0.667   1  2012  194  20.66  56121.056  141.2   4.498e+00 
  61923  0.667   1  2012  195  18.82  56121.980  141.1   7.348e+00 
  61924  0.667   1  2012  195  19.18  56121.995  141.1   7.184e+00 
  61925  0.667   1  2012  195  19.67  56122.015  141.1   7.450e+00 
  61983  1.333   2  2012  197   0.77  56123.228  140.9   8.268e-01 
  61984  0.667   1  2012  197   1.31  56123.250  140.9   3.578e-01 
  61985  0.667   1  2012  197   1.67  56123.265  140.9   3.117e-01 
  62126  0.655   1  2012  200   0.47  56126.215  138.7   2.251e+00 
  62127  0.655   1  2012  200   0.81  56126.229  138.7   2.221e+00 
  62128  1.310   2  2012  200   1.32  56126.251  138.6   2.153e+00 
  62182  0.667   1  2012  201   4.27  56127.373  137.8   4.768e-01 
  62183  1.270   2  2012  201   4.79  56127.395  137.8   3.622e-01 
  62356  1.333   1  2012  204  19.30  56131.000  134.1   3.679e+00 
  62357  1.333   1  2012  204  19.99  56131.029  134.1   2.336e+00 
  63231  0.978   2  2012  223   0.77  56149.227  122.3   6.669e-01 
  63232  0.978   2  2012  223   1.28  56149.249  122.3   4.419e-01 
  63233  0.489   1  2012  223   1.93  56149.276  122.3   4.942e-01 
  63234  0.978   2  2012  223   2.32  56149.292  122.3   8.774e-01 
  63235  0.489   1  2012  223   2.71  56149.309  122.3   1.241e+00 
  63411  0.407   3  2012  226  18.74  56152.977  118.7   8.153e+00 
  63459  0.500   1  2012  227  18.93  56153.984  117.5   5.904e+00 
  63460  0.500   1  2012  227  19.21  56153.996  117.5   5.429e+00 
  63461  0.500   1  2012  227  19.77  56154.019  117.5   4.833e+00 
  63462  0.500   1  2012  227  20.04  56154.031  117.5   4.581e+00 
  63468  0.333   1  2012  227  23.31  56154.167  117.3   2.471e+00 
  63469  1.000   3  2012  227  23.70  56154.183  117.2   2.400e+00 
  63507  0.407   3  2012  228  18.82  56154.980  116.1   8.091e+00 
  63518  0.722   1  2012  229   0.15  56155.202  116.0   1.229e+00 
  63519  0.722   1  2012  229   0.53  56155.218  116.0   1.206e+00 
  63606  0.833   1  2012  230  20.36  56157.044  115.0   4.031e+00 
  63607  0.833   1  2012  230  20.81  56157.063  115.0   3.413e+00 
  63608  0.833   1  2012  230  21.41  56157.088  115.0   2.887e+00 
  63609  0.833   1  2012  230  21.86  56157.106  115.0   2.909e+00 
  63611  0.833   1  2012  230  22.76  56157.144  115.0   3.246e+00 
  63612  0.833   1  2012  230  23.20  56157.162  115.0   3.303e+00 
  63613  0.833   1  2012  230  23.68  56157.182  114.9   2.533e+00 
  63614  0.833   1  2012  231   0.12  56157.201  114.9   1.615e+00 
  63615  0.750   3  2012  231   0.72  56157.225  114.9   1.249e+00 
  63617  0.750   3  2012  231   1.68  56157.266  114.9   6.557e-01 
  63652  0.500   2  2012  231  19.26  56157.998  114.8   6.477e+00 
  63653  0.750   3  2012  231  19.77  56158.019  114.8   5.086e+00 
  63654  0.500   2  2012  231  20.24  56158.039  114.8   4.593e+00 
  63655  0.333   1  2012  231  20.84  56158.064  114.8   4.323e+00 
  63656  1.000   3  2012  231  21.27  56158.082  114.8   3.502e+00 
  63659  1.111   2  2012  231  22.78  56158.145  114.8   1.138e+00 
  63660  0.556   1  2012  231  23.36  56158.169  114.8   6.035e-01 
  63661  0.556   1  2012  231  23.67  56158.182  114.8   2.416e-01 
  63662  0.667   2  2012  232   0.29  56158.208  114.9   2.809e-01 
  63663  0.500   1  2012  232   0.74  56158.226  114.9   1.466e-01 
  63664  0.500   1  2012  232   1.02  56158.238  114.9   1.265e-01 
  64005  2.267   1  2012  239   3.61  56165.346  116.7   1.920e+00 
  64051  0.761   1  2012  240   2.70  56166.308  117.2   1.972e+00 
  64052  0.761   1  2012  240   3.42  56166.338  117.2   2.811e+00 
  64053  0.761   1  2012  240   3.84  56166.356  117.2   1.993e+00 
  64101  0.667   3  2012  241   3.78  56167.353  117.6   1.365e+00 
  64102  0.889   4  2012  241   4.22  56167.372  117.6   1.224e+00 
  64667  0.667   2  2012  252  22.89  56179.149  119.9   4.156e+00 
  64814  0.722   1  2012  256   0.30  56182.208  122.1   2.276e+00 
  64815  0.722   1  2012  256   0.70  56182.225  122.1   2.154e+00 
  64860  1.667   1  2012  256  23.23  56183.164  122.7   2.898e+00 
  64862  1.667   1  2012  257   0.37  56183.211  122.7   3.123e+00 
  64864  0.655   1  2012  257   1.26  56183.248  122.7   2.900e+00 
  64865  1.310   2  2012  257   1.77  56183.269  122.7   2.385e+00 
  64866  0.655   1  2012  257   2.28  56183.291  122.8   1.586e+00 
  64870  0.722   1  2012  257   4.30  56183.375  122.8   5.908e-01 
  64871  0.722   1  2012  257   4.69  56183.391  122.8   7.934e-01 
  64918  0.722   1  2012  258   4.27  56184.374  123.0   5.388e-01 
  64919  0.722   1  2012  258   4.67  56184.390  123.0   4.529e-01 
  64953  0.750   1  2012  258  21.77  56185.102  122.9   3.928e+00 
  64954  0.750   1  2012  258  22.17  56185.119  122.9   2.942e+00 
  64998  1.000   3  2012  259  20.26  56186.040  122.6   2.537e+00 
  64999  0.333   1  2012  259  20.69  56186.057  122.5   3.261e+00 
  65008  0.655   1  2012  260   1.22  56186.246  122.5   6.128e-01 
  65009  1.310   2  2012  260   1.73  56186.268  122.5   4.292e-01 
  65010  0.655   1  2012  260   2.24  56186.289  122.5   8.699e-01 
  65057  0.649   1  2012  261   1.70  56187.266  122.2   2.737e+00 
  65058  1.299   2  2012  261   2.21  56187.288  122.2   2.769e+00 
  65059  0.649   1  2012  261   2.73  56187.309  122.2   4.665e+00 
  65060  0.649   1  2012  261   3.30  56187.333  122.2   4.120e+00 
  65061  0.649   1  2012  261   3.65  56187.347  122.2   2.245e+00 
  65062  1.299   2  2012  261   4.26  56187.373  122.1   1.312e+00 
  65099  1.667   1  2012  261  22.85  56188.148  121.9   1.709e+00 
  65140  1.167   2  2012  262  19.32  56189.001  121.5   2.867e+00 
  65141  0.583   1  2012  262  19.80  56189.020  121.5   2.767e+00 
  65142  0.583   1  2012  262  20.12  56189.034  121.5   2.921e+00 
  65200  0.649   1  2012  264   1.41  56190.254  120.7   4.276e+00 
  65201  0.649   1  2012  264   1.76  56190.269  120.7   4.953e+00 
  65202  1.299   2  2012  264   2.27  56190.290  120.7   5.055e+00 
  65204  1.299   2  2012  264   3.24  56190.331  120.6   2.570e+00 
  65205  0.649   1  2012  264   3.76  56190.352  120.6   1.868e+00 
  65206  0.684   2  2012  264   4.22  56190.371  120.6   1.153e+00 
  65207  0.629   2  2012  264   4.72  56190.392  120.6   6.530e-01 
  65236  0.350   1  2012  264  19.40  56191.004  120.1   1.629e+00 
  65237  0.700   2  2012  264  19.71  56191.017  120.1   1.397e+00 
  65238  0.350   1  2012  264  20.01  56191.029  120.1   1.338e+00 
  65247  0.900   2  2012  265   0.67  56191.223  119.9   9.796e-01 
  65248  0.777   2  2012  265   1.18  56191.245  119.9   1.076e+00 
  65249  0.900   2  2012  265   1.84  56191.272  119.9   3.288e+00 
  65250  0.900   2  2012  265   2.34  56191.293  119.8   5.390e+00 
  65251  0.450   1  2012  265   2.87  56191.315  119.8   4.040e+00 
  65252  0.900   2  2012  265   3.25  56191.331  119.8   2.143e+00 
  65253  0.739   2  2012  265   3.76  56191.352  119.8   1.100e+00 
  65254  0.867   3  2012  265   4.30  56191.375  119.8   6.796e-01 
  65292  0.444   4  2012  265  23.16  56192.161  119.0   3.490e+00 
  65297  0.597   1  2012  266   1.73  56192.268  118.9   1.436e+00 
  65298  1.197   2  2012  266   2.22  56192.288  118.9   1.696e+00 
  65299  0.672   1  2012  266   2.83  56192.314  118.9   2.633e+00 
  65300  0.672   1  2012  266   3.20  56192.329  118.9   2.797e+00 
  66100  0.958   2  2012  282  19.30  56209.000  125.5   3.117e+00 
  66105  0.413   2  2012  282  21.70  56209.100  125.5   1.810e+00 
  66106  0.489   1  2012  282  22.29  56209.124  125.5   3.024e+00 
  66107  0.978   2  2012  282  22.68  56209.140  125.5   3.948e+00 
  66108  0.489   1  2012  282  23.07  56209.157  125.5   3.311e+00 
  66109  0.978   2  2012  282  23.76  56209.185  125.5   1.485e+00 
  66110  0.978   2  2012  283   0.28  56209.207  125.6   7.053e-01 
  66114  0.333   1  2012  283   2.37  56209.294  125.6   8.796e-01 
  66115  0.667   2  2012  283   2.70  56209.308  125.6   1.036e+00 
  66116  0.333   1  2012  283   3.02  56209.321  125.6   1.355e+00 
  66117  0.489   1  2012  283   3.81  56209.354  125.6   5.685e+00 
  66118  0.978   2  2012  283   4.20  56209.371  125.6   4.238e+00 
  66151  1.667   1  2012  283  20.74  56210.060  125.9   1.280e+00 
  66153  1.667   1  2012  283  21.96  56210.111  125.9   2.123e+00 
  66155  0.489   1  2012  283  22.91  56210.150  125.9   2.485e+00 
  66156  0.978   2  2012  283  23.30  56210.166  125.9   2.268e+00 
  66157  0.489   1  2012  283  23.68  56210.182  125.9   2.421e+00 
  66160  0.489   1  2012  284   1.38  56210.253  125.9   1.467e+00 
  66161  0.978   2  2012  284   1.76  56210.269  125.9   1.529e+00 
  66162  0.489   1  2012  284   2.15  56210.285  125.9   1.333e+00 
  66208  0.978   2  2012  285   1.17  56211.244  125.9   3.171e-01 
  66209  0.978   2  2012  285   1.69  56211.266  125.9   5.035e-01 
  66261  0.625   5  2012  286   3.80  56212.354  125.7   9.568e-01 
  66310  0.400   4  2012  287   4.13  56213.368  125.4   5.913e-01 
  66345  0.350   1  2012  287  21.61  56214.096  125.1   1.550e+00 
  66389  0.978   2  2012  288  19.82  56215.021  124.6   4.849e+00 
  66390  0.978   2  2012  288  20.33  56215.043  124.6   4.262e+00 
  66392  0.626   2  2012  288  21.33  56215.084  124.6   2.972e+00 
  66393  0.626   2  2012  288  21.69  56215.099  124.5   3.314e+00 
  66397  0.761   1  2012  288  23.59  56215.178  124.5   1.702e+00 
  66398  0.761   1  2012  289   0.01  56215.196  124.5   1.245e+00 
  66437  0.667   1  2012  289  19.68  56216.015  124.1   1.934e+00 
  66438  0.667   1  2012  289  20.04  56216.030  124.1   1.775e+00 
  66446  0.978   2  2012  290   0.21  56216.204  124.0   4.151e+00 
  66447  0.978   2  2012  290   0.72  56216.226  124.0   6.249e+00 
  66448  0.494   1  2012  290   1.46  56216.257  124.0   8.299e+00 
  66449  0.494   1  2012  290   1.73  56216.267  124.0   9.476e+00 
  66450  0.978   2  2012  290   2.24  56216.289  124.0   8.903e+00 
  66451  0.978   2  2012  290   2.75  56216.310  124.0   4.098e+00 
  66452  0.489   1  2012  290   3.45  56216.339  124.0   1.407e+00 
  66453  0.978   2  2012  290   3.84  56216.356  124.0   1.068e+00 
  66454  0.489   1  2012  290   4.23  56216.372  124.0   1.211e+00 
  66490  0.978   2  2012  290  22.21  56217.121  123.7   1.160e+00 
  66491  0.978   2  2012  290  22.73  56217.143  123.7   1.330e+00 
  66494  0.489   1  2012  291   0.42  56217.213  123.7   1.606e+00 
  66495  0.978   2  2012  291   0.81  56217.229  123.7   2.353e+00 
  66496  0.489   1  2012  291   1.20  56217.245  123.7   2.656e+00 
  66497  0.978   2  2012  291   1.85  56217.273  123.7   5.010e+00 
  66498  0.978   2  2012  291   2.37  56217.294  123.7   5.484e+00 
  66544  0.978   2  2012  292   1.15  56218.243  123.4   7.559e+00 
  66545  0.978   2  2012  292   1.67  56218.265  123.4   7.121e+00 
  66546  0.489   1  2012  292   2.43  56218.297  123.4   5.620e+00 
  66547  0.978   2  2012  292   2.82  56218.313  123.4   4.212e+00 
  66548  0.489   1  2012  292   3.21  56218.329  123.4   3.046e+00 
  66549  0.494   1  2012  292   3.77  56218.353  123.4   1.926e+00 
  66550  0.494   1  2012  292   4.03  56218.364  123.4   1.717e+00 
  66582  0.444   1  2012  292  20.21  56219.038  123.2   3.223e+00 
  66583  0.489   1  2012  292  20.81  56219.063  123.2   3.906e+00 
  66584  0.978   2  2012  292  21.20  56219.079  123.2   2.428e+00 
  66585  0.489   1  2012  292  21.59  56219.095  123.2   2.331e+00 
  66587  0.989   2  2012  292  22.85  56219.148  123.2   2.087e+00 
  66588  0.489   1  2012  292  23.50  56219.175  123.1   1.283e+00 
  66589  0.489   1  2012  292  23.75  56219.185  123.1   1.887e+00 
  66590  0.978   2  2012  293   0.14  56219.201  123.1   2.627e+00 
  66591  0.978   2  2012  293   0.80  56219.229  123.1   3.543e+00 
  66592  0.978   2  2012  293   1.31  56219.250  123.1   6.854e+00 
  66629  0.778   2  2012  293  19.71  56220.017  122.9   1.374e+00 
  66630  0.778   2  2012  293  20.31  56220.042  122.9   1.731e+00 
  66631  0.389   1  2012  293  20.80  56220.062  122.9   1.645e+00 
  66632  0.778   2  2012  293  21.22  56220.080  122.9   1.698e+00 
  66633  0.389   1  2012  293  21.63  56220.097  122.9   1.099e+00 
  66634  0.778   2  2012  293  22.14  56220.118  122.9   1.527e+00 
  66635  0.717   2  2012  293  22.80  56220.146  122.9   2.434e+00 
  66636  0.389   1  2012  293  23.20  56220.162  122.9   2.653e+00 
  66637  0.389   1  2012  293  23.74  56220.185  122.9   3.035e+00 
  66638  0.467   1  2012  294   0.22  56220.205  122.9   3.888e+00 
  66639  0.933   2  2012  294   0.64  56220.222  122.9   3.397e+00 
  66640  0.933   2  2012  294   1.26  56220.248  122.9   4.172e+00 
  66641  0.467   1  2012  294   1.73  56220.268  122.9   5.670e+00 
  66642  0.933   2  2012  294   2.15  56220.285  122.9   6.857e+00 
  66643  0.467   1  2012  294   2.85  56220.314  122.8   4.519e+00 
  66644  0.933   2  2012  294   3.27  56220.332  122.8   4.217e+00 
  66645  0.467   1  2012  294   3.69  56220.349  122.8   3.390e+00 
  66679  0.467   1  2012  294  20.72  56221.059  122.7   2.254e+00 
  66680  0.933   2  2012  294  21.18  56221.078  122.7   2.517e+00 
  66681  0.467   1  2012  294  21.64  56221.097  122.7   1.882e+00 
  66682  0.933   2  2012  294  22.29  56221.124  122.7   2.065e+00 
  66683  0.933   2  2012  294  22.85  56221.148  122.7   2.198e+00 
  66684  0.467   1  2012  294  23.36  56221.169  122.7   1.925e+00 
  66685  0.933   2  2012  294  23.78  56221.186  122.7   2.670e+00 
  66686  0.467   1  2012  295   0.20  56221.204  122.7   1.732e+00 
  66687  0.933   2  2012  295   0.85  56221.231  122.7   3.459e+00 
  66688  0.467   1  2012  295   1.27  56221.248  122.7   4.720e+00 
  66689  0.933   2  2012  295   1.74  56221.268  122.7   5.434e+00 
  66690  0.650   2  2012  295   2.26  56221.290  122.7   5.981e+00 
  66691  0.467   1  2012  295   2.74  56221.310  122.7   4.948e+00 
  66692  0.933   2  2012  295   3.24  56221.331  122.7   3.956e+00 
  66693  0.444   2  2012  295   3.77  56221.353  122.7   2.990e+00 
  66733  0.333   1  2012  295  23.89  56222.191  122.4   3.395e-01 
  66734  0.333   1  2012  296   0.11  56222.200  122.4   6.086e-01 
  66735  0.667   2  2012  296   0.61  56222.221  122.4   6.920e-01 
  66736  0.667   2  2012  296   1.23  56222.247  122.4   1.399e+00 
  66737  0.667   2  2012  296   1.79  56222.270  122.4   2.406e+00 
  66738  0.667   2  2012  296   2.34  56222.293  122.4   3.303e+00 
  66739  0.333   1  2012  296   2.83  56222.314  122.4   3.962e+00 
  66740  0.667   2  2012  296   3.23  56222.330  122.4   3.655e+00 
  66741  0.667   2  2012  296   3.74  56222.351  122.4   2.947e+00 
  66742  0.333   1  2012  296   4.06  56222.365  122.4   2.393e+00 
  67253  0.500   1  2012  306  19.78  56233.020  119.5   2.514e+00 
  67254  0.500   1  2012  306  20.04  56233.031  119.5   2.758e+00 
  67255  0.944   3  2012  306  20.74  56233.060  119.5   3.336e+00 
  67453  0.667   3  2012  310  23.72  56237.184  117.8   4.148e-01 
  67501  0.494   1  2012  311  23.91  56238.192  117.6   5.796e-01 
  67502  0.494   1  2012  312   0.17  56238.203  117.6   6.146e-01 
  67503  0.494   1  2012  312   0.92  56238.234  117.6   7.436e-01 
  67504  0.494   1  2012  312   1.18  56238.245  117.6   7.265e-01 
  67505  0.489   1  2012  312   1.93  56238.276  117.6   8.739e-01 
  67506  0.978   2  2012  312   2.31  56238.292  117.6   1.704e+00 
  67507  0.489   1  2012  312   2.70  56238.308  117.6   3.130e+00 
  67508  0.500   1  2012  312   3.46  56238.340  117.6   5.121e+00 
  67549  0.978   2  2012  312  23.67  56239.182  117.8   1.424e+00 
  67550  0.978   2  2012  313   0.19  56239.203  117.8   1.134e+00 
  67551  0.494   1  2012  313   0.79  56239.228  117.8   1.849e+00 
  67552  0.494   1  2012  313   1.05  56239.239  117.8   2.089e+00 
  67598  0.944   3  2012  314   0.20  56240.204  117.9   8.223e-01 
  67637  0.489   1  2012  314  19.89  56241.024  117.8   9.181e-01 
  67638  0.978   2  2012  314  20.27  56241.040  117.8   9.964e-01 
  67639  0.489   1  2012  314  20.66  56241.056  117.8   9.362e-01 
  67640  0.489   1  2012  314  21.34  56241.085  117.8   5.496e-01 
  67641  0.978   2  2012  314  21.73  56241.101  117.8   4.198e-01 
  67642  0.489   1  2012  314  22.37  56241.127  117.8   4.117e-01 
  67643  0.489   1  2012  314  22.62  56241.138  117.8   5.836e-01 
  67644  0.494   1  2012  314  23.24  56241.164  117.9   1.407e+00 
  67645  0.494   1  2012  314  23.50  56241.175  117.9   2.042e+00 
  67738  0.847   1  2012  316  22.31  56243.125  118.0   5.809e-01 
  67739  0.847   1  2012  316  22.75  56243.144  118.1   7.554e-01 
  67784  0.944   3  2012  317  21.23  56244.080  118.5   8.542e-01 
  67786  0.944   3  2012  317  22.24  56244.122  118.5   5.762e-01 
  67788  0.667   2  2012  317  23.31  56244.167  118.5   8.165e-01 
  67789  0.667   2  2012  317  23.74  56244.185  118.5   8.234e-01 
  67794  0.333   2  2012  318   2.16  56244.286  118.6   6.850e-01 
  67835  0.667   1  2012  318  22.74  56245.143  119.0   5.560e-01 
  67836  0.667   1  2012  318  23.10  56245.158  119.0   2.808e-01 
  67888  1.333   2  2012  320   1.26  56246.248  119.5   2.346e+00 
  67925  0.337   1  2012  320  19.84  56247.022  119.9   8.696e-01 
  67926  0.673   2  2012  320  20.19  56247.037  119.9   8.127e-01 
  67927  1.010   3  2012  320  20.73  56247.059  119.9   5.099e-01 
  67928  0.673   2  2012  320  21.25  56247.081  119.9   3.479e-01 
  67929  1.010   3  2012  320  21.78  56247.103  120.0   3.996e-01 
  67930  0.673   2  2012  320  22.30  56247.125  120.0   4.896e-01 
  67931  0.673   2  2012  320  22.72  56247.142  120.0   4.643e-01 
  67932  1.010   3  2012  320  23.23  56247.164  120.0   6.521e-01 
  67933  0.673   2  2012  320  23.77  56247.186  120.0   6.507e-01 
  67934  0.673   2  2012  321   0.16  56247.202  120.0   7.068e-01 
  67935  1.010   3  2012  321   0.72  56247.226  120.0   5.998e-01 
  67936  0.673   2  2012  321   1.29  56247.249  120.0   8.591e-01 
  67937  1.010   3  2012  321   1.78  56247.270  120.1   1.242e+00 
  67939  0.733   2  2012  321   2.89  56247.316  120.1   2.576e+00 
  67940  0.733   2  2012  321   3.30  56247.333  120.1   1.900e+00 
  67973  0.673   2  2012  321  19.72  56248.017  120.5   1.608e+00 
  67974  0.673   2  2012  321  20.21  56248.038  120.5   1.011e+00 
  67975  1.010   3  2012  321  20.70  56248.058  120.5   9.626e-01 
  67976  0.673   2  2012  321  21.25  56248.081  120.5   9.563e-01 
  67977  1.010   3  2012  321  21.74  56248.101  120.5   7.191e-01 
  67978  0.337   1  2012  321  22.34  56248.126  120.5   6.302e-01 
  67979  1.010   3  2012  321  22.73  56248.143  120.5   4.432e-01 
  67980  0.673   2  2012  321  23.25  56248.164  120.6   5.553e-01 
  67981  1.010   3  2012  321  23.77  56248.186  120.6   5.294e-01 
  67982  0.673   2  2012  322   0.30  56248.208  120.6   7.951e-01 
  67983  0.673   2  2012  322   0.72  56248.225  120.6   6.864e-01 
  67984  1.010   3  2012  322   1.23  56248.247  120.6   6.862e-01 
  67985  0.673   2  2012  322   1.76  56248.269  120.6   7.098e-01 
  67986  0.673   2  2012  322   2.15  56248.285  120.6   7.425e-01 
  67987  0.367   1  2012  322   2.81  56248.313  120.6   7.903e-01 
  67988  1.100   3  2012  322   3.23  56248.330  120.7   7.294e-01 
  68022  0.413   2  2012  322  20.43  56249.047  121.0   1.186e+00 
  68023  0.333   1  2012  322  20.94  56249.068  121.0   8.049e-01 
  68024  0.667   2  2012  322  21.26  56249.082  121.0   8.536e-01 
  68025  0.333   1  2012  322  21.58  56249.095  121.0   7.395e-01 
  68026  0.989   2  2012  322  22.22  56249.121  121.0   3.581e-01 
  68073  0.494   1  2012  323  21.94  56250.110  121.1   3.669e-01 
  68074  0.494   1  2012  323  22.20  56250.121  121.1   3.749e-01 
  68080  0.978   2  2012  324   1.30  56250.250  121.1   2.559e+00 
  68081  0.978   2  2012  324   1.82  56250.271  121.1   3.134e+00 
  68082  0.489   1  2012  324   2.43  56250.297  121.1   3.523e+00 
  68083  0.978   2  2012  324   2.82  56250.313  121.1   2.865e+00 
  68084  0.489   1  2012  324   3.20  56250.329  121.1   2.056e+00 
  68645  0.847   1  2012  335  19.80  56262.021  111.1   1.913e+00 
  68646  0.847   1  2012  335  20.24  56262.039  111.1   9.912e-01 
  68695  0.667   1  2012  336  20.77  56263.061  110.4   8.542e-01 
  68696  0.667   1  2012  336  21.13  56263.076  110.4   7.620e-01 
  68981  0.653   1  2012  342  19.94  56269.026  106.4   1.453e+00 
  68982  0.653   1  2012  342  20.28  56269.041  106.4   1.296e+00 
  68983  0.653   1  2012  342  20.80  56269.062  106.4   4.205e-01 
  68984  0.653   1  2012  342  21.14  56269.077  106.4   3.574e-01 
  68985  0.653   1  2012  342  21.78  56269.103  106.3   4.552e-01 
  68986  1.306   2  2012  342  22.29  56269.124  106.3   3.321e-01 
  68987  0.653   1  2012  342  22.80  56269.146  106.3   3.000e-01 
  68988  0.653   1  2012  342  23.27  56269.165  106.3   3.095e-01 
  68989  0.653   1  2012  342  23.62  56269.180  106.3   2.602e-01 
  68990  1.306   2  2012  343   0.22  56269.205  106.3   3.188e-01 
  68991  0.653   1  2012  343   0.84  56269.231  106.3   5.126e-01 
  68992  0.653   1  2012  343   1.19  56269.245  106.3   6.728e-01 
  68993  1.306   2  2012  343   1.78  56269.270  106.3   8.962e-01 
  68994  0.653   1  2012  343   2.40  56269.296  106.3   9.857e-01 
  69030  1.306   2  2012  343  20.28  56270.041  106.2   8.857e-01 
  69031  0.653   1  2012  343  20.87  56270.065  106.2   5.125e-01 
  69032  0.653   1  2012  343  21.21  56270.079  106.2   3.237e-01 
  69033  0.653   1  2012  343  21.74  56270.101  106.2   3.052e-01 
  69034  1.306   2  2012  343  22.25  56270.123  106.2   2.665e-01 
  69035  0.653   1  2012  343  22.76  56270.144  106.2   2.053e-01 
  69036  0.653   1  2012  343  23.23  56270.163  106.2   3.269e-01 
  69037  1.306   2  2012  343  23.77  56270.186  106.1   3.929e-01 
  69038  0.653   1  2012  344   0.32  56270.209  106.1   8.452e-01 
  69039  0.653   1  2012  344   0.81  56270.229  106.1   1.761e+00 
  69040  0.653   1  2012  344   1.15  56270.244  106.1   2.184e+00 
  69041  1.306   2  2012  344   1.74  56270.268  106.1   1.804e+00 
  69042  0.653   1  2012  344   2.36  56270.294  106.1   1.383e+00 
  69043  0.653   1  2012  344   2.71  56270.308  106.1   1.260e+00 
  69044  0.653   1  2012  344   3.20  56270.329  106.1   2.103e+00 
  69045  0.653   1  2012  344   3.54  56270.343  106.1   1.690e+00 
  69078  1.306   2  2012  344  20.27  56271.040  105.9   1.036e+00 
  69079  0.653   1  2012  344  20.82  56271.063  105.9   1.440e+00 
  69080  0.653   1  2012  344  21.27  56271.082  105.9   1.642e+00 
  69081  0.653   1  2012  344  21.62  56271.096  105.9   1.940e+00 
  69082  1.306   2  2012  344  22.29  56271.124  105.9   1.046e+00 
  69083  0.653   1  2012  344  22.81  56271.146  105.9   7.977e-01 
  69084  0.653   1  2012  344  23.15  56271.160  105.9   8.176e-01 
  69085  1.306   2  2012  344  23.76  56271.185  105.9   9.280e-01 
  69086  0.653   1  2012  345   0.34  56271.210  105.9   9.116e-01 
  69087  0.653   1  2012  345   0.68  56271.224  105.9   9.134e-01 
  69088  1.306   2  2012  345   1.30  56271.250  105.9   1.013e+00 
  69089  0.653   1  2012  345   1.87  56271.274  105.9   7.102e-01 
  69090  0.653   1  2012  345   2.22  56271.288  105.8   7.119e-01 
  69091  0.653   1  2012  345   2.69  56271.308  105.8   4.189e-01 
  69092  1.306   2  2012  345   3.26  56271.332  105.8   2.958e-01 
  69093  0.653   1  2012  345   3.83  56271.355  105.8   2.686e-01 
  69125  0.653   1  2012  345  19.86  56272.023  105.6   1.998e+00 
  69126  0.653   1  2012  345  20.20  56272.037  105.6   1.089e+00 
  69127  0.653   1  2012  345  20.93  56272.068  105.6   6.174e-01 
  69128  0.653   1  2012  345  21.37  56272.086  105.6   4.186e-01 
  69129  0.653   1  2012  345  21.72  56272.100  105.6   3.946e-01 
  69130  0.653   1  2012  345  22.16  56272.119  105.6   3.154e-01 
  69131  1.306   2  2012  345  22.70  56272.141  105.6   3.054e-01 
  69132  0.653   1  2012  345  23.24  56272.164  105.6   1.970e-01 
  69133  0.653   1  2012  345  23.68  56272.182  105.6   1.339e-01 
  69134  1.306   2  2012  346   0.22  56272.205  105.6   3.214e-01 
  69135  0.653   1  2012  346   0.77  56272.227  105.6   5.774e-01 
  69136  0.653   1  2012  346   1.29  56272.249  105.6   8.645e-01 
  69137  0.653   1  2012  346   1.63  56272.264  105.6   1.229e+00 
  69138  1.306   2  2012  346   2.20  56272.287  105.6   1.124e+00 
  69139  0.653   1  2012  346   2.86  56272.315  105.6   1.359e+00 
  69140  0.653   1  2012  346   3.20  56272.329  105.6   1.342e+00 
  69141  0.653   1  2012  346   3.65  56272.348  105.6   1.071e+00 
  69175  0.489   1  2012  346  20.82  56273.063  105.5   5.334e-01 
  69176  0.978   2  2012  346  21.21  56273.079  105.5   3.690e-01 
  69177  0.489   1  2012  346  21.60  56273.095  105.5   3.501e-01 
  69185  0.978   2  2012  347   1.70  56273.266  105.5   2.561e+00 
  69186  0.978   2  2012  347   2.21  56273.288  105.5   2.472e+00 
  69223  0.667   2  2012  347  20.63  56274.055  105.4   1.426e+00 
  69231  0.667   3  2012  348   0.72  56274.226  105.4   5.355e-01 
  69232  0.889   4  2012  348   1.30  56274.250  105.4   7.103e-01 
  69273  1.000   2  2012  348  21.77  56275.103  105.3   1.977e-01 
  69274  1.000   2  2012  348  22.31  56275.125  105.3   1.238e-01 
  69326  0.761   1  2012  350   0.20  56276.204  105.2   2.387e-01 
  69327  0.761   1  2012  350   0.62  56276.222  105.2   3.362e-01 
  69419  0.667   1  2012  351  22.65  56278.139  105.6   5.105e-01 
  69420  0.667   1  2012  351  23.01  56278.154  105.6   4.515e-01 
  69464  1.000   2  2012  352  21.15  56279.077  106.0   3.093e-01 
  69466  1.000   2  2012  352  22.20  56279.120  106.0   2.340e-01 
  69467  1.000   2  2012  352  22.73  56279.143  106.0   1.406e-01 
  69470  0.889   4  2012  353   0.22  56279.205  106.1   3.445e-01 
  69471  0.667   3  2012  353   0.67  56279.223  106.1   4.876e-01 
  69522  0.989   2  2012  354   2.30  56280.291  106.8   1.704e+00 
  69567  0.494   1  2012  355   0.97  56281.236  107.5   1.868e+00 
  69568  0.494   1  2012  355   1.23  56281.247  107.5   1.926e+00 
  69569  0.978   2  2012  355   1.87  56281.273  107.6   2.132e+00 
  69570  0.489   1  2012  355   2.25  56281.290  107.6   1.907e+00 
  69615  0.500   1  2012  356   0.76  56282.227  108.4   1.342e+00 
  69617  0.989   2  2012  356   1.74  56282.268  108.5   2.586e+00 
  69618  0.489   1  2012  356   2.44  56282.297  108.5   2.563e+00 
  69619  0.978   2  2012  356   2.83  56282.313  108.5   2.136e+00 
  69620  0.489   1  2012  356   3.22  56282.330  108.5   1.490e+00 
  69665  0.489   1  2012  357   1.83  56283.272  109.8   2.409e+00 
  69666  0.978   2  2012  357   2.21  56283.288  109.8   2.360e+00 
  69667  0.489   1  2012  357   2.60  56283.304  109.8   2.120e+00 
  70135  0.889   2  2012  366  20.67  56293.057  125.8   1.888e+00 
  70136  0.444   1  2012  366  21.06  56293.073  125.8   7.530e-01 
  70182  0.333   2  2013    1  20.45  56294.047  127.0   1.873e+00 
  70184  0.889   2  2013    1  21.28  56294.082  127.1   6.253e-01 
  70185  0.444   1  2013    1  21.67  56294.099  127.1   5.488e-01 
  70231  2.267   1  2013    2  20.94  56295.068  128.0   8.967e-01 
  70234  0.889   4  2013    2  22.29  56295.124  128.0   2.917e-01 
  70235  0.667   3  2013    2  22.79  56295.145  128.0   1.859e-01 
  70471  0.944   3  2013    7  20.72  56300.059  128.4   1.522e+00 
  70481  0.468   1  2013    8   1.93  56300.276  128.3   1.912e+00 
  70482  0.468   1  2013    8   2.22  56300.288  128.3   2.011e+00 
  70483  0.468   1  2013    8   2.78  56300.311  128.3   1.047e+00 
  70518  0.629   2  2013    8  20.32  56301.042  128.2   2.053e+00 
  70519  0.629   2  2013    8  20.69  56301.058  128.2   1.187e+00 
  70529  0.468   1  2013    9   1.97  56301.278  128.2   2.887e+00 
  70530  0.468   1  2013    9   2.25  56301.289  128.2   2.736e+00 
  70531  0.936   2  2013    9   2.67  56301.307  128.2   2.387e+00 
  70772  0.489   1  2013   14   3.30  56306.333  127.5   1.275e+00 
  70773  0.978   2  2013   14   3.69  56306.349  127.5   8.935e-01 
  70774  0.489   1  2013   14   4.08  56306.366  127.4   5.992e-01 
  70806  0.626   2  2013   14  20.36  56307.044  127.0   3.900e+00 
  70817  1.000   2  2013   15   1.80  56307.271  126.9   2.664e+00 
  70818  1.000   2  2013   15   2.35  56307.294  126.9   2.113e+00 
  70819  0.500   1  2013   15   2.91  56307.317  126.8   1.730e+00 
  70820  1.000   2  2013   15   3.32  56307.334  126.8   1.409e+00 
  70821  0.500   1  2013   15   3.74  56307.351  126.8   1.043e+00 
  71252  1.294   1  2013   24   3.45  56316.339  113.9   2.272e+00 
  71254  1.294   1  2013   24   4.16  56316.369  113.8   1.697e+00 
  71302  1.294   1  2013   25   4.24  56317.372  111.3   1.413e+00 
  71526  0.444   1  2013   29  20.42  56322.046  103.0   1.933e+00 
  71574  0.444   1  2013   30  20.49  56323.049  101.9   1.282e+00 
  71575  0.444   1  2013   30  20.75  56323.060  101.8   8.153e-01 
  71576  0.444   1  2013   30  21.01  56323.071  101.8   7.316e-01 
  71623  0.611   5  2013   31  20.79  56324.062  101.1   8.791e-01 
  71671  0.700   3  2013   32  20.85  56325.064  100.7   1.249e+00 
  71673  0.444   1  2013   32  21.92  56325.109  100.7   6.036e-01 
  71674  0.889   2  2013   32  22.31  56325.125  100.6   3.928e-01 
  71675  0.444   1  2013   32  22.70  56325.142  100.6   1.921e-01 
  71776  1.667   1  2013   35   1.07  56327.240  100.4   8.139e-01 
  71814  0.333   2  2013   35  20.39  56328.045  100.3   1.937e+00 
  71815  0.333   2  2013   35  20.60  56328.054  100.3   2.560e+00 
  71821  0.489   2  2013   35  23.72  56328.184  100.3   1.068e-03 
  71822  0.489   2  2013   36   0.08  56328.199  100.3   4.290e-02 
  71823  0.778   2  2013   36   0.77  56328.228  100.3   4.174e-01 
  71824  0.778   2  2013   36   1.21  56328.246  100.3   8.346e-01 
  71958  0.500   3  2013   38  20.28  56331.041  100.9   1.557e+00 
  71960  0.978   4  2013   38  21.26  56331.082  101.0   1.637e+00 
  72007  0.875   3  2013   39  20.68  56332.057  101.3   1.776e+00 
  72009  0.875   3  2013   39  21.77  56332.103  101.3   1.067e+00 
  72010  0.875   3  2013   39  22.30  56332.125  101.3   5.530e-01 
  72012  0.583   2  2013   39  23.18  56332.161  101.3   2.988e-01 
  72013  0.583   2  2013   39  23.82  56332.188  101.3   1.676e-01 
  72014  0.583   2  2013   40   0.17  56332.203  101.3   3.572e-01 
  72016  0.875   3  2013   40   1.23  56332.247  101.3   1.095e+00 
  72017  0.875   3  2013   40   1.75  56332.269  101.3   1.748e+00 
  72054  0.875   3  2013   40  20.29  56333.041  101.5   1.173e+00 
  72055  0.875   3  2013   40  20.82  56333.063  101.5   1.086e+00 
  72057  0.875   3  2013   40  21.74  56333.102  101.5   6.214e-01 
  72058  0.875   3  2013   40  22.27  56333.123  101.5   5.412e-01 
  72059  0.583   2  2013   40  22.70  56333.142  101.5   6.257e-01 
  72061  0.875   3  2013   40  23.72  56333.184  101.6   5.426e-01 
  72062  0.875   3  2013   41   0.24  56333.205  101.6   1.017e+00 
  72065  0.875   3  2013   41   1.74  56333.268  101.6   5.776e+00 
  72066  0.875   3  2013   41   2.26  56333.290  101.6   5.007e+00 
  72067  0.875   3  2013   41   2.79  56333.312  101.6   3.718e+00 
  72068  0.583   2  2013   41   3.23  56333.330  101.6   2.662e+00 
  72070  0.583   2  2013   41   4.24  56333.372  101.6   9.043e-01 
  72104  0.583   2  2013   41  21.30  56334.083  101.6   1.823e+00 
  72105  0.875   3  2013   41  21.74  56334.101  101.6   1.109e+00 
  72106  0.583   2  2013   41  22.28  56334.124  101.6   8.910e-01 
  72107  0.583   2  2013   41  22.74  56334.143  101.6   6.833e-01 
  72108  0.875   3  2013   41  23.18  56334.161  101.6   7.024e-01 
  72110  0.875   3  2013   42   0.23  56334.205  101.6   9.218e-01 
  72111  0.875   3  2013   42   0.76  56334.227  101.6   1.523e+00 
  72112  0.875   3  2013   42   1.28  56334.249  101.6   1.995e+00 
  72113  0.583   2  2013   42   1.72  56334.267  101.6   2.720e+00 
  72114  0.583   2  2013   42   2.38  56334.295  101.6   3.412e+00 
  72115  0.875   3  2013   42   2.82  56334.313  101.6   3.838e+00 
  72118  0.583   2  2013   42   4.35  56334.377  101.6   2.459e+00 
  72201  0.667   2  2013   43  21.73  56336.101  101.6   6.699e-01 
  72202  0.667   2  2013   43  22.28  56336.124  101.6   3.595e-01 
  72203  0.667   2  2013   43  22.67  56336.140  101.6   2.304e-01 
  72204  0.468   1  2013   43  23.23  56336.164  101.6   1.723e-01 
  72205  0.936   2  2013   43  23.65  56336.181  101.6   4.617e-01 
  72206  0.468   1  2013   44   0.07  56336.199  101.6   1.686e-01 
  72212  1.000   1  2013   44   3.01  56336.321  101.6   9.022e-01 
  72213  0.633   2  2013   44   3.78  56336.353  101.6   4.927e-01 
  72214  0.633   2  2013   44   4.15  56336.368  101.6   4.914e-01 
  72246  1.000   2  2013   44  20.23  56337.039  101.7   2.456e+00 
  72247  1.000   2  2013   44  20.82  56337.063  101.7   2.927e+00 
  72248  0.500   1  2013   44  21.41  56337.088  101.7   3.625e+00 
  72249  0.500   1  2013   44  21.71  56337.100  101.7   2.498e+00 
  72250  1.000   2  2013   44  22.16  56337.119  101.7   1.428e+00 
  72251  0.611   1  2013   44  22.77  56337.145  101.7   3.743e-01 
  72252  1.222   2  2013   44  23.30  56337.167  101.7   3.773e-01 
  72253  0.611   1  2013   44  23.83  56337.189  101.7   3.590e-01 
  72255  0.611   1  2013   45   0.92  56337.234  101.7   3.296e+00 
  72256  0.611   1  2013   45   1.27  56337.248  101.7   4.032e+00 
  72257  1.222   2  2013   45   1.80  56337.270  101.7   4.920e+00 
  72258  0.500   1  2013   45   2.44  56337.297  101.7   3.780e+00 
  72259  0.500   1  2013   45   2.74  56337.310  101.7   2.579e+00 
  72260  1.000   2  2013   45   3.18  56337.328  101.7   1.465e+00 
  72261  0.667   1  2013   45   3.83  56337.355  101.7   5.346e-01 
  72262  0.667   1  2013   45   4.21  56337.371  101.7   4.378e-01 
  72296  0.500   1  2013   45  21.30  56338.083  101.7   3.274e+00 
  72297  1.000   2  2013   45  21.75  56338.102  101.7   2.617e+00 
  72298  0.500   1  2013   45  22.20  56338.120  101.7   1.969e+00 
  72300  1.333   2  2013   45  23.25  56338.164  101.7   1.308e+00 
  72301  0.667   1  2013   45  23.82  56338.188  101.7   8.711e-01 
  72303  0.500   1  2013   46   0.99  56338.237  101.8   5.470e-01 
  72304  0.500   1  2013   46   1.29  56338.249  101.8   5.619e-01 
  72305  1.000   2  2013   46   1.74  56338.268  101.8   5.813e-01 
  72306  0.500   1  2013   46   2.32  56338.292  101.8   5.467e-01 
  72307  0.500   1  2013   46   2.61  56338.304  101.8   8.035e-01 
  72308  0.667   1  2013   46   3.13  56338.326  101.8   8.797e-01 
  72309  1.333   2  2013   46   3.70  56338.350  101.8   1.042e+00 
  72310  0.667   1  2013   46   4.27  56338.373  101.8   7.543e-01 
  72343  0.889   2  2013   46  20.72  56339.059  101.8   1.763e+00 
  72344  0.889   2  2013   46  21.25  56339.081  101.8   1.331e+00 
  72351  0.367   1  2013   47   0.97  56339.236  101.8   1.817e+00 
  72352  0.733   2  2013   47   1.32  56339.250  101.8   1.986e+00 
  72353  0.367   1  2013   47   1.66  56339.265  101.9   2.292e+00 
  72354  0.733   2  2013   47   2.33  56339.293  101.9   5.243e+00 
  72355  0.733   2  2013   47   2.79  56339.312  101.9   6.442e+00 
  72356  0.733   2  2013   47   3.36  56339.336  101.9   4.459e+00 
  72357  0.733   2  2013   47   3.82  56339.355  101.9   2.822e+00 
  72358  0.367   1  2013   47   4.28  56339.374  101.9   1.994e+00 
  72359  0.733   2  2013   47   4.63  56339.388  101.9   1.787e+00 
  72391  0.778   2  2013   47  20.71  56340.059  101.9   2.777e+00 
  72392  0.778   2  2013   47  21.15  56340.077  101.9   1.490e+00 
  72394  1.333   2  2013   47  22.21  56340.121  101.9   7.002e-01 
  72395  0.667   1  2013   47  22.74  56340.143  101.9   6.420e-01 
  72396  0.667   1  2013   47  23.11  56340.158  101.9   6.637e-01 
  72401  0.556   1  2013   48   1.70  56340.266  101.9   3.930e+00 
  72402  1.111   2  2013   48   2.21  56340.288  101.9   4.753e+00 
  72403  0.556   1  2013   48   2.72  56340.309  101.9   4.594e+00 
  72404  1.111   2  2013   48   3.23  56340.330  101.9   2.688e+00 
  72405  0.556   1  2013   48   3.87  56340.357  101.9   7.268e-01 
  72406  0.556   1  2013   48   4.21  56340.371  101.9   4.501e-01 
  72407  0.556   1  2013   48   4.55  56340.385  101.9   3.026e-01 
  73013  0.489   2  2013   60  19.89  56353.024  108.8   4.562e+00 
  73014  0.733   3  2013   60  20.25  56353.039  108.8   2.979e+00 
  73016  0.889   2  2013   60  21.17  56353.078  108.9   1.220e+00 
  73061  0.389   1  2013   61  19.88  56354.024  109.6   5.509e+00 
  73062  0.778   2  2013   61  20.21  56354.038  109.6   5.427e+00 
  73063  0.633   2  2013   61  20.70  56354.058  109.6   4.305e+00 
  73065  0.489   2  2013   61  21.61  56354.096  109.7   1.130e+00 
  73109  0.389   1  2013   62  19.62  56355.013  110.4   3.629e+00 
  73111  0.494   1  2013   62  20.90  56355.066  110.4   4.822e+00 
  73112  0.494   1  2013   62  21.16  56355.077  110.5   4.576e+00 
  73162  0.776   2  2013   63  22.19  56356.120  111.1   2.894e+00 
  73164  0.776   2  2013   63  23.31  56356.167  111.2   2.201e+00 
  73166  1.333   2  2013   64   0.25  56356.206  111.2   7.561e-01 
  73167  0.667   1  2013   64   0.79  56356.229  111.2   9.456e-01 
  73168  0.667   1  2013   64   1.15  56356.244  111.2   1.309e+00 
  73169  0.489   1  2013   64   1.74  56356.268  111.2   3.154e+00 
  73170  0.978   2  2013   64   2.13  56356.284  111.2   4.673e+00 
  73171  0.489   1  2013   64   2.52  56356.301  111.2   5.474e+00 
  73172  0.633   2  2013   64   3.10  56356.325  111.2   5.032e+00 
  73215  0.978   2  2013   65   0.74  56357.226  111.3   2.513e+00 
  73216  0.978   2  2013   65   1.25  56357.248  111.3   2.229e+00 
  73217  0.489   1  2013   65   1.93  56357.276  111.3   1.573e+00 
  73218  0.978   2  2013   65   2.31  56357.292  111.3   1.310e+00 
  73219  0.489   1  2013   65   2.70  56357.308  111.3   1.232e+00 
  73220  0.489   1  2013   65   3.25  56357.331  111.3   1.326e+00 
  73221  0.978   2  2013   65   3.63  56357.347  111.3   1.385e+00 
  73222  0.489   1  2013   65   4.02  56357.363  111.3   1.115e+00 
  73260  0.333   1  2013   65  23.31  56358.167  111.3   2.573e+00 
  73261  1.000   3  2013   65  23.70  56358.183  111.3   2.815e+00 
  73358  0.500   1  2013   68   0.42  56360.213  111.3   1.348e+00 
  73359  0.500   1  2013   68   0.69  56360.224  111.4   1.051e+00 
  73360  1.000   2  2013   68   1.25  56360.248  111.4   1.049e+00 
  73361  0.500   1  2013   68   1.81  56360.271  111.4   2.000e+00 
  73362  0.500   1  2013   68   2.09  56360.283  111.4   2.952e+00 
  73363  1.000   2  2013   68   2.79  56360.312  111.4   4.191e+00 
  73406  0.936   2  2013   69   0.27  56361.207  111.5   3.725e+00 
  73407  0.936   2  2013   69   0.83  56361.230  111.5   2.895e+00 
  73455  0.413   2  2013   70   0.81  56362.229  111.6   1.122e+00 
  73459  0.667   2  2013   70   2.74  56362.310  111.6   4.211e+00 
  73460  0.667   2  2013   70   3.12  56362.326  111.6   3.603e+00 
  73461  0.667   2  2013   70   3.81  56362.354  111.6   1.589e+00 
  73462  0.667   2  2013   70   4.19  56362.370  111.6   1.064e+00 
  73494  0.778   2  2013   70  20.21  56363.038  111.6   3.452e+00 
  73495  0.778   2  2013   70  20.65  56363.056  111.6   2.574e+00 
  73590  0.667   4  2013   72  20.30  56365.042  111.1   7.489e+00 
  73591  0.333   2  2013   72  20.76  56365.060  111.1   7.094e+00 
  73592  0.500   3  2013   72  21.14  56365.077  111.1   5.486e+00 
  73593  0.500   3  2013   72  21.75  56365.102  111.1   4.617e+00 
  73594  0.333   2  2013   72  22.39  56365.128  111.1   3.514e+00 
  73595  0.667   4  2013   72  22.78  56365.145  111.1   2.930e+00 
  73596  0.500   3  2013   72  23.34  56365.168  111.0   1.760e+00 
  73597  0.667   4  2013   72  23.80  56365.187  111.0   1.494e+00 
  73599  0.500   3  2013   73   0.76  56365.227  111.0   1.383e+00 
  73600  0.667   4  2013   73   1.23  56365.247  111.0   1.884e+00 
  73601  0.500   3  2013   73   1.76  56365.269  111.0   2.014e+00 
  73602  0.500   3  2013   73   2.18  56365.286  111.0   2.226e+00 
  73603  0.667   4  2013   73   2.70  56365.308  111.0   3.400e+00 
  73607  0.533   4  2013   73   4.72  56365.392  111.0   1.741e+00 
  73647  0.667   4  2013   74   0.73  56366.226  110.6   2.912e+00 
  73648  0.333   2  2013   74   1.39  56366.254  110.6   2.584e+00 
  73649  0.500   3  2013   74   1.74  56366.268  110.6   1.641e+00 
  73650  0.667   4  2013   74   2.25  56366.289  110.6   1.173e+00 
  73652  0.500   3  2013   74   3.33  56366.334  110.5   1.100e+00 
  73653  0.500   3  2013   74   3.72  56366.351  110.5   1.056e+00 
  73694  0.500   2  2013   75   0.42  56367.213  110.3   3.356e+00 
  73695  0.500   2  2013   75   0.72  56367.226  110.3   2.843e+00 
  73696  1.000   4  2013   75   1.26  56367.248  110.3   1.478e+00 
  73698  0.750   3  2013   75   2.17  56367.286  110.3   1.083e+00 
  73699  0.750   3  2013   75   2.72  56367.309  110.2   1.554e+00 
  73700  0.500   2  2013   75   3.25  56367.331  110.2   2.012e+00 
  73701  0.750   3  2013   75   3.79  56367.353  110.2   3.088e+00 
  73702  0.500   2  2013   75   4.31  56367.375  110.2   3.177e+00 
  73703  0.500   2  2013   75   4.62  56367.388  110.2   2.848e+00 
  73733  0.631   1  2013   75  19.71  56368.017  110.2   1.565e+00 
  73734  1.261   2  2013   75  20.24  56368.039  110.1   1.247e+00 
  73735  0.631   1  2013   75  20.77  56368.061  110.1   2.001e+00 
  73736  0.631   1  2013   75  21.23  56368.080  110.1   2.799e+00 
  73737  1.261   2  2013   75  21.76  56368.102  110.1   2.951e+00 
  73738  0.631   1  2013   75  22.29  56368.125  110.1   3.660e+00 
  73739  0.631   1  2013   75  22.89  56368.149  110.1   3.633e+00 
  73740  0.631   1  2013   75  23.23  56368.163  110.1   3.145e+00 
  73741  1.261   2  2013   75  23.78  56368.186  110.1   3.402e+00 
  73742  0.631   1  2013   76   0.50  56368.216  110.1   2.573e+00 
  73743  0.631   1  2013   76   0.84  56368.231  110.1   4.601e+00 
  73744  0.631   1  2013   76   1.22  56368.246  110.1   5.678e+00 
  73745  0.631   1  2013   76   1.56  56368.261  110.1   6.847e+00 
  73746  0.631   1  2013   76   2.24  56368.289  110.1   7.950e+00 
  73747  1.261   2  2013   76   2.77  56368.311  110.1   4.997e+00 
  73748  0.631   1  2013   76   3.30  56368.333  110.1   2.427e+00 
  73749  0.631   1  2013   76   3.76  56368.352  110.1   1.579e+00 
  73750  1.261   2  2013   76   4.29  56368.375  110.1   1.160e+00 
  73751  0.631   1  2013   76   4.83  56368.397  110.1   8.300e-01 
  73781  1.261   2  2013   76  19.73  56369.018  110.1   5.067e+00 
  73782  0.631   1  2013   76  20.28  56369.041  110.1   4.660e+00 
  73783  0.631   1  2013   76  20.63  56369.055  110.1   4.783e+00 
  73784  1.261   2  2013   76  21.26  56369.081  110.1   5.348e+00 
  73785  0.631   1  2013   76  21.81  56369.104  110.1   4.708e+00 
  73786  0.631   1  2013   76  22.15  56369.118  110.1   4.233e+00 
  73787  0.631   1  2013   76  22.78  56369.145  110.1   3.550e+00 
  73788  0.631   1  2013   76  23.12  56369.159  110.1   2.867e+00 
  73789  1.261   2  2013   76  23.67  56369.182  110.1   2.156e+00 
  73790  0.631   1  2013   77   0.32  56369.209  110.1   1.555e+00 
  73791  0.631   1  2013   77   0.67  56369.223  110.1   1.641e+00 
  73792  1.261   2  2013   77   1.21  56369.246  110.1   1.761e+00 
  73794  1.261   2  2013   77   2.18  56369.286  110.1   3.747e+00 
  73795  0.631   1  2013   77   2.73  56369.309  110.1   5.220e+00 
  73796  0.631   1  2013   77   3.07  56369.324  110.1   4.957e+00 
  73797  1.261   2  2013   77   3.70  56369.350  110.1   2.525e+00 
  73798  0.631   1  2013   77   4.25  56369.373  110.1   1.156e+00 
  73799  0.631   1  2013   77   4.59  56369.387  110.1   7.260e-01 
  73828  0.500   1  2013   77  19.46  56370.006  110.1   2.366e+00 
  73829  0.500   1  2013   77  19.74  56370.018  110.1   2.654e+00 
  73830  1.000   2  2013   77  20.15  56370.035  110.1   3.206e+00 
  73831  1.000   2  2013   77  20.81  56370.063  110.1   3.328e+00 
  73832  0.500   1  2013   77  21.23  56370.080  110.1   3.217e+00 
  73833  0.500   1  2013   77  21.50  56370.092  110.1   2.271e+00 
  73834  1.044   2  2013   77  22.33  56370.126  110.1   4.819e+00 
  73835  0.522   1  2013   77  22.75  56370.144  110.1   3.661e+00 
  73836  1.044   2  2013   77  23.20  56370.162  110.1   4.119e+00 
  73837  0.522   1  2013   77  23.64  56370.180  110.1   3.792e+00 
  73838  1.044   2  2013   78   0.19  56370.203  110.2   3.586e+00 
  73839  1.044   2  2013   78   0.75  56370.227  110.2   3.571e+00 
  73840  1.044   2  2013   78   1.35  56370.252  110.2   2.882e+00 
  73842  1.044   2  2013   78   2.20  56370.287  110.2   4.788e+00 
  73843  1.044   2  2013   78   2.75  56370.310  110.2   4.621e+00 
  73844  1.044   2  2013   78   3.35  56370.335  110.2   3.189e+00 
  73845  0.522   1  2013   78   3.89  56370.358  110.2   1.875e+00 
  73846  1.044   2  2013   78   4.31  56370.375  110.2   1.206e+00 
  73847  0.522   1  2013   78   4.72  56370.392  110.2   8.331e-01 
  73877  1.000   2  2013   78  19.72  56371.017  110.3   3.548e+00 
  73878  0.500   1  2013   78  20.14  56371.035  110.3   2.310e+00 
  73880  0.522   1  2013   78  21.48  56371.090  110.3   3.965e+00 
  73881  0.522   1  2013   78  21.76  56371.102  110.3   3.031e+00 
  73882  1.044   2  2013   78  22.17  56371.119  110.3   2.354e+00 
  73883  1.044   2  2013   78  22.77  56371.144  110.3   3.129e+00 
  73884  1.044   2  2013   78  23.33  56371.168  110.3   3.729e+00 
  73885  0.500   1  2013   78  23.91  56371.192  110.3   4.968e+00 
  73886  1.000   2  2013   79   0.32  56371.209  110.3   3.956e+00 
  73887  0.500   1  2013   79   0.73  56371.226  110.3   5.141e+00 
  73888  0.522   1  2013   79   1.36  56371.252  110.4   4.580e+00 
  73889  0.522   1  2013   79   1.64  56371.264  110.4   4.366e+00 
  73890  1.000   1  2013   79   2.25  56371.289  110.4   3.059e+00 
  73891  1.000   1  2013   79   2.77  56371.311  110.4   2.523e+00 
  73892  0.500   1  2013   79   3.46  56371.340  110.4   1.397e+00 
  73893  0.500   1  2013   79   3.73  56371.351  110.4   1.044e+00 
  73894  1.000   2  2013   79   4.15  56371.368  110.4   8.625e-01 
  73895  1.000   2  2013   79   4.70  56371.391  110.4   7.131e-01 
  73932  0.522   1  2013   79  23.46  56372.173  110.7   1.813e+00 
  73933  0.522   1  2013   79  23.77  56372.186  110.8   8.697e-01 
  73934  0.522   1  2013   80   0.05  56372.198  110.8   4.915e-01 
  73986  0.900   3  2013   81   2.19  56373.287  111.4   3.517e+00 
  73988  0.600   2  2013   81   3.34  56373.335  111.4   4.361e+00 
  74356  0.494   1  2013   88  19.38  56381.003  117.2   5.697e+00 
  74357  0.494   1  2013   88  19.64  56381.014  117.2   6.427e+00 
  74405  1.667   1  2013   89  19.74  56382.018  117.6   5.019e+00 
  74453  1.667   1  2013   90  19.69  56383.016  117.7   6.146e+00 
  74554  0.489   1  2013   92  22.37  56385.128  117.9   4.200e+00 
  74555  0.978   2  2013   92  22.76  56385.144  117.9   4.058e+00 
  74556  0.489   1  2013   92  23.14  56385.160  117.9   4.549e+00 
  74559  0.489   1  2013   93   0.91  56385.233  118.0   1.645e+00 
  74560  0.978   2  2013   93   1.30  56385.250  118.0   9.946e-01 
  74561  0.489   1  2013   93   1.68  56385.266  118.0   9.456e-01 
  74562  0.489   1  2013   93   2.25  56385.289  118.0   1.038e+00 
  74563  0.978   2  2013   93   2.64  56385.306  118.0   1.489e+00 
  74564  0.489   1  2013   93   3.03  56385.322  118.0   2.997e+00 
  74599  0.892   3  2013   93  20.76  56386.061  118.2   4.511e+00 
  74600  0.594   2  2013   93  21.26  56386.081  118.2   5.238e+00 
  74601  0.353   1  2013   93  21.79  56386.104  118.2   4.770e+00 
  74602  1.058   3  2013   93  22.23  56386.122  118.2   5.502e+00 
  74603  0.706   2  2013   93  22.81  56386.146  118.2   5.746e+00 
  74604  0.706   2  2013   93  23.24  56386.164  118.2   5.695e+00 
  74614  0.892   3  2013   94   4.27  56386.373  118.2   4.218e+00 
  74615  0.594   2  2013   94   4.76  56386.394  118.2   2.677e+00 
  74645  0.892   3  2013   94  19.80  56387.020  118.3   1.477e+00 
  74646  0.594   2  2013   94  20.33  56387.043  118.3   1.118e+00 
  74647  0.594   2  2013   94  20.73  56387.059  118.3   1.001e+00 
  74653  0.892   3  2013   94  23.80  56387.187  118.3   5.021e+00 
  74654  0.594   2  2013   95   0.33  56387.209  118.3   4.496e+00 
  74655  0.594   2  2013   95   0.73  56387.226  118.3   4.543e+00 
  74660  0.594   2  2013   95   3.27  56387.332  118.4   5.186e+00 
  74661  0.594   2  2013   95   3.67  56387.349  118.4   5.224e+00 
  74836  0.667   2  2013   98  19.27  56390.998  119.8   4.348e+00 
  74981  2.067   1  2013  101  19.55  56394.010  122.2   2.837e+00 
  74983  2.067   1  2013  101  20.99  56394.070  122.2   5.132e+00 
  74985  0.489   1  2013  101  21.81  56394.104  122.3   3.904e+00 
  74986  0.978   2  2013  101  22.20  56394.121  122.3   3.840e+00 
  74987  0.489   1  2013  101  22.59  56394.137  122.3   3.881e+00 
  75094  0.667   2  2013  104   4.24  56396.372  123.6   2.055e+00 
  75095  0.667   2  2013  104   4.63  56396.388  123.6   2.007e+00 
  75138  0.667   1  2013  105   2.28  56397.291  124.1   2.421e+00 
  75139  0.667   1  2013  105   2.64  56397.306  124.1   2.190e+00 
  75181  0.667   1  2013  105  23.65  56398.181  124.7   4.846e+00 
  75182  0.667   1  2013  106   0.00  56398.196  124.7   4.846e+00 
  75183  0.667   1  2013  106   0.99  56398.237  124.7   4.103e+00 
  75184  0.667   1  2013  106   1.35  56398.252  124.7   3.016e+00 
  75189  1.000   3  2013  106   3.74  56398.351  124.8   1.381e+00 
  75190  0.333   1  2013  106   4.13  56398.368  124.8   1.534e+00 
  75426  0.813   6  2013  111   2.25  56403.290  128.7   3.503e+00 
  75427  0.542   4  2013  111   2.73  56403.309  128.8   3.460e+00 
  75428  0.813   6  2013  111   3.23  56403.330  128.8   3.285e+00 
  75429  0.678   5  2013  111   3.66  56403.348  128.8   2.420e+00 
  75430  0.333   1  2013  111   4.32  56403.375  128.8   1.393e+00 
  75431  1.000   3  2013  111   4.70  56403.392  128.8   8.791e-01 
  75475  0.336   1  2013  112   2.88  56404.316  128.9   2.463e+00 
  75476  0.673   2  2013  112   3.20  56404.329  128.9   3.341e+00 
  75477  0.336   1  2013  112   3.52  56404.342  128.9   3.398e+00 
  75748  0.400   4  2013  117  19.18  56409.995  127.3   7.033e+00 
  75846  2.067   1  2013  119  20.36  56412.044  129.6   5.870e+00 
  75892  2.067   1  2013  120  19.32  56413.000  131.0   7.070e+00 
  75895  2.067   1  2013  120  20.71  56413.059  131.1   6.147e+00 
  75949  0.336   1  2013  121  23.64  56414.181  132.9   2.750e+00 
  76148  0.900   1  2013  126   3.40  56418.337  138.3   1.431e+00 
  76149  0.900   1  2013  126   3.87  56418.357  138.3   1.049e+00 
  76191  0.500   1  2013  127   0.97  56419.236  139.0   3.742e+00 
  76192  0.500   1  2013  127   1.25  56419.248  139.0   3.073e+00 
  76193  1.000   2  2013  127   1.66  56419.265  139.0   2.607e+00 
  76244  0.507   4  2013  128   3.27  56420.332  139.6   1.625e+00 
  76245  0.380   3  2013  128   3.66  56420.348  139.6   1.594e+00 
  76246  0.333   1  2013  128   4.38  56420.378  139.6   6.492e-01 
  76247  1.000   3  2013  128   4.77  56420.394  139.6   5.159e-01 
  76283  0.942   2  2013  128  22.65  56421.139  140.0   5.321e+00 
  76284  0.942   2  2013  128  23.21  56421.163  140.0   3.922e+00 
  76293  0.471   1  2013  129   3.91  56421.359  140.1   2.331e+00 
  76294  0.942   2  2013  129   4.34  56421.376  140.1   1.781e+00 
  76295  0.471   1  2013  129   4.76  56421.394  140.1   1.942e+00 
  76331  1.633   1  2013  129  22.81  56422.146  140.6   2.360e+00 
  76333  1.633   1  2013  129  23.93  56422.193  140.6   2.340e+00 
  76335  0.471   1  2013  130   0.85  56422.231  140.6   3.473e+00 
  76336  0.942   2  2013  130   1.27  56422.249  140.6   3.693e+00 
  76337  0.471   1  2013  130   1.70  56422.266  140.6   4.081e+00 
  76338  0.471   1  2013  130   2.27  56422.290  140.6   2.958e+00 
  76339  0.942   2  2013  130   2.69  56422.308  140.7   1.921e+00 
  76340  0.471   1  2013  130   3.12  56422.325  140.7   1.524e+00 
  76341  1.000   3  2013  130   3.72  56422.351  140.7   9.790e-01 
  76342  0.333   1  2013  130   4.11  56422.367  140.7   1.133e+00 
  76343  0.776   2  2013  130   4.71  56422.392  140.7   8.959e-01 
  76344  0.776   2  2013  130   5.15  56422.410  140.7   6.839e-01 
  76375  0.413   2  2013  130  20.85  56423.064  141.0   5.419e+00 
  76376  0.489   1  2013  130  21.39  56423.087  141.0   4.722e+00 
  76377  0.978   2  2013  130  21.78  56423.103  141.0   4.915e+00 
  76378  0.489   1  2013  130  22.16  56423.119  141.0   4.171e+00 
  76379  0.942   2  2013  130  22.82  56423.146  141.0   3.823e+00 
  76380  0.471   1  2013  130  23.24  56423.164  141.0   2.938e+00 
  76381  0.471   1  2013  130  23.52  56423.176  141.0   2.600e+00 
  76387  0.942   2  2013  131   2.74  56423.310  141.0   5.360e-01 
  76388  0.942   2  2013  131   3.30  56423.333  141.0   5.745e-01 
  76390  0.776   2  2013  131   4.23  56423.372  141.0   1.162e+00 
  76391  0.776   2  2013  131   4.66  56423.390  141.0   8.875e-01 
  76570  0.667   2  2013  134  22.32  56427.125  137.7   4.309e+00 
  76571  0.667   2  2013  134  22.70  56427.142  137.6   4.298e+00 
  76578  0.367   3  2013  135   2.17  56427.286  137.4   1.070e+00 
  76818  0.942   2  2013  140   2.18  56432.286  130.2   1.905e+00 
  76819  0.942   2  2013  140   2.75  56432.310  130.2   1.718e+00 
  77523  0.500   2  2013  154  18.67  56446.973  113.0   6.075e+00 
  77524  0.333   1  2013  154  19.40  56447.004  113.0   4.355e+00 
  77525  1.000   3  2013  154  19.78  56447.020  113.0   3.397e+00 
  77527  0.667   3  2013  154  20.77  56447.061  113.0   3.300e+00 
  77528  0.444   2  2013  154  21.38  56447.086  113.0   2.432e+00 
  77530  0.667   3  2013  154  22.27  56447.123  113.0   2.565e+00 
  77532  1.044   2  2013  154  23.27  56447.165  113.0   2.192e+00 
  77533  1.044   2  2013  154  23.85  56447.189  113.0   1.281e+00 
  77535  0.833   3  2013  155   0.74  56447.226  113.0   1.472e+00 
  77537  0.522   1  2013  155   1.76  56447.269  113.0   1.616e+00 
  77538  1.044   2  2013  155   2.19  56447.287  113.0   1.911e+00 
  77539  0.522   1  2013  155   2.62  56447.305  113.0   2.345e+00 
  77540  0.333   1  2013  155   3.41  56447.338  113.0   8.975e-01 
  77541  1.000   3  2013  155   3.80  56447.354  113.0   6.609e-01 
  77543  1.000   3  2013  155   4.75  56447.394  113.0   2.890e-01 
  77544  0.333   1  2013  155   5.14  56447.410  113.0   2.561e-01 
  77677  1.000   3  2013  157  23.76  56450.186  112.3   8.254e-01 
  77678  0.490   2  2013  158   0.27  56450.207  112.3   9.082e-01 
  77679  0.667   2  2013  158   0.87  56450.232  112.3   1.189e+00 
  77859  0.978   2  2013  161  18.66  56453.973  114.0   8.989e+00 
  77860  0.989   2  2013  161  19.31  56454.000  114.0   5.962e+00 
  77862  0.800   4  2013  161  20.31  56454.042  114.0   2.161e+00 
  77863  0.800   4  2013  161  20.80  56454.062  114.0   1.910e+00 
  77917  0.333   1  2013  162  23.87  56455.190  114.6   2.604e+00 
  77918  0.333   1  2013  163   0.06  56455.198  114.6   2.282e+00 
  77922  0.333   2  2013  163   2.30  56455.291  114.6   7.857e-01 
  78309  0.500   1  2013  171   3.99  56463.362  114.3   1.829e+00 
  78310  0.500   1  2013  171   4.29  56463.374  114.3   1.429e+00 
  78627  1.444   2  2013  177  18.79  56469.979  122.1   8.142e+00 
  78826  0.336   1  2013  181  22.03  56474.114  123.0   3.020e+00 
  78918  1.111   1  2013  183  20.29  56476.041  122.2   2.466e+00 
  78964  1.111   1  2013  184  19.02  56476.988  121.8   5.915e+00 
  78965  1.111   1  2013  184  19.91  56477.025  121.8   2.861e+00 
  78967  1.111   1  2013  184  20.72  56477.059  121.8   1.716e+00 
  79108  1.111   1  2013  187  19.10  56479.991  119.9   7.741e+00 
  79267  1.633   1  2013  191   2.94  56483.318  119.0   1.292e+00 
  79300  1.111   1  2013  191  19.05  56483.989  119.0   4.334e+00 
  79351  0.811   1  2013  192  20.78  56485.061  119.3   3.607e+00 
  79352  0.811   1  2013  192  21.20  56485.079  119.4   3.369e+00 
  79365  1.308   1  2013  193   3.89  56485.358  119.4   2.735e+00 
  79367  1.308   1  2013  193   4.57  56485.386  119.4   1.460e+00 
  79398  0.811   1  2013  193  20.18  56486.036  119.6   3.495e+00 
  79399  0.811   1  2013  193  20.60  56486.054  119.6   3.554e+00 
  79400  0.811   1  2013  193  21.29  56486.083  119.6   3.916e+00 
  79401  0.811   1  2013  193  21.71  56486.100  119.6   3.241e+00 
  79402  0.811   1  2013  193  22.26  56486.123  119.6   3.142e+00 
  79403  0.811   1  2013  193  22.68  56486.141  119.6   3.325e+00 
  79463  0.500   2  2013  195   4.88  56487.399  120.0   9.252e-01 
  79511  1.333   2  2013  196   4.69  56488.391  120.1   1.535e+00 
  79547  0.333   1  2013  196  22.69  56489.141  120.1   4.375e+00 
  79548  0.667   2  2013  196  23.16  56489.161  120.1   3.527e+00 
  79549  0.483   1  2013  196  23.86  56489.190  120.1   2.393e+00 
  79550  0.967   2  2013  197   0.28  56489.207  120.1   1.798e+00 
  79551  0.483   1  2013  197   0.71  56489.225  120.1   1.307e+00 
  79552  0.650   1  2013  197   1.14  56489.243  120.1   8.272e-01 
  79553  0.650   1  2013  197   1.89  56489.274  120.1   6.542e-01 
  79554  0.650   1  2013  197   2.33  56489.293  120.1   3.493e-01 
  79556  0.650   1  2013  197   3.08  56489.324  120.1   1.304e-01 
  79557  0.556   1  2013  197   3.80  56489.354  120.0   5.601e-01 
  79558  1.111   2  2013  197   4.26  56489.373  120.0   7.180e-01 
  79559  0.556   1  2013  197   4.71  56489.392  120.0   8.206e-01 
  79560  1.111   2  2013  197   5.19  56489.412  120.0   7.065e-01 
  79561  0.333   2  2013  197   5.59  56489.429  120.0   9.704e-01 
  79600  0.928   1  2013  198   1.02  56490.238  119.8   1.151e+00 
  79601  0.928   1  2013  198   1.53  56490.259  119.8   9.631e-01 
  79603  0.633   2  2013  198   2.76  56490.311  119.8   6.854e-01 
  79605  0.833   1  2013  198   3.81  56490.354  119.8   1.459e+00 
  79606  0.833   1  2013  198   4.35  56490.377  119.8   1.310e+00 
  79607  0.833   1  2013  198   4.87  56490.399  119.7   7.798e-01 
  79608  0.833   1  2013  198   5.40  56490.420  119.7   5.078e-01 
  80270  0.744   2  2013  212   0.32  56504.209  112.3   1.025e+00 
  80271  0.744   2  2013  212   0.72  56504.226  112.3   8.720e-01 
  80371  1.000   2  2013  214   2.74  56506.310  113.0   1.094e+00 
  80372  1.000   2  2013  214   3.27  56506.332  113.0   2.118e+00 
  80374  0.489   4  2013  214   4.34  56506.376  113.1   1.430e+00 
  80420  1.333   2  2013  215   3.28  56507.332  113.3   7.800e-01 
  80422  1.333   2  2013  215   4.23  56507.372  113.3   1.232e+00 
  80452  0.883   3  2013  215  19.27  56507.998  113.7   7.500e+00 
  80454  1.621   2  2013  215  20.27  56508.040  113.8   3.872e+00 
  80467  1.633   1  2013  216   2.68  56508.307  114.2   5.740e-01 
  80644  0.811   1  2013  219  19.17  56511.994  117.3   7.948e+00 
  80645  0.811   1  2013  219  19.59  56512.012  117.4   7.152e+00 
  80660  1.308   1  2013  220   3.24  56512.331  117.6   1.199e+00 
  80661  1.308   1  2013  220   3.92  56512.359  117.7   8.835e-01 
  80704  1.633   1  2013  221   1.21  56513.246  118.4   2.366e+00 
  80742  0.336   1  2013  221  20.15  56514.035  119.0   3.220e+00 
  80746  0.800   1  2013  221  22.16  56514.119  119.0   3.147e+00 
  80747  0.800   1  2013  221  22.60  56514.137  119.0   2.940e+00 
  80748  0.800   1  2013  221  23.32  56514.167  119.1   2.373e+00 
  80749  0.800   1  2013  221  23.77  56514.186  119.1   1.470e+00 
  80759  0.500   1  2013  222   4.86  56514.398  119.2   3.213e-01 
  80760  0.500   1  2013  222   5.16  56514.410  119.2   2.138e-01 
  80799  1.000   2  2013  223   0.65  56515.223  119.5   8.702e-01 
  80800  1.000   2  2013  223   1.18  56515.245  119.5   9.245e-01 
  80801  0.500   1  2013  223   1.82  56515.272  119.5   6.931e-01 
  80802  1.000   2  2013  223   2.22  56515.288  119.6   5.325e-01 
  80803  0.500   1  2013  223   2.62  56515.305  119.6   7.297e-01 
  80895  1.308   1  2013  225   0.66  56517.223  119.6   2.094e+00 
  80896  1.308   1  2013  225   1.34  56517.251  119.6   1.423e+00 
  80938  0.500   1  2013  225  22.36  56518.127  119.6   3.578e+00 
  80939  1.000   2  2013  225  22.76  56518.144  119.6   2.872e+00 
  80940  0.500   1  2013  225  23.15  56518.160  119.6   2.354e+00 
  80943  1.036   1  2013  226   0.71  56518.225  119.6   1.107e+00 
  80944  1.036   1  2013  226   1.26  56518.248  119.6   1.934e+00 
  80946  1.036   1  2013  226   2.32  56518.292  119.6   2.417e+00 
  80948  1.036   1  2013  226   3.42  56518.338  119.6   2.652e+00 
  80950  1.036   1  2013  226   4.27  56518.374  119.6   1.353e+00 
  80952  1.036   1  2013  226   5.37  56518.419  119.6   6.117e-01 
  80987  0.744   2  2013  226  22.81  56519.146  119.5   4.376e+00 
  80988  0.744   2  2013  226  23.22  56519.163  119.5   3.724e+00 
  80990  1.036   1  2013  227   0.30  56519.208  119.5   3.061e+00 
  80991  1.036   1  2013  227   0.85  56519.231  119.5   2.710e+00 
  80992  1.036   1  2013  227   1.40  56519.254  119.5   2.634e+00 
  80994  1.036   1  2013  227   2.36  56519.294  119.5   2.254e+00 
  80996  1.036   1  2013  227   3.45  56519.339  119.5   1.577e+00 
  80998  1.036   1  2013  227   4.34  56519.376  119.5   7.329e-01 
  81042  1.036   1  2013  228   2.42  56520.296  119.3   7.607e-01 
  81045  1.036   1  2013  228   3.52  56520.342  119.3   2.439e+00 
  81046  1.036   1  2013  228   4.37  56520.378  119.3   9.034e-01 
  81658  0.372   1  2013  240  22.47  56533.132  115.5   3.034e+00 
  81659  0.744   2  2013  240  22.77  56533.144  115.5   2.981e+00 
  81660  0.372   1  2013  240  23.07  56533.157  115.5   3.416e+00 
  81661  1.308   1  2013  240  23.89  56533.191  115.4   4.236e+00 
  81663  1.308   1  2013  241   0.57  56533.219  115.4   3.718e+00 
  81856  1.633   1  2013  245   1.06  56537.240  109.5   2.295e+00 
  81858  1.633   1  2013  245   2.22  56537.288  109.4   1.225e+00 
  81860  1.633   1  2013  245   3.16  56537.327  109.4   4.688e-01 
  81862  1.633   1  2013  245   4.08  56537.366  109.3   7.806e-01 
  81899  0.644   2  2013  245  22.80  56538.146  108.2   4.282e+00 
  81900  0.644   2  2013  245  23.15  56538.160  108.2   3.283e+00 
  81901  0.644   2  2013  245  23.76  56538.186  108.2   3.098e+00 
  81902  0.967   3  2013  246   0.24  56538.205  108.1   3.156e+00 
  81903  0.644   2  2013  246   0.75  56538.227  108.1   3.257e+00 
  81905  1.308   1  2013  246   1.75  56538.268  108.0   4.836e+00 
  81906  1.308   1  2013  246   2.43  56538.297  108.0   5.162e+00 
  81908  1.633   1  2013  246   3.42  56538.338  107.9   2.394e+00 
  81910  0.483   1  2013  246   4.32  56538.376  107.9   1.268e+00 
  81911  0.483   1  2013  246   4.84  56538.397  107.8   8.736e-01 
  81993  0.372   1  2013  247  21.81  56540.105  105.7   3.443e+00 
  81994  1.117   3  2013  247  22.22  56540.121  105.7   3.055e+00 
  81995  0.372   1  2013  247  22.97  56540.152  105.6   3.653e+00 
  81996  0.744   2  2013  247  23.27  56540.165  105.6   3.289e+00 
  81997  0.372   1  2013  247  23.57  56540.178  105.6   3.357e+00 
  82039  0.380   3  2013  248  20.84  56541.064  104.7   3.161e+00 
  82040  0.380   3  2013  248  21.29  56541.083  104.7   3.594e+00 
  82046  0.483   1  2013  249   0.28  56541.207  104.6   3.274e+00 
  82047  0.483   1  2013  249   0.79  56541.229  104.6   3.114e+00 
  82049  0.483   1  2013  249   1.51  56541.258  104.6   2.302e+00 
  82050  0.967   2  2013  249   2.25  56541.289  104.6   1.052e+00 
  82051  0.483   1  2013  249   3.00  56541.321  104.6   1.516e+00 
  82053  0.483   1  2013  249   3.60  56541.346  104.5   1.811e+00 
  82054  0.483   1  2013  249   4.11  56541.367  104.5   5.497e-01 
  82149  0.667   1  2013  251   3.94  56543.360  103.8   2.703e+00 
  82150  0.667   1  2013  251   4.30  56543.375  103.8   2.455e+00 
  82180  0.336   1  2013  251  19.20  56543.996  103.7   5.389e+00 
  82228  0.336   1  2013  252  19.31  56545.000  103.6   2.989e+00 
  82243  0.833   1  2013  253   2.64  56545.306  103.6   1.768e+00 
  82244  0.833   1  2013  253   3.09  56545.324  103.6   2.201e+00 
  82245  0.667   1  2013  253   3.88  56545.357  103.6   1.739e+00 
  82246  0.667   1  2013  253   4.24  56545.372  103.6   1.133e+00 
  82295  0.700   2  2013  254   4.61  56546.388  103.5   1.022e+00 
  82950  1.000   1  2013  267  20.21  56560.038  105.2   2.822e+00 
  82951  1.000   1  2013  267  20.74  56560.060  105.2   3.564e+00 
  82952  1.000   1  2013  267  21.36  56560.086  105.3   5.258e+00 
  82953  1.000   1  2013  267  21.89  56560.107  105.3   5.652e+00 
  83148  0.483   1  2013  271  23.05  56564.156  109.2   2.722e+00 
  83149  0.483   1  2013  271  23.57  56564.178  109.2   1.375e+00 
  83150  0.483   1  2013  272   0.22  56564.205  109.2   1.929e+00 
  83151  0.483   1  2013  272   0.73  56564.226  109.3   2.745e+00 
  83152  0.483   1  2013  272   1.39  56564.253  109.3   2.801e+00 
  83153  0.483   1  2013  272   1.90  56564.275  109.3   4.066e+00 
  83154  0.483   1  2013  272   2.28  56564.291  109.3   4.795e+00 
  83155  0.483   1  2013  272   2.79  56564.312  109.4   6.086e+00 
  83189  0.833   3  2013  272  19.81  56565.021  110.2   3.411e+00 
  83191  0.611   1  2013  272  20.70  56565.058  110.3   3.105e+00 
  83192  1.222   2  2013  272  21.20  56565.079  110.3   3.649e+00 
  83193  0.611   1  2013  272  21.69  56565.099  110.3   3.673e+00 
  83194  0.611   1  2013  272  22.41  56565.129  110.4   3.428e+00 
  83195  0.611   1  2013  272  22.74  56565.143  110.4   3.248e+00 
  83196  1.222   2  2013  272  23.23  56565.163  110.4   2.520e+00 
  83198  1.222   2  2013  273   0.19  56565.203  110.5   2.372e+00 
  83199  0.611   1  2013  273   0.68  56565.224  110.5   2.656e+00 
  83200  0.611   1  2013  273   1.01  56565.238  110.5   2.625e+00 
  83201  1.222   2  2013  273   1.75  56565.269  110.5   3.501e+00 
  83202  0.611   1  2013  273   2.25  56565.289  110.6   4.120e+00 
  83203  0.611   1  2013  273   2.58  56565.303  110.6   4.721e+00 
  83204  0.611   1  2013  273   3.35  56565.335  110.6   2.993e+00 
  83205  0.611   1  2013  273   3.68  56565.349  110.6   2.194e+00 
  83206  1.222   2  2013  273   4.17  56565.369  110.7   1.433e+00 
  83237  0.833   3  2013  273  19.82  56566.021  111.4   1.879e+00 
  83239  0.611   1  2013  273  20.76  56566.060  111.4   4.277e+00 
  83240  1.222   2  2013  273  21.25  56566.081  111.5   4.404e+00 
  83241  0.611   1  2013  273  21.74  56566.101  111.5   3.927e+00 
  83242  0.611   1  2013  273  22.35  56566.127  111.5   3.227e+00 
  83243  0.611   1  2013  273  22.68  56566.141  111.5   3.300e+00 
  83244  1.222   2  2013  273  23.17  56566.161  111.5   2.783e+00 
  83245  0.611   1  2013  273  23.94  56566.193  111.6   1.666e+00 
  83246  0.611   1  2013  274   0.27  56566.207  111.6   1.316e+00 
  83247  1.222   2  2013  274   0.76  56566.227  111.6   9.933e-01 
  83248  0.611   1  2013  274   1.41  56566.254  111.6   1.161e+00 
  83249  0.611   1  2013  274   1.74  56566.268  111.6   1.369e+00 
  83250  1.222   2  2013  274   2.23  56566.288  111.7   1.802e+00 
  83252  0.833   3  2013  274   3.27  56566.332  111.7   2.904e+00 
  83253  0.833   3  2013  274   3.79  56566.354  111.7   2.063e+00 
  83777  0.667   2  2013  285   1.75  56577.268  123.4   1.750e+00 
  83778  0.667   2  2013  285   2.18  56577.287  123.5   2.726e+00 
  83779  0.333   1  2013  285   2.78  56577.312  123.5   4.199e+00 
  83780  1.000   3  2013  285   3.22  56577.330  123.6   4.873e+00 
  83823  0.473   1  2013  286   0.60  56578.221  125.5   1.586e+00 
  83824  0.481   1  2013  286   1.25  56578.248  125.6   1.395e+00 
  83825  0.481   1  2013  286   1.54  56578.260  125.6   1.669e+00 
  83875  0.333   3  2013  287   2.69  56579.308  128.1   4.184e+00 
  83876  0.333   3  2013  287   3.17  56579.328  128.1   2.080e+00 
  83974  0.333   3  2013  289   4.23  56581.372  131.9   2.331e+00 
  84197  0.492   3  2013  293  19.85  56586.023  137.6   7.891e-01 
  84347  0.667   1  2013  296  22.93  56589.151  141.3   2.755e+00 
  84388  0.337   1  2013  297  19.37  56590.003  142.2   1.385e+00 
  84389  0.667   2  2013  297  19.78  56590.020  142.2   8.224e-01 
  84390  1.000   3  2013  297  20.23  56590.039  142.2   7.099e-01 
  84391  0.773   3  2013  297  20.77  56590.061  142.2   1.380e+00 
  84392  0.673   2  2013  297  21.24  56590.081  142.2   2.300e+00 
  84393  1.010   3  2013  297  21.69  56590.099  142.3   1.879e+00 
  84394  0.670   3  2013  297  22.21  56590.121  142.3   1.003e+00 
  84395  1.000   6  2013  297  22.74  56590.143  142.3   1.073e+00 
  84396  0.500   3  2013  297  23.19  56590.162  142.3   1.491e+00 
  84397  0.673   2  2013  297  23.67  56590.182  142.3   1.619e+00 
  84398  0.337   1  2013  298   0.43  56590.214  142.3   1.428e+00 
  84399  1.010   3  2013  298   0.79  56590.229  142.3   2.633e+00 
  84400  0.673   2  2013  298   1.25  56590.248  142.4   3.595e+00 
  84401  1.010   3  2013  298   1.75  56590.268  142.4   4.345e+00 
  84436  0.337   1  2013  298  19.28  56590.999  142.8   2.878e+00 
  84437  0.337   1  2013  298  19.90  56591.025  142.8   8.132e-01 
  84438  1.010   3  2013  298  20.26  56591.040  142.8   8.730e-01 
  84439  0.673   2  2013  298  20.71  56591.058  142.8   1.284e+00 
  84440  1.010   3  2013  298  21.22  56591.080  142.9   6.471e-01 
  84441  0.673   2  2013  298  21.80  56591.104  142.9   7.287e-01 
  84442  1.010   3  2013  298  22.25  56591.123  142.9   5.747e-01 
  84443  0.673   2  2013  298  22.73  56591.143  142.9   4.798e-01 
  84444  1.010   3  2013  298  23.21  56591.163  142.9   6.061e-01 
  84445  0.673   2  2013  298  23.66  56591.182  142.9   7.026e-01 
  84446  0.833   5  2013  299   0.24  56591.206  142.9   1.747e+00 
  84447  0.667   4  2013  299   0.67  56591.224  142.9   2.812e+00 
  84484  0.337   1  2013  299  19.32  56592.001  143.4   2.941e+00 
  84485  0.670   2  2013  299  19.67  56592.015  143.4   1.434e+00 
  84486  0.833   3  2013  299  20.17  56592.036  143.4   1.070e+00 
  84487  0.833   5  2013  299  20.77  56592.061  143.4   1.271e+00 
  84488  0.767   4  2013  299  21.28  56592.082  143.5   1.528e+00 
  84489  0.800   3  2013  299  21.82  56592.105  143.5   1.640e+00 
  84490  0.800   3  2013  299  22.30  56592.125  143.5   1.687e+00 
  84491  0.800   3  2013  299  22.78  56592.145  143.5   9.031e-01 
  84492  0.800   3  2013  299  23.26  56592.165  143.5   9.705e-01 
  84493  0.800   3  2013  299  23.75  56592.185  143.5   1.490e+00 
  84494  0.513   1  2013  300   0.33  56592.209  143.5   2.181e+00 
  84495  1.026   2  2013  300   0.76  56592.227  143.5   2.831e+00 
  84496  0.513   1  2013  300   1.25  56592.247  143.6   4.151e+00 
  84497  1.026   2  2013  300   1.67  56592.265  143.6   5.982e+00 
  84498  0.513   1  2013  300   2.48  56592.299  143.6   7.958e+00 
  84499  0.513   1  2013  300   2.77  56592.311  143.6   5.815e+00 
  84500  0.513   1  2013  300   3.05  56592.323  143.6   4.654e+00 
  84549  0.778   5  2013  301   3.75  56593.352  144.4   1.854e+00 
  84582  0.722   1  2013  301  20.09  56594.033  145.2   1.617e+00 
  84583  0.722   1  2013  301  20.50  56594.050  145.2   2.909e+00 
  84584  0.722   1  2013  301  21.38  56594.087  145.3   3.086e+00 
  84585  0.722   1  2013  301  21.80  56594.104  145.3   4.302e+00 
  84591  0.722   1  2013  302   0.94  56594.235  145.4   2.911e+00 
  84592  0.722   1  2013  302   1.35  56594.252  145.5   3.419e+00 
  84594  0.722   1  2013  302   2.09  56594.283  145.5   6.248e+00 
  84595  0.722   1  2013  302   2.50  56594.300  145.5   6.058e+00 
  84596  1.444   2  2013  302   3.23  56594.330  145.6   4.425e+00 
  84629  0.722   1  2013  302  19.63  56595.013  146.5   1.937e+00 
  84630  0.722   1  2013  302  20.03  56595.030  146.5   3.152e+00 
  84635  0.847   1  2013  302  22.69  56595.141  146.7   2.272e+00 
  84636  0.847   1  2013  302  23.12  56595.159  146.7   1.671e+00 
  84643  0.722   1  2013  303   2.96  56595.319  146.9   4.342e+00 
  84644  0.722   1  2013  303   3.37  56595.336  146.9   3.901e+00 
  84677  0.667   2  2013  303  19.80  56596.021  147.8   5.799e+00 
  84678  0.667   2  2013  303  20.19  56596.037  147.9   6.827e+00 
  84679  0.667   2  2013  303  20.80  56596.062  147.9   6.772e+00 
  84681  0.722   1  2013  303  21.60  56596.096  147.9   6.008e+00 
  84682  0.722   1  2013  303  22.01  56596.113  147.9   4.855e+00 
  84683  0.722   1  2013  303  22.67  56596.140  148.0   3.438e+00 
  84684  0.722   1  2013  303  23.08  56596.157  148.0   2.964e+00 
  84692  1.667   1  2013  304   3.05  56596.323  148.2   6.816e-01 
  84879  0.789   1  2013  308   1.00  56600.237  153.6   5.703e+00 
  84880  0.789   1  2013  308   1.45  56600.256  153.6   6.518e+00 
  84882  0.789   1  2013  308   2.21  56600.288  153.7   6.865e+00 
  84883  0.789   1  2013  308   2.65  56600.306  153.7   4.027e+00 
  84917  0.333   1  2013  308  19.92  56601.025  154.6   2.105e+00 
  84918  1.000   3  2013  308  20.30  56601.042  154.6   2.185e+00 
  84925  1.000   3  2013  308  23.78  56601.186  154.6   8.951e-01 
  84926  0.333   1  2013  309   0.16  56601.202  154.6   1.199e+00 
  84927  0.333   1  2013  309   0.96  56601.236  154.7   2.571e+00 
  84928  0.667   2  2013  309   1.26  56601.248  154.7   3.339e+00 
  84929  0.333   1  2013  309   1.55  56601.260  154.7   4.284e+00 
  85024  0.667   2  2013  311   1.40  56603.254  154.7   1.810e+00 
  85025  0.333   1  2013  311   1.90  56603.275  154.7   1.978e+00 
  85029  0.667   2  2013  311   3.67  56603.348  154.6   8.199e-01 
  85118  1.000   1  2013  313   0.38  56605.211  153.1   6.176e-01 
  85164  1.056   1  2013  313  23.00  56606.154  152.0   4.417e-01 
  85165  1.056   1  2013  313  23.58  56606.178  152.0   4.062e-01 
  85166  1.056   1  2013  314   0.13  56606.201  152.0   2.962e-01 
  85167  0.778   1  2013  314   0.74  56606.227  151.9   3.533e-01 
  85268  0.667   2  2013  316   3.13  56608.326  149.3   4.660e+00 
  85269  0.667   2  2013  316   3.63  56608.347  149.3   3.728e+00 
  85638  0.778   1  2013  323  20.24  56616.039  144.1   8.210e-01 
  85685  0.489   1  2013  324  19.84  56617.022  143.5   1.805e+00 
  85686  0.978   2  2013  324  20.23  56617.038  143.5   1.297e+00 
  85687  0.489   1  2013  324  20.62  56617.055  143.5   7.085e-01 
  85733  0.489   1  2013  325  19.96  56618.027  143.2   1.176e+00 
  85734  0.978   2  2013  325  20.35  56618.043  143.2   7.150e-01 
  85735  0.489   1  2013  325  20.74  56618.060  143.2   5.982e-01 
  85784  0.789   1  2013  326  21.47  56619.090  143.2   4.993e-01 
  85785  0.789   1  2013  326  21.92  56619.109  143.2   5.971e-01 
  85787  0.778   1  2013  326  22.96  56619.152  143.2   8.800e-01 
  85788  0.778   1  2013  326  23.36  56619.169  143.2   7.852e-01 
  85839  0.778   1  2013  328   0.52  56620.217  143.3   8.299e-01 
  85879  1.444   2  2013  328  20.78  56621.062  143.3   6.632e-01 
  85881  0.789   1  2013  328  21.72  56621.100  143.3   4.690e-01 
  85882  0.789   1  2013  328  22.16  56621.119  143.3   3.982e-01 
  85883  0.789   1  2013  328  22.89  56621.149  143.3   4.322e-01 
  85884  0.789   1  2013  328  23.34  56621.168  143.3   5.682e-01 
  85885  0.348   1  2013  328  23.84  56621.189  143.3   4.938e-01 
  85886  1.043   3  2013  329   0.23  56621.205  143.3   8.430e-01 
  85985  0.789   1  2013  331   1.67  56623.265  143.3   2.675e+00 
  85986  0.789   1  2013  331   2.12  56623.284  143.3   2.907e+00 
  85987  0.789   1  2013  331   2.84  56623.314  143.3   2.611e+00 
  85988  0.789   1  2013  331   3.29  56623.333  143.3   2.775e+00 
  86034  0.789   1  2013  332   2.16  56624.285  143.3   3.707e+00 
  86035  0.789   1  2013  332   2.61  56624.304  143.3   2.915e+00 
  86083  0.489   1  2013  333   2.88  56625.316  142.9   1.533e+00 
  86084  0.978   2  2013  333   3.27  56625.332  142.9   1.374e+00 
  86085  0.489   1  2013  333   3.66  56625.348  142.9   1.702e+00 
  86126  1.667   1  2013  334   0.30  56626.208  142.4   1.268e+00 
  86130  0.489   1  2013  334   2.34  56626.293  142.4   2.854e+00 
  86131  0.978   2  2013  334   2.73  56626.309  142.4   2.000e+00 
  86132  0.489   1  2013  334   3.12  56626.326  142.4   1.670e+00 
  86171  0.789   1  2013  334  22.65  56627.139  142.0   3.699e-01 
  86172  0.789   1  2013  334  23.10  56627.158  142.0   6.004e-01 
  86213  0.722   1  2013  335  19.91  56628.025  141.6   1.930e+00 
  86214  0.722   1  2013  335  20.32  56628.042  141.6   1.107e+00 
  86216  1.444   2  2013  335  21.25  56628.081  141.6   6.601e-01 
  86217  0.722   1  2013  335  21.95  56628.110  141.5   6.084e-01 
  86218  0.722   1  2013  335  22.36  56628.127  141.5   4.824e-01 
  86220  0.722   1  2013  335  23.43  56628.172  141.5   7.196e-01 
  86221  0.722   1  2013  335  23.84  56628.189  141.5   1.187e+00 
  86268  0.792   1  2013  336  23.44  56629.172  141.3   3.058e-01 
  86269  0.792   1  2013  336  23.86  56629.190  141.3   2.929e-01 
  86310  0.847   1  2013  337  20.33  56630.043  141.4   1.056e+00 
  86311  0.847   1  2013  337  20.77  56630.061  141.4   5.603e-01 
  86365  1.444   2  2013  338  23.74  56631.185  141.9   3.343e-01 
  86367  0.722   1  2013  339   0.92  56631.234  141.9   6.311e-01 
  86368  0.722   1  2013  339   1.33  56631.251  141.9   9.399e-01 
  86406  0.847   1  2013  339  20.37  56632.044  142.3   1.096e+00 
  86407  0.847   1  2013  339  20.81  56632.062  142.3   5.660e-01 
  86414  0.800   1  2013  340   0.16  56632.202  142.3   2.874e-01 
  86416  0.800   1  2013  340   1.07  56632.240  142.3   5.175e-01 
  86509  0.789   1  2013  341  23.95  56634.194  143.2   4.442e-01 
  86510  0.789   1  2013  342   0.40  56634.212  143.2   3.886e-01 
  86514  0.343   1  2013  342   2.11  56634.283  143.3   2.456e-01 
  86657  0.722   1  2013  345   1.80  56637.271  144.9   3.094e+00 
  86658  0.722   1  2013  345   2.21  56637.288  144.9   2.194e+00 
  86704  0.800   1  2013  346   1.43  56638.255  144.7   1.783e+00 
  87223  1.578   2  2013  356  20.76  56649.061  150.3   1.395e+00 
  87271  0.789   1  2013  357  20.62  56650.055  151.9   1.518e+00 
  87272  0.789   1  2013  357  21.06  56650.073  151.9   7.442e-01 
  87319  1.130   1  2013  358  20.75  56651.060  153.2   8.336e-01 
  87320  1.130   1  2013  358  21.37  56651.086  153.3   4.913e-01 
  87322  0.789   1  2013  358  22.25  56651.123  153.4   3.129e-01 
  87323  0.789   1  2013  358  22.70  56651.141  153.4   1.079e-01 
  87325  1.026   2  2013  358  23.64  56651.181  153.5   2.339e-01 
  87326  0.513   1  2013  359   0.07  56651.199  153.6   3.425e-01 
  87327  0.667   1  2013  359   0.66  56651.223  153.6   2.406e-01 
  87328  0.667   1  2013  359   1.02  56651.238  153.7   2.341e-01 
  87378  0.722   1  2013  360   2.32  56652.292  155.6   6.864e-01 
  87379  0.722   1  2013  360   2.74  56652.310  155.6   5.796e-01 
  87424  0.978   2  2013  361   1.28  56653.249  156.4   3.838e+00 
  87425  0.978   2  2013  361   1.80  56653.271  156.4   4.376e+00 
  87427  0.989   2  2013  361   2.64  56653.305  156.5   2.445e+00 
  87428  0.989   2  2013  361   3.30  56653.333  156.5   1.659e+00 
  87520  0.489   1  2013  363   1.43  56655.255  157.4   3.858e+00 
  87521  0.978   2  2013  363   1.81  56655.271  157.4   4.904e+00 
  87522  0.489   1  2013  363   2.20  56655.287  157.4   6.680e+00 
  87524  0.333   1  2013  363   3.45  56655.339  157.4   2.231e+00 
  87525  0.333   1  2013  363   3.64  56655.347  157.4   1.931e+00 
  87568  0.489   1  2013  364   1.36  56656.252  157.6   4.430e+00 
  87569  0.978   2  2013  364   1.75  56656.269  157.6   3.555e+00 
  87570  0.489   1  2013  364   2.14  56656.285  157.6   3.026e+00 
  87620  0.500   2  2013  365   3.24  56657.331  157.3   1.643e+00 
  87654  0.667   2  2013  365  20.28  56658.040  156.9   3.010e+00 
  87655  0.667   2  2013  365  20.67  56658.057  156.9   1.617e+00 
  87760  0.489   1  2014    3   1.26  56660.248  155.0   4.066e+00 
  87761  0.978   2  2014    3   1.65  56660.264  155.0   3.419e+00 
  87762  0.489   1  2014    3   2.04  56660.281  154.9   3.217e+00 
  87763  0.978   2  2014    3   2.69  56660.308  154.9   2.587e+00 
  87764  0.978   2  2014    3   3.22  56660.330  154.9   2.361e+00 
  87799  0.792   1  2014    3  20.71  56661.059  154.3   1.411e+00 
  87800  0.792   1  2014    3  21.13  56661.076  154.3   7.710e-01 
  87808  1.000   2  2014    4   1.35  56661.252  154.2   5.817e+00 
  87809  0.500   1  2014    4   1.74  56661.268  154.2   5.781e+00 
  87810  0.500   1  2014    4   2.01  56661.279  154.1   6.125e+00 
  87811  0.699   1  2014    4   2.71  56661.308  154.1   3.652e+00 
  87812  0.699   1  2014    4   3.08  56661.324  154.1   2.834e+00 
  87907  0.490   3  2014    6   2.70  56663.308  153.4   5.807e+00 
  87947  1.667   1  2014    6  22.64  56664.139  153.3   2.002e-01 
  87949  1.000   2  2014    6  23.64  56664.180  153.4   3.755e-01 
  87950  1.000   2  2014    7   0.17  56664.203  153.4   8.650e-01 
  87953  0.667   2  2014    7   1.74  56664.268  153.4   1.203e+00 
  87954  1.000   3  2014    7   2.20  56664.287  153.4   1.234e+00 
  87955  0.333   1  2014    7   2.56  56664.302  153.4   1.259e+00 
  88045  0.667   1  2014    8  23.97  56666.194  154.7   5.050e-01 
  88096  1.000   2  2014   10   1.26  56667.248  155.2   1.758e+00 
  88097  1.000   2  2014   10   1.79  56667.270  155.2   3.342e+00 
  88567  0.667   1  2014   19  20.87  56677.065  149.1   1.437e+00 
  88712  1.043   3  2014   22  21.29  56680.083  146.9   5.064e-01 
  88713  0.348   1  2014   22  21.69  56680.099  146.9   2.583e-01 
  88908  0.500   2  2014   26  23.35  56684.168  149.2   7.845e-01 
  88957  0.489   1  2014   27  23.83  56685.188  150.2   9.801e-01 
  88958  0.978   2  2014   28   0.22  56685.205  150.2   1.472e+00 
  88959  0.489   1  2014   28   0.61  56685.221  150.2   2.063e+00 
  88960  1.000   2  2014   28   1.27  56685.248  150.2   3.427e+00 
  88961  1.000   2  2014   28   1.80  56685.271  150.3   3.210e+00 
  88963  0.699   1  2014   28   2.79  56685.312  150.3   2.233e+00 
  88964  0.699   1  2014   28   3.17  56685.328  150.3   2.909e+00 
  88965  0.494   1  2014   28   3.81  56685.354  150.3   2.864e+00 
  88966  0.494   1  2014   28   4.07  56685.365  150.4   2.945e+00 
  89047  0.545   1  2014   29  20.59  56687.054  152.8   8.926e-01 
  89049  1.667   1  2014   29  21.55  56687.093  152.8   5.252e-01 
  89051  1.667   1  2014   29  22.81  56687.146  152.9   2.884e-01 
  89053  1.000   2  2014   29  23.73  56687.184  153.0   4.521e-01 
  89054  1.000   2  2014   30   0.26  56687.206  153.0   1.507e+00 
  89058  0.722   1  2014   30   2.28  56687.291  153.1   1.111e+00 
  89059  0.722   1  2014   30   2.69  56687.308  153.1   9.277e-01 
  89061  0.978   2  2014   30   3.75  56687.352  153.2   3.661e+00 
  89062  0.489   1  2014   30   4.14  56687.368  153.2   5.637e+00 
  89097  1.667   1  2014   30  21.51  56688.092  154.3   5.390e-01 
  89098  0.500   1  2014   30  22.33  56688.126  154.3   6.236e-01 
  89099  1.000   2  2014   30  22.73  56688.143  154.3   4.485e-01 
  89100  0.500   1  2014   30  23.12  56688.159  154.4   3.767e-01 
  89107  0.978   2  2014   31   2.86  56688.315  154.6   5.775e+00 
  89108  0.489   1  2014   31   3.25  56688.331  154.6   5.095e+00 
  89109  0.489   1  2014   31   3.51  56688.342  154.6   4.332e+00 
  89145  0.500   1  2014   31  21.86  56689.106  155.7   5.774e-01 
  89146  1.000   2  2014   31  22.26  56689.123  155.7   4.231e-01 
  89147  0.500   1  2014   31  22.66  56689.140  155.7   5.580e-01 
  89150  0.648   2  2014   32   0.38  56689.211  155.8   3.098e+00 
  89151  0.648   2  2014   32   0.74  56689.226  155.8   5.010e+00 
  89153  0.699   1  2014   32   1.84  56689.272  155.9   5.747e+00 
  89154  0.699   1  2014   32   2.22  56689.288  155.9   4.482e+00 
  89156  1.399   2  2014   32   3.21  56689.329  156.0   4.539e+00 
  89193  0.500   1  2014   32  21.86  56690.106  157.0   9.757e-01 
  89194  1.000   2  2014   32  22.26  56690.123  157.0   9.010e-01 
  89195  0.500   1  2014   32  22.66  56690.140  157.1   7.137e-01 
  89196  0.667   2  2014   32  23.27  56690.165  157.1   9.483e-01 
  89197  1.000   3  2014   32  23.72  56690.184  157.1   1.826e+00 
  89198  0.333   1  2014   33   0.09  56690.199  157.1   2.845e+00 
  89199  0.556   2  2014   33   0.82  56690.230  157.2   5.639e+00 
  89200  0.833   3  2014   33   1.26  56690.248  157.2   5.949e+00 
  89202  0.699   1  2014   33   2.28  56690.290  157.3   4.225e+00 
  89203  0.699   1  2014   33   2.65  56690.306  157.3   2.893e+00 
  89204  0.489   1  2014   33   3.23  56690.330  157.3   2.310e+00 
  89245  0.500   1  2014   33  23.96  56691.194  158.2   1.721e+00 
  89246  1.000   2  2014   34   0.36  56691.211  158.2   1.826e+00 
  89247  0.500   1  2014   34   0.76  56691.227  158.2   2.778e+00 
  89248  0.500   1  2014   34   1.25  56691.248  158.2   3.794e+00 
  89249  1.000   2  2014   34   1.65  56691.264  158.2   4.505e+00 
  89250  0.833   2  2014   34   2.19  56691.287  158.3   6.149e+00 
  89251  1.000   3  2014   34   2.77  56691.311  158.3   5.636e+00 
  89252  0.667   2  2014   34   3.23  56691.330  158.3   4.403e+00 
  89253  0.478   1  2014   34   3.80  56691.354  158.3   3.108e+00 
  89254  0.478   1  2014   34   4.06  56691.365  158.3   2.366e+00 
  89337  1.000   2  2014   35  21.68  56693.099  159.0   1.192e+00 
  89338  1.000   2  2014   35  22.21  56693.121  159.0   6.454e-01 
  89342  0.527   2  2014   36   0.34  56693.210  159.0   2.036e+00 
  89343  1.053   4  2014   36   0.78  56693.228  159.0   2.222e+00 
  89386  0.500   2  2014   36  22.24  56694.122  159.4   5.621e-01 
  89390  0.500   2  2014   37   0.09  56694.199  159.5   3.044e+00 
  89391  0.500   1  2014   37   0.81  56694.229  159.5   6.565e+00 
  89392  1.000   2  2014   37   1.20  56694.246  159.5   7.613e+00 
  89393  0.500   1  2014   37   1.60  56694.262  159.6   8.850e+00 
  89394  1.000   2  2014   37   2.27  56694.290  159.6   7.494e+00 
  89395  1.000   2  2014   37   2.81  56694.312  159.6   5.051e+00 
  89438  1.173   3  2014   38   0.28  56695.207  160.3   3.094e+00 
  89439  0.391   1  2014   38   0.72  56695.225  160.3   4.332e+00 
  89440  0.782   2  2014   38   1.34  56695.252  160.4   4.711e+00 
  89441  0.782   2  2014   38   1.78  56695.270  160.4   5.626e+00 
  89486  0.800   1  2014   39   0.11  56696.200  161.2   7.593e+00 
  89488  1.294   1  2014   39   1.00  56696.237  161.2   5.711e+00 
  89489  1.294   1  2014   39   1.72  56696.267  161.2   3.932e+00 
  89494  0.494   1  2014   39   4.35  56696.377  161.3   5.625e-01 
  89495  0.494   1  2014   39   4.65  56696.389  161.3   8.049e-01 
  89536  1.294   1  2014   40   1.48  56697.257  162.1   4.244e+00 
  89538  0.494   1  2014   40   2.30  56697.291  162.2   4.426e+00 
  89539  0.989   2  2014   40   2.87  56697.315  162.2   5.497e+00 
  89585  1.294   1  2014   41   1.77  56698.269  163.2   7.518e+00 
  89587  0.978   2  2014   41   2.71  56698.309  163.2   4.834e+00 
  89588  0.978   2  2014   41   3.23  56698.330  163.2   3.179e+00 
  89636  1.294   1  2014   42   3.14  56699.326  164.0   2.255e+00 
  89638  0.989   2  2014   42   4.19  56699.370  164.0   8.822e-01 
  89685  0.500   1  2014   43   3.73  56700.351  164.7   1.197e+00 
  90106  0.722   5  2014   51  22.28  56709.124  160.3   1.011e+00 
  90203  0.489   1  2014   53  22.74  56711.143  158.6   3.059e+00 
  90204  0.978   2  2014   53  23.13  56711.159  158.6   3.413e+00 
  90205  0.489   1  2014   53  23.52  56711.175  158.5   4.554e+00 
  90206  0.978   2  2014   54   0.21  56711.204  158.5   6.713e+00 
  90207  0.978   2  2014   54   0.73  56711.226  158.5   7.130e+00 
  90209  0.978   2  2014   54   1.77  56711.269  158.5   4.731e+00 
  90210  0.489   1  2014   54   2.16  56711.286  158.4   4.215e+00 
  90211  0.978   2  2014   54   2.82  56711.313  158.4   5.684e+00 
  90212  0.978   2  2014   54   3.34  56711.335  158.4   6.093e+00 
  90214  1.333   2  2014   54   4.19  56711.370  158.4   5.539e+00 
  90247  0.867   6  2014   54  20.74  56712.060  157.8   4.345e+00 
  90249  1.000   2  2014   54  21.69  56712.099  157.8   3.444e+00 
  90250  1.000   2  2014   54  22.22  56712.122  157.8   3.051e+00 
  90251  0.500   1  2014   54  22.88  56712.149  157.8   2.626e+00 
  90252  1.000   2  2014   54  23.28  56712.165  157.8   2.497e+00 
  90253  0.500   1  2014   54  23.68  56712.182  157.8   2.652e+00 
  90299  0.699   1  2014   55  22.95  56713.152  157.2   2.070e+00 
  90300  0.699   1  2014   55  23.33  56713.168  157.2   2.171e+00 
  90307  0.333   1  2014   56   2.96  56713.319  157.1   7.826e+00 
  90308  0.667   2  2014   56   3.23  56713.330  157.1   8.010e+00 
  90309  1.000   3  2014   56   3.68  56713.349  157.1   6.986e+00 
  90346  0.699   1  2014   56  22.18  56714.120  156.8   2.148e+00 
  90347  0.699   1  2014   56  22.55  56714.135  156.8   3.024e+00 
  90358  0.494   1  2014   57   4.25  56714.373  156.9   4.175e+00 
  90359  0.494   1  2014   57   4.55  56714.385  156.9   4.100e+00 
  90394  1.399   2  2014   57  22.31  56715.125  156.8   1.444e+00 
  90406  0.989   2  2014   58   4.24  56715.372  156.7   4.098e+00 
  90440  0.699   1  2014   58  21.16  56716.077  156.2   3.238e+00 
  90441  0.699   1  2014   58  21.53  56716.093  156.2   4.790e+00 
  90488  0.699   1  2014   59  21.47  56717.090  155.6   1.972e+00 
  90489  0.699   1  2014   59  21.85  56717.106  155.6   2.822e+00 
  90491  0.699   1  2014   59  22.91  56717.150  155.6   2.707e+00 
  90492  0.699   1  2014   59  23.29  56717.166  155.6   2.743e+00 
  90533  0.333   1  2014   60  19.84  56718.022  155.1   1.539e+00 
  90534  1.000   3  2014   60  20.23  56718.038  155.1   9.922e-01 
  90535  0.667   2  2014   60  20.83  56718.064  155.1   1.586e+00 
  90536  0.667   2  2014   60  21.22  56718.080  155.1   1.970e+00 
  90537  0.667   2  2014   60  21.87  56718.107  155.0   2.753e+00 
  90538  0.667   2  2014   60  22.26  56718.123  155.0   2.170e+00 
  90540  1.130   1  2014   60  23.17  56718.161  155.0   3.940e+00 
  90541  1.130   1  2014   60  23.78  56718.187  155.0   4.243e+00 
  90546  0.389   1  2014   61   2.26  56718.290  155.0   9.048e+00 
  90547  0.389   1  2014   61   2.51  56718.300  155.0   7.187e+00 
  90586  0.699   1  2014   61  22.18  56719.120  154.6   2.807e+00 
  90587  0.699   1  2014   61  22.56  56719.136  154.5   2.189e+00 
  90629  0.492   3  2014   62  19.81  56720.021  154.1   1.838e+00 
  90630  0.656   4  2014   62  20.18  56720.037  154.1   1.599e+00 
  90631  0.818   4  2014   62  20.78  56720.062  154.1   1.230e+00 
  90632  0.818   4  2014   62  21.24  56720.081  154.0   2.768e+00 
  90633  0.409   2  2014   62  21.64  56720.097  154.0   3.478e+00 
  90634  1.075   3  2014   62  22.28  56720.124  154.0   3.374e+00 
  90635  0.717   2  2014   62  22.75  56720.144  154.0   2.999e+00 
  90636  0.358   1  2014   62  23.10  56720.158  154.0   2.131e+00 
  90637  1.022   5  2014   62  23.75  56720.185  154.0   2.485e+00 
  90638  0.818   4  2014   63   0.26  56720.207  154.0   2.152e+00 
  90639  0.818   4  2014   63   0.80  56720.229  154.0   1.645e+00 
  90640  0.818   4  2014   63   1.26  56720.248  154.0   2.486e+00 
  90641  0.504   3  2014   63   1.75  56720.268  154.0   4.016e+00 
  90642  0.900   6  2014   63   2.24  56720.289  153.9   6.773e+00 
  90643  0.750   5  2014   63   2.75  56720.310  153.9   9.125e+00 
  90644  0.750   5  2014   63   3.25  56720.331  153.9   8.393e+00 
  90645  0.900   6  2014   63   3.74  56720.352  153.9   5.969e+00 
  90646  0.750   5  2014   63   4.30  56720.375  153.9   4.237e+00 
  90677  0.409   2  2014   63  19.87  56721.023  153.6   1.044e+00 
  90678  1.022   5  2014   63  20.27  56721.040  153.6   1.119e+00 
  90679  0.613   3  2014   63  20.81  56721.063  153.5   1.211e+00 
  90680  0.818   4  2014   63  21.21  56721.079  153.5   1.852e+00 
  90681  0.717   2  2014   63  21.74  56721.101  153.5   2.286e+00 
  90682  1.075   3  2014   63  22.22  56721.121  153.5   2.769e+00 
  90683  0.717   2  2014   63  22.76  56721.144  153.5   3.976e+00 
  90684  1.075   3  2014   63  23.23  56721.164  153.5   3.256e+00 
  90685  0.717   2  2014   63  23.77  56721.186  153.5   4.055e+00 
  90686  1.075   3  2014   64   0.25  56721.206  153.5   4.968e+00 
  90687  0.717   2  2014   64   0.81  56721.229  153.4   4.950e+00 
  90688  1.075   3  2014   64   1.29  56721.249  153.4   5.163e+00 
  90690  0.833   5  2014   64   2.23  56721.289  153.4   7.244e+00 
  90691  0.833   5  2014   64   2.73  56721.309  153.4   7.722e+00 
  90692  0.806   5  2014   64   3.27  56721.332  153.4   7.237e+00 
  90693  0.806   5  2014   64   3.74  56721.351  153.4   5.721e+00 
  90694  0.806   5  2014   64   4.27  56721.374  153.3   3.765e+00 
  90725  0.883   3  2014   64  19.79  56722.020  153.0   9.491e-01 
  90726  0.883   3  2014   64  20.32  56722.042  153.0   1.018e+00 
  90727  0.500   2  2014   64  20.80  56722.062  153.0   1.500e+00 
  90728  0.817   3  2014   64  21.32  56722.084  153.0   3.096e+00 
  90729  0.528   2  2014   64  21.76  56722.102  153.0   3.718e+00 
  90730  0.709   3  2014   64  22.26  56722.123  153.0   3.570e+00 
  90731  0.907   4  2014   64  22.79  56722.145  153.0   3.397e+00 
  90732  0.680   3  2014   64  23.32  56722.167  153.0   3.622e+00 
  90733  0.680   3  2014   64  23.75  56722.185  153.0   3.753e+00 
  90734  0.883   4  2014   65   0.23  56722.205  153.0   3.292e+00 
  90735  0.813   4  2014   65   0.78  56722.228  153.0   3.634e+00 
  90736  0.813   4  2014   65   1.23  56722.247  153.0   5.914e+00 
  90737  0.813   4  2014   65   1.76  56722.269  153.0   8.005e+00 
  90738  0.813   4  2014   65   2.22  56722.288  153.0   8.502e+00 
  90739  0.813   4  2014   65   2.73  56722.309  153.0   7.092e+00 
  90740  1.017   5  2014   65   3.26  56722.331  153.0   4.133e+00 
  90741  0.568   2  2014   65   3.76  56722.352  153.0   4.239e+00 
  90742  0.730   2  2014   65   4.15  56722.368  153.0   4.422e+00 
  90773  0.825   3  2014   65  19.78  56723.020  152.8   1.087e+00 
  90774  0.825   3  2014   65  20.28  56723.040  152.8   1.075e+00 
  90775  0.550   2  2014   65  20.76  56723.061  152.8   2.056e+00 
  90776  0.825   3  2014   65  21.18  56723.078  152.8   2.578e+00 
  90777  0.825   3  2014   65  21.73  56723.101  152.8   3.972e+00 
  90778  0.550   2  2014   65  22.17  56723.119  152.8   3.348e+00 
  90779  0.825   3  2014   65  22.82  56723.146  152.8   3.147e+00 
  90780  0.825   3  2014   65  23.31  56723.167  152.8   3.072e+00 
  90781  0.550   2  2014   65  23.82  56723.188  152.8   3.673e+00 
  90782  0.550   2  2014   66   0.15  56723.202  152.8   3.484e+00 
  90823  0.500   2  2014   66  20.62  56724.055  152.7   2.332e+00 
  90829  0.699   1  2014   66  23.90  56724.191  152.6   4.890e+00 
  90830  0.699   1  2014   67   0.27  56724.207  152.6   5.222e+00 
  90835  0.667   1  2014   67   2.73  56724.309  152.6   6.730e+00 
  90836  0.667   1  2014   67   3.09  56724.324  152.6   6.394e+00 
  90837  0.989   2  2014   67   3.85  56724.356  152.6   4.581e+00 
  90876  0.500   1  2014   67  23.35  56725.168  152.3   6.072e+00 
  90877  1.000   2  2014   67  23.75  56725.185  152.2   8.301e+00 
  90878  0.500   1  2014   68   0.14  56725.202  152.2   6.531e+00 
  91026  0.667   1  2014   71   2.40  56728.295  150.6   7.644e+00 
  91027  0.667   1  2014   71   2.76  56728.311  150.6   7.113e+00 
  91028  0.489   1  2014   71   3.38  56728.337  150.6   5.595e+00 
  91029  0.978   2  2014   71   3.77  56728.353  150.6   4.821e+00 
  91030  0.489   1  2014   71   4.16  56728.369  150.6   4.189e+00 
  91076  0.600   2  2014   72   3.32  56729.334  149.8   5.765e+00 
  91543  1.000   1  2014   81  20.92  56739.067  148.3   4.472e+00 
  91546  1.000   1  2014   81  22.27  56739.123  148.3   6.583e+00 
  91601  1.333   2  2014   83   1.78  56740.270  148.1   8.387e+00 
  91603  0.667   1  2014   83   2.76  56740.310  148.1   7.717e+00 
  91604  0.667   1  2014   83   3.12  56740.326  148.1   4.869e+00 
  91605  0.667   1  2014   83   3.80  56740.354  148.1   1.943e+00 
  91643  1.130   1  2014   83  22.98  56741.153  147.7   5.863e+00 
  91645  1.130   1  2014   83  23.60  56741.179  147.7   7.057e+00 
  91648  0.889   1  2014   84   1.09  56741.241  147.6   5.440e+00 
  91649  0.889   1  2014   84   1.58  56741.262  147.6   5.741e+00 
  91651  1.130   1  2014   84   2.77  56741.311  147.6   9.521e+00 
  91652  1.130   1  2014   84   3.38  56741.336  147.6   6.279e+00 
  91654  0.722   5  2014   84   4.30  56741.375  147.5   2.308e+00 
  91655  0.722   5  2014   84   4.73  56741.393  147.5   1.583e+00 
  91693  1.130   1  2014   84  23.61  56742.179  147.0   6.224e+00 
  91694  1.130   1  2014   85   0.22  56742.205  147.0   6.739e+00 
  91696  1.130   1  2014   85   1.43  56742.255  146.9   7.662e+00 
  91698  1.130   1  2014   85   2.04  56742.281  146.9   8.985e+00 
  91700  0.978   2  2014   85   3.18  56742.328  146.9   2.628e+00 
  91701  0.978   2  2014   85   3.70  56742.350  146.9   1.765e+00 
  91741  1.308   1  2014   85  23.69  56743.183  146.5   6.920e+00 
  91742  1.308   1  2014   86   0.37  56743.211  146.4   6.503e+00 
  91744  0.339   1  2014   86   1.07  56743.240  146.4   8.785e+00 
  91745  0.339   1  2014   86   1.74  56743.268  146.4   8.865e+00 
  91746  0.339   1  2014   86   2.22  56743.288  146.4   7.238e+00 
  91747  0.339   1  2014   86   2.88  56743.316  146.4   7.435e+00 
  91748  0.339   1  2014   86   3.43  56743.338  146.4   6.562e+00 
  91782  1.399   2  2014   86  20.23  56744.038  146.1   2.867e+00 
  91784  0.699   1  2014   86  21.17  56744.078  146.1   4.240e+00 
  91785  0.699   1  2014   86  21.55  56744.094  146.1   3.102e+00 
  91786  0.699   1  2014   86  22.39  56744.129  146.0   4.306e+00 
  91787  0.699   1  2014   86  22.77  56744.144  146.0   5.357e+00 
  91789  1.000   2  2014   86  23.65  56744.181  146.0   6.042e+00 
  91790  1.000   2  2014   87   0.20  56744.204  146.0   6.596e+00 
  91791  0.500   1  2014   87   0.79  56744.228  146.0   7.773e+00 
  91792  0.500   1  2014   87   1.07  56744.240  146.0   8.277e+00 
  91834  1.308   1  2014   87  22.20  56745.120  145.9   4.508e+00 
  91835  1.308   1  2014   87  22.87  56745.149  145.9   4.203e+00 
  92073  1.167   3  2014   92  21.76  56750.102  147.6   6.556e+00 
  92074  0.389   1  2014   92  22.18  56750.120  147.6   5.486e+00 
  92075  0.778   2  2014   92  22.81  56750.146  147.6   5.351e+00 
  92076  0.778   2  2014   92  23.23  56750.163  147.7   5.810e+00 
  92276  1.057   2  2014   97   3.24  56754.331  151.0   3.607e+00 
  92277  0.529   1  2014   97   3.67  56754.349  151.0   2.300e+00 
  92317  0.639   1  2014   97  23.98  56755.195  151.2   5.472e+00 
  92318  0.639   1  2014   98   0.34  56755.210  151.2   4.735e+00 
  92320  1.057   2  2014   98   1.16  56755.244  151.2   3.263e+00 
  92321  0.529   1  2014   98   1.60  56755.262  151.2   3.894e+00 
  92322  0.463   1  2014   98   2.36  56755.294  151.3   5.446e+00 
  92323  0.926   2  2014   98   2.74  56755.310  151.3   6.077e+00 
  92324  0.819   1  2014   98   3.43  56755.339  151.3   4.256e+00 
  92325  0.819   1  2014   98   3.85  56755.356  151.3   2.284e+00 
  92372  0.463   1  2014   99   3.44  56756.339  151.3   5.490e+00 
  92373  0.926   2  2014   99   3.82  56756.355  151.3   4.179e+00 
  92837  0.825   3  2014  108  19.70  56766.017  143.2   5.124e+00 
  92838  0.985   4  2014  108  20.22  56766.038  143.2   4.957e+00 
  92839  0.550   2  2014  108  20.68  56766.057  143.2   5.550e+00 
  92884  0.583   3  2014  109  19.27  56766.998  143.0   8.523e+00 
  92885  0.648   3  2014  109  19.75  56767.018  143.0   6.621e+00 
  92886  0.907   4  2014  109  20.25  56767.039  143.0   6.464e+00 
  92887  0.676   3  2014  109  20.79  56767.062  143.0   7.597e+00 
  92888  0.889   4  2014  109  21.29  56767.083  143.0   8.225e+00 
  92889  0.444   2  2014  109  21.65  56767.098  143.0   8.250e+00 
  92932  0.825   3  2014  110  19.26  56767.998  142.8   4.621e+00 
  92933  0.825   3  2014  110  19.71  56768.017  142.8   3.310e+00 
  92934  0.825   3  2014  110  20.18  56768.036  142.8   3.899e+00 
  92935  0.825   3  2014  110  20.69  56768.058  142.7   5.601e+00 
  92936  0.825   3  2014  110  21.19  56768.078  142.7   7.551e+00 
  92937  0.825   3  2014  110  21.69  56768.099  142.7   8.727e+00 
  92938  0.550   2  2014  110  22.14  56768.118  142.7   9.467e+00 
  92939  1.000   3  2014  110  22.69  56768.141  142.7   9.748e+00 
  92980  0.825   3  2014  111  19.33  56769.001  142.6   5.326e+00 
  92981  0.453   2  2014  111  19.83  56769.022  142.6   3.112e+00 
  92982  0.907   4  2014  111  20.23  56769.039  142.6   3.153e+00 
  92983  0.680   3  2014  111  20.74  56769.060  142.6   3.038e+00 
  92984  0.680   3  2014  111  21.17  56769.078  142.6   3.222e+00 
  92985  0.667   2  2014  111  21.87  56769.107  142.7   5.623e+00 
  92986  1.000   3  2014  111  22.31  56769.125  142.7   7.566e+00 
  92987  0.360   1  2014  111  22.84  56769.147  142.7   1.037e+01 
  92988  1.080   3  2014  111  23.22  56769.163  142.7   9.335e+00 
  92989  1.080   3  2014  111  23.81  56769.187  142.7   1.064e+01 
  92990  1.000   1  2014  112   0.49  56769.216  142.7   9.933e+00 
  93029  1.167   3  2014  112  19.77  56770.019  143.0   2.369e+00 
  93030  0.389   1  2014  112  20.18  56770.036  143.0   2.978e+00 
  93036  0.819   1  2014  112  23.23  56770.163  143.0   7.102e+00 
  93037  0.819   1  2014  112  23.65  56770.181  143.0   6.463e+00 
  93084  0.388   1  2014  113  23.30  56771.166  143.4   6.098e+00 
  93085  1.163   3  2014  113  23.73  56771.184  143.4   6.972e+00 
  93091  0.819   1  2014  114   2.95  56771.318  143.5   2.137e+00 
  93092  0.819   1  2014  114   3.37  56771.336  143.5   1.801e+00 
  93094  0.722   1  2014  114   4.11  56771.367  143.5   9.640e-01 
  93095  0.722   1  2014  114   4.52  56771.384  143.5   6.482e-01 
  93139  0.463   1  2014  115   2.82  56772.313  143.9   3.716e+00 
  93140  0.926   2  2014  115   3.18  56772.328  143.9   2.846e+00 
  93142  1.007   2  2014  115   4.29  56772.374  144.0   1.200e+00 
  93143  0.503   1  2014  115   4.74  56772.393  144.0   1.141e+00 
  93180  0.463   1  2014  115  23.43  56773.172  144.4   4.561e+00 
  93181  0.926   2  2014  115  23.81  56773.187  144.4   3.905e+00 
  93182  0.503   1  2014  116   0.49  56773.216  144.4   3.754e+00 
  93183  0.503   1  2014  116   0.79  56773.228  144.4   3.621e+00 
  93184  0.503   1  2014  116   1.08  56773.241  144.4   4.166e+00 
  93185  1.007   2  2014  116   1.84  56773.272  144.5   3.438e+00 
  93186  0.503   1  2014  116   2.29  56773.291  144.5   2.344e+00 
  93187  1.007   2  2014  116   2.83  56773.314  144.5   1.593e+00 
  93188  0.503   1  2014  116   3.28  56773.332  144.5   1.629e+00 
  93189  0.503   1  2014  116   3.87  56773.357  144.5   1.093e+00 
  93190  1.007   2  2014  116   4.32  56773.376  144.5   1.019e+00 
  93220  0.500   2  2014  116  19.14  56773.993  145.0   4.716e+00 
  93221  1.111   1  2014  116  19.91  56774.025  145.0   5.012e+00 
  93228  0.937   2  2014  116  23.36  56774.169  145.1   6.462e+00 
  93229  0.468   1  2014  116  23.73  56774.184  145.1   6.703e+00 
  93235  0.503   1  2014  117   2.72  56774.309  145.2   3.242e+00 
  93236  1.007   2  2014  117   3.16  56774.327  145.2   2.904e+00 
  93281  0.531   4  2014  118   1.73  56775.268  145.8   2.787e+00 
  93287  0.531   4  2014  118   4.67  56775.390  145.8   1.473e+00 
  93371  0.511   2  2014  119  22.89  56777.149  146.0   1.904e+00 
  93372  0.511   2  2014  119  23.17  56777.161  146.0   1.781e+00 
  93373  0.783   1  2014  119  23.74  56777.185  145.9   1.016e+00 
  93374  0.783   1  2014  120   0.16  56777.202  145.9   9.646e-01 
  93411  0.333   1  2014  120  18.73  56777.976  145.3   7.941e+00 
  93413  1.633   1  2014  120  19.52  56778.009  145.3   6.237e+00 
  93417  1.633   1  2014  120  21.62  56778.096  145.3   6.614e+00 
  93419  0.819   1  2014  120  22.78  56778.145  145.2   2.894e+00 
  93420  0.819   1  2014  120  23.20  56778.162  145.2   1.660e+00 
  93421  0.819   1  2014  120  23.92  56778.192  145.2   1.507e+00 
  93422  0.819   1  2014  121   0.35  56778.210  145.2   1.740e+00 
  93427  0.503   1  2014  121   3.00  56778.320  145.2   7.485e-01 
  93428  0.503   1  2014  121   3.29  56778.333  145.1   1.113e+00 
  93429  0.503   1  2014  121   3.59  56778.345  145.1   1.343e+00 
  93507  0.667   2  2014  122  18.89  56779.983  144.1   6.088e+00 
  93508  0.667   2  2014  122  19.28  56779.999  144.0   5.191e+00 
  93575  1.444   2  2014  124   4.78  56781.395  142.6   5.713e-01 
  93667  0.668   3  2014  126   2.76  56783.311  140.5   3.340e+00 
  93710  0.333   1  2014  127   0.44  56784.214  139.8   2.230e+00 
  93711  0.667   2  2014  127   0.81  56784.229  139.8   2.461e+00 
  93712  0.667   2  2014  127   1.25  56784.248  139.8   3.034e+00 
  93713  1.000   3  2014  127   1.79  56784.270  139.7   3.498e+00 
  93716  1.000   1  2014  127   3.14  56784.326  139.7   2.639e+00 
  93717  1.000   1  2014  127   3.69  56784.349  139.7   2.219e+00 
  93718  0.750   1  2014  127   4.49  56784.382  139.7   1.525e+00 
  93719  0.750   1  2014  127   4.91  56784.400  139.7   8.251e-01 
  93758  0.644   1  2014  128   0.29  56785.208  139.2   2.287e+00 
  93759  0.644   1  2014  128   0.63  56785.222  139.2   1.878e+00 
  93760  0.333   1  2014  128   1.44  56785.256  139.1   9.418e-01 
  93761  0.667   2  2014  128   1.73  56785.268  139.1   8.186e-01 
  93762  0.333   1  2014  128   2.02  56785.280  139.1   8.803e-01 
  93766  0.333   1  2014  128   4.35  56785.377  139.1   6.401e-01 
  93767  1.000   3  2014  128   4.74  56785.393  139.1   9.611e-01 
  94377  0.661   1  2014  140  21.65  56798.098  130.1   5.128e+00 
  94378  1.322   2  2014  140  22.28  56798.124  130.1   6.450e+00 
  94379  0.661   1  2014  140  22.91  56798.150  130.1   6.044e+00 
  94380  0.661   1  2014  140  23.34  56798.168  130.0   5.146e+00 
  94381  0.661   1  2014  140  23.76  56798.186  130.0   4.832e+00 
  94382  0.661   1  2014  141   0.19  56798.204  130.0   3.634e+00 
  94383  0.661   1  2014  141   0.93  56798.234  129.9   2.818e+00 
  94425  0.650   3  2014  141  21.78  56799.103  128.7   4.745e+00 
  94426  0.706   1  2014  141  22.29  56799.124  128.6   5.222e+00 
  94427  0.706   1  2014  141  22.66  56799.140  128.6   5.257e+00 
  94428  1.367   2  2014  141  23.26  56799.165  128.6   4.860e+00 
  94429  0.661   1  2014  141  23.87  56799.190  128.5   4.612e+00 
  94430  0.661   1  2014  142   0.31  56799.208  128.5   4.002e+00 
  94431  0.661   1  2014  142   0.69  56799.224  128.5   3.654e+00 
  94432  0.661   1  2014  142   1.12  56799.242  128.4   2.901e+00 
  94726  1.639   2  2014  148   4.22  56805.371  124.0   1.555e+00 
  94755  1.633   1  2014  148  18.85  56805.981  124.2   8.872e+00 
  94758  1.633   1  2014  148  20.03  56806.030  124.3   4.865e+00 
  94901  1.633   1  2014  151  19.98  56809.028  127.1   5.007e+00 
  94910  1.000   1  2014  152   0.38  56809.212  127.2   2.672e+00 
  94911  1.000   1  2014  152   0.93  56809.234  127.2   1.441e+00 
  94913  1.000   1  2014  152   1.96  56809.277  127.3   9.326e-01 
  94915  1.000   1  2014  152   2.51  56809.300  127.3   1.006e+00 
  94947  0.463   1  2014  152  18.90  56809.983  127.7   6.710e+00 
  94948  0.927   2  2014  152  19.29  56809.999  127.7   4.803e+00 
  94949  0.463   1  2014  152  19.68  56810.015  127.7   3.892e+00 
  94964  0.967   2  2014  153   3.34  56810.335  127.9   7.741e-01 
  94965  0.967   2  2014  153   3.85  56810.356  127.9   9.634e-01 
  94967  0.713   2  2014  153   4.72  56810.392  127.9   1.488e+00 
  94995  0.661   1  2014  153  18.99  56810.987  128.2   7.629e+00 
  94996  0.661   1  2014  153  19.36  56811.002  128.2   6.129e+00 
  94997  0.590   3  2014  153  19.84  56811.022  128.2   3.984e+00 
  94998  0.787   4  2014  153  20.22  56811.038  128.2   3.166e+00 
  94999  0.787   4  2014  153  20.76  56811.060  128.2   2.559e+00 
  95000  0.590   3  2014  153  21.14  56811.077  128.2   3.391e+00 
  95001  0.983   5  2014  153  21.75  56811.102  128.2   3.360e+00 
  95002  0.787   4  2014  153  22.29  56811.124  128.2   2.952e+00 
  95003  0.787   4  2014  153  22.77  56811.145  128.2   1.915e+00 
  95099  0.507   2  2014  155  22.78  56813.145  128.2   2.988e+00 
  95100  0.507   2  2014  155  23.13  56813.160  128.2   3.001e+00 
  95101  0.500   4  2014  155  23.83  56813.188  128.2   1.837e+00 
  95102  0.625   5  2014  156   0.24  56813.205  128.2   1.378e+00 
  95103  0.588   2  2014  156   0.87  56813.232  128.2   7.717e-01 
  95104  0.926   2  2014  156   1.33  56813.251  128.2   5.483e-01 
  95110  1.633   1  2014  156   4.00  56813.362  128.2   6.973e-01 
  95112  1.633   1  2014  156   5.15  56813.410  128.2   4.737e-01 
  95150  0.483   3  2014  157   0.39  56814.212  128.2   8.699e-01 
  95152  1.000   1  2014  157   1.05  56814.239  128.2   1.143e+00 
  95153  1.039   1  2014  157   1.90  56814.275  128.2   8.632e-01 
  95154  1.039   1  2014  157   2.45  56814.298  128.2   9.773e-01 
  95158  0.722   1  2014  157   4.43  56814.380  128.2   1.698e+00 
  95159  0.722   1  2014  157   4.84  56814.397  128.2   1.072e+00 
  95200  0.806   5  2014  158   1.23  56815.247  127.7   9.542e-01 
  95201  0.967   6  2014  158   1.73  56815.268  127.7   8.518e-01 
  95202  0.806   5  2014  158   2.25  56815.289  127.7   8.817e-01 
  95250  1.007   2  2014  159   2.31  56816.292  127.1   3.806e-01 
  95251  0.503   1  2014  159   2.76  56816.310  127.1   3.625e-01 
  95252  0.503   1  2014  159   3.24  56816.331  127.0   5.256e-01 
  95253  1.007   2  2014  159   3.69  56816.349  127.0   1.023e+00 
  95254  1.007   2  2014  159   4.30  56816.375  127.0   1.038e+00 
  95255  0.503   1  2014  159   4.74  56816.393  127.0   1.484e+00 
  95299  0.483   3  2014  160   2.88  56817.315  126.6   1.664e+00 
  95300  0.806   5  2014  160   3.25  56817.331  126.6   1.395e+00 
  95302  0.819   1  2014  160   4.09  56817.366  126.6   1.445e+00 
  95303  0.819   1  2014  160   4.51  56817.384  126.5   8.947e-01 
  95350  0.967   2  2014  161   4.21  56818.371  126.1   1.673e+00 
  95351  0.483   1  2014  161   4.59  56818.387  126.1   1.136e+00 
  95862  0.722   1  2014  171  20.43  56829.047  134.2   3.588e+00 
  95863  0.722   1  2014  171  20.84  56829.064  134.2   2.242e+00 
  95864  0.722   1  2014  171  21.31  56829.083  134.3   1.790e+00 
  95865  0.722   1  2014  171  21.72  56829.100  134.3   1.998e+00 
  95879  1.633   1  2014  172   4.79  56829.395  134.9   8.478e-01 
  95913  0.656   1  2014  172  21.74  56830.101  136.2   2.562e+00 
  95914  1.311   2  2014  172  22.27  56830.123  136.3   2.246e+00 
  95915  0.656   1  2014  172  22.80  56830.146  136.3   2.665e+00 
  95924  0.819   1  2014  173   3.35  56830.335  136.6   5.717e-01 
  95925  0.819   1  2014  173   3.77  56830.353  136.7   1.575e+00 
  95926  0.819   1  2014  173   4.31  56830.375  136.7   1.583e+00 
  95927  0.819   1  2014  173   4.74  56830.393  136.7   7.573e-01 
  95974  1.444   2  2014  174   4.22  56831.371  138.3   1.148e+00 
  96006  0.388   1  2014  174  20.36  56832.044  139.3   2.719e+00 
  96007  0.776   2  2014  174  20.69  56832.058  139.3   2.389e+00 
  96008  0.388   1  2014  174  21.01  56832.071  139.3   2.135e+00 
  96023  0.722   1  2014  175   4.79  56832.395  139.7   5.266e-01 
  96024  0.722   1  2014  175   5.20  56832.412  139.7   5.322e-01 
  96291  0.448   1  2014  180  18.85  56837.981  144.9   1.030e+01 
  96292  0.897   2  2014  180  19.22  56837.997  144.9   7.053e+00 
  96293  0.448   1  2014  180  19.59  56838.012  144.9   6.210e+00 
  96353  0.722   1  2014  182   1.78  56839.270  145.2   7.587e-01 
  96354  0.722   1  2014  182   2.19  56839.287  145.2   7.290e-01 
  96451  1.633   1  2014  184   2.75  56841.310  144.3   2.686e-01 
  96453  1.633   1  2014  184   3.89  56841.358  144.3   2.652e-01 
  96455  1.633   1  2014  184   4.84  56841.397  144.3   9.395e-01 
  96484  0.789   1  2014  184  19.00  56841.987  143.9   6.295e+00 
  96498  1.633   1  2014  185   2.01  56842.279  143.7   1.455e+00 
  97211  1.000   1  2014  199  22.92  56857.151  136.3   4.194e+00 
  97212  1.000   1  2014  199  23.45  56857.173  136.3   2.456e+00 
  97214  1.000   1  2014  200   0.47  56857.215  136.2   1.487e+00 
  97215  1.000   1  2014  200   0.99  56857.237  136.2   1.694e+00 
  97217  0.722   1  2014  200   1.72  56857.267  136.2   5.175e-01 
  97218  0.722   1  2014  200   2.13  56857.284  136.1   4.631e-01 
  97222  0.658   1  2014  200   4.33  56857.376  136.1   1.488e+00 
  97223  0.658   1  2014  200   4.68  56857.390  136.0   8.919e-01 
  97224  0.644   1  2014  200   5.06  56857.407  136.0   4.868e-01 
  97251  0.448   1  2014  200  18.93  56857.984  135.4   8.470e+00 
  97252  0.897   2  2014  200  19.30  56858.000  135.3   7.037e+00 
  97253  0.448   1  2014  200  19.67  56858.015  135.3   5.181e+00 
  97270  0.658   1  2014  201   4.47  56858.382  134.7   7.192e-01 
  97271  0.658   1  2014  201   4.81  56858.396  134.6   6.650e-01 
  97272  0.644   1  2014  201   5.20  56858.412  134.6   5.126e-01 
  97273  0.644   1  2014  201   5.54  56858.426  134.6   5.269e-01 
  97552  0.767   3  2014  207   1.30  56864.250  124.3   2.943e-01 
  97648  1.633   1  2014  209   1.10  56866.241  123.2   5.545e-01 
  97695  1.633   1  2014  210   0.50  56867.216  123.2   6.306e-01 
  97697  1.633   1  2014  210   1.89  56867.275  123.2   2.984e-01 
  97935  0.556   2  2014  215   0.73  56872.226  126.1   2.134e+00 
  97936  0.833   3  2014  215   1.21  56872.246  126.1   1.035e+00 
  97937  0.833   3  2014  215   1.80  56872.271  126.2   5.829e-01 
  97938  0.556   2  2014  215   2.30  56872.291  126.2   8.682e-01 
  97939  0.556   2  2014  215   2.69  56872.308  126.2   1.930e+00 
  97941  0.556   2  2014  215   3.89  56872.358  126.2   2.224e+00 
  97942  0.556   2  2014  215   4.27  56872.374  126.2   1.753e+00 
  97943  0.556   2  2014  215   4.65  56872.390  126.3   1.412e+00 
  97986  1.039   1  2014  216   2.13  56873.284  127.1   1.762e+00 
  97987  1.039   1  2014  216   2.67  56873.307  127.1   2.961e+00 
  97989  1.639   2  2014  216   3.72  56873.351  127.2   4.494e+00 
  98596  0.583   5  2014  228  19.26  56885.998  125.5   6.855e+00 
  98597  0.467   4  2014  228  19.67  56886.015  125.4   6.726e+00 
  98600  0.350   3  2014  228  21.34  56886.085  125.4   2.167e+00 
  98601  0.700   6  2014  228  21.74  56886.101  125.4   1.962e+00 
  98602  0.350   3  2014  228  22.16  56886.119  125.3   1.281e+00 
  98603  0.722   1  2014  228  22.98  56886.153  125.3   2.845e+00 
  98604  0.722   1  2014  228  23.38  56886.170  125.3   2.333e+00 
  98699  0.778   1  2014  230  22.80  56888.146  123.8   3.580e+00 
  98700  0.778   1  2014  230  23.22  56888.163  123.7   4.123e+00 
  98940  0.433   3  2014  235  23.35  56893.168  125.9   2.048e+00 
  98941  0.867   6  2014  235  23.74  56893.185  125.9   1.642e+00 
  98943  1.000   1  2014  236   0.71  56893.225  126.0   1.241e+00 
  99043  0.819   1  2014  238   2.66  56895.306  130.1   2.753e+00 
  99044  0.819   1  2014  238   3.08  56895.324  130.2   2.242e+00 
  99045  0.600   2  2014  238   3.78  56895.353  130.2   1.221e+00 
  99046  0.900   3  2014  238   4.20  56895.371  130.3   8.355e-01 
  99089  0.783   1  2014  239   2.00  56896.279  132.2   1.398e+00 
  99090  0.783   1  2014  239   2.42  56896.296  132.3   9.240e-01 
  99092  1.000   1  2014  239   3.16  56896.327  132.3   3.468e-01 
  99130  0.722   1  2014  239  22.20  56897.121  134.1   5.570e+00 
  99131  0.722   1  2014  239  22.61  56897.138  134.2   5.419e+00 
  99132  0.722   1  2014  239  23.33  56897.168  134.3   2.546e+00 
  99133  0.722   1  2014  239  23.74  56897.185  134.3   2.165e+00 
  99134  0.722   1  2014  240   0.30  56897.208  134.4   2.455e+00 
  99135  0.722   1  2014  240   0.71  56897.225  134.4   2.019e+00 
  99182  0.667   4  2014  241   0.35  56898.210  136.5   1.779e+00 
  99183  0.500   3  2014  241   0.70  56898.225  136.6   2.116e+00 
  99184  0.667   4  2014  241   1.24  56898.247  136.6   2.910e+00 
  99185  0.833   5  2014  241   1.73  56898.268  136.6   4.081e+00 
  99186  0.333   2  2014  241   2.22  56898.288  136.7   3.334e+00 
  99187  0.333   2  2014  241   2.82  56898.313  136.7   9.251e-01 
  99188  0.500   3  2014  241   3.22  56898.330  136.7   3.843e-01 
  99189  0.333   2  2014  241   3.66  56898.348  136.7   6.378e-01 
  99190  0.500   3  2014  241   4.25  56898.373  136.8   1.805e-01 
  99191  1.000   6  2014  241   4.76  56898.394  136.8   5.282e-01 
  99230  0.833   5  2014  242   0.27  56899.207  137.9   2.183e+00 
  99231  0.667   4  2014  242   0.78  56899.228  138.0   2.733e+00 
  99232  0.833   5  2014  242   1.25  56899.247  138.0   2.024e+00 
  99233  0.833   5  2014  242   1.74  56899.268  138.0   1.389e+00 
  99234  0.500   3  2014  242   2.14  56899.285  138.1   1.398e+00 
  99235  0.667   4  2014  242   2.80  56899.312  138.1   1.828e+00 
  99236  0.500   3  2014  242   3.27  56899.332  138.1   3.829e+00 
  99237  1.000   6  2014  242   3.76  56899.352  138.2   4.004e+00 
  99238  0.667   4  2014  242   4.22  56899.371  138.2   2.918e+00 
  99239  1.000   6  2014  242   4.76  56899.394  138.2   2.221e+00 
  99240  0.333   2  2014  242   5.13  56899.409  138.2   1.616e+00 
  99274  1.000   1  2014  242  22.35  56900.127  139.2   6.291e+00 
  99275  1.000   1  2014  242  22.90  56900.150  139.2   5.254e+00 
  99277  1.500   2  2014  242  23.76  56900.186  139.2   2.788e+00 
  99278  0.750   1  2014  243   0.40  56900.212  139.3   1.338e+00 
  99279  0.750   1  2014  243   0.82  56900.230  139.3   7.959e-01 
  99281  1.000   1  2014  243   1.52  56900.259  139.3   6.717e-01 
  99282  1.000   1  2014  243   2.07  56900.282  139.3   1.267e+00 
  99283  1.000   1  2014  243   2.89  56900.316  139.4   2.248e+00 
  99284  1.000   1  2014  243   3.44  56900.339  139.4   2.353e+00 
  99286  1.000   1  2014  243   4.42  56900.380  139.4   2.430e+00 
  99287  1.000   1  2014  243   4.97  56900.402  139.5   2.576e+00 
  99323  1.500   2  2014  243  22.78  56901.145  140.3   4.884e+00 
  99324  0.750   1  2014  243  23.41  56901.171  140.3   2.163e+00 
  99325  0.750   1  2014  243  23.84  56901.189  140.3   2.394e+00 
  99326  0.750   1  2014  244   0.45  56901.214  140.3   2.899e+00 
  99327  0.750   1  2014  244   0.87  56901.232  140.3   2.211e+00 
  99328  0.750   1  2014  244   1.29  56901.249  140.4   1.541e+00 
  99329  0.750   1  2014  244   1.72  56901.267  140.4   1.100e+00 
  99333  1.000   1  2014  244   3.71  56901.350  140.5   1.313e+00 
  99334  1.000   1  2014  244   4.26  56901.373  140.5   1.237e+00 
  99335  0.500   1  2014  244   4.80  56901.395  140.5   7.099e-01 
  99336  0.500   1  2014  244   5.09  56901.408  140.5   4.984e-01 
  99377  1.000   1  2014  245   1.64  56902.264  141.3   1.247e+00 
  99378  1.000   1  2014  245   2.19  56902.287  141.3   7.048e-01 
  99379  1.000   1  2014  245   2.94  56902.318  141.3   8.567e-01 
  99380  1.000   1  2014  245   3.49  56902.341  141.4   8.766e-01 
  99382  1.000   1  2014  245   4.16  56902.369  141.4   8.275e-01 
  99383  1.000   1  2014  245   4.71  56902.392  141.4   8.575e-01 
 101385  0.333   1  2014  286  21.87  56944.107  155.1   8.165e-01 
 101386  0.667   2  2014  286  22.19  56944.120  155.1   1.238e+00 
 101387  0.333   1  2014  286  22.52  56944.134  155.1   1.282e+00 
 101629  0.500   1  2014  291  23.71  56949.184  155.7   8.608e-01 
 101630  0.500   1  2014  292   0.01  56949.196  155.7   1.326e+00 
 101631  0.658   1  2014  292   0.75  56949.227  155.7   1.488e+00 
 101632  1.302   2  2014  292   1.28  56949.249  155.6   2.138e+00 
 101633  0.644   1  2014  292   1.80  56949.271  155.6   4.245e+00 
 101635  1.000   2  2014  292   2.70  56949.308  155.6   6.709e+00 
 101636  1.000   2  2014  292   3.25  56949.331  155.6   2.884e+00 
 101638  0.967   1  2014  292   4.05  56949.364  155.6   1.398e+00 
 101669  0.507   3  2014  292  19.79  56950.020  155.4   6.952e-01 
 101670  0.844   5  2014  292  20.23  56950.038  155.4   7.519e-01 
 101671  0.507   3  2014  292  20.83  56950.063  155.4   1.453e+00 
 101672  0.844   5  2014  292  21.27  56950.082  155.4   1.168e+00 
 101673  0.500   3  2014  292  21.80  56950.104  155.3   1.326e+00 
 101674  0.667   4  2014  292  22.23  56950.122  155.3   7.236e-01 
 101675  0.833   5  2014  292  22.78  56950.145  155.3   1.042e+00 
 101676  0.667   4  2014  292  23.31  56950.167  155.3   1.067e+00 
 101677  0.650   2  2014  292  23.83  56950.189  155.3   1.850e+00 
 101678  0.691   2  2014  293   0.22  56950.205  155.3   2.096e+00 
 101679  0.732   2  2014  293   0.65  56950.222  155.3   3.240e+00 
 101680  1.098   3  2014  293   1.22  56950.246  155.3   6.504e+00 
 101681  0.678   1  2014  293   1.81  56950.271  155.3   7.037e+00 
 101682  0.687   2  2014  293   2.27  56950.290  155.3   6.920e+00 
 101683  0.687   2  2014  293   2.65  56950.306  155.3   3.462e+00 
 101685  1.037   2  2014  293   3.84  56950.355  155.3   5.774e-01 
 101721  1.000   2  2014  293  21.64  56951.097  155.1   1.460e+00 
 101722  1.000   2  2014  293  22.20  56951.120  155.1   1.053e+00 
 101723  0.500   1  2014  293  22.91  56951.150  155.1   8.988e-01 
 101724  0.500   1  2014  293  23.21  56951.163  155.1   8.517e-01 
 101725  0.658   1  2014  293  23.97  56951.194  155.1   1.669e+00 
 101726  0.658   1  2014  294   0.31  56951.209  155.1   2.081e+00 
 101727  0.644   1  2014  294   0.68  56951.224  155.1   2.586e+00 
 101728  0.644   1  2014  294   1.03  56951.238  155.1   3.016e+00 
 101732  1.000   2  2014  294   3.22  56951.330  155.1   1.432e+00 
 101733  1.000   2  2014  294   3.77  56951.353  155.1   8.788e-01 
 101813  1.000   2  2014  295  19.83  56953.022  155.3   2.167e+00 
 101814  0.500   1  2014  295  20.24  56953.039  155.3   1.624e+00 
 101815  0.500   1  2014  295  20.51  56953.050  155.3   1.362e+00 
 101819  1.000   2  2014  295  22.72  56953.142  155.4   1.260e+00 
 101821  1.316   2  2014  295  23.77  56953.186  155.4   7.102e-01 
 101822  0.644   1  2014  296   0.31  56953.208  155.4   1.003e+00 
 101823  0.644   1  2014  296   0.65  56953.223  155.5   1.129e+00 
 101824  0.500   1  2014  296   1.29  56953.249  155.5   2.198e+00 
 101825  1.000   2  2014  296   1.71  56953.267  155.5   3.058e+00 
 101826  0.500   1  2014  296   2.12  56953.284  155.5   3.923e+00 
 101874  0.500   1  2014  297   2.35  56954.293  156.2   6.516e+00 
 101875  1.000   2  2014  297   2.76  56954.311  156.2   3.108e+00 
 101876  0.500   1  2014  297   3.18  56954.328  156.2   1.744e+00 
 101913  0.846   1  2014  297  21.98  56955.112  156.8   1.350e+00 
 101914  0.846   1  2014  297  22.42  56955.130  156.8   1.545e+00 
 101916  0.846   1  2014  297  23.15  56955.160  156.9   1.375e+00 
 101917  0.846   1  2014  297  23.59  56955.178  156.9   1.188e+00 
 102060  0.846   1  2014  300  23.14  56958.160  159.0   9.601e-01 
 102061  0.846   1  2014  300  23.57  56958.178  159.0   9.871e-01 
 102062  0.500   1  2014  301   0.43  56958.213  159.0   9.555e-01 
 102063  1.000   2  2014  301   0.84  56958.231  159.0   1.286e+00 
 102064  0.500   1  2014  301   1.26  56958.248  159.0   1.928e+00 
 102105  0.667   2  2014  301  21.75  56959.102  159.2   8.687e-01 
 102106  0.667   2  2014  301  22.14  56959.118  159.2   8.365e-01 
 102150  0.333   1  2014  302  20.34  56960.043  159.7   1.066e+00 
 102151  1.000   3  2014  302  20.72  56960.059  159.7   9.006e-01 
 102152  0.667   2  2014  302  21.24  56960.081  159.7   5.047e-01 
 102153  1.000   3  2014  302  21.76  56960.102  159.7   4.274e-01 
 102154  0.333   1  2014  302  22.14  56960.118  159.7   5.821e-01 
 102157  0.911   4  2014  302  23.71  56960.184  159.7   1.532e+00 
 102158  0.683   3  2014  303   0.19  56960.203  159.7   2.207e+00 
 102159  0.911   4  2014  303   0.73  56960.226  159.7   2.389e+00 
 102160  0.683   3  2014  303   1.29  56960.249  159.7   1.531e+00 
 102161  0.683   3  2014  303   1.74  56960.268  159.8   2.995e+00 
 102162  0.911   4  2014  303   2.24  56960.289  159.8   4.931e+00 
 102163  0.683   3  2014  303   2.75  56960.310  159.8   6.325e+00 
 102164  0.911   4  2014  303   3.25  56960.331  159.8   6.649e+00 
 102165  0.683   3  2014  303   3.76  56960.352  159.8   4.552e+00 
 102203  0.444   1  2014  303  22.92  56961.150  160.1   1.143e+00 
 102204  0.444   1  2014  303  23.40  56961.171  160.1   1.471e+00 
 102205  0.889   2  2014  303  23.77  56961.186  160.1   1.268e+00 
 102206  0.889   2  2014  304   0.36  56961.211  160.1   1.572e+00 
 102207  0.889   2  2014  304   0.85  56961.231  160.1   2.115e+00 
 102208  0.444   1  2014  304   1.29  56961.249  160.1   2.967e+00 
 102209  0.889   2  2014  304   1.66  56961.265  160.1   3.714e+00 
 102210  0.889   2  2014  304   2.14  56961.285  160.1   5.927e+00 
 102212  0.600   3  2014  304   3.19  56961.328  160.1   2.409e+00 
 102213  0.667   1  2014  304   3.55  56961.343  160.1   1.503e+00 
 102214  1.067   1  2014  304   4.01  56961.362  160.1   7.729e-01 
 102255  0.456   1  2014  305   0.76  56962.227  160.0   1.922e+00 
 102256  0.582   2  2014  305   1.04  56962.239  160.0   2.833e+00 
 102969  0.846   1  2014  319  21.64  56977.097  151.4   7.694e-01 
 102970  0.846   1  2014  319  22.08  56977.116  151.5   6.689e-01 
 103018  0.846   1  2014  320  22.43  56978.130  153.4   5.891e-01 
 103019  0.846   1  2014  320  22.87  56978.148  153.4   3.329e-01 
 103021  1.000   2  2014  320  23.68  56978.182  153.5   7.364e-01 
 103022  1.000   2  2014  321   0.24  56978.205  153.5   1.267e+00 
 103026  1.639   1  2014  321   2.28  56978.290  153.6   1.341e+00 
 103028  1.639   1  2014  321   3.39  56978.337  153.7   2.321e+00 
 103063  1.000   1  2014  321  20.93  56979.068  155.0   5.715e-01 
 103064  1.000   1  2014  321  21.44  56979.089  155.0   5.028e-01 
 103066  1.000   2  2014  321  22.33  56979.126  155.0   6.900e-01 
 103067  0.500   1  2014  321  22.74  56979.143  155.1   5.221e-01 
 103068  0.500   1  2014  321  23.02  56979.155  155.1   5.918e-01 
 103074  1.539   1  2014  322   2.12  56979.284  155.2   2.296e+00 
 103076  1.639   1  2014  322   3.21  56979.329  155.3   2.860e+00 
 103122  1.639   1  2014  323   2.38  56980.295  156.3   4.525e+00 
 103124  0.967   1  2014  323   3.31  56980.333  156.4   5.068e+00 
 103158  0.846   1  2014  323  20.31  56981.042  156.9   8.254e-01 
 103159  0.846   1  2014  323  20.74  56981.060  156.9   5.916e-01 
 103163  0.469   1  2014  323  22.84  56981.147  156.9   4.038e-01 
 103164  0.939   2  2014  323  23.22  56981.163  156.9   4.807e-01 
 103165  0.469   1  2014  323  23.61  56981.179  156.9   6.139e-01 
 103166  0.828   2  2014  324   0.29  56981.208  157.0   5.370e-01 
 103167  0.828   2  2014  324   0.80  56981.229  157.0   1.330e+00 
 103304  1.692   2  2014  326  21.24  56984.081  157.8   7.581e-01 
 103306  0.939   2  2014  326  22.24  56984.122  157.8   4.839e-01 
 103307  0.939   2  2014  326  22.75  56984.144  157.8   5.732e-01 
 103314  1.639   1  2014  327   2.31  56984.292  157.8   1.967e+00 
 103316  0.967   1  2014  327   3.24  56984.331  157.8   1.820e+00 
 103357  0.414   1  2014  327  23.77  56985.186  157.6   4.724e-01 
 103358  0.828   2  2014  328   0.15  56985.202  157.6   6.043e-01 
 103359  0.414   1  2014  328   0.54  56985.218  157.6   5.797e-01 
 103363  1.639   1  2014  328   2.92  56985.317  157.6   3.995e+00 
 103405  1.000   2  2014  328  23.77  56986.186  157.3   4.629e-01 
 103406  1.000   2  2014  329   0.32  56986.209  157.3   9.743e-01 
 103411  1.000   1  2014  329   2.90  56986.316  157.3   4.112e+00 
 103412  1.000   1  2014  329   3.41  56986.338  157.3   3.855e+00 
 103453  0.683   2  2014  329  23.83  56987.189  156.9   6.737e-01 
 103454  0.683   2  2014  330   0.24  56987.206  156.9   6.054e-01 
 103459  1.639   1  2014  330   2.99  56987.320  156.8   3.564e+00 
 103497  2.000   1  2014  330  21.70  56988.100  156.5   3.371e-01 
 103499  0.939   2  2014  330  22.81  56988.146  156.5   2.622e-01 
 103500  0.939   2  2014  330  23.33  56988.168  156.5   3.280e-01 
 103542  1.000   2  2014  331  20.32  56989.042  156.2   1.239e+00 
 103543  0.500   1  2014  331  20.74  56989.060  156.2   8.548e-01 
 103544  0.500   1  2014  331  21.01  56989.071  156.2   5.805e-01 
 103546  2.000   1  2014  331  22.01  56989.113  156.2   3.060e-01 
 103547  0.414   1  2014  331  22.96  56989.152  156.2   5.635e-01 
 103548  0.828   2  2014  331  23.35  56989.168  156.2   7.693e-01 
 103549  0.414   1  2014  331  23.73  56989.185  156.2   1.018e+00 
 103550  0.472   2  2014  332   0.38  56989.212  156.2   1.255e+00 
 103551  0.472   2  2014  332   0.67  56989.223  156.2   1.264e+00 
 103555  1.539   1  2014  332   2.76  56989.311  156.1   2.417e+00 
 103596  1.025   3  2014  332  23.22  56990.163  155.7   8.261e-01 
 103597  0.342   1  2014  332  23.62  56990.180  155.7   8.037e-01 
 103599  1.000   2  2014  333   0.67  56990.223  155.7   1.411e+00 
 103600  1.000   2  2014  333   1.22  56990.246  155.7   1.637e+00 
 103647  0.500   1  2014  334   0.60  56991.221  155.4   3.725e+00 
 103648  1.500   1  2014  334   1.38  56991.253  155.3   6.294e+00 
 103650  1.000   1  2014  334   2.04  56991.281  155.3   5.273e+00 
 103652  2.000   1  2014  334   3.01  56991.321  155.3   1.359e+00 
 103697  1.502   2  2014  335   1.64  56992.264  155.0   1.408e+00 
 103698  1.000   1  2014  335   2.44  56992.297  155.0   6.518e-01 
 103700  1.000   1  2014  335   3.30  56992.333  155.0   7.563e-01 
 103747  1.639   1  2014  336   2.51  56993.300  155.0   3.093e+00 
 104310  0.846   1  2014  347  20.36  57005.044  159.1   1.285e+00 
 104311  0.846   1  2014  347  20.80  57005.062  159.1   1.002e+00 
 104313  0.939   2  2014  347  21.68  57005.099  159.0   8.259e-01 
 104314  0.939   2  2014  347  22.20  57005.120  159.0   9.991e-01 
 104358  0.846   1  2014  348  20.38  57006.045  157.6   1.114e+00 
 104359  0.846   1  2014  348  20.82  57006.063  157.6   8.392e-01 
 104360  0.414   1  2014  348  21.42  57006.088  157.5   5.494e-01 
 104361  0.828   2  2014  348  21.81  57006.104  157.5   6.281e-01 
 104362  0.414   1  2014  348  22.20  57006.120  157.5   6.964e-01 
 104363  1.539   1  2014  348  23.00  57006.154  157.4   1.196e+00 
 104412  0.944   4  2014  349  23.27  57007.165  156.1   5.234e-01 
 104455  0.469   1  2014  350  20.93  57008.068  155.0   8.013e-01 
 104456  0.939   2  2014  350  21.31  57008.084  155.0   7.456e-01 
 104457  0.469   1  2014  350  21.70  57008.100  155.0   5.063e-01 
 104458  0.828   2  2014  350  22.37  57008.127  155.0   3.033e-01 
 104459  0.414   1  2014  350  22.75  57008.143  155.0   4.266e-01 
 104460  0.414   1  2014  350  23.01  57008.154  155.0   2.653e-01 
 104504  0.469   1  2014  351  21.34  57009.085  154.1   5.799e-01 
 104505  0.939   2  2014  351  21.72  57009.101  154.1   4.304e-01 
 104506  0.469   1  2014  351  22.11  57009.117  154.1   2.380e-01 
 104507  0.828   2  2014  351  22.81  57009.146  154.1   2.358e-01 
 104508  0.828   2  2014  351  23.32  57009.167  154.1   2.743e-01 
 104550  0.939   2  2014  352  20.25  57010.040  153.5   1.763e+00 
 104551  0.939   2  2014  352  20.77  57010.061  153.5   8.619e-01 
 104552  0.414   1  2014  352  21.42  57010.088  153.5   4.911e-01 
 104553  0.828   2  2014  352  21.81  57010.104  153.5   3.211e-01 
 104554  0.414   1  2014  352  22.20  57010.120  153.5   3.653e-01 
 104555  0.939   2  2014  352  22.76  57010.144  153.5   4.364e-01 
 104556  0.939   2  2014  352  23.28  57010.165  153.5   3.599e-01 
 104560  1.000   1  2014  353   1.46  57010.256  153.5   1.331e+00 
 104561  1.000   1  2014  353   1.97  57010.277  153.5   2.193e+00 
 104598  2.000   1  2014  353  20.37  57011.044  153.6   3.092e+00 
 104600  0.414   1  2014  353  21.34  57011.085  153.6   7.918e-01 
 104601  0.828   2  2014  353  21.72  57011.101  153.6   3.652e-01 
 104602  0.414   1  2014  353  22.11  57011.117  153.6   4.372e-01 
 104603  0.469   1  2014  353  22.78  57011.145  153.7   4.000e-01 
 104604  0.939   2  2014  353  23.17  57011.161  153.7   4.180e-01 
 104605  0.469   1  2014  353  23.56  57011.177  153.7   4.062e-01 
 104694  0.469   1  2014  355  20.33  57013.043  154.8   2.361e+00 
 104695  0.939   2  2014  355  20.72  57013.059  154.8   1.353e+00 
 104696  0.469   1  2014  355  21.10  57013.075  154.8   7.266e-01 
 104697  0.828   2  2014  355  21.77  57013.102  154.8   6.411e-01 
 104698  0.828   2  2014  355  22.28  57013.124  154.8   4.000e-01 
 104702  0.649   2  2014  356   0.38  57013.211  154.9   1.459e+00 
 104745  0.939   2  2014  356  21.67  57014.099  155.3   4.818e-01 
 104746  0.939   2  2014  356  22.19  57014.120  155.3   3.503e-01 
 104753  2.000   1  2014  357   1.59  57014.262  155.3   3.304e+00 
 104756  2.000   1  2014  357   3.06  57014.323  155.3   3.600e+00 
 104790  0.414   1  2014  357  20.34  57015.043  155.3   2.629e+00 
 104791  0.828   2  2014  357  20.72  57015.059  155.2   1.565e+00 
 104792  0.414   1  2014  357  21.11  57015.075  155.2   9.102e-01 
 104793  0.472   2  2014  357  21.88  57015.107  155.2   6.354e-01 
 104794  0.472   2  2014  357  22.17  57015.119  155.2   6.611e-01 
 104795  0.422   4  2014  357  22.80  57015.145  155.2   8.038e-01 
 104841  0.828   2  2014  358  21.84  57016.106  155.0   4.397e-01 
 104842  0.828   2  2014  358  22.36  57016.127  155.0   3.350e-01 
 104844  0.944   4  2014  358  23.22  57016.163  155.0   4.008e-01 
 104849  2.000   1  2014  359   1.72  57016.267  155.0   3.704e-01 
 104889  0.939   2  2014  359  21.67  57017.098  155.0   8.703e-01 
 104890  0.939   2  2014  359  22.18  57017.120  155.0   9.115e-01 
 104891  0.472   2  2014  359  22.85  57017.148  155.0   6.676e-01 
 104892  0.472   2  2014  359  23.14  57017.160  155.0   4.799e-01 
 104994  0.767   3  2014  362   2.24  57019.289  154.5   6.221e-01 
 104995  0.833   1  2014  362   2.93  57019.318  154.5   1.130e+00 
 104996  0.833   1  2014  362   3.36  57019.336  154.5   1.186e+00 
 105036  1.000   1  2014  362  23.31  57020.167  154.0   2.970e-01 
 105037  1.000   1  2014  362  23.85  57020.189  154.0   6.030e-01 
 105039  1.333   1  2014  363   0.88  57020.232  154.0   1.940e+00 
 105041  1.333   1  2014  363   1.59  57020.262  154.0   2.094e+00 
 105043  1.000   2  2014  363   2.82  57020.313  154.0   1.459e+00 
 105087  1.389   1  2014  364   0.58  57021.220  153.3   1.037e+00 
 105088  1.389   1  2014  364   1.32  57021.251  153.3   1.554e+00 
 105090  1.000   1  2014  364   2.31  57021.292  153.2   1.459e+00 
 105091  1.000   1  2014  364   2.86  57021.315  153.2   7.415e-01 
 105093  1.000   2  2014  364   3.85  57021.356  153.2   4.850e-01 
 105805  0.534   1  2015   13  23.87  57036.190  134.2   1.320e+00 
 105847  0.414   1  2015   14  20.90  57037.066  134.9   1.053e+00 
 105848  0.414   1  2015   14  21.15  57037.077  134.9   7.892e-01 
 105855  1.000   1  2015   15   0.83  57037.230  135.0   1.529e+00 
 105900  0.484   2  2015   15  23.25  57038.164  135.8   1.232e+00 
 105904  1.333   1  2015   16   1.17  57038.244  135.9   1.599e+00 
 105953  1.000   2  2015   17   1.81  57039.271  136.7   1.839e+00 
 105954  0.500   1  2015   17   2.22  57039.288  136.7   1.665e+00 
 106039  0.472   2  2015   18  20.61  57041.054  137.0   1.166e+00 
 106040  0.472   2  2015   18  21.32  57041.084  137.0   4.136e-01 
 106195  1.639   1  2015   22   2.90  57044.316  137.2   4.140e-01 
 106197  1.000   2  2015   22   3.77  57044.353  137.2   1.352e-01 
 106231  0.667   2  2015   22  20.82  57045.063  137.1   6.895e-01 
 106232  0.333   1  2015   22  21.49  57045.091  137.1   5.021e-01 
 106233  0.667   2  2015   22  21.76  57045.102  137.1   6.112e-01 
 106237  0.833   1  2015   22  23.74  57045.185  137.1   1.767e+00 
 106238  0.833   1  2015   23   0.17  57045.203  137.1   2.492e+00 
 106240  0.333   3  2015   23   1.23  57045.247  137.1   4.453e+00 
 106243  0.333   3  2015   23   2.75  57045.310  137.0   1.847e+00 
 106245  0.463   1  2015   23   3.79  57045.353  137.0   5.961e-01 
 106246  0.463   1  2015   23   4.05  57045.364  137.0   4.155e-01 
 106429  0.667   1  2015   26  23.90  57049.191  136.4   5.648e-01 
 106528  0.463   1  2015   29   1.44  57051.255  136.3   4.779e+00 
 106577  0.463   1  2015   30   1.79  57052.270  136.4   3.376e+00 
 106578  0.463   1  2015   30   2.30  57052.292  136.4   3.651e+00 
 106579  0.927   2  2015   30   2.69  57052.308  136.4   3.738e+00 
 106580  0.788   2  2015   30   3.23  57052.330  136.4   2.955e+00 
 106627  0.463   1  2015   31   2.91  57053.317  136.5   5.134e+00 
 106628  0.463   1  2015   31   3.43  57053.339  136.5   3.554e+00 
 106950  0.667   2  2015   37  20.31  57060.042  135.7   2.241e+00 
 107251  0.833   1  2015   44   2.75  57066.310  128.2   4.243e+00 
 107252  0.833   1  2015   44   3.18  57066.328  128.2   4.573e+00 
 107253  0.833   1  2015   44   3.94  57066.360  128.2   3.323e+00 
 107254  0.833   1  2015   44   4.37  57066.378  128.1   3.486e+00 
 107295  0.500   1  2015   45   0.97  57067.236  126.9   3.631e+00 
 107296  0.500   1  2015   45   1.25  57067.248  126.9   4.167e+00 
 107297  1.000   2  2015   45   1.66  57067.265  126.8   2.857e+00 
 107299  1.667   2  2015   45   2.78  57067.311  126.8   2.180e+00 
 107302  2.000   1  2015   45   4.06  57067.365  126.7   2.093e+00 
 107340  2.000   1  2015   45  23.38  57068.170  125.9   5.152e+00 
 107342  0.463   1  2015   46   0.39  57068.212  125.9   2.681e+00 
 107343  0.927   2  2015   46   0.78  57068.228  125.9   3.235e+00 
 107344  0.463   1  2015   46   1.17  57068.244  125.9   4.107e+00 
 107385  0.444   4  2015   46  21.76  57069.102  125.4   8.915e-01 
 107386  0.444   4  2015   46  22.18  57069.120  125.4   8.601e-01 
 107435  1.639   1  2015   47  22.54  57070.135  124.8   1.606e+00 
 107436  0.463   1  2015   47  23.45  57070.173  124.8   1.707e+00 
 107437  0.927   2  2015   47  23.83  57070.189  124.8   2.526e+00 
 107438  0.463   1  2015   48   0.22  57070.205  124.7   2.270e+00 
 107439  0.463   1  2015   48   0.75  57070.227  124.7   1.547e+00 
 107440  0.927   2  2015   48   1.14  57070.243  124.7   1.788e+00 
 107441  0.463   1  2015   48   1.52  57070.259  124.7   1.813e+00 
 107484  1.916   1  2015   48  23.48  57071.174  124.0   1.107e+00 
 107487  1.916   1  2015   49   0.76  57071.227  124.0   3.363e+00 
 107489  2.000   1  2015   49   1.93  57071.276  123.9   4.409e+00 
 107492  2.000   1  2015   49   3.32  57071.334  123.8   4.748e-01 
 107717  0.503   2  2015   53  19.81  57076.021  121.2   3.473e+00 
 107718  0.503   2  2015   53  20.09  57076.033  121.2   3.586e+00 
 107723  0.927   2  2015   53  22.84  57076.147  121.1   7.439e-01 
 107724  0.927   2  2015   53  23.36  57076.169  121.1   2.941e-01 
 107726  0.927   2  2015   54   0.28  57076.207  121.1   4.012e-01 
 107727  0.927   2  2015   54   0.79  57076.229  121.1   7.746e-01 
 107770  0.806   1  2015   54  22.35  57077.127  120.5   1.622e+00 
 107771  0.806   1  2015   54  22.78  57077.145  120.4   1.657e+00 
 107773  0.927   2  2015   54  23.73  57077.185  120.4   2.427e+00 
 107774  0.927   2  2015   55   0.25  57077.206  120.4   2.060e+00 
 107775  0.463   1  2015   55   0.99  57077.237  120.4   3.977e-01 
 107776  0.463   1  2015   55   1.25  57077.248  120.4   3.732e-01 
 107777  0.927   2  2015   55   1.63  57077.264  120.4   2.209e-01 
 107779  2.000   1  2015   55   2.68  57077.307  120.3   4.154e-01 
 107781  0.833   1  2015   55   3.86  57077.356  120.3   6.988e-01 
 107782  0.833   1  2015   55   4.28  57077.374  120.3   8.105e-01 
 107818  0.463   1  2015   55  22.37  57078.128  119.9   2.421e+00 
 107819  0.927   2  2015   55  22.76  57078.144  119.9   2.828e+00 
 107820  0.463   1  2015   55  23.15  57078.160  119.9   3.254e+00 
 107821  0.463   1  2015   55  23.75  57078.185  119.9   2.143e+00 
 107822  0.927   2  2015   56   0.13  57078.201  119.9   3.006e+00 
 107823  0.463   1  2015   56   0.52  57078.217  119.9   3.286e+00 
 107824  1.639   1  2015   56   1.37  57078.253  119.9   2.564e+00 
 107827  0.339   1  2015   56   2.96  57078.319  119.9   4.341e+00 
 107868  0.417   1  2015   56  23.35  57079.168  119.8   1.696e+00 
 107869  0.833   2  2015   56  23.68  57079.182  119.8   1.731e+00 
 107870  0.833   2  2015   57   0.19  57079.203  119.8   1.389e+00 
 107871  0.742   2  2015   57   0.73  57079.226  119.8   1.885e+00 
 107872  0.650   2  2015   57   1.28  57079.249  119.8   2.658e+00 
 107873  0.650   2  2015   57   1.73  57079.268  119.8   3.762e+00 
 107875  2.000   1  2015   57   2.71  57079.308  119.8   5.464e+00 
 107876  0.489   1  2015   57   3.46  57079.340  119.8   2.976e+00 
 107877  0.489   1  2015   57   3.73  57079.351  119.8   2.219e+00 
 107878  0.489   1  2015   57   4.07  57079.365  119.8   1.811e+00 
 108826  0.463   1  2015   76  22.42  57099.130  125.0   4.366e+00 
 108827  0.927   2  2015   76  22.81  57099.146  125.0   4.871e+00 
 108828  0.463   1  2015   76  23.19  57099.162  125.0   5.671e+00 
 108829  0.927   2  2015   76  23.67  57099.182  125.0   5.098e+00 
 108830  0.927   2  2015   77   0.18  57099.203  125.0   3.867e+00 
 108879  0.927   2  2015   78   0.63  57100.222  124.9   4.911e+00 
 108880  0.927   2  2015   78   1.15  57100.243  124.9   5.223e+00 
 108920  0.656   1  2015   78  21.49  57101.091  124.6   3.197e+00 
 108921  0.656   1  2015   78  21.84  57101.106  124.6   2.527e+00 
 108922  0.463   1  2015   78  22.42  57101.130  124.6   3.094e+00 
 108923  0.927   2  2015   78  22.81  57101.146  124.6   2.500e+00 
 108924  0.463   1  2015   78  23.19  57101.162  124.6   1.661e+00 
 108925  0.927   2  2015   78  23.86  57101.190  124.6   2.362e+00 
 108926  0.463   1  2015   79   0.24  57101.206  124.6   2.701e+00 
 108927  0.463   1  2015   79   0.50  57101.216  124.6   3.626e+00 
 108928  0.927   2  2015   79   1.33  57101.251  124.5   4.828e+00 
 108930  1.000   2  2015   79   2.16  57101.286  124.5   5.143e+00 
 108931  1.000   2  2015   79   2.71  57101.309  124.5   1.691e+00 
 108965  0.927   2  2015   79  19.66  57102.015  124.3   1.673e+00 
 108966  0.927   2  2015   79  20.18  57102.036  124.3   2.609e+00 
 108967  0.463   1  2015   79  20.88  57102.066  124.3   3.917e+00 
 108968  0.927   2  2015   79  21.27  57102.082  124.3   3.443e+00 
 108969  0.463   1  2015   79  21.66  57102.098  124.3   2.252e+00 
 108970  0.333   1  2015   79  22.33  57102.126  124.3   1.200e+00 
 108971  1.000   3  2015   79  22.72  57102.142  124.3   1.093e+00 
 108972  0.333   1  2015   79  23.40  57102.171  124.3   1.593e+00 
 108973  1.000   3  2015   79  23.79  57102.187  124.2   2.405e+00 
 108980  1.000   2  2015   80   3.18  57102.328  124.2   1.590e+00 
 108981  1.000   2  2015   80   3.73  57102.351  124.2   9.076e-01 
 109012  0.463   1  2015   80  19.41  57103.004  123.9   3.523e+00 
 109013  0.927   2  2015   80  19.80  57103.020  123.9   4.172e+00 
 109014  0.463   1  2015   80  20.18  57103.037  123.9   4.477e+00 
 109511  1.000   1  2015   91   4.66  57113.390  125.4   1.418e+00 
 109877  0.633   4  2015   98  19.76  57121.019  134.1   5.504e+00 
 109878  0.792   5  2015   98  20.21  57121.038  134.1   5.396e+00 
 109879  0.475   3  2015   98  20.87  57121.065  134.1   4.259e+00 
 109880  0.792   5  2015   98  21.27  57121.082  134.1   3.565e+00 
 109925  0.463   1  2015   99  19.81  57122.021  134.6   2.130e+00 
 109926  0.927   2  2015   99  20.19  57122.037  134.6   2.720e+00 
 109927  0.463   1  2015   99  20.58  57122.053  134.6   2.053e+00 
 109928  0.927   2  2015   99  21.37  57122.086  134.6   4.268e+00 
 109929  0.463   1  2015   99  21.75  57122.102  134.6   4.999e+00 
 109930  0.927   2  2015   99  22.15  57122.118  134.6   3.525e+00 
 110024  0.927   2  2015  101  21.32  57124.084  134.3   5.463e+00 
 110025  0.927   2  2015  101  21.84  57124.105  134.2   7.701e+00 
 110027  1.103   1  2015  101  22.70  57124.141  134.2   6.460e+00 
 110122  0.375   3  2015  103  22.21  57126.121  133.1   4.271e+00 
 110124  0.375   3  2015  103  23.26  57126.165  133.1   2.380e+00 
 110175  0.833   1  2015  105   0.85  57127.231  132.4   2.570e+00 
 110176  0.833   1  2015  105   1.27  57127.249  132.4   3.288e+00 
 110224  0.833   1  2015  106   1.47  57128.257  131.8   6.857e+00 
 110225  0.833   1  2015  106   1.90  57128.275  131.8   7.175e+00 
 110272  0.667   1  2015  107   1.34  57129.252  131.2   3.972e+00 
 110273  0.667   1  2015  107   1.73  57129.267  131.2   3.594e+00 
 110275  0.667   1  2015  107   2.63  57129.305  131.2   3.609e+00 
 110276  0.667   1  2015  107   3.01  57129.321  131.2   2.482e+00 
 110311  0.375   3  2015  107  20.74  57130.060  130.7   8.457e+00 
 110372  0.778   1  2015  109   3.39  57131.337  129.8   1.328e+00 
 110373  0.778   1  2015  109   3.83  57131.355  129.8   1.132e+00 
 110404  0.333   1  2015  109  19.27  57131.999  129.5   8.928e+00 
 110405  0.444   1  2015  109  19.95  57132.027  129.4   7.553e+00 
 110406  0.444   1  2015  109  20.20  57132.037  129.4   6.528e+00 
 110408  0.408   1  2015  109  21.29  57132.083  129.4   6.707e+00 
 110409  1.225   3  2015  109  21.74  57132.102  129.4   6.319e+00 
 110411  1.000   4  2015  109  22.75  57132.143  129.4   4.996e+00 
 110417  0.500   1  2015  110   1.90  57132.275  129.3   5.357e+00 
 110418  1.000   2  2015  110   2.33  57132.293  129.3   5.874e+00 
 110419  0.500   1  2015  110   2.76  57132.310  129.3   6.734e+00 
 110420  0.500   1  2015  110   3.49  57132.341  129.3   2.641e+00 
 110421  0.500   1  2015  110   3.77  57132.353  129.3   1.775e+00 
 110422  1.000   2  2015  110   4.20  57132.371  129.3   1.311e+00 
 110423  0.333   1  2015  110   4.81  57132.396  129.3   1.113e+00 
 110424  0.333   1  2015  110   5.01  57132.404  129.3   1.027e+00 
 110551  0.778   1  2015  112  20.71  57135.058  130.7   5.883e+00 
 110552  0.778   1  2015  112  21.14  57135.076  130.7   5.368e+00 
 110553  0.333   1  2015  112  21.83  57135.105  130.7   7.071e+00 
 110554  0.333   1  2015  112  22.01  57135.113  130.7   7.065e+00 
 110555  0.817   2  2015  112  22.78  57135.145  130.8   6.444e+00 
 110556  0.817   2  2015  112  23.24  57135.164  130.8   5.315e+00 
 110562  0.600   3  2015  113   2.32  57135.292  130.9   2.031e+00 
 110563  0.667   1  2015  113   2.68  57135.307  130.9   2.850e+00 
 110564  1.067   1  2015  113   3.13  57135.326  130.9   5.388e+00 
 110567  0.475   2  2015  113   4.58  57135.387  131.0   1.580e+00 
 110802  1.183   3  2015  118   2.23  57140.288  135.7   1.138e+00 
 110803  0.394   1  2015  118   2.67  57140.307  135.7   9.649e-01 
 110804  0.500   1  2015  118   3.43  57140.338  135.7   1.217e+00 
 110805  1.000   2  2015  118   3.84  57140.356  135.8   1.594e+00 
 110806  0.500   1  2015  118   4.26  57140.373  135.8   1.655e+00 
 110851  0.778   1  2015  119   2.90  57141.316  136.3   2.207e+00 
 110852  0.778   1  2015  119   3.33  57141.334  136.3   2.572e+00 
 111411  0.489   1  2015  130  18.95  57152.985  127.6   9.233e+00 
 111412  0.978   2  2015  130  19.35  57153.002  127.6   7.568e+00 
 111413  0.489   1  2015  130  19.83  57153.022  127.6   7.708e+00 
 111414  0.489   1  2015  130  20.10  57153.033  127.6   7.088e+00 
 111415  1.322   2  2015  130  20.71  57153.058  127.6   5.697e+00 
 111416  0.500   3  2015  130  21.34  57153.085  127.6   6.775e+00 
 111417  0.833   5  2015  130  21.76  57153.102  127.6   7.076e+00 
 111418  0.833   5  2015  130  22.25  57153.123  127.6   6.447e+00 
 111419  0.833   5  2015  130  22.76  57153.144  127.6   5.926e+00 
 111420  0.552   2  2015  130  23.27  57153.165  127.6   4.928e+00 
 111421  1.157   3  2015  130  23.76  57153.186  127.6   3.847e+00 
 111422  0.771   2  2015  131   0.39  57153.212  127.5   2.036e+00 
 111423  0.386   1  2015  131   0.70  57153.225  127.5   1.508e+00 
 111426  0.678   1  2015  131   2.05  57153.281  127.5   1.494e+00 
 111461  1.357   2  2015  131  19.70  57154.016  127.3   4.455e+00 
 111462  0.678   1  2015  131  20.31  57154.042  127.3   4.752e+00 
 111463  0.800   3  2015  131  20.84  57154.064  127.3   6.029e+00 
 111464  0.800   3  2015  131  21.28  57154.082  127.3   6.871e+00 
 111465  0.800   3  2015  131  21.79  57154.103  127.3   7.339e+00 
 111466  0.800   3  2015  131  22.23  57154.122  127.3   8.062e+00 
 111467  0.683   3  2015  131  22.76  57154.144  127.3   8.900e+00 
 111468  0.911   4  2015  131  23.21  57154.162  127.2   6.837e+00 
 111469  0.456   2  2015  131  23.65  57154.181  127.2   5.901e+00 
 111471  0.386   1  2015  132   0.71  57154.225  127.2   2.735e+00 
 111472  1.157   3  2015  132   1.22  57154.246  127.2   1.758e+00 
 111473  0.771   2  2015  132   1.83  57154.272  127.2   1.640e+00 
 111474  0.772   2  2015  132   2.29  57154.291  127.2   1.933e+00 
 111475  0.387   1  2015  132   2.85  57154.314  127.2   2.676e+00 
 111476  0.533   2  2015  132   3.39  57154.337  127.2   3.875e+00 
 111477  0.800   3  2015  132   3.75  57154.352  127.2   3.671e+00 
 111520  0.993   1  2015  133   1.14  57155.243  126.9   6.026e+00 
 111555  0.500   1  2015  133  18.83  57155.980  126.6   9.385e+00 
 111556  0.500   1  2015  133  19.12  57155.992  126.6   8.732e+00 
 111568  0.500   1  2015  134   1.30  57156.250  126.6   1.681e+00 
 111569  1.000   2  2015  134   1.72  57156.267  126.6   2.460e+00 
 111570  0.500   1  2015  134   2.13  57156.284  126.6   3.478e+00 
 111621  0.667   2  2015  135   3.87  57157.357  126.4   1.358e+00 
 111622  0.667   2  2015  135   4.26  57157.373  126.4   1.510e+00 
 111651  1.000   3  2015  135  18.71  57157.975  126.2   9.805e+00 
 111652  0.333   1  2015  135  19.09  57157.991  126.2   8.842e+00 
 111653  1.316   2  2015  135  19.79  57158.020  126.2   5.023e+00 
 111654  0.658   1  2015  135  20.35  57158.043  126.2   4.846e+00 
 111655  0.658   1  2015  135  20.69  57158.058  126.2   5.273e+00 
 111662  0.980   3  2015  136   0.26  57158.206  126.1   1.873e+00 
 111664  0.394   1  2015  136   1.34  57158.251  126.1   9.799e-01 
 111665  1.183   3  2015  136   1.78  57158.270  126.1   1.180e+00 
 111667  0.993   1  2015  136   2.83  57158.313  126.0   2.284e+00 
 111668  0.993   1  2015  136   3.34  57158.335  126.0   2.368e+00 
 111699  0.500   1  2015  136  18.98  57158.986  125.7   9.620e+00 
 111700  0.500   1  2015  136  19.28  57158.999  125.7   7.932e+00 
 111760  1.000   2  2015  138   1.35  57160.252  124.8   2.053e+00 
 111761  0.500   1  2015  138   1.76  57160.269  124.8   2.492e+00 
 111762  0.500   1  2015  138   2.04  57160.281  124.8   2.385e+00 
 111764  0.980   3  2015  138   3.29  57160.333  124.7   1.377e+00 
 111766  1.333   1  2015  138   4.19  57160.370  124.7   1.233e+00 
 111767  1.333   1  2015  138   4.87  57160.398  124.6   8.063e-01 
 111853  0.333   1  2015  139  23.81  57162.188  122.7   2.575e+00 
 111854  1.000   3  2015  140   0.20  57162.204  122.7   2.598e+00 
 111891  0.867   1  2015  140  18.90  57162.983  121.7   8.683e+00 
 111894  0.867   1  2015  140  20.10  57163.033  121.6   3.635e+00 
 111895  0.867   1  2015  140  20.54  57163.052  121.6   2.416e+00 
 111905  1.000   1  2015  141   1.84  57163.272  121.3   4.549e-01 
 111906  1.000   1  2015  141   2.39  57163.295  121.3   3.481e-01 
 111910  1.000   1  2015  141   4.41  57163.379  121.1   8.422e-01 
 111911  1.000   1  2015  141   4.92  57163.401  121.1   6.047e-01 
 111943  0.500   1  2015  141  20.92  57164.067  120.2   2.626e+00 
 111949  1.029   2  2015  141  23.85  57164.189  120.1   2.309e+00 
 111950  0.514   1  2015  142   0.27  57164.207  120.1   1.968e+00 
 111951  0.514   1  2015  142   0.55  57164.219  120.1   1.864e+00 
 111992  0.778   1  2015  142  21.17  57165.078  119.1   3.235e+00 
 111993  0.778   1  2015  142  21.61  57165.096  119.1   3.101e+00 
 111999  1.000   2  2015  143   0.72  57165.226  118.9   3.173e+00 
 112000  1.000   2  2015  143   1.29  57165.249  118.9   1.917e+00 
 112002  0.500   1  2015  143   2.32  57165.292  118.9   4.727e-01 
 112003  1.000   2  2015  143   2.74  57165.310  118.9   1.002e+00 
 112004  0.500   1  2015  143   3.17  57165.328  118.8   9.952e-01 
 112900  0.556   2  2015  161  19.36  57184.002  132.7   5.084e+00 
 112902  0.556   2  2015  161  20.11  57184.033  132.7   4.133e+00 
 112903  0.833   3  2015  161  20.73  57184.059  132.8   4.049e+00 
 112906  0.556   2  2015  161  22.37  57184.128  132.8   2.979e+00 
 112907  0.556   2  2015  161  22.78  57184.145  132.8   3.145e+00 
 112908  0.556   2  2015  161  23.19  57184.162  132.8   2.507e+00 
 112911  0.556   2  2015  162   0.90  57184.233  132.9   2.600e+00 
 112913  0.833   3  2015  162   1.80  57184.271  132.9   1.739e+00 
 112953  0.514   1  2015  162  21.73  57185.101  133.4   2.915e+00 
 112954  1.029   2  2015  162  22.15  57185.119  133.4   2.504e+00 
 112955  0.514   1  2015  162  22.58  57185.136  133.4   1.665e+00 
 113100  1.000   2  2015  165  23.17  57188.161  134.0   3.152e+00 
 113101  0.333   1  2015  165  23.84  57188.189  134.0   2.308e+00 
 113102  1.000   3  2015  166   0.22  57188.205  134.0   2.100e+00 
 113104  1.000   3  2015  166   1.30  57188.250  134.0   1.216e+00 
 113105  0.333   1  2015  166   1.69  57188.266  134.0   1.012e+00 
 113106  0.333   1  2015  166   2.38  57188.295  134.0   1.011e+00 
 113107  0.667   2  2015  166   2.67  57188.307  134.0   1.325e+00 
 113108  0.667   2  2015  166   3.32  57188.334  134.0   2.288e+00 
 113144  1.103   1  2015  166  21.18  57189.078  133.9   2.240e+00 
 113191  0.750   3  2015  167  20.70  57190.058  133.7   2.818e+00 
 113192  0.512   1  2015  167  21.42  57190.088  133.7   2.292e+00 
 113193  1.023   2  2015  167  21.85  57190.106  133.7   1.802e+00 
 113195  1.023   2  2015  167  22.78  57190.145  133.7   2.180e+00 
 113196  0.512   1  2015  167  23.21  57190.163  133.7   2.382e+00 
 113197  0.333   1  2015  167  23.95  57190.194  133.7   1.704e+00 
 113198  0.667   2  2015  168   0.24  57190.206  133.7   1.512e+00 
 113199  0.500   2  2015  168   0.67  57190.224  133.7   8.668e-01 
 113238  0.514   1  2015  168  20.23  57191.038  133.5   2.105e+00 
 113239  1.029   2  2015  168  20.66  57191.056  133.5   2.919e+00 
 113240  0.514   1  2015  168  21.08  57191.074  133.5   3.759e+00 
 113241  0.514   1  2015  168  21.72  57191.100  133.4   4.018e+00 
 113242  1.029   2  2015  168  22.14  57191.118  133.4   3.806e+00 
 113244  0.500   1  2015  168  23.30  57191.166  133.4   4.223e+00 
 113246  0.500   1  2015  169   0.15  57191.202  133.4   3.252e+00 
 113336  0.818   1  2015  170  21.00  57193.071  132.6   2.762e+00 
 113337  0.818   1  2015  170  21.94  57193.110  132.6   2.830e+00 
 113340  0.993   1  2015  170  23.29  57193.166  132.5   2.619e+00 
 113342  0.833   5  2015  171   0.21  57193.204  132.5   1.542e+00 
 113343  0.833   5  2015  171   0.72  57193.226  132.5   1.144e+00 
 113344  0.333   2  2015  171   1.07  57193.240  132.5   1.056e+00 
 113345  0.500   3  2015  171   1.78  57193.270  132.4   9.080e-01 
 113346  0.333   2  2015  171   2.33  57193.293  132.4   4.551e-01 
 113525  0.667   1  2015  174  19.86  57197.023  130.8   3.108e+00 
 113582  0.500   3  2015  176   0.31  57198.208  130.6   1.498e+00 
 113587  0.667   4  2015  176   2.76  57198.311  130.5   1.631e+00 
 113590  0.978   2  2015  176   4.21  57198.371  130.5   7.289e-01 
 113591  0.978   2  2015  176   4.73  57198.393  130.5   3.688e-01 
 114298  0.394   1  2015  190  22.44  57213.131  112.2   2.398e+00 
 114299  0.789   2  2015  190  22.77  57213.144  112.2   2.239e+00 
 114300  0.394   1  2015  190  23.10  57213.158  112.2   2.657e+00 
 114302  0.789   2  2015  191   0.18  57213.203  112.2   1.878e+00 
 114303  0.789   2  2015  191   0.62  57213.221  112.2   1.257e+00 
 114388  0.818   1  2015  192  19.48  57215.007  111.7   5.917e+00 
 114391  0.653   2  2015  192  20.76  57215.060  111.6   4.189e+00 
 114393  0.400   2  2015  192  21.72  57215.101  111.6   5.667e+00 
 114394  0.400   2  2015  192  22.26  57215.123  111.6   4.807e+00 
 114395  0.500   2  2015  192  22.71  57215.142  111.6   4.411e+00 
 114396  1.000   2  2015  192  23.34  57215.168  111.6   3.264e+00 
 114437  0.500   1  2015  193  19.98  57216.028  111.5   5.493e+00 
 114438  0.500   1  2015  193  20.26  57216.040  111.5   4.246e+00 
 114440  0.400   2  2015  193  21.07  57216.074  111.5   2.280e+00 
 114442  0.500   1  2015  193  22.38  57216.128  111.5   3.485e+00 
 114443  0.500   1  2015  193  22.66  57216.140  111.5   3.615e+00 
 114585  0.993   1  2015  196  21.54  57219.093  111.0   2.612e+00 
 114586  0.993   1  2015  196  22.05  57219.114  111.0   3.380e+00 
 114587  0.653   2  2015  196  22.78  57219.145  111.0   2.123e+00 
 114588  0.653   2  2015  196  23.14  57219.160  111.0   1.944e+00 
 114593  0.778   1  2015  197   1.84  57219.272  110.9   1.938e+00 
 114594  0.778   1  2015  197   2.28  57219.290  110.9   2.175e+00 
 114596  1.556   2  2015  197   3.27  57219.332  110.9   1.810e+00 
 114598  0.748   3  2015  197   4.18  57219.370  110.9   5.109e-01 
 114599  0.499   2  2015  197   4.61  57219.388  110.9   5.663e-01 
 114678  1.029   2  2015  198  20.22  57221.038  110.1   2.302e+00 
 114679  0.514   1  2015  198  20.64  57221.056  110.1   2.216e+00 
 114726  1.029   2  2015  199  20.15  57222.035  109.4   2.159e+00 
 114727  0.514   1  2015  199  20.57  57222.053  109.4   1.152e+00 
 114728  1.029   2  2015  199  21.35  57222.085  109.4   6.910e-01 
 114729  0.514   1  2015  199  21.77  57222.103  109.4   9.709e-01 
 114730  0.514   1  2015  199  22.06  57222.115  109.4   6.777e-01 
 115689  1.000   2  2015  219  21.65  57242.098  105.0   3.028e+00 
 115844  0.511   4  2015  223   3.29  57245.333  108.1   2.167e+00 
 115845  0.767   6  2015  223   3.71  57245.350  108.1   1.366e+00 
 115846  0.383   3  2015  223   4.29  57245.374  108.2   5.915e-01 
 115847  0.767   6  2015  223   4.77  57245.394  108.2   3.763e-01 
 115848  0.383   3  2015  223   5.15  57245.410  108.2   3.616e-01 
 115929  1.000   2  2015  224  21.75  57247.102  109.6   4.188e+00 
 116078  1.000   1  2015  228   0.26  57250.206  110.7   1.877e+00 
 116079  1.000   1  2015  228   0.85  57250.231  110.7   1.609e+00 
 116126  1.000   1  2015  229   0.27  57251.207  110.5   1.500e+00 
 116127  1.000   1  2015  229   0.85  57251.231  110.4   7.487e-01 
 116128  0.537   1  2015  229   1.31  57251.250  110.4   3.937e-01 
 116166  0.500   1  2015  229  20.42  57252.046  110.0   7.623e+00 
 116167  0.500   1  2015  229  20.70  57252.058  110.0   6.723e+00 
 116174  1.000   1  2015  230   0.40  57252.212  109.9   1.810e+00 
 116175  1.000   1  2015  230   0.97  57252.236  109.9   1.429e+00 
 116177  1.000   1  2015  230   1.55  57252.260  109.8   1.321e+00 
 116178  1.000   1  2015  230   2.12  57252.284  109.8   7.689e-01 
 116179  1.000   1  2015  230   2.70  57252.308  109.8   5.876e-01 
 116180  1.000   1  2015  230   3.30  57252.333  109.8   8.061e-01 
 116181  1.000   1  2015  230   3.90  57252.358  109.8   7.358e-01 
 116183  1.000   1  2015  230   4.51  57252.384  109.8   5.654e-01 
 116184  1.000   1  2015  230   5.10  57252.408  109.7   2.602e-01 
 116222  1.000   1  2015  231   0.21  57253.204  109.1   5.018e-01 
 116223  0.353   1  2015  231   0.62  57253.221  109.1   5.514e-01 
 116328  0.333   1  2015  233   5.33  57255.418  106.4   2.370e-01 
 116416  0.433   3  2015  235   1.16  57257.244  104.2   2.237e-01 
 116421  0.748   3  2015  235   3.77  57257.353  104.0   3.970e-01 
 116463  0.833   2  2015  236   0.67  57258.223  103.2   6.181e-01 
 116464  0.833   2  2015  236   1.20  57258.245  103.2   1.980e-01 
 116465  0.506   2  2015  236   1.90  57258.275  103.1   2.066e-01 
 116466  0.506   2  2015  236   2.25  57258.289  103.1   1.554e-01 
 116467  0.506   2  2015  236   2.60  57258.304  103.1   1.882e-01 
 116468  0.499   2  2015  236   3.31  57258.334  103.1   7.453e-01 
 116469  0.748   3  2015  236   3.75  57258.352  103.1   8.441e-01 
 116471  1.633   1  2015  236   4.88  57258.399  103.0   5.366e-01 
 116516  0.417   1  2015  237   3.46  57259.340  102.3   9.557e-01 
 116517  0.833   2  2015  237   3.85  57259.356  102.3   8.711e-01 
 116518  0.417   1  2015  237   4.25  57259.373  102.3   5.529e-01 
 116519  0.600   1  2015  237   4.90  57259.400  102.2   2.849e-01 
 116564  0.417   1  2015  238   3.27  57260.332  101.6   2.306e+00 
 116565  0.833   2  2015  238   3.67  57260.349  101.6   1.883e+00 
 116566  0.506   2  2015  238   4.40  57260.379  101.6   7.664e-01 
 116567  0.506   2  2015  238   4.75  57260.394  101.6   6.397e-01 
 116568  0.506   2  2015  238   5.10  57260.408  101.5   6.650e-01 
 117236  0.833   1  2015  252   3.32  57274.334   97.8   2.107e+00 
 117237  0.833   1  2015  252   3.76  57274.352   97.8   1.856e+00 
 117238  0.833   1  2015  252   4.20  57274.371   97.8   2.056e+00 
 117281  0.833   1  2015  253   1.85  57275.273   97.4   1.592e+00 
 117282  0.833   1  2015  253   2.29  57275.291   97.4   2.562e+00 
 117283  0.833   1  2015  253   2.73  57275.309   97.4   2.232e+00 
 117285  1.633   1  2015  253   3.88  57275.357   97.4   1.000e+00 
 117327  1.006   2  2015  254   0.75  57276.227   97.3   4.823e+00 
 117370  0.667   1  2015  254  22.19  57277.120   97.4   1.953e+00 
 117371  0.667   1  2015  254  22.55  57277.135   97.4   1.604e+00 
 117430  1.633   1  2015  256   4.19  57278.370   98.5   8.683e-01 
 117461  0.471   2  2015  256  19.74  57279.018   99.2   2.071e+00 
 117463  1.000   1  2015  256  20.76  57279.061   99.2   5.157e+00 
 117464  1.000   1  2015  256  21.31  57279.084   99.3   3.526e+00 
 117466  0.667   1  2015  256  22.16  57279.119   99.3   2.132e+00 
 117467  0.667   1  2015  256  22.55  57279.135   99.3   1.631e+00 
 117468  1.000   1  2015  256  23.30  57279.166   99.4   2.645e+00 
 117469  1.000   1  2015  256  23.85  57279.189   99.4   5.285e+00 
 117470  1.000   1  2015  257   0.45  57279.214   99.4   7.088e+00 
 117471  1.000   1  2015  257   1.00  57279.237   99.5   4.798e+00 
 117473  1.000   1  2015  257   1.90  57279.275   99.5   1.879e+00 
 117474  1.000   1  2015  257   2.45  57279.298   99.5   9.630e-01 
 117475  0.556   1  2015  257   2.96  57279.319   99.6   6.108e-01 
 117476  0.556   1  2015  257   3.29  57279.333   99.6   4.958e-01 
 117477  0.667   1  2015  257   3.73  57279.351   99.6   5.277e-01 
 117478  0.667   1  2015  257   4.11  57279.367   99.6   2.466e-01 
 117479  0.722   1  2015  257   4.75  57279.393   99.7   4.091e-01 
 117509  0.582   3  2015  257  19.70  57280.016  100.5   2.782e+00 
 117510  0.526   3  2015  257  20.23  57280.038  100.5   3.996e+00 
 117511  0.889   2  2015  257  20.78  57280.062  100.5   1.971e+00 
 117512  0.444   1  2015  257  21.41  57280.088  100.6   9.772e-01 
 117513  0.444   1  2015  257  21.68  57280.099  100.6   5.000e-01 
 117514  0.722   1  2015  257  22.47  57280.132  100.6   1.641e-01 
 117515  0.722   1  2015  257  22.85  57280.148  100.6  -2.115e-03 
 117516  0.722   1  2015  257  23.24  57280.164  100.7   3.415e-01 
 117517  0.722   1  2015  257  23.62  57280.180  100.7   9.022e-01 
 117518  0.556   1  2015  258   0.31  57280.208  100.7   2.502e+00 
 117519  0.556   1  2015  258   0.64  57280.222  100.7   2.799e+00 
 117520  1.556   2  2015  258   1.24  57280.247  100.8   2.850e+00 
 117521  0.444   1  2015  258   1.90  57280.275  100.8   2.269e+00 
 117522  1.000   2  2015  258   2.34  57280.293  100.8   1.775e+00 
 117523  0.556   1  2015  258   2.80  57280.312  100.8   1.270e+00 
 117524  0.333   1  2015  258   3.34  57280.335  100.9   4.262e-01 
 117525  1.000   3  2015  258   3.77  57280.353  100.9   3.811e-01 
 117526  0.444   1  2015  258   4.33  57280.376  100.9   3.608e-01 
 117527  0.889   2  2015  258   4.74  57280.393  100.9   2.873e-01 
 117558  1.333   2  2015  258  20.29  57281.041  101.8   5.174e+00 
 117559  0.667   1  2015  258  20.83  57281.064  101.8   4.632e+00 
 117560  0.667   1  2015  258  21.20  57281.079  101.9   4.541e+00 
 117562  0.978   2  2015  258  22.19  57281.120  101.9   1.574e+00 
 117563  0.978   2  2015  258  22.70  57281.142  101.9   1.388e+00 
 117565  1.301   2  2015  258  23.65  57281.181  102.0   2.314e+00 
 117622  1.633   1  2015  260   4.23  57282.372  103.8   2.732e-01 
 117655  0.758   3  2015  260  20.76  57283.061  104.8   3.611e+00 
 117656  0.758   3  2015  260  21.29  57283.082  104.8   1.766e+00 
 117662  0.833   1  2015  261   0.31  57283.209  105.0   1.391e+00 
 117663  0.833   1  2015  261   0.75  57283.227  105.0   1.540e+00 
 117664  0.833   1  2015  261   1.19  57283.245  105.0   1.580e+00 
 117665  0.689   1  2015  261   1.97  57283.278  105.0   3.320e+00 
 117668  1.667   2  2015  261   3.22  57283.330  105.1   1.759e+00 
 117669  0.833   1  2015  261   3.88  57283.357  105.1   8.885e-01 
 117711  1.633   1  2015  262   0.81  57284.229  105.9   1.049e+00 
 117714  1.633   1  2015  262   2.00  57284.279  106.0   2.560e+00 
 117715  0.833   1  2015  262   2.92  57284.317  106.0   3.681e+00 
 117716  0.833   1  2015  262   3.36  57284.336  106.0   1.709e+00 
 117717  0.833   1  2015  262   3.80  57284.354  106.0   1.160e+00 
 117757  0.806   1  2015  262  23.92  57285.192  106.5   2.029e-01 
 117758  0.806   1  2015  263   0.36  57285.211  106.5   3.200e-01 
 117760  0.667   2  2015  263   1.21  57285.246  106.6   7.812e-01 
 117762  0.806   1  2015  263   2.12  57285.284  106.6   6.532e-01 
 117763  0.806   1  2015  263   2.57  57285.303  106.6   1.221e+00 
 117765  0.748   3  2015  263   3.68  57285.349  106.6   9.071e-01 
 117799  1.632   1  2015  263  20.53  57286.051  106.8   4.013e+00 
 117801  1.632   1  2015  263  21.91  57286.108  106.8   1.158e+00 
 117804  1.632   1  2015  263  23.08  57286.157  106.8   1.503e+00 
 117806  1.632   1  2015  264   0.22  57286.205  106.8   4.667e+00 
 117808  1.111   1  2015  264   1.36  57286.252  106.8   4.742e+00 
 117810  1.167   1  2015  264   2.22  57286.288  106.8   3.682e+00 
 117812  1.278   1  2015  264   3.08  57286.324  106.8   1.720e+00 
 117814  1.632   1  2015  264   4.29  57286.374  106.8   4.068e-01 
 117851  2.188   1  2015  264  22.75  57287.143  106.9   2.111e+00 
 117854  2.521   1  2015  265   0.49  57287.216  106.9   6.706e-01 
 117858  2.188   1  2015  265   2.21  57287.287  106.9   9.335e-01 
 117861  1.838   1  2015  265   3.50  57287.341  106.9   1.127e+00 
 117862  0.733   2  2015  265   4.33  57287.376  106.9   6.894e-01 
 117905  0.889   1  2015  266   1.80  57288.270  106.8   1.499e+00 
 117906  1.111   1  2015  266   2.43  57288.297  106.8   1.667e+00 
 117908  1.000   2  2015  266   3.15  57288.327  106.8   1.403e+00 
 117909  0.889   1  2015  266   3.88  57288.357  106.8   7.399e-01 
 117955  0.845   1  2015  267   2.74  57289.310  106.7   1.615e+00 
 117956  0.500   1  2015  267   3.19  57289.328  106.7   1.395e+00 
 117957  0.833   2  2015  267   3.70  57289.350  106.7   9.455e-01 
 117958  0.500   1  2015  267   4.22  57289.371  106.7   9.654e-01 
 118139  0.989   1  2015  270  22.82  57293.146  104.5   3.251e+00 
 118228  0.667   2  2015  272  19.33  57295.001  103.5   3.996e+00 
 118229  0.667   2  2015  272  19.72  57295.017  103.5   3.743e+00 
 118279  0.833   1  2015  273  20.82  57296.063  103.0   5.067e+00 
 118428  1.023   2  2015  276  23.22  57299.163  103.0   7.259e-01 
 118429  0.512   1  2015  276  23.65  57299.181  103.0   7.039e-01 
 118468  0.500   1  2015  277  19.24  57299.997  103.2   4.703e+00 
 118469  1.000   2  2015  277  19.68  57300.016  103.2   4.659e+00 
 118470  0.500   1  2015  277  20.13  57300.034  103.2   4.783e+00 
 118471  1.018   1  2015  277  20.90  57300.066  103.2   2.485e+00 
 118473  1.018   1  2015  277  21.90  57300.108  103.2   1.018e+00 
 118475  1.407   1  2015  277  22.80  57300.146  103.3   8.404e-01 
 118477  1.407   1  2015  277  23.76  57300.185  103.3   2.628e+00 
 118480  1.962   1  2015  278   1.12  57300.242  103.3   5.510e+00 
 118482  2.184   1  2015  278   2.44  57300.297  103.3   1.076e+00 
 118485  1.629   1  2015  278   3.73  57300.351  103.4   1.508e-01 
 118486  0.367   1  2015  278   4.38  57300.378  103.4  -1.629e-02 
 118519  1.296   1  2015  278  20.76  57301.060  103.7   2.603e+00 
 118521  1.258   2  2015  278  21.75  57301.102  103.8   3.811e+00 
 118523  1.240   1  2015  278  22.83  57301.147  103.8   2.259e+00 
 118525  1.962   1  2015  278  23.87  57301.190  103.8   1.106e+00 
 118528  1.962   1  2015  279   1.30  57301.250  103.9   2.346e+00 
 118531  1.962   1  2015  279   2.54  57301.302  103.9   1.838e+00 
 118533  1.851   1  2015  279   3.88  57301.357  103.9   4.211e-01 
 118858  0.758   3  2015  285  22.31  57308.125  103.2   9.328e-01 
 118859  0.506   2  2015  285  22.74  57308.143  103.2   9.001e-01 
 118861  1.000   1  2015  285  23.97  57308.194  103.1   1.469e+00 
 118863  1.000   1  2015  286   0.52  57308.217  103.1   2.252e+00 
 118865  0.989   1  2015  286   1.84  57308.272  103.0   4.113e+00 
 118963  0.479   1  2015  288   2.87  57310.315  101.5   1.893e+00 
 118964  0.959   2  2015  288   3.26  57310.331  101.5   1.465e+00 
 119003  0.758   3  2015  288  22.69  57311.141  101.4   3.528e-01 
 119004  0.506   2  2015  288  23.13  57311.159  101.4   1.892e-01 
 119051  0.506   2  2015  289  22.85  57312.147  101.7   1.390e+00 
 119052  0.758   3  2015  289  23.29  57312.166  101.8   1.434e+00 
 119246  0.618   2  2015  294   0.11  57316.200  106.8   1.670e+00 
 119247  0.755   3  2015  294   0.79  57316.229  106.9   2.302e+00 
 119248  0.755   3  2015  294   1.22  57316.246  106.9   1.444e+00 
 119296  0.479   1  2015  295   1.46  57317.256  108.3   4.578e+00 
 119297  0.479   1  2015  295   1.71  57317.267  108.3   4.810e+00 
 119298  0.806   1  2015  295   2.43  57317.297  108.4   3.677e+00 
 119299  0.806   1  2015  295   2.87  57317.315  108.4   3.673e+00 
 119301  0.806   1  2015  295   3.67  57317.348  108.4   2.003e+00 
 119302  0.806   1  2015  295   4.11  57317.367  108.5   1.714e+00 
 119913  0.518   1  2015  307  21.76  57330.102  110.3   2.795e+00 
 119914  1.037   2  2015  307  22.18  57330.120  110.3   1.850e+00 
 119915  0.518   1  2015  307  22.78  57330.145  110.3   1.083e+00 
 119916  1.037   2  2015  307  23.20  57330.162  110.3   5.277e-01 
 119917  0.629   1  2015  307  23.84  57330.189  110.2   2.059e-01 
 119918  0.629   1  2015  308   0.17  57330.203  110.2   2.623e-01 
 119919  0.629   1  2015  308   0.51  57330.217  110.2   2.580e-01 
 119920  0.593   2  2015  308   1.32  57330.250  110.2   1.008e+00 
 119957  0.667   2  2015  308  19.66  57331.015  109.6   1.561e+00 
 119958  0.796   1  2015  308  20.41  57331.046  109.6   1.865e+00 
 119959  0.796   1  2015  308  20.85  57331.064  109.6   2.387e+00 
 119960  0.796   1  2015  308  21.41  57331.088  109.5   1.779e+00 
 119961  0.796   1  2015  308  21.86  57331.106  109.5   1.999e+00 
 119962  0.963   1  2015  308  22.44  57331.131  109.5   9.252e-01 
 119963  0.963   1  2015  308  22.95  57331.152  109.5   7.293e-01 
 119964  0.963   1  2015  308  23.45  57331.173  109.5   6.289e-01 
 119966  0.667   1  2015  309   0.23  57331.205  109.5   4.344e-01 
 119967  0.667   1  2015  309   0.61  57331.221  109.5   5.218e-01 
 119968  1.333   2  2015  309   1.26  57331.248  109.5   8.169e-01 
 119969  0.667   1  2015  309   1.80  57331.270  109.4   2.086e+00 
 119970  0.963   1  2015  309   2.41  57331.296  109.4   4.259e+00 
 119971  0.963   1  2015  309   2.91  57331.317  109.4   5.643e+00 
 119972  0.963   1  2015  309   3.42  57331.338  109.4   3.342e+00 
 120068  0.959   2  2015  311   3.15  57333.327  108.9   2.290e-01 
 120069  0.479   1  2015  311   3.54  57333.343  108.9   4.420e-01 
 120201  0.389   1  2015  313  21.97  57336.111  110.1   4.366e-01 
 120202  0.778   2  2015  313  22.29  57336.124  110.1   4.391e-01 
 120203  0.389   1  2015  313  22.61  57336.138  110.1   6.255e-01 
 120204  1.167   3  2015  313  23.28  57336.166  110.1   1.016e+00 
 120205  0.389   1  2015  313  23.71  57336.183  110.1   1.375e+00 
 120206  0.944   2  2015  314   0.20  57336.204  110.2   1.693e+00 
 120207  0.472   1  2015  314   0.63  57336.222  110.2   1.944e+00 
 120440  0.758   3  2015  318  21.30  57341.083  108.4   7.423e-01 
 120441  0.506   2  2015  318  21.74  57341.101  108.4   5.342e-01 
 120443  0.758   3  2015  318  22.77  57341.144  108.4   2.427e-01 
 120444  0.758   3  2015  318  23.30  57341.166  108.4   1.602e-01 
 120446  0.758   3  2015  319   0.18  57341.203  108.3   1.894e-01 
 120447  0.758   3  2015  319   0.70  57341.225  108.3   5.715e-01 
 120449  0.989   1  2015  319   1.85  57341.272  108.2   1.123e+00 
 120638  0.959   2  2015  323   0.18  57345.203  104.6   2.244e+00 
 120639  0.479   1  2015  323   0.57  57345.219  104.6   2.100e+00 
 120640  0.500   1  2015  323   1.27  57345.248  104.6   9.278e-01 
 120641  1.000   2  2015  323   1.68  57345.266  104.6   6.595e-01 
 120642  0.500   1  2015  323   2.10  57345.283  104.6   5.955e-01 
 121253  0.629   1  2015  335  19.94  57358.026  104.4   1.848e+00 
 121254  0.629   1  2015  335  20.48  57358.049  104.4   1.548e+00 
 121255  0.629   1  2015  335  20.82  57358.063  104.4   1.167e+00 
 121256  0.629   1  2015  335  21.45  57358.089  104.4   6.219e-01 
 121257  0.629   1  2015  335  21.78  57358.103  104.4   4.781e-01 
 121258  0.629   1  2015  335  22.12  57358.117  104.4   4.169e-01 
 121259  0.629   1  2015  335  22.73  57358.143  104.4   5.710e-01 
 121260  1.258   2  2015  335  23.23  57358.164  104.4   4.150e-01 
 121301  0.629   1  2015  336  19.98  57359.028  104.8   1.586e+00 
 121302  0.629   1  2015  336  20.32  57359.042  104.8   1.295e+00 
 121303  0.629   1  2015  336  20.85  57359.064  104.8   9.791e-01 
 121304  0.629   1  2015  336  21.18  57359.078  104.8   9.929e-01 
 121305  0.629   1  2015  336  21.78  57359.103  104.8   1.136e+00 
 121306  1.258   2  2015  336  22.28  57359.124  104.8   1.220e+00 
 121308  0.762   1  2015  336  23.12  57359.159  104.9   5.134e-01 
 121309  0.762   1  2015  336  23.52  57359.176  104.9   4.855e-01 
 121352  0.833   2  2015  337  21.30  57360.083  105.3   6.203e-01 
 121353  0.833   2  2015  337  21.83  57360.105  105.3   4.567e-01 
 121355  0.806   1  2015  337  22.68  57360.141  105.3   6.596e-01 
 121356  0.806   1  2015  337  23.13  57360.159  105.3   7.917e-01 
 121405  0.806   1  2015  338  23.97  57361.194  105.4   3.359e-01 
 121406  0.806   1  2015  339   0.42  57361.213  105.4   2.613e-01 
 121408  0.589   2  2015  339   1.34  57361.251  105.4   3.682e-01 
 121409  0.589   2  2015  339   1.69  57361.266  105.4   3.897e-01 
 121410  0.589   2  2015  339   2.41  57361.296  105.4   4.570e-01 
 121411  0.589   2  2015  339   2.76  57361.310  105.4   4.206e-01 
 121456  0.806   1  2015  340   1.15  57362.243  105.2   9.027e-01 
 121457  0.806   1  2015  340   1.59  57362.262  105.2   6.133e-01 
 121458  0.806   1  2015  340   2.36  57362.294  105.2   1.461e-01 
 121459  0.806   1  2015  340   2.80  57362.312  105.2   4.004e-01 
 121497  0.483   1  2015  340  21.94  57363.110  105.0   6.585e-01 
 121498  0.967   2  2015  340  22.34  57363.126  105.0   6.458e-01 
 121499  0.483   1  2015  340  22.73  57363.143  105.0   4.565e-01 
 121500  0.483   1  2015  340  23.36  57363.169  105.0   4.710e-01 
 121501  0.967   2  2015  340  23.76  57363.185  105.0   8.397e-01 
 121502  0.483   1  2015  341   0.15  57363.202  105.0   1.718e+00 
 121503  0.483   1  2015  341   0.75  57363.227  105.0   3.177e+00 
 121504  0.967   2  2015  341   1.14  57363.243  105.0   2.880e+00 
 121505  0.483   1  2015  341   1.54  57363.260  105.0   2.347e+00 
 121506  0.806   1  2015  341   2.27  57363.290  105.0   1.146e+00 
 121507  0.806   1  2015  341   2.72  57363.309  105.0   7.089e-01 
 121545  0.758   3  2015  341  21.75  57364.102  105.0   1.063e+00 
 121546  0.506   2  2015  341  22.19  57364.120  105.0   9.304e-01 
 121548  0.667   4  2015  341  23.22  57364.163  105.0   5.192e-01 
 121550  0.667   4  2015  342   0.23  57364.205  105.0   5.898e-01 
 121551  0.333   2  2015  342   0.61  57364.221  105.0   8.748e-01 
 121592  0.331   2  2015  342  21.39  57365.087  105.4   5.326e-01 
 121593  0.662   4  2015  342  21.76  57365.102  105.4   2.495e-01 
 121595  0.589   2  2015  342  22.86  57365.148  105.4   5.125e-01 
 121596  0.589   2  2015  342  23.21  57365.163  105.5   4.703e-01 
 121598  0.883   3  2015  343   0.21  57365.204  105.5   3.216e-01 
 121599  0.331   2  2015  343   0.90  57365.233  105.5   5.693e-01 
 121600  0.662   4  2015  343   1.27  57365.249  105.5   1.116e+00 
 121602  0.662   4  2015  343   2.23  57365.289  105.5   1.143e+00 
 121603  0.331   2  2015  343   2.60  57365.304  105.6   1.789e+00 
 121784  0.333   1  2015  346  21.42  57369.088  109.4   4.227e-01 
 121785  0.667   2  2015  346  21.71  57369.100  109.4   3.339e-01 
 121786  0.333   1  2015  346  22.00  57369.112  109.4   2.032e-01 
 121794  0.989   1  2015  347   2.36  57369.294  109.6   3.048e+00 
 121831  0.983   1  2015  347  20.82  57370.063  110.1   5.081e-01 
 121832  0.983   1  2015  347  21.34  57370.085  110.1   1.895e-01 
 121834  0.967   2  2015  347  22.15  57370.118  110.1   1.999e-01 
 121835  0.967   2  2015  347  22.68  57370.140  110.1   2.269e-01 
 121836  0.500   3  2015  347  23.38  57370.170  110.2   1.815e-01 
 121837  0.333   2  2015  347  23.72  57370.184  110.2   1.167e-01 
 121839  0.667   4  2015  348   0.72  57370.226  110.2   6.858e-01 
 121841  0.967   2  2015  348   1.67  57370.265  110.2   4.872e-01 
 121878  0.983   1  2015  348  20.48  57371.049  110.6   1.547e+00 
 121879  0.983   1  2015  348  20.99  57371.070  110.6   9.191e-01 
 121881  0.967   2  2015  348  21.79  57371.104  110.7   3.867e-01 
 121882  0.967   2  2015  348  22.32  57371.126  110.7   3.884e-01 
 121884  0.667   4  2015  348  23.23  57371.163  110.7   4.605e-01 
 121887  0.500   3  2015  349   0.87  57371.232  110.7   1.469e+00 
 121888  0.500   3  2015  349   1.26  57371.248  110.7   1.207e+00 
 121890  0.662   4  2015  349   2.24  57371.289  110.8   8.802e-01 
 121892  0.967   2  2015  349   3.16  57371.327  110.8   1.045e+00 
 121926  0.497   3  2015  349  20.24  57372.039  111.2   8.169e-01 
 121927  0.497   3  2015  349  20.63  57372.055  111.2   4.610e-01 
 121930  0.833   3  2015  349  22.21  57372.121  111.2   4.453e-01 
 121931  0.833   3  2015  349  22.73  57372.143  111.2   4.816e-01 
 121933  1.056   1  2015  349  23.59  57372.178  111.2   7.239e-01 
 121935  1.056   1  2015  350   0.88  57372.232  111.2   7.658e-01 
 121936  1.056   1  2015  350   1.44  57372.256  111.3   5.728e-01 
 121938  0.806   1  2015  350   2.21  57372.288  111.3   4.385e-01 
 121940  0.483   1  2015  350   3.28  57372.332  111.3   4.701e-01 
 121941  0.483   1  2015  350   3.55  57372.343  111.3   7.309e-01 
 121975  0.556   2  2015  350  20.81  57373.063  111.5   9.748e-01 
 121976  0.833   3  2015  350  21.24  57373.081  111.5   8.389e-01 
 121978  0.959   2  2015  350  22.21  57373.121  111.5   2.436e-01 
 121979  0.479   1  2015  350  22.59  57373.137  111.5   2.052e-01 
 121980  0.959   2  2015  350  23.27  57373.165  111.5   2.609e-01 
 121981  0.479   1  2015  350  23.65  57373.181  111.5   2.240e-01 
 121982  0.959   2  2015  351   0.22  57373.205  111.5   2.490e-01 
 121983  0.479   1  2015  351   0.60  57373.221  111.5   2.959e-01 
 121988  0.461   2  2015  351   3.32  57373.334  111.6   1.903e+00 
 122035  0.594   2  2015  352   2.84  57374.314  111.7   5.071e-01 
 122036  0.594   2  2015  352   3.19  57374.329  111.7   4.831e-01 
 122982  0.806   1  2016    6  20.32  57394.042  101.6   1.343e+00 
 122983  0.806   1  2016    6  20.76  57394.061  101.6   8.872e-01 
 122985  0.806   1  2016    6  21.60  57394.095  101.5   1.784e-01 
 122986  0.806   1  2016    6  22.04  57394.114  101.5  -2.373e-02 
 123030  1.000   1  2016    7  20.48  57395.049  100.5   1.356e+00 
 123032  1.000   1  2016    7  21.03  57395.072  100.5   7.454e-01 
 123038  0.331   2  2016    8   0.44  57395.214  100.4   1.018e+00 
 123039  0.662   4  2016    8   0.81  57395.229  100.4   1.685e+00 
 123041  0.806   1  2016    8   1.73  57395.268  100.3   2.921e+00 
 123078  0.667   1  2016    8  20.38  57396.045   99.8   1.710e+00 
 123079  0.667   1  2016    8  20.74  57396.060   99.8   1.154e+00 
 123080  1.333   2  2016    8  21.28  57396.082   99.7   7.457e-01 
 123082  0.883   3  2016    8  22.22  57396.121   99.7   2.967e-01 
 123083  0.883   3  2016    8  22.74  57396.143   99.7   2.609e-01 
 123085  0.883   3  2016    8  23.73  57396.184   99.7   5.113e-01 
 123086  0.589   2  2016    9   0.17  57396.203   99.7   6.930e-01 
 123127  1.000   1  2016    9  20.59  57397.054   99.2   2.131e+00 
 123128  1.000   1  2016    9  21.14  57397.076   99.2   1.613e+00 
 123175  0.806   1  2016   10  20.95  57398.069   98.8   5.735e-01 
 123176  0.806   1  2016   10  21.40  57398.087   98.8   3.428e-01 
 123179  0.959   2  2016   10  22.71  57398.142   98.8   8.163e-02 
 123180  0.479   1  2016   10  23.08  57398.157   98.8   1.096e-01 
 123185  0.594   2  2016   11   1.89  57398.274   98.8   2.265e+00 
 123186  0.594   2  2016   11   2.24  57398.289   98.8   2.453e+00 
 123187  0.594   2  2016   11   2.80  57398.312   98.7   3.040e+00 
 123188  0.594   2  2016   11   3.16  57398.327   98.7   2.412e+00 
 123189  0.500   1  2016   11   3.59  57398.345   98.7   2.680e+00 
 123517  1.333   2  2016   17  23.82  57405.188  100.7   9.238e-02 
 124141  0.333   1  2016   30  23.91  57418.192  105.3   1.121e-01 
 124142  0.667   2  2016   31   0.24  57418.205  105.3   2.305e-01 
 124143  0.333   1  2016   31   0.56  57418.219  105.3   3.678e-01 
 124231  0.667   2  2016   32  20.85  57420.064  105.9   2.229e+00 
 124232  0.667   2  2016   32  21.23  57420.080  105.9   1.853e+00 
 124240  0.667   2  2016   33   1.37  57420.253  106.0   9.337e-01 
 124241  0.667   2  2016   33   1.80  57420.271  106.0   1.131e+00 
 124278  0.333   1  2016   33  20.42  57421.046  106.3   1.640e+00 
 124279  0.667   2  2016   33  20.71  57421.059  106.3   1.259e+00 
 124280  0.333   1  2016   33  21.00  57421.071  106.3   9.284e-01 
 124282  1.000   2  2016   33  22.29  57421.124  106.3   3.136e-01 
 124283  1.067   1  2016   33  22.84  57421.147  106.3   3.799e-01 
 124289  1.611   2  2016   34   1.73  57421.268  106.3   1.443e-01 
 124292  1.000   3  2016   34   3.29  57421.333  106.3   5.041e-01 
 124293  0.333   1  2016   34   3.68  57421.349  106.3   6.916e-01 
 124325  0.333   1  2016   34  19.91  57422.025  106.4   2.730e+00 
 124326  0.667   2  2016   34  20.23  57422.039  106.4   1.378e+00 
 124327  0.333   1  2016   34  20.56  57422.052  106.4   7.503e-01 
 124333  0.967   2  2016   34  23.64  57422.181  106.4   6.316e-01 
 124374  0.333   1  2016   35  20.33  57423.042  106.2   1.571e+00 
 124375  1.000   3  2016   35  20.76  57423.060  106.2   9.553e-01 
 124380  1.612   2  2016   35  23.25  57423.164  106.2   2.282e-01 
 124382  0.806   1  2016   36   0.21  57423.204  106.2   1.788e-01 
 124383  0.806   1  2016   36   0.64  57423.222  106.2   7.136e-01 
 124423  0.911   4  2016   36  20.75  57424.060  106.1   9.075e-01 
 124670  1.000   3  2016   42   0.25  57429.206  103.7   5.797e-01 
 124671  0.333   1  2016   42   0.68  57429.224  103.7   1.089e+00 
 124672  0.333   1  2016   42   1.21  57429.246  103.7   1.475e+00 
 124813  0.500   3  2016   44  23.77  57432.186  102.0   4.946e-01 
 124814  0.667   4  2016   45   0.29  57432.208  102.0   6.437e-01 
 124815  0.667   4  2016   45   0.79  57432.228  102.0   1.220e+00 
 124816  0.667   4  2016   45   1.29  57432.249  102.0   2.585e+00 
 124817  0.333   2  2016   45   1.77  57432.269  102.0   4.335e+00 
 124818  0.333   2  2016   45   2.41  57432.296  102.0   5.919e+00 
 124819  0.500   3  2016   45   2.72  57432.309  102.0   6.027e+00 
 124820  0.667   4  2016   45   3.17  57432.328  102.0   3.985e+00 
 124821  0.333   2  2016   45   3.68  57432.349  102.0   2.633e+00 
 124822  0.667   4  2016   45   4.18  57432.370  102.0   1.952e+00 
 124859  0.461   2  2016   45  22.68  57433.141  101.7   5.689e-01 
 124860  0.461   2  2016   45  23.15  57433.160  101.7   5.425e-01 
 124913  0.806   1  2016   47   1.68  57434.266  101.4   3.005e+00 
 124914  0.806   1  2016   47   2.11  57434.284  101.4   2.592e+00 
 124915  0.806   1  2016   47   2.97  57434.319  101.4   7.667e-01 
 124916  0.806   1  2016   47   3.41  57434.338  101.4   4.962e-01 
 125012  0.778   2  2016   49   3.22  57436.330  100.3   5.132e-01 
 125013  0.778   2  2016   49   3.66  57436.348  100.3   7.590e-01 
 125526  0.758   3  2016   59  20.22  57447.038   93.7   3.373e+00 
 125527  0.758   3  2016   59  20.75  57447.060   93.7   3.215e+00 
 125574  0.758   3  2016   60  20.32  57448.042   93.3   3.023e+00 
 125575  0.506   2  2016   60  20.76  57448.061   93.2   3.115e+00 
 125629  0.911   4  2016   61  23.75  57449.185   92.9   7.641e-01 
 125630  0.456   2  2016   62   0.18  57449.203   92.9   1.430e+00 
 125631  0.806   1  2016   62   0.92  57449.234   92.9   3.544e+00 
 125632  0.806   1  2016   62   1.35  57449.252   92.9   4.110e+00 
 125637  1.023   2  2016   62   3.66  57449.348   92.9   1.245e+00 
 125638  0.512   1  2016   62   4.08  57449.366   92.9   1.224e+00 
 125671  0.758   3  2016   62  20.82  57450.063   92.8   2.651e+00 
 125672  0.506   2  2016   62  21.26  57450.081   92.8   3.702e+00 
 125674  0.461   2  2016   62  22.33  57450.126   92.8   2.381e+00 
 125676  0.806   1  2016   62  23.18  57450.161   92.8   2.034e+00 
 125677  0.806   1  2016   62  23.61  57450.179   92.8   1.367e+00 
 125678  0.806   1  2016   63   0.38  57450.211   92.8   1.117e+00 
 125679  0.806   1  2016   63   0.81  57450.229   92.8   1.061e+00 
 125717  0.506   2  2016   63  19.84  57451.022   92.7   4.446e+00 
 125718  0.758   3  2016   63  20.28  57451.040   92.7   3.890e+00 
 125723  0.758   3  2016   63  22.69  57451.141   92.7   9.596e-01 
 125724  0.758   3  2016   63  23.21  57451.163   92.7   6.862e-01 
 125726  0.758   3  2016   64   0.30  57451.208   92.7   2.962e-01 
 125727  0.506   2  2016   64   0.74  57451.226   92.7   2.110e-01 
 125729  1.333   2  2016   64   1.71  57451.267   92.7   1.601e+00 
 125730  0.667   1  2016   64   2.25  57451.289   92.7   2.949e+00 
 125731  0.667   1  2016   64   2.61  57451.304   92.7   4.836e+00 
 125770  0.506   2  2016   64  22.31  57452.125   92.6   1.684e+00 
 125771  0.758   3  2016   64  22.75  57452.144   92.6   1.234e+00 
 125773  0.758   3  2016   64  23.82  57452.188   92.6   1.052e+00 
 125774  0.506   2  2016   65   0.26  57452.206   92.6   1.063e+00 
 125775  0.506   2  2016   65   0.67  57452.224   92.6   1.384e+00 
 125776  0.758   3  2016   65   1.18  57452.245   92.6   1.368e+00 
 125777  0.506   2  2016   65   1.62  57452.263   92.6   1.206e+00 
 126103  0.667   1  2016   71  20.80  57459.062   91.8   1.793e+00 
 126104  0.667   1  2016   71  21.16  57459.077   91.8   1.401e+00 
 126105  1.333   2  2016   71  21.70  57459.100   91.8   2.156e+00 
 126117  1.000   1  2016   72   3.88  57459.357   91.8   2.594e+00 
 126118  1.000   1  2016   72   4.43  57459.380   91.8   1.896e+00 
 126150  0.767   2  2016   72  20.26  57460.040   91.6   2.793e+00 
 126151  0.767   2  2016   72  20.69  57460.058   91.6   3.263e+00 
 126152  0.767   2  2016   72  21.37  57460.086   91.6   4.000e+00 
 126153  0.767   2  2016   72  21.81  57460.104   91.6   2.039e+00 
 126154  0.767   2  2016   72  22.33  57460.126   91.6   8.221e-01 
 126155  0.767   2  2016   72  22.76  57460.144   91.6   3.633e-01 
 126156  0.383   1  2016   72  23.42  57460.171   91.6   5.464e-01 
 126157  0.767   2  2016   72  23.74  57460.185   91.6   5.413e-01 
 126158  0.767   2  2016   73   0.26  57460.206   91.6   9.125e-01 
 126159  0.767   2  2016   73   0.77  57460.228   91.6   1.739e+00 
 126160  0.383   1  2016   73   1.10  57460.241   91.6   2.211e+00 
 126164  0.806   1  2016   73   3.45  57460.339   91.6   2.676e+00 
 126165  0.806   1  2016   73   3.90  57460.358   91.6   1.712e+00 
 126167  0.461   2  2016   73   4.69  57460.391   91.6   1.357e+00 
 126197  0.767   2  2016   73  19.68  57461.015   91.4   2.366e+00 
 126198  0.767   2  2016   73  20.11  57461.034   91.4   2.681e+00 
 126199  0.383   1  2016   73  20.78  57461.062   91.4   2.865e+00 
 126200  0.383   1  2016   73  21.44  57461.089   91.4   2.356e+00 
 126201  0.767   2  2016   73  21.85  57461.106   91.4   1.737e+00 
 126202  0.767   2  2016   73  22.28  57461.124   91.4   6.107e-01 
 126203  0.383   1  2016   73  22.96  57461.152   91.4   8.093e-01 
 126204  0.767   2  2016   73  23.29  57461.166   91.4   7.025e-01 
 126205  0.767   2  2016   73  23.79  57461.187   91.4   9.395e-01 
 126206  0.767   2  2016   74   0.30  57461.208   91.4   9.705e-01 
 126207  0.383   1  2016   74   0.63  57461.222   91.4   1.291e+00 
 126300  0.767   2  2016   75  23.38  57463.170   91.0   1.103e+00 
 126301  0.767   2  2016   75  23.82  57463.188   91.0   6.596e-01 
 126302  0.383   1  2016   76   0.25  57463.206   91.0   7.256e-01 
 126303  0.383   1  2016   76   0.90  57463.233   91.0   2.308e+00 
 126304  0.383   1  2016   76   1.30  57463.250   91.0   3.577e+00 
 126305  0.383   1  2016   76   1.52  57463.259   91.0   3.702e+00 
 126356  1.023   2  2016   77   3.23  57464.330   90.5   4.128e+00 
 126357  0.512   1  2016   77   3.65  57464.348   90.5   2.692e+00 
 126358  0.461   2  2016   77   4.36  57464.377   90.5   1.554e+00 
 126450  0.512   1  2016   79   2.47  57466.299   89.4   5.362e+00 
 127168  0.512   1  2016   94   1.24  57481.247   93.1   2.651e+00 
 127169  1.023   2  2016   94   1.66  57481.265   93.1   2.465e+00 
 127205  0.658   1  2016   94  19.78  57482.020   93.8   5.464e+00 
 127206  1.316   2  2016   94  20.31  57482.042   93.8   6.020e+00 
 127207  0.658   1  2016   94  20.84  57482.064   93.8   5.151e+00 
 127397  0.933   3  2016   98  19.71  57486.017   94.6   3.397e+00 
 127399  0.622   4  2016   98  20.74  57486.060   94.6   1.175e+00 
 127400  0.778   5  2016   98  21.24  57486.081   94.6   9.886e-01 
 127401  0.467   3  2016   98  21.78  57486.103   94.6   1.261e+00 
 127402  0.778   5  2016   98  22.23  57486.122   94.6   1.801e+00 
 127403  0.778   5  2016   98  22.78  57486.145   94.6   2.002e+00 
 127404  0.622   4  2016   98  23.30  57486.166   94.6   1.329e+00 
 127405  0.778   5  2016   98  23.79  57486.187   94.5   8.561e-01 
 127407  0.622   4  2016   99   0.79  57486.228   94.5   1.142e+00 
 127408  0.622   4  2016   99   1.24  57486.247   94.5   1.964e+00 
 127410  0.711   2  2016   99   2.37  57486.294   94.5   3.356e+00 
 127411  0.711   2  2016   99   2.83  57486.313   94.5   1.545e+00 
 127412  0.711   2  2016   99   3.28  57486.332   94.5   6.129e-01 
 127413  0.711   2  2016   99   3.77  57486.353   94.5   3.814e-01 
 127414  0.356   1  2016   99   4.09  57486.366   94.5   1.245e-01 
 127444  0.656   1  2016   99  19.47  57487.007   94.3   3.628e+00 
 127445  0.656   1  2016   99  19.81  57487.021   94.3   3.306e+00 
 127447  1.311   2  2016   99  20.79  57487.062   94.3   2.029e+00 
 127453  1.023   2  2016   99  23.75  57487.185   94.3   1.187e+00 
 127454  0.512   1  2016  100   0.18  57487.203   94.3   1.199e+00 
 127455  1.023   2  2016  100   0.84  57487.231   94.3   9.632e-01 
 127456  0.512   1  2016  100   1.27  57487.248   94.2   1.268e+00 
 127462  0.342   1  2016  100   4.04  57487.364   94.2   5.333e-01 
 127463  0.342   1  2016  100   4.71  57487.392   94.2   6.041e-01 
 127492  0.456   2  2016  100  19.30  57488.000   94.0   5.543e+00 
 127493  0.911   4  2016  100  19.73  57488.018   94.0   4.890e+00 
 127494  0.456   2  2016  100  20.39  57488.045   94.0   3.842e+00 
 127495  0.683   3  2016  100  20.74  57488.060   94.0   2.831e+00 
 127503  0.667   2  2016  101   0.79  57488.228   94.0   4.596e-01 
 127504  0.333   1  2016  101   1.08  57488.241   94.0   4.895e-01 
 127506  1.067   3  2016  101   2.22  57488.288   93.9   1.471e+00 
 127507  0.356   1  2016  101   2.93  57488.318   93.9   3.054e+00 
 127508  0.711   2  2016  101   3.25  57488.331   93.9   2.750e+00 
 127645  0.817   1  2016  103  23.95  57491.194   93.5   5.135e-01 
 127694  0.959   1  2016  105   0.28  57492.207   93.7   2.474e+00 
 127695  0.959   1  2016  105   0.78  57492.228   93.7   2.478e+00 
 128595  0.611   1  2016  123  18.97  57510.986   90.6   6.770e+00 
 128596  0.611   1  2016  123  19.32  57511.000   90.6   5.672e+00 
 128603  0.500   1  2016  123  22.69  57511.141   90.6   3.770e+00 
 128644  1.056   1  2016  124  19.10  57511.992   91.1   3.656e+00 
 128645  1.056   1  2016  124  19.66  57512.015   91.2   1.951e+00 
 128655  1.067   3  2016  125   0.72  57512.226   91.3   1.163e+00 
 128656  0.711   2  2016  125   1.26  57512.248   91.3   7.469e-01 
 128657  0.711   2  2016  125   1.69  57512.266   91.4   4.682e-01 
 128658  0.711   2  2016  125   2.12  57512.284   91.4   4.880e-01 
 128932  0.333   1  2016  130  19.39  57518.003   95.9   4.635e+00 
 128933  0.333   1  2016  130  19.93  57518.026   95.9   4.616e+00 
 128942  0.500   1  2016  131   0.34  57518.210   96.0   2.366e-01 
 128943  0.500   1  2016  131   0.63  57518.222   96.0   3.058e-01 
 129030  1.000   1  2016  132  20.22  57520.038   96.4   4.475e+00 
 129031  1.000   1  2016  132  20.75  57520.060   96.4   2.947e+00 
 129035  0.794   1  2016  132  22.84  57520.147   96.4   1.738e+00 
 129037  0.500   1  2016  132  23.52  57520.176   96.4   1.353e+00 
 129038  0.533   1  2016  133   0.21  57520.205   96.4   1.149e+00 
 129039  0.533   1  2016  133   0.52  57520.217   96.4   8.599e-01 
 129040  0.533   1  2016  133   1.26  57520.248   96.4   4.831e-01 
 129041  0.533   1  2016  133   1.56  57520.261   96.4   3.978e-01 
 129042  0.778   1  2016  133   2.25  57520.289   96.4   1.225e-01 
 129043  0.778   1  2016  133   2.68  57520.307   96.4   1.753e-01 
 129135  0.333   2  2016  135   0.86  57522.232   96.4   1.837e+00 
 129940  1.000   2  2016  151  19.14  57538.993   91.8   6.943e+00 
 129950  0.667   1  2016  152   0.01  57539.196   91.7   1.443e+00 
 129959  0.344   2  2016  152   4.79  57539.395   91.6   5.573e-01 
 129960  0.861   5  2016  152   5.23  57539.413   91.6   5.347e-01 
 130040  0.783   1  2016  153  21.12  57541.075   90.8   8.114e-01 
 130041  0.500   1  2016  153  21.84  57541.105   90.8   4.842e-01 
 130042  0.667   1  2016  153  22.26  57541.123   90.7   1.131e+00 
 130083  0.667   1  2016  154  18.84  57541.981   90.4   4.491e+00 
 130084  0.667   1  2016  154  19.36  57542.002   90.4   3.453e+00 
 130094  0.533   1  2016  155   0.21  57542.204   90.3   9.810e-01 
 130095  1.067   2  2016  155   0.66  57542.223   90.3   5.869e-01 
 130096  0.533   1  2016  155   1.11  57542.242   90.3   7.270e-01 
 130097  0.506   2  2016  155   1.66  57542.265   90.3   2.946e-01 
 130098  0.506   2  2016  155   2.35  57542.293   90.3   3.759e-01 
 130100  0.758   3  2016  155   3.20  57542.329   90.3   6.353e-02 
 130101  0.506   2  2016  155   3.64  57542.347   90.2   3.171e-01 
 130103  0.758   3  2016  155   4.68  57542.390   90.2   6.127e-01 
 130104  0.506   2  2016  155   5.12  57542.409   90.2   5.836e-01 
 130229  1.067   2  2016  157  19.73  57545.018   89.1   3.333e+00 
 130230  1.067   2  2016  157  20.33  57545.043   89.1   2.573e+00 
 130232  0.533   1  2016  157  21.24  57545.081   89.0   2.562e+00 
 130233  1.067   2  2016  157  21.70  57545.100   89.0   2.063e+00 
 130234  0.533   1  2016  157  22.15  57545.118   89.0   1.864e+00 
 130341  1.311   2  2016  160   3.78  57547.353   88.1   7.588e-01 
 130372  0.667   1  2016  160  19.11  57547.992   87.8   4.682e+00 
 130523  0.333   1  2016  163  22.83  57551.147   86.4   1.409e+00 
 130524  0.333   1  2016  163  23.37  57551.169   86.4   9.189e-01 
 130525  0.517   3  2016  163  23.89  57551.191   86.4   6.539e-01 
 130726  0.722   2  2016  168   4.37  57555.378   84.8   5.977e-01 
 130727  0.722   2  2016  168   4.83  57555.397   84.8   6.712e-01 
 131044  0.656   1  2016  174  19.21  57561.996   82.9   2.713e+00 
 131045  0.656   1  2016  174  19.55  57562.010   82.9   2.181e+00 
 131092  0.506   2  2016  175  19.18  57562.995   82.6   4.546e+00 
 131093  0.506   2  2016  175  19.71  57563.017   82.6   3.255e+00 
 131235  0.381   1  2016  178  18.87  57565.982   82.5   5.597e+00 
 131236  1.142   3  2016  178  19.28  57565.999   82.5   3.600e+00 
 131237  0.356   1  2016  178  19.99  57566.029   82.5   1.666e+00 
 131238  0.711   2  2016  178  20.31  57566.042   82.5   1.291e+00 
 131240  0.828   1  2016  178  21.10  57566.075   82.5   1.677e+00 
 131241  0.828   1  2016  178  21.54  57566.093   82.5   2.517e+00 
 131246  1.000   3  2016  179   0.27  57566.207   82.5   1.848e+00 
 131247  0.333   1  2016  179   0.66  57566.223   82.5   1.322e+00 
 131293  0.689   4  2016  179  23.74  57567.185   82.7   2.477e+00 
 131383  0.356   1  2016  181  20.93  57569.068   83.2   1.841e+00 
 131384  0.711   2  2016  181  21.25  57569.081   83.2   1.360e+00 
 131385  0.356   1  2016  181  21.85  57569.106   83.2   9.683e-01 
 131386  0.711   2  2016  181  22.17  57569.119   83.2   6.409e-01 
 131387  0.506   2  2016  181  22.77  57569.144   83.2   8.373e-01 
 131388  0.758   3  2016  181  23.21  57569.163   83.2   5.430e-01 
 131395  0.833   2  2016  182   2.78  57569.311   83.2   6.291e-01 
 131396  0.833   2  2016  182   3.31  57569.333   83.2   9.347e-01 
 131429  0.667   1  2016  182  19.79  57570.020   83.5   2.774e+00 
 131431  0.500   1  2016  182  20.56  57570.052   83.5   1.257e+00 
 131490  1.633   2  2016  184   2.24  57571.289   84.1   1.256e-01 
 131496  0.428   2  2016  184   5.11  57571.409   84.1   2.682e-01 
 131688  0.846   1  2016  188   5.05  57575.406   87.6   1.478e-01 
 131813  0.689   4  2016  190  19.71  57578.017   90.1   3.082e+00 
 131820  0.689   4  2016  190  23.20  57578.162   90.2   1.606e+00 
 131828  0.500   1  2016  191   3.39  57578.337   90.3   1.154e+00 
 131829  1.000   2  2016  191   3.80  57578.354   90.3   5.280e-01 
 131830  0.500   1  2016  191   4.22  57578.371   90.3   2.676e-01 
 131916  0.517   3  2016  192  23.17  57580.161   91.0   8.700e-01 
 131924  1.000   2  2016  193   3.15  57580.327   91.0   8.475e-01 
 131925  1.000   2  2016  193   3.70  57580.350   91.0   1.561e+00 
 131926  0.500   1  2016  193   4.37  57580.378   91.0   1.033e+00 
 131927  1.000   2  2016  193   4.78  57580.395   91.1   8.076e-01 
 131928  0.500   1  2016  193   5.20  57580.412   91.1   5.712e-01 
 131965  1.311   2  2016  193  23.68  57581.182   91.2   1.220e+00 
 131966  0.656   1  2016  194   0.50  57581.216   91.2   4.162e-01 
 131967  0.656   1  2016  194   0.84  57581.231   91.2   2.846e-01 
 131968  0.722   2  2016  194   1.37  57581.252   91.2   4.126e-01 
 131969  0.722   2  2016  194   1.83  57581.272   91.2   6.445e-01 
 131970  0.361   1  2016  194   2.47  57581.298   91.2   9.610e-01 
 131971  0.722   2  2016  194   2.81  57581.313   91.2   5.216e-01 
 131972  0.361   1  2016  194   3.16  57581.327   91.2   3.031e-01 
 132020  0.833   2  2016  195   3.22  57582.330   91.2   1.606e-01 
 132021  0.833   2  2016  195   3.75  57582.352   91.2   1.526e-01 
 132023  0.565   1  2016  195   4.54  57582.385   91.2   3.357e-01 
 132067  0.722   2  2016  196   2.69  57583.307   91.1   2.282e-01 
 132692  0.656   1  2016  209   3.18  57596.328   89.0   4.167e-01 
 132693  0.656   1  2016  209   3.53  57596.342   89.0   4.106e-01 
 132694  1.311   2  2016  209   4.30  57596.375   89.0   2.550e-01 
 132724  1.656   2  2016  209  19.28  57596.999   88.9   5.584e+00 
 132726  0.711   2  2016  209  20.19  57597.037   88.9   2.618e+00 
 132727  0.356   1  2016  209  20.51  57597.050   88.9   2.007e+00 
 132742  0.983   1  2016  210   4.22  57597.371   88.9   8.671e-01 
 132743  0.983   1  2016  210   4.74  57597.393   88.9   6.772e-01 
 132784  0.944   1  2016  211   1.41  57598.254   88.7   4.474e-01 
 132791  0.656   1  2016  211   4.84  57598.397   88.7   4.787e-01 
 132792  0.656   1  2016  211   5.19  57598.412   88.7   2.191e-01 
 132832  0.944   1  2016  212   1.05  57599.239   88.4   8.687e-01 
 132834  0.944   1  2016  212   2.29  57599.291   88.3   1.122e+00 
 132838  0.983   1  2016  212   4.42  57599.380   88.3   8.512e-02 
 132839  0.983   1  2016  212   4.94  57599.401   88.3   1.400e-01 
 132887  0.983   1  2016  213   4.54  57600.385   87.8   6.170e-01 
 132888  0.983   1  2016  213   5.06  57600.406   87.7   2.182e-01 
 132918  0.711   2  2016  213  20.21  57601.038   87.3   2.001e+00 
 132919  0.356   1  2016  213  20.53  57601.051   87.3   1.578e+00 
 132933  0.983   1  2016  214   3.96  57601.361   87.1   4.803e-01 
 132934  0.983   1  2016  214   4.48  57601.382   87.1   4.122e-01 
 132968  0.761   2  2016  214  21.21  57602.079   86.6   4.058e-01 
 132969  0.761   2  2016  214  21.62  57602.096   86.6   4.112e-01 
 132970  0.817   1  2016  214  22.29  57602.124   86.6   3.322e-01 
 132971  0.817   1  2016  214  22.72  57602.142   86.6   3.089e-01 
 132972  0.361   1  2016  214  23.38  57602.170   86.5   4.358e-01 
 132973  0.722   2  2016  214  23.73  57602.184   86.5   4.081e-01 
 132974  0.361   1  2016  215   0.08  57602.199   86.5   2.179e-01 
 132975  0.722   2  2016  215   0.79  57602.228   86.5   5.402e-01 
 132976  0.722   2  2016  215   1.25  57602.248   86.5   7.929e-01 
 132977  0.722   2  2016  215   1.83  57602.272   86.5   7.060e-01 
 132978  0.722   2  2016  215   2.29  57602.291   86.5   4.290e-01 
 132979  0.361   1  2016  215   2.94  57602.318   86.5   2.089e-01 
 132980  0.722   2  2016  215   3.29  57602.333   86.5   8.773e-02 
 132981  0.361   1  2016  215   3.64  57602.347   86.4   3.503e-01 
 132982  0.983   1  2016  215   4.31  57602.375   86.4   2.628e-01 
 132983  0.983   1  2016  215   4.83  57602.397   86.4   9.607e-02 
 133011  0.356   1  2016  215  18.96  57602.986   86.1   3.836e+00 
 133012  0.711   2  2016  215  19.28  57602.999   86.0   3.924e+00 
 133014  1.600   2  2016  215  20.26  57603.040   86.0   1.345e+00 
 133021  0.722   2  2016  215  23.75  57603.185   85.9   2.020e+00 
 133022  0.722   2  2016  216   0.22  57603.205   85.9   1.451e+00 
 133023  0.361   1  2016  216   0.97  57603.236   85.8   5.995e-01 
 133024  0.722   2  2016  216   1.32  57603.251   85.8   5.327e-01 
 133025  0.361   1  2016  216   1.67  57603.265   85.8   4.302e-01 
 133026  0.361   1  2016  216   2.34  57603.293   85.8   1.458e-01 
 133027  0.722   2  2016  216   2.69  57603.308   85.8   1.835e-01 
 133028  0.361   1  2016  216   3.04  57603.322   85.8   1.282e-01 
 133059  0.578   1  2016  216  18.82  57603.980   85.2   6.466e+00 
 133061  0.589   1  2016  216  19.50  57604.008   85.2   3.691e+00 
 133062  0.800   1  2016  216  20.39  57604.045   85.2   1.724e+00 
 133063  0.800   1  2016  216  20.83  57604.063   85.2   1.547e+00 
 133065  0.689   4  2016  216  21.70  57604.100   85.2   1.218e+00 
 133070  0.828   1  2016  217   0.34  57604.210   85.1   5.356e-01 
 133071  0.828   1  2016  217   0.78  57604.228   85.1   5.924e-01 
 133075  0.333   1  2016  217   2.70  57604.308   85.0   6.936e-02 
 133108  0.667   2  2016  217  19.40  57605.004   84.6   3.809e+00 
 133109  0.667   2  2016  217  19.79  57605.020   84.6   2.922e+00 
 133115  0.689   4  2016  217  22.82  57605.146   84.6   4.895e-01 
 133116  0.333   1  2016  217  23.42  57605.172   84.5   7.299e-01 
 133117  0.333   1  2016  217  23.97  57605.194   84.5   1.015e+00 
 133119  0.722   2  2016  218   0.73  57605.226   84.5   2.177e+00 
 133120  0.722   2  2016  218   1.19  57605.245   84.5   1.598e+00 
 133122  0.656   1  2016  218   2.24  57605.289   84.5   1.201e+00 
 133123  0.656   1  2016  218   2.59  57605.304   84.5   1.232e+00 
 133124  0.656   1  2016  218   3.33  57605.334   84.5   1.282e+00 
 133125  0.656   1  2016  218   3.68  57605.349   84.5   9.256e-01 
 133127  0.758   3  2016  218   4.68  57605.391   84.5   3.404e-01 
 133128  0.506   2  2016  218   5.12  57605.409   84.5   2.700e-01 
 133211  0.689   4  2016  219  22.70  57607.141   84.0   1.791e+00 
 133213  0.361   1  2016  219  23.83  57607.188   84.0   1.060e+00 
 133214  0.722   2  2016  220   0.18  57607.203   84.0   1.150e+00 
 133215  0.361   1  2016  220   0.53  57607.217   84.0   1.498e+00 
 133221  0.506   2  2016  220   3.89  57607.358   84.0   4.047e-01 
 133222  0.506   2  2016  220   4.24  57607.372   84.0   3.892e-01 
 133223  0.506   2  2016  220   4.59  57607.387   84.0   8.753e-02 
 133252  0.500   2  2016  220  19.40  57608.004   83.9   4.362e+00 
 133253  0.500   2  2016  220  19.69  57608.016   83.9   3.896e+00 
 133254  0.689   4  2016  220  20.28  57608.040   83.9   2.147e+00 
 133268  0.506   2  2016  221   3.41  57608.338   84.0   9.692e-01 
 133269  0.506   2  2016  221   3.76  57608.352   84.0   9.667e-01 
 133270  0.506   2  2016  221   4.11  57608.367   84.0   6.489e-01 
 133271  0.506   2  2016  221   4.80  57608.396   84.0   3.457e-01 
 133272  0.758   3  2016  221   5.24  57608.414   84.0   3.233e-01 
 133301  0.750   3  2016  221  19.78  57609.020   84.1   3.001e+00 
 133303  0.517   3  2016  221  20.62  57609.055   84.1   1.292e+00 
 133309  0.828   1  2016  221  23.99  57609.195   84.1   1.095e+00 
 133310  0.828   1  2016  222   0.43  57609.213   84.1   1.039e+00 
 133315  1.311   2  2016  222   2.80  57609.312   84.1   4.119e-01 
 133317  0.689   1  2016  222   3.80  57609.354   84.1   8.329e-01 
 133318  0.689   1  2016  222   4.19  57609.370   84.1   6.897e-01 
 133348  0.417   3  2016  222  19.34  57610.001   84.3   5.051e+00 
 133349  0.556   4  2016  222  19.63  57610.014   84.3   4.328e+00 
 133510  1.311   2  2016  226   4.21  57613.371   85.3   4.142e-01 
 133607  0.656   1  2016  228   4.76  57615.394   86.2   4.725e-01 
 133608  0.656   1  2016  228   5.10  57615.408   86.2   4.701e-01 
 133655  0.500   3  2016  229   4.82  57616.397   86.7   2.216e-01 
 134080  0.656   1  2016  238   1.42  57625.255   89.6   1.178e+00 
 134081  0.656   1  2016  238   1.76  57625.269   89.6   1.649e+00 
 134082  0.656   1  2016  238   2.37  57625.294   89.6   1.094e+00 
 134083  0.656   1  2016  238   2.72  57625.309   89.6   6.992e-01 
 134086  1.311   2  2016  238   4.32  57625.375   89.6   2.760e-01 
 134116  0.517   3  2016  238  19.37  57626.003   89.5   4.444e+00 
 134119  0.344   2  2016  238  20.89  57626.066   89.5   2.314e+00 
 134120  0.344   2  2016  238  21.08  57626.074   89.5   2.063e+00 
 134123  0.554   1  2016  238  22.80  57626.146   89.5   2.061e+00 
 134124  0.565   1  2016  238  23.19  57626.162   89.5   2.002e+00 
 134164  0.861   5  2016  239  19.21  57626.996   89.5   5.183e+00 
 134165  0.344   2  2016  239  19.55  57627.010   89.5   3.788e+00 
 134212  0.333   1  2016  240  19.31  57628.000   89.5   4.602e+00 
 134213  1.000   3  2016  240  19.69  57628.016   89.5   4.234e+00 
 134214  0.667   2  2016  240  20.18  57628.036   89.5   3.777e+00 
 134216  0.689   4  2016  240  21.32  57628.084   89.5   4.337e+00 
 134218  0.361   1  2016  240  22.37  57628.127   89.5   2.039e+00 
 134219  0.722   2  2016  240  22.72  57628.142   89.5   1.742e+00 
 134220  0.361   1  2016  240  23.07  57628.157   89.5   1.271e+00 
 134221  0.722   2  2016  240  23.67  57628.182   89.5   1.104e+00 
 134222  0.722   2  2016  241   0.14  57628.201   89.5   8.692e-01 
 134223  0.500   1  2016  241   0.98  57628.236   89.5   6.760e-01 
 134224  0.500   1  2016  241   1.25  57628.248   89.5   7.629e-01 
 134225  1.000   2  2016  241   1.67  57628.265   89.5   7.352e-01 
 134226  0.500   1  2016  241   2.47  57628.298   89.5   7.260e-01 
 134227  0.500   1  2016  241   2.75  57628.310   89.5   9.390e-01 
 134313  0.517   3  2016  242  21.60  57630.096   89.5   1.698e+00 
 134314  0.565   1  2016  242  22.20  57630.120   89.5   1.639e+00 
 134319  1.000   2  2016  243   0.84  57630.231   89.5   1.062e+00 
 134320  0.500   1  2016  243   1.25  57630.248   89.5   1.805e+00 
 134321  0.500   1  2016  243   1.53  57630.259   89.5   2.568e+00 
 134322  0.656   1  2016  243   2.25  57630.289   89.5   3.135e+00 
 134323  0.656   1  2016  243   2.60  57630.304   89.5   3.302e+00 
 134324  0.656   1  2016  243   3.33  57630.334   89.5   1.326e+00 
 134325  0.656   1  2016  243   3.68  57630.349   89.5   1.063e+00 
 134326  0.656   1  2016  243   4.17  57630.369   89.5   6.910e-01 
 134327  0.656   1  2016  243   4.52  57630.384   89.5   4.386e-01 
 134356  0.833   6  2016  243  19.28  57630.999   89.5   5.316e+00 
 134357  0.417   3  2016  243  19.83  57631.022   89.5   4.341e+00 
 134358  0.694   5  2016  243  20.25  57631.039   89.5   4.465e+00 
 134359  0.694   5  2016  243  20.74  57631.060   89.5   3.607e+00 
 134360  0.556   4  2016  243  21.14  57631.076   89.5   3.455e+00 
 134361  0.722   2  2016  243  21.81  57631.105   89.5   2.051e+00 
 134362  0.722   2  2016  243  22.28  57631.124   89.5   1.165e+00 
 134364  0.821   1  2016  243  23.11  57631.158   89.5   6.351e-01 
 134365  0.821   1  2016  243  23.54  57631.176   89.5   4.121e-01 
 134366  0.689   1  2016  244   0.30  57631.208   89.5   5.349e-01 
 134367  0.689   1  2016  244   0.69  57631.224   89.5   6.876e-01 
 134368  1.044   1  2016  244   1.42  57631.255   89.5   1.155e+00 
 134369  1.044   1  2016  244   1.97  57631.278   89.5   1.484e+00 
 134371  1.044   1  2016  244   2.78  57631.311   89.5   1.886e+00 
 134372  1.044   1  2016  244   3.32  57631.334   89.5   1.005e+00 
 134374  0.758   3  2016  244   4.23  57631.372   89.5   3.766e-01 
 134375  0.506   2  2016  244   4.67  57631.390   89.6   2.112e-01 
 134417  1.044   1  2016  245   1.60  57632.262   89.6   2.870e-01 
 134418  1.044   1  2016  245   2.15  57632.285   89.6   1.101e+00 
 134419  0.656   1  2016  245   2.88  57632.316   89.6   2.370e+00 
 134420  0.656   1  2016  245   3.23  57632.330   89.6   1.493e+00 
 134460  0.361   1  2016  245  23.48  57633.174   89.7   1.084e+00 
 134461  0.722   2  2016  245  23.83  57633.188   89.7   9.187e-01 
 134462  0.361   1  2016  246   0.18  57633.203   89.7   7.624e-01 
 134463  0.722   2  2016  246   0.78  57633.228   89.7   1.095e+00 
 134464  0.722   2  2016  246   1.25  57633.248   89.7   1.983e+00 
 134467  0.656   1  2016  246   2.82  57633.313   89.7   1.910e+00 
 134468  0.656   1  2016  246   3.16  57633.327   89.7   1.215e+00 
 134500  0.689   4  2016  246  19.28  57633.999   89.8   5.188e+00 
 134502  0.833   6  2016  246  20.23  57634.039   89.8   2.656e+00 
 134503  0.417   3  2016  246  20.89  57634.066   89.8   7.564e-01 
 134504  0.694   5  2016  246  21.23  57634.080   89.8   7.052e-01 
 134505  0.722   2  2016  246  21.79  57634.103   89.8   6.851e-01 
 134506  0.722   2  2016  246  22.25  57634.123   89.8   9.338e-01 
 134507  0.361   1  2016  246  22.85  57634.148   89.8   1.602e+00 
 134508  0.722   2  2016  246  23.20  57634.162   89.8   1.466e+00 
 134509  0.722   2  2016  246  23.71  57634.184   89.8   1.326e+00 
 134510  0.722   2  2016  247   0.23  57634.205   89.8   1.165e+00 
 134511  0.361   1  2016  247   0.58  57634.220   89.8   7.292e-01 
 134512  0.711   2  2016  247   1.25  57634.248   89.8   8.141e-01 
 134513  0.711   2  2016  247   1.67  57634.265   89.8   5.079e-01 
 134516  0.656   1  2016  247   3.28  57634.332   89.8   2.394e-01 
 134517  0.656   1  2016  247   3.63  57634.347   89.8   2.250e-01 
 134518  0.656   1  2016  247   4.49  57634.382   89.8   5.963e-01 
 134519  0.656   1  2016  247   4.83  57634.397   89.8   6.045e-01 
 134596  0.833   6  2016  248  19.27  57635.998   90.0   4.828e+00 
 134597  0.483   3  2016  248  19.83  57636.022   90.0   5.351e+00 
 134598  0.344   2  2016  248  20.14  57636.035   90.0   4.806e+00 
 134605  0.667   1  2016  248  23.84  57636.189   90.0   7.708e-01 
 134606  0.667   1  2016  249   0.21  57636.204   90.0   5.528e-01 
 134607  0.667   1  2016  249   0.57  57636.219   90.0   5.116e-01 
 134608  1.000   2  2016  249   1.35  57636.252   90.0   5.224e-01 
 134609  0.500   1  2016  249   1.76  57636.269   90.0   9.648e-01 
 134610  0.500   1  2016  249   2.04  57636.281   90.0   1.173e+00 
 134611  1.311   2  2016  249   2.74  57636.310   90.0   1.848e+00 
 134613  1.311   2  2016  249   3.68  57636.349   90.0   1.928e+00 
 134643  0.417   3  2016  249  18.91  57636.984   90.1   7.420e+00 
 134644  0.556   4  2016  249  19.25  57636.998   90.1   6.737e+00 
 134645  0.417   3  2016  249  19.86  57637.023   90.1   4.723e+00 
 134646  0.694   5  2016  249  20.20  57637.037   90.1   3.699e+00 
 134647  0.694   5  2016  249  20.77  57637.061   90.1   2.022e+00 
 134648  0.417   3  2016  249  21.11  57637.075   90.1   1.722e+00 
 134699  0.667   1  2016  250  22.72  57638.142   90.2   8.607e-01 
 134700  1.333   2  2016  250  23.27  57638.165   90.2   2.450e-01 
 134702  1.383   1  2016  251   0.28  57638.207   90.2   1.313e-01 
 134704  1.383   1  2016  251   1.05  57638.239   90.2   8.137e-01 
 134705  1.383   1  2016  251   1.82  57638.272   90.2   1.038e+00 
 134707  1.383   1  2016  251   2.64  57638.305   90.2   2.232e+00 
 134708  1.383   1  2016  251   3.43  57638.338   90.2   2.684e+00 
 134710  1.383   1  2016  251   4.25  57638.373   90.2   1.402e+00 
 134740  0.833   6  2016  251  19.24  57638.997   90.3   6.215e+00 
 134751  1.383   1  2016  252   0.51  57639.217   90.4   2.557e-01 
 134752  1.383   1  2016  252   1.37  57639.253   90.4   7.527e-01 
 134754  1.383   1  2016  252   2.17  57639.286   90.4   6.147e-01 
 134755  1.383   1  2016  252   2.95  57639.319   90.4   6.646e-01 
 134757  1.383   1  2016  252   3.76  57639.352   90.4   7.386e-01 
 134759  1.383   1  2016  252   4.56  57639.385   90.4   8.630e-01 
 134795  0.667   1  2016  252  22.77  57640.144   90.5   4.259e+00 
 134796  0.667   1  2016  252  23.14  57640.160   90.5   3.137e+00 
 134797  0.667   1  2016  252  23.50  57640.175   90.5   2.422e+00 
 134798  1.383   1  2016  253   0.29  57640.208   90.5   1.796e+00 
 134800  1.383   1  2016  253   1.08  57640.241   90.5   1.705e+00 
 134801  1.383   1  2016  253   1.86  57640.273   90.5   1.555e+00 
 134803  1.383   1  2016  253   2.65  57640.306   90.5   1.347e+00 
 134804  1.383   1  2016  253   3.45  57640.339   90.6   1.359e+00 
 134806  1.383   1  2016  253   4.29  57640.374   90.6   6.856e-01 
 134846  1.383   1  2016  254   0.47  57641.215   90.6   2.379e-01 
 134848  1.383   1  2016  254   1.26  57641.248   90.6   7.269e-01 
 134850  1.383   1  2016  254   2.04  57641.281   90.6   1.034e+00 
 134851  1.383   1  2016  254   2.83  57641.313   90.6   8.794e-01 
 134853  1.383   1  2016  254   3.61  57641.346   90.6   2.947e-01 
 134854  1.383   1  2016  254   4.40  57641.379   90.6   1.944e-01 
 135472  0.500   3  2016  267   1.37  57654.253   86.5   2.681e-01 
 135473  0.333   2  2016  267   1.74  57654.268   86.5   7.001e-01 
 135519  0.808   1  2016  268   0.65  57655.223   86.8   1.166e-01 
 135520  0.808   1  2016  268   1.08  57655.240   86.8   2.248e-01 
 135521  0.808   1  2016  268   1.50  57655.258   86.9   1.437e-01 
 135556  0.921   1  2016  268  19.19  57655.995   87.2   7.446e+00 
 135557  0.921   1  2016  268  19.70  57656.016   87.2   5.516e+00 
 135559  1.423   2  2016  268  20.76  57656.061   87.2   1.342e+00 
 135560  0.712   1  2016  268  21.33  57656.084   87.2   5.518e-01 
 135561  0.712   1  2016  268  21.71  57656.100   87.2   5.099e-01 
 135562  0.712   1  2016  268  22.40  57656.129   87.2   5.133e-01 
 135563  0.712   1  2016  268  22.77  57656.144   87.3   6.240e-01 
 135564  0.712   1  2016  268  23.15  57656.160   87.3   4.626e-01 
 135565  0.712   1  2016  268  23.53  57656.176   87.3   4.442e-01 
 135566  0.632   1  2016  269   0.14  57656.201   87.3   2.638e-01 
 135567  0.632   1  2016  269   0.50  57656.216   87.3   6.492e-02 
 135568  1.423   2  2016  269   1.27  57656.249   87.3   2.256e-01 
 135569  0.712   1  2016  269   1.84  57656.272   87.3   2.380e-01 
 135570  0.712   1  2016  269   2.22  57656.288   87.3   6.675e-01 
 135571  0.712   1  2016  269   2.89  57656.316   87.4   2.730e+00 
 135572  0.712   1  2016  269   3.27  57656.332   87.4   3.703e+00 
 135573  0.712   1  2016  269   3.65  57656.348   87.4   2.715e+00 
 135574  0.712   1  2016  269   4.02  57656.363   87.4   1.331e+00 
 135575  0.632   1  2016  269   4.74  57656.393   87.4   7.750e-01 
 135604  0.500   1  2016  269  19.26  57656.998   87.8   1.740e+00 
 135605  0.500   1  2016  269  19.54  57657.010   87.8   2.512e+00 
 135606  0.667   2  2016  269  20.12  57657.034   87.8   5.166e+00 
 135608  1.423   2  2016  269  21.20  57657.079   87.8   2.348e+00 
 135609  0.712   1  2016  269  21.77  57657.103   87.8   3.180e+00 
 135610  0.712   1  2016  269  22.14  57657.118   87.9   3.009e+00 
 135611  0.712   1  2016  269  22.78  57657.145   87.9   2.048e+00 
 135612  0.712   1  2016  269  23.16  57657.160   87.9   1.329e+00 
 135613  1.423   2  2016  269  23.72  57657.184   87.9   1.633e+00 
 135615  1.264   2  2016  270   0.80  57657.229   87.9   3.432e+00 
 135616  0.632   1  2016  270   1.35  57657.252   87.9   3.702e+00 
 135617  0.712   1  2016  270   1.94  57657.276   88.0   3.816e+00 
 135618  0.712   1  2016  270   2.32  57657.292   88.0   2.981e+00 
 135619  0.712   1  2016  270   2.70  57657.308   88.0   2.421e+00 
 135620  0.712   1  2016  270   3.07  57657.324   88.0   1.718e+00 
 135621  0.632   1  2016  270   3.66  57657.348   88.0   9.674e-01 
 135622  1.264   2  2016  270   4.20  57657.371   88.0   3.900e-01 
 135701  0.678   1  2016  271  19.54  57659.010   88.9   2.714e+00 
 135702  0.782   2  2016  271  20.14  57659.035   88.9   2.552e+00 
 135703  0.517   5  2016  271  20.84  57659.064   88.9   2.781e+00 
 135704  0.620   6  2016  271  21.26  57659.081   89.0   2.196e+00 
 135705  0.620   6  2016  271  21.76  57659.102   89.0   1.911e+00 
 135706  0.620   6  2016  271  22.24  57659.122   89.0   1.529e+00 
 135707  0.988   4  2016  271  22.87  57659.148   89.0   1.443e+00 
 135708  0.678   1  2016  271  23.46  57659.173   89.0   1.876e+00 
 135709  0.678   1  2016  271  23.82  57659.188   89.0   2.415e+00 
 135710  0.678   1  2016  272   0.30  57659.208   89.0   2.617e+00 
 135711  0.760   4  2016  272   0.80  57659.229   89.0   1.483e+00 
 135712  0.760   4  2016  272   1.24  57659.247   89.0   6.007e-01 
 135713  0.760   4  2016  272   1.76  57659.269   89.0   2.956e-01 
 135714  0.760   4  2016  272   2.23  57659.288   89.0   5.931e-01 
 135715  0.950   5  2016  272   2.75  57659.310   89.1   1.601e+00 
 135716  0.760   4  2016  272   3.27  57659.332   89.1   1.798e+00 
 135717  0.760   4  2016  272   3.73  57659.351   89.1   9.964e-01 
 135718  0.760   4  2016  272   4.19  57659.370   89.1   4.046e-01 
 135719  0.678   1  2016  272   4.67  57659.390   89.1   2.122e-01 
 135751  0.758   3  2016  272  20.70  57660.058   89.4   7.736e+00 
 135752  0.506   2  2016  272  21.14  57660.076   89.4   5.934e+00 
 135753  0.506   2  2016  272  21.80  57660.104   89.4   3.702e+00 
 135754  0.758   3  2016  272  22.24  57660.122   89.4   2.294e+00 
 135758  0.808   1  2016  273   0.19  57660.204   89.5   3.245e-01 
 135759  0.808   1  2016  273   0.62  57660.221   89.5   3.615e-01 
 135760  0.808   1  2016  273   1.04  57660.239   89.5   5.495e-01 
 135761  0.678   1  2016  273   1.94  57660.276   89.5   9.346e-01 
 135800  0.758   3  2016  273  21.30  57661.083   89.8   2.374e+00 
 135801  0.506   2  2016  273  21.74  57661.101   89.8   1.625e+00 
 135806  0.500   1  2016  274   0.30  57661.208   89.9   1.071e+00 
 135807  1.000   2  2016  274   0.72  57661.225   89.9   2.548e+00 
 135808  0.500   1  2016  274   1.13  57661.243   89.9   4.309e+00 
 135811  0.977   1  2016  274   2.87  57661.315   89.9   1.560e+00 
 135812  0.977   1  2016  274   3.38  57661.337   89.9   8.078e-01 
 135859  1.000   3  2016  275   2.76  57662.310   90.3   1.669e+00 
 135860  0.333   1  2016  275   3.14  57662.327   90.3   1.011e+00 
 135956  1.356   2  2016  277   3.26  57664.331   90.5   8.207e-01 
 135988  0.656   1  2016  277  19.36  57665.002   90.4   4.499e+00 
 135989  0.656   1  2016  277  19.71  57665.017   90.4   5.062e+00 
 135992  0.333   1  2016  277  21.46  57665.090   90.4   1.930e+00 
 135993  0.667   2  2016  277  21.78  57665.103   90.4   1.565e+00 
 135994  0.333   1  2016  277  22.10  57665.117   90.4   1.545e+00 
 135996  0.656   1  2016  277  23.40  57665.171   90.3   3.109e-01 
 135997  0.656   1  2016  277  23.75  57665.185   90.3   1.969e-01 
 136002  0.977   1  2016  278   2.31  57665.292   90.3   1.480e+00 
 136003  0.977   1  2016  278   2.82  57665.313   90.3   2.033e+00 
 136036  0.656   1  2016  278  19.40  57666.004   90.0   5.788e+00 
 136038  0.473   4  2016  278  20.13  57666.034   90.0   4.826e+00 
 136039  0.667   2  2016  278  20.89  57666.066   90.0   4.088e+00 
 136040  0.667   2  2016  278  21.32  57666.084   90.0   3.600e+00 
 136043  0.656   1  2016  278  22.79  57666.145   90.0   2.344e+00 
 136044  0.656   1  2016  278  23.14  57666.160   90.0   1.705e+00 
 136046  1.150   3  2016  279   0.26  57666.206   90.0   4.541e-01 
 136047  0.383   1  2016  279   0.70  57666.225   90.0   3.382e-01 
 136051  0.977   1  2016  279   2.58  57666.303   89.9   3.909e-01 
 136052  0.977   1  2016  279   3.10  57666.325   89.9   5.068e-01 
 136053  0.977   1  2016  279   3.87  57666.357   89.9   8.091e-01 
 136054  0.977   1  2016  279   4.38  57666.378   89.9   6.670e-01 
 136091  0.333   1  2016  279  22.99  57667.153   89.6   7.231e-01 
 136100  0.977   1  2016  280   3.04  57667.322   89.6   1.479e+00 
 136101  0.977   1  2016  280   3.55  57667.343   89.6   6.298e-01 
 136135  0.656   1  2016  280  20.89  57668.066   89.3   1.426e+00 
 136136  0.656   1  2016  280  21.24  57668.081   89.3   8.856e-01 
 136137  0.656   1  2016  280  21.90  57668.108   89.3   3.344e-01 
 136138  0.656   1  2016  280  22.24  57668.122   89.3   1.827e-01 
 136142  0.556   2  2016  281   0.35  57668.210   89.2   2.967e-01 
 136143  0.556   2  2016  281   0.74  57668.227   89.2   4.079e-01 
 136144  0.556   2  2016  281   1.14  57668.243   89.2   2.820e-01 
 136148  0.977   1  2016  281   3.24  57668.330   89.2   1.231e+00 
 136149  0.977   1  2016  281   3.75  57668.352   89.2   5.593e-01 
 136181  1.311   2  2016  281  19.70  57669.016   88.9   4.293e+00 
 136182  0.656   1  2016  281  20.46  57669.048   88.9   3.497e+00 
 136183  0.656   1  2016  281  20.81  57669.063   88.9   2.956e+00 
 136185  1.311   2  2016  281  21.74  57669.101   88.9   1.336e+00 
 136187  1.311   2  2016  281  22.74  57669.143   88.8   2.930e-01 
 136190  0.556   2  2016  282   0.24  57669.206   88.8   4.208e-01 
 136191  0.833   3  2016  282   0.76  57669.227   88.8   5.131e-01 
 136194  1.287   2  2016  282   2.31  57669.292   88.8   1.465e+00 
 136661  1.316   2  2016  291  19.82  57679.022   86.0   4.651e+00 
 136760  0.333   1  2016  293  21.38  57681.086   84.3   2.626e+00 
 136761  0.667   2  2016  293  21.70  57681.100   84.3   2.030e+00 
 136762  0.333   1  2016  293  22.02  57681.113   84.3   1.613e+00 
 136806  1.311   2  2016  294  20.25  57682.039   83.4   4.603e+00 
 136817  0.656   1  2016  295   1.51  57682.258   83.1   1.564e-02 
 136948  0.333   1  2016  297  19.30  57685.000   80.2   7.263e+00 
 136949  0.629   1  2016  297  19.86  57685.023   80.2   6.022e+00 
 136950  0.629   1  2016  297  20.23  57685.038   80.2   4.288e+00 
 136951  0.667   2  2016  297  20.75  57685.060   80.1   3.395e+00 
 136952  0.463   1  2016  297  21.29  57685.083   80.1   1.335e+00 
 136953  0.463   1  2016  297  21.54  57685.093   80.1   7.473e-01 
 136954  0.963   1  2016  297  22.13  57685.118   80.1   3.606e-01 
 136955  0.963   1  2016  297  22.64  57685.139   80.1   3.502e-01 
 136956  1.129   1  2016  297  23.42  57685.171   80.0   1.054e-01 
 136958  1.129   1  2016  298   0.00  57685.196   80.0   6.251e-02 
 136959  1.129   1  2016  298   0.59  57685.220   80.0   1.251e-01 
 136960  0.546   1  2016  298   1.48  57685.257   79.9   3.367e-01 
 136961  0.546   1  2016  298   1.78  57685.270   79.9   2.468e-01 
 136962  1.092   2  2016  298   2.26  57685.290   79.9   6.297e-01 
 136963  0.546   1  2016  298   2.74  57685.310   79.9   8.677e-01 
 136964  0.546   1  2016  298   3.03  57685.322   79.9   1.102e+00 
 136965  0.963   1  2016  298   3.64  57685.347   79.9   1.024e+00 
 136996  0.333   1  2016  298  19.33  57686.001   79.2   2.084e+00 
 137000  0.796   1  2016  298  21.24  57686.081   79.2   2.571e+00 
 137001  0.796   1  2016  298  21.66  57686.098   79.1   9.217e-01 
 137002  0.796   1  2016  298  22.08  57686.116   79.1   1.558e+00 
 137003  0.963   1  2016  298  22.87  57686.148   79.1   1.469e+00 
 137004  0.963   1  2016  298  23.37  57686.169   79.1   9.360e-01 
 137006  0.963   1  2016  299   0.26  57686.206   79.1   3.938e-01 
 137007  0.963   1  2016  299   0.79  57686.228   79.0   7.334e-01 
 137009  1.129   1  2016  299   1.52  57686.259   79.0   1.000e+00 
 137010  1.129   1  2016  299   2.10  57686.283   79.0   1.275e+00 
 137011  1.129   1  2016  299   2.69  57686.308   79.0   1.132e+00 
 137012  0.629   1  2016  299   3.36  57686.335   78.9   2.009e+00 
 137013  0.629   1  2016  299   3.69  57686.349   78.9   2.358e+00 
 137141  0.656   1  2016  301  19.68  57689.015   77.0   5.630e+00 
 137142  0.656   1  2016  301  20.02  57689.030   77.0   5.703e+00 
 137143  1.000   3  2016  301  20.75  57689.060   77.0   4.947e+00 
 137144  0.333   1  2016  301  21.18  57689.078   77.0   3.173e+00 
 137145  0.667   2  2016  301  21.73  57689.101   76.9   1.400e+00 
 137146  0.667   2  2016  301  22.16  57689.119   76.9   6.426e-01 
 137147  0.656   1  2016  301  22.70  57689.141   76.9   3.882e-01 
 137148  0.656   1  2016  301  23.04  57689.156   76.9   2.747e-01 
 137149  1.311   2  2016  301  23.79  57689.187   76.9   5.202e-01 
 137151  1.012   2  2016  302   0.70  57689.225   76.9   3.406e-01 
 137152  1.012   2  2016  302   1.26  57689.248   76.9   6.252e-01 
 137157  0.543   1  2016  302   3.69  57689.349   76.8   2.080e+00 
 137189  0.656   1  2016  302  19.74  57690.018   76.5   2.375e+00 
 137190  0.656   1  2016  302  20.09  57690.033   76.5   2.178e+00 
 137237  0.658   1  2016  303  19.78  57691.020   76.3   5.478e+00 
 137238  0.658   1  2016  303  20.13  57691.034   76.3   5.571e+00 
 137239  1.316   2  2016  303  20.67  57691.057   76.3   3.613e+00 
 137286  1.000   3  2016  304  20.28  57692.041   76.2   5.345e+00 
 137287  0.333   1  2016  304  20.71  57692.059   76.2   4.400e+00 
 137288  0.333   1  2016  304  21.29  57692.083   76.2   2.387e+00 
 137289  1.000   3  2016  304  21.72  57692.101   76.2   1.193e+00 
 137292  0.990   1  2016  304  23.17  57692.161   76.2   6.692e-02 
 137293  0.990   1  2016  304  23.71  57692.183   76.2  -5.737e-02 
 137298  0.611   2  2016  305   2.32  57692.292   76.2   3.733e-01 
 137299  0.611   2  2016  305   2.66  57692.306   76.2   6.420e-01 
 137300  0.656   1  2016  305   3.42  57692.338   76.2   7.259e-01 
 137301  0.656   1  2016  305   3.76  57692.352   76.2   1.023e+00 
 137334  0.656   1  2016  305  20.33  57693.043   76.2   1.540e+00 
 137335  0.656   1  2016  305  20.67  57693.057   76.2   1.099e+00 
 137337  0.990   1  2016  305  21.98  57693.111   76.2   3.207e-01 
 137339  0.990   1  2016  305  22.53  57693.134   76.2   1.348e-01 
 137346  0.990   1  2016  306   2.43  57693.297   76.2   2.671e+00 
 137347  0.990   1  2016  306   2.97  57693.319   76.2   3.385e+00 
 137349  0.612   2  2016  306   3.70  57693.350   76.2   1.353e+00 
 137381  0.479   2  2016  306  19.70  57694.016   76.1   2.182e+00 
 137386  0.758   3  2016  306  22.29  57694.124   76.1   3.495e-01 
 137387  0.506   2  2016  306  22.73  57694.143   76.1   4.940e-02 
 137389  0.656   1  2016  306  23.67  57694.182   76.1   1.241e-01 
 137390  0.656   1  2016  307   0.01  57694.196   76.1   2.082e-01 
 137429  0.611   2  2016  307  19.73  57695.018   76.1   1.974e+00 
 137430  0.333   1  2016  307  20.36  57695.044   76.1   1.118e+00 
 137431  0.667   2  2016  307  20.68  57695.057   76.1   8.435e-01 
 137432  0.333   1  2016  307  21.00  57695.071   76.1   4.901e-01 
 137433  1.333   2  2016  307  21.80  57695.104   76.2   2.358e-01 
 137434  0.667   1  2016  307  22.35  57695.127   76.2   8.705e-02 
 137435  0.383   1  2016  307  22.98  57695.153   76.2   1.608e-01 
 137436  0.767   2  2016  307  23.31  57695.167   76.2   2.836e-01 
 137437  0.383   1  2016  307  23.64  57695.180   76.2   1.642e-01 
 137438  0.767   2  2016  308   0.35  57695.210   76.2   1.255e-01 
 137439  0.767   2  2016  308   0.79  57695.229   76.2   1.629e-01 
 137478  1.000   3  2016  308  20.27  57696.040   76.3   3.754e+00 
 137479  0.333   1  2016  308  20.70  57696.058   76.3   2.369e+00 
 137480  0.639   1  2016  308  21.37  57696.086   76.3   7.355e-01 
 137481  0.639   1  2016  308  21.71  57696.100   76.3   4.128e-01 
 137485  1.012   2  2016  308  23.73  57696.184   76.3   1.981e-01 
 137486  1.012   2  2016  309   0.29  57696.208   76.3   1.734e-01 
 137488  0.656   1  2016  309   1.35  57696.252   76.3   1.293e+00 
 137489  0.656   1  2016  309   1.69  57696.266   76.3   2.224e+00 
 137490  0.506   1  2016  309   2.32  57696.292   76.3   3.445e+00 
 137491  1.012   2  2016  309   2.74  57696.310   76.3   2.444e+00 
 137492  0.506   1  2016  309   3.16  57696.327   76.3   1.298e+00 
 137525  0.639   1  2016  309  19.87  57697.023   76.3   1.680e+00 
 137526  0.639   1  2016  309  20.21  57697.038   76.3   1.800e+00 
 137527  0.667   2  2016  309  20.89  57697.066   76.3   3.026e+00 
 137528  0.667   2  2016  309  21.32  57697.084   76.3   3.342e+00 
 137530  0.667   1  2016  309  22.45  57697.131   76.3   1.493e+00 
 137531  0.667   1  2016  309  22.81  57697.146   76.3   7.080e-01 
 137532  0.667   1  2016  309  23.18  57697.161   76.3   6.185e-01 
 137533  0.506   1  2016  309  23.82  57697.188   76.3   3.845e-01 
 137534  1.012   2  2016  310   0.24  57697.206   76.3   3.523e-01 
 137535  0.506   1  2016  310   0.66  57697.223   76.3   4.721e-01 
 137536  0.506   2  2016  310   1.35  57697.252   76.3   8.574e-01 
 137537  0.758   3  2016  310   1.78  57697.270   76.3   1.105e+00 
 137539  0.667   2  2016  310   2.76  57697.310   76.3   1.020e+00 
 137540  0.667   2  2016  310   3.19  57697.328   76.3   7.086e-01 
 137575  0.472   1  2016  310  20.94  57698.068   76.2   3.520e+00 
 137576  0.472   1  2016  310  21.20  57698.079   76.2   2.613e+00 
 137577  0.656   1  2016  310  21.83  57698.105   76.2   1.044e+00 
 137578  0.656   1  2016  310  22.17  57698.119   76.2   3.719e-01 
 137579  0.667   1  2016  310  22.78  57698.145   76.2   2.366e-01 
 137580  0.667   1  2016  310  23.14  57698.160   76.2   2.141e-02 
 137581  0.667   1  2016  310  23.51  57698.175   76.2   1.152e-01 
 137582  0.656   1  2016  311   0.24  57698.206   76.2   3.398e-02 
 137583  0.656   1  2016  311   0.59  57698.220   76.2   6.816e-02 
 137778  0.936   2  2016  315   2.24  57702.289   76.0   5.036e-01 
 137779  0.936   2  2016  315   2.80  57702.312   76.0   8.370e-01 
 138201  0.444   1  2016  323  21.93  57711.109   77.4   2.572e-01 
 138202  0.889   2  2016  323  22.30  57711.125   77.4   1.086e-01 
 138203  0.444   1  2016  323  22.68  57711.140   77.4   1.589e-01 
 138250  0.667   2  2016  324  22.26  57712.123   77.7   7.149e-01 
 138251  0.667   2  2016  324  22.69  57712.141   77.7   3.829e-01 
 138252  0.656   1  2016  324  23.48  57712.174   77.7   1.025e-01 
 138253  0.656   1  2016  324  23.82  57712.188   77.7   3.106e-02 
 138297  0.632   1  2016  325  21.89  57713.108   77.9   6.077e-01 
 138298  0.632   1  2016  325  22.25  57713.123   77.9   3.725e-01 
 138299  0.713   1  2016  325  22.85  57713.148   77.9   2.063e-01 
 138300  0.713   1  2016  325  23.22  57713.163   77.9   1.870e-01 
 138301  1.426   2  2016  325  23.79  57713.187   77.9   1.589e-01 
 138303  1.259   2  2016  326   0.78  57713.228   77.9   9.955e-02 
 138304  0.629   1  2016  326   1.28  57713.249   77.9  -3.121e-02 
 138306  0.713   1  2016  326   2.02  57713.280   77.9   1.711e-01 
 138344  0.629   1  2016  326  21.18  57714.078   78.1   1.790e+00 
 138345  1.259   2  2016  326  21.68  57714.099   78.1   1.303e+00 
 138346  0.713   1  2016  326  22.47  57714.132   78.1   4.118e-01 
 138347  0.713   1  2016  326  22.84  57714.147   78.1   2.524e-01 
 138348  0.713   1  2016  326  23.22  57714.163   78.1   1.718e-01 
 138349  0.713   1  2016  326  23.60  57714.179   78.1   2.230e-01 
 138350  0.546   1  2016  327   0.42  57714.213   78.1   1.743e-01 
 138351  0.546   1  2016  327   0.72  57714.225   78.1   1.183e-01 
 138352  1.092   2  2016  327   1.20  57714.245   78.1   2.316e-01 
 138353  1.092   2  2016  327   1.83  57714.272   78.1   2.313e-01 
 138355  0.632   1  2016  327   2.76  57714.310   78.1   2.023e-01 
 138356  1.263   2  2016  327   3.30  57714.333   78.1   3.101e-01 
 138447  0.506   1  2016  329   0.88  57716.232   78.1   5.586e-01 
 138448  1.012   2  2016  329   1.30  57716.250   78.1   1.105e+00 
 138449  0.506   1  2016  329   1.72  57716.267   78.1   2.592e+00 
 138450  0.506   1  2016  329   2.12  57716.284   78.1   3.438e+00 
 138486  0.793   2  2016  329  20.24  57717.039   78.0   8.697e-01 
 138489  0.778   2  2016  329  21.67  57717.098   78.0   4.026e-01 
 138490  0.778   2  2016  329  22.18  57717.120   78.0   2.137e-01 
 138491  0.389   1  2016  329  22.99  57717.153   78.0   1.994e-01 
 138492  0.389   1  2016  329  23.25  57717.164   78.0   5.916e-02 
 138493  0.778   2  2016  329  23.63  57717.180   78.0   9.121e-02 
 138534  0.778   2  2016  330  20.22  57718.038   77.8   1.860e+00 
 138535  0.778   2  2016  330  20.73  57718.059   77.8   2.069e+00 
 138537  1.278   2  2016  330  21.68  57718.099   77.8   1.232e+00 
 138542  0.758   3  2016  331   0.29  57718.208   77.8   3.761e-01 
 138543  0.758   3  2016  331   0.82  57718.230   77.8   7.782e-01 
 138545  1.279   2  2016  331   1.76  57718.269   77.8   2.051e+00 
 138546  0.639   1  2016  331   2.27  57718.290   77.8   1.442e+00 
 138547  0.472   1  2016  331   2.84  57718.314   77.8   9.105e-01 
 138548  0.472   1  2016  331   3.10  57718.325   77.8   7.761e-01 
 138582  0.778   2  2016  331  20.19  57719.037   77.6   2.145e+00 
 138583  0.778   2  2016  331  20.70  57719.058   77.6   1.339e+00 
 138584  0.389   1  2016  331  21.48  57719.091   77.6   2.468e-01 
 138585  0.778   2  2016  331  21.87  57719.107   77.6   1.774e-01 
 138586  0.389   1  2016  331  22.25  57719.123   77.6   2.068e-01 
 138587  0.758   3  2016  331  22.80  57719.146   77.6   1.804e-01 
 138588  0.506   2  2016  331  23.24  57719.164   77.6   2.174e-01 
 138591  0.506   1  2016  332   0.94  57719.235   77.6   1.335e+00 
 138592  0.506   1  2016  332   1.23  57719.247   77.6   1.722e+00 
 138593  1.012   2  2016  332   1.65  57719.264   77.6   1.862e+00 
 138594  0.342   1  2016  332   2.32  57719.292   77.6   1.093e+00 
 138595  0.342   1  2016  332   2.98  57719.320   77.6   8.660e-01 
 138630  0.778   2  2016  332  20.19  57720.037   77.4   2.839e+00 
 138631  0.778   2  2016  332  20.70  57720.058   77.4   3.008e+00 
 138633  0.778   2  2016  332  21.66  57720.098   77.4   1.308e+00 
 138634  0.778   2  2016  332  22.17  57720.119   77.4   4.164e-01 
 138636  0.778   2  2016  332  23.23  57720.163   77.4   1.500e-01 
 138638  0.758   3  2016  333   0.29  57720.208   77.3   1.924e-01 
 138639  0.758   3  2016  333   0.82  57720.230   77.3   2.604e-01 
 138641  0.656   1  2016  333   1.74  57720.268   77.3   5.312e-01 
 138642  0.656   1  2016  333   2.08  57720.282   77.3   9.697e-01 
 138644  0.342   1  2016  333   3.34  57720.335   77.3   4.703e-01 
 138678  0.758   3  2016  333  20.19  57721.037   77.1   7.086e-01 
 138679  0.758   3  2016  333  20.72  57721.059   77.1   7.123e-01 
 138681  0.758   3  2016  333  21.69  57721.099   77.1   7.804e-01 
 138682  0.506   2  2016  333  22.12  57721.117   77.1   5.746e-01 
 138683  1.012   2  2016  333  22.74  57721.143   77.1   4.592e-01 
 138684  1.012   2  2016  333  23.30  57721.167   77.1   5.555e-01 
 138730  0.944   2  2016  334  22.28  57722.124   76.9   2.393e-01 
 138733  0.333   1  2016  334  23.91  57722.192   76.8   8.908e-02 
 138734  0.333   1  2016  335   0.13  57722.201   76.8   2.199e-01 
 138735  0.506   1  2016  335   0.88  57722.232   76.8   2.967e-01 
 138736  1.012   2  2016  335   1.30  57722.250   76.8   3.920e-01 
 138737  0.506   1  2016  335   1.72  57722.267   76.8   5.186e-01 
 138738  0.444   1  2016  335   2.40  57722.295   76.8   7.799e-01 
 138739  0.889   2  2016  335   2.77  57722.311   76.8   7.381e-01 
 138740  0.444   1  2016  335   3.14  57722.326   76.8   5.977e-01 
 138882  0.936   2  2016  338   2.23  57725.289   76.1   8.579e-01 
 138883  0.936   2  2016  338   2.80  57725.312   76.1   8.166e-01 
 139741  0.808   1  2016  355  23.74  57743.185   70.8   3.064e-01 
 139742  0.808   1  2016  356   0.16  57743.202   70.8   4.526e-01 
 139743  0.808   1  2016  356   0.59  57743.220   70.8   6.110e-01 
 139745  0.333   1  2016  356   1.95  57743.277   70.8   1.506e+00 
 139746  0.667   2  2016  356   2.24  57743.289   70.8   1.385e+00 
 139747  0.333   1  2016  356   2.53  57743.301   70.8   1.268e+00 
 139782  0.388   1  2016  356  20.03  57744.030   70.7   1.698e+00 
 139783  0.796   1  2016  356  20.74  57744.060   70.7   8.907e-01 
 139784  0.796   1  2016  356  21.16  57744.077   70.7   7.133e-01 
 139786  1.129   1  2016  356  22.06  57744.115   70.7   3.339e-01 
 139787  1.129   1  2016  356  22.65  57744.139   70.7   1.996e-01 
 139788  0.550   1  2016  356  23.09  57744.158   70.7   7.482e-02 
 139796  0.667   2  2016  357   3.38  57744.336   70.7   1.818e-01 
 139831  1.259   2  2016  357  20.67  57745.057   70.6   8.282e-01 
 139832  0.629   1  2016  357  21.38  57745.086   70.6   1.658e-01 
 139833  0.629   1  2016  357  21.71  57745.100   70.6   1.893e-01 
 139834  0.863   1  2016  357  22.28  57745.124   70.6   2.346e-01 
 139835  0.863   1  2016  357  22.74  57745.143   70.6   3.032e-01 
 139836  0.863   1  2016  357  23.19  57745.162   70.6   2.793e-01 
 139837  1.067   1  2016  357  23.94  57745.193   70.6   3.670e-01 
 139880  0.654   1  2016  358  21.06  57746.073   70.6   1.341e+00 
 139881  0.990   1  2016  358  21.80  57746.104   70.6   3.761e-01 
 139882  0.990   1  2016  358  22.34  57746.126   70.6   2.023e-01 
 139891  1.700   1  2016  359   2.92  57746.317   70.6   1.734e+00 
 139927  0.990   1  2016  359  20.58  57747.053   70.6   1.144e+00 
 139928  0.990   1  2016  359  21.19  57747.078   70.6   3.860e-01 
 139929  0.656   1  2016  359  21.99  57747.112   70.6   1.283e-01 
 139930  0.656   1  2016  359  22.34  57747.126   70.6   1.107e-01 
 139932  0.990   1  2016  359  23.01  57747.154   70.6   9.039e-03 
 139933  0.990   1  2016  359  23.55  57747.177   70.6   2.571e-02 
 140078  0.656   1  2016  363   0.27  57750.207   70.6   2.561e+00 
 140079  0.656   1  2016  363   0.62  57750.221   70.6   2.262e+00 
 140123  0.656   1  2016  363  22.84  57751.147   70.7   1.033e-01 
 140124  0.656   1  2016  363  23.18  57751.162   70.7   1.784e-01 
 140126  0.933   3  2016  364   0.25  57751.206   70.7   9.248e-01 
 140130  0.333   1  2016  364   2.33  57751.292   70.7   7.155e-01 
 140131  0.333   1  2016  364   2.52  57751.301   70.7   5.443e-01 
 140170  0.808   1  2016  364  22.13  57752.117   70.7   1.678e-01 
 140171  1.617   2  2016  364  22.76  57752.144   70.7   2.075e-01 
 140173  0.639   1  2016  364  23.77  57752.186   70.8   2.203e-01 
 140174  1.279   2  2016  365   0.29  57752.207   70.8   1.623e-01 
 140176  0.622   2  2016  365   1.24  57752.247   70.8   2.707e-01 
 140178  0.658   1  2016  365   2.36  57752.294   70.8   4.509e-01 
 140179  0.658   1  2016  365   2.70  57752.308   70.8   7.693e-01 
 140180  1.316   2  2016  365   3.25  57752.331   70.8   6.862e-01 
 140218  0.506   1  2016  365  22.44  57753.131   70.8   1.456e-01 
 140219  0.506   1  2016  365  22.72  57753.142   70.8   1.282e-01 
 140220  1.012   2  2016  365  23.16  57753.161   70.8   1.169e-01 
 140263  1.311   2  2016  366  20.68  57754.057   70.9   1.385e+00 
 140265  0.758   3  2016  366  21.82  57754.105   71.0   4.187e-01 
 140266  0.506   2  2016  366  22.26  57754.123   71.0   4.778e-01 
 140267  0.506   1  2016  366  22.89  57754.149   71.0   4.029e-01 
 140268  1.012   2  2016  366  23.31  57754.167   71.0   2.764e-01 
 140272  0.667   2  2017    1   1.15  57754.243   71.0   2.773e-01 
 140318  0.889   2  2017    2   0.30  57755.208   71.1   4.980e-01 
 140319  0.889   2  2017    2   0.79  57755.229   71.1   8.353e-01 
 140419  1.311   2  2017    4   2.78  57757.312   71.4   1.861e-01 
 140612  1.700   1  2017    8   3.24  57761.331   72.4   5.040e-01 
 141231  1.000   3  2017   21   0.71  57774.225   75.8   9.681e-01 
 141271  0.808   1  2017   21  20.68  57775.057   75.9   1.097e+00 
 141272  0.808   1  2017   21  21.10  57775.075   75.9   7.911e-01 
 141273  0.808   1  2017   21  21.53  57775.093   75.9   5.741e-01 
 141274  0.333   1  2017   21  22.21  57775.121   75.9   8.966e-01 
 141277  0.933   3  2017   21  23.76  57775.185   75.9   1.751e-01 
 141279  0.933   3  2017   22   0.77  57775.228   75.9   2.590e-01 
 141280  0.622   2  2017   22   1.24  57775.247   75.9   2.648e-01 
 141281  0.933   3  2017   22   1.71  57775.267   75.9   5.718e-01 
 141282  0.333   1  2017   22   2.35  57775.293   75.9   2.090e+00 
 141283  0.667   2  2017   22   2.65  57775.306   75.9   1.822e+00 
 141285  0.450   2  2017   22   3.59  57775.345   75.9   9.281e-01 
 141319  0.990   1  2017   22  20.51  57776.050   76.0   1.040e+00 
 141320  0.990   1  2017   22  21.03  57776.072   76.0   7.375e-01 
 141329  0.933   3  2017   23   1.76  57776.269   76.0   3.786e+00 
 141331  0.667   2  2017   23   2.73  57776.309   76.0   3.351e+00 
 141332  0.333   1  2017   23   3.02  57776.322   76.0   2.565e+00 
 141470  1.700   1  2017   26   0.34  57779.210   76.0   1.280e-01 
 141472  0.667   2  2017   26   1.30  57779.250   76.0   1.491e-01 
 141473  0.333   1  2017   26   1.60  57779.262   76.0   3.161e-01 
 141515  1.222   2  2017   26  22.78  57780.145   75.9   5.503e-01 
 141516  0.611   1  2017   26  23.28  57780.165   75.9   4.905e-01 
 141517  0.611   1  2017   26  23.60  57780.179   75.9   4.018e-01 
 141519  1.067   2  2017   27   0.66  57780.223   75.9   1.693e-01 
 141520  1.067   2  2017   27   1.26  57780.248   75.9   1.061e+00 
 141523  1.700   1  2017   27   2.56  57780.302   75.9   1.395e+00 
 141566  1.279   2  2017   28   0.26  57781.206   75.9   1.896e-01 
 141569  1.700   1  2017   28   1.57  57781.261   75.9   2.683e-01 
 141571  1.700   1  2017   28   2.71  57781.308   75.9   4.373e-01 
 141607  1.617   2  2017   28  20.78  57782.062   75.8   9.981e-01 
 141608  0.808   1  2017   28  21.42  57782.088   75.8   4.529e-01 
 141614  1.700   1  2017   29   0.34  57782.210   75.8   4.238e-01 
 141616  0.933   3  2017   29   1.31  57782.250   75.8   2.888e-01 
 141618  0.933   3  2017   29   2.24  57782.289   75.8   8.696e-01 
 141619  0.811   2  2017   29   2.83  57782.314   75.8   1.109e+00 
 141620  0.500   1  2017   29   3.27  57782.332   75.8   1.374e+00 
 141621  0.500   1  2017   29   3.55  57782.343   75.8   1.353e+00 
 141662  0.622   2  2017   30   0.25  57783.206   75.7   1.313e-01 
 141663  0.622   2  2017   30   0.60  57783.220   75.7   1.010e-01 
 141664  0.622   2  2017   30   1.28  57783.249   75.7   2.273e-01 
 141665  0.933   3  2017   30   1.75  57783.269   75.7   2.591e-01 
 141666  0.622   2  2017   30   2.25  57783.289   75.7   4.293e-01 
 141668  0.933   3  2017   30   3.24  57783.331   75.7   6.330e-01 
 141713  0.933   3  2017   31   1.70  57784.266   75.7   1.941e-01 
 141715  0.933   3  2017   31   2.79  57784.312   75.7   1.075e-01 
 141716  0.622   2  2017   31   3.31  57784.333   75.7   7.162e-02 
 141717  0.622   2  2017   31   3.74  57784.351   75.7   1.740e-01 
 141756  0.933   3  2017   31  23.22  57785.163   75.6   1.402e-01 
 141757  0.622   2  2017   31  23.78  57785.187   75.6   2.179e-01 
 141758  0.622   2  2017   32   0.26  57785.206   75.6   1.694e-01 
 141759  0.922   3  2017   32   0.76  57785.227   75.6   2.399e-01 
 141760  0.611   2  2017   32   1.21  57785.246   75.5   1.954e-01 
 141761  0.611   2  2017   32   1.78  57785.270   75.5   4.781e-01 
 141762  0.611   2  2017   32   2.11  57785.284   75.5   6.707e-01 
 141805  0.656   1  2017   32  23.79  57786.187   75.4   6.346e-01 
 141806  0.656   1  2017   33   0.14  57786.201   75.4   2.696e-01 
 141807  0.656   1  2017   33   0.77  57786.227   75.4   2.457e-01 
 141808  0.656   1  2017   33   1.11  57786.242   75.4   2.275e-01 
 141809  1.000   2  2017   33   1.65  57786.265   75.4   1.581e-01 
 141810  0.500   1  2017   33   2.08  57786.282   75.4   3.201e-01 
 141811  0.656   1  2017   33   2.67  57786.307   75.4   2.742e-01 
 141812  0.656   1  2017   33   3.02  57786.321   75.4   2.418e-01 
 141813  1.311   2  2017   33   3.81  57786.354   75.4   2.103e-01 
 141853  0.667   2  2017   33  23.85  57787.189   75.2   1.216e-01 
 141854  0.333   1  2017   34   0.14  57787.201   75.2   8.681e-02 
 141857  0.500   1  2017   34   1.97  57787.277   75.2   6.346e-02 
 141858  0.500   1  2017   34   2.25  57787.289   75.2   1.101e-01 
 141859  0.500   1  2017   34   2.53  57787.301   75.2   1.379e-01 
 141860  0.889   2  2017   34   3.26  57787.331   75.2   6.038e-01 
 141861  0.889   2  2017   34   3.76  57787.352   75.2   3.257e-01 
 142001  0.883   2  2017   37   1.83  57790.272   74.2   2.110e-01 
 142002  0.656   1  2017   37   2.28  57790.291   74.2   1.202e-01 
 142518  0.500   3  2017   47  20.26  57801.040   75.3   1.494e+00 
 142519  0.833   5  2017   47  20.72  57801.059   75.3   6.299e-01 
 142520  0.667   4  2017   47  21.22  57801.080   75.3   1.023e+00 
 142521  0.667   4  2017   47  21.76  57801.102   75.3   8.846e-01 
 142522  0.500   3  2017   47  22.17  57801.119   75.3   6.178e-01 
 142523  0.622   2  2017   47  22.84  57801.147   75.4   4.124e-01 
 142524  0.622   2  2017   47  23.19  57801.162   75.4   3.292e-01 
 142525  0.622   2  2017   47  23.63  57801.180   75.4   2.462e-01 
 142669  0.744   5  2017   50  23.77  57804.186   75.8   3.341e-01 
 142670  0.589   4  2017   51   0.28  57804.207   75.8   5.000e-01 
 142671  0.589   4  2017   51   0.72  57804.225   75.8   5.673e-01 
 142672  0.589   4  2017   51   1.27  57804.248   75.8   1.583e-01 
 142673  0.450   3  2017   51   1.73  57804.267   75.8   3.251e-01 
 142674  0.728   5  2017   51   2.21  57804.288   75.8   2.631e-01 
 142675  0.728   5  2017   51   2.76  57804.310   75.8   4.773e-01 
 142676  0.589   4  2017   51   3.24  57804.331   75.8   3.821e-01 
 142677  0.744   5  2017   51   3.74  57804.351   75.8   5.009e-01 
 142678  0.589   4  2017   51   4.26  57804.373   75.8   6.506e-01 
 142710  0.808   1  2017   51  20.22  57805.038   75.8   2.048e+00 
 142711  0.808   1  2017   51  20.65  57805.056   75.8   1.790e+00 
 142712  0.808   1  2017   51  21.07  57805.074   75.8   1.873e+00 
 142725  1.311   2  2017   52   3.73  57805.351   75.8   7.633e-01 
 142902  1.617   2  2017   55  20.22  57809.038   75.7   2.462e+00 
 142903  0.808   1  2017   55  20.86  57809.065   75.7   3.725e+00 
 142906  0.611   1  2017   55  22.37  57809.127   75.7   9.323e-01 
 142907  0.611   1  2017   55  22.69  57809.141   75.7   4.059e-01 
 142908  0.611   1  2017   55  23.02  57809.155   75.7   2.293e-01 
 142910  0.397   1  2017   56   0.43  57809.214   75.7   1.048e+00 
 142911  0.794   2  2017   56   0.75  57809.227   75.6   1.487e+00 
 142912  0.397   1  2017   56   1.07  57809.240   75.6   2.084e+00 
 142917  0.656   1  2017   56   3.66  57809.348   75.6   1.094e+00 
 142918  0.656   1  2017   56   4.01  57809.363   75.6   9.684e-01 
 143002  0.433   3  2017   57  22.35  57811.127   75.3   1.495e+00 
 143003  0.722   5  2017   57  22.73  57811.143   75.3   9.239e-01 
 143004  0.433   3  2017   57  23.35  57811.168   75.3   7.823e-01 
 143005  0.722   5  2017   57  23.72  57811.184   75.3   4.767e-01 
 143006  0.722   5  2017   58   0.27  57811.207   75.3   4.360e-01 
 143007  0.433   3  2017   58   0.64  57811.222   75.3   6.106e-01 
 143013  0.344   2  2017   58   3.68  57811.349   75.3   1.711e+00 
 143014  0.667   2  2017   58   4.27  57811.374   75.3   1.108e+00 
 143108  1.311   2  2017   60   3.27  57813.332   75.0   1.311e+00 
 143110  1.278   2  2017   60   4.19  57813.370   75.0   8.315e-01 
 143238  0.675   3  2017   62  20.22  57816.038   74.7   3.417e+00 
 143240  0.933   3  2017   62  21.30  57816.083   74.7   1.304e+00 
 143241  0.622   2  2017   62  21.83  57816.105   74.7   9.517e-01 
 143242  0.622   2  2017   62  22.17  57816.119   74.7   4.334e-01 
 143243  0.622   2  2017   62  22.81  57816.146   74.7   3.137e-01 
 143244  0.622   2  2017   62  23.16  57816.160   74.7   7.960e-01 
 143245  0.933   3  2017   62  23.69  57816.182   74.7   8.835e-01 
 143246  0.536   2  2017   63   0.15  57816.202   74.7   1.370e+00 
 143253  0.343   1  2017   63   3.94  57816.360   74.6   9.408e-01 
 143254  0.686   2  2017   63   4.27  57816.374   74.6   6.053e-01 
 143255  0.343   1  2017   63   4.60  57816.387   74.6   4.531e-01 
 143290  0.622   2  2017   63  22.41  57817.129   74.5   4.446e-01 
 143291  0.622   2  2017   63  22.76  57817.144   74.5   2.954e-01 
 143292  0.933   3  2017   63  23.29  57817.166   74.5   3.189e-01 
 143294  0.628   2  2017   64   0.29  57817.208   74.4   1.513e+00 
 143295  0.942   3  2017   64   0.74  57817.226   74.4   2.503e+00 
 143296  0.628   2  2017   64   1.23  57817.247   74.4   3.467e+00 
 143297  0.942   3  2017   64   1.68  57817.266   74.4   3.861e+00 
 143298  0.942   3  2017   64   2.27  57817.290   74.4   4.058e+00 
 143299  0.628   2  2017   64   2.72  57817.309   74.4   3.857e+00 
 143339  0.622   2  2017   64  22.74  57818.143   74.2   1.078e+00 
 143340  0.622   2  2017   64  23.22  57818.163   74.2   1.058e+00 
 143341  0.933   3  2017   64  23.78  57818.187   74.2   1.649e+00 
 143342  0.622   2  2017   65   0.38  57818.211   74.2   1.351e+00 
 143343  0.622   2  2017   65   0.73  57818.226   74.2   1.474e+00 
 143349  0.944   2  2017   65   3.75  57818.352   74.1   1.540e+00 
 143350  0.472   1  2017   65   4.42  57818.380   74.1   1.088e+00 
 143351  0.472   1  2017   65   4.68  57818.391   74.1   1.010e+00 
 143391  0.444   1  2017   66   0.77  57819.228   73.9   7.804e-02 
 143960  0.337   2  2017   77  21.41  57831.088   73.7   1.133e+00 
 143961  0.673   4  2017   77  21.73  57831.101   73.7   1.348e+00 
 143962  0.673   4  2017   77  22.20  57831.121   73.7   1.250e+00 
 143963  0.673   4  2017   77  22.67  57831.140   73.8   7.467e-01 
 144056  0.867   6  2017   79  21.23  57833.080   76.4   1.793e+00 
 144058  0.433   3  2017   79  22.37  57833.128   76.4   4.677e-01 
 144059  0.578   4  2017   79  22.77  57833.144   76.4   3.096e-01 
 144060  0.578   4  2017   79  23.28  57833.165   76.5   2.118e-01 
 144061  0.578   4  2017   79  23.65  57833.181   76.5   3.204e-01 
 144062  0.933   3  2017   80   0.28  57833.207   76.5   3.976e-01 
 144064  0.622   2  2017   80   1.37  57833.253   76.6   2.865e-01 
 144065  0.622   2  2017   80   1.72  57833.267   76.6   3.008e-01 
 144066  0.333   1  2017   80   2.30  57833.291   76.6   3.172e-01 
 144067  1.000   3  2017   80   2.73  57833.309   76.7   3.561e-01 
 144069  1.000   3  2017   80   3.73  57833.351   76.7   2.743e-01 
 144070  0.333   1  2017   80   4.16  57833.369   76.8   1.677e-02 
 144103  0.867   6  2017   80  20.74  57834.060   77.6   4.820e+00 
 144104  0.433   3  2017   80  21.32  57834.084   77.6   2.418e+00 
 144105  0.722   5  2017   80  21.78  57834.103   77.6   1.377e+00 
 144116  0.333   1  2017   81   3.44  57834.339   77.8   5.476e-01 
 144117  0.667   2  2017   81   3.76  57834.352   77.9   3.719e-01 
 144118  0.333   1  2017   81   4.09  57834.366   77.9   8.640e-01 
 144157  0.381   1  2017   81  23.97  57835.194   78.5   2.770e+00 
 144158  0.761   2  2017   82   0.27  57835.207   78.5   1.821e+00 
 144159  0.381   1  2017   82   0.58  57835.220   78.5   2.122e+00 
 144160  0.933   3  2017   82   1.18  57835.245   78.5   4.110e-01 
 144255  0.933   3  2017   84   0.81  57837.229   79.1   2.283e-01 
 144293  0.933   3  2017   84  19.81  57838.021   79.3   3.357e+00 
 144295  0.933   3  2017   84  20.76  57838.061   79.3   2.902e+00 
 144296  0.622   2  2017   84  21.27  57838.082   79.3   3.232e+00 
 144297  0.933   3  2017   84  21.77  57838.103   79.3   2.008e+00 
 144299  0.933   3  2017   84  22.77  57838.144   79.3   4.880e-01 
 144305  0.690   3  2017   85   1.85  57838.273   79.3   1.235e+00 
 144306  0.690   3  2017   85   2.28  57838.291   79.3   2.125e+00 
 144307  0.460   2  2017   85   2.88  57838.316   79.3   3.673e+00 
 144308  0.690   3  2017   85   3.24  57838.330   79.3   2.802e+00 
 144309  0.886   2  2017   85   3.82  57838.355   79.3   9.653e-01 
 144310  0.656   1  2017   85   4.28  57838.374   79.3   6.087e-01 
 144341  0.933   3  2017   85  19.80  57839.020   79.4   5.512e+00 
 144343  0.933   3  2017   85  20.75  57839.060   79.4   3.340e+00 
 144345  0.933   3  2017   85  21.70  57839.100   79.4   1.308e+00 
 144347  0.933   3  2017   85  22.68  57839.141   79.4   3.510e-01 
 144348  0.944   2  2017   85  23.31  57839.167   79.4   4.245e-01 
 144389  0.933   3  2017   86  19.79  57840.020   79.6   5.966e+00 
 144391  0.933   3  2017   86  20.71  57840.058   79.6   4.558e+00 
 144392  0.622   2  2017   86  21.27  57840.082   79.6   3.238e+00 
 144393  0.622   2  2017   86  21.62  57840.096   79.6   2.462e+00 
 144394  0.933   3  2017   86  22.29  57840.124   79.6   1.564e+00 
 144395  0.622   2  2017   86  22.80  57840.145   79.6   8.636e-01 
 144396  0.933   3  2017   86  23.30  57840.167   79.6   2.941e-01 
 144437  0.933   3  2017   87  19.76  57841.019   79.8   3.890e+00 
 144439  0.933   3  2017   87  20.77  57841.061   79.8   3.119e+00 
 144490  0.933   3  2017   88  22.27  57842.124   80.0   9.380e-02 
 144492  0.933   3  2017   88  23.26  57842.165   80.0   1.225e-01 
 144537  0.933   3  2017   89  21.77  57843.102   80.1   6.701e-01 
 144726  0.656   1  2017   93  20.39  57847.045   80.6   3.316e+00 
 144727  0.656   1  2017   93  20.74  57847.060   80.6   2.718e+00 
 144732  0.673   4  2017   93  23.25  57847.164   80.6   1.062e+00 
 144733  0.842   5  2017   93  23.77  57847.186   80.6   5.176e-01 
 144734  0.336   2  2017   94   0.17  57847.203   80.6   4.067e-01 
 144737  0.725   3  2017   94   1.77  57847.269   80.6   2.975e-01 
 144738  0.725   3  2017   94   2.31  57847.292   80.6   2.512e-01 
 144783  1.311   2  2017   95   0.72  57848.225   81.0   9.415e-01 
 144788  0.967   3  2017   95   3.26  57848.331   81.0   2.881e+00 
 144833  0.683   2  2017   96   1.86  57849.273   81.4   5.613e-01 
 144834  0.342   1  2017   96   2.15  57849.285   81.5   5.665e-01 
 144835  1.000   2  2017   96   2.76  57849.311   81.5   3.755e-01 
 144883  0.333   2  2017   97   2.82  57850.313   81.8   1.947e+00 
 144885  0.656   1  2017   97   3.67  57850.348   81.8   1.587e+00 
 144886  0.656   1  2017   97   4.02  57850.363   81.8   1.022e+00 
 145299  0.333   1  2017  105  18.91  57858.983   81.0   6.411e+00 
 145300  1.000   3  2017  105  19.26  57858.998   80.9   5.705e+00 
 145301  0.667   2  2017  105  19.69  57859.016   80.9   4.696e+00 
 145302  1.000   3  2017  105  20.28  57859.041   80.9   4.207e+00 
 145303  0.667   2  2017  105  20.72  57859.059   80.9   3.228e+00 
 145304  0.667   2  2017  105  21.14  57859.076   80.9   2.629e+00 
 145347  0.333   1  2017  106  18.86  57859.982   79.7   5.269e+00 
 145348  1.000   3  2017  106  19.21  57859.996   79.7   4.628e+00 
 145349  1.000   3  2017  106  19.78  57860.020   79.7   3.663e+00 
 145350  0.667   2  2017  106  20.24  57860.039   79.7   2.738e+00 
 145351  0.833   4  2017  106  20.71  57860.059   79.7   2.232e+00 
 145352  0.833   5  2017  106  21.23  57860.080   79.6   1.886e+00 
 145353  0.833   5  2017  106  21.76  57860.102   79.6   1.277e+00 
 145354  0.500   3  2017  106  22.17  57860.119   79.6   1.211e+00 
 146884  0.942   3  2017  138  19.20  57891.996   75.0   3.607e+00 
 146885  0.628   2  2017  138  19.65  57892.014   75.0   3.518e+00 
 146886  0.942   3  2017  138  20.21  57892.038   75.0   2.009e+00 
 146887  0.628   2  2017  138  20.65  57892.056   75.0   1.130e+00 
 146888  0.942   3  2017  138  21.20  57892.079   75.0   7.758e-01 
 146889  0.628   2  2017  138  21.65  57892.098   75.0   9.423e-01 
 146891  1.049   2  2017  138  22.67  57892.140   75.0   1.769e+00 
 146982  1.111   1  2017  140  20.47  57894.048   75.4   2.402e+00 
 146984  1.111   1  2017  140  21.07  57894.073   75.4   3.232e+00 
 146985  1.111   1  2017  140  21.70  57894.100   75.4   2.866e+00 
 146986  1.111   1  2017  140  22.40  57894.129   75.4   1.763e+00 
 147122  0.333   1  2017  143  18.45  57896.964   76.4   4.346e+00 
 147123  0.667   2  2017  143  18.76  57896.977   76.4   3.192e+00 
 147125  0.333   1  2017  143  19.83  57897.022   76.4   1.270e+00 
 147126  0.667   2  2017  143  20.15  57897.035   76.4   9.262e-01 
 147128  0.667   2  2017  143  21.35  57897.085   76.4   1.299e+00 
 147129  0.667   2  2017  143  21.77  57897.103   76.4   1.146e+00 
 147131  0.333   1  2017  143  22.83  57897.147   76.4   9.095e-01 
 147132  0.667   2  2017  143  23.15  57897.160   76.4   7.060e-01 
 147267  0.667   2  2017  146  18.63  57899.972   77.1   4.459e+00 
 147273  1.000   3  2017  146  21.73  57900.101   77.2   7.447e-01 
 147274  0.333   1  2017  146  22.15  57900.118   77.2   9.687e-01 
 147276  0.333   1  2017  146  23.32  57900.167   77.2   6.420e-01 
 147277  1.000   3  2017  146  23.75  57900.185   77.2   4.934e-01 
 147317  1.000   1  2017  147  19.53  57901.009   77.3   1.868e+00 
 147318  1.000   1  2017  147  20.08  57901.032   77.3   1.056e+00 
 147319  1.000   1  2017  147  20.65  57901.056   77.3   2.206e-01 
 147320  1.000   1  2017  147  21.20  57901.079   77.3  -8.604e-02 
 147323  1.000   3  2017  147  22.72  57901.142   77.3   5.349e-01 
 147324  0.333   1  2017  147  23.14  57901.160   77.3   8.100e-01 
 147368  1.111   1  2017  148  21.01  57902.071   77.5   1.993e+00 
 147369  1.111   1  2017  148  21.61  57902.096   77.5   1.700e+00 
 147370  0.821   1  2017  148  22.23  57902.122   77.5   1.799e+00 
 147371  0.333   1  2017  148  22.96  57902.152   77.5   1.632e+00 
 147372  0.667   2  2017  148  23.28  57902.166   77.5   1.505e+00 
 147373  0.333   1  2017  148  23.60  57902.179   77.5   9.241e-01 
 147375  0.589   1  2017  149   0.92  57902.234   77.5   1.093e+00 
 147376  0.589   1  2017  149   1.25  57902.248   77.5   1.070e+00 
 147416  1.376   2  2017  149  21.21  57903.079   77.6   8.492e-01 
 147417  0.333   1  2017  149  21.81  57903.104   77.6   8.801e-01 
 147418  1.000   3  2017  149  22.23  57903.122   77.6   5.315e-01 
 147419  0.667   2  2017  149  22.84  57903.147   77.6   4.598e-01 
 147420  0.667   2  2017  149  23.26  57903.165   77.6   4.116e-01 
 147421  0.714   1  2017  149  23.88  57903.191   77.6   8.364e-01 
 147422  0.714   1  2017  150   0.29  57903.208   77.6   7.089e-01 
 147423  0.522   1  2017  150   0.94  57903.235   77.6   6.528e-01 
 147424  0.522   1  2017  150   1.23  57903.247   77.7   3.506e-01 
 147425  0.656   1  2017  150   1.69  57903.266   77.7   7.784e-02 
 147426  0.656   1  2017  150   2.03  57903.280   77.7   6.997e-02 
 147427  0.656   1  2017  150   2.68  57903.307   77.7   1.301e-02 
 147428  0.656   1  2017  150   3.03  57903.322   77.7   5.212e-02 
 147429  1.311   2  2017  150   3.70  57903.350   77.7   1.991e-01 
 147431  0.667   2  2017  150   4.87  57903.398   77.7   2.640e-01 
 147459  1.278   1  2017  150  18.73  57903.976   77.8   5.571e+00 
 147460  1.278   1  2017  150  19.41  57904.004   77.8   3.547e+00 
 147462  1.278   1  2017  150  20.12  57904.034   77.8   1.563e+00 
 147463  1.278   1  2017  150  20.81  57904.063   77.8   8.922e-01 
 147465  1.278   1  2017  150  21.59  57904.095   77.8   7.147e-01 
 147466  1.278   1  2017  150  22.27  57904.124   77.8   6.057e-01 
 147468  1.278   1  2017  150  23.14  57904.160   77.8   5.146e-01 
 147469  0.975   1  2017  150  23.75  57904.185   77.8   6.650e-01 
 147616  1.049   2  2017  154   1.21  57907.246   78.2   5.827e-01 
 147617  1.049   2  2017  154   1.75  57907.269   78.2   3.272e-01 
 147618  1.049   2  2017  154   2.36  57907.294   78.2   2.170e-01 
 147619  0.524   1  2017  154   2.77  57907.311   78.2   3.421e-02 
 147620  0.524   1  2017  154   3.04  57907.322   78.2   1.164e-01 
 147621  1.833   1  2017  154   3.94  57907.360   78.2   2.811e-01 
 148230  1.572   1  2017  166  20.38  57920.045   77.2   1.390e+00 
 148233  1.572   1  2017  166  21.61  57920.096   77.2   3.641e-01 
 148234  0.343   1  2017  166  22.31  57920.125   77.2  -5.636e-02 
 148235  1.028   3  2017  166  22.75  57920.143   77.2   2.883e-01 
 148277  1.000   2  2017  167  19.81  57921.021   77.0   3.341e+00 
 148323  0.333   1  2017  168  18.83  57921.980   76.8   4.789e+00 
 148324  0.667   2  2017  168  19.21  57921.996   76.8   4.034e+00 
 148325  0.333   1  2017  168  19.59  57922.012   76.8   3.528e+00 
 148343  0.554   1  2017  169   4.82  57922.396   76.7   9.798e-01 
 148372  1.572   1  2017  169  19.12  57922.992   76.5   5.081e+00 
 148374  1.500   1  2017  169  20.14  57923.035   76.5   2.150e+00 
 148378  0.656   1  2017  169  22.28  57923.124   76.5   1.353e+00 
 148379  0.656   1  2017  169  22.63  57923.138   76.5   1.008e+00 
 148386  1.024   1  2017  170   2.21  57923.288   76.4   1.410e-01 
 148387  1.024   1  2017  170   2.75  57923.310   76.4   1.591e-01 
 148389  1.311   2  2017  170   3.78  57923.353   76.4   4.477e-01 
 148391  1.311   2  2017  170   4.76  57923.394   76.4   7.744e-01 
 148425  0.342   1  2017  170  21.84  57924.105   76.2   1.958e+00 
 148427  0.342   1  2017  170  22.50  57924.133   76.2   1.493e+00 
 148438  1.311   2  2017  171   4.23  57924.372   76.2   4.861e-01 
 148469  1.000   1  2017  171  19.83  57925.022   76.1   2.186e+00 
 148533  0.489   1  2017  173   3.89  57926.358   76.0   7.479e-01 
 148534  0.489   1  2017  173   4.17  57926.369   76.0   5.503e-01 
 148564  0.667   1  2017  173  19.09  57926.991   76.0   2.088e+00 
 148565  0.633   4  2017  173  19.83  57927.022   76.0   1.199e+00 
 148566  0.792   5  2017  173  20.28  57927.040   76.0   1.032e+00 
 148567  0.633   4  2017  173  20.74  57927.060   76.0   8.098e-01 
 148568  0.950   6  2017  173  21.25  57927.081   76.0   8.311e-01 
 148569  0.475   3  2017  173  21.70  57927.100   76.0   9.101e-01 
 148570  0.342   1  2017  173  22.20  57927.121   76.0   4.488e-01 
 148571  0.342   1  2017  173  22.86  57927.148   76.0   8.039e-01 
 148575  0.339   1  2017  174   0.92  57927.234   76.0   2.967e-01 
 148576  1.017   3  2017  174   1.28  57927.249   76.0   8.555e-02 
 148579  1.647   1  2017  174   2.82  57927.313   76.0   3.943e-01 
 148581  0.489   1  2017  174   3.76  57927.352   76.0   3.040e-01 
 148582  0.978   2  2017  174   4.18  57927.370   76.0   2.925e-01 
 148583  0.489   1  2017  174   4.60  57927.387   76.0   4.274e-01 
 148617  1.017   3  2017  174  21.75  57928.102   76.1   1.025e+00 
 148618  0.339   1  2017  174  22.11  57928.117   76.1   1.103e+00 
 148619  1.017   3  2017  174  22.76  57928.144   76.1   5.924e-01 
 148620  0.678   2  2017  174  23.28  57928.166   76.1   3.764e-01 
 148621  1.017   3  2017  174  23.80  57928.187   76.1   4.337e-01 
 148622  0.678   2  2017  175   0.40  57928.212   76.1   2.008e-01 
 148623  0.339   1  2017  175   0.68  57928.224   76.1  -1.485e-02 
 148852  0.656   1  2017  179  19.33  57933.001   78.8   2.885e+00 
 148853  0.656   1  2017  179  19.67  57933.015   78.9   2.665e+00 
 148854  0.567   4  2017  179  20.31  57933.042   78.9   1.478e+00 
 148855  0.850   6  2017  179  20.75  57933.060   78.9   9.719e-01 
 148856  0.425   3  2017  179  21.39  57933.087   78.9   5.711e-01 
 148857  0.708   5  2017  179  21.74  57933.101   78.9   4.888e-01 
 148869  0.667   1  2017  180   3.69  57933.349   79.0   2.741e-01 
 148870  0.667   1  2017  180   4.04  57933.364   79.0   1.474e-01 
 148871  0.667   1  2017  180   4.71  57933.392   79.0   2.138e-01 
 148872  0.667   1  2017  180   5.06  57933.406   79.0   1.001e-01 
 148904  0.400   2  2017  180  21.28  57934.082   79.4   6.431e-01 
 148920  1.000   1  2017  181   5.13  57934.409   79.7   1.010e-01 
 148964  0.833   2  2017  182   3.18  57935.328   80.3   2.230e-01 
 148965  1.250   3  2017  182   3.76  57935.352   80.4   2.806e-02 
 148966  0.417   1  2017  182   4.22  57935.371   80.4   2.919e-02 
 148967  0.667   1  2017  182   4.82  57935.396   80.4   1.025e-01 
 149008  0.339   1  2017  183   1.36  57936.252   81.0   4.586e-01 
 149009  0.678   2  2017  183   1.72  57936.267   81.0   3.737e-01 
 149010  0.489   1  2017  183   2.48  57936.299   81.0   4.595e-02 
 149011  0.489   1  2017  183   2.76  57936.311   81.0   1.539e-01 
 149012  0.978   2  2017  183   3.18  57936.328   81.0   8.174e-02 
 149013  0.667   1  2017  183   3.79  57936.354   81.0   6.548e-01 
 149014  0.667   1  2017  183   4.14  57936.368   81.1   5.103e-01 
 149572  1.311   2  2017  194  19.32  57948.000   81.4   5.498e+00 
 149574  0.342   1  2017  194  20.05  57948.031   81.4   2.670e+00 
 149575  0.342   1  2017  194  20.72  57948.059   81.4   1.454e+00 
 149668  1.572   1  2017  196  19.37  57950.003   81.2   5.447e+00 
 149671  1.833   1  2017  196  20.59  57950.053   81.2   1.795e+00 
 149715  0.400   2  2017  197  18.82  57950.980   81.2   5.371e+00 
 149716  0.600   3  2017  197  19.21  57950.996   81.2   4.473e+00 
 149717  0.600   3  2017  197  19.75  57951.019   81.2   3.833e+00 
 149730  0.567   4  2017  198   2.28  57951.291   81.2   1.492e+00 
 149731  0.850   6  2017  198   2.72  57951.309   81.2   1.616e+00 
 149861  1.000   1  2017  200  19.56  57954.011   81.1   3.348e+00 
 149863  1.833   1  2017  200  20.56  57954.052   81.1   1.574e+00 
 149865  1.833   1  2017  200  21.82  57954.105   81.1   6.628e-01 
 149872  1.021   1  2017  201   1.15  57954.244   81.1   1.779e-01 
 149873  1.021   1  2017  201   1.69  57954.266   81.1   2.206e-01 
 149874  1.021   1  2017  201   2.47  57954.298   81.1   1.158e-01 
 149875  1.021   1  2017  201   3.00  57954.321   81.1   3.232e-01 
 149877  1.500   1  2017  201   3.77  57954.353   81.1   4.119e-01 
 149879  1.500   1  2017  201   4.91  57954.400   81.1   2.260e-01 
 149917  0.600   3  2017  201  23.86  57955.190   81.0   5.439e-01 
 149926  1.000   1  2017  202   4.50  57955.383   81.0   4.953e-01 
 149957  1.000   1  2017  202  19.85  57956.023   80.8   2.262e+00 
 149959  1.311   2  2017  202  20.81  57956.063   80.8   1.399e+00 
 149972  1.500   1  2017  203   3.04  57956.322   80.6   4.411e-01 
 150019  0.667   1  2017  204   2.86  57957.315   80.1   7.968e-01 
 150020  0.667   1  2017  204   3.21  57957.329   80.1   1.341e+00 
 150021  0.667   1  2017  204   3.92  57957.359   80.0   1.451e+00 
 150022  0.667   1  2017  204   4.27  57957.373   80.0   8.745e-01 
 150100  0.460   2  2017  205  19.30  57959.000   78.8   2.000e+00 
 150101  0.920   4  2017  205  19.73  57959.017   78.8   1.667e+00 
 150103  0.690   3  2017  205  20.74  57959.060   78.7   7.048e-01 
 150105  0.460   2  2017  205  21.58  57959.095   78.7   5.583e-01 
 150106  0.800   4  2017  205  22.24  57959.122   78.7   5.150e-01 
 150108  0.800   4  2017  205  23.21  57959.163   78.7   6.032e-01 
 150109  0.400   2  2017  205  23.83  57959.188   78.6   1.034e+00 
 150110  0.400   2  2017  206   0.08  57959.199   78.6   9.984e-01 
 150111  0.850   6  2017  206   0.73  57959.226   78.6   2.087e-01 
 150112  0.567   4  2017  206   1.16  57959.244   78.6   2.115e-01 
 150196  0.690   3  2017  207  19.30  57961.000   77.3   3.858e+00 
 150197  0.690   3  2017  207  19.72  57961.017   77.3   3.004e+00 
 150198  0.567   4  2017  207  20.34  57961.043   77.3   2.572e+00 
 150199  0.850   6  2017  207  20.77  57961.061   77.2   2.473e+00 
 150200  0.400   2  2017  207  21.41  57961.088   77.2   2.102e+00 
 150201  0.400   2  2017  207  21.66  57961.098   77.2   1.709e+00 
 150204  0.600   3  2017  207  23.26  57961.165   77.2   5.399e-01 
 150260  0.667   1  2017  209   3.26  57962.332   76.2   3.931e-01 
 150261  0.667   1  2017  209   3.62  57962.347   76.2   6.125e-01 
 150262  1.333   2  2017  209   4.32  57962.375   76.1   4.800e-01 
 150647  0.425   3  2017  217   4.89  57970.399   74.1   2.716e-01 
 150648  0.425   3  2017  217   5.21  57970.413   74.1   9.873e-02 
 151120  1.311   2  2017  227   1.24  57980.247   78.8   5.904e-01 
 151122  0.850   6  2017  227   2.22  57980.288   78.8   1.199e+00 
 151123  0.567   4  2017  227   2.65  57980.306   78.8   1.620e+00 
 151124  0.567   4  2017  227   3.32  57980.334   78.8   1.676e+00 
 151218  0.658   1  2017  229   2.30  57982.291   79.5   4.984e-01 
 151219  0.658   1  2017  229   2.64  57982.306   79.5   3.754e-01 
 151220  1.316   2  2017  229   3.19  57982.328   79.5   6.066e-01 
 151255  0.395   3  2017  229  20.70  57983.058   79.8   1.158e+00 
 151264  1.551   2  2017  230   1.22  57983.246   80.0   1.305e+00 
 151266  0.776   1  2017  230   2.23  57983.288   80.0   1.223e+00 
 151267  0.776   1  2017  230   2.66  57983.307   80.0   1.521e+00 
 151270  0.343   1  2017  230   4.37  57983.377   80.1   6.792e-01 
 151271  0.343   1  2017  230   4.80  57983.396   80.1   1.247e+00 
 151300  0.333   1  2017  230  19.34  57984.001   80.5   3.791e+00 
 151305  0.800   4  2017  230  21.80  57984.104   80.5   9.168e-01 
 151312  0.776   1  2017  231   1.39  57984.253   80.6   2.472e+00 
 151313  0.776   1  2017  231   1.82  57984.272   80.6   2.814e+00 
 151315  0.776   1  2017  231   2.59  57984.304   80.7   1.556e+00 
 151316  0.776   1  2017  231   3.03  57984.322   80.7   1.281e+00 
 151317  0.776   1  2017  231   3.66  57984.348   80.7   6.401e-01 
 151318  0.776   1  2017  231   4.10  57984.366   80.7   4.383e-01 
 151396  0.333   1  2017  232  19.39  57986.004   82.3   4.772e+00 
 151397  0.333   1  2017  232  19.59  57986.012   82.3   4.128e+00 
 151455  0.978   2  2017  234   0.78  57987.228   85.4   2.948e-01 
 151456  0.978   2  2017  234   1.34  57987.251   85.5   1.194e-01 
 151458  0.978   2  2017  234   2.25  57987.289   85.7   1.534e-01 
 151459  0.978   2  2017  234   2.81  57987.312   85.8   1.659e-01 
 151461  0.978   2  2017  234   3.82  57987.355   85.9   8.133e-02 
 151462  0.978   2  2017  234   4.34  57987.376   86.0   1.202e-01 
 151492  0.333   1  2017  234  19.39  57988.004   88.2   3.628e+00 
 151493  0.333   1  2017  234  19.59  57988.012   88.3   2.732e+00 
 151508  1.500   1  2017  235   3.20  57988.329   88.8   4.009e-01 
 151540  0.667   1  2017  235  19.05  57988.990   90.1   4.845e+00 
 151593  0.400   2  2017  236  21.88  57990.107   92.6   7.760e-01 
 151594  0.400   2  2017  236  22.13  57990.118   92.7   8.692e-01 
 151648  0.776   1  2017  238   1.35  57991.252   94.9   3.038e-01 
 151649  0.776   1  2017  238   1.78  57991.270   95.0   2.961e-01 
 151834  0.333   1  2017  241  22.23  57995.122   98.5   1.158e+00 
 151835  0.667   2  2017  241  22.78  57995.145   98.5   8.950e-01 
 151836  1.000   3  2017  241  23.25  57995.164   98.5   9.256e-01 
 151837  1.000   3  2017  241  23.82  57995.188   98.5   6.251e-01 
 151838  0.333   1  2017  242   0.17  57995.203   98.5   7.592e-01 
 151839  1.000   3  2017  242   0.81  57995.229   98.5   4.320e-01 
 151840  0.500   2  2017  242   1.26  57995.248   98.5   3.831e-01 
 151841  0.833   5  2017  242   1.75  57995.269   98.5   3.826e-01 
 151842  0.667   4  2017  242   2.19  57995.287   98.5   7.602e-01 
 151843  0.339   2  2017  242   2.86  57995.315   98.5   2.228e+00 
 151844  0.672   4  2017  242   3.25  57995.331   98.5   2.490e+00 
 151845  0.833   5  2017  242   3.76  57995.352   98.5   2.046e+00 
 151846  0.500   3  2017  242   4.15  57995.369   98.5   1.519e+00 
 151847  1.012   3  2017  242   4.73  57995.393   98.5   4.979e-01 
 151848  0.337   1  2017  242   5.10  57995.408   98.5   5.432e-01 
 151888  0.333   2  2017  243   1.34  57996.251   98.4   1.893e-01 
 151889  0.833   5  2017  243   1.72  57996.267   98.4   1.355e-01 
 151890  0.500   3  2017  243   2.15  57996.285   98.4   1.767e-01 
 151891  1.000   3  2017  243   2.70  57996.308   98.4   3.513e-01 
 151892  0.667   2  2017  243   3.14  57996.326   98.4   4.216e-01 
 151893  1.000   3  2017  243   3.69  57996.350   98.4   1.462e+00 
 151894  0.667   2  2017  243   4.13  57996.368   98.4   1.341e+00 
 151895  1.012   3  2017  243   4.77  57996.394   98.4   6.545e-01 
 151896  0.337   1  2017  243   5.14  57996.410   98.4   4.798e-01 
 151938  0.420   1  2017  244   2.16  57997.286   98.2   5.895e-01 
 151939  0.840   2  2017  244   2.65  57997.306   98.2   8.594e-01 
 151940  0.840   2  2017  244   3.16  57997.327   98.2   1.172e+00 
 151941  0.840   2  2017  244   3.71  57997.350   98.2   1.418e+00 
 151942  0.840   2  2017  244   4.23  57997.372   98.2   1.241e+00 
 151943  0.840   2  2017  244   4.77  57997.394   98.2   1.152e+00 
 151988  0.420   1  2017  245   3.34  57998.335   97.8   1.155e+00 
 151989  0.840   2  2017  245   3.72  57998.351   97.8   1.173e+00 
 151990  0.840   2  2017  245   4.25  57998.373   97.8   1.181e+00 
 151991  0.840   2  2017  245   4.78  57998.395   97.8   6.813e-01 
 151992  0.420   1  2017  245   5.17  57998.411   97.8   6.388e-01 
 152452  0.500   1  2017  254  19.41  58008.004   94.7   5.104e+00 
 152453  1.000   2  2017  254  19.82  58008.022   94.7   4.375e+00 
 152454  0.500   1  2017  254  20.24  58008.039   94.7   3.464e+00 
 152455  1.000   2  2017  254  20.81  58008.063   94.7   1.667e+00 
 152456  0.500   1  2017  254  21.22  58008.080   94.7   1.220e+00 
 152457  1.000   2  2017  254  21.75  58008.102   94.7   6.214e-01 
 152458  0.500   1  2017  254  22.27  58008.123   94.7   3.731e-01 
 152459  1.000   2  2017  254  22.68  58008.141   94.7   4.239e-01 
 152460  0.500   1  2017  254  23.31  58008.167   94.7   2.563e-01 
 152461  1.000   2  2017  254  23.73  58008.184   94.7   2.253e-01 
 152462  0.500   1  2017  255   0.14  58008.202   94.7   3.439e-01 
 152463  0.500   1  2017  255   0.62  58008.222   94.7   3.380e-01 
 152501  1.000   2  2017  255  19.66  58009.015   94.9   2.414e+00 
 152502  1.000   2  2017  255  20.21  58009.038   94.9   4.699e+00 
 152503  0.500   1  2017  255  20.98  58009.070   94.9   3.890e+00 
 152504  0.500   1  2017  255  21.26  58009.081   94.9   2.362e+00 
 152505  0.500   1  2017  255  21.53  58009.093   94.9   1.588e+00 
 152506  1.000   2  2017  255  22.24  58009.122   94.9   2.336e+00 
 152507  1.000   2  2017  255  22.79  58009.145   94.9   3.020e+00 
 152510  0.500   1  2017  256   0.33  58009.209   94.9   4.439e+00 
 152511  1.000   2  2017  256   0.75  58009.227   94.9   3.618e+00 
 152512  0.500   1  2017  256   1.16  58009.244   94.9   3.121e+00 
 152513  1.000   2  2017  256   1.83  58009.272   94.9   1.327e+00 
 152514  0.500   1  2017  256   2.25  58009.289   94.9   6.371e-01 
 152515  0.500   1  2017  256   2.52  58009.301   94.9   2.546e-01 
 152516  1.000   2  2017  256   3.16  58009.327   94.9   1.302e-01 
 152517  1.000   2  2017  256   3.71  58009.350   94.9   5.260e-02 
 152518  0.500   1  2017  256   4.32  58009.375   94.9   1.140e-01 
 152519  0.500   1  2017  256   4.59  58009.387   94.9   4.709e-02 
 152549  0.500   1  2017  256  19.87  58010.024   94.9   2.786e+00 
 152550  1.000   2  2017  256  20.29  58010.041   94.9   3.037e+00 
 152551  0.500   1  2017  256  20.70  58010.058   94.9   2.637e+00 
 152552  0.500   1  2017  256  21.23  58010.080   94.9   2.500e+00 
 152553  1.000   2  2017  256  21.65  58010.097   94.9   2.031e+00 
 152554  0.500   1  2017  256  22.06  58010.115   94.9   1.797e+00 
 152555  1.000   2  2017  256  22.64  58010.139   94.9   2.921e+00 
 152556  1.000   2  2017  256  23.20  58010.162   94.9   2.476e+00 
 152557  0.500   1  2017  256  23.78  58010.186   94.9   1.921e+00 
 152559  0.500   1  2017  257   0.92  58010.234   94.9   5.369e-01 
 152560  0.500   1  2017  257   1.19  58010.245   94.9   8.002e-02 
 152658  1.000   3  2017  259   2.32  58012.292   94.5   1.435e+00 
 152659  0.667   2  2017  259   2.76  58012.311   94.5   1.597e+00 
 152697  0.667   2  2017  259  21.88  58013.107   94.0   2.146e+00 
 152698  0.667   2  2017  259  22.32  58013.126   93.9   1.923e+00 
 152795  0.656   1  2017  261  22.97  58015.152   89.0   2.970e-01 
 152796  0.656   1  2017  261  23.31  58015.167   88.9   1.821e-01 
 152798  1.047   1  2017  262   0.30  58015.208   88.9   3.326e-01 
 152799  1.047   1  2017  262   0.85  58015.231   88.8   8.001e-01 
 152801  1.017   3  2017  262   1.80  58015.270   88.8   1.793e+00 
 152802  0.339   1  2017  262   2.17  58015.286   88.8   2.417e+00 
 152803  0.506   1  2017  262   2.95  58015.319   88.7   2.209e+00 
 152804  0.506   1  2017  262   3.24  58015.330   88.7   1.207e+00 
 152805  1.012   2  2017  262   3.66  58015.348   88.7   5.232e-01 
 152937  0.339   1  2017  264  21.88  58018.107   84.3   2.788e-01 
 152938  1.017   3  2017  264  22.25  58018.123   84.3   5.442e-01 
 152940  1.047   1  2017  264  23.10  58018.158   84.2   2.980e-01 
 152941  1.047   1  2017  264  23.64  58018.181   84.2   1.692e-01 
 152943  0.678   2  2017  265   0.81  58018.229   84.1   3.199e-01 
 152944  0.678   2  2017  265   1.39  58018.253   84.1  -1.315e-02 
 152946  0.339   1  2017  265   2.34  58018.293   84.1   5.440e-01 
 152947  1.017   3  2017  265   2.70  58018.308   84.0   3.478e-02 
 152985  1.047   1  2017  265  21.72  58019.101   83.1   1.198e+00 
 152986  1.047   1  2017  265  22.27  58019.123   83.1   3.200e-01 
 152998  0.667   1  2017  266   4.19  58019.370   82.9   8.387e-01 
 153041  0.678   2  2017  267   1.64  58020.264   82.1   2.335e-01 
 153042  0.339   1  2017  267   2.10  58020.283   82.1   3.952e-01 
 153043  1.012   2  2017  267   2.70  58020.308   82.1   2.804e-01 
 153044  1.012   2  2017  267   3.26  58020.332   82.1   3.277e-01 
 153087  0.678   2  2017  268   0.88  58021.232   81.6   1.252e-01 
 153088  0.678   2  2017  268   1.24  58021.247   81.6   4.411e-02 
 153089  0.489   1  2017  268   1.86  58021.273   81.6   1.720e-01 
 153090  0.978   2  2017  268   2.25  58021.289   81.6   2.973e-01 
 153091  0.489   1  2017  268   2.64  58021.305   81.6   5.569e-01 
 153138  0.978   2  2017  269   2.19  58022.287   81.4   1.019e+00 
 153139  0.978   2  2017  269   2.70  58022.308   81.4   1.688e+00 
 153140  0.489   1  2017  269   3.33  58022.334   81.4   2.400e+00 
 153141  0.978   2  2017  269   3.71  58022.350   81.4   1.977e+00 
 153142  0.489   1  2017  269   4.10  58022.366   81.4   1.137e+00 
 153172  0.333   1  2017  269  19.41  58023.004   81.3   5.196e+00 
 153173  0.333   1  2017  269  19.62  58023.013   81.3   5.198e+00 
 153181  0.667   1  2017  269  23.64  58023.181   81.3   7.512e-02 
 153182  1.333   2  2017  270   0.21  58023.204   81.2   2.520e-01 
 153184  1.000   1  2017  270   1.01  58023.238   81.2   3.138e-01 
 153185  1.000   1  2017  270   1.55  58023.260   81.2   6.756e-01 
 153186  1.000   1  2017  270   2.10  58023.283   81.2   1.831e+00 
 153187  1.000   1  2017  270   2.87  58023.315   81.2   1.531e+00 
 153188  1.000   1  2017  270   3.41  58023.338   81.2   5.634e-01 
 153189  1.000   1  2017  270   3.96  58023.360   81.2   2.923e-01 
 153191  0.500   1  2017  270   4.66  58023.390   81.2   2.187e-01 
 153222  0.667   1  2017  270  20.15  58024.035   81.1   2.699e+00 
 153223  1.000   2  2017  270  20.80  58024.062   81.1   2.466e+00 
 153224  0.833   1  2017  270  21.46  58024.090   81.1   4.069e+00 
 153225  0.833   1  2017  270  21.92  58024.109   81.1   4.394e+00 
 153226  0.833   1  2017  270  22.39  58024.128   81.1   3.745e+00 
 153228  1.000   1  2017  270  23.17  58024.161   81.1   1.269e+00 
 153229  1.000   1  2017  270  23.71  58024.184   81.1   1.884e-01 
 153230  1.000   1  2017  271   0.23  58024.205   81.0   1.446e-01 
 153231  1.000   1  2017  271   0.92  58024.234   81.0   1.968e-01 
 153232  1.000   1  2017  271   1.47  58024.257   81.0   4.977e-01 
 153234  1.000   1  2017  271   2.02  58024.280   81.0   1.351e+00 
 153235  1.000   1  2017  271   2.74  58024.310   81.0   1.917e+00 
 153236  1.000   1  2017  271   3.29  58024.333   81.0   2.443e+00 
 153237  1.000   1  2017  271   3.81  58024.354   81.0   1.382e+00 
 153238  0.667   1  2017  271   4.45  58024.381   81.0   7.065e-01 
 153844  0.632   1  2017  283  19.38  58037.003   78.1   5.905e+00 
 153845  0.632   1  2017  283  19.74  58037.018   78.1   4.827e+00 
 153846  0.713   1  2017  283  20.47  58037.048   78.1   3.201e+00 
 153847  0.713   1  2017  283  20.85  58037.064   78.1   2.513e+00 
 153848  0.713   1  2017  283  21.22  58037.080   78.1   1.323e+00 
 153849  0.713   1  2017  283  21.60  58037.096   78.1   6.708e-01 
 153850  0.629   1  2017  283  22.18  58037.120   78.1   2.388e-01 
 153851  1.259   2  2017  283  22.68  58037.141   78.1   1.337e-01 
 153852  0.629   1  2017  283  23.46  58037.173   78.0  -6.129e-03 
 153853  0.629   1  2017  283  23.80  58037.187   78.0   6.903e-02 
 153892  0.333   2  2017  284  19.12  58037.992   77.6   4.599e+00 
 153893  0.632   1  2017  284  19.58  58038.012   77.6   4.035e+00 
 153894  0.632   1  2017  284  20.26  58038.040   77.6   1.625e+00 
 153895  0.632   1  2017  284  20.62  58038.055   77.6   8.652e-01 
 153896  0.713   1  2017  284  21.18  58038.078   77.6   1.324e+00 
 153897  1.426   2  2017  284  21.74  58038.102   77.6   1.504e+00 
 153898  0.713   1  2017  284  22.31  58038.125   77.5   3.776e-01 
 153899  0.632   1  2017  284  22.89  58038.149   77.5   2.343e-01 
 153901  1.263   2  2017  284  23.71  58038.183   77.5   2.277e-01 
 153903  1.426   2  2017  285   0.71  58038.225   77.5   5.864e-01 
 153904  0.713   1  2017  285   1.28  58038.249   77.5   8.632e-01 
 153905  0.713   1  2017  285   1.65  58038.265   77.5   1.114e+00 
 153907  0.713   1  2017  285   3.00  58038.320   77.4   2.189e+00 
 153908  0.713   1  2017  285   3.37  58038.336   77.4   2.001e+00 
 153909  0.713   1  2017  285   3.75  58038.352   77.4   1.755e+00 
 153910  0.713   1  2017  285   4.13  58038.368   77.4   1.347e+00 
 153941  0.467   1  2017  285  19.82  58039.021   77.1   5.315e+00 
 153942  0.933   2  2017  285  20.19  58039.037   77.1   6.091e+00 
 153943  0.467   1  2017  285  20.57  58039.052   77.1   6.412e+00 
 153945  0.933   2  2017  285  21.73  58039.101   77.1   2.819e+00 
 153946  0.933   2  2017  285  22.22  58039.122   77.1   1.201e+00 
 153947  0.933   2  2017  285  22.85  58039.148   77.0   4.620e-01 
 153948  0.933   2  2017  285  23.35  58039.168   77.0   3.372e-01 
 153988  0.667   1  2017  286  19.23  58039.997   76.6   5.350e+00 
 153989  0.667   1  2017  286  19.61  58040.013   76.6   4.672e+00 
 153990  0.667   1  2017  286  20.17  58040.036   76.6   5.287e+00 
 153991  0.667   1  2017  286  20.55  58040.052   76.6   5.162e+00 
 153992  0.667   1  2017  286  21.12  58040.076   76.6   2.638e+00 
 153993  0.667   1  2017  286  21.50  58040.091   76.6   1.430e+00 
 153994  0.667   1  2017  286  22.26  58040.123   76.5   9.269e-01 
 153995  0.667   1  2017  286  22.64  58040.139   76.5   6.470e-01 
 153996  1.000   2  2017  286  23.35  58040.168   76.5   1.286e+00 
 153998  0.667   1  2017  287   0.18  58040.203   76.5   1.391e+00 
 153999  0.667   1  2017  287   0.56  58040.219   76.5   9.114e-01 
 154000  1.000   1  2017  287   1.27  58040.248   76.5   9.349e-01 
 154001  1.000   1  2017  287   1.82  58040.271   76.5   2.244e+00 
 154003  1.000   1  2017  287   2.86  58040.315   76.4   7.365e-01 
 154004  1.000   1  2017  287   3.41  58040.338   76.4   3.436e-01 
 154005  0.500   1  2017  287   3.98  58040.362   76.4   3.052e-01 
 154006  0.500   1  2017  287   4.28  58040.374   76.4   2.324e-01 
 154036  0.667   1  2017  287  19.35  58041.002   76.1   6.748e+00 
 154037  0.667   1  2017  287  19.85  58041.023   76.1   6.528e+00 
 154038  0.667   1  2017  287  20.24  58041.039   76.1   4.617e+00 
 154039  0.667   1  2017  287  20.72  58041.059   76.1   2.451e+00 
 154040  0.667   1  2017  287  21.10  58041.075   76.0   2.479e+00 
 154041  0.667   1  2017  287  21.90  58041.108   76.0   6.179e-01 
 154042  0.667   1  2017  287  22.28  58041.124   76.0   8.412e-01 
 154043  0.556   2  2017  287  22.77  58041.144   76.0   7.585e-01 
 154045  1.000   1  2017  287  23.67  58041.182   76.0   1.959e-01 
 154046  1.000   1  2017  288   0.22  58041.205   76.0   1.340e-01 
 154047  0.667   1  2017  288   0.79  58041.228   76.0   1.995e-01 
 154048  0.667   1  2017  288   1.17  58041.244   76.0   4.282e-01 
 154049  1.000   1  2017  288   1.76  58041.269   76.0   6.627e-01 
 154050  1.000   1  2017  288   2.31  58041.292   76.0   8.711e-01 
 154054  0.800   2  2017  288   4.18  58041.370   75.9   1.409e+00 
 154084  0.472   1  2017  288  19.42  58042.005   75.7   4.883e+00 
 154085  0.472   1  2017  288  19.68  58042.016   75.6   4.591e+00 
 154086  1.044   2  2017  288  20.36  58042.044   75.6   2.552e+00 
 154088  1.533   2  2017  288  21.28  58042.082   75.6   1.733e+00 
 154089  0.722   1  2017  288  21.97  58042.111   75.6   1.189e+00 
 154090  0.722   1  2017  288  22.35  58042.127   75.6   1.237e+00 
 154093  0.489   1  2017  288  23.99  58042.195   75.6   8.982e-02 
 154094  0.489   1  2017  289   0.25  58042.206   75.6   1.218e-01 
 154095  0.978   2  2017  289   0.64  58042.222   75.6   7.278e-02 
 154096  0.506   1  2017  289   1.28  58042.249   75.5   1.259e-01 
 154097  1.012   2  2017  289   1.70  58042.266   75.5   1.136e-01 
 154133  0.639   1  2017  289  19.85  58043.023   75.2   6.988e+00 
 154134  0.639   1  2017  289  20.19  58043.037   75.2   5.913e+00 
 154145  0.739   2  2017  290   1.83  58043.272   75.1  -1.434e-02 
 154146  0.739   2  2017  290   2.22  58043.288   75.1  -1.920e-02 
 154147  0.522   1  2017  290   2.92  58043.317   75.1   7.439e-02 
 154148  0.522   1  2017  290   3.19  58043.328   75.1  -2.844e-02 
 154182  0.767   1  2017  290  20.37  58044.044   74.7   6.260e+00 
 154183  0.767   1  2017  290  20.76  58044.061   74.7   5.117e+00 
 154191  0.611   2  2017  291   0.89  58044.233   74.7   4.915e-02 
 154192  0.611   2  2017  291   1.29  58044.250   74.7   8.208e-02 
 154194  0.444   2  2017  291   2.30  58044.291   74.6   1.097e+00 
 154277  0.478   2  2017  292  19.76  58046.019   73.8   4.003e+00 
 154278  0.611   2  2017  292  20.34  58046.043   73.8   4.917e+00 
 154291  0.989   1  2017  293   2.88  58046.316   73.7   1.776e+00 
 154292  0.989   1  2017  293   3.42  58046.338   73.7   1.933e+00 
 154325  1.444   2  2017  293  19.77  58047.019   73.4   5.521e+00 
 154333  0.489   1  2017  293  23.97  58047.195   73.4   1.901e-01 
 154334  0.978   2  2017  294   0.36  58047.211   73.4   1.195e-01 
 154335  0.489   1  2017  294   0.75  58047.227   73.4   2.447e-01 
 154336  0.989   1  2017  294   1.42  58047.255   73.3   2.984e-01 
 154337  0.989   1  2017  294   1.96  58047.277   73.3   6.831e-01 
 154339  0.828   1  2017  294   2.77  58047.311   73.3   1.708e+00 
 154340  0.828   1  2017  294   3.21  58047.329   73.3   1.328e+00 
 154341  0.656   1  2017  294   3.73  58047.351   73.3   6.069e-01 
 154373  0.722   1  2017  294  19.70  58048.016   73.1   3.423e+00 
 154374  0.722   1  2017  294  20.08  58048.032   73.1   3.033e+00 
 154375  0.944   2  2017  294  20.81  58048.062   73.1   1.659e+00 
 154383  0.506   1  2017  295   0.81  58048.229   73.1   3.900e-01 
 154384  1.012   2  2017  295   1.23  58048.247   73.1   7.060e-01 
 154385  0.506   1  2017  295   1.65  58048.265   73.1   1.443e+00 
 154386  0.978   2  2017  295   2.33  58048.292   73.1   2.868e+00 
 154387  0.978   2  2017  295   2.84  58048.314   73.1   1.612e+00 
 154389  0.819   1  2017  295   3.58  58048.345   73.1   4.449e-01 
 154390  0.819   1  2017  295   4.00  58048.362   73.1   7.946e-02 
 154433  0.333   1  2017  296   1.96  58049.277   72.9   4.645e-01 
 154434  0.333   1  2017  296   2.27  58049.290   72.9   5.430e-01 
 154435  0.667   2  2017  296   2.72  58049.309   72.9   5.943e-01 
 154437  1.653   1  2017  296   3.80  58049.354   72.9   5.553e-01 
 154469  0.944   2  2017  296  19.77  58050.019   72.9   6.097e+00 
 154471  0.944   2  2017  296  20.76  58050.060   72.9   4.348e+00 
 154472  0.639   1  2017  296  21.21  58050.080   72.9   2.260e+00 
 154479  0.506   1  2017  297   0.79  58050.229   72.9   6.301e-02 
 154480  1.012   2  2017  297   1.21  58050.246   72.9  -7.733e-03 
 154481  0.506   1  2017  297   1.63  58050.264   72.9   7.290e-02 
 154482  0.978   2  2017  297   2.34  58050.293   72.8   3.730e-01 
 154483  0.978   2  2017  297   2.86  58050.315   72.8   8.813e-01 
 154485  0.828   1  2017  297   3.67  58050.348   72.8   6.749e-01 
 154486  0.828   1  2017  297   4.10  58050.367   72.8   5.917e-01 
 154517  0.753   1  2017  297  19.69  58051.016   72.8   5.126e+00 
 154518  0.753   1  2017  297  20.08  58051.032   72.8   5.179e+00 
 154525  0.978   2  2017  297  23.75  58051.185   72.8   1.515e-01 
 154526  0.978   2  2017  298   0.26  58051.207   72.8   1.547e-01 
 154567  1.278   2  2017  298  20.74  58052.060   72.7   2.033e+00 
 154613  0.500   1  2017  299  19.79  58053.020   72.5   4.683e+00 
 154614  1.000   2  2017  299  20.22  58053.038   72.5   4.317e+00 
 154615  0.500   1  2017  299  20.65  58053.056   72.5   3.897e+00 
 154671  0.840   2  2017  301   0.80  58054.229   72.4   4.605e-02 
 154672  0.840   2  2017  301   1.31  58054.250   72.4   9.325e-02 
 154674  0.978   2  2017  301   2.22  58054.288   72.4   1.970e-01 
 154675  0.978   2  2017  301   2.73  58054.309   72.4   1.172e-01 
 155143  0.833   1  2017  310  20.61  58064.054   71.7   4.424e+00 
 155144  0.833   1  2017  310  21.04  58064.072   71.7   2.606e+00 
 155334  0.713   1  2017  314  20.48  58068.049   70.9   3.342e+00 
 155335  0.713   1  2017  314  20.86  58068.065   70.9   3.102e+00 
 155336  0.713   1  2017  314  21.24  58068.080   70.9   2.088e+00 
 155337  0.713   1  2017  314  21.62  58068.096   70.9   1.214e+00 
 155339  0.963   1  2017  314  22.53  58068.134   70.9   2.367e-01 
 155340  0.963   1  2017  314  23.03  58068.155   70.9   2.360e-01 
 155341  0.963   1  2017  314  23.54  58068.176   70.9   2.424e-01 
 155342  0.963   1  2017  315   0.04  58068.197   70.9   2.197e-01 
 155343  0.629   1  2017  315   0.83  58068.230   70.9   3.592e-01 
 155344  0.629   1  2017  315   1.17  58068.244   70.9   5.209e-01 
 155345  0.629   1  2017  315   1.51  58068.258   70.9   7.713e-01 
 155346  0.963   1  2017  315   2.34  58068.293   70.9   1.276e+00 
 155347  0.963   1  2017  315   2.84  58068.314   70.9   1.471e+00 
 155348  0.963   1  2017  315   3.34  58068.335   70.9   1.337e+00 
 155349  0.963   1  2017  315   3.85  58068.356   70.9   7.935e-01 
 155380  0.632   1  2017  315  19.49  58069.008   70.9   4.003e+00 
 155382  1.263   2  2017  315  20.23  58069.039   70.9   1.596e+00 
 155384  0.629   1  2017  315  21.21  58069.079   70.9   7.142e-01 
 155385  1.259   2  2017  315  21.71  58069.100   70.9   4.328e-01 
 155387  0.963   1  2017  315  22.99  58069.153   70.9   3.536e-02 
 155388  0.963   1  2017  315  23.49  58069.174   70.9   1.785e-01 
 155389  0.963   1  2017  315  23.99  58069.195   70.9   4.537e-02 
 155390  0.963   1  2017  316   0.50  58069.216   70.9   3.502e-02 
 155392  0.713   1  2017  316   1.26  58069.248   70.9   6.833e-02 
 155393  0.713   1  2017  316   1.63  58069.264   70.9   1.916e-01 
 155394  1.426   2  2017  316   2.20  58069.287   70.8   3.036e-01 
 155395  0.632   1  2017  316   2.99  58069.320   70.8   1.343e-01 
 155396  0.526   1  2017  316   3.43  58069.338   70.8  -2.572e-02 
 155429  1.047   1  2017  316  19.97  58070.028   70.8   2.569e+00 
 155431  1.047   1  2017  316  20.52  58070.050   70.8   2.523e+00 
 155432  1.047   1  2017  316  21.36  58070.086   70.8   2.046e+00 
 155433  1.047   1  2017  316  21.91  58070.108   70.8   1.166e+00 
 155435  0.667   2  2017  316  22.73  58070.143   70.8   1.425e-01 
 155436  0.333   1  2017  316  23.05  58070.156   70.8   2.393e-01 
 155478  1.047   1  2017  317  20.04  58071.030   70.8   2.478e+00 
 155479  1.047   1  2017  317  20.59  58071.053   70.8   2.450e+00 
 155480  0.506   1  2017  317  21.27  58071.082   70.8   2.538e+00 
 155481  1.012   2  2017  317  21.69  58071.099   70.7   2.241e+00 
 155482  0.506   1  2017  317  22.11  58071.117   70.7   1.241e+00 
 155486  0.489   1  2017  318   0.41  58071.213   70.7   1.851e-01 
 155487  0.978   2  2017  318   0.79  58071.229   70.7   1.136e-01 
 155488  0.489   1  2017  318   1.18  58071.245   70.7   7.714e-02 
 155489  0.806   1  2017  318   1.84  58071.272   70.7   2.316e-01 
 155490  0.806   1  2017  318   2.25  58071.289   70.7   2.184e-01 
 155492  1.778   2  2017  318   3.25  58071.331   70.7   6.350e-01 
 155536  1.012   2  2017  319   1.31  58072.250   70.7   1.936e-01 
 155537  0.506   1  2017  319   1.73  58072.268   70.7   3.797e-01 
 155538  0.506   1  2017  319   2.01  58072.279   70.7   3.674e-01 
 155540  0.654   1  2017  319   3.42  58072.338   70.7   8.109e-01 
 155576  1.012   2  2017  319  21.21  58073.079   70.6   1.182e+00 
 155577  1.012   2  2017  319  21.77  58073.103   70.6   1.109e+00 
 155579  0.708   5  2017  319  22.76  58073.144   70.6   1.121e-01 
 155580  0.425   3  2017  319  23.11  58073.158   70.6   4.133e-02 
 155581  0.889   1  2017  319  23.78  58073.187   70.6   1.072e-01 
 155583  0.889   1  2017  320   0.88  58073.232   70.6   1.322e-01 
 155584  0.889   1  2017  320   1.38  58073.253   70.6   2.610e-01 
 155586  1.012   2  2017  320   2.30  58073.291   70.6   1.269e-01 
 155587  1.012   2  2017  320   2.86  58073.315   70.6   6.284e-01 
 155627  0.667   2  2017  320  22.81  58074.146   70.5   1.351e-01 
 155628  0.667   2  2017  320  23.24  58074.164   70.5   1.839e-01 
 155630  1.656   2  2017  321   0.26  58074.206   70.5   3.520e-01 
 155632  0.333   1  2017  321   1.29  58074.249   70.5   2.423e+00 
 155633  1.000   3  2017  321   1.72  58074.267   70.5   3.771e+00 
 155635  0.828   1  2017  321   2.62  58074.305   70.5   2.314e+00 
 155636  0.828   1  2017  321   3.06  58074.323   70.5   1.634e+00 
 155675  0.708   5  2017  321  22.76  58075.144   70.4   2.692e-01 
 155676  0.567   4  2017  321  23.15  58075.160   70.4   2.016e-01 
 155677  0.567   4  2017  321  23.81  58075.188   70.4   1.959e-01 
 155678  0.708   5  2017  322   0.20  58075.204   70.4   9.331e-02 
 155679  0.667   2  2017  322   0.83  58075.230   70.4   1.096e-01 
 155680  0.667   2  2017  322   1.26  58075.248   70.4   4.334e-01 
 155720  1.012   2  2017  322  21.17  58076.077   70.4   3.353e+00 
 155721  1.012   2  2017  322  21.73  58076.101   70.4   2.321e+00 
 155725  0.850   6  2017  322  23.75  58076.185   70.4   1.724e-01 
 155726  0.425   3  2017  323   0.14  58076.201   70.4   2.453e-01 
 155862  1.012   2  2017  325  20.23  58079.038   70.3   1.089e+00 
 155863  1.012   2  2017  325  20.79  58079.062   70.3   9.286e-01 
 155865  0.889   1  2017  325  21.68  58079.099   70.3   7.560e-01 
 155866  0.889   1  2017  325  22.18  58079.120   70.3   6.663e-01 
 155867  0.828   1  2017  325  22.84  58079.147   70.3   9.147e-01 
 155868  0.828   1  2017  325  23.28  58079.166   70.3   8.629e-01 
 155872  0.828   1  2017  326   1.08  58079.240   70.3   9.528e-01 
 155873  0.828   1  2017  326   1.51  58079.259   70.3   9.994e-01 
 155915  0.420   1  2017  326  22.76  58080.144   70.3   6.567e-01 
 155916  0.840   2  2017  326  23.15  58080.160   70.3   5.399e-01 
 155917  0.420   1  2017  326  23.54  58080.176   70.3   2.607e-01 
 155918  0.840   2  2017  327   0.23  58080.205   70.3   2.715e-01 
 155919  0.840   2  2017  327   0.75  58080.227   70.3   1.910e-01 
 155920  0.600   2  2017  327   1.39  58080.253   70.3   1.207e-01 
 155922  0.611   1  2017  327   2.34  58080.293   70.3   1.978e-01 
 155923  0.611   1  2017  327   2.68  58080.307   70.3   1.952e-01 
 156773  0.632   1  2017  344  19.93  58098.026   69.4   2.303e+00 
 156774  0.632   1  2017  344  20.29  58098.041   69.4   1.925e+00 
 156775  0.629   1  2017  344  20.78  58098.061   69.4   1.393e+00 
 156776  1.259   2  2017  344  21.28  58098.082   69.4   8.019e-01 
 156778  0.715   1  2017  344  22.31  58098.125   69.4   1.126e-01 
 156779  0.715   1  2017  344  22.72  58098.142   69.4   1.136e-01 
 156780  0.715   1  2017  344  23.12  58098.159   69.4   1.117e-01 
 156781  0.930   2  2017  344  23.76  58098.186   69.4   1.148e-01 
 156783  0.339   1  2017  345   0.96  58098.236   69.4  -1.295e-02 
 156784  0.678   2  2017  345   1.24  58098.247   69.4   1.821e-01 
 156821  0.465   1  2017  345  19.87  58099.023   69.4   2.151e+00 
 156822  0.465   1  2017  345  20.15  58099.035   69.4   1.824e+00 
 156823  0.713   1  2017  345  20.74  58099.060   69.4   1.877e+00 
 156824  1.426   2  2017  345  21.31  58099.083   69.4   1.462e+00 
 156825  0.713   1  2017  345  21.87  58099.107   69.5   1.696e+00 
 156826  0.629   1  2017  345  22.49  58099.133   69.5   6.334e-01 
 156827  0.629   1  2017  345  22.83  58099.147   69.5   2.540e-01 
 156828  0.629   1  2017  345  23.17  58099.161   69.5   1.860e-01 
 156829  0.930   2  2017  345  23.81  58099.188   69.5   1.502e-01 
 156833  0.708   5  2017  346   1.75  58099.269   69.5   1.825e-01 
 156834  0.425   3  2017  346   2.10  58099.283   69.5   1.350e-01 
 157068  0.611   1  2017  350  23.30  58104.167   69.5   3.818e-02 
 157069  0.611   1  2017  350  23.64  58104.181   69.5   5.884e-02 
 157070  0.889   1  2017  351   0.32  58104.209   69.5   3.978e-01 
 157071  0.889   1  2017  351   0.81  58104.229   69.5   9.089e-01 
 157073  0.708   5  2017  351   1.74  58104.268   69.5   1.986e+00 
 157074  0.567   4  2017  351   2.13  58104.284   69.5   1.956e+00 
 157075  0.656   1  2017  351   2.80  58104.312   69.5   1.308e+00 
 157076  0.656   1  2017  351   3.14  58104.326   69.5   6.758e-01 
 157111  0.667   1  2017  351  20.94  58105.068   69.5   2.244e+00 
 157163  0.840   2  2017  352  22.83  58106.147   69.6   1.603e-01 
 157164  0.840   2  2017  352  23.35  58106.168   69.6  -1.792e-02 
 157255  0.989   1  2017  354  20.68  58108.057   69.6   2.798e+00 
 157256  0.420   1  2017  354  21.45  58108.089   69.7   8.207e-01 
 157257  0.840   2  2017  354  21.83  58108.105   69.7   4.231e-01 
 157258  0.420   1  2017  354  22.22  58108.121   69.7   2.540e-01 
 157261  0.989   1  2017  354  23.71  58108.183   69.7   1.153e-01 
 157262  0.567   4  2017  355   0.36  58108.211   69.7   6.646e-02 
 157263  0.708   5  2017  355   0.75  58108.227   69.7   1.639e-01 
 157303  0.828   1  2017  355  20.79  58109.062   69.7   1.926e+00 
 157304  0.828   1  2017  355  21.22  58109.080   69.7   1.696e+00 
 157305  0.500   1  2017  355  21.99  58109.112   69.7   1.484e+00 
 157306  0.500   1  2017  355  22.27  58109.123   69.7   1.260e+00 
 157307  1.000   2  2017  355  22.68  58109.141   69.7   8.733e-01 
 157308  0.889   1  2017  355  23.33  58109.168   69.7   6.302e-01 
 157309  0.889   1  2017  355  23.82  58109.188   69.7   3.763e-01 
 157350  0.500   1  2017  356  20.40  58110.045   69.7   3.137e+00 
 157351  1.000   2  2017  356  20.81  58110.063   69.7   2.604e+00 
 157352  0.500   1  2017  356  21.23  58110.080   69.7   1.814e+00 
 157361  0.556   2  2017  357   1.73  58110.268   69.7   2.110e-01 
 157364  0.708   5  2017  357   3.24  58110.331   69.7   1.714e-01 
 157365  0.425   3  2017  357   3.59  58110.345   69.7   1.069e-01 
 157401  0.944   2  2017  357  21.69  58111.099   69.6   2.967e-01 
 157508  0.444   2  2017  360   3.43  58113.338   69.4   4.333e-02 
 157649  0.639   1  2017  363   1.95  58116.277   69.3   1.814e-02 
 157650  0.639   1  2017  363   2.29  58116.291   69.3  -4.898e-02 
 157975  0.989   1  2018    4  20.91  58123.067   68.9   9.591e-01 
 158215  0.678   1  2018    9  20.84  58128.064   68.0   1.747e+00 
 158216  0.678   1  2018    9  21.20  58128.079   68.0   1.241e+00 
 158217  0.678   1  2018    9  21.67  58128.099   68.0   8.985e-01 
 158218  1.028   2  2018    9  22.30  58128.125   68.0   3.248e-01 
 158219  0.514   1  2018    9  22.72  58128.142   68.0   3.444e-01 
 158220  0.678   1  2018    9  23.15  58128.160   68.0   1.661e-01 
 158221  1.357   2  2018    9  23.73  58128.184   68.0   1.330e-01 
 158222  0.678   1  2018   10   0.31  58128.208   68.0   2.362e-01 
 158223  0.678   1  2018   10   0.75  58128.227   68.0   4.435e-01 
 158224  0.678   1  2018   10   1.21  58128.246   68.0   4.190e-01 
 158225  0.678   1  2018   10   1.57  58128.261   68.0   4.542e-01 
 158226  1.357   2  2018   10   2.18  58128.287   68.0   2.844e-01 
 158227  0.678   1  2018   10   2.89  58128.316   68.0   2.766e-01 
 158228  0.678   1  2018   10   3.24  58128.331   68.0   2.992e-01 
 158229  0.678   1  2018   10   3.68  58128.349   68.0   1.516e-01 
 158263  0.678   1  2018   10  20.82  58129.063   68.0   1.756e+00 
 158264  0.678   1  2018   10  21.17  58129.078   68.0   1.190e+00 
 158265  0.678   1  2018   10  21.67  58129.098   68.0   6.979e-01 
 158266  0.678   1  2018   10  22.02  58129.113   68.0   4.610e-01 
 158267  1.357   2  2018   10  22.70  58129.141   68.0   3.663e-01 
 158268  0.678   1  2018   10  23.39  58129.170   68.0   2.721e-01 
 158269  0.678   1  2018   10  23.76  58129.186   68.0   1.761e-01 
 158270  0.678   1  2018   11   0.22  58129.205   68.0   2.824e-01 
 158271  0.678   1  2018   11   0.68  58129.224   68.0   1.592e-01 
 158272  1.357   2  2018   11   1.25  58129.248   68.0   5.815e-01 
 158273  0.678   1  2018   11   1.82  58129.271   68.0   6.558e-01 
 158274  0.678   1  2018   11   2.30  58129.291   68.0   5.413e-01 
 158275  0.678   1  2018   11   2.65  58129.306   68.0   4.855e-01 
 158276  1.357   2  2018   11   3.26  58129.331   68.0   7.354e-01 
 158311  0.678   1  2018   11  20.68  58130.057   68.0   3.309e+00 
 158312  1.357   2  2018   11  21.25  58130.081   68.0   1.600e+00 
 158313  0.678   1  2018   11  21.82  58130.105   68.0   7.160e-01 
 158314  0.678   1  2018   11  22.35  58130.127   68.0   3.531e-01 
 158315  0.584   1  2018   11  22.68  58130.140   68.0   2.305e-01 
 158316  0.678   1  2018   11  23.21  58130.162   68.0   9.051e-02 
 158317  1.357   2  2018   11  23.78  58130.186   68.0   9.184e-02 
 158318  0.678   1  2018   12   0.35  58130.210   68.0   1.191e-01 
 158319  0.678   1  2018   12   0.83  58130.230   68.0   1.331e-01 
 158320  0.678   1  2018   12   1.18  58130.245   68.0   3.362e-02 
 158321  1.357   2  2018   12   1.80  58130.270   68.0   1.332e-01 
 158322  0.678   1  2018   12   2.45  58130.298   68.0   1.270e-01 
 158323  0.678   1  2018   12   2.80  58130.312   68.0   1.046e-01 
 158324  0.678   1  2018   12   3.23  58130.330   68.0   2.044e-01 
 158325  0.678   1  2018   12   3.58  58130.345   67.9   2.730e-01 
 158409  0.611   1  2018   13  21.67  58132.098   67.9   6.454e-01 
 158410  0.611   1  2018   13  22.01  58132.113   67.9   4.690e-01 
 158418  1.000   2  2018   14   2.15  58132.285   67.9   1.070e+00 
 158419  1.000   2  2018   14   2.69  58132.308   67.9   7.374e-01 
 158420  1.000   2  2018   14   3.32  58132.334   67.9   4.413e-01 
 158421  1.000   2  2018   14   3.85  58132.356   67.9   1.288e-01 
 158455  0.833   1  2018   14  20.64  58133.055   67.9   2.727e+00 
 158456  0.833   1  2018   14  21.07  58133.074   67.9   2.562e+00 
 158457  0.833   1  2018   14  21.51  58133.092   67.9   1.880e+00 
 158465  0.500   1  2018   15   1.74  58133.268   67.9   8.108e-01 
 158466  1.000   2  2018   15   2.14  58133.285   67.9   1.051e+00 
 158467  0.500   1  2018   15   2.55  58133.302   67.9   8.582e-01 
 158468  1.000   2  2018   15   3.19  58133.328   67.9   4.228e-01 
 158469  1.000   2  2018   15   3.73  58133.351   67.9   2.300e-01 
 158513  0.500   1  2018   16   1.85  58134.273   67.8   8.053e-01 
 158514  1.000   2  2018   16   2.26  58134.290   67.8   1.093e+00 
 158515  0.500   1  2018   16   2.66  58134.306   67.8   1.452e+00 
 158551  0.989   1  2018   16  20.62  58135.055   67.8   1.549e+00 
 158599  0.989   1  2018   17  20.99  58136.070   67.8   1.965e+00 
 158608  0.942   3  2018   18   1.19  58136.245   67.8   2.220e-02 
 158609  0.942   3  2018   18   1.75  58136.268   67.8   7.020e-02 
 158610  0.628   2  2018   18   2.24  58136.289   67.8   2.060e-01 
 158611  0.942   3  2018   18   2.71  58136.309   67.8   8.844e-02 
 158612  0.942   3  2018   18   3.29  58136.333   67.8   2.870e-01 
 158648  0.611   1  2018   18  21.42  58137.088   67.8   1.964e+00 
 158649  0.611   1  2018   18  21.76  58137.102   67.8   1.279e+00 
 158655  0.556   2  2018   19   0.83  58137.230   67.8   1.134e-01 
 158657  0.656   1  2018   19   1.82  58137.271   67.8   8.023e-01 
 158658  0.656   1  2018   19   2.16  58137.286   67.8   1.257e+00 
 158659  0.500   1  2018   19   2.74  58137.310   67.8   8.781e-01 
 158660  1.000   2  2018   19   3.15  58137.327   67.8   5.366e-01 
 158661  0.500   1  2018   19   3.55  58137.343   67.8   5.295e-01 
 158698  0.989   1  2018   19  22.36  58138.127   67.8   3.251e-01 
 158704  0.389   1  2018   20   1.33  58138.251   67.8   3.770e-01 
 158705  0.778   2  2018   20   1.70  58138.266   67.8   5.052e-01 
 158706  0.389   1  2018   20   2.07  58138.282   67.8   3.479e-01 
 158707  0.333   1  2018   20   2.82  58138.313   67.8   9.932e-01 
 158708  0.333   1  2018   20   3.01  58138.321   67.8   5.097e-01 
 158709  1.500   1  2018   20   3.60  58138.346   67.7   4.031e-01 
 158744  0.989   1  2018   20  21.13  58139.076   67.7   9.664e-01 
 158747  0.339   1  2018   20  22.81  58139.146   67.7  -9.248e-02 
 158748  0.339   1  2018   20  23.17  58139.161   67.7   6.978e-02 
 158751  0.942   3  2018   21   0.74  58139.227   67.7   6.678e-01 
 158752  0.628   2  2018   21   1.23  58139.247   67.7   5.811e-01 
 158753  0.942   3  2018   21   1.73  58139.267   67.7   6.725e-01 
 158754  0.628   2  2018   21   2.17  58139.286   67.7   5.879e-01 
 158755  0.942   3  2018   21   2.71  58139.308   67.7   8.593e-01 
 158756  0.942   3  2018   21   3.24  58139.331   67.7   8.294e-01 
 159762  0.667   2  2018   42   2.33  58160.293   70.3   2.064e+00 
 159899  0.989   1  2018   44  22.72  58163.142   70.4   3.455e-01 
 159904  1.572   1  2018   45   1.07  58163.240   70.4   1.359e+00 
 159957  1.311   2  2018   46   3.76  58164.352   70.3   1.296e-01 
 160040  0.533   2  2018   47  21.28  58166.082   70.3   3.402e-01 
 160041  0.533   2  2018   47  21.63  58166.097   70.3   2.096e-01 
 160044  0.700   3  2018   47  23.24  58166.164   70.3   1.328e-01 
 160048  0.467   2  2018   48   1.28  58166.249   70.3   6.951e-01 
 160049  0.967   3  2018   48   1.79  58166.270   70.3   1.305e+00 
 160050  0.500   1  2018   48   2.29  58166.291   70.3   1.742e+00 
 160051  0.500   3  2018   48   2.78  58166.311   70.3   1.964e+00 
 160052  0.667   4  2018   48   3.28  58166.332   70.3   1.486e+00 
 160053  0.333   2  2018   48   3.76  58166.352   70.3   7.628e-01 
 160054  0.500   3  2018   48   4.21  58166.371   70.3   2.217e-01 
 160086  0.800   3  2018   48  20.22  58167.038   70.3   2.386e+00 
 160087  0.533   2  2018   48  20.78  58167.061   70.3   6.687e-01 
 160088  0.533   2  2018   48  21.13  58167.076   70.3   4.097e-01 
 160091  0.800   3  2018   48  22.70  58167.141   70.3   2.264e-01 
 160092  0.800   3  2018   48  23.32  58167.167   70.2   4.434e-02 
 160094  1.000   1  2018   49   0.27  58167.207   70.2   3.889e-02 
 160095  1.000   1  2018   49   0.95  58167.235   70.2   6.284e-02 
 160097  1.267   2  2018   49   1.63  58167.263   70.2   3.836e-01 
 160098  0.533   2  2018   49   2.25  58167.289   70.2   9.017e-01 
 160102  0.800   3  2018   49   4.25  58167.373   70.2   5.576e-01 
 160136  0.556   2  2018   49  21.27  58168.082   70.1   1.581e-01 
 160138  0.389   1  2018   49  22.34  58168.127   70.1   1.200e-01 
 160139  0.778   2  2018   49  22.72  58168.142   70.1   1.411e-01 
 160140  0.389   1  2018   49  23.09  58168.158   70.1   3.423e-01 
 160141  0.556   2  2018   49  23.81  58168.188   70.1   3.269e-01 
 160145  0.783   1  2018   50   1.68  58168.266   70.1   4.771e-01 
 160146  0.783   1  2018   50   2.10  58168.283   70.0   4.152e-01 
 160186  0.556   2  2018   50  22.28  58169.124   69.8   5.824e-01 
 160189  0.778   2  2018   50  23.66  58169.181   69.8   9.638e-02 
 160191  1.572   1  2018   51   0.67  58169.223   69.8   2.739e-01 
 160235  0.556   2  2018   51  22.70  58170.141   69.5   2.207e-01 
 160237  0.656   1  2018   51  23.66  58170.182   69.5   8.015e-04 
 160238  0.656   1  2018   52   0.01  58170.196   69.5   4.816e-02 
 160245  0.690   3  2018   52   3.72  58170.351   69.5   2.110e-01 
 160246  0.690   3  2018   52   4.15  58170.368   69.5   2.221e-01 
 160279  0.828   1  2018   52  20.62  58171.055   69.3   2.539e+00 
 160280  0.828   1  2018   52  21.06  58171.073   69.2   1.639e+00 
 160281  0.828   1  2018   52  21.85  58171.106   69.2   6.254e-01 
 160282  0.828   1  2018   52  22.29  58171.124   69.2   5.001e-01 
 160290  0.920   4  2018   53   2.26  58171.290   69.2   2.184e-01 
 160292  0.690   3  2018   53   3.28  58171.332   69.2   1.243e-01 
 160293  0.690   3  2018   53   3.70  58171.350   69.2   5.499e-03 
 160333  0.656   1  2018   53  23.85  58172.189   68.9   1.336e-01 
 160334  0.656   1  2018   54   0.20  58172.204   68.9   8.088e-02 
 160337  0.690   3  2018   54   1.73  58172.268   68.8   1.399e+00 
 160338  0.460   2  2018   54   2.09  58172.283   68.8   1.263e+00 
 160339  0.500   1  2018   54   2.75  58172.310   68.8   2.011e-01 
 160340  0.500   1  2018   54   3.02  58172.321   68.8  -8.859e-03 
 160432  0.678   2  2018   56   1.16  58174.244   68.1   1.484e+00 
 160433  0.611   2  2018   56   1.85  58174.273   68.1   1.621e+00 
 160435  0.333   1  2018   56   2.88  58174.316   68.1   9.763e-01 
 160436  1.000   3  2018   56   3.27  58174.332   68.1   6.732e-01 
 160806  0.989   1  2018   63  20.21  58182.038   66.9   2.926e+00 
 161000  0.556   2  2018   67  21.22  58186.080   67.0   2.177e+00 
 161045  1.000   3  2018   68  19.72  58187.017   67.0   3.515e+00 
 161046  1.000   3  2018   68  20.31  58187.042   67.0   2.163e+00 
 161047  0.667   2  2018   68  20.79  58187.062   67.0   1.853e+00 
 161053  1.572   1  2018   68  23.65  58187.181   67.0   1.220e-01 
 161055  1.311   2  2018   69   0.79  58187.228   67.0   2.238e-01 
 161056  0.656   1  2018   69   1.44  58187.256   67.0   5.944e-01 
 161057  0.656   1  2018   69   1.79  58187.270   67.0   1.273e+00 
 161093  0.333   1  2018   69  19.76  58188.019   67.1   6.071e+00 
 161094  1.000   3  2018   69  20.22  58188.038   67.1   4.428e+00 
 161098  0.828   1  2018   69  22.25  58188.122   67.1   6.401e-01 
 161099  0.828   1  2018   69  22.68  58188.141   67.1   1.070e+00 
 161100  0.505   3  2018   69  23.37  58188.169   67.1   9.886e-01 
 161101  0.673   4  2018   69  23.74  58188.185   67.1   9.057e-01 
 161102  0.673   4  2018   70   0.22  58188.205   67.1   4.628e-01 
 161103  0.673   4  2018   70   0.72  58188.226   67.1   4.612e-01 
 161104  0.673   4  2018   70   1.30  58188.250   67.1   4.726e-01 
 161105  0.673   4  2018   70   1.73  58188.268   67.1   4.059e-01 
 161106  0.334   2  2018   70   2.14  58188.285   67.1   5.238e-01 
 161110  1.311   2  2018   70   4.32  58188.376   67.1   4.578e-01 
 161144  0.783   1  2018   70  21.43  58189.088   67.1   1.151e+00 
 161145  0.783   1  2018   70  21.85  58189.106   67.1   6.103e-01 
 161153  0.460   2  2018   71   1.84  58189.272   67.1   3.399e-01 
 161154  0.920   4  2018   71   2.27  58189.290   67.1   4.331e-01 
 161157  1.333   2  2018   71   3.70  58189.350   67.1   7.496e-01 
 161159  0.667   1  2018   71   4.69  58189.391   67.1   3.457e-01 
 161189  0.500   1  2018   71  19.90  58190.025   67.1   7.060e+00 
 161190  1.000   2  2018   71  20.31  58190.042   67.1   5.534e+00 
 161191  0.500   1  2018   71  20.73  58190.059   67.1   4.663e+00 
 161192  0.500   1  2018   71  21.22  58190.080   67.1   2.389e+00 
 161193  1.000   2  2018   71  21.64  58190.097   67.1   1.219e+00 
 161194  0.632   2  2018   71  22.14  58190.118   67.1   5.576e-01 
 161205  0.667   1  2018   72   3.89  58190.358   67.1   5.435e-01 
 161206  0.667   1  2018   72   4.24  58190.372   67.1   3.049e-01 
 161237  0.500   1  2018   72  19.81  58191.021   67.1   5.082e+00 
 161238  1.000   2  2018   72  20.23  58191.038   67.1   3.566e+00 
 161239  0.490   2  2018   72  20.75  58191.060   67.1   1.945e+00 
 161240  0.333   1  2018   72  21.03  58191.072   67.1   1.463e+00 
 161241  0.333   1  2018   72  21.95  58191.110   67.1   4.397e-01 
 161242  0.667   2  2018   72  22.24  58191.122   67.1   2.909e-01 
 161243  0.333   1  2018   72  22.53  58191.134   67.1   8.635e-02 
 161244  1.000   2  2018   72  23.14  58191.160   67.1   1.660e-02 
 161245  1.000   2  2018   72  23.69  58191.183   67.1   3.578e-02 
 161285  1.000   2  2018   73  19.82  58192.022   67.1   3.895e+00 
 161286  0.500   1  2018   73  20.24  58192.039   67.1   4.201e+00 
 161287  0.500   1  2018   73  20.51  58192.050   67.1   5.274e+00 
 161288  1.000   2  2018   73  21.27  58192.082   67.1   4.443e+00 
 161289  1.000   2  2018   73  21.83  58192.105   67.1   2.582e+00 
 161293  1.572   1  2018   73  23.90  58192.191   67.1   1.464e-01 
 161295  0.667   1  2018   74   0.88  58192.232   67.1   1.390e-01 
 161296  0.667   1  2018   74   1.23  58192.247   67.1   1.828e-01 
 161297  0.667   1  2018   74   1.89  58192.274   67.1   1.019e+00 
 161298  0.667   1  2018   74   2.24  58192.289   67.1   1.532e+00 
 161301  0.407   3  2018   74   3.70  58192.350   67.1   1.003e+00 
 161334  1.000   3  2018   74  20.24  58193.039   67.1   4.011e+00 
 161335  0.333   1  2018   74  20.67  58193.057   67.1   2.494e+00 
 161336  0.583   1  2018   74  21.27  58193.082   67.1   1.606e+00 
 161337  1.167   2  2018   74  21.75  58193.102   67.1   5.117e-01 
 161338  0.583   1  2018   74  22.23  58193.122   67.1   1.024e-01 
 161342  0.656   1  2018   75   0.30  58193.208   67.1   4.663e-01 
 161343  0.656   1  2018   75   0.65  58193.223   67.1   3.839e-01 
 161345  1.572   1  2018   75   1.53  58193.259   67.1   1.867e-01 
 161387  0.850   6  2018   75  22.75  58194.144   67.2   4.898e-01 
 161388  0.567   4  2018   75  23.19  58194.162   67.2   3.694e-01 
 161390  1.572   1  2018   76   0.05  58194.198   67.2   8.983e-01 
 161392  1.572   1  2018   76   1.11  58194.242   67.2   1.456e+00 
 161394  1.500   1  2018   76   2.22  58194.288   67.2   1.522e+00 
 161397  0.650   5  2018   76   3.73  58194.351   67.2   1.714e+00 
 161398  0.436   2  2018   76   4.32  58194.376   67.2   1.441e+00 
 161430  0.989   1  2018   76  20.32  58195.042   67.2   2.705e+00 
 161431  0.989   1  2018   76  20.86  58195.065   67.2   2.008e+00 
 161433  0.989   1  2018   76  21.69  58195.099   67.2   5.995e-01 
 161434  0.989   1  2018   76  22.23  58195.122   67.2   2.637e-01 
 161436  1.572   1  2018   76  23.05  58195.156   67.2   1.834e-01 
 161438  1.333   2  2018   77   0.20  58195.204   67.2   6.358e-02 
 161440  1.333   2  2018   77   1.22  58195.246   67.2   1.212e-01 
 161441  0.656   1  2018   77   1.91  58195.275   67.2   1.049e-01 
 161442  0.656   1  2018   77   2.26  58195.290   67.2   2.595e-01 
 161446  1.311   2  2018   77   4.18  58195.370   67.2   6.892e-01 
 161483  0.337   2  2018   77  22.92  58196.150   67.2   1.877e+00 
 161484  0.505   3  2018   77  23.26  58196.165   67.2   1.373e+00 
 161485  0.673   4  2018   77  23.70  58196.183   67.2   4.503e-01 
 161486  0.673   4  2018   78   0.28  58196.207   67.2   5.167e-01 
 161487  0.673   4  2018   78   0.76  58196.227   67.2   4.192e-01 
 161488  0.673   4  2018   78   1.27  58196.248   67.2   4.020e-01 
 161489  0.334   2  2018   78   1.70  58196.266   67.2   2.651e-02 
 161490  0.667   1  2018   78   2.38  58196.295   67.2   7.227e-01 
 161491  0.667   1  2018   78   2.73  58196.309   67.2   1.228e+00 
 161492  0.667   1  2018   78   3.36  58196.336   67.2   1.549e+00 
 161493  0.667   1  2018   78   3.71  58196.350   67.2   7.271e-01 
 161527  0.806   5  2018   78  20.73  58197.059   67.2   3.178e+00 
 161529  1.533   2  2018   78  21.78  58197.103   67.2   1.763e+00 
 161531  0.767   1  2018   78  22.65  58197.139   67.2   4.152e-01 
 161532  0.928   2  2018   78  23.12  58197.159   67.2   1.732e-01 
 161533  0.806   5  2018   78  23.77  58197.186   67.2   2.051e-01 
 161535  0.656   1  2018   79   0.84  58197.230   67.2   1.930e-01 
 161536  0.656   1  2018   79   1.18  58197.245   67.2   7.043e-02 
 161537  0.667   1  2018   79   1.82  58197.271   67.2   1.528e-01 
 161538  0.667   1  2018   79   2.17  58197.286   67.2   1.251e-01 
 161539  0.667   1  2018   79   2.75  58197.310   67.2   8.899e-01 
 161540  0.667   1  2018   79   3.11  58197.325   67.2   1.750e+00 
 161573  0.890   3  2018   79  19.73  58198.018   67.3   4.237e+00 
 161577  0.460   2  2018   79  21.88  58198.107   67.3   1.711e-01 
 161578  0.690   3  2018   79  22.24  58198.122   67.3   2.129e-01 
 161579  0.897   2  2018   79  22.81  58198.146   67.3   1.005e-01 
 161581  1.653   1  2018   79  23.75  58198.185   67.3   6.749e-02 
 161582  0.417   2  2018   80   0.43  58198.213   67.3   2.734e-01 
 161583  0.833   4  2018   80   0.77  58198.227   67.3   3.140e-01 
 161584  0.417   2  2018   80   1.10  58198.241   67.3   3.875e-01 
 161585  1.311   2  2018   80   1.74  58198.268   67.3   4.955e-01 
 161587  0.656   1  2018   80   2.69  58198.308   67.3   1.192e+00 
 161588  0.656   1  2018   80   3.03  58198.322   67.3   1.121e+00 
 161622  1.333   2  2018   80  20.29  58199.041   67.3   3.463e+00 
 161624  0.516   1  2018   80  21.39  58199.087   67.3   1.600e+00 
 161625  0.516   1  2018   80  21.71  58199.100   67.3   8.830e-01 
 161628  0.417   2  2018   80  23.35  58199.169   67.3   2.562e-02 
 161629  1.042   5  2018   80  23.74  58199.185   67.3   5.436e-02 
 161630  0.864   2  2018   81   0.38  58199.211   67.3   8.342e-02 
 161631  0.656   1  2018   81   0.82  58199.230   67.3   1.576e-02 
 161632  0.656   1  2018   81   1.49  58199.258   67.3   9.370e-02 
 161633  0.656   1  2018   81   1.84  58199.272   67.3   6.469e-02 
 161635  0.667   1  2018   81   2.67  58199.307   67.3   3.618e-01 
 161669  1.278   2  2018   81  19.75  58200.019   67.3   3.355e+00 
 161671  0.889   1  2018   81  20.66  58200.056   67.3   1.796e+00 
 161672  0.889   1  2018   81  21.15  58200.077   67.3   1.493e+00 
 161674  0.806   5  2018   81  22.29  58200.124   67.3   5.034e-01 
 161676  0.639   1  2018   81  23.20  58200.162   67.3   1.233e-01 
 161677  0.639   1  2018   81  23.54  58200.177   67.3   9.279e-02 
 161678  0.656   1  2018   82   0.22  58200.205   67.3   9.338e-02 
 161679  0.656   1  2018   82   0.57  58200.219   67.3  -3.797e-03 
 161680  0.656   1  2018   82   1.20  58200.246   67.3   1.406e-01 
 161681  0.656   1  2018   82   1.55  58200.260   67.3   5.043e-02 
 161682  1.311   2  2018   82   2.26  58200.290   67.3   1.623e-01 
 161684  1.311   2  2018   82   3.25  58200.331   67.3   3.647e-01 
 161685  0.390   3  2018   82   3.87  58200.357   67.3   4.546e-01 
 161686  0.650   5  2018   82   4.24  58200.372   67.3   5.919e-01 
 161718  0.700   3  2018   82  20.25  58201.040   67.3   4.554e+00 
 161719  0.700   3  2018   82  20.68  58201.057   67.3   4.047e+00 
 161720  0.639   1  2018   82  21.36  58201.085   67.3   2.225e+00 
 161721  0.639   1  2018   82  21.70  58201.100   67.3   1.664e+00 
 161727  0.656   1  2018   83   0.80  58201.229   67.3   1.216e-01 
 161728  0.656   1  2018   83   1.15  58201.243   67.3   7.089e-02 
 161729  0.656   1  2018   83   1.76  58201.269   67.3   6.897e-02 
 161730  0.656   1  2018   83   2.10  58201.283   67.3   2.957e-01 
 161731  0.656   1  2018   83   2.69  58201.308   67.3   8.046e-01 
 161732  0.656   1  2018   83   3.04  58201.322   67.3   1.286e+00 
 161733  1.533   2  2018   83   3.74  58201.352   67.3   1.546e+00 
 161773  0.667   2  2018   83  23.90  58202.191   67.3   2.804e-01 
 161774  0.333   1  2018   84   0.19  58202.203   67.3   2.143e-01 
 161775  0.656   1  2018   84   0.78  58202.228   67.3  -2.702e-02 
 161776  0.656   1  2018   84   1.13  58202.243   67.3   5.138e-02 
 161777  0.767   1  2018   84   1.94  58202.276   67.3   3.724e-02 
 161778  0.767   1  2018   84   2.34  58202.293   67.3   1.239e-01 
 161779  0.333   1  2018   84   2.91  58202.317   67.3   1.986e-01 
 161780  0.667   2  2018   84   3.23  58202.330   67.3   8.108e-01 
 161781  0.333   1  2018   84   3.55  58202.343   67.3   1.000e+00 
 161782  0.650   5  2018   84   4.23  58202.372   67.3   6.739e-01 
 161783  0.390   3  2018   84   4.60  58202.387   67.3   5.749e-01 
 161823  0.833   4  2018   85   0.70  58203.225   67.4   1.498e-01 
 161824  0.833   4  2018   85   1.22  58203.246   67.4   1.040e-01 
 161825  0.625   3  2018   85   1.61  58203.263   67.4   1.403e-01 
 161826  1.311   2  2018   85   2.25  58203.289   67.4   2.281e-01 
 161827  0.333   1  2018   85   2.96  58203.319   67.4   6.602e-01 
 161828  0.667   2  2018   85   3.28  58203.332   67.4   6.602e-01 
 161829  0.333   1  2018   85   3.61  58203.346   67.4   8.194e-01 
 161830  0.667   2  2018   85   4.28  58203.374   67.4   5.565e-01 
 161831  0.667   2  2018   85   4.66  58203.390   67.4   5.007e-01 
 161874  0.656   1  2018   86   2.43  58204.297   67.4   5.806e-01 
 161875  0.656   1  2018   86   2.77  58204.311   67.4   1.029e+00 
 161879  1.000   3  2018   86   4.75  58204.393   67.4   5.829e-01 
 162246  0.433   2  2018   93  20.46  58212.048   68.0   3.623e+00 
 162293  0.800   1  2018   94  19.65  58213.014   68.1   5.843e+00 
 162294  0.800   1  2018   94  20.07  58213.032   68.1   4.918e+00 
 162441  0.767   1  2018   97  21.67  58216.099   68.7   7.097e-01 
 162442  0.767   1  2018   97  22.07  58216.115   68.7   6.033e-01 
 162443  0.819   1  2018   97  22.76  58216.144   68.7   8.714e-01 
 162444  0.819   1  2018   97  23.19  58216.162   68.7   7.033e-01 
 162446  0.656   1  2018   98   0.47  58216.215   68.7   6.610e-02 
 162447  0.656   1  2018   98   0.81  58216.229   68.8   7.171e-02 
 162448  0.656   1  2018   98   1.43  58216.255   68.8   1.365e-01 
 162449  0.656   1  2018   98   1.78  58216.270   68.8   1.925e-01 
 162451  0.744   2  2018   98   2.77  58216.311   68.8   4.575e-01 
 162452  0.744   2  2018   98   3.16  58216.327   68.8   9.741e-01 
 162453  0.819   1  2018   98   3.69  58216.349   68.8   5.804e-01 
 162454  0.819   1  2018   98   4.12  58216.367   68.8   3.779e-01 
 162494  0.656   1  2018   99   0.46  58217.215   69.1   2.179e-01 
 162495  0.656   1  2018   99   0.80  58217.229   69.1   3.141e-01 
 162496  0.656   1  2018   99   1.45  58217.256   69.1   3.021e-01 
 162497  0.656   1  2018   99   1.80  58217.270   69.1   2.899e-01 
 162498  0.667   2  2018   99   2.30  58217.292   69.1   3.433e-01 
 162499  0.667   2  2018   99   2.73  58217.309   69.1   2.544e-01 
 162543  1.311   2  2018  100   0.77  58218.228   69.4   2.966e-01 
 162545  1.311   2  2018  100   1.74  58218.268   69.4   4.307e-02 
 162549  1.011   1  2018  100   3.58  58218.345   69.5   5.490e-01 
 162550  1.044   1  2018  100   4.23  58218.372   69.5   7.465e-01 
 162630  0.500   1  2018  101  20.32  58220.042   69.9   2.425e+00 
 162631  1.000   2  2018  101  20.74  58220.060   69.9   1.963e+00 
 162632  0.630   2  2018  101  21.22  58220.080   69.9   1.112e+00 
 162633  0.650   5  2018  101  21.77  58220.102   69.9   1.708e+00 
 162645  0.389   2  2018  102   3.90  58220.358   69.9   6.758e-01 
 162646  0.583   3  2018  102   4.26  58220.373   69.9   4.764e-01 
 162735  0.667   4  2018  104   0.73  58222.226   70.1   3.939e-01 
 162737  1.000   3  2018  104   1.75  58222.268   70.1   2.284e-01 
 162738  0.333   1  2018  104   2.13  58222.285   70.1   1.587e-01 
 162739  0.500   3  2018  104   2.76  58222.311   70.1   4.979e-01 
 162740  0.333   2  2018  104   3.11  58222.325   70.2   4.128e-01 
 162741  0.389   2  2018  104   3.90  58222.358   70.2   8.919e-01 
 162742  0.583   3  2018  104   4.26  58222.373   70.2   6.864e-01 
 162780  0.667   1  2018  104  23.46  58223.173   70.2   1.704e-01 
 162781  0.667   1  2018  104  23.85  58223.189   70.2   1.369e-02 
 162782  0.656   1  2018  105   0.44  58223.214   70.3   1.272e-01 
 162783  0.656   1  2018  105   0.79  58223.228   70.3   2.126e-01 
 162784  0.656   1  2018  105   1.46  58223.256   70.3   7.304e-02 
 162785  0.656   1  2018  105   1.81  58223.271   70.3   2.495e-01 
 162786  0.667   2  2018  105   2.37  58223.294   70.3   7.703e-01 
 162787  0.667   2  2018  105   2.80  58223.312   70.3   6.651e-01 
 162791  0.839   2  2018  105   4.70  58223.391   70.3   1.378e-01 
 162822  0.339   1  2018  105  20.41  58224.046   70.4   2.889e+00 
 162823  1.017   3  2018  105  20.77  58224.061   70.4   2.310e+00 
 162824  0.339   1  2018  105  21.12  58224.076   70.4   1.826e+00 
 162829  0.656   1  2018  105  23.86  58224.190   70.4   7.954e-01 
 162830  0.656   1  2018  106   0.20  58224.204   70.4   8.591e-01 
 162831  0.656   1  2018  106   0.92  58224.234   70.4   1.158e+00 
 162832  0.656   1  2018  106   1.26  58224.248   70.4   1.157e+00 
 162869  0.800   1  2018  106  19.85  58225.023   70.6   3.361e+00 
 162870  0.800   1  2018  106  20.28  58225.041   70.6   2.405e+00 
 162884  0.889   1  2018  107   3.18  58225.328   70.6   1.224e-01 
 162885  0.889   1  2018  107   3.68  58225.349   70.6   3.375e-01 
 162887  1.044   1  2018  107   4.53  58225.384   70.6   6.184e-01 
 162918  0.678   2  2018  107  20.25  58226.039   70.7   3.317e+00 
 162919  1.017   3  2018  107  20.70  58226.058   70.7   2.862e+00 
 162921  0.483   3  2018  107  21.86  58226.106   70.7   9.505e-01 
 162922  0.806   5  2018  107  22.28  58226.124   70.7   1.286e+00 
 162927  0.383   3  2018  108   0.79  58226.228   70.7   5.153e-01 
 162930  0.500   2  2018  108   2.24  58226.289   70.7   5.475e-01 
 162931  0.633   2  2018  108   2.82  58226.313   70.7   2.942e-01 
 162932  0.767   2  2018  108   3.29  58226.333   70.7   2.925e-01 
 162933  0.383   1  2018  108   3.62  58226.346   70.7   3.829e-01 
 162965  1.017   3  2018  108  19.79  58227.020   70.8   3.896e+00 
 162966  0.678   2  2018  108  20.23  58227.039   70.8   3.773e+00 
 162967  0.800   1  2018  108  20.76  58227.061   70.8   2.034e+00 
 162968  0.800   1  2018  108  21.19  58227.078   70.8   1.370e+00 
 162969  0.483   3  2018  108  21.86  58227.106   70.8   1.075e+00 
 162970  0.806   5  2018  108  22.28  58227.124   70.8   1.181e+00 
 162971  0.889   1  2018  108  22.96  58227.152   70.8   5.338e-01 
 162972  0.889   1  2018  108  23.45  58227.173   70.8   5.360e-01 
 162976  1.058   3  2018  109   1.24  58227.247   70.8   8.905e-02 
 162977  0.353   1  2018  109   1.63  58227.263   70.8   2.421e-02 
 162981  0.764   4  2018  109   3.72  58227.351   70.8   8.679e-01 
 162982  0.382   2  2018  109   4.06  58227.365   70.8   4.992e-01 
 162983  1.011   1  2018  109   4.86  58227.398   70.8   1.916e-01 
 163016  0.483   3  2018  109  21.35  58228.085   70.8   9.633e-01 
 163017  0.806   5  2018  109  21.77  58228.103   70.8   5.110e-01 
 163018  0.353   1  2018  109  22.35  58228.127   70.8   5.194e-01 
 163019  1.058   3  2018  109  22.74  58228.143   70.8   4.533e-01 
 163021  0.353   1  2018  109  23.90  58228.192   70.8   3.444e-03 
 163022  1.058   3  2018  110   0.29  58228.208   70.8   1.331e-02 
 163028  0.780   6  2018  110   3.25  58228.331   70.8   6.532e-01 
 163029  0.463   2  2018  110   3.86  58228.357   70.8   2.610e-01 
 163030  0.667   2  2018  110   4.27  58228.373   70.8   1.872e-01 
 163031  0.333   1  2018  110   4.56  58228.385   70.8   1.587e-01 
 163075  0.367   2  2018  111   2.84  58229.314   70.9   4.448e-01 
 163114  0.644   4  2018  111  22.25  58230.122   70.9   7.305e-01 
 163115  0.483   3  2018  111  22.64  58230.139   70.9   4.698e-01 
 163116  0.656   1  2018  111  23.17  58230.161   70.9   2.410e-01 
 163117  1.311   2  2018  111  23.74  58230.185   70.9   1.713e-01 
 163118  0.656   1  2018  112   0.32  58230.209   70.9   2.275e-01 
 163119  0.889   1  2018  112   0.84  58230.231   70.9   4.734e-01 
 163120  0.889   1  2018  112   1.34  58230.251   70.9   4.607e-01 
 163121  0.889   1  2018  112   1.91  58230.275   70.9   3.978e-01 
 163122  0.889   1  2018  112   2.41  58230.296   70.9   1.329e-01 
 163126  0.889   1  2018  112   4.01  58230.363   70.9   8.416e-02 
 163127  0.889   1  2018  112   4.50  58230.383   70.9  -9.340e-02 
 163170  0.415   3  2018  113   2.37  58231.294   70.9   5.986e-01 
 163172  1.200   1  2018  113   3.04  58231.322   70.9   9.015e-01 
 163173  0.778   4  2018  113   3.75  58231.352   70.9   1.451e+00 
 163174  0.389   2  2018  113   4.18  58231.370   70.9   1.227e+00 
 163175  1.106   1  2018  113   4.73  58231.393   70.9   6.971e-01 
 163222  0.889   1  2018  114   4.38  58232.378   70.9   2.281e-01 
 163223  0.889   1  2018  114   4.88  58232.399   71.0   1.215e-01 
 163416  0.457   3  2018  118   5.19  58236.412   71.2   5.095e-01 
 163684  0.667   2  2018  123  19.33  58242.001   71.4   1.921e+00 
 163685  0.333   1  2018  123  19.65  58242.014   71.4   1.136e+00 
 163731  0.333   1  2018  124  18.90  58242.983   71.2   3.811e+00 
 163732  0.667   2  2018  124  19.22  58242.996   71.2   2.810e+00 
 163733  0.483   3  2018  124  19.85  58243.022   71.2   1.713e+00 
 163734  0.806   5  2018  124  20.27  58243.040   71.2   1.442e+00 
 163735  0.739   1  2018  124  20.86  58243.065   71.2   6.605e-01 
 163828  0.644   4  2018  126  19.26  58244.998   70.8   7.456e+00 
 163829  0.483   3  2018  126  19.63  58245.013   70.8   7.480e+00 
 163830  0.806   5  2018  126  20.27  58245.040   70.8   3.251e+00 
 163831  0.644   4  2018  126  20.76  58245.061   70.8   1.632e+00 
 163832  0.644   4  2018  126  21.26  58245.081   70.8   1.526e+00 
 163833  0.483   3  2018  126  21.62  58245.097   70.8   2.065e+00 
 163834  1.333   2  2018  126  22.27  58245.123   70.8   4.603e+00 
 163878  0.500   1  2018  127  20.27  58246.040   70.7   2.737e+00 
 163879  1.000   2  2018  127  20.69  58246.058   70.7   2.141e+00 
 163880  0.500   1  2018  127  21.10  58246.075   70.7   1.713e+00 
 163883  0.640   2  2018  127  22.77  58246.144   70.7   3.469e+00 
 163884  0.960   3  2018  127  23.21  58246.162   70.7   3.481e+00 
 163885  0.640   2  2018  127  23.71  58246.183   70.7   2.569e+00 
 163886  0.960   3  2018  128   0.21  58246.204   70.7   1.468e+00 
 163887  0.640   2  2018  128   0.64  58246.222   70.7   7.468e-01 
 164019  0.667   2  2018  130  18.80  58248.979   70.9   4.770e+00 
 164116  0.806   5  2018  132  19.22  58250.996   71.3   2.676e+00 
 164117  0.644   4  2018  132  19.77  58251.019   71.3   1.429e+00 
 164118  0.806   5  2018  132  20.27  58251.040   71.3   6.312e-01 
 164127  0.344   1  2018  133   0.94  58251.235   71.3   1.773e+00 
 164128  0.344   1  2018  133   1.12  58251.242   71.3   1.410e+00 
 164133  0.450   1  2018  133   3.75  58251.352   71.3   1.730e-01 
 164134  0.900   2  2018  133   4.16  58251.369   71.3   3.861e-01 
 164135  0.450   1  2018  133   4.57  58251.386   71.4   3.214e-01 
 164164  0.500   1  2018  133  19.44  58252.005   71.4   3.013e+00 
 164165  1.000   2  2018  133  19.85  58252.023   71.4   2.249e+00 
 164166  0.500   1  2018  133  20.27  58252.040   71.4   1.682e+00 
 164169  0.500   1  2018  133  21.88  58252.107   71.4   9.798e-01 
 164170  1.000   2  2018  133  22.30  58252.125   71.5   1.015e+00 
 164171  0.500   1  2018  133  22.71  58252.142   71.5   8.471e-01 
 164177  0.497   2  2018  134   1.59  58252.262   71.5   3.531e-01 
 164178  0.609   4  2018  134   2.25  58252.289   71.5   1.251e-01 
 164179  0.761   5  2018  134   2.82  58252.313   71.5   1.368e-01 
 164222  0.344   1  2018  135   0.37  58253.211   71.7   7.362e-01 
 164223  0.344   1  2018  135   0.55  58253.219   71.7   6.635e-01 
 164224  1.639   2  2018  135   1.25  58253.248   71.7   2.331e-01 
 164226  0.600   2  2018  135   2.25  58253.289   71.8   1.266e-01 
 164231  0.667   1  2018  135   4.66  58253.390   71.8   1.535e-02 
 164260  1.111   2  2018  135  19.16  58253.994   72.0   3.573e+00 
 164261  0.894   2  2018  135  19.74  58254.018   72.0   2.176e+00 
 164262  0.678   2  2018  135  20.24  58254.039   72.0   1.257e+00 
 164263  0.678   2  2018  135  20.59  58254.054   72.0   8.788e-01 
 164269  0.533   2  2018  135  23.82  58254.188   72.1   4.897e-01 
 164270  0.344   1  2018  136   0.39  58254.212   72.1  -5.339e-03 
 164272  0.333   2  2018  136   1.38  58254.253   72.1   6.425e-01 
 164273  0.500   3  2018  136   1.73  58254.268   72.1   4.031e-01 
 164274  1.056   2  2018  136   2.41  58254.296   72.1  -1.548e-02 
 164277  1.144   1  2018  136   3.66  58254.348   72.1   4.068e-02 
 164279  1.011   1  2018  136   4.59  58254.387   72.1   1.652e-01 
 164308  1.106   2  2018  136  19.18  58254.995   72.3   2.809e+00 
 164309  0.553   1  2018  136  19.62  58255.013   72.3   1.826e+00 
 164310  1.106   2  2018  136  20.17  58255.036   72.3   1.316e+00 
 164311  0.553   1  2018  136  20.61  58255.054   72.3   1.087e+00 
 164317  0.533   2  2018  136  23.89  58255.191   72.4   1.701e-01 
 164318  0.344   1  2018  137   0.39  58255.212   72.4   2.558e-01 
 164319  0.539   2  2018  137   0.69  58255.224   72.4   2.286e-01 
 164320  0.583   3  2018  137   1.32  58255.250   72.4   1.785e-01 
 164322  0.500   3  2018  137   2.22  58255.288   72.4   4.644e-01 
 164323  0.556   3  2018  137   2.81  58255.313   72.4   7.997e-01 
 164324  0.583   3  2018  137   3.26  58255.331   72.4   6.962e-01 
 164326  1.311   1  2018  137   4.12  58255.367   72.5   4.588e-01 
 164358  0.509   1  2018  137  20.23  58256.039   72.7   1.200e+00 
 164359  1.018   2  2018  137  20.65  58256.056   72.7   7.335e-01 
 164360  0.509   1  2018  137  21.07  58256.074   72.7   6.074e-01 
 164361  1.000   2  2018  137  21.79  58256.103   72.7   4.794e-01 
 164362  0.500   1  2018  137  22.23  58256.122   72.7   4.807e-01 
 164363  0.500   1  2018  137  22.53  58256.134   72.7   4.159e-01 
 164364  0.500   1  2018  137  23.23  58256.164   72.8   4.950e-02 
 164365  1.000   2  2018  137  23.68  58256.182   72.8   3.336e-01 
 164366  0.500   1  2018  138   0.12  58256.201   72.8   2.311e-01 
 164371  0.819   1  2018  138   2.97  58256.319   72.8   7.889e-01 
 164372  0.819   1  2018  138   3.39  58256.337   72.8   9.538e-01 
 164374  1.077   6  2018  138   4.25  58256.373   72.8   6.402e-01 
 164406  1.072   1  2018  138  20.04  58257.031   73.1   1.099e+00 
 164407  1.000   2  2018  138  20.74  58257.060   73.1   7.465e-01 
 164408  1.000   2  2018  138  21.34  58257.085   73.1   9.150e-01 
 164410  1.000   2  2018  138  22.33  58257.126   73.1   7.880e-01 
 164411  0.500   1  2018  138  22.77  58257.144   73.1   5.767e-01 
 164412  0.500   1  2018  138  23.07  58257.157   73.1   6.189e-01 
 164413  1.000   2  2018  138  23.84  58257.189   73.1   2.303e-01 
 164414  0.500   1  2018  139   0.28  58257.207   73.1   8.726e-02 
 164415  0.500   1  2018  139   0.58  58257.220   73.1   2.924e-01 
 164423  0.539   1  2018  139   4.85  58257.398   73.2   2.178e-01 
 164452  0.500   3  2018  139  19.21  58257.996   73.4   2.934e+00 
 164457  1.125   3  2018  139  21.72  58258.101   73.4   1.144e+00 
 164458  0.375   1  2018  139  22.14  58258.118   73.4   7.309e-01 
 164459  1.050   3  2018  139  22.71  58258.142   73.4   4.020e-01 
 164460  0.350   1  2018  139  23.11  58258.158   73.4   5.100e-01 
 164461  0.750   2  2018  139  23.79  58258.187   73.4   4.102e-01 
 164462  0.750   2  2018  140   0.21  58258.205   73.4   2.419e-01 
 164463  0.667   2  2018  140   0.79  58258.228   73.4   3.009e-01 
 164464  0.667   2  2018  140   1.17  58258.244   73.4   2.878e-01 
 164465  0.667   2  2018  140   1.73  58258.268   73.4   3.644e-01 
 164466  0.667   2  2018  140   2.11  58258.284   73.4   4.526e-01 
 164467  0.875   3  2018  140   2.73  58258.309   73.4   4.660e-01 
 164468  0.458   2  2018  140   3.19  58258.329   73.5   5.150e-01 
 164469  0.500   3  2018  140   3.64  58258.347   73.5   1.493e+00 
 164504  1.000   4  2018  140  21.24  58259.081   73.6   7.856e-01 
 164506  1.125   3  2018  140  22.26  58259.123   73.7   4.932e-01 
 164507  0.375   1  2018  140  22.68  58259.141   73.7   5.558e-01 
 164508  1.000   3  2018  140  23.24  58259.164   73.7   3.422e-01 
 164509  0.333   1  2018  140  23.62  58259.180   73.7   2.815e-01 
 164510  0.500   3  2018  141   0.29  58259.208   73.7   2.669e-01 
 164511  0.750   2  2018  141   0.88  58259.232   73.7   6.754e-01 
 164512  0.750   2  2018  141   1.30  58259.250   73.7   1.946e-01 
 164513  0.375   3  2018  141   1.88  58259.274   73.7   9.900e-01 
 164514  0.375   3  2018  141   2.28  58259.290   73.7   4.601e-01 
 164757  0.472   1  2018  146   3.83  58264.355   74.0   5.353e-01 
 164758  0.944   2  2018  146   4.22  58264.371   74.0   8.274e-01 
 165076  1.011   1  2018  152  19.31  58271.000   74.1   3.823e+00 
 165077  0.589   1  2018  152  19.86  58271.023   74.1   2.614e+00 
 165460  0.500   2  2018  160  19.27  58278.999   75.5   2.204e+00 
 165464  0.472   1  2018  160  21.29  58279.083   75.5   1.090e+00 
 165465  0.943   2  2018  160  21.68  58279.099   75.5   7.650e-01 
 165466  0.472   1  2018  160  22.07  58279.115   75.6   8.895e-01 
 165467  0.689   2  2018  160  22.88  58279.149   75.6   2.467e-01 
 165470  0.944   2  2018  161   0.31  58279.209   75.6   4.687e-01 
 165471  0.944   2  2018  161   0.83  58279.230   75.6   2.559e-01 
 165516  0.344   1  2018  161  23.09  58280.158   75.6   1.168e+00 
 165517  0.944   2  2018  161  23.85  58280.189   75.6   1.023e+00 
 165518  0.472   1  2018  162   0.24  58280.206   75.6   8.707e-01 
 165519  0.472   1  2018  162   0.50  58280.216   75.6   3.321e-01 
 165521  0.944   2  2018  162   1.69  58280.266   75.6   3.763e-01 
 165522  0.944   2  2018  162   2.21  58280.288   75.6   1.638e-01 
 165565  0.689   2  2018  162  23.61  58281.179   75.5   5.326e-01 
 165566  0.900   3  2018  163   0.24  58281.205   75.5   7.279e-01 
 165568  0.472   1  2018  163   1.34  58281.251   75.5   1.830e-01 
 165569  0.944   2  2018  163   1.73  58281.267   75.5   8.289e-02 
 165570  0.472   1  2018  163   2.12  58281.284   75.5   2.206e-01 
 165571  0.828   1  2018  163   2.75  58281.310   75.5   5.365e-02 
 165572  0.828   1  2018  163   3.19  58281.329   75.5   1.983e-01 
 165575  0.667   1  2018  163   4.85  58281.397   75.5   2.378e-01 
 165576  0.667   1  2018  163   5.20  58281.412   75.5   2.073e-01 
 165614  0.689   2  2018  164   0.23  58282.205   75.4   2.766e-01 
 165615  0.772   1  2018  164   0.74  58282.226   75.4   3.492e-01 
 165616  0.772   1  2018  164   1.18  58282.245   75.4   1.737e-01 
 165658  0.344   1  2018  164  22.48  58283.132   75.3   5.721e-01 
 165659  0.344   1  2018  164  22.67  58283.140   75.3   5.593e-02 
 165666  0.944   2  2018  165   2.17  58283.286   75.2   1.351e-01 
 165667  0.944   2  2018  165   2.68  58283.307   75.2   8.489e-02 
 165669  1.000   2  2018  165   3.67  58283.348   75.2   1.477e-01 
 165670  1.000   2  2018  165   4.22  58283.371   75.2   2.760e-01 
 165708  0.472   1  2018  165  23.45  58284.173   75.0   5.928e-01 
 165709  0.944   2  2018  165  23.84  58284.189   75.0   5.166e-01 
 165710  0.472   1  2018  166   0.22  58284.205   75.0   2.635e-01 
 165719  0.656   1  2018  166   4.83  58284.397   75.0   2.154e-01 
 165720  0.656   1  2018  166   5.18  58284.411   75.0   1.481e-01 
 165747  0.667   1  2018  166  18.99  58284.987   74.9   4.052e+00 
 165748  0.667   1  2018  166  19.37  58285.003   74.9   2.351e+00 
 165845  0.600   2  2018  168  19.73  58287.017   74.5   1.718e+00 
 165846  0.900   3  2018  168  20.26  58287.040   74.5   1.524e+00 
 165904  0.344   1  2018  170   1.07  58288.240   74.4   3.554e-01 
 165947  0.344   1  2018  170  22.96  58289.152   74.3   1.033e+00 
 165948  0.344   1  2018  170  23.15  58289.160   74.3   1.630e+00 
 165954  0.359   2  2018  171   2.26  58289.290   74.3   6.599e-01 
 165956  0.667   1  2018  171   3.28  58289.332   74.2   1.018e-01 
 165957  0.667   1  2018  171   3.63  58289.347   74.2   2.037e-01 
 165958  1.000   2  2018  171   4.18  58289.370   74.2   1.272e-01 
 165959  0.667   1  2018  171   4.72  58289.392   74.2   3.712e-01 
 165960  0.667   1  2018  171   5.08  58289.407   74.2   3.579e-01 
 166007  0.333   1  2018  172   4.84  58290.397   74.2   4.785e-01 
 166008  1.000   3  2018  172   5.23  58290.413   74.2   5.064e-01 
 166100  0.847   1  2018  174   3.38  58292.337   74.2   9.676e-01 
 166101  0.656   1  2018  174   3.99  58292.362   74.2   6.503e-01 
 166102  0.656   1  2018  174   4.34  58292.376   74.2   7.300e-01 
 166103  0.656   1  2018  174   4.84  58292.397   74.2   7.199e-01 
 166151  0.554   1  2018  175   4.80  58293.396   74.4   3.156e-01 
 166200  0.867   1  2018  176   5.13  58294.410   74.4   1.473e-01 
 166566  0.472   1  2018  183  20.43  58302.047   74.7   1.180e+00 
 166567  0.943   2  2018  183  20.81  58302.063   74.7   9.957e-01 
 166568  0.472   1  2018  183  21.20  58302.079   74.7   9.593e-01 
 166666  0.723   3  2018  185  22.30  58304.125   74.0   7.353e-01 
 166667  0.713   2  2018  185  22.79  58304.145   74.0   8.451e-01 
 166668  0.943   2  2018  185  23.28  58304.166   74.0   6.429e-01 
 166669  0.472   1  2018  185  23.67  58304.182   74.0   5.772e-01 
 166803  0.667   1  2018  188  18.94  58306.985   73.1   3.895e+00 
 166804  0.667   1  2018  188  19.30  58307.000   73.1   2.653e+00 
 166805  0.667   1  2018  188  19.66  58307.015   73.1   1.968e+00 
 166806  0.914   3  2018  188  20.12  58307.034   73.1   1.251e+00 
 166807  0.700   2  2018  188  20.78  58307.062   73.1   7.641e-01 
 166813  0.943   2  2018  188  23.68  58307.182   73.1   6.844e-01 
 166814  0.943   2  2018  189   0.20  58307.204   73.1   7.546e-01 
 166815  0.828   1  2018  189   0.84  58307.230   73.1   3.848e-01 
 166816  0.828   1  2018  189   1.27  58307.249   73.1   2.232e-01 
 166858  0.772   1  2018  189  22.50  58308.133   72.9   1.947e-01 
 166859  0.772   1  2018  189  22.94  58308.151   72.9   3.958e-01 
 166860  0.472   1  2018  189  23.41  58308.171   72.9   5.777e-01 
 166861  0.943   2  2018  189  23.80  58308.187   72.9   6.935e-01 
 166862  0.472   1  2018  190   0.19  58308.203   72.9   7.751e-01 
 166864  0.828   1  2018  190   1.01  58308.238   72.9   3.248e-01 
 166865  0.828   1  2018  190   1.67  58308.265   72.9   8.563e-02 
 166866  0.828   1  2018  190   2.11  58308.284   72.9   7.011e-03 
 166900  1.356   2  2018  190  19.29  58308.999   72.7   2.182e+00 
 166901  0.678   1  2018  190  19.91  58309.025   72.7   1.232e+00 
 166902  0.678   1  2018  190  20.27  58309.040   72.7   1.052e+00 
 166903  0.678   1  2018  190  20.71  58309.058   72.7   8.232e-01 
 166904  0.678   1  2018  190  21.07  58309.074   72.7   5.822e-01 
 166905  1.333   2  2018  190  21.74  58309.102   72.7   1.922e-01 
 166906  0.667   1  2018  190  22.34  58309.126   72.7   2.168e-01 
 166907  0.667   1  2018  190  22.70  58309.141   72.7   1.706e-01 
 166908  0.678   1  2018  190  23.20  58309.162   72.7   4.344e-01 
 166909  1.356   2  2018  190  23.77  58309.186   72.7   5.031e-01 
 166910  0.678   1  2018  191   0.35  58309.210   72.7   2.521e-01 
 166911  0.678   1  2018  191   0.93  58309.234   72.7   1.257e-01 
 166912  0.678   1  2018  191   1.30  58309.250   72.7   1.102e-01 
 166913  0.678   1  2018  191   1.75  58309.268   72.7   1.573e-01 
 166914  0.678   1  2018  191   2.11  58309.283   72.7   1.005e-01 
 166915  1.356   2  2018  191   2.74  58309.310   72.7   1.508e-01 
 166916  0.678   1  2018  191   3.41  58309.338   72.7   2.685e-01 
 166917  0.678   1  2018  191   3.77  58309.353   72.7   2.450e-01 
 166918  0.678   1  2018  191   4.20  58309.371   72.7   1.013e-01 
 166919  0.678   1  2018  191   4.57  58309.386   72.7   1.171e-01 
 166920  0.678   1  2018  191   5.00  58309.404   72.7   8.450e-02 
 166948  0.678   1  2018  191  19.05  58309.989   72.6   4.141e+00 
 166949  1.356   2  2018  191  19.68  58310.016   72.6   2.387e+00 
 166950  0.678   1  2018  191  20.39  58310.045   72.6   1.599e+00 
 166951  0.678   1  2018  191  20.75  58310.060   72.6   1.296e+00 
 166952  0.678   1  2018  191  21.26  58310.082   72.6   5.806e-01 
 166953  0.678   1  2018  191  21.63  58310.097   72.6   4.457e-01 
 166954  1.356   2  2018  191  22.23  58310.122   72.6   5.685e-01 
 166955  0.678   1  2018  191  22.84  58310.147   72.6   3.915e-01 
 166956  0.678   1  2018  191  23.20  58310.162   72.6   3.160e-01 
 166957  0.678   1  2018  191  23.83  58310.188   72.6   2.804e-01 
 166958  0.678   1  2018  192   0.25  58310.206   72.6   1.968e-01 
 166959  0.678   1  2018  192   0.61  58310.221   72.6   1.257e-01 
 166960  1.389   2  2018  192   1.27  58310.249   72.6   1.244e-01 
 166961  0.694   1  2018  192   1.87  58310.274   72.6   5.112e-02 
 166962  0.694   1  2018  192   2.24  58310.289   72.6   1.462e-01 
 166963  0.694   1  2018  192   2.66  58310.306   72.6   9.710e-02 
 166966  0.694   1  2018  192   4.41  58310.379   72.5   1.199e-01 
 166967  0.694   1  2018  192   4.77  58310.395   72.5   1.417e-01 
 166997  0.694   1  2018  192  19.97  58311.028   72.5   9.933e-01 
 166998  0.694   1  2018  192  20.33  58311.043   72.5   7.561e-01 
 166999  0.694   1  2018  192  20.80  58311.062   72.5   5.503e-01 
 167000  0.694   1  2018  192  21.16  58311.077   72.4   4.524e-01 
 167002  0.694   1  2018  192  22.32  58311.126   72.4   6.303e-02 
 167003  0.694   1  2018  192  22.68  58311.141   72.4   1.023e-01 
 167004  0.806   1  2018  192  23.18  58311.162   72.4   1.898e-01 
 167005  0.806   1  2018  192  23.60  58311.179   72.4   1.809e-01 
 167007  0.694   1  2018  193   0.55  58311.219   72.4   2.353e-01 
 167008  0.944   2  2018  193   1.27  58311.249   72.4   5.938e-02 
 167010  0.361   1  2018  193   2.21  58311.287   72.4   4.070e-01 
 167011  0.472   1  2018  193   2.66  58311.307   72.4   3.221e-01 
 167012  0.567   1  2018  193   3.08  58311.324   72.4   4.148e-01 
 167013  0.583   1  2018  193   3.59  58311.345   72.4   3.182e-01 
 167014  1.389   2  2018  193   4.28  58311.374   72.4   2.267e-01 
 167015  0.694   1  2018  193   4.90  58311.400   72.4   1.575e-01 
 167016  0.694   1  2018  193   5.26  58311.415   72.4   1.721e-02 
 167017  0.639   1  2018  193   5.68  58311.432   72.4   5.343e-02 
 167046  0.667   2  2018  193  20.11  58312.034   72.3   1.392e+00 
 167049  0.689   2  2018  193  21.74  58312.101   72.3   9.871e-01 
 167057  0.678   2  2018  194   1.69  58312.266   72.3   6.140e-01 
 167058  0.678   2  2018  194   2.13  58312.284   72.3   6.505e-01 
 167059  1.233   1  2018  194   2.79  58312.312   72.3   4.576e-01 
 167060  0.500   1  2018  194   3.48  58312.341   72.3   2.363e-01 
 167061  0.500   1  2018  194   3.76  58312.352   72.3   2.871e-01 
 167062  1.000   2  2018  194   4.17  58312.369   72.3   2.693e-01 
 167093  0.467   1  2018  194  19.90  58313.025   72.2   2.080e+00 
 167094  0.933   2  2018  194  20.28  58313.040   72.2   2.249e+00 
 167095  0.467   1  2018  194  20.65  58313.056   72.2   1.625e+00 
 167097  0.900   3  2018  194  21.76  58313.102   72.2   1.239e+00 
 167098  0.344   1  2018  194  22.46  58313.131   72.2   6.740e-01 
 167101  0.943   2  2018  194  23.68  58313.182   72.2   1.209e+00 
 167102  0.943   2  2018  195   0.19  58313.204   72.2   6.962e-01 
 167111  0.667   1  2018  195   4.90  58313.400   72.2   2.907e-01 
 167112  0.667   1  2018  195   5.29  58313.416   72.2   7.076e-02 
 167147  0.472   1  2018  195  22.87  58314.148   72.1   4.433e-01 
 167148  0.943   2  2018  195  23.26  58314.165   72.1   7.204e-01 
 167149  0.472   1  2018  195  23.64  58314.181   72.1   9.180e-01 
 167190  0.533   2  2018  196  20.14  58315.035   72.1   9.980e-01 
 167191  0.828   1  2018  196  20.82  58315.063   72.1   1.398e+00 
 167192  0.828   1  2018  196  21.26  58315.081   72.1   1.377e+00 
 167193  0.500   2  2018  196  21.75  58315.102   72.1   1.166e+00 
 167194  0.500   2  2018  196  22.09  58315.116   72.1   1.065e+00 
 167440  0.395   3  2018  202   1.37  58320.252   72.2   4.014e-01 
 167442  0.346   1  2018  202   2.35  58320.294   72.2   7.624e-02 
 167444  0.358   2  2018  202   3.16  58320.327   72.2   4.405e-01 
 167447  0.667   2  2018  202   4.70  58320.391   72.2   2.676e-01 
 167639  0.554   1  2018  206   5.00  58324.404   71.7   3.025e-03 
 168005  1.000   2  2018  213  19.80  58332.020   70.7   1.757e+00 
 168052  1.000   2  2018  214  19.21  58332.996   70.6   3.805e+00 
 168053  1.000   2  2018  214  19.76  58333.019   70.6   4.109e+00 
 168054  0.500   1  2018  214  20.32  58333.042   70.6   2.646e+00 
 168055  1.000   2  2018  214  20.73  58333.059   70.6   2.014e+00 
 168056  0.700   2  2018  214  21.24  58333.081   70.6   1.306e+00 
 168057  0.600   3  2018  214  21.83  58333.105   70.6   6.955e-01 
 168058  0.400   2  2018  214  22.30  58333.125   70.6   7.842e-01 
 168100  1.000   3  2018  215  19.20  58333.996   70.5   2.782e+00 
 168101  0.333   1  2018  215  19.59  58334.012   70.5   1.665e+00 
 168247  1.000   3  2018  218  20.72  58337.059   70.4   7.534e-01 
 168248  0.333   1  2018  218  21.11  58337.075   70.4   6.197e-01 
 168249  0.344   1  2018  218  21.97  58337.111   70.4   3.497e-01 
 168255  1.011   1  2018  219   0.66  58337.223   70.4   1.173e-01 
 168256  1.011   1  2018  219   1.30  58337.250   70.4   3.980e-02 
 168257  1.072   1  2018  219   1.95  58337.277   70.4   9.227e-02 
 168263  0.366   1  2018  219   4.68  58337.390   70.4   7.262e-01 
 168293  0.689   2  2018  219  19.79  58338.020   70.4   2.513e+00 
 168294  0.943   2  2018  219  20.36  58338.044   70.4   2.259e+00 
 168295  0.472   1  2018  219  20.74  58338.060   70.4   1.425e+00 
 168296  0.732   3  2018  219  21.14  58338.076   70.4   1.067e+00 
 168297  0.780   6  2018  219  21.75  58338.102   70.4   5.456e-01 
 168306  0.567   1  2018  220   2.12  58338.284   70.4   1.564e-02 
 168307  1.000   2  2018  220   2.71  58338.308   70.4   2.873e-02 
 168308  1.000   2  2018  220   3.26  58338.331   70.4   4.231e-03 
 168388  0.667   2  2018  221  19.37  58340.003   70.4   4.497e+00 
 168389  0.667   2  2018  221  19.76  58340.019   70.5   3.000e+00 
 168436  0.778   4  2018  222  19.27  58340.998   70.6   2.634e+00 
 168437  0.389   2  2018  222  19.70  58341.016   70.6   1.780e+00 
 168484  0.583   3  2018  223  19.33  58342.001   70.7   2.465e+00 
 168485  0.583   3  2018  223  19.77  58342.019   70.7   1.614e+00 
 168488  1.500   1  2018  223  21.32  58342.084   70.7   1.346e+00 
 168490  1.000   1  2018  223  22.02  58342.113   70.7   9.630e-01 
 168499  1.067   4  2018  224   2.72  58342.309   70.7   1.708e-02 
 168532  0.778   4  2018  224  19.23  58342.997   70.8   3.747e+00 
 168533  0.389   2  2018  224  19.66  58343.015   70.8   2.452e+00 
 168539  1.000   1  2018  224  22.52  58343.134   70.8   7.367e-01 
 168547  0.889   1  2018  225   2.92  58343.317   70.8   9.281e-02 
 168548  0.889   1  2018  225   3.42  58343.338   70.8   9.893e-02 
 168550  0.800   3  2018  225   4.28  58343.374   70.8   1.007e-03 
 168551  0.800   2  2018  225   4.87  58343.399   70.8   3.576e-02 
 168581  0.823   2  2018  225  19.75  58344.019   70.9   3.271e+00 
 168582  0.823   2  2018  225  20.22  58344.038   70.9   2.098e+00 
 168583  1.500   1  2018  225  20.97  58344.069   70.9   1.305e+00 
 168585  1.000   1  2018  225  21.67  58344.099   70.9   6.790e-01 
 168597  0.667   1  2018  226   3.94  58344.360   70.9  -5.895e-02 
 168598  0.667   1  2018  226   4.32  58344.376   70.9  -6.765e-02 
 168599  0.739   1  2018  226   4.97  58344.403   70.9   1.319e-01 
 168628  0.583   3  2018  226  19.29  58344.999   70.9   2.124e+00 
 168629  0.583   3  2018  226  19.73  58345.018   70.9   1.566e+00 
 168631  0.527   4  2018  226  20.73  58345.059   70.9   5.138e-01 
 168643  0.533   2  2018  227   2.80  58345.312   70.9   1.143e-01 
 168644  1.067   4  2018  227   3.24  58345.331   70.9   1.470e-01 
 168646  1.067   4  2018  227   4.25  58345.373   70.8   2.736e-02 
 168647  1.011   1  2018  227   4.94  58345.401   70.8   5.164e-02 
 168680  1.000   3  2018  227  21.28  58346.082   70.8   2.443e+00 
 168681  0.333   1  2018  227  21.67  58346.099   70.8   2.178e+00 
 168682  0.583   1  2018  227  22.42  58346.130   70.8   8.093e-01 
 168690  0.533   2  2018  228   2.35  58346.294   70.8   6.796e-01 
 168691  0.800   3  2018  228   2.72  58346.309   70.8   9.420e-01 
 168693  0.800   3  2018  228   3.74  58346.351   70.8   1.227e+00 
 168694  0.800   3  2018  228   4.18  58346.370   70.8   8.953e-01 
 168738  0.533   2  2018  229   2.39  58347.295   70.8   4.338e-01 
 168739  0.800   3  2018  229   2.76  58347.310   70.8   9.376e-01 
 168740  0.800   3  2018  229   3.30  58347.333   70.8   1.021e+00 
 168741  0.800   3  2018  229   3.79  58347.353   70.8   5.430e-01 
 168785  0.889   1  2018  230   1.75  58348.269   70.7   1.281e-01 
 168786  0.889   1  2018  230   2.24  58348.289   70.7   2.363e-02 
 168787  0.533   2  2018  230   2.88  58348.315   70.7   1.590e-01 
 168788  0.800   3  2018  230   3.25  58348.331   70.7   2.551e-01 
 168789  0.533   2  2018  230   3.70  58348.350   70.7   5.511e-01 
 168790  1.067   4  2018  230   4.23  58348.372   70.6   4.778e-01 
 168824  0.656   1  2018  230  21.18  58349.078   70.6   3.955e-01 
 168825  1.311   2  2018  230  21.80  58349.104   70.6   2.338e-01 
 168828  0.656   1  2018  230  23.08  58349.157   70.6   6.969e-01 
 168829  1.311   2  2018  230  23.78  58349.186   70.6   5.478e-01 
 168830  0.656   1  2018  231   0.45  58349.214   70.6   4.005e-01 
 168831  0.656   1  2018  231   0.80  58349.229   70.6   3.423e-01 
 168832  0.656   1  2018  231   1.41  58349.254   70.6   1.484e-01 
 168833  0.656   1  2018  231   1.76  58349.269   70.6   1.364e-01 
 168834  0.656   1  2018  231   2.22  58349.288   70.6   6.820e-02 
 168835  0.656   1  2018  231   2.56  58349.302   70.6   4.901e-02 
 168836  0.656   1  2018  231   3.19  58349.329   70.6   8.442e-02 
 168837  0.656   1  2018  231   3.54  58349.343   70.6   8.410e-02 
 168838  1.311   2  2018  231   4.19  58349.370   70.6   4.823e-02 
 168839  0.656   1  2018  231   4.83  58349.397   70.5   6.756e-02 
 168840  0.656   1  2018  231   5.18  58349.411   70.5   6.804e-02 
 168880  1.311   2  2018  232   1.27  58350.248   70.5   1.673e-01 
 168881  0.656   1  2018  232   1.93  58350.276   70.5   3.190e-01 
 168882  0.656   1  2018  232   2.28  58350.290   70.5   4.615e-01 
 168883  0.656   1  2018  232   2.73  58350.309   70.5   7.516e-01 
 168884  0.656   1  2018  232   3.07  58350.324   70.5   9.496e-01 
 168885  0.656   1  2018  232   3.69  58350.349   70.5   1.084e+00 
 168887  0.656   1  2018  232   4.68  58350.391   70.5   3.708e-01 
 168888  0.656   1  2018  232   5.03  58350.405   70.5   1.785e-01 
 168934  1.000   2  2018  233   4.15  58351.368   70.4   2.563e-02 
 168935  1.000   2  2018  233   4.70  58351.391   70.4   9.786e-02 
 169541  1.000   2  2018  245  19.64  58364.014   70.1   3.154e+00 
 169542  1.000   2  2018  245  20.20  58364.037   70.1   2.601e+00 
 169602  0.556   2  2018  247   2.31  58365.292   70.1   5.551e-01 
 169603  0.833   3  2018  247   2.73  58365.309   70.1   7.075e-01 
 169636  1.278   2  2018  247  19.29  58365.999   70.0   1.839e+00 
 169637  0.639   1  2018  247  19.81  58366.021   70.0   2.646e+00 
 169638  0.639   1  2018  247  20.16  58366.035   70.0   3.152e+00 
 169639  1.278   2  2018  247  20.81  58366.062   70.0   3.082e+00 
 169640  0.639   1  2018  247  21.32  58366.084   70.0   1.742e+00 
 169641  0.639   1  2018  247  21.67  58366.099   70.0   1.156e+00 
 169642  0.639   1  2018  247  22.29  58366.124   70.0   4.808e-01 
 169643  1.278   2  2018  247  22.81  58366.146   70.0   6.892e-01 
 169644  0.639   1  2018  247  23.33  58366.168   70.0   1.419e+00 
 169645  0.639   1  2018  247  23.77  58366.186   70.0   5.807e-01 
 169646  1.278   2  2018  248   0.29  58366.208   70.0   7.458e-01 
 169647  0.639   1  2018  248   0.81  58366.229   70.1   1.373e+00 
 169648  0.639   1  2018  248   1.31  58366.250   70.1   2.070e+00 
 169649  0.639   1  2018  248   1.66  58366.265   70.1   3.083e+00 
 169650  1.278   2  2018  248   2.18  58366.286   70.1   2.378e+00 
 169652  1.278   2  2018  248   3.26  58366.332   70.1   6.021e-01 
 169653  0.639   1  2018  248   3.78  58366.353   70.1   3.293e-01 
 169654  1.278   2  2018  248   4.30  58366.375   70.1   2.255e-01 
 169655  0.639   1  2018  248   4.82  58366.396   70.1   1.606e-01 
 169684  0.972   1  2018  248  19.23  58366.997   70.0   3.017e+00 
 169685  0.972   1  2018  248  19.74  58367.018   70.0   2.196e+00 
 169686  0.639   1  2018  248  20.42  58367.047   70.0   1.171e+00 
 169687  0.639   1  2018  248  20.77  58367.061   70.0   8.380e-01 
 169688  1.278   2  2018  248  21.29  58367.083   70.0   7.900e-01 
 169689  0.639   1  2018  248  21.92  58367.109   70.0   5.371e-01 
 169690  0.639   1  2018  248  22.27  58367.123   70.0   4.386e-01 
 169691  1.278   2  2018  248  22.79  58367.145   70.0   4.898e-01 
 169693  1.278   2  2018  248  23.70  58367.183   70.0   1.897e-01 
 169694  0.639   1  2018  249   0.22  58367.205   70.0   1.774e-01 
 169695  0.639   1  2018  249   0.57  58367.219   70.0   1.585e-01 
 169696  1.278   2  2018  249   1.20  58367.246   70.0   1.342e-01 
 169697  0.639   1  2018  249   1.72  58367.267   70.0   2.075e-01 
 169698  0.639   1  2018  249   2.07  58367.282   70.0   3.799e-01 
 169699  0.806   1  2018  249   2.72  58367.309   70.0   8.937e-01 
 169700  0.806   1  2018  249   3.15  58367.327   70.0   7.392e-01 
 169701  0.583   1  2018  249   3.77  58367.353   70.0   4.873e-01 
 169702  1.167   2  2018  249   4.25  58367.373   70.0   2.215e-01 
 169703  0.583   1  2018  249   4.73  58367.393   70.0   2.205e-01 
 169732  1.000   2  2018  249  19.27  58367.998   69.9   4.005e+00 
 169733  1.000   2  2018  249  19.82  58368.021   69.9   3.381e+00 
 169741  0.833   3  2018  249  23.74  58368.185   69.9   2.828e-01 
 169742  0.556   2  2018  250   0.16  58368.202   69.9   2.701e-01 
 169747  0.533   2  2018  250   2.78  58368.311   69.8   8.449e-01 
 169748  1.067   4  2018  250   3.22  58368.330   69.8   7.463e-01 
 169749  0.491   1  2018  250   3.79  58368.353   69.8   5.160e-01 
 169750  0.982   2  2018  250   4.22  58368.372   69.8   5.317e-01 
 169779  0.500   1  2018  250  18.98  58368.986   69.7   3.826e+00 
 169780  0.500   1  2018  250  19.25  58368.998   69.7   3.056e+00 
 169781  0.500   1  2018  250  19.53  58369.009   69.7   3.074e+00 
 169782  0.667   1  2018  250  20.26  58369.040   69.7   2.976e+00 
 169783  1.333   2  2018  250  20.80  58369.062   69.7   2.266e+00 
 169784  0.667   1  2018  250  21.34  58369.085   69.7   1.309e+00 
 169828  1.000   2  2018  251  19.19  58369.995   69.5   4.542e+00 
 169829  0.500   1  2018  251  19.60  58370.012   69.5   3.464e+00 
 169980  0.833   3  2018  254  23.29  58373.166   69.1   5.248e-02 
 169981  0.833   3  2018  254  23.79  58373.187   69.1   1.190e-01 
 169982  0.533   2  2018  255   0.30  58373.208   69.1   1.541e-01 
 169983  1.067   4  2018  255   0.74  58373.227   69.1   2.680e-01 
 169984  0.533   2  2018  255   1.32  58373.250   69.1   4.074e-01 
 169985  1.067   4  2018  255   1.76  58373.269   69.1   1.153e+00 
 169986  0.533   2  2018  255   2.34  58373.293   69.1   2.081e+00 
 169987  0.800   3  2018  255   2.71  58373.309   69.1   2.800e+00 
 169989  0.533   2  2018  255   3.80  58373.354   69.1   1.048e+00 
 169990  1.067   4  2018  255   4.25  58373.373   69.1   6.908e-01 
 170024  1.333   2  2018  255  21.19  58374.078   69.0   7.027e-01 
 170025  0.667   1  2018  255  21.73  58374.101   69.0   2.602e-01 
 170026  0.667   1  2018  255  22.09  58374.116   69.0   8.940e-02 
 170033  0.591   2  2018  256   1.71  58374.267   69.0   7.381e-01 
 170034  0.591   2  2018  256   2.10  58374.283   69.0   4.954e-01 
 170035  1.020   3  2018  256   2.72  58374.309   69.0   2.797e-01 
 170036  0.340   1  2018  256   3.15  58374.327   69.0   4.087e-02 
 170037  0.982   2  2018  256   3.73  58374.351   69.0   7.308e-02 
 170038  0.491   1  2018  256   4.17  58374.369   69.0   6.268e-02 
 170073  0.667   1  2018  256  21.89  58375.108   69.0   2.899e-01 
 170074  0.667   1  2018  256  22.27  58375.123   69.0   2.231e-01 
 170075  0.500   1  2018  256  22.75  58375.144   69.0   7.735e-02 
 170076  0.500   1  2018  256  23.05  58375.156   69.0   3.576e-02 
 170077  0.500   1  2018  256  23.98  58375.195   69.0   9.135e-02 
 170078  0.500   1  2018  257   0.28  58375.207   69.0   2.748e-01 
 170079  0.693   3  2018  257   0.81  58375.229   69.0   3.182e-01 
 170080  0.492   3  2018  257   1.18  58375.245   69.0   3.156e-01 
 170081  0.667   1  2018  257   1.78  58375.270   69.0   2.229e+00 
 170082  0.667   1  2018  257   2.17  58375.286   69.0   3.129e+00 
 170083  0.667   1  2018  257   2.72  58375.309   69.0   1.756e+00 
 170084  0.667   1  2018  257   3.10  58375.325   69.0   9.171e-01 
 170085  0.797   1  2018  257   3.65  58375.348   69.0   3.535e-01 
 170086  0.797   1  2018  257   4.10  58375.366   69.0   1.859e-01 
 170121  0.967   3  2018  257  21.79  58376.103   69.0   6.138e-01 
 170123  0.967   3  2018  257  22.77  58376.144   69.0   2.669e-01 
 170125  0.644   2  2018  257  23.75  58376.185   69.0   1.150e-01 
 170126  0.489   1  2018  258   0.06  58376.198   69.0   9.109e-03 
 170127  0.489   1  2018  258   0.58  58376.220   69.0   2.768e-02 
 170128  0.644   2  2018  258   1.28  58376.249   69.0   1.895e-01 
 170129  0.489   1  2018  258   1.58  58376.262   69.0   1.637e-01 
 170130  0.489   1  2018  258   2.10  58376.283   69.0   1.059e+00 
 170131  0.644   2  2018  258   2.82  58376.313   69.0   1.655e+00 
 170132  0.489   1  2018  258   3.12  58376.326   69.0   1.856e+00 
 170133  0.489   1  2018  258   3.64  58376.347   69.0   1.199e+00 
 170134  0.489   1  2018  258   4.29  58376.374   69.0   5.897e-01 
 170135  0.978   2  2018  258   4.68  58376.391   69.0   4.846e-01 
 170165  0.967   3  2018  258  19.68  58377.015   69.0   2.819e+00 
 170166  0.556   3  2018  258  20.25  58377.039   69.0   2.453e+00 
 170168  0.978   2  2018  258  21.23  58377.080   69.0   1.069e+00 
 170169  0.978   2  2018  258  21.74  58377.102   69.0   4.746e-01 
 170170  0.556   3  2018  258  22.31  58377.125   69.0   2.606e-01 
 170172  0.556   3  2018  258  23.23  58377.163   69.0   4.143e-01 
 170174  0.556   3  2018  259   0.14  58377.201   69.0   5.010e-01 
 170175  0.578   2  2018  259   0.77  58377.228   69.0   2.923e-01 
 170176  0.811   2  2018  259   1.27  58377.249   69.0   3.055e-01 
 170180  0.489   1  2018  259   3.01  58377.321   69.0   8.291e-01 
 170181  0.489   1  2018  259   3.53  58377.343   69.0   9.860e-01 
 170182  0.622   3  2018  259   4.38  58377.378   69.0   3.978e-01 
 170742  0.520   4  2018  270  20.34  58389.043   68.7   5.469e+00 
 170788  0.470   3  2018  271  19.38  58390.003   68.7   5.247e+00 
 170789  0.470   3  2018  271  19.76  58390.019   68.7   5.146e+00 
 170836  0.627   4  2018  272  19.33  58391.001   68.8   5.285e+00 
 170837  0.470   3  2018  272  19.67  58391.015   68.8   5.169e+00 
 170841  0.667   2  2018  272  21.60  58391.096   68.8   8.594e-01 
 170885  0.823   2  2018  273  19.77  58392.019   68.9   4.658e+00 
 170886  0.823   2  2018  273  20.23  58392.038   68.9   4.806e+00 
 170889  0.693   3  2018  273  21.76  58392.102   68.9   1.788e+00 
 170891  0.500   1  2018  273  22.91  58392.150   68.9   1.520e-01 
 170892  0.500   1  2018  273  23.21  58392.163   68.9  -9.644e-02 
 170985  1.311   2  2018  275  21.75  58394.102   69.0   1.207e+00 
 170986  0.656   1  2018  275  22.48  58394.132   69.0   6.097e-01 
 170987  0.656   1  2018  275  22.82  58394.146   69.0   8.488e-01 
 171220  0.333   1  2018  280  19.39  58399.003   69.2   5.888e+00 
 171221  1.000   3  2018  280  19.77  58399.019   69.2   5.109e+00 
 171230  0.506   1  2018  281   0.46  58399.215   69.2   1.290e-03 
 171231  1.011   2  2018  281   0.85  58399.231   69.3   1.098e-01 
 171274  0.956   2  2018  281  22.30  58400.125   69.3   5.034e-01 
 171275  0.478   1  2018  281  22.68  58400.141   69.3   1.371e-01 
 171324  0.344   2  2018  282  23.31  58401.167   69.4   6.620e-01 
 171328  0.537   2  2018  283   1.19  58401.245   69.4   3.459e-01 
 171329  0.600   3  2018  283   1.81  58401.271   69.4   7.374e-01 
 171332  0.333   1  2018  283   3.49  58401.341   69.4   3.214e-01 
 171333  0.667   2  2018  283   3.78  58401.353   69.4   3.581e-01 
 171334  0.333   1  2018  283   4.07  58401.365   69.4   4.868e-01 
 171365  0.667   1  2018  283  19.92  58402.026   69.4   3.058e+00 
 171366  0.667   1  2018  283  20.31  58402.042   69.4   3.547e+00 
 171367  0.656   1  2018  283  20.83  58402.064   69.4   3.031e+00 
 171368  0.656   1  2018  283  21.18  58402.078   69.4   2.679e+00 
 171369  1.311   2  2018  283  21.81  58402.104   69.4   2.149e+00 
 171370  0.656   1  2018  283  22.43  58402.130   69.4   1.062e+00 
 171371  0.656   1  2018  283  22.77  58402.144   69.4   4.597e-01 
 171372  0.667   2  2018  283  23.27  58402.165   69.4   1.286e-01 
 171373  0.333   1  2018  283  23.75  58402.185   69.4   5.686e-02 
 171412  0.333   1  2018  284  19.33  58403.001   69.5   5.150e+00 
 171413  1.000   3  2018  284  19.71  58403.017   69.5   4.750e+00 
 171470  0.478   1  2018  286   0.41  58404.213   69.4   6.067e-02 
 171471  0.956   2  2018  286   0.79  58404.228   69.4   1.430e-01 
 171474  0.333   1  2018  286   2.34  58404.293   69.4   5.444e-01 
 171475  1.000   3  2018  286   2.72  58404.309   69.4   7.423e-01 
 171509  0.333   1  2018  286  19.81  58405.021   69.4   4.699e+00 
 171510  1.000   3  2018  286  20.20  58405.037   69.4   2.778e+00 
 171522  0.833   1  2018  287   2.45  58405.297   69.4   1.509e+00 
 171523  0.833   1  2018  287   2.89  58405.316   69.4   1.053e+00 
 171560  0.956   2  2018  287  21.15  58406.077   69.4   7.117e-01 
 171561  0.956   2  2018  287  21.72  58406.101   69.4   6.245e-01 
 171562  0.956   2  2018  287  22.30  58406.125   69.4   4.572e-01 
 171659  0.678   2  2018  289  22.61  58408.138   69.3   3.645e-01 
 171666  0.508   1  2018  290   2.38  58408.295   69.3   2.169e-01 
 171667  1.017   2  2018  290   2.80  58408.312   69.3   1.649e-01 
 171668  0.508   1  2018  290   3.22  58408.330   69.3   7.329e-02 
 171714  0.489   1  2018  291   2.35  58409.293   69.3   5.142e-01 
 171715  0.979   2  2018  291   2.74  58409.310   69.3   6.988e-01 
 171716  0.489   1  2018  291   3.12  58409.326   69.3   1.030e+00 
 172281  0.500   1  2018  302  21.73  58421.101   68.1   1.935e+00 
 172282  0.500   1  2018  302  22.03  58421.113   68.1   1.911e+00 
 172283  0.667   1  2018  302  22.62  58421.138   68.1   2.307e+00 
 172284  0.667   1  2018  302  23.01  58421.154   68.1   1.653e+00 
 172329  0.833   1  2018  303  21.90  58422.108   68.0   1.008e+00 
 172330  0.833   1  2018  303  22.33  58422.126   68.0   4.115e-01 
 172331  0.833   1  2018  303  22.84  58422.147   68.0   1.917e-01 
 172332  0.833   1  2018  303  23.28  58422.165   68.0   1.071e-02 
 172333  0.600   3  2018  303  23.82  58422.188   68.0   9.197e-02 
 172374  0.833   1  2018  304  20.28  58423.040   67.8   2.807e+00 
 172375  0.833   1  2018  304  20.71  58423.059   67.8   2.156e+00 
 172376  0.462   2  2018  304  21.32  58423.084   67.8   1.417e+00 
 172377  0.723   4  2018  304  21.69  58423.099   67.8   8.672e-01 
 172378  0.833   1  2018  304  22.42  58423.130   67.8   3.345e-01 
 172379  0.833   1  2018  304  22.86  58423.148   67.8   1.969e-01 
 172380  0.508   1  2018  304  23.35  58423.168   67.8   1.768e-01 
 172381  1.017   2  2018  304  23.77  58423.186   67.8   1.271e-01 
 172422  0.924   4  2018  305  20.24  58424.039   67.8   4.037e+00 
 172425  0.833   1  2018  305  21.62  58424.097   67.7   1.301e+00 
 172426  0.833   1  2018  305  22.06  58424.115   67.7   6.707e-01 
 172428  0.489   1  2018  305  23.45  58424.173   67.7   3.623e-01 
 172429  0.979   2  2018  305  23.84  58424.189   67.7   3.643e-01 
 172430  0.489   1  2018  306   0.22  58424.205   67.7   2.933e-01 
 172431  0.979   2  2018  306   0.85  58424.231   67.7   2.054e-01 
 172432  0.979   2  2018  306   1.36  58424.252   67.7   2.508e-01 
 172474  0.508   1  2018  306  22.35  58425.127   67.7   3.883e-01 
 172475  1.017   2  2018  306  22.78  58425.145   67.7   1.609e-01 
 172476  0.508   1  2018  306  23.20  58425.162   67.7   1.192e-01 
 172477  1.017   2  2018  306  23.75  58425.185   67.7   5.104e-02 
 172478  1.017   2  2018  307   0.31  58425.208   67.7   1.109e-01 
 172480  0.508   1  2018  307   1.43  58425.255   67.7   2.175e-01 
 172481  1.017   2  2018  307   1.85  58425.273   67.7   3.424e-01 
 172482  0.508   1  2018  307   2.27  58425.290   67.7   5.968e-01 
 172566  1.333   2  2018  308  20.21  58427.038   67.7   2.022e+00 
 172567  0.667   1  2018  308  20.78  58427.061   67.7   4.049e+00 
 172569  0.667   1  2018  308  21.68  58427.099   67.7   3.462e+00 
 172570  0.667   1  2018  308  22.06  58427.115   67.7   1.940e+00 
 172571  1.000   1  2018  308  22.64  58427.139   67.7   8.546e-01 
 172572  1.000   1  2018  308  23.19  58427.162   67.7   5.085e-01 
 172573  1.000   1  2018  308  23.73  58427.184   67.7   6.840e-01 
 172576  1.000   1  2018  309   1.18  58427.245   67.7   1.578e+00 
 172577  1.000   1  2018  309   1.72  58427.267   67.7   3.730e-01 
 172578  1.000   1  2018  309   2.27  58427.290   67.7   1.387e-01 
 172579  1.000   1  2018  309   2.81  58427.313   67.7   7.318e-02 
 172581  0.333   1  2018  309   3.92  58427.359   67.7   2.370e-01 
 172613  1.000   1  2018  309  19.80  58428.021   67.7   2.419e+00 
 172614  1.000   1  2018  309  20.35  58428.043   67.7   1.638e+00 
 172615  1.000   1  2018  309  20.89  58428.066   67.7   8.345e-01 
 172617  1.000   1  2018  309  21.87  58428.107   67.7   3.457e-01 
 172618  1.000   1  2018  309  22.41  58428.129   67.7   1.339e-01 
 172619  1.000   1  2018  309  22.96  58428.152   67.7   9.776e-02 
 172621  1.000   1  2018  309  23.50  58428.175   67.7   1.594e-01 
 172622  1.000   1  2018  310   0.05  58428.198   67.7   8.770e-02 
 172624  1.000   1  2018  310   1.12  58428.242   67.7   3.087e-01 
 172625  1.000   1  2018  310   1.66  58428.265   67.7   5.125e-01 
 172626  1.000   1  2018  310   2.21  58428.288   67.7   8.124e-01 
 172627  1.000   1  2018  310   2.75  58428.310   67.7   1.122e+00 
 172628  1.000   1  2018  310   3.30  58428.333   67.7   1.032e+00 
 172630  0.500   1  2018  310   4.06  58428.365   67.7   6.749e-01 
 172661  0.500   1  2018  310  19.80  58429.020   67.7   2.528e+00 
 172662  1.000   2  2018  310  20.24  58429.039   67.7   1.603e+00 
 172663  0.500   1  2018  310  20.68  58429.057   67.7   1.233e+00 
 172670  1.000   1  2018  311   0.27  58429.207   67.7   1.897e-01 
 172671  1.000   1  2018  311   0.82  58429.230   67.7   1.327e-01 
 172672  1.000   1  2018  311   1.36  58429.252   67.7   4.327e-01 
 172673  1.000   1  2018  311   1.91  58429.275   67.7   4.306e-01 
 172675  1.000   1  2018  311   2.80  58429.312   67.7   2.153e+00 
 172676  1.000   1  2018  311   3.34  58429.335   67.7   2.113e+00 
 172677  1.000   1  2018  311   3.89  58429.358   67.7   1.416e+00 
 172710  0.824   4  2018  311  20.22  58430.038   67.7   1.055e+00 
 172724  1.639   2  2018  312   3.24  58430.331   67.7   1.212e+00 
 172806  0.824   4  2018  313  20.28  58432.040   67.6   4.433e+00 
 172808  0.833   1  2018  313  21.19  58432.078   67.6   2.484e+00 
 172809  0.833   1  2018  313  21.63  58432.097   67.6   1.589e+00 
 172810  0.833   1  2018  313  22.16  58432.119   67.6   6.411e-01 
 172811  0.833   1  2018  313  22.60  58432.137   67.6   2.079e-01 
 172819  0.333   1  2018  314   2.95  58432.319   67.6  -6.742e-02 
 172854  1.000   3  2018  314  20.20  58433.037   67.6   1.546e+00 
 172855  0.333   1  2018  314  20.58  58433.053   67.6   8.867e-01 
 172856  1.667   2  2018  314  21.27  58433.082   67.6   6.498e-01 
 172858  0.824   4  2018  314  22.28  58433.124   67.6   2.141e-01 
 172949  0.367   1  2018  316  19.97  58435.027   67.6   1.584e+00 
 172950  0.733   2  2018  316  20.25  58435.039   67.6   9.600e-01 
 172951  0.367   1  2018  316  20.54  58435.051   67.6   6.435e-01 
 172952  1.278   1  2018  316  21.27  58435.082   67.6   3.085e-01 
 172953  1.278   1  2018  316  21.94  58435.110   67.6   3.472e-01 
 172955  1.278   1  2018  316  22.88  58435.149   67.6   1.182e-01 
 172957  1.278   1  2018  316  23.55  58435.177   67.6   3.793e-02 
 172961  1.047   2  2018  317   1.68  58435.266   67.6   3.168e-01 
 172999  1.278   1  2018  317  20.65  58436.056   67.6   2.063e+00 
 173000  1.278   1  2018  317  21.32  58436.084   67.6   1.415e+00 
 173004  0.491   1  2018  317  23.32  58436.167   67.6   8.263e-01 
 173005  0.982   2  2018  317  23.76  58436.185   67.6   5.902e-01 
 173008  0.491   1  2018  318   1.40  58436.254   67.6   2.028e-01 
 173009  0.982   2  2018  318   1.83  58436.272   67.6   2.760e-01 
 173011  0.361   2  2018  318   2.89  58436.316   67.6   1.910e-01 
 173055  0.361   2  2018  319   0.56  58437.219   67.6   1.370e-01 
 173056  0.979   2  2018  319   1.31  58437.250   67.6   8.109e-02 
 173057  0.979   2  2018  319   1.82  58437.271   67.6   1.009e-01 
 173623  1.278   1  2018  330  20.68  58449.057   67.7   5.559e-01 
 173624  1.278   1  2018  330  21.36  58449.086   67.8   2.828e-01 
 173672  0.489   1  2018  331  21.47  58450.090   67.9   2.195e-01 
 173673  0.979   2  2018  331  21.85  58450.106   67.9   3.002e-01 
 173674  0.489   1  2018  331  22.24  58450.122   67.9   2.434e-01 
 173675  1.000   2  2018  331  22.75  58450.144   67.9   2.878e-01 
 173718  0.733   2  2018  332  20.34  58451.043   67.9   1.759e+00 
 173719  0.733   2  2018  332  20.73  58451.059   67.9   1.648e+00 
 173720  0.489   1  2018  332  21.31  58451.083   67.9   1.658e+00 
 173721  0.979   2  2018  332  21.70  58451.100   67.9   9.515e-01 
 173722  0.856   2  2018  332  22.24  58451.122   67.9   4.763e-01 
 173723  0.733   2  2018  332  22.73  58451.143   67.9   9.080e-02 
 173724  0.367   1  2018  332  23.02  58451.155   67.9   1.123e-01 
 174205  0.667   1  2018  342  23.65  58461.181   67.7   1.411e-01 
 174206  0.667   1  2018  343   0.04  58461.197   67.7   3.886e-01 
 174207  0.667   1  2018  343   0.91  58461.234   67.8   4.817e-01 
 174208  0.667   1  2018  343   1.29  58461.249   67.8   5.198e-01 
 174211  0.900   2  2018  343   2.68  58461.307   67.8   1.536e-01 
 174212  0.900   2  2018  343   3.21  58461.329   67.8   2.261e-01 
 174247  0.361   2  2018  343  20.82  58462.063   67.8   8.130e-01 
 174249  0.361   2  2018  343  21.80  58462.104   67.8   5.801e-02 
 174255  0.460   2  2018  344   0.72  58462.226   67.8   1.226e-01 
 174257  0.742   1  2018  344   1.61  58462.263   67.8   2.242e-01 
 174258  1.018   2  2018  344   2.23  58462.288   67.8   3.209e-01 
 174259  1.018   2  2018  344   2.79  58462.312   67.8   5.664e-01 
 174344  0.979   2  2018  345  21.13  58464.076   67.9   3.318e-01 
 174345  0.979   2  2018  345  21.65  58464.098   67.9   1.368e-01 
 174349  0.361   2  2018  345  23.69  58464.182   67.9   2.723e-02 
 174351  0.543   1  2018  346   0.64  58464.222   67.9   1.900e-01 
 174547  1.333   1  2018  350   2.80  58468.312   67.9   1.816e-01 
 174549  1.333   1  2018  350   3.51  58468.342   67.9   1.701e-01 
 174593  0.750   1  2018  351   1.62  58469.263   67.9   9.586e-01 
 174594  0.750   1  2018  351   2.04  58469.280   67.9   1.190e+00 
 174595  1.333   1  2018  351   2.70  58469.308   67.9   9.829e-01 
 174596  1.333   1  2018  351   3.41  58469.338   67.9   8.279e-01 
 174641  0.750   1  2018  352   1.90  58470.275   67.9   2.225e-01 
 174642  0.750   1  2018  352   2.32  58470.292   67.9   2.726e-01 
 175015  1.000   3  2018  359  20.76  58478.061   68.3   1.393e+00 
 175016  0.333   1  2018  359  21.19  58478.079   68.3   6.915e-01 
 175110  0.367   1  2018  361  20.40  58480.046   68.3   1.323e+00 
 175111  1.100   3  2018  361  20.79  58480.062   68.3   7.075e-01 
 175162  0.333   1  2018  362  22.39  58481.129   68.2   5.187e-01 
 175163  0.667   2  2018  362  22.71  58481.142   68.2   4.534e-01 
 175164  0.333   1  2018  362  23.03  58481.155   68.2   3.681e-01 
 175166  0.819   1  2018  363   0.18  58481.203   68.2   1.471e+00 
 175210  0.333   2  2018  363  22.31  58482.125   68.2   2.914e-01 
 175211  0.611   1  2018  363  22.85  58482.148   68.2   4.340e-01 
 175212  0.611   1  2018  363  23.18  58482.162   68.2   5.022e-01 
 175213  1.222   2  2018  363  23.68  58482.182   68.2   7.595e-01 
 175456  1.000   2  2019    4   1.33  58487.251   68.0   1.461e+00 
 175457  0.500   1  2019    4   1.78  58487.270   68.0   1.172e+00 
 175458  0.500   1  2019    4   2.08  58487.282   68.0   1.374e+00 
 175459  1.000   2  2019    4   2.73  58487.310   68.0   9.144e-01 
 175460  1.000   2  2019    4   3.33  58487.334   68.0   5.948e-01 
 175496  0.742   1  2019    4  21.33  58488.084   68.0   1.063e+00 
 175497  0.431   2  2019    4  21.77  58488.103   68.0   2.791e-01 
 175544  1.278   1  2019    5  21.20  58489.079   67.9   8.600e-01 
 175545  1.278   1  2019    5  21.87  58489.107   67.9   3.292e-01 
 175548  0.460   2  2019    5  23.23  58489.163   67.9   2.958e-01 
 175590  0.333   1  2019    6  20.43  58490.047   67.9   2.438e+00 
 175591  0.667   2  2019    6  20.72  58490.059   67.9   1.852e+00 
 175592  0.333   1  2019    6  21.02  58490.071   67.9   1.394e+00 
 175593  1.278   1  2019    6  21.93  58490.109   67.9   3.924e-01 
 175595  1.278   1  2019    6  22.61  58490.137   67.9   1.294e-01 
 175599  1.018   2  2019    7   0.68  58490.224   67.9   5.140e-01 
 175600  1.018   2  2019    7   1.24  58490.247   67.9   2.928e-01 
 175642  0.543   1  2019    7  22.22  58491.121   67.9   6.392e-01 
 175645  0.361   2  2019    7  23.79  58491.187   67.9   5.779e-02 
 175646  0.509   1  2019    8   0.37  58491.211   67.9   3.193e-01 
 175647  1.018   2  2019    8   0.79  58491.228   67.9   5.810e-01 
 175648  0.509   1  2019    8   1.21  58491.246   67.9   8.672e-01 
 175688  1.278   1  2019    8  21.16  58492.077   67.9   1.345e+00 
 175689  1.278   1  2019    8  21.83  58492.105   67.9   7.317e-01 
 175691  1.278   1  2019    8  22.65  58492.139   67.9   1.207e-01 
 175692  1.278   1  2019    8  23.32  58492.167   67.9   9.793e-02 
 175696  0.767   1  2019    9   1.08  58492.240   67.9   1.621e-01 
 175697  0.767   1  2019    9   1.51  58492.258   67.9   2.590e-01 
 175698  1.533   2  2019    9   2.24  58492.289   67.9   2.321e-01 
 175700  1.533   2  2019    9   3.22  58492.330   67.9   5.064e-01 
 175737  0.500   1  2019    9  21.73  58493.101   68.0   3.669e-01 
 175738  0.500   1  2019    9  22.01  58493.113   68.0   3.628e-01 
 175742  0.361   2  2019   10   0.13  58493.201   68.0   1.502e-01 
 175748  0.767   1  2019   10   3.09  58493.324   68.0   3.423e-01 
 175749  0.767   1  2019   10   3.52  58493.342   68.0   6.889e-01 
 175793  0.767   1  2019   11   1.83  58494.272   68.1   3.667e-01 
 175794  0.767   1  2019   11   2.26  58494.290   68.1   3.552e-01 
 175831  0.722   2  2019   11  20.69  58495.058   68.2   1.076e+00 
 175832  0.694   1  2019   11  21.19  58495.078   68.3   6.181e-01 
 175833  0.889   2  2019   11  21.63  58495.097   68.3   7.091e-01 
 175834  0.889   2  2019   11  22.30  58495.125   68.3   5.533e-01 
 175835  0.694   1  2019   11  22.74  58495.143   68.3   3.711e-01 
 175836  0.694   1  2019   11  23.19  58495.162   68.3   1.224e-01 
 175837  1.222   2  2019   11  23.74  58495.185   68.3   1.433e-01 
 175838  0.528   1  2019   12   0.25  58495.206   68.3   2.295e-01 
 175839  0.778   4  2019   12   0.72  58495.226   68.3   8.374e-01 
 175840  1.083   3  2019   12   1.31  58495.250   68.3   2.028e+00 
 175841  0.694   1  2019   12   1.82  58495.271   68.3   1.757e+00 
 175842  0.694   1  2019   12   2.24  58495.289   68.3   1.179e+00 
 175843  0.694   1  2019   12   2.60  58495.304   68.3   8.174e-01 
 175844  1.389   2  2019   12   3.24  58495.331   68.3   2.890e-01 
 175845  0.361   1  2019   12   3.81  58495.354   68.3   1.992e-01 
 175846  0.361   1  2019   12   4.00  58495.362   68.3   4.392e-01 
 175878  0.583   3  2019   12  20.28  58496.041   68.5   1.889e+00 
 175879  0.694   1  2019   12  20.73  58496.059   68.5   8.694e-01 
 175880  0.889   2  2019   12  21.16  58496.077   68.5   8.712e-01 
 175881  1.083   3  2019   12  21.84  58496.105   68.5   1.079e+00 
 175882  0.694   1  2019   12  22.34  58496.126   68.5   6.637e-01 
 175883  0.694   1  2019   12  22.82  58496.146   68.5   3.170e-01 
 175884  0.694   1  2019   12  23.18  58496.161   68.5   2.217e-01 
 175885  0.694   1  2019   12  23.66  58496.182   68.5   2.307e-01 
 175886  0.694   1  2019   13   0.03  58496.197   68.5   2.345e-01 
 175887  1.389   2  2019   13   0.70  58496.225   68.5   6.143e-01 
 175888  0.694   1  2019   13   1.31  58496.250   68.5   8.730e-01 
 175889  0.694   1  2019   13   1.67  58496.265   68.5   7.305e-01 
 175890  1.389   2  2019   13   2.28  58496.291   68.5   3.858e-01 
 175891  0.694   1  2019   13   2.88  58496.316   68.5   1.607e-01 
 175892  0.694   1  2019   13   3.24  58496.331   68.6   2.833e-01 
 175893  0.722   2  2019   13   3.74  58496.352   68.6   1.184e+00 
 175929  0.361   1  2019   13  21.87  58497.107   68.7   1.827e+00 
 175930  0.722   2  2019   13  22.21  58497.121   68.7   1.148e+00 
 175932  0.667   1  2019   13  23.29  58497.166   68.8   1.815e-01 
 175933  1.067   1  2019   13  23.75  58497.185   68.8   1.051e-01 
 175935  0.694   1  2019   14   0.76  58497.227   68.8   1.933e-01 
 175936  0.694   1  2019   14   1.12  58497.242   68.8   2.834e-01 
 175937  1.389   2  2019   14   1.76  58497.269   68.8   3.895e-01 
 175939  0.694   1  2019   14   2.79  58497.312   68.8   8.198e-01 
 175940  0.694   1  2019   14   3.15  58497.327   68.8   9.632e-01 
 175941  0.694   1  2019   14   3.77  58497.353   68.8   8.388e-01 
 175942  0.694   1  2019   14   4.13  58497.368   68.8   8.463e-01 
 175981  0.767   1  2019   14  23.98  58498.195   69.0  -2.033e-03 
 175982  0.767   1  2019   15   0.41  58498.213   69.0   9.984e-02 
 176032  1.067   2  2019   16   1.22  58499.247   69.0   2.491e-01 
 176082  0.667   1  2019   17   2.38  58500.295   69.0   3.667e-01 
 176083  0.667   1  2019   17   2.76  58500.311   69.0   2.877e-01 
 176084  0.667   1  2019   17   3.26  58500.331   69.0   2.732e-01 
 176085  0.667   1  2019   17   3.64  58500.347   69.0   2.816e-01 
 176503  0.367   1  2019   25  20.87  58509.065   69.1   7.100e-01 
 176504  1.100   3  2019   25  21.26  58509.081   69.1   4.460e-01 
 176606  0.528   1  2019   28   0.23  58511.205   69.2   1.211e-01 
 176607  0.528   1  2019   28   0.51  58511.217   69.2   2.472e-01 
 177032  0.361   2  2019   36  21.26  58520.081   69.7   7.817e-01 
 177087  0.767   1  2019   38   0.64  58521.222   69.6   2.258e-01 
 177088  0.767   1  2019   38   1.07  58521.240   69.6   2.374e-01 
 177089  0.694   1  2019   38   1.77  58521.269   69.6   5.710e-01 
 177233  0.646   2  2019   41   1.85  58524.273   69.2   3.424e-01 
 177234  0.646   2  2019   41   2.20  58524.287   69.2   3.452e-01 
 177235  0.767   1  2019   41   2.69  58524.308   69.2   2.199e-01 
 177236  0.767   1  2019   41   3.12  58524.326   69.2   4.305e-01 
 177271  1.333   2  2019   41  20.80  58525.062   69.1   9.077e-01 
 177281  0.968   3  2019   42   1.75  58525.268   69.1   2.666e-01 
 177284  0.694   1  2019   42   3.16  58525.327   69.1   1.310e-01 
 177285  0.694   1  2019   42   3.52  58525.342   69.1   1.007e-01 
 177421  0.383   3  2019   44  23.84  58528.189   68.8   9.469e-01 
 178004  0.667   1  2019   57   3.49  58540.341   69.3   6.946e-01 
 178101  0.533   2  2019   59   3.69  58542.349   69.4   3.325e-01 
 178148  0.533   2  2019   60   3.32  58543.334   69.4   6.169e-01 
 178150  0.533   2  2019   60   4.30  58543.375   69.4   3.226e-01 
 178182  0.667   2  2019   60  20.23  58544.038   69.4   1.550e+00 
 178183  1.000   3  2019   60  20.72  58544.059   69.4   1.364e+00 
 178184  0.333   1  2019   60  21.10  58544.075   69.4   1.196e+00 
 178185  1.000   3  2019   60  21.78  58544.103   69.4   1.057e+00 
 178186  0.667   2  2019   60  22.27  58544.123   69.4   5.650e-01 
 178187  0.333   1  2019   60  22.56  58544.135   69.4   3.512e-01 
 178188  0.333   1  2019   60  23.31  58544.167   69.4   1.769e-01 
 178189  1.000   3  2019   60  23.70  58544.183   69.4   2.350e-01 
 178190  0.667   2  2019   61   0.19  58544.203   69.4   2.654e-01 
 178191  1.000   3  2019   61   0.79  58544.228   69.4   4.632e-01 
 178192  0.667   2  2019   61   1.27  58544.249   69.4   6.544e-01 
 178193  0.667   2  2019   61   1.70  58544.267   69.4   7.851e-01 
 178194  1.000   3  2019   61   2.23  58544.289   69.4   1.115e+00 
 178195  0.667   2  2019   61   2.72  58544.309   69.4   1.305e+00 
 178197  1.000   3  2019   61   3.79  58544.353   69.4   7.835e-01 
 178198  0.667   2  2019   61   4.27  58544.374   69.4   5.912e-01 
 178199  0.333   1  2019   61   4.56  58544.386   69.4   1.338e-01 
 178229  0.667   2  2019   61  19.82  58545.021   69.4   1.336e+00 
 178230  0.333   1  2019   61  20.50  58545.050   69.4   1.838e+00 
 178231  0.667   2  2019   61  20.79  58545.062   69.4   2.108e+00 
 178232  1.000   3  2019   61  21.28  58545.082   69.4   2.223e+00 
 178233  0.333   1  2019   61  21.94  58545.110   69.4   1.821e+00 
 178234  0.667   2  2019   61  22.23  58545.122   69.4   1.440e+00 
 178235  1.000   3  2019   61  22.72  58545.142   69.4   1.058e+00 
 178236  0.667   2  2019   61  23.32  58545.167   69.4   8.313e-01 
 178237  0.667   2  2019   61  23.71  58545.183   69.4   7.169e-01 
 178238  0.667   2  2019   62   0.10  58545.200   69.4   5.332e-01 
 178239  0.667   2  2019   62   0.71  58545.225   69.4   4.825e-01 
 178240  1.000   3  2019   62   1.20  58545.245   69.4   3.298e-01 
 178241  0.667   2  2019   62   1.74  58545.268   69.4   3.169e-01 
 178242  1.000   3  2019   62   2.28  58545.291   69.4   2.160e-01 
 178243  0.667   2  2019   62   2.77  58545.311   69.4   2.904e-01 
 178245  0.667   2  2019   62   3.75  58545.352   69.4   2.134e-01 
 178246  0.333   1  2019   62   4.34  58545.376   69.4   1.683e-01 
 178247  0.333   1  2019   62   4.73  58545.392   69.4   4.589e-01 
 178277  0.333   1  2019   62  19.85  58546.022   69.4   4.707e+00 
 178278  1.000   3  2019   62  20.23  58546.039   69.4   4.680e+00 
 178279  0.667   2  2019   62  20.72  58546.059   69.4   4.231e+00 
 178280  0.667   2  2019   62  21.25  58546.081   69.4   2.464e+00 
 178281  1.000   3  2019   62  21.74  58546.101   69.4   1.724e+00 
 178282  0.333   1  2019   62  22.13  58546.117   69.4   1.441e+00 
 178283  0.667   2  2019   62  22.82  58546.146   69.4   3.861e-01 
 178284  1.000   3  2019   62  23.30  58546.167   69.4   2.024e-01 
 178285  0.667   2  2019   62  23.84  58546.189   69.4   1.278e-01 
 178286  0.667   2  2019   63   0.27  58546.207   69.4   8.983e-02 
 178287  1.000   3  2019   63   0.76  58546.227   69.4   1.245e-01 
 178290  0.667   2  2019   63   2.22  58546.288   69.4   2.864e-01 
 178291  0.333   1  2019   63   2.80  58546.312   69.4   4.258e-01 
 178292  0.333   1  2019   63   3.34  58546.335   69.4   4.438e-01 
 178293  0.333   1  2019   63   3.73  58546.351   69.4   4.509e-01 
 178294  0.333   1  2019   63   4.12  58546.367   69.4   5.233e-01 
 178295  0.333   1  2019   63   4.52  58546.384   69.4   2.095e-01 
 178325  1.000   3  2019   63  19.75  58547.018   69.4   1.249e+00 
 178326  0.667   2  2019   63  20.23  58547.039   69.4   1.380e+00 
 178327  0.667   2  2019   63  20.70  58547.058   69.4   1.795e+00 
 178328  1.000   3  2019   63  21.27  58547.082   69.4   1.677e+00 
 178329  0.667   2  2019   63  21.75  58547.102   69.4   1.515e+00 
 178330  0.333   1  2019   63  22.37  58547.128   69.4   8.971e-01 
 178331  1.000   3  2019   63  22.76  58547.144   69.4   4.849e-01 
 178332  0.667   2  2019   63  23.25  58547.164   69.4   2.884e-01 
 178333  0.667   2  2019   63  23.80  58547.187   69.4   2.150e-01 
 178334  1.000   3  2019   64   0.28  58547.207   69.4   2.336e-01 
 178335  0.333   1  2019   64   0.67  58547.223   69.4   3.581e-01 
 178336  0.667   2  2019   64   1.30  58547.250   69.4   4.679e-01 
 178337  1.000   3  2019   64   1.79  58547.270   69.4   5.259e-01 
 178338  0.333   1  2019   64   2.18  58547.286   69.4   7.278e-01 
 178339  0.667   2  2019   64   2.82  58547.313   69.4   1.245e+00 
 178340  0.667   2  2019   64   3.21  58547.329   69.4   1.096e+00 
 178341  0.667   2  2019   64   3.60  58547.345   69.4   8.037e-01 
 178342  1.000   3  2019   64   4.19  58547.370   69.4   5.656e-01 
 178343  0.667   2  2019   64   4.68  58547.391   69.4   3.933e-01 
 178373  0.333   1  2019   64  19.81  58548.021   69.4   3.566e+00 
 178374  1.000   3  2019   64  20.20  58548.037   69.4   4.045e+00 
 178375  0.667   2  2019   64  20.69  58548.058   69.4   4.763e+00 
 178376  0.667   2  2019   64  21.25  58548.081   69.4   3.880e+00 
 178377  1.000   3  2019   64  21.74  58548.101   69.4   2.259e+00 
 178378  0.333   1  2019   64  22.12  58548.117   69.4   1.245e+00 
 178379  0.667   2  2019   64  22.78  58548.145   69.4   7.208e-01 
 178380  1.000   3  2019   64  23.26  58548.165   69.4   6.052e-01 
 178381  0.333   1  2019   64  23.65  58548.181   69.4   3.734e-01 
 178382  1.000   3  2019   65   0.22  58548.205   69.4   2.580e-01 
 178383  1.000   3  2019   65   0.80  58548.229   69.4   1.361e-01 
 178385  0.667   2  2019   65   1.74  58548.268   69.4   2.904e-01 
 178386  1.000   3  2019   65   2.23  58548.288   69.4   2.673e-01 
 178387  0.333   1  2019   65   2.61  58548.305   69.4   1.521e-01 
 178388  0.333   1  2019   65   3.22  58548.330   69.4   4.662e-02 
 178389  0.667   2  2019   65   3.80  58548.354   69.4   1.107e-01 
 178390  0.333   1  2019   65   4.40  58548.379   69.4   5.004e-02 
 178391  0.333   1  2019   65   4.79  58548.395   69.4   4.383e-02 
 178421  0.333   1  2019   65  19.90  58549.025   69.5   3.353e+00 
 178422  1.000   3  2019   65  20.29  58549.041   69.5   3.329e+00 
 178423  0.667   2  2019   65  20.77  58549.061   69.5   3.896e+00 
 178424  0.667   2  2019   65  21.32  58549.084   69.5   3.417e+00 
 178425  1.000   3  2019   65  21.80  58549.104   69.5   2.310e+00 
 178426  0.333   1  2019   65  22.19  58549.120   69.5   1.565e+00 
 178427  0.667   2  2019   65  22.81  58549.146   69.5   7.957e-01 
 178428  1.000   3  2019   65  23.30  58549.166   69.5   4.838e-01 
 178429  0.333   1  2019   65  23.69  58549.183   69.5   5.030e-01 
 178430  1.000   3  2019   66   0.22  58549.205   69.5   1.356e-01 
 178431  0.667   2  2019   66   0.71  58549.225   69.5   3.003e-02 
 178432  0.333   1  2019   66   1.00  58549.237   69.5   1.695e-02 
 178433  0.333   1  2019   66   1.85  58549.273   69.5   1.443e-01 
 178434  1.000   3  2019   66   2.24  58549.289   69.5   1.758e-01 
 178435  0.667   2  2019   66   2.72  58549.309   69.5   2.283e-01 
 178436  0.333   1  2019   66   3.19  58549.329   69.5   4.280e-01 
 178437  0.667   2  2019   66   3.77  58549.353   69.5   5.401e-01 
 178438  0.333   1  2019   66   4.37  58549.378   69.6   7.227e-01 
 178439  0.333   1  2019   66   4.76  58549.394   69.6   5.787e-01 
 178470  0.500   1  2019   66  20.32  58550.042   69.7   4.812e+00 
 178471  1.000   2  2019   66  20.74  58550.060   69.8   3.997e+00 
 178472  0.500   1  2019   66  21.15  58550.077   69.8   2.055e+00 
 178473  1.018   2  2019   66  21.73  58550.101   69.8   1.473e+00 
 178474  1.018   2  2019   66  22.29  58550.124   69.8   2.136e+00 
 178475  0.509   1  2019   66  22.82  58550.146   69.8   2.781e+00 
 178476  1.018   2  2019   66  23.24  58550.164   69.8   2.145e+00 
 178477  0.509   1  2019   66  23.66  58550.182   69.8   1.574e+00 
 178480  0.511   1  2019   67   1.30  58550.250   69.8   4.396e-01 
 178481  1.022   2  2019   67   1.72  58550.267   69.8   7.381e-01 
 178482  0.778   2  2019   67   2.26  58550.290   69.8   3.511e-01 
 178526  0.656   1  2019   68   0.15  58551.202   70.2   1.420e-01 
 178527  0.656   1  2019   68   0.50  58551.216   70.2   7.286e-03 
 178531  0.646   1  2019   68   2.80  58551.312   70.3   2.331e-01 
 178532  0.646   1  2019   68   3.13  58551.326   70.3   3.253e-01 
 178569  0.333   1  2019   68  21.83  58552.105   70.6   1.060e+00 
 178570  1.000   3  2019   68  22.22  58552.121   70.6   4.451e-01 
 178571  0.667   2  2019   68  22.71  58552.142   70.6   8.978e-02 
 178661  1.000   1  2019   70  19.82  58554.022   71.1   5.394e+00 
 178662  1.000   1  2019   70  20.37  58554.044   71.1   3.861e+00 
 178664  1.000   1  2019   70  21.02  58554.071   71.1   2.687e+00 
 178665  1.000   1  2019   70  21.56  58554.094   71.1   1.409e+00 
 178709  1.000   1  2019   71  19.88  58555.024   71.1   5.936e+00 
 178710  1.000   1  2019   71  20.43  58555.047   71.1   4.126e+00 
 178863  0.667   1  2019   75   0.97  58558.236   71.1   1.503e-01 
 178864  0.667   1  2019   75   1.35  58558.252   71.1   1.718e-01 
 178865  0.500   1  2019   75   1.77  58558.269   71.1   1.779e-01 
 178866  0.833   2  2019   75   2.20  58558.287   71.1   2.100e-01 
 178867  0.833   2  2019   75   2.83  58558.314   71.1   3.452e-01 
 178868  0.500   1  2019   75   3.27  58558.332   71.1   6.491e-01 
 178869  1.000   2  2019   75   3.72  58558.351   71.1   8.097e-01 
 178870  0.667   1  2019   75   4.30  58558.375   71.1   5.258e-01 
 178871  0.667   1  2019   75   4.68  58558.390   71.1   5.573e-01 
 178916  0.789   1  2019   76   3.11  58559.325   71.1   1.775e-01 
 178917  0.789   1  2019   76   3.53  58559.343   71.1   2.412e-01 
 178918  0.646   2  2019   76   4.10  58559.366   71.1   1.056e+00 
 179188  0.500   1  2019   81  19.44  58565.005   71.1   5.332e+00 
 179189  0.500   1  2019   81  19.71  58565.017   71.1   5.619e+00 
 179286  0.667   2  2019   83  20.36  58567.044   71.3   2.899e+00 
 179287  0.511   1  2019   83  20.87  58567.065   71.3   2.939e+00 
 179288  1.022   2  2019   83  21.29  58567.083   71.3   1.665e+00 
 179382  1.018   2  2019   85  20.26  58569.040   71.9   3.659e+00 
 179383  1.018   2  2019   85  20.82  58569.063   71.9   2.543e+00 
 179384  0.509   1  2019   85  21.35  58569.085   72.0   1.606e+00 
 179385  1.018   2  2019   85  21.77  58569.103   72.0   8.648e-01 
 179386  0.509   1  2019   85  22.19  58569.120   72.0   4.810e-01 
 179387  0.767   1  2019   85  22.84  58569.147   72.0   2.296e-01 
 179388  0.767   1  2019   85  23.27  58569.165   72.0   1.232e-01 
 179482  0.456   1  2019   87  22.45  58571.131   72.7   1.041e+00 
 179483  0.911   2  2019   87  22.85  58571.148   72.7   6.878e-01 
 179484  0.456   1  2019   87  23.25  58571.164   72.7   3.307e-01 
 179577  0.656   1  2019   89  21.88  58573.107   73.4   2.316e+00 
 179578  0.656   1  2019   89  22.22  58573.122   73.4   1.465e+00 
 179579  0.667   2  2019   89  22.74  58573.143   73.4   6.859e-01 
 179580  1.000   3  2019   89  23.23  58573.164   73.4   2.580e-01 
 179581  0.333   1  2019   89  23.62  58573.180   73.4   1.637e-01 
 179722  0.533   1  2019   92  22.21  58576.121   74.1   6.453e-01 
 179723  1.067   2  2019   92  22.67  58576.140   74.1   5.252e-01 
 179724  0.533   1  2019   92  23.12  58576.159   74.1   3.030e-01 
 179864  0.656   1  2019   95  21.24  58579.081   73.7   1.947e+00 
 179865  0.767   2  2019   95  21.63  58579.097   73.7   1.438e+00 
 179877  0.533   1  2019   96   3.71  58579.350   73.6   1.599e+00 
 179878  0.533   1  2019   96   4.02  58579.363   73.6   1.254e+00 
 179924  0.675   3  2019   97   3.26  58580.331   73.4   7.409e-01 
 179961  0.656   1  2019   97  21.90  58581.108   73.3   1.162e+00 
 179962  0.656   1  2019   97  22.24  58581.122   73.3   1.280e+00 
 179963  0.656   1  2019   97  22.74  58581.143   73.3   1.636e+00 
 179964  0.656   1  2019   97  23.08  58581.157   73.3   1.406e+00 
 179965  0.656   1  2019   97  23.68  58581.182   73.3   1.141e+00 
 179966  1.311   2  2019   98   0.20  58581.204   73.3   1.306e+00 
 179967  0.656   1  2019   98   0.71  58581.225   73.3   1.076e+00 
 179968  0.562   2  2019   98   1.30  58581.250   73.3   7.514e-01 
 179969  0.656   1  2019   98   1.89  58581.274   73.3   2.100e-01 
 179970  0.656   1  2019   98   2.24  58581.289   73.3   1.171e-01 
 179971  1.311   2  2019   98   2.75  58581.310   73.3   2.253e-02 
 179974  0.656   1  2019   98   4.23  58581.372   73.3   7.669e-02 
 179975  0.656   1  2019   98   4.58  58581.386   73.3   6.258e-02 
 180012  0.656   1  2019   98  23.47  58582.174   73.3   1.594e+00 
 180013  0.656   1  2019   98  23.82  58582.188   73.3   1.082e+00 
 180014  0.656   1  2019   99   0.16  58582.202   73.3   6.055e-01 
 180015  0.656   1  2019   99   0.51  58582.217   73.3   2.609e-01 
 180016  0.656   1  2019   99   1.41  58582.254   73.3   9.731e-02 
 180017  0.656   1  2019   99   1.76  58582.269   73.3   3.750e-02 
 180018  1.311   2  2019   99   2.27  58582.290   73.3   2.681e-01 
 180020  0.516   4  2019   99   3.35  58582.335   73.3   1.204e+00 
 180021  0.644   5  2019   99   3.73  58582.351   73.3   8.612e-01 
 180052  0.520   3  2019   99  19.33  58583.001   73.4   5.129e+00 
 180053  0.867   5  2019   99  19.76  58583.019   73.4   4.669e+00 
 180054  0.693   4  2019   99  20.28  58583.041   73.4   4.192e+00 
 180055  0.693   4  2019   99  20.71  58583.059   73.4   3.236e+00 
 180056  0.520   3  2019   99  21.29  58583.083   73.4   2.954e+00 
 180057  0.867   5  2019   99  21.72  58583.101   73.4   3.136e+00 
 180058  0.693   4  2019   99  22.24  58583.122   73.4   2.535e+00 
 180059  0.693   4  2019   99  22.67  58583.140   73.4   2.100e+00 
 180060  0.867   5  2019   99  23.24  58583.164   73.4   1.361e+00 
 180061  0.867   5  2019   99  23.78  58583.186   73.4   8.945e-01 
 180062  0.656   1  2019  100   0.44  58583.214   73.4   5.806e-01 
 180063  0.656   1  2019  100   0.78  58583.228   73.4   4.076e-01 
 180064  1.311   2  2019  100   1.30  58583.250   73.4   1.798e-01 
 180069  0.562   2  2019  100   3.83  58583.355   73.4   6.972e-01 
 180070  0.487   1  2019  100   4.30  58583.375   73.4   4.652e-01 
 180071  0.974   2  2019  100   4.68  58583.391   73.4   3.996e-01 
 180100  0.693   4  2019  100  19.30  58584.000   73.4   4.978e+00 
 180101  0.693   4  2019  100  19.74  58584.018   73.4   5.323e+00 
 180102  0.867   5  2019  100  20.25  58584.039   73.4   7.063e+00 
 180103  0.693   4  2019  100  20.75  58584.060   73.4   5.973e+00 
 180104  0.520   3  2019  100  21.15  58584.077   73.4   3.471e+00 
 180105  0.520   3  2019  100  21.82  58584.105   73.4   6.248e-01 
 180106  0.867   5  2019  100  22.25  58584.123   73.4   4.431e-01 
 180107  0.693   4  2019  100  22.77  58584.144   73.4   6.443e-01 
 180108  0.867   5  2019  100  23.26  58584.165   73.4   8.085e-01 
 180109  0.693   4  2019  100  23.74  58584.185   73.4   8.704e-01 
 180110  0.756   4  2019  101   0.24  58584.205   73.4   8.642e-01 
 180112  0.656   1  2019  101   1.16  58584.244   73.4   1.089e+00 
 180113  1.311   2  2019  101   1.68  58584.266   73.4   1.340e+00 
 180114  0.656   1  2019  101   2.20  58584.287   73.4   1.200e+00 
 180115  0.656   1  2019  101   2.70  58584.308   73.4   1.171e+00 
 180116  1.311   2  2019  101   3.22  58584.330   73.4   1.760e+00 
 180117  0.656   1  2019  101   3.74  58584.351   73.4   2.331e+00 
 180118  0.656   1  2019  101   4.24  58584.372   73.4   7.224e-01 
 180119  0.656   1  2019  101   4.59  58584.387   73.4   4.540e-01 
 180154  0.627   4  2019  101  22.20  58585.121   73.5   6.025e-01 
 180155  0.627   4  2019  101  22.70  58585.141   73.5   3.433e-01 
 180156  0.627   4  2019  101  23.23  58585.164   73.5   3.265e-01 
 180159  1.067   2  2019  102   0.74  58585.226   73.5   3.291e-01 
 180160  1.067   2  2019  102   1.34  58585.251   73.5   3.573e-01 
 180166  0.558   3  2019  102   4.25  58585.373   73.5   7.053e-01 
 180201  0.520   3  2019  102  21.88  58586.107   73.5   2.231e+00 
 180202  0.693   4  2019  102  22.26  58586.123   73.5   2.860e+00 
 180203  0.867   5  2019  102  22.77  58586.144   73.4   1.720e+00 
 180204  0.693   4  2019  102  23.27  58586.165   73.4   2.247e+00 
 180205  0.693   4  2019  102  23.73  58586.184   73.4   1.389e+00 
 180206  0.693   4  2019  103   0.17  58586.202   73.4   2.233e+00 
 180207  0.656   1  2019  103   0.75  58586.227   73.4   1.945e+00 
 180208  1.311   2  2019  103   1.26  58586.248   73.4   1.763e+00 
 180209  0.656   1  2019  103   1.78  58586.270   73.4   1.061e+00 
 180210  0.562   2  2019  103   2.24  58586.289   73.4   8.308e-01 
 180211  0.656   1  2019  103   2.76  58586.311   73.4   4.470e-01 
 180212  1.311   2  2019  103   3.28  58586.332   73.4   7.354e-01 
 180213  0.656   1  2019  103   3.80  58586.354   73.4   1.309e+00 
 180256  0.467   2  2019  104   1.23  58587.247   73.4   7.525e-01 
 180823  0.833   3  2019  115  20.73  58599.060   72.6   1.663e+00 
 180824  0.833   3  2019  115  21.22  58599.080   72.6   1.196e+00 
 180871  0.444   2  2019  116  20.67  58600.057   72.6   9.927e-01 
 180872  0.667   3  2019  116  21.26  58600.082   72.6   1.318e+00 
 180874  0.444   2  2019  116  22.28  58600.124   72.6   1.556e+00 
 180877  0.444   2  2019  116  23.71  58600.183   72.6   3.698e-01 
 180917  0.606   2  2019  117  19.64  58601.014   72.6   3.534e+00 
 180918  0.742   2  2019  117  20.15  58601.035   72.6   2.279e+00 
 180919  0.798   1  2019  117  20.68  58601.057   72.6   1.605e+00 
 180920  0.993   2  2019  117  21.16  58601.077   72.6   1.248e+00 
 180921  0.583   3  2019  117  21.72  58601.101   72.6   9.568e-01 
 180922  0.667   1  2019  117  22.20  58601.121   72.6   1.055e+00 
 180923  1.028   2  2019  117  22.69  58601.141   72.6   9.756e-01 
 180924  0.722   2  2019  117  23.28  58601.165   72.6   7.764e-01 
 180925  0.772   2  2019  117  23.78  58601.186   72.7   5.646e-01 
 180926  0.593   2  2019  118   0.25  58601.206   72.7   2.549e-01 
 180927  0.798   3  2019  118   0.80  58601.229   72.7   3.149e-01 
 180928  0.349   2  2019  118   1.22  58601.246   72.7   3.277e-01 
 180929  0.969   2  2019  118   1.66  58601.265   72.7   7.712e-02 
 180930  0.423   2  2019  118   2.12  58601.284   72.7   3.964e-02 
 180932  0.695   3  2019  118   3.29  58601.333   72.7   7.087e-01 
 180933  0.473   1  2019  118   3.75  58601.352   72.7   5.903e-01 
 180934  0.740   2  2019  118   4.14  58601.368   72.7   4.053e-01 
 180935  0.706   2  2019  118   4.70  58601.392   72.7   6.415e-01 
 180936  0.438   1  2019  118   5.04  58601.405   72.7   5.085e-01 
 180963  0.477   1  2019  118  18.87  58601.982   72.7   3.284e+00 
 180964  0.871   3  2019  118  19.26  58601.998   72.7   2.173e+00 
 180965  0.716   2  2019  118  19.88  58602.024   72.7   1.586e+00 
 180966  0.476   2  2019  118  20.33  58602.043   72.8   1.102e+00 
 180967  0.662   3  2019  118  20.79  58602.062   72.8   8.975e-01 
 180968  0.750   3  2019  118  21.24  58602.081   72.8   5.968e-01 
 180969  1.000   4  2019  118  21.77  58602.102   72.8   2.746e-01 
 180970  0.750   3  2019  118  22.28  58602.124   72.8   2.454e-01 
 180971  0.750   3  2019  118  22.74  58602.143   72.8   4.017e-01 
 180972  1.000   4  2019  118  23.27  58602.165   72.8   5.943e-01 
 180973  0.750   3  2019  118  23.80  58602.187   72.8   2.692e-01 
 180974  0.750   3  2019  119   0.26  58602.207   72.8   1.675e-01 
 180975  0.722   2  2019  119   0.76  58602.227   72.8   4.415e-02 
 180976  0.794   2  2019  119   1.25  58602.248   72.8   1.600e-01 
 180977  1.030   2  2019  119   1.87  58602.274   72.8   2.063e-01 
 180978  0.708   1  2019  119   2.36  58602.294   72.8   3.375e-01 
 180979  0.399   1  2019  119   2.76  58602.311   72.8   7.816e-01 
 180980  0.799   2  2019  119   3.22  58602.330   72.8   9.325e-01 
 180981  0.689   1  2019  119   3.69  58602.349   72.8   1.172e+00 
 180982  0.689   1  2019  119   4.05  58602.364   72.8   8.245e-01 
 180983  1.342   2  2019  119   4.74  58602.393   72.8   3.322e-01 
 181018  1.533   2  2019  119  22.27  58603.124   72.8   2.306e-01 
 181020  0.417   3  2019  119  23.09  58603.158   72.8   9.602e-01 
 181021  0.656   1  2019  119  23.75  58603.185   72.8   2.012e-01 
 181022  1.311   2  2019  120   0.27  58603.207   72.8   1.456e-01 
 181023  0.656   1  2019  120   0.79  58603.229   72.8  -1.166e-02 
 181024  0.656   1  2019  120   1.36  58603.252   72.8  -3.721e-02 
 181025  0.656   1  2019  120   1.70  58603.267   72.8   9.581e-02 
 181026  1.311   2  2019  120   2.22  58603.288   72.8   2.923e-02 
 181029  0.500   1  2019  120   3.83  58603.355   72.8   7.462e-01 
 181030  1.000   2  2019  120   4.24  58603.372   72.8   7.311e-01 
 181031  0.500   1  2019  120   4.66  58603.390   72.8   4.071e-01 
 181064  0.833   3  2019  120  21.30  58604.083   72.8   2.461e-01 
 181065  0.833   3  2019  120  21.79  58604.103   72.8   2.094e-01 
 181073  1.311   2  2019  121   1.80  58604.271   72.8   1.846e-01 
 181074  0.656   1  2019  121   2.32  58604.292   72.8   1.786e-01 
 181075  0.656   1  2019  121   2.66  58604.307   72.8   2.832e-01 
 181076  0.787   2  2019  121   3.28  58604.332   72.8   5.113e-01 
 181077  0.787   2  2019  121   3.72  58604.351   72.8   6.046e-01 
 181112  0.767   1  2019  121  21.36  58605.086   72.8   9.222e-01 
 181113  0.767   1  2019  121  21.80  58605.104   72.8   8.062e-01 
 181114  0.667   1  2019  121  22.33  58605.126   72.8   8.130e-01 
 181115  0.667   1  2019  121  22.71  58605.142   72.8   6.441e-01 
 181116  0.656   1  2019  121  23.45  58605.173   72.8   4.801e-01 
 181117  0.656   1  2019  121  23.80  58605.187   72.8   3.882e-01 
 181118  1.311   2  2019  122   0.31  58605.209   72.8   1.959e-01 
 181120  1.311   2  2019  122   1.20  58605.246   72.8   9.964e-02 
 181122  0.708   2  2019  122   2.13  58605.284   72.8   4.811e-01 
 181123  0.733   3  2019  122   2.67  58605.307   72.8   3.829e-01 
 181124  0.667   1  2019  122   3.48  58605.341   72.8   3.829e-01 
 181125  0.667   1  2019  122   3.86  58605.357   72.8   2.281e-01 
 181160  0.767   1  2019  122  21.17  58606.078   72.9   1.440e+00 
 181161  0.767   1  2019  122  21.60  58606.096   72.9   1.050e+00 
 181163  0.656   1  2019  122  22.95  58606.152   72.9   2.305e-01 
 181164  0.656   1  2019  122  23.30  58606.166   72.9   2.590e-01 
 181165  1.311   2  2019  122  23.82  58606.188   72.9   3.993e-01 
 181167  1.311   2  2019  123   0.73  58606.226   72.9   3.909e-01 
 181168  0.656   1  2019  123   1.25  58606.248   72.9   1.638e-01 
 181169  0.656   1  2019  123   1.60  58606.262   72.9   2.576e-01 
 181170  0.928   2  2019  123   2.17  58606.286   72.9   7.722e-01 
 181171  0.464   1  2019  123   2.56  58606.302   72.9   8.356e-01 
 181172  0.819   1  2019  123   3.09  58606.324   72.9   1.087e+00 
 181173  0.819   1  2019  123   3.51  58606.342   72.9   1.178e+00 
 181206  0.667   1  2019  123  20.40  58607.045   72.9   1.767e+00 
 181207  0.667   1  2019  123  20.78  58607.061   72.9   1.203e+00 
 181208  0.667   1  2019  123  21.24  58607.081   72.9   1.011e+00 
 181209  0.667   1  2019  123  21.62  58607.096   72.9   9.483e-01 
 181214  0.656   1  2019  124   0.27  58607.207   73.0   2.604e-01 
 181215  1.311   2  2019  124   0.79  58607.229   73.0   1.173e-01 
 181216  0.656   1  2019  124   1.31  58607.250   73.0   1.371e-01 
 181217  0.492   1  2019  124   1.74  58607.268   73.0   3.675e-01 
 181218  0.667   1  2019  124   2.28  58607.291   73.0   5.414e-01 
 181219  0.667   1  2019  124   2.66  58607.306   73.0   5.108e-01 
 181220  0.667   1  2019  124   3.14  58607.326   73.0   5.720e-01 
 181221  0.667   1  2019  124   3.52  58607.342   73.0   5.048e-01 
 181222  0.983   2  2019  124   4.15  58607.368   73.0   3.842e-01 
 181223  0.492   1  2019  124   4.56  58607.386   73.0   4.745e-01 
 181254  0.833   3  2019  124  20.25  58608.039   73.1   1.896e+00 
 181255  0.833   3  2019  124  20.74  58608.060   73.1   1.470e+00 
 181267  0.500   1  2019  125   2.83  58608.314   73.1   5.777e-01 
 181268  1.000   2  2019  125   3.24  58608.331   73.1   5.278e-01 
 181269  0.500   1  2019  125   3.66  58608.348   73.1   5.635e-01 
 181270  1.000   2  2019  125   4.21  58608.371   73.1   3.041e-01 
 181271  1.000   2  2019  125   4.76  58608.394   73.1   3.602e-01 
 181317  1.000   2  2019  126   3.80  58609.354   73.1   8.419e-01 
 181318  1.000   2  2019  126   4.35  58609.377   73.1   4.432e-01 
 182166  0.513   1  2019  143  20.31  58627.042   72.1   1.097e+00 
 182167  1.027   2  2019  143  20.73  58627.059   72.1   7.925e-01 
 182168  0.513   1  2019  143  21.16  58627.077   72.1   5.803e-01 
 182169  0.667   2  2019  143  21.82  58627.105   72.1   6.466e-01 
 182171  0.767   1  2019  143  22.56  58627.136   72.0   6.888e-01 
 182213  0.556   2  2019  144  19.89  58628.024   71.8   9.741e-01 
 182214  0.833   3  2019  144  20.30  58628.041   71.8   9.108e-01 
 182259  1.506   2  2019  145  18.74  58628.977   71.5   4.091e+00 
 182260  0.753   1  2019  145  19.45  58629.006   71.5   1.960e+00 
 182261  0.753   1  2019  145  19.84  58629.022   71.5   1.298e+00 
 182262  0.468   1  2019  145  20.26  58629.040   71.5   8.779e-01 
 182263  0.937   2  2019  145  20.67  58629.057   71.5   4.632e-01 
 182264  0.468   1  2019  145  21.08  58629.074   71.5   2.393e-01 
 182265  0.937   1  2019  145  21.58  58629.095   71.5   2.297e-01 
 182266  0.937   1  2019  145  22.06  58629.115   71.5   3.155e-01 
 182267  0.937   1  2019  145  22.61  58629.138   71.5   2.864e-01 
 182268  0.937   1  2019  145  23.09  58629.158   71.5   1.880e-01 
 182269  0.824   1  2019  145  23.68  58629.182   71.5   2.529e-01 
 182270  0.824   1  2019  146   0.11  58629.200   71.5   2.400e-01 
 182271  0.824   1  2019  146   0.61  58629.221   71.5   1.698e-01 
 182272  0.824   1  2019  146   1.03  58629.239   71.4   2.594e-01 
 182273  0.984   2  2019  146   1.63  58629.264   71.4   1.394e-01 
 182275  0.707   2  2019  146   2.66  58629.306   71.4   1.868e-01 
 182276  0.433   1  2019  146   3.06  58629.323   71.4   2.362e-01 
 182357  0.833   3  2019  147  19.76  58631.019   71.0   8.920e-01 
 182358  0.556   2  2019  147  20.16  58631.036   71.0   6.846e-01 
 182365  0.533   1  2019  147  23.85  58631.189   71.0   4.178e-01 
 182366  1.067   2  2019  148   0.32  58631.209   71.0   4.131e-01 
 182367  0.533   1  2019  148   0.79  58631.229   71.0   2.318e-01 
 182405  0.556   2  2019  148  19.79  58632.020   70.9   2.172e+00 
 182406  0.833   3  2019  148  20.20  58632.037   70.9   1.304e+00 
 182462  0.533   1  2019  150   0.28  58633.207   70.7   2.115e-01 
 182463  1.067   2  2019  150   0.73  58633.226   70.7   4.916e-01 
 182464  0.533   1  2019  150   1.18  58633.245   70.7   5.910e-01 
 182468  0.393   1  2019  150   3.47  58633.340   70.7   1.330e+00 
 182469  0.787   2  2019  150   3.80  58633.354   70.7   9.808e-01 
 182470  0.393   1  2019  150   4.13  58633.368   70.7   1.054e+00 
 182502  0.656   1  2019  150  20.21  58634.038   70.6   1.383e+00 
 182503  1.311   2  2019  150  20.73  58634.059   70.6   1.110e+00 
 182504  0.656   1  2019  150  21.25  58634.081   70.6   9.900e-01 
 182505  0.656   1  2019  150  21.74  58634.101   70.6   6.886e-01 
 182506  1.311   2  2019  150  22.26  58634.123   70.6   4.081e-01 
 182507  0.656   1  2019  150  22.78  58634.145   70.6   4.546e-01 
 182509  0.656   1  2019  150  23.78  58634.186   70.6   3.873e-01 
 182510  1.311   2  2019  151   0.30  58634.208   70.6   2.457e-01 
 182511  0.656   1  2019  151   0.82  58634.230   70.6   1.949e-01 
 182512  0.656   1  2019  151   1.28  58634.249   70.6   1.319e-01 
 182513  1.311   2  2019  151   1.80  58634.270   70.6   1.210e-01 
 182514  0.656   1  2019  151   2.32  58634.292   70.6   1.466e-01 
 182515  0.787   2  2019  151   2.86  58634.315   70.5   1.174e+00 
 182516  0.787   2  2019  151   3.31  58634.333   70.5   1.488e+00 
 182518  1.311   2  2019  151   4.20  58634.370   70.5   4.344e-01 
 182519  0.656   1  2019  151   4.71  58634.392   70.5   3.297e-01 
 182520  0.656   1  2019  151   5.06  58634.406   70.5   2.220e-01 
 182565  0.656   1  2019  152   3.67  58635.349   70.4   1.319e-01 
 182566  1.218   2  2019  152   4.17  58635.369   70.4   2.275e-01 
 182609  1.311   2  2019  153   1.82  58636.271   70.4   1.967e-01 
 182611  1.311   2  2019  153   2.71  58636.308   70.4   8.865e-02 
 182613  0.656   1  2019  153   3.77  58636.353   70.4   1.100e-01 
 182614  1.311   2  2019  153   4.29  58636.374   70.4   2.056e-01 
 182615  0.656   1  2019  153   4.81  58636.396   70.4   1.568e-01 
 182648  0.778   3  2019  153  21.23  58637.080   70.3   6.337e-01 
 182649  1.038   4  2019  153  21.77  58637.102   70.3   5.400e-01 
 182650  0.519   2  2019  153  22.33  58637.126   70.3   6.084e-01 
 182651  0.519   2  2019  153  22.63  58637.138   70.3   7.429e-01 
 182652  0.656   1  2019  153  23.21  58637.162   70.3   4.320e-01 
 182653  1.311   2  2019  153  23.72  58637.184   70.3   4.183e-01 
 182654  0.656   1  2019  154   0.24  58637.206   70.3   4.701e-01 
 182655  0.778   3  2019  154   0.80  58637.229   70.3   6.192e-01 
 182656  0.778   3  2019  154   1.24  58637.247   70.3   6.123e-01 
 182657  1.038   4  2019  154   1.75  58637.269   70.3   5.104e-01 
 182658  0.778   3  2019  154   2.26  58637.290   70.3   4.306e-01 
 182659  0.398   2  2019  154   2.68  58637.307   70.3   4.725e-01 
 182661  1.311   2  2019  154   3.69  58637.349   70.3   1.989e-01 
 182662  0.656   1  2019  154   4.21  58637.371   70.3   3.652e-01 
 182663  1.150   2  2019  154   4.74  58637.393   70.3   3.150e-01 
 182664  0.494   1  2019  154   5.25  58637.414   70.3   4.648e-01 
 182740  1.000   2  2019  155  19.18  58638.995   70.2   3.602e+00 
 182741  1.000   2  2019  155  19.74  58639.018   70.2   2.869e+00 
 182753  0.783   3  2019  156   1.74  58639.268   70.2   6.869e-01 
 182754  0.522   2  2019  156   2.29  58639.291   70.2   1.410e+00 
 182755  0.344   2  2019  156   2.82  58639.313   70.2   2.078e+00 
 182756  0.583   3  2019  156   3.14  58639.326   70.2   1.464e+00 
 182758  0.834   1  2019  156   4.15  58639.368   70.2   7.050e-01 
 182793  0.819   1  2019  156  21.96  58640.111   70.3   8.436e-01 
 182794  0.819   1  2019  156  22.38  58640.128   70.3   6.424e-01 
 182796  0.656   1  2019  156  23.18  58640.161   70.3   3.365e-01 
 182797  1.311   2  2019  156  23.69  58640.183   70.3   1.769e-01 
 182798  0.656   1  2019  157   0.21  58640.204   70.3   1.855e-01 
 182800  0.583   3  2019  157   1.30  58640.250   70.3   8.848e-01 
 182804  1.311   2  2019  157   3.18  58640.328   70.3   2.518e-01 
 182805  0.656   1  2019  157   3.70  58640.350   70.3   4.108e-01 
 182806  0.656   1  2019  157   4.05  58640.364   70.3   5.316e-01 
 182845  0.500   2  2019  157  23.87  58641.190   70.3   8.889e-01 
 182846  0.833   3  2019  158   0.30  58641.208   70.3   5.012e-01 
 182847  0.667   2  2019  158   0.81  58641.229   70.3   2.474e-01 
 182850  0.522   2  2019  158   2.20  58641.287   70.3  -3.708e-03 
 182886  0.333   2  2019  158  20.44  58642.047   70.4   1.265e+00 
 182887  0.833   5  2019  158  20.79  58642.062   70.4   9.615e-01 
 182888  0.667   4  2019  158  21.29  58642.083   70.4   7.199e-01 
 182889  0.833   5  2019  158  21.75  58642.102   70.4   5.820e-01 
 182890  0.667   4  2019  158  22.26  58642.123   70.4   4.246e-01 
 182891  0.833   5  2019  158  22.72  58642.142   70.4   4.163e-01 
 182892  0.833   5  2019  158  23.25  58642.164   70.4   4.397e-01 
 182893  0.667   4  2019  158  23.75  58642.185   70.4   3.847e-01 
 182894  0.833   5  2019  159   0.24  58642.206   70.4   2.305e-01 
 182895  0.500   3  2019  159   0.83  58642.230   70.4   3.342e-01 
 182896  0.667   4  2019  159   1.17  58642.244   70.4   4.136e-02 
 182897  0.833   5  2019  159   1.78  58642.270   70.4   3.585e-01 
 182898  0.667   4  2019  159   2.25  58642.290   70.4   3.366e-01 
 182899  0.833   5  2019  159   2.78  58642.311   70.4   1.985e-01 
 182900  0.500   3  2019  159   3.32  58642.334   70.4   3.097e-01 
 182901  0.667   4  2019  159   3.74  58642.351   70.4   1.800e-01 
 182902  0.333   2  2019  159   4.08  58642.365   70.4   5.259e-01 
 182903  0.786   1  2019  159   4.60  58642.387   70.4   3.250e-01 
 182904  0.786   1  2019  159   5.04  58642.406   70.4   1.333e-01 
 182933  0.667   2  2019  159  19.77  58643.019   70.4   2.038e+00 
 182934  0.333   2  2019  159  20.45  58643.048   70.4   1.258e+00 
 182935  0.333   2  2019  159  20.69  58643.058   70.4   1.189e+00 
 182936  0.500   3  2019  159  21.40  58643.087   70.4   9.391e-01 
 182937  0.833   5  2019  159  21.79  58643.104   70.4   5.488e-01 
 182938  0.667   4  2019  159  22.33  58643.126   70.4   5.572e-01 
 182939  0.667   4  2019  159  22.73  58643.142   70.4   3.389e-01 
 182940  0.833   5  2019  159  23.24  58643.164   70.4   2.492e-01 
 182941  0.667   4  2019  159  23.71  58643.183   70.4   4.862e-01 
 182942  0.833   5  2019  160   0.22  58643.205   70.4   1.468e-01 
 182943  0.500   3  2019  160   0.69  58643.224   70.4   3.773e-01 
 182944  0.833   5  2019  160   1.22  58643.246   70.4   9.260e-02 
 182945  0.833   5  2019  160   1.78  58643.270   70.4   1.392e-01 
 182946  0.667   4  2019  160   2.24  58643.289   70.4   4.062e-01 
 182947  0.500   3  2019  160   2.70  58643.308   70.3   2.274e-01 
 182948  0.500   3  2019  160   3.21  58643.329   70.3   5.971e-01 
 182949  0.833   5  2019  160   3.72  58643.350   70.3   4.420e-01 
 182950  0.667   4  2019  160   4.17  58643.369   70.3   2.936e-01 
 182951  0.650   1  2019  160   4.70  58643.391   70.3   1.451e-01 
 182952  0.650   1  2019  160   5.05  58643.406   70.3   1.494e-02 
 182987  0.389   2  2019  160  22.93  58644.151   70.3   6.129e-01 
 182988  0.778   4  2019  160  23.26  58644.165   70.3   5.185e-01 
 182989  0.778   4  2019  160  23.76  58644.186   70.3   3.518e-01 
 182990  0.583   3  2019  161   0.25  58644.206   70.3  -4.447e-02 
 182991  0.778   4  2019  161   0.76  58644.227   70.3   1.560e-01 
 182992  0.583   3  2019  161   1.19  58644.245   70.3   1.316e-01 
 182993  0.583   3  2019  161   1.76  58644.269   70.3   1.371e-01 
 182994  0.778   4  2019  161   2.22  58644.288   70.3   1.684e-01 
 182995  0.778   4  2019  161   2.70  58644.308   70.3   2.815e-01 
 182996  0.778   4  2019  161   3.21  58644.329   70.3   3.345e-01 
 182997  0.778   4  2019  161   3.73  58644.351   70.3   3.037e-01 
 182998  0.917   4  2019  161   4.25  58644.373   70.3   1.982e-01 
 182999  0.333   1  2019  161   4.66  58644.390   70.3   3.090e-01 
 183656  0.944   1  2019  174  21.47  58658.090   69.7   4.341e-01 
 183657  0.944   1  2019  174  21.97  58658.111   69.7   1.684e-01 
 183659  0.944   1  2019  174  22.59  58658.137   69.7   3.713e-01 
 183660  0.944   1  2019  174  23.09  58658.158   69.7   8.143e-01 
 183661  0.611   1  2019  174  23.60  58658.179   69.7   5.388e-01 
 183750  0.656   1  2019  176  20.24  58660.039   69.5   1.196e+00 
 183751  1.311   2  2019  176  20.76  58660.061   69.5   7.070e-01 
 183752  0.656   1  2019  176  21.28  58660.082   69.5   5.196e-01 
 183753  1.311   2  2019  176  21.82  58660.105   69.5   3.771e-01 
 183754  0.656   1  2019  176  22.34  58660.126   69.5   4.798e-01 
 183755  0.656   1  2019  176  22.68  58660.141   69.5   7.438e-01 
 183799  0.656   1  2019  177  20.90  58661.066   69.5   4.116e-01 
 183800  0.500   1  2019  177  21.46  58661.090   69.5   4.251e-01 
 183801  0.500   1  2019  177  21.74  58661.101   69.5   4.749e-01 
 183802  1.000   2  2019  177  22.15  58661.118   69.5   7.161e-01 
 183805  1.000   2  2019  177  23.83  58661.189   69.5   3.644e-01 
 183806  0.500   1  2019  178   0.25  58661.206   69.5   3.041e-01 
 183807  0.500   1  2019  178   0.52  58661.217   69.5   2.375e-01 
 183809  1.311   2  2019  178   1.68  58661.265   69.5   2.457e-01 
 183810  0.656   1  2019  178   2.19  58661.287   69.5   2.093e-01 
 183856  0.558   3  2019  179   1.26  58662.248   69.5   3.754e-01 
 184133  0.533   1  2019  184  19.87  58668.024   69.5   1.818e+00 
 184134  1.067   2  2019  184  20.33  58668.042   69.5   1.398e+00 
 184135  0.533   1  2019  184  20.78  58668.061   69.5   8.975e-01 
 184182  1.311   2  2019  185  20.26  58669.040   69.5   8.034e-01 
 184183  0.656   1  2019  185  20.78  58669.061   69.5   5.998e-01 
 184184  0.794   2  2019  185  21.18  58669.078   69.5   1.023e+00 
 184186  1.311   2  2019  185  22.30  58669.125   69.5   3.499e-01 
 184187  0.656   1  2019  185  22.94  58669.152   69.5   7.234e-01 
 184188  0.656   1  2019  185  23.29  58669.166   69.5   8.280e-01 
 184189  1.311   2  2019  185  23.81  58669.188   69.5   6.347e-01 
 184190  0.656   1  2019  186   0.48  58669.215   69.5   3.023e-01 
 184191  0.656   1  2019  186   0.82  58669.230   69.5   2.369e-01 
 184192  0.656   1  2019  186   1.17  58669.244   69.5   2.046e-01 
 184193  0.656   1  2019  186   1.51  58669.259   69.5   9.822e-02 
 184194  1.311   2  2019  186   2.20  58669.287   69.5  -4.421e-03 
 184195  0.656   1  2019  186   2.72  58669.309   69.5   7.951e-02 
 184196  0.656   1  2019  186   3.07  58669.323   69.5   4.082e-02 
 184197  1.572   2  2019  186   3.78  58669.353   69.5   1.585e-01 
 184199  1.572   2  2019  186   4.73  58669.393   69.5   7.591e-01 
 184230  0.389   2  2019  186  20.42  58670.047   69.5   1.618e+00 
 184233  0.350   3  2019  186  21.73  58670.101   69.5   7.573e-01 
 184238  0.522   2  2019  187   0.19  58670.203   69.5   1.229e+00 
 184239  0.522   2  2019  187   0.79  58670.228   69.5   6.038e-01 
 184240  0.656   1  2019  187   1.28  58670.249   69.5   1.943e-01 
 184241  1.311   2  2019  187   1.80  58670.271   69.5   1.064e-01 
 184242  0.656   1  2019  187   2.32  58670.292   69.5   1.469e-01 
 184243  0.819   1  2019  187   2.81  58670.313   69.5   2.334e-01 
 184244  0.819   1  2019  187   3.24  58670.330   69.5   2.073e-01 
 184296  1.500   1  2019  188   5.00  58671.404   69.5  -5.533e-02 
 184337  0.494   1  2019  189   1.96  58672.277   69.5   1.115e-01 
 184338  0.989   2  2019  189   2.35  58672.293   69.5   1.056e-01 
 184339  0.494   1  2019  189   2.74  58672.310   69.5   1.520e-01 
 184340  0.656   1  2019  189   3.25  58672.331   69.5   1.421e-01 
 184341  1.311   2  2019  189   3.77  58672.352   69.5   1.577e-01 
 184342  0.656   1  2019  189   4.28  58672.374   69.5   1.390e-01 
 184343  0.656   1  2019  189   4.81  58672.396   69.5   2.214e-01 
 184344  0.656   1  2019  189   5.16  58672.410   69.5   4.175e-01 
 184380  0.667   2  2019  189  23.25  58673.164   69.5   2.592e-01 
 184382  0.933   2  2019  190   0.19  58673.203   69.5   6.123e-02 
 184383  0.933   2  2019  190   0.75  58673.227   69.5   5.019e-02 
 184384  0.656   1  2019  190   1.42  58673.255   69.5   6.794e-02 
 184385  0.656   1  2019  190   1.77  58673.269   69.5   3.761e-02 
 184386  1.311   2  2019  190   2.28  58673.291   69.5   1.142e-01 
 184389  0.656   1  2019  190   3.79  58673.354   69.5   6.504e-02 
 184390  1.311   2  2019  190   4.31  58673.375   69.5   4.486e-02 
 184391  0.656   1  2019  190   4.83  58673.397   69.5   9.187e-02 
 184428  0.333   1  2019  190  23.44  58674.172   69.5   8.615e-01 
 184429  0.333   1  2019  190  23.78  58674.186   69.5   4.431e-01 
 184430  0.333   1  2019  191   0.25  58674.206   69.5   8.394e-02 
 184431  0.333   1  2019  191   0.59  58674.220   69.5  -8.360e-02 
 184483  0.656   1  2019  192   2.72  58675.309   69.5   2.486e-01 
 184484  1.311   2  2019  192   3.24  58675.331   69.5   1.236e-01 
 184485  0.656   1  2019  192   3.76  58675.352   69.5   9.369e-02 
 184486  0.786   1  2019  192   4.27  58675.374   69.5   4.932e-02 
 184487  0.786   1  2019  192   4.71  58675.392   69.5   1.203e-01 
 184581  0.944   1  2019  194   3.74  58677.351   69.5   6.909e-01 
 184582  1.334   1  2019  194   4.46  58677.381   69.5   5.886e-01 
 184584  0.834   1  2019  194   5.13  58677.409   69.5   1.446e-02 
 185092  1.474   2  2019  204  19.30  58688.000   69.2   2.704e+00 
 185093  0.761   1  2019  204  19.99  58688.029   69.2   2.599e+00 
 185094  0.761   1  2019  204  20.39  58688.045   69.2   1.844e+00 
 185095  0.508   1  2019  204  20.84  58688.064   69.2   1.000e+00 
 185096  0.911   2  2019  204  21.26  58688.082   69.2   8.286e-01 
 185097  0.403   1  2019  204  21.67  58688.099   69.2   6.565e-01 
 185098  1.623   2  2019  204  22.29  58688.124   69.2   5.651e-01 
 185099  0.369   1  2019  204  22.89  58688.149   69.2   5.676e-01 
 185100  0.758   2  2019  204  23.24  58688.164   69.2   4.528e-01 
 185101  0.973   2  2019  204  23.79  58688.187   69.2   2.343e-01 
 185102  0.583   1  2019  205   0.22  58688.205   69.2   2.858e-01 
 185103  1.359   2  2019  205   0.81  58688.229   69.2   2.336e-01 
 185104  0.330   2  2019  205   1.35  58688.252   69.2   1.250e-01 
 185105  0.917   3  2019  205   1.80  58688.271   69.2   1.255e-01 
 185106  0.389   1  2019  205   2.20  58688.287   69.2   1.246e-01 
 185341  0.787   2  2019  209  23.67  58693.182   69.3   8.234e-01 
 185342  0.787   2  2019  210   0.11  58693.200   69.3   1.048e+00 
 185348  1.311   2  2019  210   3.19  58693.329   69.3  -1.202e-02 
 185349  0.656   1  2019  210   3.71  58693.350   69.3   9.949e-02 
 185350  0.656   1  2019  210   4.06  58693.365   69.3   1.878e-01 
 185352  1.656   1  2019  210   5.06  58693.406   69.3   1.464e-01 
 185381  1.311   2  2019  210  19.69  58694.016   69.3   3.831e+00 
 185382  0.656   1  2019  210  20.21  58694.038   69.3   2.908e+00 
 185383  0.656   1  2019  210  20.56  58694.052   69.3   2.567e+00 
 185384  1.311   2  2019  210  21.28  58694.082   69.3   9.734e-01 
 185385  0.656   1  2019  210  21.80  58694.104   69.3   7.500e-01 
 185386  0.656   1  2019  210  22.15  58694.118   69.3   6.609e-01 
 185387  0.787   2  2019  210  22.67  58694.140   69.3   1.079e+00 
 185388  0.787   2  2019  210  23.11  58694.159   69.3   1.356e+00 
 185389  0.787   2  2019  210  23.68  58694.182   69.3   2.058e+00 
 185390  0.787   2  2019  211   0.13  58694.201   69.3   2.018e+00 
 185391  0.787   2  2019  211   0.67  58694.223   69.3   1.958e+00 
 185392  0.787   2  2019  211   1.11  58694.242   69.3   1.954e+00 
 185393  0.656   1  2019  211   1.69  58694.266   69.3   4.034e-01 
 185394  1.311   2  2019  211   2.21  58694.288   69.3   5.061e-01 
 185395  0.656   1  2019  211   2.73  58694.309   69.3   5.250e-01 
 185396  0.656   1  2019  211   3.25  58694.331   69.3   3.756e-01 
 185397  1.311   2  2019  211   3.77  58694.353   69.3   3.705e-01 
 185398  0.656   1  2019  211   4.29  58694.374   69.3   3.118e-01 
 185399  0.489   2  2019  211   4.86  58694.398   69.3   1.066e-01 
 185429  1.311   2  2019  211  19.69  58695.016   69.3   1.877e+00 
 185430  0.656   1  2019  211  20.20  58695.037   69.3   1.640e+00 
 185431  0.656   1  2019  211  20.55  58695.052   69.3   1.205e+00 
 185433  0.833   1  2019  211  21.98  58695.111   69.3   6.423e-01 
 185434  0.611   1  2019  211  22.48  58695.132   69.3   2.652e-01 
 185436  0.558   3  2019  211  23.21  58695.162   69.3   6.330e-01 
 185446  1.311   2  2019  212   4.22  58695.371   69.3   3.384e-01 
 185447  0.656   1  2019  212   4.74  58695.393   69.3   2.503e-01 
 185448  0.656   1  2019  212   5.08  58695.407   69.3   2.328e-01 
 185476  0.989   4  2019  212  19.22  58695.997   69.2   4.359e+00 
 185477  0.742   3  2019  212  19.73  58696.018   69.2   3.204e+00 
 185478  0.581   2  2019  212  20.24  58696.039   69.2   2.281e+00 
 185479  1.000   3  2019  212  20.79  58696.062   69.2   1.362e+00 
 185481  0.787   2  2019  212  21.81  58696.104   69.2   1.534e+00 
 185482  0.787   2  2019  212  22.25  58696.123   69.2   1.676e+00 
 185525  0.656   1  2019  213  19.66  58697.015   69.2   1.893e+00 
 185526  1.311   2  2019  213  20.17  58697.036   69.2   1.060e+00 
 185527  0.656   1  2019  213  20.69  58697.058   69.2   5.221e-01 
 185529  0.611   1  2019  213  21.97  58697.111   69.2   2.570e-02 
 185530  0.393   1  2019  213  22.42  58697.130   69.2   1.336e+00 
 185531  0.787   2  2019  213  22.76  58697.144   69.3   1.475e+00 
 185532  0.393   1  2019  213  23.09  58697.158   69.3   1.407e+00 
 185573  0.833   1  2019  214  19.81  58698.021   69.3   1.270e+00 
 185576  0.393   1  2019  214  21.29  58698.082   69.3   7.151e-01 
 185577  1.180   3  2019  214  21.73  58698.101   69.3   7.250e-01 
 185581  0.393   1  2019  214  23.86  58698.190   69.3   6.683e-01 
 185582  0.787   2  2019  215   0.19  58698.203   69.3   7.016e-01 
 185583  0.393   1  2019  215   0.52  58698.217   69.3   6.417e-01 
 185623  0.492   1  2019  215  20.80  58699.062   69.3   8.516e-01 
 185624  0.983   2  2019  215  21.23  58699.080   69.3   9.469e-01 
 185625  0.417   1  2019  215  21.93  58699.109   69.3   2.622e-01 
 185626  0.417   1  2019  215  22.16  58699.119   69.3   3.077e-01 
 185627  0.787   2  2019  215  22.79  58699.145   69.3   1.519e+00 
 185628  0.787   2  2019  215  23.24  58699.164   69.3   1.758e+00 
 185629  0.787   2  2019  215  23.86  58699.190   69.3   3.362e-01 
 185630  0.787   2  2019  216   0.30  58699.208   69.3   4.409e-01 
 185631  0.787   2  2019  216   0.83  58699.230   69.3   5.493e-01 
 185632  0.787   2  2019  216   1.27  58699.249   69.3   4.818e-01 
 185671  0.393   1  2019  216  20.79  58700.062   69.3   2.381e+00 
 185672  1.180   3  2019  216  21.23  58700.080   69.3   1.554e+00 
 185673  0.787   2  2019  216  21.89  58700.108   69.3   1.332e+00 
 185674  0.787   2  2019  216  22.33  58700.126   69.3   1.022e+00 
 185675  0.787   2  2019  216  22.87  58700.148   69.3   9.071e-01 
 185676  0.787   2  2019  216  23.31  58700.167   69.3   6.658e-01 
 185677  0.656   1  2019  216  23.92  58700.192   69.3   2.909e-01 
 185678  0.656   1  2019  217   0.27  58700.207   69.3   5.567e-01 
 185679  1.311   2  2019  217   0.79  58700.228   69.3   6.148e-01 
 185680  0.656   1  2019  217   1.42  58700.255   69.3   4.701e-01 
 185681  0.656   1  2019  217   1.77  58700.269   69.3   4.793e-01 
 185682  1.311   2  2019  217   2.29  58700.291   69.3   1.597e-01 
 185717  0.533   5  2019  217  19.73  58701.017   69.2   1.717e+00 
 185718  0.640   6  2019  217  20.18  58701.036   69.2   1.440e+00 
 185719  0.427   4  2019  217  20.89  58701.066   69.2   9.911e-01 
 185720  0.533   5  2019  217  21.17  58701.078   69.2   1.119e+00 
 185721  0.640   6  2019  217  21.80  58701.104   69.2   8.588e-01 
 185722  0.533   5  2019  217  22.30  58701.125   69.2   7.051e-01 
 185723  0.533   5  2019  217  22.74  58701.143   69.2   6.753e-01 
 185725  0.656   1  2019  217  23.74  58701.185   69.2   1.085e+00 
 185726  1.311   2  2019  218   0.26  58701.206   69.2   5.288e-01 
 185727  0.656   1  2019  218   0.77  58701.228   69.2   3.380e-01 
 185728  0.656   1  2019  218   1.25  58701.248   69.2   2.380e-01 
 185729  1.311   2  2019  218   1.77  58701.269   69.2   1.586e-01 
 185730  0.656   1  2019  218   2.28  58701.291   69.2   3.319e-01 
 185731  0.656   1  2019  218   2.77  58701.311   69.2   2.305e-01 
 185732  1.311   2  2019  218   3.28  58701.332   69.2   6.142e-01 
 185733  0.656   1  2019  218   3.80  58701.354   69.2   5.608e-01 
 185734  0.650   1  2019  218   4.45  58701.381   69.2   4.730e-01 
 185735  0.650   1  2019  218   4.80  58701.396   69.2   2.888e-01 
 185874  0.656   1  2019  221   2.33  58704.293   69.1   4.971e-02 
 185875  0.656   1  2019  221   2.67  58704.307   69.1   2.887e-02 
 185876  1.311   2  2019  221   3.19  58704.329   69.1   4.794e-02 
 185878  1.311   2  2019  221   4.19  58704.370   69.1   2.735e-01 
 185879  0.656   1  2019  221   4.70  58704.392   69.1   2.225e-01 
 185880  0.656   1  2019  221   5.05  58704.406   69.1   1.278e-01 
 185973  0.938   2  2019  223   3.80  58706.354   69.0   2.099e-01 
 185974  0.938   2  2019  223   4.31  58706.375   69.0   2.259e-01 
 185976  1.300   2  2019  223   5.21  58706.413   69.0   1.802e-01 
 186531  0.411   1  2019  234  18.88  58717.982   68.6   4.328e+00 
 186532  0.411   1  2019  234  19.10  58717.992   68.6   3.592e+00 
 186533  1.000   1  2019  234  19.59  58718.012   68.6   3.234e+00 
 186534  1.000   1  2019  234  20.10  58718.033   68.6   2.144e+00 
 186535  1.000   1  2019  234  20.70  58718.058   68.6   1.072e+00 
 186536  1.000   1  2019  234  21.21  58718.079   68.6   7.290e-01 
 186537  0.677   1  2019  234  21.74  58718.102   68.6   3.607e-01 
 186538  0.958   2  2019  234  22.19  58718.120   68.6   2.170e-01 
 186539  1.139   2  2019  234  22.88  58718.149   68.6   2.011e-01 
 186540  0.858   1  2019  234  23.42  58718.171   68.6   3.308e-01 
 186541  0.761   1  2019  234  23.92  58718.192   68.6   2.033e-01 
 186542  0.761   1  2019  235   0.32  58718.209   68.6   2.730e-01 
 186543  0.393   2  2019  235   0.74  58718.226   68.6   3.333e-01 
 186544  0.584   2  2019  235   1.09  58718.241   68.6   2.652e-01 
 186545  1.448   2  2019  235   1.71  58718.267   68.6   4.548e-02 
 186546  0.814   2  2019  235   2.37  58718.294   68.6   7.575e-04 
 186547  0.761   2  2019  235   2.87  58718.315   68.6   2.079e-01 
 186548  0.470   2  2019  235   3.29  58718.332   68.6   2.417e-01 
 186549  0.556   2  2019  235   3.89  58718.358   68.6   6.041e-01 
 186580  0.570   3  2019  235  19.36  58719.002   68.6   4.788e+00 
 186582  1.000   1  2019  235  20.13  58719.034   68.6   6.362e+00 
 186583  1.000   1  2019  235  20.64  58719.056   68.6   4.756e+00 
 186584  1.054   2  2019  235  21.27  58719.082   68.6   2.437e+00 
 186585  0.535   1  2019  235  21.78  58719.103   68.6   1.399e+00 
 186586  1.342   2  2019  235  22.32  58719.126   68.6   6.873e-01 
 186587  0.807   1  2019  235  22.91  58719.150   68.6   4.912e-01 
 186588  0.749   2  2019  235  23.40  58719.170   68.6   2.094e-01 
 186590  1.000   1  2019  236   0.11  58719.200   68.6   3.952e-01 
 186591  1.000   1  2019  236   0.62  58719.221   68.6   3.777e-01 
 186592  1.039   2  2019  236   1.25  58719.248   68.6   2.543e-01 
 186593  0.666   1  2019  236   1.79  58719.270   68.6   1.001e-01 
 186594  0.666   1  2019  236   2.14  58719.285   68.6   1.145e-01 
 186595  0.798   2  2019  236   2.62  58719.305   68.6   1.014e-01 
 186596  0.801   2  2019  236   3.13  58719.326   68.6   2.124e-01 
 186597  0.712   2  2019  236   3.61  58719.346   68.6   2.295e-01 
 186598  0.933   2  2019  236   4.13  58719.368   68.6   3.935e-01 
 186599  0.421   3  2019  236   4.75  58719.394   68.6   3.983e-01 
 186629  0.667   2  2019  236  19.74  58720.018   68.7   4.003e+00 
 186630  0.667   2  2019  236  20.12  58720.034   68.7   2.755e+00 
 186634  1.300   2  2019  236  22.22  58720.122   68.7   1.754e-01 
 186635  0.650   1  2019  236  22.89  58720.149   68.7   6.480e-02 
 186636  0.650   1  2019  236  23.24  58720.164   68.7   1.374e-01 
 186642  0.786   1  2019  237   2.29  58720.291   68.7   1.756e-01 
 186643  0.786   1  2019  237   2.73  58720.310   68.7   4.719e-01 
 186644  0.656   1  2019  237   3.35  58720.335   68.7   2.989e-01 
 186645  0.656   1  2019  237   3.70  58720.350   68.7   2.485e-01 
 186646  1.311   2  2019  237   4.21  58720.371   68.7   1.627e-01 
 186821  0.393   1  2019  240  19.93  58724.026   68.9   3.917e+00 
 186822  0.787   2  2019  240  20.26  58724.040   68.9   3.041e+00 
 186823  0.393   1  2019  240  20.59  58724.054   68.9   2.070e+00 
 186824  0.933   2  2019  240  21.20  58724.079   68.9   3.328e-01 
 186825  0.933   2  2019  240  21.76  58724.102   68.9   9.624e-02 
 186826  0.511   1  2019  240  22.32  58724.126   68.9   2.806e-02 
 186827  1.022   2  2019  240  22.74  58724.143   68.9   3.793e-01 
 186828  0.511   1  2019  240  23.17  58724.161   68.9   6.886e-01 
 186831  1.656   1  2019  241   0.53  58724.218   68.9   8.927e-01 
 186868  0.393   1  2019  241  19.42  58725.005   68.9   5.494e+00 
 186869  0.393   1  2019  241  19.64  58725.014   68.9   4.834e+00 
 186876  1.500   1  2019  241  23.07  58725.157   68.9   3.397e-01 
 186880  0.667   2  2019  242   1.37  58725.253   68.9   3.450e-01 
 186881  0.667   2  2019  242   1.76  58725.269   68.9   2.957e-01 
 186883  1.656   1  2019  242   2.52  58725.301   68.9   9.205e-02 
 186884  1.641   1  2019  242   3.47  58725.340   68.9   5.749e-01 
 186886  0.667   2  2019  242   4.38  58725.378   68.9   5.168e-01 
 186887  0.667   2  2019  242   4.77  58725.394   68.9   2.846e-01 
 186917  0.667   4  2019  242  19.77  58726.020   68.9   3.466e+00 
 186918  0.500   3  2019  242  20.24  58726.039   68.9   2.248e+00 
 186919  0.667   4  2019  242  20.74  58726.060   68.9   1.047e+00 
 186920  0.500   3  2019  242  21.21  58726.079   68.9   3.295e-01 
 186921  0.667   4  2019  242  21.71  58726.100   68.9   4.484e-01 
 186923  1.300   2  2019  242  22.70  58726.142   68.9   2.366e-01 
 186924  0.650   1  2019  242  23.34  58726.168   68.9   2.887e-01 
 186925  0.650   1  2019  242  23.69  58726.183   68.9   2.507e-01 
 186926  1.656   1  2019  243   0.42  58726.213   68.9   4.533e-01 
 186928  1.656   1  2019  243   1.37  58726.253   68.9   5.020e-01 
 186930  1.656   1  2019  243   2.29  58726.291   68.9   7.088e-01 
 186932  1.300   2  2019  243   3.20  58726.329   68.9   1.592e-01 
 186933  0.650   1  2019  243   3.85  58726.356   68.9   5.767e-02 
 186934  0.650   1  2019  243   4.20  58726.370   68.9   8.037e-02 
 186972  0.944   1  2019  243  23.15  58727.160   68.9   9.776e-01 
 186973  0.944   1  2019  243  23.65  58727.181   68.9   4.679e-01 
 186974  1.500   1  2019  244   0.39  58727.212   68.9   3.479e-01 
 186976  1.963   1  2019  244   1.40  58727.254   68.9   3.605e-01 
 186980  0.722   1  2019  244   3.47  58727.340   68.9   7.811e-01 
 187015  0.353   2  2019  244  20.66  58728.056   68.9   7.542e-01 
 187065  1.500   1  2019  245  21.61  58729.096   68.9   1.019e+00 
 187125  0.667   1  2019  247   3.74  58730.351   68.9   7.571e-01 
 187126  1.333   2  2019  247   4.28  58730.374   68.9   4.819e-01 
 187127  0.667   1  2019  247   4.82  58730.396   68.9   3.456e-01 
 187170  1.667   1  2019  248   2.42  58731.296   68.9   1.474e-01 
 187175  0.968   1  2019  248   4.51  58731.384   68.9   1.548e-01 
 187211  1.300   2  2019  248  22.71  58732.142   68.9   6.547e-01 
 187212  0.650   1  2019  248  23.34  58732.168   68.9   3.641e-01 
 187213  0.650   1  2019  248  23.69  58732.183   68.9   1.906e-01 
 187214  1.300   2  2019  249   0.30  58732.208   68.9   9.780e-02 
 187215  0.650   1  2019  249   0.99  58732.237   68.9   4.519e-02 
 187216  0.650   1  2019  249   1.35  58732.252   68.9   9.651e-02 
 187221  0.513   1  2019  249   3.78  58732.353   68.9   2.122e-01 
 187222  0.513   1  2019  249   4.07  58732.365   68.9   1.370e-01 
 187926  1.300   2  2019  263  20.29  58747.041   68.6   1.794e+00 
 187927  0.650   1  2019  263  20.90  58747.067   68.5   7.467e-01 
 187928  0.650   1  2019  263  21.26  58747.081   68.5   4.610e-01 
 187929  1.022   2  2019  263  21.83  58747.105   68.5   3.617e-01 
 187930  0.511   1  2019  263  22.25  58747.123   68.5   3.943e-02 
 187931  0.511   1  2019  263  22.53  58747.135   68.5   2.158e-01 
 187932  0.667   2  2019  263  23.26  58747.165   68.5   1.629e-01 
 187933  0.333   1  2019  263  23.58  58747.178   68.5   1.166e-01 
 187934  0.464   1  2019  264   0.25  58747.206   68.5  -7.269e-03 
 187935  0.929   2  2019  264   0.64  58747.222   68.5   2.855e-02 
 187936  0.464   1  2019  264   1.03  58747.238   68.5   3.140e-01 
 188021  0.650   1  2019  265  19.95  58749.027   68.3   4.583e+00 
 188022  0.425   1  2019  265  20.24  58749.039   68.3   3.481e+00 
 188037  1.963   1  2019  266   3.75  58749.352   68.3   3.853e-01 
 188081  1.017   2  2019  267   1.78  58750.270   68.2   8.172e-02 
 188082  0.508   1  2019  267   2.23  58750.288   68.2   3.237e-02 
 188083  1.017   2  2019  267   2.65  58750.306   68.2   2.540e-01 
 188084  0.508   1  2019  267   3.07  58750.324   68.2   1.405e-01 
 188119  0.393   1  2019  267  20.94  58751.068   68.1   2.826e+00 
 188120  0.787   2  2019  267  21.27  58751.082   68.1   2.263e+00 
 188121  0.393   1  2019  267  21.60  58751.096   68.1   1.844e+00 
 188127  1.641   1  2019  268   0.90  58751.233   68.1   8.518e-02 
 188129  0.644   2  2019  268   1.76  58751.269   68.1   1.826e-01 
 188130  0.644   2  2019  268   2.13  58751.284   68.1   8.133e-02 
 188131  0.513   1  2019  268   2.89  58751.316   68.1   2.618e-01 
 188132  1.027   2  2019  268   3.32  58751.334   68.1   3.504e-01 
 188133  0.513   1  2019  268   3.74  58751.351   68.1   5.326e-01 
 188165  0.535   1  2019  268  19.75  58752.019   68.0   3.058e+00 
 188166  0.535   1  2019  268  20.04  58752.031   68.0   2.711e+00 
 188219  0.929   2  2019  269  22.85  58753.147   67.9   2.802e-01 
 188220  0.929   2  2019  269  23.36  58753.169   67.9   1.562e-01 
 188221  0.423   1  2019  269  23.87  58753.190   67.9   5.876e-01 
 188223  0.475   1  2019  270   0.97  58753.236   67.9   1.079e+00 
 188224  0.475   1  2019  270   1.23  58753.247   67.9   8.839e-01 
 188225  0.938   2  2019  270   1.75  58753.268   67.9   3.625e-01 
 188226  0.469   1  2019  270   2.13  58753.284   67.9   2.728e-01 
 188227  0.650   1  2019  270   3.00  58753.320   67.9   1.967e-01 
 188228  0.650   1  2019  270   3.35  58753.335   67.9   2.352e-01 
 188229  0.650   1  2019  270   3.84  58753.356   67.9   3.566e-01 
 188230  0.650   1  2019  270   4.19  58753.370   67.9   3.459e-01 
 188260  0.393   1  2019  270  19.45  58754.006   67.9   4.791e+00 
 188262  0.464   1  2019  270  20.34  58754.043   67.9   3.961e+00 
 188263  0.929   2  2019  270  20.73  58754.059   67.9   3.571e+00 
 188264  0.464   1  2019  270  21.12  58754.075   67.9   3.174e+00 
 188265  0.929   2  2019  270  21.68  58754.099   67.9   1.766e+00 
 188266  0.929   2  2019  270  22.20  58754.120   67.9   7.886e-01 
 188268  1.656   1  2019  270  23.02  58754.155   67.9   5.860e-01 
 188269  0.464   1  2019  270  23.76  58754.186   67.9   1.384e+00 
 188270  0.929   2  2019  271   0.15  58754.202   67.9   1.111e+00 
 188271  0.464   1  2019  271   0.54  58754.218   67.9   6.375e-01 
 188272  1.300   2  2019  271   1.18  58754.245   67.9   9.479e-02 
 188273  0.667   2  2019  271   1.84  58754.272   67.9   2.410e-01 
 188274  0.469   1  2019  271   2.30  58754.292   67.9   7.263e-03 
 188275  0.938   2  2019  271   2.69  58754.308   67.9   1.119e-01 
 188276  0.469   1  2019  271   3.07  58754.324   67.9   2.363e-01 
 188277  0.650   1  2019  271   3.85  58754.356   67.9   9.266e-01 
 188278  0.650   1  2019  271   4.20  58754.371   67.9   1.133e+00 
 188312  0.464   1  2019  271  21.43  58755.088   67.8   9.457e-01 
 188313  0.929   2  2019  271  21.82  58755.105   67.8   6.408e-01 
 188314  0.464   1  2019  271  22.20  58755.121   67.8   2.383e-01 
 188315  0.933   2  2019  271  22.74  58755.143   67.8   1.385e-01 
 188316  0.933   2  2019  271  23.31  58755.167   67.8   4.247e-02 
 188317  0.467   1  2019  271  23.84  58755.189   67.8   1.861e-01 
 188318  0.933   2  2019  272   0.26  58755.207   67.8   2.032e-01 
 188319  0.467   1  2019  272   0.69  58755.224   67.8   4.216e-02 
 188320  0.938   2  2019  272   1.24  58755.247   67.8   1.965e-01 
 188321  0.938   2  2019  272   1.75  58755.268   67.8   3.499e-01 
 188322  0.469   1  2019  272   2.44  58755.297   67.8   3.453e-01 
 188323  0.938   2  2019  272   2.82  58755.313   67.8   3.842e-01 
 188324  0.469   1  2019  272   3.21  58755.329   67.8   5.081e-01 
 188325  0.650   1  2019  272   3.93  58755.359   67.8   5.436e-01 
 188326  0.650   1  2019  272   4.28  58755.374   67.8   5.429e-01 
 188357  0.650   1  2019  272  19.81  58756.021   67.8   5.058e+00 
 188358  0.650   1  2019  272  20.17  58756.036   67.8   3.589e+00 
 188359  1.300   2  2019  272  20.81  58756.063   67.8   1.850e+00 
 188360  0.464   1  2019  272  21.49  58756.091   67.8   5.216e-01 
 188361  0.464   1  2019  272  21.74  58756.102   67.8   2.757e-01 
 188362  0.929   2  2019  272  22.13  58756.118   67.8   6.106e-02 
 188364  1.656   1  2019  272  23.40  58756.171   67.8   3.625e-02 
 188367  1.027   2  2019  273   0.74  58756.226   67.8   1.562e-01 
 188368  1.027   2  2019  273   1.31  58756.250   67.8   2.760e-01 
