# Paranal Airglow Line And Continuum Emission (PALACE) model: data and code of
# v1.0 (Noll et al. 2024)
# 
# Intensity time series of HI0656 (see pmd_climfeat.dat) for intervals of
# 30 min of X-shooter data
# 
# Column names:
# bin: unique number of half-hourly bin
# fbin: fraction of bin (summed exposure time divided by 30 min)
# N: number of combined exposures
# year: year
# DOY: day of year
# LT: weighted local time for combined exposures in hours (for longitude of
#     Cerro Paranal)
# MJD: Modified Julian Date for LT
# S27d: solar radio flux averaged for 27 days in solar flux units (sfu)
# I: intensity in R (new measurements)
# 
    bin   fbin   N  year  DOY     LT        MJD   S27d          I 
  13496  1.000   1  2009  281  21.12  55113.076   70.6  2.689e+00 
  13497  1.000   1  2009  281  21.65  55113.098   70.6  2.071e+00 
  13547  1.000   1  2009  282  22.88  55114.149   70.6  1.564e+00 
  13548  1.000   1  2009  282  23.41  55114.171   70.6  1.341e+00 
  13590  1.111   2  2009  283  20.25  55115.039   70.6  5.357e+00 
  13591  0.556   1  2009  283  20.73  55115.059   70.6  4.296e+00 
  13592  0.556   1  2009  283  21.06  55115.073   70.6  3.356e+00 
  13593  1.000   1  2009  283  21.71  55115.100   70.6  1.847e+00 
  13594  1.000   1  2009  283  22.24  55115.122   70.6  1.616e+00 
  13595  1.000   1  2009  283  22.98  55115.153   70.6  1.476e+00 
  13597  1.000   1  2009  283  23.50  55115.175   70.6  1.413e+00 
  13598  1.000   1  2009  284   0.45  55115.214   70.6  9.490e-01 
  13599  1.000   1  2009  284   0.98  55115.236   70.6  7.092e-01 
  13639  0.556   1  2009  284  20.74  55116.060   70.6  3.505e+00 
  13640  1.111   2  2009  284  21.23  55116.080   70.6  2.826e+00 
  13641  0.556   1  2009  284  21.72  55116.100   70.6  2.560e+00 
  13647  1.000   1  2009  285   0.97  55116.236   70.6  1.033e+00 
  13648  1.000   1  2009  285   1.49  55116.258   70.6  1.142e+00 
  13650  1.000   1  2009  285   2.32  55116.292   70.6  1.373e+00 
  13789  0.644   4  2009  287  23.65  55119.181   71.4  2.564e+00 
  13833  0.483   3  2009  288  21.65  55120.098   71.6  2.820e+00 
  13834  0.644   4  2009  288  22.21  55120.121   71.6  1.888e+00 
  13835  0.483   3  2009  288  22.87  55120.148   71.6  1.667e+00 
  13836  0.806   5  2009  288  23.23  55120.164   71.6  1.844e+00 
  13837  0.644   4  2009  288  23.64  55120.180   71.6  1.777e+00 
  13838  0.806   5  2009  289   0.29  55120.208   71.6  3.567e+00 
  13839  0.806   5  2009  289   0.74  55120.226   71.6  3.560e+00 
  13878  0.833   1  2009  289  20.11  55121.033   71.7  4.836e+00 
  13879  0.833   1  2009  289  20.54  55121.051   71.7  3.957e+00 
  13882  0.533   2  2009  289  22.15  55121.118   71.7  2.563e+00 
  13883  0.449   1  2009  289  22.82  55121.146   71.7  1.602e+00 
  13934  1.000   1  2009  291   0.44  55122.214   71.8  1.028e+00 
  13935  1.000   1  2009  291   0.97  55122.236   71.8  1.041e+00 
  13937  1.000   1  2009  291   1.78  55122.270   71.8  1.293e+00 
  13938  1.000   1  2009  291   2.31  55122.292   71.8  1.667e+00 
  13939  0.333   1  2009  291   2.86  55122.315   71.8  9.965e+00 
  13940  0.667   2  2009  291   3.18  55122.328   71.8  9.612e+00 
  13972  0.333   1  2009  291  19.37  55123.003   71.9  1.003e+01 
  13973  1.000   3  2009  291  19.76  55123.019   71.9  8.278e+00 
  13975  0.833   2  2009  291  20.77  55123.061   71.9  4.036e+00 
  14021  0.639   1  2009  292  19.86  55124.023   71.9  6.641e+00 
  14022  0.639   1  2009  292  20.21  55124.038   71.9  5.945e+00 
  14023  1.278   2  2009  292  20.73  55124.059   71.9  5.192e+00 
  14024  0.639   1  2009  292  21.36  55124.085   71.9  4.323e+00 
  14025  0.639   1  2009  292  21.70  55124.100   71.9  4.044e+00 
  14026  1.278   2  2009  292  22.23  55124.122   71.9  3.740e+00 
  14028  1.278   2  2009  292  23.19  55124.162   71.9  1.106e+00 
  14029  0.639   1  2009  292  23.71  55124.184   71.9  1.069e+00 
  14030  0.961   2  2009  293   0.18  55124.203   71.9  1.195e+00 
  14032  0.889   2  2009  293   1.17  55124.244   71.9  1.548e+00 
  14033  0.889   2  2009  293   1.68  55124.266   71.9  1.729e+00 
  14034  0.444   1  2009  293   2.41  55124.296   71.9  2.297e+00 
  14035  0.889   2  2009  293   2.80  55124.312   71.9  2.835e+00 
  14036  0.444   1  2009  293   3.18  55124.328   71.9  3.479e+00 
  14037  0.578   1  2009  293   3.70  55124.350   71.9  8.550e+00 
  14069  0.639   1  2009  293  19.79  55125.020   72.0  6.649e+00 
  14070  1.278   2  2009  293  20.31  55125.042   72.0  5.698e+00 
  14071  0.639   1  2009  293  20.83  55125.064   72.0  4.779e+00 
  14072  0.639   1  2009  293  21.44  55125.089   72.0  4.230e+00 
  14073  0.639   1  2009  293  21.79  55125.104   72.0  3.917e+00 
  14074  1.278   2  2009  293  22.31  55125.125   72.0  3.743e+00 
  14076  0.889   2  2009  293  23.27  55125.165   72.0  1.388e+00 
  14077  0.444   1  2009  293  23.91  55125.192   72.0  1.267e+00 
  14080  0.444   1  2009  294   1.29  55125.249   72.0  1.642e+00 
  14081  0.444   1  2009  294   1.54  55125.260   72.0  1.686e+00 
  14082  0.444   1  2009  294   2.06  55125.281   72.0  2.052e+00 
  14085  1.056   1  2009  294   3.93  55125.359   72.0  7.946e+00 
  14117  2.000   1  2009  294  19.76  55126.019   72.0  5.924e+00 
  14119  2.000   1  2009  294  20.86  55126.065   72.0  3.675e+00 
  14122  2.000   1  2009  294  22.13  55126.118   72.1  2.710e+00 
  14124  0.944   2  2009  294  23.33  55126.168   72.1  1.780e+00 
  14125  0.944   2  2009  294  23.86  55126.190   72.1  1.842e+00 
  14127  0.889   2  2009  295   0.69  55126.224   72.1  1.563e+00 
  14128  0.889   2  2009  295   1.20  55126.246   72.1  1.639e+00 
  14129  0.889   2  2009  295   1.82  55126.271   72.1  1.969e+00 
  14130  0.889   2  2009  295   2.33  55126.293   72.1  2.421e+00 
  14132  0.578   1  2009  295   3.20  55126.329   72.1  6.844e+00 
  14133  0.578   1  2009  295   3.51  55126.342   72.1  8.202e+00 
  14134  0.578   1  2009  295   4.11  55126.367   72.1  8.951e+00 
  14175  1.000   1  2009  296   0.51  55127.217   72.1  4.893e+00 
  14178  0.667   1  2009  296   2.16  55127.286   72.1  8.285e+00 
  14220  1.000   1  2009  296  23.05  55128.156   72.1  3.954e+00 
  14225  0.667   1  2009  297   1.97  55128.278   72.1  5.625e+00 
  14887  0.644   4  2009  310  20.83  55142.063   73.2  3.489e+00 
  14888  0.333   1  2009  310  21.30  55142.083   73.2  1.242e+01 
  14889  0.667   2  2009  310  21.72  55142.101   73.2  8.934e+00 
  14890  0.333   1  2009  310  22.14  55142.118   73.2  9.981e+00 
  14939  1.000   1  2009  311  22.88  55143.149   73.2  4.981e+00 
  14986  1.000   1  2009  312  22.00  55144.112   73.1  6.522e+00 
  15032  1.000   1  2009  313  21.38  55145.086   72.9  7.159e+00 
  15081  0.667   1  2009  314  21.53  55146.093   72.6  4.072e+00 
  15086  0.667   1  2009  315   0.50  55146.216   72.6  5.288e+00 
  15092  0.333   1  2009  315   3.34  55146.335   72.6  1.228e+01 
  15271  0.667   1  2009  318  20.78  55150.061   72.2  6.584e+00 
  15272  0.667   1  2009  318  21.20  55150.079   72.2  5.446e+00 
  15273  0.667   1  2009  318  21.93  55150.109   72.2  4.513e+00 
  15274  0.667   1  2009  318  22.35  55150.127   72.2  4.042e+00 
  15414  0.944   1  2009  321  20.03  55153.030   72.2  6.446e+00 
  15415  0.944   1  2009  321  20.54  55153.051   72.2  4.894e+00 
  15416  0.944   1  2009  321  21.04  55153.072   72.2  3.877e+00 
  15417  0.944   1  2009  321  21.65  55153.098   72.2  3.023e+00 
  15418  0.944   1  2009  321  22.16  55153.119   72.2  2.694e+00 
  15419  0.944   1  2009  321  22.68  55153.141   72.2  2.398e+00 
  15420  0.944   1  2009  321  23.19  55153.162   72.2  2.216e+00 
  15421  0.944   1  2009  321  23.81  55153.188   72.2  2.119e+00 
  15422  0.944   1  2009  322   0.32  55153.209   72.2  2.142e+00 
  15423  0.944   1  2009  322   0.82  55153.230   72.2  2.256e+00 
  15424  0.944   1  2009  322   1.33  55153.251   72.2  2.454e+00 
  15425  0.944   1  2009  322   1.98  55153.278   72.2  3.119e+00 
  15426  0.944   1  2009  322   2.49  55153.299   72.2  3.775e+00 
  15428  0.944   1  2009  322   3.15  55153.327   72.2  7.476e+00 
  15429  0.944   1  2009  322   3.66  55153.348   72.2  1.041e+01 
  15461  0.944   1  2009  322  19.92  55154.025   72.2  6.769e+00 
  15462  0.944   1  2009  322  20.42  55154.047   72.2  5.126e+00 
  15463  0.944   1  2009  322  20.93  55154.068   72.2  4.068e+00 
  15464  0.944   1  2009  322  21.44  55154.089   72.2  3.289e+00 
  15466  0.944   1  2009  322  22.08  55154.116   72.2  2.644e+00 
  15467  0.944   1  2009  322  22.59  55154.137   72.2  2.391e+00 
  15468  0.944   1  2009  322  23.21  55154.163   72.2  2.220e+00 
  15469  0.944   1  2009  322  23.72  55154.184   72.2  2.090e+00 
  15471  0.944   1  2009  323   0.56  55154.219   72.2  2.186e+00 
  15472  0.944   1  2009  323   1.06  55154.240   72.2  2.539e+00 
  15473  0.944   1  2009  323   1.75  55154.269   72.2  3.028e+00 
  15475  0.944   1  2009  323   2.87  55154.315   72.2  6.729e+00 
  15476  0.944   1  2009  323   3.38  55154.336   72.2  8.635e+00 
  15511  1.376   2  2009  323  20.79  55155.062   72.2  5.467e+00 
  15512  0.688   1  2009  323  21.34  55155.085   72.2  4.459e+00 
  15513  0.688   1  2009  323  21.71  55155.100   72.2  4.087e+00 
  15514  0.521   1  2009  323  22.24  55155.122   72.2  3.450e+00 
  15515  1.042   2  2009  323  22.66  55155.140   72.2  3.195e+00 
  15516  0.521   1  2009  323  23.07  55155.157   72.2  3.022e+00 
  15519  1.000   1  2009  324   0.69  55155.224   72.2  4.213e+00 
  15520  1.000   1  2009  324   1.22  55155.246   72.2  4.523e+00 
  15521  1.000   1  2009  324   1.75  55155.268   72.2  5.169e+00 
  15522  1.000   1  2009  324   2.27  55155.290   72.2  6.275e+00 
  15558  0.688   1  2009  324  20.25  55156.039   72.2  7.067e+00 
  15559  1.376   2  2009  324  20.80  55156.062   72.2  5.701e+00 
  15560  0.688   1  2009  324  21.35  55156.085   72.2  4.583e+00 
  15562  1.000   1  2009  324  22.23  55156.122   72.2  2.998e+00 
  15563  1.000   1  2009  324  22.76  55156.144   72.2  3.003e+00 
  15564  1.000   1  2009  324  23.29  55156.166   72.2  2.912e+00 
  15565  1.000   1  2009  324  23.81  55156.188   72.2  2.585e+00 
  15656  0.500   1  2009  326  21.13  55158.076   72.2  4.767e+00 
  15657  1.000   2  2009  326  21.82  55158.105   72.2  3.896e+00 
  15658  0.500   1  2009  326  22.24  55158.122   72.2  3.673e+00 
  15659  0.500   1  2009  326  22.51  55158.134   72.2  3.223e+00 
  15660  0.931   1  2009  326  23.27  55158.165   72.2  2.779e+00 
  15661  0.931   1  2009  326  23.77  55158.186   72.2  2.723e+00 
  15662  0.931   1  2009  327   0.27  55158.207   72.2  2.919e+00 
  15663  0.931   1  2009  327   0.76  55158.227   72.2  2.814e+00 
  15665  1.111   2  2009  327   1.84  55158.272   72.2  4.932e+00 
  15667  1.000   2  2009  327   2.69  55158.308   72.2  9.076e+00 
  15706  1.267   2  2009  327  22.29  55159.124   72.1  2.269e+00 
  15707  0.633   1  2009  327  22.82  55159.146   72.1  1.939e+00 
  15708  0.633   1  2009  327  23.18  55159.161   72.1  1.986e+00 
  15709  1.042   2  2009  327  23.84  55159.189   72.1  2.188e+00 
  15716  2.000   1  2009  328   3.36  55159.336   72.1  8.438e+00 
  15763  0.889   2  2009  329   2.76  55160.311   72.0  1.041e+01 
  16229  1.000   1  2009  338  19.97  55170.028   72.6  7.186e+00 
  16230  1.000   1  2009  338  20.49  55170.050   72.6  5.919e+00 
  16278  0.833   1  2009  339  20.38  55171.045   72.8  9.024e+00 
  16279  0.833   1  2009  339  20.82  55171.063   72.8  8.380e+00 
  16280  0.333   1  2009  339  21.45  55171.089   72.8  1.157e+01 
  16326  0.667   1  2009  340  20.36  55172.044   73.0  7.693e+00 
  16327  0.667   1  2009  340  20.78  55172.061   73.0  6.450e+00 
  16329  1.000   1  2009  340  21.76  55172.102   73.0  3.957e+00 
  16330  1.000   1  2009  340  22.29  55172.124   73.0  3.509e+00 
  16471  0.833   1  2009  343  20.58  55175.053   73.8  9.515e+00 
  16472  0.667   1  2009  343  21.39  55175.087   73.8  5.853e+00 
  16473  0.667   1  2009  343  21.80  55175.104   73.8  5.227e+00 
  16566  0.333   1  2009  345  20.39  55177.045   74.0  1.335e+01 
  16567  0.667   2  2009  345  20.72  55177.059   74.0  1.242e+01 
  16568  0.333   1  2009  345  21.04  55177.072   74.0  1.131e+01 
  16663  0.483   3  2009  347  20.83  55179.064   74.2  6.499e+00 
  16665  0.644   4  2009  347  21.67  55179.098   74.2  5.053e+00 
  16854  1.000   3  2009  351  20.22  55183.038   74.8  8.462e+00 
  16855  0.333   1  2009  351  20.60  55183.054   74.8  7.722e+00 
  16856  1.000   3  2009  351  21.21  55183.079   74.8  6.211e+00 
  16857  0.333   1  2009  351  21.60  55183.095   74.8  5.441e+00 
  16858  0.667   2  2009  351  22.39  55183.128   74.8  4.957e+00 
  16859  0.667   2  2009  351  22.77  55183.145   74.9  4.733e+00 
  16860  0.667   2  2009  351  23.36  55183.169   74.9  4.487e+00 
  16861  0.667   2  2009  351  23.74  55183.185   74.9  4.371e+00 
  16862  0.667   2  2009  352   0.38  55183.212   74.9  4.703e+00 
  16863  0.667   2  2009  352   0.77  55183.228   74.9  4.593e+00 
  16902  1.000   3  2009  352  20.27  55184.040   75.1  8.284e+00 
  16903  0.333   1  2009  352  20.66  55184.056   75.1  7.244e+00 
  16904  1.000   3  2009  352  21.26  55184.081   75.1  6.163e+00 
  16905  0.333   1  2009  352  21.65  55184.098   75.1  5.497e+00 
  16906  0.333   1  2009  352  22.34  55184.126   75.1  4.801e+00 
  16907  1.000   3  2009  352  22.72  55184.142   75.1  4.690e+00 
  16908  0.667   2  2009  352  23.38  55184.170   75.1  4.590e+00 
  16909  0.667   2  2009  352  23.77  55184.186   75.1  4.638e+00 
  16910  0.667   2  2009  353   0.36  55184.211   75.1  4.604e+00 
  16911  0.667   2  2009  353   0.75  55184.227   75.1  4.526e+00 
  16912  0.333   1  2009  353   1.43  55184.255   75.1  5.899e+00 
  16913  0.333   1  2009  353   1.63  55184.263   75.1  6.167e+00 
  16999  0.806   5  2009  354  20.81  55186.062   75.4  8.511e+00 
  17000  0.483   3  2009  354  21.17  55186.078   75.4  7.661e+00 
  17001  0.644   4  2009  354  21.83  55186.105   75.4  8.015e+00 
  17002  0.483   3  2009  354  22.34  55186.126   75.4  6.756e+00 
  17006  0.644   4  2009  355   0.29  55186.207   75.4  6.596e+00 
  17055  1.333   2  2009  356   0.70  55187.225   75.6  8.986e+00 
  17056  0.667   1  2009  356   1.27  55187.249   75.6  9.644e+00 
  17059  0.667   1  2009  356   2.72  55187.309   75.6  8.030e+00 
  17060  1.333   2  2009  356   3.26  55187.331   75.6  9.344e+00 
  17061  0.667   1  2009  356   3.80  55187.354   75.6  1.105e+01 
  17099  1.000   2  2009  356  22.85  55188.148   75.6  3.632e+00 
  17100  0.500   1  2009  356  23.26  55188.165   75.6  3.950e+00 
  17101  1.000   2  2009  356  23.74  55188.185   75.6  4.020e+00 
  17102  0.500   1  2009  357   0.22  55188.205   75.6  4.201e+00 
  17103  1.000   2  2009  357   0.65  55188.223   75.6  4.599e+00 
  17106  0.333   1  2009  357   2.32  55188.292   75.6  5.994e+00 
  17107  1.000   2  2009  357   2.78  55188.311   75.6  6.766e+00 
  17108  0.667   1  2009  357   3.27  55188.332   75.6  8.340e+00 
  17109  1.333   2  2009  357   3.81  55188.354   75.6  1.018e+01 
  17247  0.483   3  2009  360   0.83  55191.230   76.1  8.357e+00 
  17252  0.483   3  2009  360   3.37  55191.336   76.1  1.170e+01 
  17671  0.483   3  2010    3  20.67  55200.057   77.6  8.033e+00 
  17672  0.644   4  2010    3  21.32  55200.084   77.6  6.871e+00 
  17719  0.644   4  2010    4  20.80  55201.062   77.6  7.161e+00 
  17720  0.967   6  2010    4  21.25  55201.081   77.6  6.274e+00 
  17722  1.000   3  2010    4  22.26  55201.123   77.6  6.806e+00 
  18104  0.449   1  2010   12  21.02  55209.071   79.3  9.736e+00 
  18107  1.000   1  2010   12  22.71  55209.142   79.3  4.175e+00 
  18108  1.000   1  2010   12  23.24  55209.164   79.3  3.954e+00 
  18109  1.000   1  2010   12  23.94  55209.193   79.3  3.667e+00 
  18110  1.000   1  2010   13   0.47  55209.215   79.3  3.789e+00 
  18112  1.000   1  2010   13   1.29  55209.249   79.3  2.816e+00 
  18113  1.000   1  2010   13   1.82  55209.271   79.3  3.160e+00 
  18163  1.000   1  2010   14   2.70  55210.308   79.4  4.283e+00 
  18164  1.000   1  2010   14   3.22  55210.330   79.4  5.530e+00 
  18253  2.000   1  2010   15  23.94  55212.193   79.3  2.901e+00 
  18255  1.000   1  2010   16   0.97  55212.236   79.3  2.671e+00 
  18256  1.000   1  2010   16   1.50  55212.258   79.3  2.683e+00 
  18258  1.000   1  2010   16   2.31  55212.292   79.3  3.483e+00 
  18259  1.000   1  2010   16   2.84  55212.314   79.3  4.230e+00 
  18297  0.333   1  2010   16  21.94  55213.110   79.2  4.623e+00 
  18298  0.333   1  2010   16  22.13  55213.118   79.2  4.591e+00 
  18304  1.000   1  2010   17   1.11  55213.242   79.2  2.673e+00 
  18305  1.000   1  2010   17   1.64  55213.264   79.2  2.797e+00 
  18306  1.000   1  2010   17   2.37  55213.294   79.2  3.485e+00 
  18307  1.000   1  2010   17   2.90  55213.316   79.2  4.174e+00 
  18448  0.433   1  2010   20   1.46  55216.256   79.2  1.202e+01 
  18449  0.433   1  2010   20   1.71  55216.267   79.2  1.350e+01 
  18452  0.400   1  2010   20   3.05  55216.322   79.2  1.370e+01 
  18487  1.000   1  2010   20  20.60  55217.054   79.1  9.393e+00 
  18488  1.000   1  2010   20  21.13  55217.076   79.1  8.246e+00 
  18543  0.444   1  2010   22   0.83  55218.230   79.0  2.336e+00 
  18544  0.889   2  2010   22   1.22  55218.246   79.0  2.498e+00 
  18545  0.889   2  2010   22   1.73  55218.268   79.0  2.817e+00 
  18546  0.889   2  2010   22   2.25  55218.289   79.0  3.249e+00 
  18547  0.444   1  2010   22   2.63  55218.305   79.0  3.620e+00 
  18548  0.889   2  2010   22   3.26  55218.331   79.0  4.877e+00 
  18549  0.889   2  2010   22   3.77  55218.353   79.0  6.594e+00 
  18550  0.444   1  2010   22   4.16  55218.369   79.0  8.170e+00 
  18587  0.444   1  2010   22  22.79  55219.145   78.9  2.034e+00 
  18588  0.889   2  2010   22  23.18  55219.161   78.9  2.290e+00 
  18589  0.889   2  2010   22  23.69  55219.183   78.9  2.346e+00 
  18590  0.889   2  2010   23   0.20  55219.204   78.9  2.274e+00 
  18591  0.444   1  2010   23   0.59  55219.220   78.9  2.254e+00 
  18592  1.667   1  2010   23   1.45  55219.256   78.9  1.156e+01 
  18594  1.667   1  2010   23   2.33  55219.293   78.9  1.251e+01 
  18596  0.889   2  2010   23   3.29  55219.333   78.9  4.857e+00 
  18597  0.889   2  2010   23   3.80  55219.354   78.9  6.605e+00 
  18598  0.444   1  2010   23   4.19  55219.370   78.9  8.405e+00 
  18638  2.000   1  2010   24   0.34  55220.210   78.9  1.137e+01 
  18640  2.000   1  2010   24   1.46  55220.256   78.9  1.158e+01 
  18643  2.000   1  2010   24   2.50  55220.300   78.9  1.307e+01 
  18686  0.444   1  2010   25   0.36  55221.211   79.0  1.725e+00 
  18687  0.889   2  2010   25   0.74  55221.227   79.0  2.392e+00 
  18688  0.889   2  2010   25   1.26  55221.248   79.0  2.563e+00 
  18689  0.889   2  2010   25   1.77  55221.269   79.0  2.864e+00 
  18690  0.444   1  2010   25   2.45  55221.298   79.0  3.476e+00 
  18691  0.889   2  2010   25   2.84  55221.314   79.0  3.935e+00 
  18692  0.889   2  2010   25   3.35  55221.335   79.0  5.073e+00 
  18693  0.444   1  2010   25   3.73  55221.351   79.0  6.360e+00 
  18694  0.444   1  2010   25   4.25  55221.372   79.0  8.953e+00 
  19158  0.634   1  2010   34  20.31  55231.042   81.1  1.140e+01 
  19159  0.634   1  2010   34  20.68  55231.057   81.1  1.020e+01 
  19160  0.634   1  2010   34  21.04  55231.072   81.1  9.307e+00 
  19161  0.634   1  2010   34  21.65  55231.098   81.1  8.327e+00 
  19207  0.483   3  2010   35  20.61  55232.054   81.2  1.067e+01 
  19352  0.722   2  2010   38  21.33  55235.084   81.4  9.433e+00 
  19353  0.722   2  2010   38  21.79  55235.104   81.4  8.567e+00 
  19359  1.500   1  2010   39   0.93  55235.235   81.4  2.387e+00 
  19361  1.500   1  2010   39   1.71  55235.267   81.4  2.424e+00 
  19411  0.817   7  2010   40   2.75  55236.310   81.5  5.659e+00 
  19412  0.817   7  2010   40   3.26  55236.331   81.5  6.752e+00 
  19413  0.817   7  2010   40   3.77  55236.352   81.5  8.508e+00 
  19497  0.333   1  2010   41  21.92  55238.109   81.9  6.289e+00 
  19498  0.667   2  2010   41  22.21  55238.121   81.9  5.994e+00 
  19499  0.333   1  2010   41  22.50  55238.133   81.9  6.720e+00 
  19507  1.000   1  2010   42   2.50  55238.300   82.0  3.490e+00 
  19508  1.000   1  2010   42   3.02  55238.322   82.0  4.459e+00 
  19509  1.000   1  2010   42   3.62  55238.346   82.0  6.024e+00 
  19510  1.000   1  2010   42   4.14  55238.368   82.0  8.156e+00 
  19592  1.267   2  2010   43  21.22  55240.080   82.6  8.299e+00 
  19593  0.633   1  2010   43  21.77  55240.103   82.6  7.361e+00 
  19594  0.633   1  2010   43  22.13  55240.118   82.6  6.870e+00 
  19688  0.667   1  2010   45  21.41  55242.088   82.9  7.412e+00 
  19690  1.500   1  2010   45  22.27  55242.123   82.9  3.335e+00 
  19692  1.167   1  2010   45  23.12  55242.159   82.9  2.650e+00 
  19694  1.500   1  2010   46   0.18  55242.203   82.9  1.862e+00 
  19695  1.500   1  2010   46   0.96  55242.235   82.9  1.921e+00 
  19697  1.500   1  2010   46   1.73  55242.268   82.9  2.145e+00 
  19699  1.167   1  2010   46   2.60  55242.304   82.9  5.148e+00 
  19700  0.833   1  2010   46   3.39  55242.337   82.9  6.269e+00 
  19701  0.833   1  2010   46   3.91  55242.359   82.9  8.161e+00 
  19734  0.500   1  2010   46  20.36  55243.044   83.0  6.941e+00 
  19735  0.700   3  2010   46  20.71  55243.058   83.0  6.822e+00 
  19736  1.000  10  2010   46  21.25  55243.081   83.0  7.706e+00 
  19738  2.000   1  2010   46  22.37  55243.128   83.0  2.769e+00 
  19740  2.000   1  2010   46  23.50  55243.175   83.0  2.322e+00 
  19745  1.000   2  2010   47   1.67  55243.265   83.1  1.998e+00 
  19746  1.000   2  2010   47   2.27  55243.290   83.1  2.364e+00 
  19748  0.500   1  2010   47   3.25  55243.331   83.1  4.892e+00 
  19749  1.000   1  2010   47   3.88  55243.357   83.1  8.101e+00 
  19791  0.767  23  2010   48   0.76  55244.227   83.2  4.129e+00 
  19792  0.700  15  2010   48   1.24  55244.247   83.2  3.916e+00 
  19793  0.800   8  2010   48   1.72  55244.267   83.2  4.143e+00 
  19794  0.800   8  2010   48   2.24  55244.289   83.2  4.524e+00 
  19795  0.800   8  2010   48   2.75  55244.310   83.2  5.002e+00 
  19797  1.000   1  2010   48   3.63  55244.347   83.2  6.885e+00 
  19798  1.000   1  2010   48   4.16  55244.369   83.2  8.766e+00 
  19830  0.800   8  2010   48  20.26  55245.040   83.4  1.031e+01 
  19831  0.700   7  2010   48  20.74  55245.060   83.4  8.944e+00 
  19832  0.800   8  2010   48  21.23  55245.080   83.4  7.852e+00 
  19833  0.600   6  2010   48  21.68  55245.099   83.4  7.221e+00 
  19834  1.000   2  2010   48  22.30  55245.125   83.4  4.420e+00 
  19835  0.500   1  2010   48  22.70  55245.141   83.4  4.124e+00 
  19836  1.000   2  2010   48  23.32  55245.167   83.4  3.625e+00 
  19837  0.500   1  2010   48  23.72  55245.184   83.4  3.698e+00 
  19838  0.500   1  2010   49   0.37  55245.211   83.4  2.205e+00 
  19839  1.000   2  2010   49   0.77  55245.227   83.4  2.117e+00 
  19840  0.500   1  2010   49   1.44  55245.256   83.5  2.836e+00 
  19841  1.000   2  2010   49   1.84  55245.272   83.5  2.965e+00 
  19842  0.500   1  2010   49   2.49  55245.299   83.5  4.558e+00 
  19843  0.500   1  2010   49   2.75  55245.310   83.5  4.876e+00 
  19844  0.600   4  2010   49   3.08  55245.324   83.5  5.262e+00 
  19845  0.400  12  2010   49   3.73  55245.351   83.5  5.120e+00 
  19846  0.400  12  2010   49   4.18  55245.370   83.5  7.222e+00 
  19879  1.000   4  2010   49  20.75  55246.060   83.6  5.189e+00 
  19884  0.750   3  2010   49  23.30  55246.166   83.7  2.823e+00 
  19886  0.500   1  2010   50   0.29  55246.208   83.7  2.208e+00 
  19887  1.000   2  2010   50   0.71  55246.225   83.7  2.366e+00 
  19888  0.500   1  2010   50   1.12  55246.242   83.7  2.356e+00 
  19889  0.500   2  2010   50   1.80  55246.271   83.7  2.327e+00 
  19890  0.500   2  2010   50   2.10  55246.283   83.7  2.615e+00 
  19891  0.750   3  2010   50   2.84  55246.314   83.7  3.851e+00 
  19893  0.750   3  2010   50   3.81  55246.354   83.7  6.204e+00 
  19929  0.667   1  2010   50  21.99  55247.112   83.7  3.879e+00 
  19930  0.667   1  2010   50  22.35  55247.127   83.7  3.277e+00 
  19931  0.667   1  2010   50  22.71  55247.142   83.7  2.945e+00 
  19932  0.667   1  2010   50  23.07  55247.157   83.7  3.813e+00 
  19982  0.467  14  2010   52   0.24  55248.206   83.4  2.262e+00 
  19983  0.533  16  2010   52   0.75  55248.227   83.4  2.511e+00 
  19984  0.400  12  2010   52   1.25  55248.248   83.4  2.252e+00 
  19985  0.333   7  2010   52   1.88  55248.274   83.3  2.981e+00 
  19986  0.800  16  2010   52   2.25  55248.289   83.3  3.726e+00 
  19987  0.850  17  2010   52   2.75  55248.310   83.3  3.541e+00 
  19988  0.850  17  2010   52   3.26  55248.331   83.3  4.312e+00 
  20033  0.600   6  2010   53   1.78  55249.270   82.9  3.498e+00 
  20034  0.800   8  2010   53   2.23  55249.288   82.9  3.524e+00 
  20035  0.800   8  2010   53   2.75  55249.310   82.8  4.334e+00 
  20036  0.800   8  2010   53   3.26  55249.331   82.8  4.917e+00 
  20037  0.600   6  2010   53   3.81  55249.354   82.8  6.063e+00 
  20038  0.800   8  2010   53   4.26  55249.373   82.8  7.871e+00 
  20082  0.700   2  2010   54   2.31  55250.292   82.3  2.527e+00 
  20083  0.700   2  2010   54   2.74  55250.310   82.3  2.991e+00 
  20084  1.050   3  2010   54   3.28  55250.332   82.3  3.913e+00 
  20085  0.700   2  2010   54   3.82  55250.355   82.3  4.900e+00 
  20086  0.700   2  2010   54   4.24  55250.372   82.3  6.655e+00 
  20087  0.350   1  2010   54   4.56  55250.386   82.3  8.285e+00 
  20132  2.000   1  2010   55   3.25  55251.331   81.8  3.531e+00 
  20552  0.333   1  2010   63  21.23  55260.080   81.0  1.481e+01 
  20751  1.000   1  2010   68   0.96  55264.235   81.3  1.040e+00 
  20752  1.000   1  2010   68   1.48  55264.257   81.3  1.079e+00 
  20754  1.000   1  2010   68   2.30  55264.291   81.3  1.350e+00 
  20755  1.000   1  2010   68   2.82  55264.313   81.3  1.810e+00 
  20757  1.000   1  2010   68   3.67  55264.349   81.3  3.482e+00 
  20758  1.000   1  2010   68   4.20  55264.371   81.3  5.006e+00 
  20798  2.000   1  2010   69   0.26  55265.206   81.3  1.527e+00 
  20801  1.000   1  2010   69   1.77  55265.269   81.3  1.764e+00 
  20802  1.000   1  2010   69   2.29  55265.291   81.3  2.066e+00 
  20804  1.000   1  2010   69   3.27  55265.332   81.3  3.119e+00 
  20805  1.000   1  2010   69   3.79  55265.354   81.3  4.088e+00 
  20848  0.497   1  2010   70   1.20  55266.246   81.4  1.625e+00 
  20895  1.000   1  2010   71   0.54  55267.218   81.6  1.549e+00 
  20896  1.000   1  2010   71   1.07  55267.240   81.6  1.544e+00 
  20897  0.506   1  2010   71   1.80  55267.271   81.6  2.009e+00 
  20935  0.333   1  2010   71  20.91  55268.067   81.8  1.492e+01 
  20936  0.333   1  2010   71  21.49  55268.091   81.8  1.382e+01 
  20937  0.333   1  2010   71  21.69  55268.099   81.8  1.335e+01 
  20939  2.000   1  2010   71  22.73  55268.142   81.8  2.351e+00 
  20941  2.000   1  2010   71  23.95  55268.194   81.9  2.060e+00 
  21032  0.333   1  2010   73  21.40  55270.087   82.6  1.392e+01 
  21034  1.556   2  2010   73  22.25  55270.123   82.6  6.693e+00 
  21077  0.633   1  2010   74  19.99  55271.029   82.9  9.711e+00 
  21078  0.633   1  2010   74  20.36  55271.044   82.9  8.696e+00 
  21079  0.633   1  2010   74  20.72  55271.059   82.9  7.759e+00 
  21080  0.633   1  2010   74  21.09  55271.074   82.9  7.510e+00 
  21081  1.400   2  2010   74  21.75  55271.102   82.9  6.636e+00 
  21094  0.333   1  2010   75   4.14  55271.368   82.9  1.446e+01 
  21133  0.912   2  2010   75  23.65  55272.181   83.0  1.302e+00 
  21134  0.456   1  2010   76   0.06  55272.198   83.0  1.173e+00 
  21135  0.912   2  2010   76   0.70  55272.225   83.0  1.207e+00 
  21136  0.456   1  2010   76   1.42  55272.255   83.1  1.430e+00 
  21138  1.000   3  2010   76   2.23  55272.288   83.1  2.471e+00 
  21139  0.333   1  2010   76   2.65  55272.306   83.1  2.611e+00 
  21140  0.333   1  2010   76   3.41  55272.338   83.1  3.482e+00 
  21141  0.667   2  2010   76   3.73  55272.351   83.1  4.152e+00 
  21142  0.333   1  2010   76   4.05  55272.365   83.1  5.056e+00 
  21143  0.667   2  2010   76   4.71  55272.392   83.1  7.953e+00 
  21173  1.000   1  2010   76  19.89  55273.024   83.1  6.387e+00 
  21174  1.000   1  2010   76  20.42  55273.046   83.1  4.974e+00 
  21176  1.000   1  2010   76  21.12  55273.076   83.1  3.910e+00 
  21177  1.000   1  2010   76  21.65  55273.098   83.1  3.244e+00 
  21178  1.000   1  2010   76  22.18  55273.120   83.1  3.184e+00 
  21179  1.000   1  2010   76  22.70  55273.142   83.1  2.931e+00 
  21180  1.000   1  2010   76  23.36  55273.169   83.1  2.580e+00 
  21181  1.000   1  2010   76  23.89  55273.191   83.1  2.501e+00 
  21185  1.000   1  2010   77   1.75  55273.268   83.1  2.099e+00 
  21186  1.000   1  2010   77   2.28  55273.290   83.1  2.359e+00 
  21187  1.000   1  2010   77   2.80  55273.312   83.1  2.712e+00 
  21188  1.000   1  2010   77   3.33  55273.334   83.1  3.331e+00 
  21189  0.333   1  2010   77   3.88  55273.357   83.1  5.140e+00 
  21190  0.333   1  2010   77   4.10  55273.366   83.1  5.300e+00 
  21191  0.667   2  2010   77   4.63  55273.388   83.1  7.941e+00 
  21224  2.000   1  2010   77  21.34  55274.085   83.2  2.707e+00 
  21227  2.000   1  2010   77  22.56  55274.135   83.2  1.835e+00 
  21229  2.000   1  2010   77  23.75  55274.185   83.2  1.618e+00 
  21231  0.912   2  2010   78   0.86  55274.231   83.2  1.210e+00 
  21232  0.456   1  2010   78   1.27  55274.249   83.2  1.449e+00 
  21236  0.667   2  2010   78   3.33  55274.334   83.2  3.259e+00 
  21237  0.667   2  2010   78   3.76  55274.352   83.2  3.991e+00 
  21238  0.333   1  2010   78   4.35  55274.377   83.2  6.503e+00 
  21239  0.333   1  2010   78   4.56  55274.386   83.2  7.058e+00 
  21272  1.000   1  2010   78  21.03  55275.072   83.2  3.164e+00 
  21273  1.000   1  2010   78  21.56  55275.094   83.2  2.567e+00 
  21274  1.041   2  2010   78  22.48  55275.132   83.2  1.678e+00 
  21276  1.000   1  2010   78  23.02  55275.155   83.2  1.594e+00 
  21277  1.000   1  2010   78  23.54  55275.177   83.2  1.410e+00 
  21278  1.000   1  2010   79   0.14  55275.202   83.2  1.369e+00 
  21279  1.000   1  2010   79   0.67  55275.223   83.2  1.425e+00 
  21280  1.000   1  2010   79   1.19  55275.245   83.2  1.523e+00 
  21282  1.000   1  2010   79   2.11  55275.283   83.2  1.535e+00 
  21283  1.000   1  2010   79   2.63  55275.305   83.2  1.838e+00 
  21284  1.000   1  2010   79   3.15  55275.327   83.2  2.275e+00 
  21285  0.833   1  2010   79   3.68  55275.349   83.2  2.832e+00 
  21286  0.833   1  2010   79   4.12  55275.367   83.2  3.686e+00 
  21287  0.833   1  2010   79   4.56  55275.386   83.2  5.133e+00 
  21319  0.667   4  2010   79  20.75  55276.060   83.2  5.695e+00 
  21320  0.333   1  2010   79  21.50  55276.091   83.2  2.929e+00 
  21322  0.500   1  2010   79  22.49  55276.133   83.2  2.715e+00 
  21323  0.500   1  2010   79  22.79  55276.145   83.2  2.372e+00 
  21324  1.000   2  2010   79  23.23  55276.164   83.2  2.228e+00 
  21325  0.500   1  2010   79  23.76  55276.185   83.2  2.074e+00 
  21326  1.000   2  2010   80   0.20  55276.204   83.2  2.094e+00 
  21327  1.000   2  2010   80   0.80  55276.229   83.2  2.139e+00 
  21328  0.500   1  2010   80   1.29  55276.249   83.2  2.116e+00 
  21329  1.000   2  2010   80   1.73  55276.268   83.2  2.220e+00 
  21330  1.000   2  2010   80   2.33  55276.293   83.2  2.430e+00 
  21331  0.500   1  2010   80   2.88  55276.316   83.2  3.005e+00 
  21332  1.000   2  2010   80   3.33  55276.334   83.2  3.179e+00 
  21333  0.500   1  2010   80   3.77  55276.353   83.2  3.971e+00 
  21334  0.833   2  2010   80   4.21  55276.371   83.2  5.218e+00 
  21335  0.667   2  2010   80   4.73  55276.393   83.2  7.182e+00 
  21369  0.750   1  2010   80  21.95  55277.110   83.3  3.824e+00 
  21373  0.694   1  2010   80  23.54  55277.176   83.3  3.412e+00 
  21375  1.667   1  2010   81   0.78  55277.228   83.3  2.057e+00 
  21377  1.667   1  2010   81   1.70  55277.266   83.3  2.357e+00 
  21379  1.667   1  2010   81   2.70  55277.308   83.3  2.745e+00 
  21381  1.667   1  2010   81   3.61  55277.346   83.3  3.847e+00 
  21382  0.467   2  2010   81   4.35  55277.377   83.3  5.867e+00 
  21383  0.467   2  2010   81   4.64  55277.389   83.3  7.455e+00 
  21417  0.500   1  2010   81  21.58  55278.095   83.4  6.005e+00 
  21418  0.500   1  2010   81  22.47  55278.132   83.4  5.554e+00 
  21420  0.500   1  2010   81  23.26  55278.165   83.4  4.172e+00 
  21421  1.000   2  2010   81  23.71  55278.183   83.4  4.672e+00 
  21422  0.500   1  2010   82   0.15  55278.202   83.4  4.870e+00 
  21423  1.000   2  2010   82   0.67  55278.223   83.4  5.027e+00 
  21424  1.000   2  2010   82   1.26  55278.248   83.4  5.478e+00 
  21426  1.000   2  2010   82   2.35  55278.293   83.4  4.865e+00 
  21427  0.500   1  2010   82   2.79  55278.312   83.4  5.251e+00 
  21428  0.500   1  2010   82   3.09  55278.324   83.4  5.672e+00 
  21429  1.179   1  2010   82   3.81  55278.354   83.4  3.758e+00 
  21470  0.456   1  2010   83   0.31  55279.208   83.4  1.148e+00 
  21471  0.912   2  2010   83   0.72  55279.226   83.4  1.146e+00 
  21474  1.222   2  2010   83   2.21  55279.288   83.4  1.670e+00 
  21475  0.611   1  2010   83   2.74  55279.310   83.4  1.794e+00 
  21477  1.000   3  2010   83   3.75  55279.352   83.4  2.985e+00 
  21478  0.500   2  2010   83   4.26  55279.373   83.4  4.198e+00 
  21479  0.500   3  2010   83   4.70  55279.391   83.4  5.938e+00 
  21522  1.000   1  2010   84   2.13  55280.284   83.3  1.323e+00 
  21523  1.000   1  2010   84   2.66  55280.306   83.3  1.590e+00 
  21525  0.667   2  2010   84   3.72  55280.350   83.3  5.829e+00 
  21571  1.000   1  2010   85   2.82  55281.313   82.9  1.778e+00 
  21572  1.000   1  2010   85   3.35  55281.335   82.9  2.293e+00 
  21942  0.372   1  2010   92  20.29  55289.041   79.8  3.688e+00 
  21943  0.372   1  2010   92  20.50  55289.050   79.8  3.110e+00 
  22038  0.939   5  2010   94  20.25  55291.039   79.2  3.548e+00 
  22039  0.751   4  2010   94  20.75  55291.060   79.2  2.872e+00 
  22040  0.939   5  2010   94  21.26  55291.081   79.2  2.358e+00 
  22041  0.563   3  2010   94  21.75  55291.102   79.2  2.025e+00 
  22042  0.751   4  2010   94  22.23  55291.122   79.2  1.700e+00 
  22090  0.333   1  2010   95  22.30  55292.125   78.9  5.655e+00 
  22141  0.500   1  2010   96  23.66  55293.181   78.6  6.767e+00 
  22193  2.000   1  2010   98   1.59  55294.262   78.3  5.179e+00 
  22279  2.000   1  2010   99  20.79  55296.062   77.7  7.964e+00 
  22329  0.333   1  2010  100  21.51  55297.092   77.2  2.376e+00 
  22481  1.500   2  2010  104   1.73  55300.268   76.4  2.621e+00 
  22517  0.978   4  2010  104  19.71  55301.017   76.3  6.543e+00 
  22518  0.489   2  2010  104  20.13  55301.035   76.3  5.722e+00 
  22519  0.333   1  2010  104  20.60  55301.054   76.3  3.266e+00 
  22530  1.111   2  2010  105   2.24  55301.289   76.2  1.993e+00 
  22531  0.556   1  2010  105   2.73  55301.309   76.2  2.180e+00 
  22532  0.556   1  2010  105   3.06  55301.323   76.2  2.694e+00 
  22575  1.000   1  2010  106   0.53  55302.218   76.2  2.079e+00 
  22576  1.000   1  2010  106   1.05  55302.239   76.2  2.118e+00 
  22577  0.400   4  2010  106   1.84  55302.272   76.2  2.824e+00 
  22578  0.800   8  2010  106   2.23  55302.289   76.2  3.115e+00 
  22579  0.700   7  2010  106   2.76  55302.310   76.2  3.820e+00 
  22580  0.700   7  2010  106   3.26  55302.331   76.2  4.414e+00 
  22581  0.600   6  2010  106   3.74  55302.351   76.2  5.236e+00 
  22582  0.800   8  2010  106   4.27  55302.373   76.2  6.927e+00 
  22583  0.700   7  2010  106   4.76  55302.394   76.2  9.449e+00 
  22663  0.361   1  2010  107  20.66  55304.056   76.3  1.441e+01 
  22665  1.000   2  2010  107  21.80  55304.104   76.3  2.434e+00 
  22666  0.500   1  2010  107  22.25  55304.123   76.3  2.269e+00 
  22667  1.000   2  2010  107  22.74  55304.143   76.3  2.352e+00 
  22668  0.500   1  2010  107  23.23  55304.163   76.3  2.308e+00 
  22669  1.000   2  2010  107  23.67  55304.182   76.3  2.030e+00 
  22670  0.500   1  2010  108   0.12  55304.201   76.3  2.095e+00 
  22672  1.000   2  2010  108   1.17  55304.244   76.3  2.163e+00 
  22673  0.500   1  2010  108   1.62  55304.263   76.3  1.894e+00 
  22675  1.000   2  2010  108   2.76  55304.311   76.3  2.247e+00 
  22676  0.500   1  2010  108   3.32  55304.334   76.3  3.909e+00 
  22677  0.500   1  2010  108   3.60  55304.345   76.3  4.525e+00 
  22678  1.000   1  2010  108   4.28  55304.374   76.3  7.261e+00 
  22679  1.000   1  2010  108   4.81  55304.396   76.3  9.738e+00 
  22709  1.000   1  2010  108  19.68  55305.016   76.4  6.854e+00 
  22712  0.833   1  2010  108  21.04  55305.072   76.4  4.193e+00 
  22713  1.667   2  2010  108  21.73  55305.101   76.4  3.696e+00 
  22717  0.833   1  2010  108  23.75  55305.185   76.4  3.378e+00 
  22720  1.333   2  2010  109   1.20  55305.246   76.4  2.628e+00 
  22721  0.667   1  2010  109   1.74  55305.268   76.4  2.793e+00 
  22722  0.667   1  2010  109   2.10  55305.283   76.4  3.114e+00 
  22723  0.733   8  2010  109   2.78  55305.312   76.4  3.395e+00 
  22724  0.700   7  2010  109   3.25  55305.331   76.4  4.088e+00 
  22725  0.700   7  2010  109   3.75  55305.352   76.4  5.248e+00 
  22726  0.800   8  2010  109   4.26  55305.373   76.4  6.475e+00 
  22727  0.400   4  2010  109   4.71  55305.392   76.4  8.683e+00 
  22764  1.000   1  2010  109  23.41  55306.171   76.5  1.545e+00 
  22765  1.000   1  2010  109  23.94  55306.193   76.5  1.472e+00 
  22767  1.000   1  2010  110   0.52  55306.217   76.5  1.522e+00 
  22768  1.000   1  2010  110   1.04  55306.239   76.5  1.427e+00 
  22772  0.667   1  2010  110   3.29  55306.333   76.5  4.359e+00 
  22773  0.667   1  2010  110   3.65  55306.348   76.5  5.272e+00 
  22774  1.333   2  2010  110   4.19  55306.370   76.5  6.715e+00 
  22810  0.494   1  2010  110  22.47  55307.132   76.6  4.153e+00 
  22811  0.494   1  2010  110  22.77  55307.144   76.6  4.275e+00 
  22813  0.494   1  2010  110  23.84  55307.189   76.6  4.047e+00 
  22814  0.989   2  2010  111   0.32  55307.209   76.6  4.032e+00 
  22815  0.494   1  2010  111   0.79  55307.229   76.6  4.142e+00 
  22816  0.494   1  2010  111   1.30  55307.250   76.6  4.219e+00 
  22817  0.494   1  2010  111   1.59  55307.262   76.7  4.355e+00 
  22821  0.667   1  2010  111   3.70  55307.350   76.7  5.404e+00 
  22822  1.333   2  2010  111   4.24  55307.372   76.7  6.882e+00 
  22823  0.667   1  2010  111   4.78  55307.395   76.7  8.893e+00 
  22862  0.494   1  2010  112   0.15  55308.202   76.9  3.967e+00 
  22863  0.989   2  2010  112   0.68  55308.224   76.9  4.120e+00 
  22864  0.494   1  2010  112   1.34  55308.251   76.9  4.223e+00 
  22865  0.989   2  2010  112   1.82  55308.271   76.9  4.363e+00 
  22866  0.494   1  2010  112   2.30  55308.291   76.9  4.499e+00 
  22870  0.494   1  2010  112   4.37  55308.378   77.0  8.043e+00 
  22871  0.494   1  2010  112   4.66  55308.390   77.0  9.339e+00 
  22912  0.494   1  2010  113   1.22  55309.246   77.2  4.068e+00 
  22913  0.989   2  2010  113   1.73  55309.268   77.2  4.437e+00 
  22915  0.800   8  2010  113   2.73  55309.309   77.2  3.768e+00 
  22916  0.800   8  2010  113   3.26  55309.331   77.2  4.560e+00 
  22917  0.400   4  2010  113   3.70  55309.350   77.2  5.340e+00 
  22918  0.800   8  2010  113   4.25  55309.373   77.2  7.098e+00 
  22919  0.700   7  2010  113   4.74  55309.393   77.2  9.528e+00 
  23639  0.967   6  2010  128   4.73  55324.393   76.0  8.490e+00 
  23640  0.483   3  2010  128   5.13  55324.410   76.0  1.036e+01 
  23716  0.400   2  2010  129  19.33  55326.001   75.9  8.308e+00 
  23717  0.600   3  2010  129  19.68  55326.016   75.9  7.518e+00 
  23726  0.750   1  2010  130   0.10  55326.200   75.9  1.862e+00 
  23727  0.750   1  2010  130   0.53  55326.218   75.9  1.980e+00 
  23728  0.750   1  2010  130   1.31  55326.250   75.9  2.085e+00 
  23729  0.750   1  2010  130   1.74  55326.268   75.9  2.240e+00 
  24118  2.000   1  2010  138   4.01  55334.363   74.7  7.121e+00 
  24120  1.667   1  2010  138   5.04  55334.406   74.7  1.168e+01 
  24820  0.644   4  2010  152  19.34  55349.001   74.4  8.085e+00 
  24916  0.806   1  2010  154  19.47  55351.007   74.6  9.700e+00 
  24917  0.806   1  2010  154  19.90  55351.025   74.6  8.950e+00 
  24969  0.967   6  2010  155  21.73  55352.101   74.6  3.804e+00 
  24970  0.644   4  2010  155  22.18  55352.120   74.6  2.794e+00 
  24972  0.444   2  2010  155  23.13  55352.159   74.6  3.201e+00 
  25059  0.667   2  2010  157  18.85  55353.981   74.4  1.085e+01 
  25060  0.667   2  2010  157  19.28  55353.999   74.4  1.004e+01 
  25107  0.333   1  2010  158  18.88  55354.982   74.3  9.257e+00 
  25108  0.667   2  2010  158  19.20  55354.996   74.3  8.279e+00 
  25109  0.667   2  2010  158  19.68  55355.016   74.3  7.340e+00 
  25110  0.667   2  2010  158  20.28  55355.040   74.3  6.246e+00 
  25174  0.917   3  2010  160   4.22  55356.371   74.3  6.444e+00 
  25204  0.806   1  2010  160  19.14  55356.993   74.3  1.105e+01 
  25205  0.806   1  2010  160  19.57  55357.011   74.3  9.647e+00 
  25305  0.500   1  2010  162  21.98  55359.111   74.5  2.701e+00 
  25306  0.500   1  2010  162  22.25  55359.123   74.5  2.753e+00 
  25307  1.000   2  2010  162  22.67  55359.140   74.5  2.447e+00 
  25753  0.333   1  2010  172   5.54  55368.426   75.1  1.101e+01 
  26264  0.333   1  2010  182  21.49  55379.091   77.0  8.996e+00 
  26265  0.667   2  2010  182  21.78  55379.103   77.0  8.711e+00 
  26452  0.417   1  2010  186  19.46  55383.006   78.0  1.477e+01 
  26453  0.833   2  2010  186  19.84  55383.022   78.0  1.302e+01 
  26512  0.372   1  2010  188   1.31  55384.250   78.4  1.629e+00 
  26513  1.117   3  2010  188   1.73  55384.268   78.4  1.559e+00 
  26516  0.744   2  2010  188   3.30  55384.333   78.5  2.205e+00 
  26517  0.744   2  2010  188   3.72  55384.350   78.5  2.711e+00 
  26518  0.667   1  2010  188   4.39  55384.378   78.5  6.351e+00 
  26519  0.667   1  2010  188   4.75  55384.393   78.5  7.625e+00 
  26520  1.333   2  2010  188   5.29  55384.416   78.5  9.753e+00 
  26552  1.117   3  2010  188  21.27  55385.082   78.9  4.851e+00 
  26553  0.372   1  2010  188  21.69  55385.099   78.9  4.554e+00 
  26554  0.744   2  2010  188  22.31  55385.125   78.9  4.074e+00 
  26555  0.744   2  2010  188  22.73  55385.143   78.9  3.878e+00 
  26556  0.372   1  2010  188  23.42  55385.171   78.9  1.873e+00 
  26557  0.744   2  2010  188  23.74  55385.185   78.9  1.686e+00 
  26558  0.372   1  2010  189   0.05  55385.198   78.9  1.734e+00 
  26559  1.117   3  2010  189   0.71  55385.225   78.9  1.738e+00 
  26560  0.372   1  2010  189   1.13  55385.243   78.9  1.665e+00 
  26599  1.000   1  2010  189  20.84  55386.064   79.4  6.498e+00 
  26600  1.000   1  2010  189  21.36  55386.086   79.4  6.030e+00 
  26602  1.117   3  2010  189  22.22  55386.121   79.4  4.175e+00 
  26603  0.372   1  2010  189  22.64  55386.139   79.4  3.941e+00 
  26608  0.611   2  2010  190   1.26  55386.248   79.5  4.315e+00 
  26609  0.611   2  2010  190   1.62  55386.263   79.5  4.400e+00 
  26610  0.833   5  2010  190   2.30  55386.291   79.5  2.529e+00 
  26611  0.500   3  2010  190   2.69  55386.308   79.5  2.854e+00 
  26612  0.372   1  2010  190   3.31  55386.333   79.5  3.960e+00 
  26613  1.117   3  2010  190   3.73  55386.351   79.5  4.833e+00 
  26614  0.372   1  2010  190   4.29  55386.374   79.6  6.074e+00 
  26615  1.117   3  2010  190   4.71  55386.392   79.6  7.751e+00 
  26649  0.667   2  2010  190  21.70  55387.100   79.9  3.388e+00 
  26650  0.667   2  2010  190  22.12  55387.117   79.9  3.548e+00 
  26657  0.372   1  2010  191   1.86  55387.273   80.0  2.386e+00 
  26658  1.117   3  2010  191   2.29  55387.291   80.0  2.700e+00 
  26660  1.117   3  2010  191   3.25  55387.331   80.0  3.495e+00 
  26661  0.539   2  2010  191   3.76  55387.352   80.0  3.912e+00 
  26662  0.833   5  2010  191   4.26  55387.373   80.0  4.602e+00 
  26663  0.333   2  2010  191   4.61  55387.388   80.0  5.290e+00 
  26692  1.000   1  2010  191  19.41  55388.004   80.3  8.085e+00 
  26693  1.000   1  2010  191  19.94  55388.026   80.3  6.958e+00 
  26695  1.000   1  2010  191  20.76  55388.061   80.3  5.781e+00 
  26696  1.000   1  2010  191  21.29  55388.083   80.4  5.219e+00 
  26697  0.333   1  2010  191  21.86  55388.107   80.4  3.443e+00 
  26698  0.667   2  2010  191  22.18  55388.120   80.4  3.095e+00 
  26699  0.333   1  2010  191  22.51  55388.133   80.4  3.012e+00 
  26704  0.917   3  2010  192   1.18  55388.245   80.4  3.530e+00 
  26705  0.500   3  2010  192   1.88  55388.274   80.4  2.120e+00 
  26706  0.833   5  2010  192   2.28  55388.290   80.5  2.219e+00 
  26707  0.372   1  2010  192   2.96  55388.319   80.5  3.233e+00 
  26708  0.744   2  2010  192   3.27  55388.332   80.5  3.223e+00 
  26709  0.744   2  2010  192   3.77  55388.353   80.5  3.961e+00 
  26710  0.744   2  2010  192   4.28  55388.374   80.5  4.758e+00 
  26711  0.372   1  2010  192   4.59  55388.387   80.5  5.681e+00 
  26740  1.152   2  2010  192  19.21  55388.996   80.8  9.003e+00 
  26744  1.000   1  2010  192  21.10  55389.075   80.8  5.523e+00 
  26745  1.000   1  2010  192  21.63  55389.097   80.8  5.305e+00 
  26746  0.667   2  2010  192  22.34  55389.126   80.8  3.096e+00 
  26747  0.667   2  2010  192  22.77  55389.144   80.8  2.887e+00 
  26753  0.744   2  2010  193   1.76  55389.269   80.9  2.252e+00 
  26754  0.744   2  2010  193   2.18  55389.286   80.9  2.427e+00 
  26755  0.744   2  2010  193   2.89  55389.316   80.9  2.814e+00 
  26756  0.744   2  2010  193   3.31  55389.333   80.9  3.300e+00 
  26757  0.667   2  2010  193   3.87  55389.357   80.9  6.171e+00 
  26758  0.667   2  2010  193   4.30  55389.375   80.9  7.165e+00 
  26759  0.667   2  2010  193   4.84  55389.397   80.9  8.839e+00 
  26760  0.667   2  2010  193   5.26  55389.415   81.0  1.127e+01 
  26789  1.000   1  2010  193  19.83  55390.022   81.2  7.438e+00 
  26790  1.000   1  2010  193  20.36  55390.044   81.2  6.593e+00 
  26792  1.111   2  2010  193  21.27  55390.082   81.2  3.831e+00 
  26793  0.556   1  2010  193  21.75  55390.102   81.2  3.359e+00 
  26794  0.556   1  2010  193  22.08  55390.115   81.2  3.252e+00 
  26797  0.611   2  2010  193  23.85  55390.189   81.3  3.431e+00 
  26798  0.611   2  2010  194   0.21  55390.204   81.3  3.423e+00 
  26838  1.000   1  2010  194  20.01  55391.029   81.6  7.270e+00 
  26839  1.000   1  2010  194  20.53  55391.051   81.6  6.610e+00 
  26884  1.000   1  2010  195  19.13  55391.992   81.9  9.185e+00 
  26885  1.000   1  2010  195  19.65  55392.014   82.0  7.864e+00 
  26886  0.333   1  2010  195  20.31  55392.042   82.0  6.496e+00 
  26887  1.000   3  2010  195  20.74  55392.060   82.0  6.525e+00 
  26937  0.417   1  2010  196  21.83  55393.105   82.4  5.994e+00 
  26938  0.417   1  2010  196  22.09  55393.116   82.5  6.177e+00 
  27094  0.972   1  2010  200   4.07  55396.365   83.7  3.328e+00 
  27095  0.972   1  2010  200   4.58  55396.387   83.7  4.699e+00 
  27096  0.972   1  2010  200   5.10  55396.408   83.7  6.511e+00 
  27097  0.714   1  2010  200   5.54  55396.427   83.7  8.495e+00 
  27142  0.944   1  2010  201   4.46  55397.381   83.9  4.722e+00 
  27143  0.611   1  2010  201   4.99  55397.403   83.9  6.689e+00 
  27144  0.611   1  2010  201   5.33  55397.418   83.9  8.319e+00 
  27603  0.500   1  2010  210  18.91  55406.983   85.8  1.062e+01 
  27604  1.000   2  2010  210  19.32  55407.001   85.8  9.293e+00 
  27605  0.500   1  2010  210  19.74  55407.018   85.8  8.040e+00 
  27606  0.333   3  2010  210  20.35  55407.044   85.8  7.317e+00 
  27652  0.500   1  2010  211  19.47  55408.007   86.0  8.976e+00 
  27653  0.500   1  2010  211  19.75  55408.018   86.0  8.091e+00 
  27654  1.000   2  2010  211  20.16  55408.036   86.0  7.269e+00 
  27655  0.417   1  2010  211  20.88  55408.065   86.0  6.449e+00 
  27656  0.833   2  2010  211  21.26  55408.081   86.0  6.091e+00 
  27700  1.000   2  2010  212  19.26  55408.998   86.2  9.168e+00 
  27701  1.000   2  2010  212  19.82  55409.021   86.2  7.610e+00 
  27748  1.000   2  2010  213  19.32  55410.001   86.5  9.425e+00 
  27749  0.500   1  2010  213  19.73  55410.018   86.5  8.306e+00 
  27750  0.611   2  2010  213  20.09  55410.033   86.5  7.078e+00 
  27751  0.333   3  2010  213  20.61  55410.054   86.5  5.173e+00 
  27752  0.917   3  2010  213  21.26  55410.081   86.5  4.495e+00 
  27903  0.386   1  2010  217   0.87  55413.232   86.1  1.528e+00 
  27904  0.772   2  2010  217   1.20  55413.246   86.1  1.692e+00 
  27905  0.386   1  2010  217   1.53  55413.259   86.1  1.974e+00 
  28137  0.917   3  2010  221  21.76  55418.102   84.3  4.650e+00 
  28139  0.711   4  2010  221  22.77  55418.144   84.3  2.022e+00 
  28140  0.533   3  2010  221  23.21  55418.162   84.3  1.896e+00 
  28141  0.391   1  2010  221  23.78  55418.187   84.3  1.391e+00 
  28142  1.173   3  2010  222   0.22  55418.205   84.3  1.519e+00 
  28143  0.386   1  2010  222   0.87  55418.232   84.3  1.717e+00 
  28144  0.772   2  2010  222   1.20  55418.246   84.3  1.759e+00 
  28145  0.869   3  2010  222   1.75  55418.268   84.3  2.386e+00 
  28151  1.158   3  2010  222   4.76  55418.394   84.2  7.789e+00 
  28152  0.386   1  2010  222   5.20  55418.412   84.2  1.042e+01 
  28325  1.500   1  2010  225  19.58  55422.011   82.7  7.717e+00 
  28326  1.500   1  2010  225  20.35  55422.044   82.7  5.722e+00 
  28328  1.500   1  2010  225  21.13  55422.076   82.7  4.474e+00 
  28329  1.500   1  2010  225  21.90  55422.108   82.7  3.980e+00 
  28331  1.000   1  2010  225  22.98  55422.153   82.7  2.418e+00 
  28332  0.949   1  2010  225  23.49  55422.174   82.7  2.296e+00 
  28334  0.333   2  2010  226   0.10  55422.200   82.6  2.417e+00 
  28335  0.667   1  2010  226   0.73  55422.226   82.6  2.402e+00 
  28336  1.333   2  2010  226   1.27  55422.248   82.6  2.494e+00 
  28337  0.667   1  2010  226   1.81  55422.271   82.6  2.699e+00 
  28338  1.000   1  2010  226   2.36  55422.294   82.6  1.715e+00 
  28339  1.000   1  2010  226   2.89  55422.316   82.6  1.989e+00 
  28340  1.000   1  2010  226   3.42  55422.338   82.6  2.351e+00 
  28341  1.000   1  2010  226   3.94  55422.360   82.6  3.313e+00 
  28343  0.667   1  2010  226   4.92  55422.400   82.6  9.391e+00 
  28344  0.667   1  2010  226   5.28  55422.416   82.6  1.205e+01 
  28372  1.000   1  2010  226  19.38  55423.003   82.4  8.189e+00 
  28378  1.000   1  2010  226  22.49  55423.133   82.3  8.835e-01 
  28380  1.000   1  2010  226  23.39  55423.170   82.3  9.685e-01 
  28381  1.000   1  2010  226  23.91  55423.192   82.3  9.435e-01 
  28383  0.944   1  2010  227   0.55  55423.218   82.3  2.331e+00 
  28384  0.944   1  2010  227   1.04  55423.239   82.3  2.439e+00 
  28385  1.652   2  2010  227   1.73  55423.268   82.3  2.579e+00 
  28436  0.389   1  2010  228   3.37  55424.336   82.0  5.082e+00 
  28437  0.778   2  2010  228   3.71  55424.350   82.0  5.684e+00 
  28438  0.667   3  2010  228   4.18  55424.370   82.0  7.770e+00 
  28479  0.667   1  2010  229   0.99  55425.237   81.8  2.151e+00 
  28480  0.667   1  2010  229   1.35  55425.252   81.8  2.407e+00 
  28529  0.667   1  2010  230   1.72  55426.267   81.5  1.822e+00 
  28530  1.333   2  2010  230   2.26  55426.290   81.5  2.723e+00 
  28531  0.667   1  2010  230   2.80  55426.312   81.5  3.117e+00 
  28533  0.768   2  2010  230   3.72  55426.351   81.5  3.804e+00 
  28534  0.768   2  2010  230   4.16  55426.369   81.5  4.956e+00 
  28535  0.728   2  2010  230   4.87  55426.398   81.5  8.813e+00 
  28536  0.364   1  2010  230   5.19  55426.412   81.5  1.078e+01 
  28629  0.391   1  2010  232   3.88  55428.357   81.0  3.283e+00 
  28630  0.782   2  2010  232   4.20  55428.371   81.0  3.958e+00 
  28631  0.391   1  2010  232   4.53  55428.384   81.0  5.100e+00 
  28632  0.772   2  2010  232   5.16  55428.411   81.0  7.732e+00 
  29097  0.917   3  2010  241  21.70  55438.100   78.0  5.343e+00 
  29336  0.556   1  2010  246  21.36  55443.085   78.0  3.141e+00 
  29337  0.556   1  2010  246  21.66  55443.098   78.0  2.827e+00 
  29338  0.733   2  2010  246  22.34  55443.127   78.0  2.532e+00 
  29339  0.733   2  2010  246  22.76  55443.144   78.0  2.437e+00 
  29340  0.733   2  2010  246  23.32  55443.167   78.0  2.442e+00 
  29341  0.733   2  2010  246  23.74  55443.185   78.0  2.200e+00 
  29342  0.386   1  2010  247   0.34  55443.210   78.0  8.036e-01 
  29343  1.158   3  2010  247   0.78  55443.228   78.0  9.139e-01 
  29344  0.386   1  2010  247   1.31  55443.250   78.0  1.079e+00 
  29345  1.158   3  2010  247   1.75  55443.268   78.0  1.190e+00 
  29346  0.333   1  2010  247   2.48  55443.299   78.0  2.969e+00 
  29347  0.667   2  2010  247   2.77  55443.311   78.0  3.369e+00 
  29348  0.333   1  2010  247   3.06  55443.323   78.0  3.514e+00 
  29393  0.768   2  2010  248   1.77  55444.269   78.2  1.417e+00 
  29394  0.768   2  2010  248   2.20  55444.287   78.2  1.676e+00 
  29395  0.384   1  2010  248   2.78  55444.312   78.2  2.046e+00 
  29396  1.152   3  2010  248   3.22  55444.330   78.3  2.545e+00 
  29397  0.333   1  2010  248   3.84  55444.356   78.3  5.091e+00 
  29398  1.000   3  2010  248   4.27  55444.373   78.3  6.735e+00 
  29477  0.667   2  2010  249  19.72  55446.017   78.6  6.150e+00 
  29478  0.683   3  2010  249  20.26  55446.040   78.6  3.062e+00 
  29479  0.683   3  2010  249  20.71  55446.058   78.6  2.866e+00 
  29481  0.384   1  2010  249  21.97  55446.111   78.7  8.875e-01 
  29482  0.768   2  2010  249  22.30  55446.125   78.7  6.485e-01 
  29483  0.384   1  2010  249  22.63  55446.138   78.7  5.276e-01 
  29484  0.361   1  2010  249  23.16  55446.161   78.7  1.139e+00 
  29486  0.384   1  2010  250   0.48  55446.216   78.7  1.232e+00 
  29487  0.768   2  2010  250   0.81  55446.229   78.7  1.116e+00 
  29488  0.384   1  2010  250   1.14  55446.243   78.7  1.091e+00 
  29489  0.789   1  2010  250   1.74  55446.268   78.7  9.542e-01 
  29490  0.789   1  2010  250   2.16  55446.286   78.7  1.394e+00 
  29494  0.889   5  2010  250   4.24  55446.372   78.7  6.339e+00 
  29495  0.356   2  2010  250   4.62  55446.388   78.7  8.265e+00 
  29529  0.667   2  2010  250  21.73  55447.101   79.0  1.951e+00 
  29530  0.333   1  2010  250  22.41  55447.129   79.0  1.958e+00 
  29531  0.333   1  2010  250  22.60  55447.137   79.0  1.748e+00 
  29533  0.667   2  2010  250  23.76  55447.186   79.0  1.738e+00 
  29534  0.333   1  2010  251   0.44  55447.214   79.0  1.654e+00 
  29535  0.333   1  2010  251   0.64  55447.222   79.0  1.700e+00 
  29537  0.667   2  2010  251   1.69  55447.266   79.0  9.523e+00 
  29538  0.333   1  2010  251   2.37  55447.294   79.0  9.966e+00 
  29539  0.333   1  2010  251   2.56  55447.302   79.0  1.027e+01 
  29540  0.333   1  2010  251   3.38  55447.336   79.1  1.127e+01 
  29541  0.333   1  2010  251   3.57  55447.344   79.1  1.173e+01 
  29542  0.667   2  2010  251   4.25  55447.373   79.1  1.353e+01 
  29574  0.667   2  2010  251  20.15  55448.035   79.3  4.115e+00 
  29575  0.333   1  2010  251  20.83  55448.064   79.3  3.130e+00 
  29576  0.333   1  2010  251  21.03  55448.072   79.3  2.706e+00 
  29577  0.333   1  2010  251  21.88  55448.107   79.4  2.174e+00 
  29578  0.333   1  2010  251  22.07  55448.115   79.4  2.049e+00 
  29579  0.667   2  2010  251  22.75  55448.144   79.4  1.820e+00 
  29581  0.667   2  2010  251  23.80  55448.187   79.4  1.701e+00 
  29582  0.333   1  2010  252   0.48  55448.216   79.4  1.520e+00 
  29583  0.333   1  2010  252   0.67  55448.224   79.4  1.562e+00 
  29585  0.667   2  2010  252   1.62  55448.263   79.4  9.042e+00 
  29586  0.667   2  2010  252   2.39  55448.295   79.4  9.315e+00 
  29588  0.333   1  2010  252   3.40  55448.337   79.4  1.055e+01 
  29589  0.333   1  2010  252   3.59  55448.345   79.4  1.111e+01 
  29590  0.667   2  2010  252   4.27  55448.374   79.5  1.280e+01 
  29619  0.333   1  2010  252  18.99  55448.987   79.7  9.018e+00 
  29620  0.667   2  2010  252  19.29  55448.999   79.7  7.823e+00 
  29621  1.000   3  2010  252  19.78  55449.020   79.7  6.315e+00 
  29624  0.333   1  2010  252  21.38  55449.086   79.7  1.625e+00 
  29625  0.333   1  2010  252  21.57  55449.094   79.7  1.565e+00 
  29626  0.667   2  2010  252  22.25  55449.123   79.7  1.179e+00 
  29628  0.667   2  2010  252  23.37  55449.169   79.8  1.078e+00 
  29630  0.667   2  2010  253   0.14  55449.202   79.8  9.736e-01 
  29632  0.667   2  2010  253   1.24  55449.247   79.8  1.218e+00 
  29633  0.333   1  2010  253   1.92  55449.275   79.8  1.286e+00 
  29634  0.333   1  2010  253   2.11  55449.284   79.8  1.444e+00 
  29636  0.667   2  2010  253   3.11  55449.325   79.8  1.041e+01 
  29637  0.667   2  2010  253   3.89  55449.358   79.8  1.195e+01 
  29639  0.333   1  2010  253   4.61  55449.388   79.8  1.439e+01 
  29669  0.667   2  2010  253  19.87  55450.024   80.1  4.510e+00 
  29671  0.667   2  2010  253  20.65  55450.056   80.1  3.009e+00 
  29673  0.667   2  2010  253  21.78  55450.103   80.1  1.465e+00 
  29674  0.333   1  2010  253  22.46  55450.131   80.1  1.064e+00 
  29675  0.333   1  2010  253  22.65  55450.140   80.1  1.149e+00 
  29676  0.333   1  2010  253  23.45  55450.173   80.1  9.989e-01 
  29677  0.333   1  2010  253  23.64  55450.181   80.1  1.151e+00 
  29678  0.667   2  2010  254   0.32  55450.209   80.1  1.041e+00 
  29680  0.667   2  2010  254   1.27  55450.249   80.2  1.317e+00 
  29681  0.333   1  2010  254   1.95  55450.277   80.2  1.414e+00 
  29682  0.333   1  2010  254   2.15  55450.285   80.2  1.578e+00 
  29683  0.333   1  2010  254   2.79  55450.312   80.2  2.000e+00 
  29684  0.333   1  2010  254   3.40  55450.337   80.2  1.095e+01 
  29685  0.333   1  2010  254   3.59  55450.345   80.2  1.109e+01 
  29686  0.667   2  2010  254   4.27  55450.374   80.2  1.309e+01 
  29723  0.700   1  2010  254  22.54  55451.135   80.5  3.236e+00 
  29725  1.000   1  2010  254  23.68  55451.182   80.5  1.552e+00 
  29726  1.000   1  2010  255   0.23  55451.205   80.5  1.809e+00 
  29727  1.000   1  2010  255   0.93  55451.234   80.5  1.612e+00 
  29728  1.000   1  2010  255   1.48  55451.257   80.5  1.980e+00 
  29730  0.500   1  2010  255   2.34  55451.293   80.5  2.150e+00 
  29731  1.000   2  2010  255   2.78  55451.311   80.5  2.368e+00 
  29732  0.500   1  2010  255   3.23  55451.330   80.5  3.180e+00 
  29733  1.000   2  2010  255   3.67  55451.349   80.5  4.086e+00 
  29770  1.000   2  2010  255  22.23  55452.122   80.8  1.720e+00 
  29771  0.500   1  2010  255  22.75  55452.144   80.8  1.744e+00 
  29772  1.000   2  2010  255  23.25  55452.164   80.8  1.857e+00 
  29773  0.500   1  2010  255  23.74  55452.185   80.8  1.911e+00 
  29774  0.500   1  2010  256   0.44  55452.214   80.8  1.412e+00 
  29775  0.500   1  2010  256   0.74  55452.226   80.8  1.301e+00 
  29776  1.000   2  2010  256   1.23  55452.247   80.8  1.458e+00 
  29777  0.500   1  2010  256   1.73  55452.268   80.8  1.547e+00 
  29778  1.000   2  2010  256   2.21  55452.287   80.8  2.098e+00 
  29779  0.500   1  2010  256   2.68  55452.307   80.8  2.211e+00 
  29780  1.000   2  2010  256   3.24  55452.330   80.8  3.490e+00 
  29781  0.500   1  2010  256   3.72  55452.351   80.8  4.523e+00 
  29782  0.500   1  2010  256   4.02  55452.363   80.8  5.325e+00 
  29819  1.000   2  2010  256  22.78  55453.145   81.0  1.470e+00 
  29820  0.500   1  2010  256  23.27  55453.165   81.1  1.792e+00 
  29821  1.000   2  2010  256  23.74  55453.185   81.1  1.614e+00 
  29822  0.500   1  2010  257   0.21  55453.204   81.1  1.720e+00 
  29823  0.500   1  2010  257   0.83  55453.230   81.1  2.036e+00 
  29824  1.000   2  2010  257   1.29  55453.249   81.1  2.018e+00 
  29825  0.500   1  2010  257   1.75  55453.269   81.1  2.054e+00 
  29826  0.500   1  2010  257   2.22  55453.288   81.1  1.724e+00 
  29827  1.000   2  2010  257   2.69  55453.308   81.1  2.201e+00 
  29828  1.000   2  2010  257   3.33  55453.334   81.1  3.034e+00 
  29829  0.500   1  2010  257   3.80  55453.354   81.1  4.226e+00 
  29830  0.344   1  2010  257   4.47  55453.382   81.1  1.123e+01 
  29869  0.500   1  2010  257  23.51  55454.175   81.3  1.850e+00 
  29870  1.000   2  2010  258   0.27  55454.207   81.3  1.542e+00 
  29871  0.500   1  2010  258   0.74  55454.227   81.3  1.664e+00 
  29872  0.500   1  2010  258   1.04  55454.239   81.3  1.849e+00 
  29918  0.556   1  2010  259   0.48  55455.215   81.6  1.134e+00 
  29920  0.556   1  2010  259   1.18  55455.245   81.6  1.608e+00 
  29921  1.056   2  2010  259   1.73  55455.268   81.7  1.971e+00 
  29922  0.500   1  2010  259   2.28  55455.291   81.7  1.795e+00 
  29923  1.000   2  2010  259   2.78  55455.311   81.7  2.307e+00 
  29924  0.500   1  2010  259   3.28  55455.332   81.7  2.756e+00 
  29925  0.500   1  2010  259   3.58  55455.345   81.7  3.440e+00 
  29971  0.500   1  2010  260   2.79  55456.312   82.1  2.645e+00 
  30020  0.500   1  2010  261   3.42  55457.338   82.4  3.064e+00 
  30021  0.500   1  2010  261   3.72  55457.350   82.4  3.954e+00 
  30022  1.000   2  2010  261   4.20  55457.370   82.4  5.307e+00 
  30487  0.567   2  2010  270  20.85  55467.064   81.9  2.334e+00 
  30488  0.772   2  2010  270  21.28  55467.082   81.9  1.244e+00 
  30489  0.386   1  2010  270  21.61  55467.096   81.9  1.031e+00 
  30534  0.833   1  2010  271  20.23  55468.039   81.6  6.064e+00 
  30535  0.833   1  2010  271  20.68  55468.057   81.6  5.311e+00 
  30537  0.483   2  2010  271  21.62  55468.096   81.6  2.729e+00 
  30538  0.483   2  2010  271  22.24  55468.122   81.6  2.416e+00 
  30588  0.391   1  2010  272  23.33  55469.168   81.3  6.756e-01 
  30589  0.391   1  2010  272  23.55  55469.177   81.3  5.954e-01 
  30628  0.562   3  2010  273  19.29  55469.999   81.2  8.585e+00 
  30629  0.936   5  2010  273  19.75  55470.018   81.2  6.031e+00 
  30630  0.562   3  2010  273  20.23  55470.039   81.2  4.396e+00 
  30631  0.936   5  2010  273  20.76  55470.060   81.2  3.465e+00 
  30632  0.749   4  2010  273  21.27  55470.082   81.2  2.828e+00 
  30633  0.374   2  2010  273  21.61  55470.096   81.2  2.499e+00 
  30634  0.749   4  2010  273  22.20  55470.121   81.2  1.951e+00 
  30635  0.749   4  2010  273  22.74  55470.143   81.2  1.200e+00 
  30636  0.562   3  2010  273  23.24  55470.164   81.2  2.091e+00 
  30637  0.936   5  2010  273  23.75  55470.185   81.2  2.383e+00 
  30638  0.749   4  2010  274   0.26  55470.207   81.2  2.569e+00 
  30641  0.374   2  2010  274   1.57  55470.261   81.2  3.334e+00 
  30642  0.374   2  2010  274   2.20  55470.287   81.2  2.099e+00 
  30684  0.487   2  2010  274  23.10  55471.158   81.1  2.106e+00 
  30834  0.711   4  2010  278   2.33  55474.293   81.3  6.595e+00 
  30835  0.711   4  2010  278   2.77  55474.311   81.3  7.170e+00 
  30836  0.533   3  2010  278   3.35  55474.335   81.3  1.271e+01 
  30837  0.711   4  2010  278   3.73  55474.351   81.3  1.367e+01 
  30872  0.778   1  2010  278  21.31  55475.083   81.4  3.339e+00 
  30873  0.778   1  2010  278  21.74  55475.101   81.4  3.120e+00 
  30874  0.778   1  2010  278  22.42  55475.130   81.4  2.712e+00 
  30875  0.778   1  2010  278  22.84  55475.147   81.4  2.415e+00 
  30877  1.556   2  2010  278  23.74  55475.185   81.4  1.423e+00 
  30879  1.011   2  2010  279   0.72  55475.225   81.4  2.906e+00 
  30880  1.011   2  2010  279   1.26  55475.248   81.4  3.041e+00 
  30883  0.356   1  2010  279   2.89  55475.316   81.4  4.327e+00 
  30884  0.711   2  2010  279   3.21  55475.329   81.4  4.974e+00 
  30885  0.356   1  2010  279   3.52  55475.342   81.4  5.549e+00 
  30917  0.917   3  2010  279  19.75  55476.018   81.4  9.373e+00 
  30964  0.533   3  2010  280  19.30  55477.000   81.3  8.198e+00 
  30965  0.711   4  2010  280  19.69  55477.016   81.3  7.220e+00 
  30966  0.384   1  2010  280  20.36  55477.044   81.3  2.845e+00 
  30967  0.768   2  2010  280  20.69  55477.057   81.3  2.445e+00 
  30968  0.562   2  2010  280  21.16  55477.077   81.3  1.814e+00 
  30969  0.711   4  2010  280  21.75  55477.102   81.3  1.827e+00 
  30970  0.533   3  2010  280  22.13  55477.118   81.3  1.591e+00 
  30971  0.778   1  2010  280  22.77  55477.144   81.3  1.394e+00 
  30972  0.778   1  2010  280  23.20  55477.162   81.3  1.279e+00 
  30973  0.778   1  2010  280  23.86  55477.190   81.3  1.248e+00 
  30974  0.778   1  2010  281   0.29  55477.208   81.3  1.357e+00 
  30976  1.556   2  2010  281   1.21  55477.246   81.3  1.573e+00 
  30978  0.778   1  2010  281   2.16  55477.286   81.3  1.993e+00 
  30979  0.778   1  2010  281   2.58  55477.303   81.3  2.365e+00 
  30980  0.778   1  2010  281   3.29  55477.333   81.3  3.624e+00 
  30981  0.778   1  2010  281   3.72  55477.350   81.3  4.505e+00 
  31060  1.000   1  2010  282  19.42  55479.005   81.2  9.417e+00 
  31061  1.000   1  2010  282  19.94  55479.027   81.2  8.249e+00 
  31062  1.000   1  2010  282  20.47  55479.048   81.2  7.336e+00 
  31063  1.000   1  2010  282  21.00  55479.070   81.2  6.754e+00 
  31074  0.667   1  2010  283   2.16  55479.286   81.2  8.631e+00 
  31075  1.333   2  2010  283   2.70  55479.308   81.2  9.330e+00 
  31076  0.667   1  2010  283   3.24  55479.330   81.2  1.036e+01 
  31077  0.778   2  2010  283   3.73  55479.351   81.2  1.191e+01 
  31108  0.444   1  2010  283  19.43  55480.005   81.2  8.297e+00 
  31109  0.889   2  2010  283  19.82  55480.021   81.2  7.375e+00 
  31110  0.444   1  2010  283  20.20  55480.037   81.2  6.704e+00 
  31111  0.889   2  2010  283  20.79  55480.062   81.2  4.414e+00 
  31112  0.889   2  2010  283  21.30  55480.083   81.2  3.700e+00 
  31211  0.333  10  2010  285  22.76  55482.144   81.1  3.056e+00 
  31313  0.778   1  2010  288   1.63  55484.263   80.8  2.098e+00 
  31314  0.778   1  2010  288   2.05  55484.281   80.8  2.289e+00 
  31315  0.778   1  2010  288   2.68  55484.307   80.8  2.937e+00 
  31316  0.778   1  2010  288   3.10  55484.325   80.8  3.696e+00 
  31360  0.611   1  2010  289   1.04  55485.239   80.8  2.797e+00 
  31362  0.733   2  2010  289   2.30  55485.291   80.8  2.059e+00 
  31363  0.733   2  2010  289   2.72  55485.309   80.8  2.642e+00 
  31365  0.611   4  2010  289   3.80  55485.354   80.8  8.558e+00 
  31366  0.458   3  2010  289   4.18  55485.370   80.8  1.024e+01 
  31925  1.000   1  2010  300  19.75  55497.019   82.9  7.093e+00 
  31926  1.000   1  2010  300  20.28  55497.041   82.9  5.840e+00 
  31927  1.000   1  2010  300  20.82  55497.063   82.9  4.749e+00 
  31928  1.000   1  2010  300  21.35  55497.085   82.9  4.150e+00 
  31930  1.000   1  2010  300  22.11  55497.117   82.9  3.390e+00 
  31931  1.000   1  2010  300  22.64  55497.139   82.9  2.954e+00 
  31973  0.933   1  2010  301  19.86  55498.023   83.0  7.726e+00 
  31974  0.933   1  2010  301  20.36  55498.044   83.0  6.857e+00 
  31975  0.933   1  2010  301  20.95  55498.068   83.0  5.970e+00 
  31976  0.933   1  2010  301  21.44  55498.089   83.0  5.751e+00 
  31977  0.500   1  2010  301  21.98  55498.111   83.0  3.480e+00 
  31978  0.500   1  2010  301  22.26  55498.123   83.0  3.678e+00 
  31979  1.000   2  2010  301  22.82  55498.146   83.0  3.272e+00 
  31980  0.933   1  2010  301  23.47  55498.174   83.0  3.224e+00 
  32021  1.000   1  2010  302  19.72  55499.017   83.0  7.027e+00 
  32022  1.000   1  2010  302  20.24  55499.039   83.0  5.676e+00 
  32024  1.000   1  2010  302  21.09  55499.074   83.0  4.460e+00 
  32025  1.000   1  2010  302  21.62  55499.096   83.0  3.877e+00 
  32026  1.000   1  2010  302  22.26  55499.123   83.0  3.138e+00 
  32027  1.000   1  2010  302  22.79  55499.145   83.0  2.873e+00 
  32028  1.000   1  2010  302  23.46  55499.173   83.0  3.404e+00 
  32029  1.000   1  2010  302  23.99  55499.195   83.0  3.458e+00 
  32031  1.000   1  2010  303   0.53  55499.217   83.0  3.227e+00 
  32032  1.000   1  2010  303   1.05  55499.239   83.0  3.119e+00 
  32033  1.000   1  2010  303   1.87  55499.274   83.0  1.032e+01 
  32357  0.889   5  2010  309  19.77  55506.019   83.4  7.219e+00 
  32358  0.356   2  2010  309  20.41  55506.046   83.4  5.525e+00 
  32359  0.356   2  2010  309  20.75  55506.060   83.4  4.984e+00 
  32360  0.889   5  2010  309  21.25  55506.081   83.4  4.501e+00 
  32361  0.356   2  2010  309  21.63  55506.097   83.4  4.156e+00 
  32362  0.889   5  2010  309  22.24  55506.122   83.4  2.971e+00 
  32363  0.533   3  2010  309  22.68  55506.140   83.4  2.542e+00 
  32364  0.711   4  2010  309  23.29  55506.166   83.4  1.789e+00 
  32365  0.711   4  2010  309  23.73  55506.184   83.4  1.698e+00 
  32366  0.356   1  2010  310   0.33  55506.209   83.4  3.130e+00 
  32367  1.067   3  2010  310   0.75  55506.227   83.4  3.234e+00 
  32369  0.800   3  2010  310   1.73  55506.268   83.4  2.226e+00 
  32405  0.711   4  2010  310  19.80  55507.021   83.4  7.126e+00 
  32406  0.533   3  2010  310  20.18  55507.036   83.4  5.940e+00 
  32408  0.533   3  2010  310  21.33  55507.084   83.4  3.526e+00 
  32409  0.711   4  2010  310  21.71  55507.100   83.4  3.368e+00 
  32410  0.711   4  2010  310  22.31  55507.125   83.4  2.706e+00 
  32411  0.711   4  2010  310  22.75  55507.143   83.4  2.661e+00 
  32412  0.356   2  2010  310  23.37  55507.169   83.4  1.980e+00 
  32413  0.889   5  2010  310  23.76  55507.185   83.4  1.889e+00 
  32414  0.533   2  2010  311   0.34  55507.210   83.4  3.024e+00 
  32415  0.711   2  2010  311   0.79  55507.228   83.3  3.469e+00 
  32416  0.356   1  2010  311   1.10  55507.242   83.3  3.287e+00 
  32417  0.356   1  2010  311   1.82  55507.271   83.3  4.025e+00 
  32418  1.067   3  2010  311   2.24  55507.289   83.3  4.605e+00 
  32458  0.711   4  2010  311  22.27  55508.124   83.2  2.868e+00 
  32459  0.711   4  2010  311  22.71  55508.142   83.2  2.461e+00 
  32463  0.800   3  2010  312   0.68  55508.224   83.1  1.927e+00 
  32465  0.711   2  2010  312   1.85  55508.273   83.1  3.906e+00 
  32466  0.711   2  2010  312   2.27  55508.290   83.1  4.463e+00 
  32502  1.778   1  2010  312  20.14  55509.035   82.8  6.318e+00 
  32504  1.778   1  2010  312  21.39  55509.087   82.8  4.160e+00 
  32506  1.778   1  2010  312  22.38  55509.128   82.8  5.398e+00 
  32508  1.778   1  2010  312  23.37  55509.169   82.8  4.838e+00 
  32510  1.778   1  2010  313   0.39  55509.212   82.8  4.929e+00 
  32512  1.778   1  2010  313   1.40  55509.254   82.7  6.115e+00 
  32514  1.778   1  2010  313   2.38  55509.295   82.7  7.071e+00 
  32516  1.778   1  2010  313   3.39  55509.337   82.7  9.512e+00 
  32550  2.000   1  2010  313  20.16  55510.036   82.4  6.163e+00 
  32552  1.222   2  2010  313  21.21  55510.079   82.4  4.943e+00 
  32553  0.611   1  2010  313  21.72  55510.100   82.3  4.275e+00 
  32554  0.944   2  2010  313  22.17  55510.119   82.3  4.066e+00 
  32555  0.333   1  2010  313  22.58  55510.136   82.3  3.675e+00 
  32556  0.800   3  2010  313  23.29  55510.166   82.3  2.109e+00 
  32598  0.500   1  2010  314  20.31  55511.042   81.9  6.369e+00 
  32599  1.000   2  2010  314  20.79  55511.062   81.9  4.955e+00 
  32600  0.500   1  2010  314  21.27  55511.082   81.9  4.235e+00 
  32601  1.000   2  2010  314  21.72  55511.101   81.9  3.623e+00 
  32602  0.500   1  2010  314  22.25  55511.123   81.9  3.015e+00 
  32603  1.000   2  2010  314  22.70  55511.141   81.9  3.027e+00 
  32604  0.778   2  2010  314  23.23  55511.164   81.8  2.714e+00 
  32645  0.333   1  2010  315  19.95  55512.027   81.5  8.817e+00 
  32646  0.667   2  2010  315  20.24  55512.039   81.5  7.791e+00 
  32647  1.000   3  2010  315  20.72  55512.059   81.5  6.265e+00 
  32648  0.667   2  2010  315  21.20  55512.079   81.5  5.275e+00 
  32653  0.333   1  2010  315  23.88  55512.190   81.5  9.089e+00 
  32654  1.000   3  2010  316   0.26  55512.207   81.4  9.179e+00 
  32655  0.667   2  2010  316   0.74  55512.227   81.4  9.418e+00 
  32656  0.667   2  2010  316   1.13  55512.243   81.4  9.493e+00 
  32658  0.333   1  2010  316   2.44  55512.297   81.4  8.916e+00 
  32659  0.333   1  2010  316   2.63  55512.305   81.4  8.996e+00 
  32699  0.333   1  2010  316  22.85  55513.148   81.1  5.081e+00 
  32700  1.000   3  2010  316  23.25  55513.164   81.1  4.576e+00 
  32701  0.667   2  2010  316  23.76  55513.186   81.1  4.873e+00 
  32702  0.333   1  2010  317   0.42  55513.213   81.1  5.495e+00 
  32703  0.667   2  2010  317   0.72  55513.226   81.1  5.517e+00 
  32704  1.000   3  2010  317   1.23  55513.247   81.1  6.049e+00 
  32705  0.667   2  2010  317   1.74  55513.268   81.1  6.217e+00 
  32707  1.333   1  2010  317   2.51  55513.300   81.1  6.126e+00 
  32708  1.333   1  2010  317   3.23  55513.330   81.1  8.276e+00 
  33367  0.756   2  2010  330  20.68  55527.057   81.7  7.454e+00 
  33416  0.417   4  2010  331  21.19  55528.078   81.7  5.292e+00 
  33419  0.667   4  2010  331  22.75  55528.143   81.7  4.918e+00 
  33420  0.500   3  2010  331  23.34  55528.168   81.7  5.179e+00 
  33463  0.333   2  2010  332  20.84  55529.064   81.7  6.764e+00 
  33464  0.500   3  2010  332  21.21  55529.079   81.7  6.163e+00 
  33465  0.500   3  2010  332  21.71  55529.100   81.7  5.055e+00 
  33466  0.778   4  2010  332  22.28  55529.124   81.7  4.273e+00 
  33467  0.333   3  2010  332  22.87  55529.149   81.7  3.122e+00 
  33468  0.389   2  2010  332  23.32  55529.167   81.7  2.867e+00 
  33469  0.583   3  2010  332  23.70  55529.183   81.7  3.552e+00 
  33470  0.583   3  2010  333   0.20  55529.204   81.7  4.519e+00 
  33510  0.444   2  2010  333  20.39  55530.045   81.6  8.722e+00 
  33513  0.889   4  2010  333  21.78  55530.103   81.6  4.354e+00 
  33515  0.667   3  2010  333  22.66  55530.140   81.6  3.351e+00 
  33516  0.889   4  2010  333  23.28  55530.166   81.6  4.791e+00 
  33517  0.444   2  2010  333  23.85  55530.190   81.6  5.577e+00 
  33518  0.444   2  2010  334   0.14  55530.201   81.6  5.484e+00 
  33558  0.667   3  2010  334  20.36  55531.044   81.5  7.676e+00 
  33560  0.889   4  2010  334  21.21  55531.080   81.5  5.631e+00 
  33561  0.444   2  2010  334  21.80  55531.104   81.5  4.045e+00 
  33562  0.667   3  2010  334  22.19  55531.120   81.5  3.696e+00 
  33563  0.667   3  2010  334  22.70  55531.142   81.5  3.494e+00 
  33564  0.667   2  2010  334  23.34  55531.168   81.5  3.005e+00 
  33565  0.667   2  2010  334  23.74  55531.185   81.5  2.832e+00 
  33566  0.667   2  2010  335   0.28  55531.207   81.5  4.939e+00 
  33567  0.667   2  2010  335   0.68  55531.224   81.5  4.763e+00 
  33570  0.500   3  2010  335   2.29  55531.291   81.5  1.077e+01 
  33846  1.173   3  2010  340  20.28  55537.041   81.7  8.842e+00 
  33847  0.391   1  2010  340  20.72  55537.059   81.7  7.787e+00 
  33849  0.764   5  2010  340  21.77  55537.103   81.7  5.434e+00 
  33851  0.533   2  2010  340  22.76  55537.144   81.7  3.876e+00 
  33852  0.533   2  2010  340  23.08  55537.157   81.7  3.574e+00 
  33853  0.800   3  2010  340  23.82  55537.188   81.7  3.536e+00 
  33860  0.789   1  2010  341   3.17  55537.328   81.8  1.009e+01 
  33861  0.789   1  2010  341   3.59  55537.345   81.8  1.222e+01 
  33894  1.333   1  2010  341  20.28  55538.040   81.8  9.427e+00 
  33896  1.333   1  2010  341  21.32  55538.084   81.8  6.704e+00 
  33953  0.500   1  2010  343   1.74  55539.268   81.8  6.045e+00 
  33954  0.573   2  2010  343   2.04  55539.281   81.8  6.370e+00 
  33955  1.000   2  2010  343   2.70  55539.308   81.8  7.641e+00 
  33956  1.000   2  2010  343   3.25  55539.331   81.8  9.186e+00 
  33990  0.500   1  2010  343  20.44  55540.047   81.8  9.911e+00 
  33991  1.000   2  2010  343  20.86  55540.065   81.8  9.069e+00 
  33992  0.500   1  2010  343  21.27  55540.082   81.8  8.559e+00 
  33995  1.333   1  2010  343  22.67  55540.140   81.9  4.503e+00 
  34136  1.222   2  2010  346  21.24  55543.080   81.9  5.869e+00 
  34137  0.611   1  2010  346  21.75  55543.102   81.9  5.379e+00 
  34138  0.611   1  2010  346  22.09  55543.116   81.9  4.946e+00 
  34190  1.222   2  2010  348   0.29  55544.208   81.8  4.572e+00 
  34191  0.611   1  2010  348   0.80  55544.229   81.8  5.116e+00 
  34192  0.611   1  2010  348   1.14  55544.243   81.8  5.279e+00 
  34710  0.456   1  2010  358  20.45  55555.048   81.6  8.598e+00 
  34711  0.456   1  2010  358  20.73  55555.059   81.6  8.371e+00 
  34809  0.533   2  2010  360  21.82  55557.105   81.4  5.564e+00 
  34810  0.533   2  2010  360  22.14  55557.118   81.4  5.507e+00 
  34859  0.533   2  2010  361  22.83  55558.147   81.1  5.170e+00 
  34860  0.533   2  2010  361  23.15  55558.160   81.1  5.186e+00 
  34908  0.764   5  2010  362  23.23  55559.163   80.9  5.213e+00 
  34910  0.611   4  2010  363   0.26  55559.206   80.9  5.324e+00 
  34911  0.611   4  2010  363   0.71  55559.225   80.9  5.030e+00 
  34950  0.456   1  2010  363  20.35  55560.044   80.8  9.344e+00 
  34951  0.912   2  2010  363  20.78  55560.061   80.8  8.941e+00 
  34953  0.764   5  2010  363  21.74  55560.102   80.8  6.230e+00 
  34954  0.458   3  2010  363  22.19  55560.120   80.8  5.631e+00 
  34955  0.458   3  2010  363  22.87  55560.148   80.8  5.177e+00 
  34956  0.611   4  2010  363  23.26  55560.165   80.8  5.192e+00 
  34958  0.778   1  2010  364   0.26  55560.206   80.8  3.714e+00 
  34959  0.778   1  2010  364   0.69  55560.224   80.8  3.727e+00 
  34960  0.500   1  2010  364   1.36  55560.252   80.7  3.998e+00 
  34961  1.000   2  2010  364   1.77  55560.269   80.7  4.334e+00 
  34999  0.800   3  2010  364  20.78  55561.061   80.6  7.578e+00 
  35001  0.800   3  2010  364  21.71  55561.100   80.6  5.997e+00 
  35003  0.764   5  2010  364  22.74  55561.143   80.6  5.420e+00 
  35005  0.639   1  2010  364  23.85  55561.189   80.6  3.954e+00 
  35006  0.639   1  2010  365   0.19  55561.204   80.6  3.907e+00 
  35007  1.278   2  2010  365   0.71  55561.225   80.6  3.767e+00 
  35009  1.000   2  2010  365   1.68  55561.266   80.6  4.654e+00 
  35010  0.500   1  2010  365   2.09  55561.283   80.6  4.955e+00 
  35047  0.912   2  2010  365  20.77  55562.061   80.6  9.295e+00 
  35049  0.800   3  2010  365  21.68  55562.099   80.6  6.225e+00 
  35051  1.333   1  2010  365  22.77  55562.144   80.6  6.762e+00 
  35053  0.639   1  2010  365  23.95  55562.193   80.6  3.875e+00 
  35054  0.639   1  2011    1   0.29  55562.208   80.6  3.869e+00 
  35055  0.639   1  2011    1   0.63  55562.222   80.6  3.928e+00 
  35056  0.778   1  2011    1   1.32  55562.251   80.6  4.555e+00 
  35057  0.778   1  2011    1   1.74  55562.268   80.6  4.956e+00 
  35095  0.800   3  2011    1  20.73  55563.059   80.5  7.789e+00 
  35096  0.533   2  2011    1  21.35  55563.085   80.5  6.844e+00 
  35097  0.533   2  2011    1  21.66  55563.098   80.5  6.483e+00 
  35098  0.611   4  2011    1  22.32  55563.126   80.5  5.860e+00 
  35099  0.611   4  2011    1  22.75  55563.144   80.5  5.633e+00 
  35101  1.556   2  2011    1  23.78  55563.186   80.5  3.645e+00 
  35148  0.778   1  2011    2  23.36  55564.169   80.5  3.815e+00 
  35149  0.778   1  2011    2  23.79  55564.187   80.5  3.712e+00 
  35151  1.556   2  2011    3   0.76  55564.227   80.5  3.881e+00 
  35153  1.000   2  2011    3   1.77  55564.269   80.5  4.871e+00 
  35154  0.500   1  2011    3   2.18  55564.286   80.5  5.261e+00 
  35155  0.500   1  2011    3   2.74  55564.310   80.5  6.344e+00 
  35156  1.000   2  2011    3   3.15  55564.327   80.6  7.577e+00 
  35157  0.523   3  2011    3   3.75  55564.352   80.6  9.608e+00 
  35190  0.611   1  2011    3  20.45  55565.048   80.6  8.895e+00 
  35191  0.611   1  2011    3  20.79  55565.062   80.6  8.014e+00 
  35192  1.222   2  2011    3  21.30  55565.083   80.6  7.234e+00 
  35194  0.800   3  2011    3  22.30  55565.125   80.6  6.154e+00 
  35196  0.764   5  2011    3  23.22  55565.163   80.6  5.469e+00 
  35198  0.778   1  2011    4   0.20  55565.204   80.6  3.547e+00 
  35199  0.778   1  2011    4   0.62  55565.221   80.7  3.685e+00 
  35239  1.000   1  2011    4  20.56  55566.052   80.8  1.040e+01 
  35240  1.000   1  2011    4  21.09  55566.074   80.8  9.467e+00 
  35241  1.000   1  2011    4  21.71  55566.100   80.8  9.285e+00 
  35242  1.000   1  2011    4  22.23  55566.122   80.8  8.703e+00 
  35244  0.764   5  2011    4  23.26  55566.165   80.8  5.230e+00 
  35246  0.778   1  2011    5   0.25  55566.206   80.8  3.811e+00 
  35247  0.778   1  2011    5   0.67  55566.224   80.8  3.890e+00 
  35286  0.456   1  2011    5  20.46  55567.048   80.9  9.052e+00 
  35287  0.456   1  2011    5  20.75  55567.060   80.9  8.447e+00 
  35288  0.456   1  2011    5  21.03  55567.072   80.9  7.952e+00 
  35289  0.711   2  2011    5  21.70  55567.100   80.9  6.456e+00 
  35290  0.711   2  2011    5  22.12  55567.117   80.9  6.242e+00 
  35291  0.711   2  2011    5  22.78  55567.145   80.9  5.654e+00 
  35292  0.711   2  2011    5  23.20  55567.162   80.9  5.653e+00 
  35297  0.500   1  2011    6   1.85  55567.273   80.9  4.556e+00 
  35298  1.000   2  2011    6   2.26  55567.290   80.9  5.260e+00 
  35299  0.500   1  2011    6   2.92  55567.317   80.9  6.402e+00 
  35300  1.000   2  2011    6   3.33  55567.334   80.9  7.918e+00 
  35301  1.000   1  2011    6   3.96  55567.361   80.9  1.084e+01 
  35335  0.711   2  2011    6  20.69  55568.058   80.9  9.641e+00 
  35336  0.711   2  2011    6  21.11  55568.075   80.9  8.628e+00 
  35337  0.711   2  2011    6  21.84  55568.106   80.9  7.686e+00 
  35338  0.711   2  2011    6  22.26  55568.123   80.9  7.070e+00 
  35339  0.356   1  2011    6  22.84  55568.147   80.9  6.468e+00 
  35340  1.067   3  2011    6  23.26  55568.165   80.9  6.513e+00 
  35342  0.778   1  2011    7   0.10  55568.200   80.9  3.907e+00 
  35343  0.778   1  2011    7   0.53  55568.217   80.9  4.036e+00 
  35344  0.667   1  2011    7   1.27  55568.249   80.9  4.534e+00 
  35345  1.333   2  2011    7   1.81  55568.271   80.9  5.149e+00 
  35346  0.667   1  2011    7   2.35  55568.294   80.9  6.016e+00 
  35348  1.333   2  2011    7   3.22  55568.330   80.9  9.846e+00 
  35349  0.667   1  2011    7   3.76  55568.352   81.0  1.166e+01 
  35383  1.067   3  2011    7  20.78  55569.062   81.1  8.592e+00 
  35384  0.356   1  2011    7  21.20  55569.079   81.1  7.688e+00 
  35385  0.711   2  2011    7  21.81  55569.104   81.1  6.913e+00 
  35386  0.711   2  2011    7  22.23  55569.122   81.1  6.349e+00 
  35387  0.711   2  2011    7  22.89  55569.149   81.1  5.882e+00 
  35388  0.711   2  2011    7  23.31  55569.167   81.1  5.798e+00 
  35431  1.333   1  2011    8  20.67  55570.057   81.4  8.188e+00 
  35433  0.711   2  2011    8  21.73  55570.101   81.4  6.560e+00 
  35434  0.711   2  2011    8  22.15  55570.119   81.4  6.301e+00 
  35435  0.711   2  2011    8  22.89  55570.149   81.4  5.669e+00 
  35436  0.711   2  2011    8  23.31  55570.167   81.4  5.532e+00 
  35438  1.556   2  2011    9   0.27  55570.207   81.4  3.543e+00 
  35440  0.456   1  2011    9   1.12  55570.242   81.4  3.840e+00 
  35488  0.778   1  2011   10   1.23  55571.247   81.6  4.790e+00 
  35489  0.778   1  2011   10   1.66  55571.265   81.6  4.843e+00 
  35490  0.778   1  2011   10   2.42  55571.296   81.6  5.564e+00 
  35491  0.778   1  2011   10   2.84  55571.314   81.6  6.275e+00 
  35527  0.458   3  2011   10  20.88  55572.066   81.7  7.880e+00 
  35528  0.458   3  2011   10  21.20  55572.079   81.7  7.427e+00 
  35530  1.333   1  2011   10  22.02  55572.113   81.7  6.316e+00 
  35532  1.333   1  2011   10  23.02  55572.155   81.8  6.162e+00 
  35586  0.889   2  2011   12   2.16  55573.285   81.8  5.357e+00 
  35587  0.889   2  2011   12   2.67  55573.307   81.8  6.344e+00 
  35629  0.444   1  2011   12  23.92  55574.192   81.7  6.896e+00 
  35633  0.912   2  2011   13   1.70  55574.266   81.7  4.068e+00 
  35634  0.456   1  2011   13   2.13  55574.284   81.7  4.543e+00 
  35635  0.912   2  2011   13   2.82  55574.313   81.7  5.412e+00 
  35636  0.456   1  2011   13   3.25  55574.331   81.7  6.705e+00 
  36102  0.611   4  2011   22  20.25  55584.039   79.1  9.383e+00 
  36103  0.611   4  2011   22  20.68  55584.057   79.1  8.653e+00 
  36198  1.000   1  2011   24  20.28  55586.040   79.0  1.232e+01 
  36199  1.000   1  2011   24  20.80  55586.062   79.0  1.187e+01 
  36246  1.000   1  2011   25  20.48  55587.049   79.1  1.314e+01 
  36248  1.000   1  2011   25  21.01  55587.071   79.1  1.243e+01 
  36249  1.333   1  2011   25  21.91  55587.108   79.1  7.261e+00 
  36343  0.356   1  2011   27  20.82  55589.063   79.8  8.332e+00 
  36344  1.067   3  2011   27  21.25  55589.081   79.8  7.807e+00 
  36346  0.633   1  2011   27  22.34  55589.127   79.8  7.134e+00 
  36347  0.633   1  2011   27  22.68  55589.141   79.8  7.227e+00 
  36348  1.267   2  2011   27  23.19  55589.162   79.8  6.640e+00 
  36355  1.000   1  2011   28   2.75  55589.310   79.9  5.120e+00 
  36356  1.000   1  2011   28   3.28  55589.332   79.9  6.671e+00 
  36357  1.000   1  2011   28   3.92  55589.359   79.9  9.149e+00 
  36391  0.789   1  2011   28  20.97  55590.069   80.2  7.511e+00 
  36392  0.789   1  2011   28  21.40  55590.087   80.3  6.897e+00 
  36399  0.806   1  2011   29   0.60  55590.221   80.3  2.894e+00 
  36400  0.806   1  2011   29   1.03  55590.239   80.3  2.876e+00 
  36401  0.806   1  2011   29   1.76  55590.269   80.3  3.029e+00 
  36402  0.806   1  2011   29   2.19  55590.287   80.3  3.269e+00 
  36403  0.789   1  2011   29   2.94  55590.318   80.4  4.853e+00 
  36404  0.789   1  2011   29   3.36  55590.336   80.4  6.116e+00 
  36445  1.000   1  2011   29  23.66  55591.182   80.8  2.944e+00 
  36446  0.500   1  2011   30   0.49  55591.216   80.8  2.066e+00 
  36447  0.500   1  2011   30   0.76  55591.227   80.8  2.384e+00 
  36448  0.500   1  2011   30   1.02  55591.238   80.8  2.586e+00 
  36450  0.667   1  2011   30   2.36  55591.294   80.8  3.373e+00 
  36451  0.667   1  2011   30   2.72  55591.309   80.8  3.830e+00 
  36452  1.333   2  2011   30   3.26  55591.331   80.8  5.048e+00 
  36496  0.667   1  2011   31   1.38  55592.253   81.5  2.459e+00 
  36497  0.667   1  2011   31   1.75  55592.268   81.5  2.656e+00 
  36498  1.333   2  2011   31   2.29  55592.291   81.6  3.192e+00 
  36500  1.333   2  2011   31   3.26  55592.331   81.6  5.930e+00 
  36501  0.667   1  2011   31   3.80  55592.354   81.6  7.788e+00 
  36502  0.667   1  2011   31   4.16  55592.369   81.6  9.678e+00 
  36543  1.611   2  2011   32   0.73  55593.226   82.5  2.864e+00 
  36545  0.667   1  2011   32   1.83  55593.272   82.6  4.291e+00 
  36546  0.667   1  2011   32   2.19  55593.287   82.6  4.597e+00 
  36547  1.333   2  2011   32   2.73  55593.309   82.6  5.445e+00 
  36549  0.806   1  2011   32   3.73  55593.351   82.7  7.691e+00 
  36550  0.806   1  2011   32   4.16  55593.369   82.7  9.779e+00 
  36596  0.778   1  2011   33   3.18  55594.328   83.8  4.721e+00 
  36597  0.778   1  2011   33   3.60  55594.346   83.8  5.970e+00 
  36740  0.806   1  2011   36   3.17  55597.328   87.1  5.068e+00 
  36741  0.806   1  2011   36   3.60  55597.346   87.1  6.506e+00 
  36775  0.611   1  2011   36  20.79  55598.062   88.0  9.954e+00 
  36776  1.222   2  2011   36  21.30  55598.083   88.0  9.416e+00 
  36777  0.611   1  2011   36  21.81  55598.104   88.1  9.367e+00 
  36830  1.267   2  2011   38   0.23  55599.205   89.1  3.563e+00 
  36831  0.633   1  2011   38   0.74  55599.226   89.1  3.729e+00 
  36832  0.633   1  2011   38   1.08  55599.241   89.1  3.692e+00 
  36871  1.133   1  2011   38  20.77  55600.061   89.7  6.455e+00 
  36872  1.133   1  2011   38  21.36  55600.086   89.7  5.288e+00 
  36874  1.133   1  2011   38  22.03  55600.114   89.7  4.352e+00 
  36875  1.133   1  2011   38  22.62  55600.138   89.8  3.865e+00 
  36876  1.133   1  2011   38  23.43  55600.172   89.8  2.519e+00 
  36878  1.133   1  2011   39   0.02  55600.196   89.8  2.569e+00 
  36879  1.133   1  2011   39   0.74  55600.226   89.8  2.490e+00 
  36880  1.133   1  2011   39   1.33  55600.251   89.8  2.764e+00 
  36882  1.306   1  2011   39   2.10  55600.283   89.9  3.405e+00 
  36883  1.306   1  2011   39   2.78  55600.311   89.9  4.015e+00 
  36885  1.306   1  2011   39   3.58  55600.345   89.9  5.669e+00 
  36886  1.306   1  2011   39   4.25  55600.373   89.9  8.611e+00 
  36930  0.500   1  2011   40   2.44  55601.297   90.4  3.345e+00 
  36931  0.500   1  2011   40   2.74  55601.310   90.4  3.694e+00 
  36932  1.000   2  2011   40   3.18  55601.328   90.4  4.560e+00 
  36933  0.667   2  2011   40   3.76  55601.352   90.4  5.844e+00 
  36934  0.667   2  2011   40   4.19  55601.370   90.4  7.750e+00 
  36973  1.000   2  2011   40  23.77  55602.186   90.7  2.285e+00 
  36974  0.500   1  2011   41   0.21  55602.204   90.7  2.345e+00 
  36975  1.000   2  2011   41   0.68  55602.224   90.7  2.312e+00 
  36976  0.500   1  2011   41   1.44  55602.256   90.8  2.434e+00 
  36977  0.500   1  2011   41   1.74  55602.268   90.8  2.619e+00 
  36978  1.000   2  2011   41   2.24  55602.289   90.8  2.842e+00 
  36979  1.000   2  2011   41   2.83  55602.314   90.8  3.567e+00 
  36980  0.500   1  2011   41   3.31  55602.333   90.8  4.386e+00 
  36981  0.500   1  2011   41   3.61  55602.346   90.8  4.986e+00 
  36982  0.833   2  2011   41   4.31  55602.375   90.8  7.722e+00 
  37026  1.000   1  2011   42   2.39  55603.295   91.1  6.138e+00 
  37027  1.000   1  2011   42   2.91  55603.317   91.1  6.382e+00 
  37029  1.000   1  2011   42   3.66  55603.348   91.1  8.475e+00 
  37030  1.000   1  2011   42   4.18  55603.370   91.1  1.189e+01 
  37072  1.000   1  2011   43   1.09  55604.241   91.4  3.509e+00 
  37073  1.000   1  2011   43   1.62  55604.263   91.4  3.855e+00 
  37074  1.000   1  2011   43   2.19  55604.287   91.4  4.196e+00 
  37075  1.000   1  2011   43   2.72  55604.309   91.4  4.856e+00 
  37076  0.667   1  2011   43   3.30  55604.333   91.4  7.980e+00 
  37077  0.667   1  2011   43   3.66  55604.348   91.4  9.113e+00 
  37078  1.333   2  2011   43   4.22  55604.371   91.4  1.128e+01 
  37590  0.556   2  2011   53  20.38  55615.045  105.6  6.772e+00 
  37591  0.556   2  2011   53  20.72  55615.059  105.7  5.710e+00 
  37593  0.556   2  2011   53  21.61  55615.096  105.8  3.402e+00 
  37638  0.444   4  2011   54  20.21  55616.037  108.3  9.444e+00 
  37640  0.833   3  2011   54  21.18  55616.078  108.4  5.127e+00 
  37641  0.833   3  2011   54  21.76  55616.102  108.4  4.081e+00 
  37643  0.444   2  2011   54  22.65  55616.139  108.5  3.985e+00 
  37686  0.556   2  2011   55  20.27  55617.040  110.1  1.249e+01 
  37788  0.355   3  2011   57  23.40  55619.170  112.6  2.979e+00 
  37789  0.828   7  2011   57  23.75  55619.185  112.6  2.714e+00 
  37790  0.828   7  2011   58   0.24  55619.205  112.6  2.543e+00 
  37791  0.828   7  2011   58   0.73  55619.226  112.6  2.651e+00 
  37792  0.473   4  2011   58   1.11  55619.242  112.6  2.638e+00 
  37888  0.487   2  2011   60   1.31  55621.250  113.0  1.307e+00 
  37892  0.456   1  2011   60   3.28  55621.332  112.9  2.629e+00 
  37893  0.456   1  2011   60   3.56  55621.344  112.9  3.306e+00 
  37927  0.592   5  2011   60  20.81  55622.063  112.8  7.472e+00 
  37928  0.828   7  2011   60  21.23  55622.080  112.8  6.161e+00 
  37929  0.651   6  2011   60  21.66  55622.098  112.8  4.611e+00 
  37936  0.456   1  2011   61   1.31  55622.250  112.7  2.450e+00 
  37937  0.912   2  2011   61   1.74  55622.268  112.7  2.426e+00 
  37975  0.912   2  2011   61  20.71  55623.058  112.4  6.149e+00 
  37976  0.456   1  2011   61  21.14  55623.076  112.4  5.123e+00 
  37977  0.710   6  2011   61  21.76  55623.102  112.4  4.810e+00 
  37978  0.947   8  2011   61  22.25  55623.123  112.4  4.553e+00 
  37979  0.828   7  2011   61  22.78  55623.145  112.4  3.905e+00 
  37980  0.461   4  2011   61  23.16  55623.160  112.4  3.744e+00 
  37981  0.733   2  2011   61  23.86  55623.190  112.4  2.104e+00 
  38022  1.333   1  2011   62  20.40  55624.046  112.0  1.275e+01 
  38024  0.333   1  2011   62  21.31  55624.084  112.0  5.578e+00 
  38025  1.000   3  2011   62  21.74  55624.101  112.0  5.576e+00 
  38026  0.333   1  2011   62  22.43  55624.130  111.9  4.415e+00 
  38027  0.667   2  2011   62  22.75  55624.144  111.9  4.520e+00 
  38028  0.333   1  2011   62  23.07  55624.157  111.9  4.066e+00 
  38029  0.778   1  2011   62  23.61  55624.179  111.9  3.743e+00 
  38030  0.778   1  2011   63   0.03  55624.197  111.9  3.608e+00 
  38031  0.483   1  2011   63   0.88  55624.232  111.8  1.590e+00 
  38032  0.967   2  2011   63   1.27  55624.248  111.8  2.005e+00 
  38033  0.483   1  2011   63   1.66  55624.265  111.8  1.791e+00 
  38037  0.639   1  2011   63   3.70  55624.350  111.7  5.676e+00 
  38038  1.278   2  2011   63   4.21  55624.371  111.6  9.000e+00 
  38039  0.639   1  2011   63   4.73  55624.393  111.6  1.117e+01 
  38076  1.450   1  2011   63  23.34  55625.168  110.8  2.741e+00 
  38078  1.450   1  2011   64   0.34  55625.210  110.8  2.610e+00 
  38080  1.450   1  2011   64   1.08  55625.241  110.8  2.746e+00 
  38082  1.450   1  2011   64   2.15  55625.285  110.7  3.080e+00 
  38083  1.450   1  2011   64   2.89  55625.316  110.7  3.914e+00 
  38085  1.144   1  2011   64   3.68  55625.349  110.7  5.500e+00 
  38086  1.144   1  2011   64   4.28  55625.374  110.7  7.864e+00 
  38127  1.167   1  2011   65   0.59  55626.220  110.1  3.985e+00 
  38129  2.000   1  2011   65   1.62  55626.263  110.1  4.209e+00 
  38131  1.833   1  2011   65   2.93  55626.318  110.1  4.562e+00 
  38134  2.000   1  2011   65   4.15  55626.368  110.1  8.464e+00 
  38168  0.367   1  2011   65  21.41  55627.088  109.8  8.399e+00 
  38169  0.733   2  2011   65  21.72  55627.101  109.8  8.022e+00 
  38170  0.367   1  2011   65  22.04  55627.114  109.8  7.739e+00 
  38171  1.100   3  2011   65  22.78  55627.145  109.8  6.985e+00 
  38172  0.367   1  2011   65  23.20  55627.162  109.8  6.619e+00 
  38174  1.167   1  2011   66   0.17  55627.203  109.8  2.759e+00 
  38175  1.167   1  2011   66   0.78  55627.228  109.8  2.798e+00 
  38177  0.833   1  2011   66   1.51  55627.258  109.8  2.872e+00 
  38178  1.500   1  2011   66   2.22  55627.288  109.8  3.671e+00 
  38180  1.167   1  2011   66   3.10  55627.325  109.7  4.649e+00 
  38181  1.500   1  2011   66   3.88  55627.357  109.7  6.677e+00 
  38213  1.222   2  2011   66  19.82  55628.021  109.8  1.318e+01 
  38214  0.611   1  2011   66  20.33  55628.043  109.8  1.255e+01 
  38215  0.611   1  2011   66  20.67  55628.057  109.8  1.209e+01 
  38223  1.389   1  2011   67   0.51  55628.217  109.8  3.608e+00 
  38224  1.389   1  2011   67   1.22  55628.247  109.9  3.704e+00 
  38226  1.500   1  2011   67   2.18  55628.286  109.9  4.864e+00 
  38228  1.500   1  2011   67   3.10  55628.325  109.9  6.154e+00 
  38230  2.000   1  2011   67   4.22  55628.371  109.9  9.776e+00 
  38270  0.833   1  2011   68   0.39  55629.212  110.3  2.633e+00 
  38272  2.000   1  2011   68   1.35  55629.252  110.3  3.910e+00 
  38274  1.000   1  2011   68   2.38  55629.295  110.3  4.516e+00 
  38276  1.667   1  2011   68   3.18  55629.328  110.3  5.999e+00 
  38278  1.667   1  2011   68   4.25  55629.373  110.3  8.962e+00 
  38309  0.500   2  2011   68  19.81  55630.021  110.7  9.150e+00 
  38310  0.500   2  2011   68  20.11  55630.034  110.7  7.837e+00 
  38311  0.500   2  2011   68  20.79  55630.062  110.7  4.683e+00 
  38312  0.583   2  2011   68  21.29  55630.083  110.7  4.309e+00 
  38313  0.667   2  2011   68  21.79  55630.103  110.7  4.248e+00 
  38314  0.667   2  2011   68  22.26  55630.123  110.7  3.153e+00 
  38315  0.667   2  2011   68  22.73  55630.143  110.7  1.843e+00 
  38316  0.333   1  2011   68  23.02  55630.155  110.7  1.909e+00 
  38317  1.250   3  2011   68  23.76  55630.185  110.8  1.868e+00 
  38318  0.417   1  2011   69   0.22  55630.205  110.8  1.959e+00 
  38319  0.500   1  2011   69   0.94  55630.235  110.8  1.216e+00 
  38320  0.436   1  2011   69   1.20  55630.245  110.8  1.512e+00 
  38321  1.000   2  2011   69   1.83  55630.272  110.8  3.625e+00 
  38323  0.750   3  2011   69   2.77  55630.311  110.8  2.785e+00 
  38324  0.500   1  2011   69   3.26  55630.332  110.8  5.187e+00 
  38325  1.000   2  2011   69   3.68  55630.349  110.9  6.111e+00 
  38326  1.000   2  2011   69   4.23  55630.372  110.9  8.118e+00 
  38327  0.500   1  2011   69   4.65  55630.389  110.9  1.018e+01 
  38369  0.867   1  2011   70   1.82  55631.271  111.5  2.346e+00 
  38370  0.867   1  2011   70   2.28  55631.291  111.5  2.498e+00 
  38371  0.867   1  2011   70   2.74  55631.310  111.5  2.825e+00 
  38372  0.667   1  2011   70   3.24  55631.331  111.5  3.976e+00 
  38373  1.333   2  2011   70   3.78  55631.353  111.6  5.188e+00 
  38374  0.667   1  2011   70   4.32  55631.376  111.6  7.011e+00 
  38412  0.523   3  2011   70  23.29  55632.166  112.2  2.084e+00 
  38413  0.523   3  2011   70  23.71  55632.184  112.2  2.117e+00 
  38414  0.483   1  2011   71   0.40  55632.212  112.3  1.197e+00 
  38415  0.967   2  2011   71   0.79  55632.228  112.3  1.223e+00 
  38416  0.483   1  2011   71   1.18  55632.245  112.3  1.187e+00 
  38417  0.667   2  2011   71   1.88  55632.274  112.3  1.840e+00 
  38418  0.667   2  2011   71   2.31  55632.292  112.3  2.025e+00 
  38420  1.278   2  2011   71   3.24  55632.331  112.4  3.861e+00 
  38421  0.639   1  2011   71   3.75  55632.352  112.4  5.125e+00 
  38422  0.639   1  2011   71   4.09  55632.366  112.4  6.300e+00 
  38980  0.352   1  2011   82  19.46  55644.006  107.9  1.185e+01 
  38981  0.704   2  2011   82  19.82  55644.021  107.9  1.153e+01 
  38982  0.704   2  2011   82  20.29  55644.041  107.9  1.094e+01 
  38983  0.352   1  2011   82  20.60  55644.054  107.9  1.047e+01 
  39076  1.000   1  2011   84  19.34  55646.001  107.1  8.671e+00 
  39126  1.556   2  2011   85  20.25  55647.039  106.7  5.951e+00 
  39137  0.333   1  2011   86   1.96  55647.277  106.7  1.644e+00 
  39508  0.789   1  2011   93  19.40  55655.004  112.0  1.253e+01 
  39509  0.789   1  2011   93  19.82  55655.022  112.0  1.197e+01 
  39511  1.279   2  2011   93  20.68  55655.057  112.1  5.941e+00 
  39520  0.611   1  2011   94   1.38  55655.253  112.2  1.343e+00 
  39521  0.611   1  2011   94   1.72  55655.267  112.2  1.556e+00 
  39522  1.222   2  2011   94   2.23  55655.289  112.2  1.615e+00 
  39524  0.889   2  2011   94   3.36  55655.335  112.2  2.940e+00 
  39525  0.889   2  2011   94   3.87  55655.357  112.2  3.786e+00 
  39556  0.789   1  2011   94  19.37  55656.002  112.6  1.264e+01 
  39557  0.789   1  2011   94  19.79  55656.020  112.6  1.245e+01 
  39653  0.789   1  2011   96  19.98  55658.028  113.3  1.212e+01 
  39654  0.789   1  2011   96  20.41  55658.046  113.3  1.175e+01 
  39700  0.789   1  2011   97  19.36  55659.002  113.7  1.265e+01 
  39701  0.789   1  2011   97  19.79  55659.020  113.7  1.260e+01 
  39702  0.500   1  2011   97  20.48  55659.049  113.7  4.517e+00 
  39703  0.500   1  2011   97  20.75  55659.060  113.7  4.159e+00 
  39704  0.500   1  2011   97  21.03  55659.072  113.7  3.582e+00 
  39706  1.333   1  2011   97  22.12  55659.117  113.7  1.926e+00 
  39707  1.333   1  2011   97  22.81  55659.146  113.7  1.671e+00 
  39709  1.333   1  2011   97  23.70  55659.183  113.7  1.541e+00 
  39710  1.333   1  2011   98   0.40  55659.212  113.7  1.513e+00 
  39752  0.667   2  2011   98  21.28  55660.082  113.8  3.161e+00 
  39753  0.333   1  2011   98  21.94  55660.110  113.8  2.111e+00 
  39754  0.667   2  2011   98  22.26  55660.123  113.8  1.884e+00 
  39755  0.333   1  2011   98  22.58  55660.136  113.8  1.888e+00 
  39760  0.500   1  2011   99   1.34  55660.251  113.8  2.054e+00 
  39761  1.000   2  2011   99   1.75  55660.269  113.8  2.035e+00 
  39762  0.500   1  2011   99   2.17  55660.286  113.8  2.247e+00 
  39763  0.500   1  2011   99   2.78  55660.312  113.8  2.678e+00 
  39764  1.000   2  2011   99   3.20  55660.329  113.8  3.161e+00 
  39765  0.500   1  2011   99   3.61  55660.346  113.8  3.837e+00 
  39903  0.856   1  2011  102   0.61  55663.221  114.0  1.273e+00 
  40324  0.349   2  2011  110  19.17  55671.994  113.3  7.421e+00 
  40421  0.500   1  2011  112  19.96  55674.027  113.1  6.484e+00 
  40422  0.500   1  2011  112  20.25  55674.039  113.1  6.032e+00 
  40423  1.000   2  2011  112  20.70  55674.058  113.1  5.205e+00 
  40470  1.000   1  2011  113  20.11  55675.034  113.0  4.618e+00 
  40471  1.000   1  2011  113  20.64  55675.056  113.0  3.679e+00 
  40472  1.000   1  2011  113  21.29  55675.083  113.0  2.787e+00 
  40473  1.000   1  2011  113  21.82  55675.105  113.0  2.666e+00 
  40475  1.000   1  2011  113  22.51  55675.134  113.0  1.642e+00 
  40577  0.778   2  2011  116   1.69  55677.266  112.8  2.138e+00 
  40578  0.778   2  2011  116   2.11  55677.284  112.8  2.219e+00 
  40615  0.578   2  2011  116  20.75  55678.060  112.5  4.782e+00 
  40616  0.578   2  2011  116  21.10  55678.075  112.5  4.106e+00 
  40622  0.889   5  2011  117   0.24  55678.206  112.4  1.319e+00 
  40623  0.356   2  2011  117   0.62  55678.222  112.4  1.223e+00 
  40624  1.333   2  2011  117   1.30  55678.250  112.4  2.185e+00 
  40626  0.667   1  2011  117   2.39  55678.295  112.4  2.488e+00 
  40627  0.667   1  2011  117   2.75  55678.310  112.4  3.022e+00 
  40708  1.279   2  2011  118  19.23  55679.997  110.9  9.695e+00 
  40710  0.523   3  2011  118  20.26  55680.040  110.9  5.207e+00 
  40712  1.000   1  2011  118  21.37  55680.086  110.8  3.230e+00 
  40713  1.000   1  2011  118  21.89  55680.108  110.8  2.743e+00 
  40715  0.689   1  2011  118  22.66  55680.140  110.7  1.618e+00 
  40716  1.378   2  2011  118  23.20  55680.162  110.7  1.558e+00 
  40717  0.689   1  2011  118  23.74  55680.185  110.7  1.468e+00 
  40718  0.500   1  2011  119   0.33  55680.209  110.6  1.713e+00 
  40719  1.000   2  2011  119   0.74  55680.227  110.6  1.889e+00 
  40720  0.500   1  2011  119   1.16  55680.244  110.6  1.600e+00 
  40811  1.000   1  2011  120  22.60  55682.137  108.6  2.398e+00 
  40812  1.000   1  2011  120  23.12  55682.159  108.6  2.338e+00 
  40814  0.833   5  2011  121   0.22  55682.205  108.5  2.360e+00 
  40815  0.667   4  2011  121   0.72  55682.226  108.5  2.547e+00 
  40816  0.511   1  2011  121   1.31  55682.250  108.5  1.515e+00 
  40817  1.022   2  2011  121   1.74  55682.268  108.5  1.701e+00 
  40818  0.511   1  2011  121   2.17  55682.286  108.5  1.721e+00 
  40856  1.072   2  2011  121  21.30  55683.083  107.9  3.065e+00 
  40857  0.536   1  2011  121  21.74  55683.101  107.9  2.631e+00 
  40858  0.536   1  2011  121  22.03  55683.114  107.9  2.541e+00 
  40859  1.072   2  2011  121  22.76  55683.144  107.8  2.241e+00 
  40860  1.072   2  2011  121  23.35  55683.169  107.8  2.072e+00 
  40862  0.667   4  2011  122   0.27  55683.207  107.8  2.347e+00 
  40863  0.833   5  2011  122   0.77  55683.228  107.8  2.404e+00 
  40864  0.639   1  2011  122   1.43  55683.255  107.8  2.649e+00 
  40865  0.639   1  2011  122   1.77  55683.269  107.8  2.771e+00 
  40901  1.000   1  2011  122  19.71  55684.017  107.3  6.122e+00 
  40902  1.000   1  2011  122  20.23  55684.038  107.3  5.004e+00 
  40903  0.536   1  2011  122  20.94  55684.068  107.3  3.792e+00 
  40904  0.536   1  2011  122  21.24  55684.080  107.3  3.424e+00 
  40905  1.072   2  2011  122  21.68  55684.099  107.3  3.182e+00 
  40907  0.667   4  2011  122  22.74  55684.143  107.3  2.776e+00 
  40908  0.833   5  2011  122  23.24  55684.164  107.2  2.500e+00 
  40909  0.333   2  2011  122  23.75  55684.185  107.2  2.484e+00 
  40910  0.833   5  2011  123   0.27  55684.207  107.2  2.637e+00 
  40911  0.667   4  2011  123   0.76  55684.227  107.2  2.560e+00 
  40916  0.500   1  2011  123   3.41  55684.338  107.1  1.230e+01 
  40918  0.917   3  2011  123   4.20  55684.371  107.1  9.057e+00 
  41043  0.500   1  2011  125  18.87  55686.982  104.9  9.404e+00 
  41044  1.000   2  2011  125  19.29  55686.999  104.9  7.771e+00 
  41045  0.500   1  2011  125  19.70  55687.017  104.9  6.049e+00 
  41046  1.000   2  2011  125  20.22  55687.038  104.9  4.737e+00 
  41047  1.000   2  2011  125  20.77  55687.061  104.9  3.743e+00 
  41049  1.000   2  2011  125  21.70  55687.100  104.8  2.929e+00 
  41050  0.833   2  2011  125  22.32  55687.125  104.8  2.228e+00 
  41051  0.833   2  2011  125  22.79  55687.145  104.8  2.035e+00 
  41052  0.500   1  2011  125  23.27  55687.165  104.7  1.700e+00 
  41053  0.600   2  2011  125  23.62  55687.180  104.7  2.180e+00 
  41058  0.400   4  2011  126   2.36  55687.294  104.6  3.597e+00 
  41059  0.800   8  2011  126   2.75  55687.310  104.6  3.792e+00 
  41060  0.500   5  2011  126   3.21  55687.330  104.6  4.574e+00 
  41062  0.789   1  2011  126   4.37  55687.378  104.5  9.961e+00 
  41063  0.789   1  2011  126   4.80  55687.395  104.5  1.198e+01 
  41091  0.578   2  2011  126  18.88  55687.982  103.8  9.431e+00 
  41092  0.578   2  2011  126  19.23  55687.997  103.8  8.024e+00 
  41093  0.578   2  2011  126  19.90  55688.025  103.8  6.240e+00 
  41094  0.578   2  2011  126  20.24  55688.039  103.7  5.699e+00 
  41095  1.078   2  2011  126  20.83  55688.063  103.7  4.897e+00 
  41096  0.789   1  2011  126  21.37  55688.086  103.7  4.426e+00 
  41098  1.000   2  2011  126  22.20  55688.121  103.6  2.178e+00 
  41099  1.000   2  2011  126  22.75  55688.144  103.6  1.992e+00 
  41100  0.333   1  2011  126  23.41  55688.171  103.6  1.702e+00 
  41101  0.333   1  2011  126  23.60  55688.179  103.6  1.714e+00 
  41111  0.744   2  2011  127   4.80  55688.396  103.3  9.845e+00 
  41112  0.372   1  2011  127   5.12  55688.409  103.3  1.125e+01 
  41158  0.800   8  2011  128   4.25  55689.373  102.1  6.912e+00 
  41246  0.500   1  2011  130   0.34  55691.210  100.2  2.120e+00 
  41247  1.000   2  2011  130   0.76  55691.227  100.2  1.940e+00 
  41248  0.500   1  2011  130   1.17  55691.244  100.1  2.360e+00 
  41249  0.789   1  2011  130   1.82  55691.271  100.1  3.286e+00 
  41250  0.789   1  2011  130   2.24  55691.289  100.1  3.370e+00 
  41251  0.789   1  2011  130   2.81  55691.312  100.1  3.821e+00 
  41252  0.789   1  2011  130   3.23  55691.330  100.1  4.858e+00 
  41345  1.333   2  2011  132   1.75  55693.268   98.2  2.209e+00 
  41395  0.611   2  2011  133   2.76  55694.310   97.1  5.317e+00 
  41396  0.611   2  2011  133   3.11  55694.325   97.1  5.857e+00 
  41397  0.506   1  2011  133   3.86  55694.357   97.1  6.662e+00 
  41398  1.011   2  2011  133   4.27  55694.374   97.0  7.936e+00 
  41399  0.506   1  2011  133   4.68  55694.391   97.0  9.317e+00 
  41495  0.789   1  2011  135   4.92  55696.401   95.8  1.333e+01 
  41861  0.444   2  2011  142  19.84  55704.022   97.4  7.223e+00 
  41862  0.889   4  2011  142  20.26  55704.040   97.4  6.248e+00 
  41865  1.000   2  2011  142  21.67  55704.098   97.4  2.584e+00 
  41866  1.000   2  2011  142  22.22  55704.121   97.4  2.214e+00 
  42003  0.389   1  2011  145  18.82  55706.980   97.6  1.004e+01 
  42004  1.167   3  2011  145  19.24  55706.997   97.6  8.934e+00 
  42005  0.389   1  2011  145  19.96  55707.027   97.6  6.658e+00 
  42006  0.778   2  2011  145  20.27  55707.040   97.6  6.257e+00 
  42007  0.778   2  2011  145  20.75  55707.060   97.6  5.387e+00 
  42008  0.778   2  2011  145  21.22  55707.080   97.6  4.859e+00 
  42009  0.389   1  2011  145  21.53  55707.093   97.6  4.747e+00 
  42010  0.659   2  2011  145  22.22  55707.121   97.6  4.693e+00 
  42011  0.659   2  2011  145  22.64  55707.139   97.6  4.211e+00 
  42012  0.659   2  2011  145  23.32  55707.167   97.6  4.174e+00 
  42013  0.659   2  2011  145  23.73  55707.184   97.6  4.190e+00 
  42014  0.789   1  2011  146   0.45  55707.214   97.6  2.065e+00 
  42015  0.789   1  2011  146   0.88  55707.232   97.6  2.136e+00 
  42099  0.578   2  2011  147  18.78  55708.978   97.4  1.071e+01 
  42100  0.578   2  2011  147  19.13  55708.993   97.4  9.859e+00 
  42101  0.789   1  2011  147  19.96  55709.027   97.4  5.269e+00 
  42102  0.789   1  2011  147  20.39  55709.045   97.4  4.761e+00 
  42104  0.789   1  2011  147  21.12  55709.076   97.4  3.623e+00 
  42105  0.789   1  2011  147  21.54  55709.093   97.4  3.335e+00 
  42106  0.789   1  2011  147  22.34  55709.126   97.4  2.937e+00 
  42107  0.789   1  2011  147  22.77  55709.144   97.4  2.880e+00 
  42110  1.111   1  2011  148   0.22  55709.205   97.4  2.413e+00 
  42147  0.444   2  2011  148  18.90  55709.983   97.2  1.091e+01 
  42148  0.667   3  2011  148  19.25  55709.998   97.2  9.746e+00 
  42149  0.444   2  2011  148  19.60  55710.012   97.2  9.239e+00 
  42150  0.792   1  2011  148  20.27  55710.040   97.2  6.858e+00 
  42151  0.792   1  2011  148  20.69  55710.057   97.2  6.210e+00 
  42155  1.578   2  2011  148  22.73  55710.143   97.2  3.968e+00 
  42157  0.500   1  2011  148  23.76  55710.186   97.2  2.805e+00 
  42158  1.000   2  2011  149   0.18  55710.203   97.2  2.912e+00 
  42159  0.500   1  2011  149   0.59  55710.220   97.2  2.943e+00 
  42197  1.111   1  2011  149  19.51  55711.008   96.9  7.381e+00 
  42208  0.611   1  2011  150   1.22  55711.247   96.8  3.389e+00 
  42209  1.222   2  2011  150   1.73  55711.268   96.8  3.859e+00 
  42210  0.611   1  2011  150   2.24  55711.289   96.8  4.442e+00 
  42243  0.789   1  2011  150  18.83  55711.980   96.7  1.211e+01 
  42244  0.789   1  2011  150  19.25  55711.998   96.7  1.069e+01 
  42246  1.072   1  2011  150  20.09  55712.033   96.7  7.872e+00 
  42250  1.011   1  2011  150  22.48  55712.132   96.6  3.823e+00 
  42252  0.789   1  2011  150  23.24  55712.164   96.6  3.368e+00 
  42253  0.789   1  2011  150  23.67  55712.182   96.6  3.438e+00 
  42254  0.789   1  2011  151   0.36  55712.211   96.6  3.174e+00 
  42255  0.789   1  2011  151   0.78  55712.228   96.6  3.264e+00 
  42291  0.833   1  2011  151  18.83  55712.980   96.6  1.163e+01 
  42339  0.833   1  2011  152  18.57  55713.969   97.0  1.244e+01 
  42340  0.833   1  2011  152  19.03  55713.988   97.0  1.098e+01 
  42341  0.833   1  2011  152  19.83  55714.022   97.0  7.078e+00 
  42342  0.833   1  2011  152  20.28  55714.041   97.0  6.823e+00 
  42347  0.389   1  2011  152  22.76  55714.144   97.1  4.085e+00 
  42537  0.500   3  2011  156  21.68  55718.099   99.9  3.793e+00 
  42539  0.333   3  2011  156  22.72  55718.142   99.9  3.505e+00 
  42544  0.889   4  2011  157   1.24  55718.247  100.0  4.058e+00 
  42545  0.444   2  2011  157   1.86  55718.273  100.0  4.158e+00 
  42546  0.444   2  2011  157   2.15  55718.285  100.0  4.317e+00 
  42547  0.556   2  2011  157   2.78  55718.312  100.0  4.096e+00 
  42548  0.556   2  2011  157   3.13  55718.326  100.0  4.621e+00 
  42549  0.667   3  2011  157   3.71  55718.350  100.1  5.800e+00 
  42550  0.389   2  2011  157   4.21  55718.371  100.1  8.299e+00 
  42551  0.500   3  2011  157   4.72  55718.392  100.1  1.048e+01 
  42552  0.500   3  2011  157   5.31  55718.417  100.1  1.151e+01 
  42586  0.667   3  2011  157  22.26  55719.123  100.5  3.285e+00 
  42594  1.000   3  2011  158   2.20  55719.287  100.6  4.003e+00 
  42595  0.333   1  2011  158   2.60  55719.304  100.6  3.984e+00 
  42596  0.667   2  2011  158   3.24  55719.331  100.6  4.587e+00 
  42597  0.667   2  2011  158   3.64  55719.347  100.6  5.551e+00 
  42599  0.556   2  2011  158   4.73  55719.393  100.7  8.852e+00 
  42636  0.333   2  2011  158  23.29  55720.166  101.1  3.257e+00 
  42637  0.333   2  2011  158  23.83  55720.189  101.1  2.953e+00 
  43396  0.778   2  2011  174  19.38  55736.003   94.7  1.044e+01 
  43397  0.778   2  2011  174  19.80  55736.021   94.7  9.214e+00 
  43405  0.611   2  2011  174  23.80  55736.187   94.7  3.536e+00 
  43406  0.611   2  2011  175   0.15  55736.202   94.7  3.582e+00 
  43447  0.389   1  2011  175  20.81  55737.062   94.7  4.910e+00 
  43448  1.167   3  2011  175  21.22  55737.080   94.7  4.601e+00 
  43450  0.778   2  2011  175  22.33  55737.126   94.7  3.580e+00 
  43451  0.778   2  2011  175  22.75  55737.143   94.7  3.777e+00 
  43453  0.523   3  2011  175  23.79  55737.187   94.7  2.234e+00 
  43454  0.523   3  2011  176   0.21  55737.204   94.7  2.395e+00 
  43455  0.349   2  2011  176   0.92  55737.234   94.7  2.473e+00 
  43456  0.349   2  2011  176   1.20  55737.246   94.7  2.402e+00 
  43498  0.389   1  2011  176  22.40  55738.129   94.8  3.679e+00 
  43499  0.778   2  2011  176  22.71  55738.142   94.8  3.451e+00 
  43500  0.563   2  2011  176  23.14  55738.160   94.8  3.120e+00 
  43501  0.698   4  2011  176  23.77  55738.186   94.8  1.901e+00 
  43503  1.167   3  2011  177   0.76  55738.227   94.8  2.439e+00 
  43504  0.389   1  2011  177   1.17  55738.244   94.8  2.248e+00 
  43505  0.338   1  2011  177   1.80  55738.271   94.8  2.470e+00 
  43506  1.015   3  2011  177   2.20  55738.287   94.8  2.757e+00 
  43509  0.789   1  2011  177   3.74  55738.352   94.8  7.193e+00 
  43510  0.789   1  2011  177   4.40  55738.379   94.8  7.889e+00 
  43541  0.792   1  2011  177  19.62  55739.013   94.8  8.756e+00 
  43542  0.792   1  2011  177  20.04  55739.030   94.8  7.929e+00 
  43543  1.028   1  2011  177  20.74  55739.060   94.8  4.967e+00 
  43544  0.500   1  2011  177  21.39  55739.087   94.8  3.620e+00 
  43545  1.000   2  2011  177  21.80  55739.104   94.8  3.233e+00 
  43546  0.500   1  2011  177  22.22  55739.121   94.8  3.011e+00 
  43547  0.789   1  2011  177  22.94  55739.151   94.9  3.182e+00 
  43548  0.789   1  2011  177  23.36  55739.169   94.9  3.101e+00 
  43558  1.000   3  2011  178   4.28  55739.374   94.9  5.877e+00 
  43559  0.333   1  2011  178   4.71  55739.392   94.9  6.771e+00 
  43560  0.667   2  2011  178   5.15  55739.410   94.9  8.802e+00 
  43603  0.370   1  2011  179   2.93  55740.318   94.8  4.444e+00 
  43604  0.740   2  2011  179   3.26  55740.331   94.8  4.924e+00 
  43605  0.370   1  2011  179   3.58  55740.345   94.8  5.533e+00 
  43606  1.022   2  2011  179   4.27  55740.374   94.8  5.006e+00 
  43607  1.022   2  2011  179   4.84  55740.397   94.8  6.941e+00 
  43638  0.389   1  2011  179  20.34  55741.043   94.5  5.784e+00 
  43639  1.167   3  2011  179  20.76  55741.061   94.5  5.305e+00 
  43641  0.778   2  2011  179  21.83  55741.105   94.5  4.230e+00 
  43642  0.778   2  2011  179  22.25  55741.123   94.5  3.937e+00 
  43653  1.067   1  2011  180   4.00  55741.362   94.4  5.490e+00 
  43655  0.694   1  2011  180   4.76  55741.394   94.4  7.499e+00 
  43656  0.694   1  2011  180   5.13  55741.409   94.4  9.126e+00 
  43684  0.778   2  2011  180  19.27  55741.999   94.2  1.144e+01 
  43685  0.778   2  2011  180  19.69  55742.016   94.2  1.066e+01 
  43689  0.639   1  2011  180  21.90  55742.108   94.1  3.207e+00 
  43690  0.639   1  2011  180  22.24  55742.122   94.1  3.361e+00 
  43694  0.511   1  2011  181   0.26  55742.207   94.1  1.842e+00 
  43695  1.022   2  2011  181   0.69  55742.224   94.1  1.966e+00 
  43696  0.511   1  2011  181   1.12  55742.242   94.1  1.860e+00 
  43698  0.698   4  2011  181   2.29  55742.291   94.1  2.158e+00 
  43700  0.523   3  2011  181   3.35  55742.335   94.1  2.945e+00 
  43701  0.523   3  2011  181   3.78  55742.353   94.1  3.827e+00 
  43702  0.349   2  2011  181   4.32  55742.376   94.1  5.011e+00 
  43703  0.698   4  2011  181   4.74  55742.393   94.1  6.127e+00 
  43732  1.000   4  2011  181  19.25  55742.998   93.8  9.859e+00 
  43733  0.750   3  2011  181  19.73  55743.018   93.8  8.541e+00 
  43734  1.000   4  2011  181  20.28  55743.041   93.8  7.410e+00 
  43735  0.750   3  2011  181  20.76  55743.060   93.8  6.551e+00 
  43736  0.750   3  2011  181  21.27  55743.082   93.8  4.394e+00 
  43737  0.750   3  2011  181  21.73  55743.101   93.8  2.861e+00 
  43738  1.000   4  2011  181  22.23  55743.122   93.8  2.831e+00 
  43739  0.750   3  2011  181  22.76  55743.144   93.8  2.647e+00 
  43740  1.000   4  2011  181  23.24  55743.164   93.8  2.476e+00 
  43741  0.750   3  2011  181  23.85  55743.190   93.8  2.506e+00 
  43744  0.500   2  2011  182   1.39  55743.253   93.7  3.155e+00 
  43745  1.000   4  2011  182   1.79  55743.270   93.7  3.789e+00 
  43746  0.500   2  2011  182   2.20  55743.287   93.7  3.947e+00 
  43747  1.000   4  2011  182   2.75  55743.310   93.7  4.536e+00 
  43748  1.000   4  2011  182   3.29  55743.333   93.7  5.304e+00 
  43749  0.500   2  2011  182   3.84  55743.355   93.7  7.032e+00 
  43750  1.000   4  2011  182   4.24  55743.372   93.7  8.525e+00 
  43751  0.750   3  2011  182   4.75  55743.393   93.7  1.064e+01 
  43752  1.000   4  2011  182   5.27  55743.415   93.7  1.342e+01 
  43780  0.750   3  2011  182  19.27  55743.998   93.5  1.009e+01 
  43781  1.000   4  2011  182  19.74  55744.018   93.5  9.023e+00 
  43782  0.750   3  2011  182  20.30  55744.041   93.5  8.051e+00 
  43783  1.000   4  2011  182  20.77  55744.061   93.5  7.297e+00 
  43784  0.500   2  2011  182  21.25  55744.081   93.5  6.475e+00 
  43785  1.000   4  2011  182  21.72  55744.101   93.5  5.647e+00 
  43786  0.750   3  2011  182  22.20  55744.120   93.5  5.433e+00 
  43788  0.500   2  2011  182  23.35  55744.168   93.5  3.271e+00 
  43789  1.000   4  2011  182  23.76  55744.185   93.5  2.994e+00 
  43790  0.500   2  2011  183   0.16  55744.202   93.4  2.751e+00 
  43791  1.000   4  2011  183   0.73  55744.226   93.4  3.983e+00 
  43792  1.000   4  2011  183   1.27  55744.248   93.4  4.106e+00 
  43793  0.500   2  2011  183   1.91  55744.275   93.4  3.415e+00 
  43794  0.750   3  2011  183   2.25  55744.289   93.4  3.818e+00 
  43795  0.750   3  2011  183   2.75  55744.310   93.4  4.056e+00 
  43796  1.000   4  2011  183   3.28  55744.332   93.4  4.818e+00 
  43797  0.500   2  2011  183   3.69  55744.349   93.4  5.400e+00 
  43798  0.625   5  2011  183   4.33  55744.376   93.4  7.116e+00 
  43799  0.875   7  2011  183   4.77  55744.394   93.4  8.622e+00 
  43800  0.500   4  2011  183   5.17  55744.411   93.4  1.004e+01 
  44278  0.372   1  2011  193   4.32  55754.376   93.8  6.444e+00 
  44279  0.372   1  2011  193   4.84  55754.397   93.8  8.373e+00 
  44280  0.372   1  2011  193   5.36  55754.419   93.8  1.083e+01 
  44792  0.481   1  2011  203  21.35  55765.085  104.0  4.497e+00 
  44793  0.961   2  2011  203  21.82  55765.105  104.0  4.355e+00 
  44838  0.372   1  2011  204  20.49  55766.049  104.8  5.227e+00 
  44839  0.744   2  2011  204  20.80  55766.062  104.9  5.027e+00 
  44840  0.372   1  2011  204  21.12  55766.075  104.9  4.454e+00 
  44841  0.481   1  2011  204  21.72  55766.101  104.9  4.638e+00 
  44842  0.961   2  2011  204  22.19  55766.120  104.9  3.967e+00 
  44845  0.511   1  2011  204  23.89  55766.191  104.9  2.130e+00 
  44846  1.022   2  2011  205   0.32  55766.209  105.0  2.385e+00 
  44847  0.511   1  2011  205   0.74  55766.227  105.0  2.307e+00 
  44896  0.756   2  2011  206   1.19  55767.245  105.6  1.827e+00 
  45076  0.500   1  2011  209  19.44  55771.006  106.2  9.488e+00 
  45077  1.000   2  2011  209  19.86  55771.023  106.2  8.594e+00 
  45078  0.500   1  2011  209  20.27  55771.040  106.2  7.751e+00 
  45091  1.556   2  2011  210   2.73  55771.309  106.1  2.852e+00 
  45093  0.778   1  2011  210   3.64  55771.347  106.1  3.637e+00 
  45094  0.778   1  2011  210   4.07  55771.365  106.1  4.679e+00 
  45124  1.167   1  2011  210  19.45  55772.006  105.8  6.957e+00 
  45126  1.167   1  2011  210  20.08  55772.032  105.8  4.785e+00 
  45127  1.167   1  2011  210  20.70  55772.058  105.8  3.838e+00 
  45128  1.167   1  2011  210  21.40  55772.087  105.8  3.392e+00 
  45130  1.167   1  2011  210  22.10  55772.116  105.8  2.838e+00 
  45131  1.167   1  2011  210  22.72  55772.142  105.7  2.806e+00 
  45132  1.167   1  2011  210  23.45  55772.173  105.7  2.865e+00 
  45134  1.167   1  2011  211   0.07  55772.199  105.7  2.743e+00 
  45135  1.167   1  2011  211   0.70  55772.225  105.7  2.707e+00 
  45136  1.167   1  2011  211   1.40  55772.254  105.7  2.724e+00 
  45138  1.167   1  2011  211   2.02  55772.280  105.7  2.947e+00 
  45139  1.167   1  2011  211   2.64  55772.306  105.7  3.114e+00 
  45140  1.167   1  2011  211   3.33  55772.334  105.7  3.741e+00 
  45141  1.167   1  2011  211   3.95  55772.360  105.7  4.776e+00 
  45143  1.167   1  2011  211   4.58  55772.386  105.6  6.170e+00 
  45144  0.583   1  2011  211   5.24  55772.414  105.6  9.702e+00 
  45279  1.167   1  2011  214   0.57  55775.219  103.9  5.336e+00 
  45281  0.639   1  2011  214   1.82  55775.272  103.9  2.894e+00 
  45282  0.639   1  2011  214   2.17  55775.286  103.9  2.692e+00 
  45283  1.278   2  2011  214   2.68  55775.307  103.9  2.975e+00 
  45316  0.500   1  2011  214  19.32  55776.001  103.7  1.004e+01 
  45317  1.000   2  2011  214  19.74  55776.018  103.6  9.239e+00 
  45318  0.500   1  2011  214  20.15  55776.035  103.6  8.484e+00 
  45336  1.078   1  2011  215   5.18  55776.411  103.5  1.019e+01 
  45370  0.917   3  2011  215  22.29  55777.125  103.4  4.338e+00 
  45372  1.000   2  2011  215  23.16  55777.161  103.4  1.548e+00 
  45373  1.000   2  2011  215  23.72  55777.184  103.4  1.687e+00 
  45374  0.500   1  2011  216   0.47  55777.215  103.4  1.517e+00 
  45375  0.500   1  2011  216   0.75  55777.227  103.4  1.363e+00 
  45376  1.000   2  2011  216   1.16  55777.244  103.4  1.426e+00 
  45377  0.500   1  2011  216   1.83  55777.272  103.4  1.687e+00 
  45378  1.000   2  2011  216   2.25  55777.289  103.4  1.964e+00 
  45379  0.500   1  2011  216   2.66  55777.306  103.4  2.267e+00 
  45380  1.000   2  2011  216   3.14  55777.326  103.4  2.685e+00 
  45381  1.000   2  2011  216   3.70  55777.350  103.4  3.172e+00 
  45382  0.500   1  2011  216   4.32  55777.376  103.4  4.655e+00 
  45383  1.000   2  2011  216   4.74  55777.393  103.4  5.965e+00 
  45384  0.500   1  2011  216   5.15  55777.410  103.4  7.992e+00 
  45479  1.078   1  2011  218   4.85  55779.398  103.8  8.287e+00 
  45575  0.333   1  2011  220   4.85  55781.398  104.8  1.054e+01 
  45576  1.000   3  2011  220   5.24  55781.414  104.8  1.225e+01 
  46135  1.000   1  2011  231  20.66  55793.056  101.5  3.463e+00 
  46136  1.000   1  2011  231  21.18  55793.078  101.5  3.279e+00 
  46137  1.000   1  2011  231  21.69  55793.100  101.5  2.747e+00 
  46138  1.000   1  2011  231  22.21  55793.121  101.5  2.636e+00 
  46182  1.000   1  2011  232  20.50  55794.050  101.7  3.718e+00 
  46184  1.000   1  2011  232  21.01  55794.071  101.7  3.143e+00 
  46185  1.000   1  2011  232  21.53  55794.093  101.7  2.735e+00 
  46186  1.000   1  2011  232  22.05  55794.114  101.7  2.536e+00 
  46187  1.000   1  2011  232  22.96  55794.152  101.7  2.075e+00 
  46188  1.000   1  2011  232  23.48  55794.174  101.7  2.027e+00 
  46189  1.000   1  2011  232  23.99  55794.195  101.8  1.668e+00 
  46191  1.000   1  2011  233   0.51  55794.217  101.8  1.521e+00 
  46229  1.000   1  2011  233  19.71  55795.017  102.2  5.481e+00 
  46230  1.000   1  2011  233  20.23  55795.038  102.2  4.277e+00 
  46232  1.000   1  2011  233  21.14  55795.076  102.2  2.899e+00 
  46233  1.000   1  2011  233  21.66  55795.098  102.2  2.523e+00 
  46235  1.000   1  2011  233  22.71  55795.142  102.2  1.559e+00 
  46236  1.000   1  2011  233  23.23  55795.163  102.3  1.369e+00 
  46237  1.000   1  2011  233  23.79  55795.187  102.3  1.343e+00 
  46238  1.000   1  2011  234   0.31  55795.208  102.3  1.444e+00 
  46240  1.000   1  2011  234   1.23  55795.247  102.3  1.875e+00 
  46241  1.000   1  2011  234   1.74  55795.268  102.3  1.917e+00 
  46242  1.000   1  2011  234   2.26  55795.290  102.3  2.310e+00 
  46243  1.000   1  2011  234   2.78  55795.311  102.3  2.654e+00 
  46245  0.778   1  2011  234   3.73  55795.351  102.4  3.083e+00 
  46246  0.778   1  2011  234   4.13  55795.368  102.4  3.935e+00 
  46247  0.778   1  2011  234   4.54  55795.385  102.4  5.271e+00 
  46332  1.022   2  2011  235  23.27  55797.165  103.7  2.691e+00 
  46333  1.022   2  2011  235  23.83  55797.189  103.7  2.429e+00 
  46335  1.022   2  2011  236   0.80  55797.229  103.7  2.500e+00 
  46336  0.511   1  2011  236   1.22  55797.247  103.8  2.883e+00 
  46337  0.511   1  2011  236   1.51  55797.258  103.8  2.555e+00 
  46338  0.944   2  2011  236   2.24  55797.289  103.8  2.230e+00 
  46339  0.944   2  2011  236   2.77  55797.311  103.8  2.415e+00 
  46342  0.472   1  2011  236   4.35  55797.377  103.9  5.239e+00 
  46343  0.472   1  2011  236   4.61  55797.388  103.9  6.603e+00 
  46372  0.481   1  2011  236  19.49  55798.008  104.4  1.100e+01 
  46373  0.481   1  2011  236  19.81  55798.021  104.4  1.010e+01 
  46374  0.481   1  2011  236  20.12  55798.034  104.4  9.731e+00 
  46381  0.511   1  2011  236  23.91  55798.192  104.6  1.354e+00 
  46382  1.022   2  2011  237   0.34  55798.210  104.6  1.257e+00 
  46383  0.511   1  2011  237   0.77  55798.228  104.6  1.546e+00 
  46384  0.511   1  2011  237   1.35  55798.252  104.6  1.753e+00 
  46385  1.022   2  2011  237   1.78  55798.270  104.7  1.717e+00 
  46386  0.511   1  2011  237   2.20  55798.287  104.7  1.945e+00 
  46387  0.511   1  2011  237   2.72  55798.309  104.7  2.378e+00 
  46388  1.022   2  2011  237   3.15  55798.327  104.7  2.942e+00 
  46389  0.511   1  2011  237   3.57  55798.345  104.7  3.685e+00 
  46390  0.789   1  2011  237   4.23  55798.372  104.8  1.252e+01 
  46391  0.789   1  2011  237   4.65  55798.389  104.8  1.426e+01 
  46428  0.639   1  2011  237  23.33  55799.168  105.6  1.754e+00 
  46429  0.639   1  2011  237  23.67  55799.182  105.6  1.638e+00 
  46430  1.278   2  2011  238   0.18  55799.203  105.6  1.822e+00 
  46431  0.511   1  2011  238   0.89  55799.233  105.6  1.241e+00 
  46432  1.022   2  2011  238   1.32  55799.251  105.6  1.359e+00 
  46433  0.511   1  2011  238   1.75  55799.268  105.7  1.409e+00 
  46434  0.511   1  2011  238   2.33  55799.293  105.7  1.440e+00 
  46435  1.022   2  2011  238   2.76  55799.310  105.7  2.142e+00 
  46436  0.511   1  2011  238   3.18  55799.328  105.7  2.586e+00 
  46569  1.000   2  2011  240  21.82  55802.105  108.6  1.386e+00 
  46570  0.500   1  2011  240  22.24  55802.122  108.6  1.147e+00 
  46571  0.500   1  2011  240  22.51  55802.134  108.6  9.377e-01 
  46572  0.500   1  2011  240  23.13  55802.159  108.6  1.081e+00 
  46573  1.000   2  2011  240  23.82  55802.188  108.7  9.080e-01 
  46574  0.500   1  2011  241   0.24  55802.205  108.7  6.604e-01 
  46575  0.500   1  2011  241   0.51  55802.217  108.7  8.516e-01 
  46576  1.000   2  2011  241   1.23  55802.247  108.7  1.075e+00 
  46577  1.000   2  2011  241   1.78  55802.270  108.7  1.152e+00 
  46578  0.511   1  2011  241   2.49  55802.299  108.8  1.720e+00 
  46579  0.511   1  2011  241   2.77  55802.311  108.8  1.605e+00 
  46580  1.022   2  2011  241   3.20  55802.329  108.8  2.310e+00 
  46621  1.000   2  2011  241  23.80  55803.187  109.8  8.242e-01 
  46622  1.000   2  2011  242   0.35  55803.210  109.8  8.631e-01 
  46624  0.500   1  2011  242   1.26  55803.248  109.8  1.141e+00 
  46625  1.000   2  2011  242   1.67  55803.265  109.9  1.040e+00 
  46627  1.556   2  2011  242   2.71  55803.308  109.9  3.165e+00 
  46629  1.556   2  2011  242   3.79  55803.353  110.0  5.076e+00 
  46631  0.789   1  2011  242   4.58  55803.386  110.0  1.321e+01 
  46632  0.789   1  2011  242   5.00  55803.404  110.0  1.411e+01 
  46672  1.000   2  2011  243   1.29  55804.249  111.0  3.211e+00 
  46673  0.500   1  2011  243   1.73  55804.267  111.0  3.513e+00 
  46674  0.500   1  2011  243   2.01  55804.279  111.0  3.565e+00 
  46675  1.333   2  2011  243   2.79  55804.312  111.0  5.986e+00 
  46676  0.667   1  2011  243   3.34  55804.335  111.1  6.988e+00 
  46677  0.667   1  2011  243   3.72  55804.350  111.1  7.845e+00 
  46678  1.000   2  2011  243   4.32  55804.376  111.1  1.064e+01 
  46679  0.500   1  2011  243   4.75  55804.394  111.1  1.282e+01 
  46717  1.000   1  2011  243  23.66  55805.181  112.2  1.577e+00 
  46718  1.000   1  2011  244   0.18  55805.203  112.2  1.628e+00 
  46719  1.000   1  2011  244   0.71  55805.225  112.3  1.695e+00 
  46720  1.000   1  2011  244   1.23  55805.247  112.3  1.783e+00 
  46721  1.000   1  2011  244   1.99  55805.278  112.4  3.149e+00 
  46723  1.000   1  2011  244   2.51  55805.300  112.4  3.759e+00 
  46724  1.000   1  2011  244   3.04  55805.322  112.4  4.223e+00 
  46725  1.000   1  2011  244   3.57  55805.344  112.5  5.225e+00 
  46758  0.333   1  2011  244  20.46  55806.048  113.6  4.613e+00 
  46759  0.333   1  2011  244  20.66  55806.056  113.6  4.362e+00 
  46760  1.111   2  2011  244  21.28  55806.082  113.7  2.394e+00 
  46761  0.556   1  2011  244  21.80  55806.104  113.7  2.240e+00 
  46762  0.556   1  2011  244  22.11  55806.117  113.7  2.090e+00 
  46763  1.111   2  2011  244  22.77  55806.144  113.7  1.828e+00 
  46764  0.556   1  2011  244  23.29  55806.166  113.8  1.708e+00 
  46765  1.056   2  2011  244  23.78  55806.186  113.8  1.552e+00 
  46766  0.500   1  2011  245   0.29  55806.208  113.8  1.458e+00 
  46767  1.000   2  2011  245   0.74  55806.226  113.9  1.500e+00 
  46769  0.650   1  2011  245   1.84  55806.272  113.9  2.777e+00 
  46771  0.667   1  2011  245   2.67  55806.307  114.0  3.219e+00 
  46772  1.333   2  2011  245   3.21  55806.329  114.0  4.134e+00 
  46773  0.667   1  2011  245   3.75  55806.352  114.1  5.216e+00 
  46774  0.667   1  2011  245   4.22  55806.371  114.1  6.707e+00 
  46775  0.667   1  2011  245   4.58  55806.386  114.1  8.262e+00 
  46814  2.000   1  2011  246   0.32  55807.209  115.4  1.644e+00 
  46817  0.667   1  2011  246   1.77  55807.269  115.5  2.662e+00 
  46818  1.333   2  2011  246   2.31  55807.292  115.5  3.020e+00 
  46819  0.667   1  2011  246   2.85  55807.314  115.6  3.652e+00 
  46820  0.667   1  2011  246   3.32  55807.334  115.6  4.285e+00 
  46821  0.667   1  2011  246   3.68  55807.349  115.6  5.061e+00 
  46822  1.333   2  2011  246   4.22  55807.372  115.6  6.809e+00 
  46823  0.522   1  2011  246   4.87  55807.398  115.7  9.462e+00 
  46862  0.667   1  2011  247   0.23  55808.205  116.9  2.072e+00 
  46863  1.333   2  2011  247   0.77  55808.228  117.0  2.217e+00 
  46864  0.667   1  2011  247   1.31  55808.250  117.0  2.270e+00 
  46865  0.667   1  2011  247   1.67  55808.265  117.0  2.582e+00 
  46866  1.333   2  2011  247   2.26  55808.290  117.1  2.977e+00 
  46867  0.667   1  2011  247   2.86  55808.315  117.1  3.465e+00 
  46868  0.667   1  2011  247   3.22  55808.330  117.1  3.943e+00 
  46869  1.333   2  2011  247   3.76  55808.352  117.2  5.137e+00 
  46870  0.667   1  2011  247   4.30  55808.375  117.2  6.786e+00 
  46871  0.667   1  2011  247   4.72  55808.392  117.2  8.525e+00 
  46872  0.667   1  2011  247   5.08  55808.407  117.3  9.913e+00 
  46911  0.667   1  2011  248   0.76  55809.227  118.5  1.405e+00 
  46912  0.667   1  2011  248   1.12  55809.242  118.6  2.090e+00 
  46913  0.667   1  2011  248   1.72  55809.267  118.6  2.356e+00 
  46914  1.333   2  2011  248   2.26  55809.290  118.6  2.848e+00 
  46915  0.667   1  2011  248   2.80  55809.312  118.7  3.321e+00 
  46916  0.667   1  2011  248   3.16  55809.327  118.7  3.844e+00 
  46917  1.333   2  2011  248   3.73  55809.351  118.7  5.063e+00 
  46918  0.667   1  2011  248   4.30  55809.375  118.8  6.869e+00 
  46919  0.667   1  2011  248   4.66  55809.390  118.8  8.443e+00 
  46920  0.667   1  2011  248   5.03  55809.405  118.8  1.030e+01 
  46962  1.000   1  2011  249   2.32  55810.292  120.1  3.696e+00 
  46963  0.667   1  2011  249   2.89  55810.316  120.1  8.062e+00 
  46964  0.667   1  2011  249   3.25  55810.331  120.1  8.587e+00 
  46965  1.333   2  2011  249   3.79  55810.353  120.2  9.549e+00 
  46966  0.667   1  2011  249   4.32  55810.376  120.2  1.086e+01 
  46967  0.667   1  2011  249   4.68  55810.391  120.2  1.216e+01 
  47013  0.778   1  2011  250   3.93  55811.359  121.6  5.267e+00 
  47014  0.778   1  2011  250   4.34  55811.377  121.6  6.319e+00 
  47062  0.822   1  2011  251   4.36  55812.377  123.0  7.719e+00 
  47063  0.822   1  2011  251   4.78  55812.395  123.1  9.573e+00 
  47529  0.391   1  2011  260  21.78  55822.103  138.1  1.830e+00 
  47530  1.173   3  2011  260  22.22  55822.121  138.1  1.465e+00 
  47572  0.556   2  2011  261  19.27  55822.999  138.6  1.275e+01 
  47573  0.556   2  2011  261  19.65  55823.014  138.6  1.111e+01 
  47575  0.556   2  2011  261  20.79  55823.062  138.6  4.222e+00 
  47576  0.556   2  2011  261  21.13  55823.076  138.6  3.691e+00 
  47577  0.667   3  2011  261  21.76  55823.102  138.6  2.340e+00 
  47579  0.667   3  2011  261  22.78  55823.145  138.7  1.947e+00 
  47580  0.500   2  2011  261  23.23  55823.164  138.7  1.520e+00 
  47622  0.889   4  2011  262  20.23  55824.038  139.0  5.531e+00 
  47624  0.667   3  2011  262  21.27  55824.082  139.1  2.831e+00 
  47625  0.444   2  2011  262  21.85  55824.106  139.1  2.097e+00 
  47626  0.444   2  2011  262  22.13  55824.118  139.1  1.810e+00 
  47627  0.556   2  2011  262  22.82  55824.146  139.1  1.613e+00 
  47628  0.556   2  2011  262  23.16  55824.160  139.1  1.316e+00 
  47629  0.667   3  2011  262  23.73  55824.184  139.1  1.644e+00 
  47671  0.833   3  2011  263  20.78  55825.062  139.6  3.473e+00 
  47672  0.444   2  2011  263  21.33  55825.084  139.7  2.300e+00 
  47673  0.444   2  2011  263  21.62  55825.096  139.7  2.295e+00 
  47674  0.667   3  2011  263  22.32  55825.126  139.7  1.868e+00 
  47676  0.833   3  2011  263  23.27  55825.165  139.7  9.268e-01 
  47678  0.667   3  2011  264   0.30  55825.208  139.7  1.813e+00 
  47679  0.444   2  2011  264   0.75  55825.227  139.7  1.775e+00 
  47680  0.667   3  2011  264   1.20  55825.246  139.8  1.606e+00 
  47718  0.667   3  2011  264  20.18  55826.037  140.2  8.159e+00 
  47720  0.833   3  2011  264  21.32  55826.084  140.2  2.975e+00 
  47722  0.833   3  2011  264  22.17  55826.119  140.3  1.586e+00 
  47723  0.444   2  2011  264  22.92  55826.151  140.3  1.785e+00 
  47724  0.444   2  2011  264  23.21  55826.163  140.3  2.139e+00 
  47725  0.833   3  2011  264  23.77  55826.186  140.3  1.105e+00 
  47727  0.833   3  2011  265   0.82  55826.230  140.3  1.686e+00 
  47728  0.500   2  2011  265   1.30  55826.250  140.3  2.033e+00 
  47729  0.667   3  2011  265   1.77  55826.269  140.3  2.168e+00 
  47779  0.740   2  2011  266   2.83  55827.313  140.8  6.029e+00 
  47780  0.740   2  2011  266   3.26  55827.331  140.9  6.737e+00 
  47781  0.370   1  2011  266   3.93  55827.359  140.9  7.626e+00 
  47782  0.740   2  2011  266   4.25  55827.373  140.9  8.982e+00 
  47783  0.370   1  2011  266   4.57  55827.386  140.9  1.077e+01 
  47819  0.367   1  2011  266  22.81  55828.146  141.1  2.263e+00 
  47820  1.100   3  2011  266  23.24  55828.164  141.1  2.240e+00 
  47822  0.778   1  2011  267   0.50  55828.216  141.1  1.806e+00 
  47823  0.778   1  2011  267   0.91  55828.233  141.1  1.877e+00 
  47825  0.778   1  2011  267   1.82  55828.271  141.1  2.184e+00 
  47826  0.778   1  2011  267   2.23  55828.288  141.1  2.526e+00 
  47828  1.556   2  2011  267   3.25  55828.331  141.1  3.907e+00 
  47871  1.110   3  2011  268   0.75  55829.227  141.1  1.221e+00 
  47872  0.370   1  2011  268   1.18  55829.245  141.1  1.152e+00 
  47873  0.778   1  2011  268   1.96  55829.277  141.1  2.456e+00 
  47874  0.778   1  2011  268   2.37  55829.294  141.1  2.707e+00 
  47916  0.370   1  2011  268  23.44  55830.172  141.0  1.185e+00 
  47917  0.740   2  2011  268  23.76  55830.186  141.0  1.149e+00 
  47918  0.370   1  2011  269   0.08  55830.199  141.0  1.233e+00 
  47919  0.740   2  2011  269   0.69  55830.224  141.0  1.052e+00 
  47920  0.740   2  2011  269   1.12  55830.242  141.0  1.212e+00 
  47921  0.778   1  2011  269   1.86  55830.273  140.9  2.479e+00 
  47922  0.778   1  2011  269   2.28  55830.290  140.9  2.868e+00 
  47924  0.778   1  2011  269   3.13  55830.326  140.9  3.689e+00 
  47925  0.778   1  2011  269   3.54  55830.343  140.9  4.580e+00 
  47960  0.333   2  2011  269  21.39  55831.087  140.8  9.950e-01 
  47961  0.833   5  2011  269  21.78  55831.103  140.8  8.177e-01 
  47962  0.500   3  2011  269  22.21  55831.121  140.8  6.905e-01 
  47963  0.333   2  2011  269  22.82  55831.146  140.8  7.730e-01 
  47964  0.333   2  2011  269  23.25  55831.164  140.8  6.458e-01 
  47965  0.333   2  2011  269  23.58  55831.178  140.8  7.412e-01 
  47966  0.333   2  2011  270   0.17  55831.203  140.8  6.306e-01 
  47967  0.500   3  2011  270   0.80  55831.229  140.8  7.039e-01 
  47968  0.333   2  2011  270   1.40  55831.254  140.8  7.571e-01 
  47969  0.833   5  2011  270   1.78  55831.270  140.8  7.323e-01 
  47970  0.500   3  2011  270   2.22  55831.288  140.8  1.029e+00 
  48009  0.500   3  2011  270  21.88  55832.107  140.5  1.184e+00 
  48010  0.667   4  2011  270  22.26  55832.123  140.5  1.009e+00 
  48012  1.117   3  2011  270  23.25  55832.164  140.5  2.555e+00 
  48013  0.372   1  2011  270  23.67  55832.182  140.5  2.458e+00 
  48015  1.556   2  2011  271   0.72  55832.225  140.5  2.128e+00 
  48017  0.778   1  2011  271   1.84  55832.272  140.4  2.589e+00 
  48018  0.778   1  2011  271   2.25  55832.289  140.4  2.879e+00 
  48020  1.556   2  2011  271   3.28  55832.332  140.4  4.016e+00 
  48055  0.372   1  2011  271  20.83  55833.063  140.0  4.379e+00 
  48056  1.117   3  2011  271  21.25  55833.081  140.0  3.826e+00 
  48058  0.372   1  2011  271  22.30  55833.125  140.0  3.168e+00 
  48059  1.117   3  2011  271  22.73  55833.142  140.0  3.179e+00 
  48061  0.459   2  2011  271  23.76  55833.186  140.0  4.742e+00 
  48068  0.370   1  2011  272   3.43  55833.338  140.0  6.709e+00 
  48069  0.740   2  2011  272   3.75  55833.352  140.0  7.717e+00 
  48070  0.370   1  2011  272   4.07  55833.365  139.9  8.611e+00 
  48247  0.778   1  2011  275  20.82  55837.063  138.6  4.189e+00 
  48248  0.778   1  2011  275  21.24  55837.080  138.6  3.461e+00 
  48249  0.472   1  2011  275  21.95  55837.110  138.7  2.264e+00 
  48250  0.472   1  2011  275  22.22  55837.121  138.7  2.200e+00 
  48253  0.472   1  2011  275  23.79  55837.187  138.7  2.137e+00 
  48254  0.944   2  2011  276   0.19  55837.204  138.7  2.416e+00 
  48255  0.472   1  2011  276   0.59  55837.220  138.7  2.385e+00 
  48257  0.778   1  2011  276   1.73  55837.267  138.7  2.071e+00 
  48258  0.778   1  2011  276   2.14  55837.285  138.7  2.436e+00 
  48259  0.740   2  2011  276   2.88  55837.316  138.7  6.212e+00 
  48260  0.740   2  2011  276   3.31  55837.333  138.7  7.136e+00 
  48262  1.110   3  2011  276   4.27  55837.374  138.7  1.164e+01 
  48303  0.333   2  2011  277   0.86  55838.231  138.9  1.512e+00 
  48305  0.556   2  2011  277   1.59  55838.262  139.0  1.992e+00 
  48307  0.500   3  2011  277   2.84  55838.314  139.0  7.481e+00 
  48308  0.667   4  2011  277   3.24  55838.331  139.0  8.353e+00 
  48310  0.500   3  2011  277   4.20  55838.371  139.0  1.448e+01 
  48353  0.667   4  2011  278   1.76  55839.269  139.1  2.945e+00 
  48354  0.500   3  2011  278   2.20  55839.287  139.1  4.898e+00 
  48355  0.500   3  2011  278   2.64  55839.306  139.1  7.635e+00 
  48501  1.008   3  2011  281   3.71  55842.350  138.3  9.900e+00 
  48502  0.336   1  2011  281   4.14  55842.368  138.3  1.178e+01 
  48549  1.333   1  2011  282   3.95  55843.360  137.8  7.776e+00 
  48550  0.502   1  2011  282   4.43  55843.380  137.7  9.946e+00 
  49061  1.000   1  2011  292  19.56  55854.010  137.6  7.666e+00 
  49062  1.000   1  2011  292  20.08  55854.032  137.6  7.063e+00 
  49063  1.000   1  2011  292  20.66  55854.056  137.6  6.336e+00 
  49064  1.000   1  2011  292  21.19  55854.078  137.6  5.690e+00 
  49065  1.000   1  2011  292  21.91  55854.108  137.7  4.171e+00 
  49066  1.000   1  2011  292  22.43  55854.130  137.7  3.704e+00 
  49068  1.000   1  2011  292  23.01  55854.154  137.7  3.622e+00 
  49069  1.000   1  2011  292  23.54  55854.176  137.7  3.292e+00 
  49070  0.833   1  2011  293   0.23  55854.205  137.8  3.255e+00 
  49071  0.833   1  2011  293   0.67  55854.223  137.8  3.245e+00 
  49072  0.833   1  2011  293   1.17  55854.244  137.8  3.152e+00 
  49109  2.000   1  2011  293  19.78  55855.020  138.7  8.019e+00 
  49111  2.000   1  2011  293  20.91  55855.067  138.7  6.183e+00 
  49114  2.000   1  2011  293  22.07  55855.115  138.8  5.664e+00 
  49116  2.000   1  2011  293  23.23  55855.163  138.8  3.613e+00 
  49118  2.000   1  2011  294   0.35  55855.210  138.9  3.719e+00 
  49120  2.000   1  2011  294   1.48  55855.257  139.0  4.077e+00 
  49157  0.839   1  2011  294  19.83  55856.022  140.0  7.477e+00 
  49159  0.839   1  2011  294  20.64  55856.056  140.1  5.876e+00 
  49160  0.839   1  2011  294  21.09  55856.074  140.1  5.110e+00 
  49162  1.103   2  2011  294  22.22  55856.121  140.2  4.082e+00 
  49167  0.894   1  2011  295   1.00  55856.237  140.4  3.649e+00 
  49168  0.894   1  2011  295   1.48  55856.257  140.4  3.940e+00 
  49205  0.333   1  2011  295  19.97  55857.028  141.7  6.841e+00 
  49206  0.667   2  2011  295  20.29  55857.041  141.7  6.246e+00 
  49207  0.333   1  2011  295  20.61  55857.054  141.7  5.045e+00 
  49208  0.500   1  2011  295  21.37  55857.086  141.8  3.562e+00 
  49209  1.000   2  2011  295  21.81  55857.104  141.8  3.199e+00 
  49210  0.500   1  2011  295  22.26  55857.123  141.8  2.849e+00 
  49211  1.000   2  2011  295  22.76  55857.144  141.9  2.536e+00 
  49212  1.000   2  2011  295  23.35  55857.169  141.9  2.152e+00 
  49214  0.500   1  2011  296   0.23  55857.205  142.0  1.700e+00 
  49215  1.000   2  2011  296   0.67  55857.224  142.0  1.568e+00 
  49216  1.000   2  2011  296   1.30  55857.250  142.1  1.798e+00 
  49218  0.556   2  2011  296   2.33  55857.293  142.2  5.039e+00 
  49219  0.556   2  2011  296   2.68  55857.307  142.2  5.664e+00 
  49220  0.833   3  2011  296   3.24  55857.331  142.2  7.029e+00 
  49253  0.778   1  2011  296  19.85  55858.023  143.5  7.397e+00 
  49254  0.778   1  2011  296  20.27  55858.040  143.5  6.562e+00 
  49256  0.500   1  2011  296  21.41  55858.088  143.6  3.091e+00 
  49257  0.500   1  2011  296  21.71  55858.100  143.6  2.883e+00 
  49258  0.500   1  2011  296  22.30  55858.125  143.6  2.434e+00 
  49259  0.500   1  2011  296  22.98  55858.153  143.7  1.902e+00 
  49260  0.500   1  2011  296  23.28  55858.166  143.7  1.937e+00 
  49261  0.500   1  2011  296  23.58  55858.178  143.7  1.871e+00 
  49264  0.789   1  2011  297   1.16  55858.244  143.8  1.971e+00 
  49265  0.789   1  2011  297   1.59  55858.262  143.9  2.193e+00 
  49266  0.533   4  2011  297   2.36  55858.294  143.9  3.124e+00 
  49269  0.978   2  2011  297   3.83  55858.355  144.0  8.896e+00 
  49302  0.478   2  2011  297  20.39  55859.045  145.3  5.999e+00 
  49303  0.717   3  2011  297  20.74  55859.060  145.3  5.571e+00 
  49304  0.478   2  2011  297  21.25  55859.081  145.3  5.246e+00 
  49305  0.717   3  2011  297  21.76  55859.102  145.4  5.173e+00 
  49306  0.478   2  2011  297  22.11  55859.117  145.4  5.091e+00 
  49307  0.500   1  2011  297  22.72  55859.142  145.4  2.192e+00 
  49308  0.500   1  2011  297  23.01  55859.154  145.5  2.203e+00 
  49309  0.556   2  2011  297  23.81  55859.188  145.5  3.732e+00 
  49310  0.556   2  2011  298   0.16  55859.202  145.6  3.889e+00 
  49311  0.833   3  2011  298   0.75  55859.227  145.6  3.836e+00 
  49313  0.833   3  2011  298   1.77  55859.269  145.7  4.245e+00 
  49314  0.722   2  2011  298   2.34  55859.293  145.7  4.924e+00 
  49315  0.444   1  2011  298   2.73  55859.309  145.7  5.366e+00 
  49316  0.889   2  2011  298   3.28  55859.332  145.8  6.670e+00 
  49317  0.444   1  2011  298   3.66  55859.348  145.8  7.643e+00 
  49357  0.778   1  2011  298  23.83  55860.188  147.3  1.148e+00 
  49358  0.778   1  2011  299   0.24  55860.206  147.3  1.202e+00 
  49359  0.778   1  2011  299   0.89  55860.233  147.4  1.145e+00 
  49360  0.778   1  2011  299   1.31  55860.250  147.4  1.330e+00 
  49361  0.444   1  2011  299   1.96  55860.277  147.4  4.231e+00 
  49362  0.889   2  2011  299   2.35  55860.293  147.5  4.936e+00 
  49363  0.444   1  2011  299   2.73  55860.309  147.5  5.394e+00 
  49364  0.444   1  2011  299   3.37  55860.336  147.5  7.199e+00 
  49365  0.889   2  2011  299   3.76  55860.352  147.6  8.455e+00 
  49398  0.789   1  2011  299  20.32  55861.042  148.6  7.152e+00 
  49399  0.789   1  2011  299  20.74  55861.060  148.7  5.718e+00 
  49401  1.333   2  2011  299  21.77  55861.103  148.7  2.545e+00 
  49403  1.333   2  2011  299  22.82  55861.146  148.8  2.054e+00 
  49405  0.667   1  2011  299  23.96  55861.194  148.9  1.926e+00 
  49406  0.667   1  2011  300   0.32  55861.209  148.9  2.011e+00 
  49407  0.667   1  2011  300   0.91  55861.233  148.9  2.057e+00 
  49408  0.667   1  2011  300   1.27  55861.248  149.0  2.244e+00 
  49449  0.772   2  2011  300  21.71  55862.100  150.2  5.352e+00 
  49451  0.789   1  2011  300  22.88  55862.149  150.3  2.778e+00 
  49452  0.789   1  2011  300  23.30  55862.166  150.3  2.781e+00 
  49454  1.578   2  2011  301   0.28  55862.207  150.4  2.073e+00 
  49456  1.333   2  2011  301   1.28  55862.249  150.4  2.267e+00 
  49502  0.667   2  2011  302   0.29  55863.208  151.7  1.315e+00 
  50504  1.333   1  2011  322  21.19  55884.079  149.4  5.870e+00 
  50505  1.333   1  2011  322  21.89  55884.107  149.4  4.700e+00 
  50507  0.356   1  2011  322  22.89  55884.149  149.4  4.689e+00 
  50508  0.711   2  2011  322  23.21  55884.163  149.4  4.699e+00 
  50509  0.356   1  2011  322  23.53  55884.176  149.3  4.713e+00 
  50694  0.400   1  2011  326  20.46  55888.048  146.6  6.928e+00 
  50695  0.800   2  2011  326  20.78  55888.062  146.5  6.556e+00 
  50696  0.400   1  2011  326  21.11  55888.075  146.5  5.901e+00 
  50697  0.800   2  2011  326  21.74  55888.101  146.5  5.425e+00 
  50698  0.800   2  2011  326  22.17  55888.119  146.5  5.090e+00 
  50755  1.333   1  2011  328   2.70  55889.308  145.1  1.056e+01 
  50756  1.333   1  2011  328   3.39  55889.337  145.1  1.177e+01 
  50789  0.667   1  2011  328  19.79  55890.020  144.3  8.627e+00 
  50790  0.667   1  2011  328  20.14  55890.035  144.3  8.322e+00 
  50791  0.667   1  2011  328  20.80  55890.062  144.3  7.114e+00 
  50792  0.667   1  2011  328  21.15  55890.077  144.3  6.611e+00 
  50793  0.667   1  2011  328  21.76  55890.102  144.2  5.709e+00 
  50794  0.667   1  2011  328  22.12  55890.117  144.2  5.401e+00 
  50795  0.800   2  2011  328  22.69  55890.141  144.2  3.866e+00 
  50796  0.800   2  2011  328  23.12  55890.159  144.2  3.716e+00 
  50797  0.800   2  2011  328  23.85  55890.189  144.1  3.503e+00 
  50798  0.800   2  2011  329   0.28  55890.207  144.1  3.564e+00 
  50841  0.533   4  2011  329  21.66  55891.098  143.2  5.365e+00 
  50842  0.667   1  2011  329  22.38  55891.128  143.1  4.365e+00 
  50843  0.667   1  2011  329  22.74  55891.143  143.1  4.064e+00 
  50844  0.400   1  2011  329  23.33  55891.168  143.1  3.619e+00 
  50845  1.200   3  2011  329  23.77  55891.186  143.1  3.737e+00 
  50847  0.978   2  2011  330   0.64  55891.222  143.1  4.635e+00 
  50849  0.489   1  2011  330   1.95  55891.277  143.0  6.131e+00 
  50850  0.489   1  2011  330   2.21  55891.287  143.0  6.671e+00 
  50851  0.677   2  2011  330   2.83  55891.314  143.0  8.505e+00 
  50852  0.677   2  2011  330   3.23  55891.330  143.0  9.948e+00 
  50893  0.356   1  2011  330  23.96  55892.194  142.2  4.370e+00 
  50894  0.711   2  2011  331   0.27  55892.207  142.2  4.569e+00 
  50895  0.356   1  2011  331   0.59  55892.220  142.2  4.544e+00 
  50896  0.889   2  2011  331   1.37  55892.253  142.2  5.315e+00 
  50897  0.444   1  2011  331   1.75  55892.269  142.2  5.813e+00 
  50898  0.444   1  2011  331   2.01  55892.279  142.2  6.305e+00 
  50899  0.672   2  2011  331   2.87  55892.315  142.2  8.415e+00 
  50900  0.336   1  2011  331   3.19  55892.328  142.2  9.602e+00 
  50936  0.770   1  2011  331  21.21  55893.079  141.6  7.143e+00 
  50937  0.770   1  2011  331  21.62  55893.096  141.6  6.826e+00 
  50989  0.400   1  2011  332  23.88  55894.191  140.6  3.947e+00 
  50990  0.800   2  2011  333   0.21  55894.204  140.6  4.023e+00 
  50991  0.400   1  2011  333   0.54  55894.218  140.6  4.094e+00 
  50993  0.917   3  2011  333   1.70  55894.266  140.6  5.964e+00 
  51032  0.333   1  2011  333  21.39  55895.087  140.1  5.839e+00 
  51033  1.000   3  2011  333  21.77  55895.103  140.1  5.820e+00 
  51034  0.667   2  2011  333  22.31  55895.125  140.1  5.052e+00 
  51035  0.333   1  2011  333  22.95  55895.152  140.1  9.932e+00 
  51036  0.667   2  2011  333  23.24  55895.164  140.1  9.779e+00 
  51037  0.667   2  2011  333  23.76  55895.186  140.1  7.731e+00 
  51038  0.667   2  2011  334   0.28  55895.207  140.1  6.023e+00 
  51039  1.000   3  2011  334   0.78  55895.228  140.0  5.652e+00 
  51040  0.667   2  2011  334   1.26  55895.248  140.0  6.391e+00 
  51041  0.333   1  2011  334   1.88  55895.274  140.0  8.641e+00 
  51042  1.000   3  2011  334   2.27  55895.290  140.0  9.297e+00 
  51043  0.667   2  2011  334   2.76  55895.311  140.0  1.019e+01 
  51044  0.667   2  2011  334   3.15  55895.327  140.0  1.110e+01 
  51045  0.667   2  2011  334   3.82  55895.355  140.0  1.281e+01 
  51083  0.333   1  2011  334  22.81  55896.146  139.6  5.200e+00 
  51084  1.000   3  2011  334  23.20  55896.162  139.6  4.798e+00 
  51085  1.000   3  2011  334  23.78  55896.186  139.6  5.045e+00 
  51086  0.667   2  2011  335   0.33  55896.209  139.6  6.676e+00 
  51087  0.667   2  2011  335   0.79  55896.228  139.6  8.163e+00 
  51088  1.000   3  2011  335   1.27  55896.249  139.6  8.329e+00 
  51089  0.667   2  2011  335   1.75  55896.269  139.5  8.573e+00 
  51090  0.333   1  2011  335   2.34  55896.293  139.5  9.150e+00 
  51091  1.000   3  2011  335   2.73  55896.309  139.5  1.050e+01 
  51092  0.667   2  2011  335   3.21  55896.329  139.5  1.197e+01 
  51093  0.667   2  2011  335   3.60  55896.346  139.5  1.343e+01 
  51136  0.672   2  2011  336   1.37  55897.253  138.9  6.584e+00 
  51137  0.672   2  2011  336   1.79  55897.270  138.9  6.631e+00 
  51139  1.008   3  2011  336   2.73  55897.309  138.8  8.574e+00 
  51140  0.336   1  2011  336   3.15  55897.327  138.8  9.805e+00 
  51181  0.444   1  2011  336  23.80  55898.187  138.2  4.427e+00 
  51182  0.889   2  2011  337   0.18  55898.203  138.2  4.737e+00 
  51183  0.889   2  2011  337   0.85  55898.231  138.2  5.528e+00 
  51184  0.889   2  2011  337   1.36  55898.252  138.1  6.060e+00 
  51332  0.400   1  2011  340   3.20  55901.329  136.2  1.104e+01 
  51846  0.667   1  2011  350  20.31  55912.042  136.0  8.894e+00 
  51847  0.667   1  2011  350  20.67  55912.057  136.0  8.338e+00 
  51848  0.800   2  2011  350  21.24  55912.080  136.0  1.274e+01 
  51849  0.800   2  2011  350  21.67  55912.099  136.0  1.195e+01 
  51850  0.400   1  2011  350  22.32  55912.125  136.0  1.103e+01 
  51851  1.200   3  2011  350  22.75  55912.144  136.0  1.088e+01 
  51895  0.889   2  2011  351  20.72  55913.059  135.1  8.577e+00 
  51896  0.889   2  2011  351  21.23  55913.080  135.1  7.617e+00 
  51897  0.444   1  2011  351  21.88  55913.107  135.1  6.488e+00 
  51898  0.889   2  2011  351  22.27  55913.123  135.0  6.175e+00 
  51899  0.444   1  2011  351  22.65  55913.139  135.0  5.955e+00 
  51900  0.889   2  2011  351  23.33  55913.168  135.0  5.654e+00 
  51901  0.889   2  2011  351  23.85  55913.189  135.0  5.307e+00 
  51902  0.444   1  2011  352   0.41  55913.213  134.9  5.027e+00 
  51903  0.889   2  2011  352   0.80  55913.229  134.9  5.185e+00 
  51943  1.333   2  2011  352  20.81  55914.063  134.0  8.309e+00 
  51947  1.015   3  2011  352  22.80  55914.146  134.0  5.324e+00 
  51948  0.338   1  2011  352  23.19  55914.162  133.9  5.536e+00 
  51950  0.611   2  2011  353   0.31  55914.208  133.9  5.576e+00 
  51951  0.611   2  2011  353   0.67  55914.223  133.9  5.629e+00 
  52146  0.789   1  2011  357   2.46  55918.298  131.8  9.063e+00 
  52147  0.789   1  2011  357   2.88  55918.316  131.8  1.082e+01 
  52148  0.333   1  2011  357   3.33  55918.334  131.8  1.243e+01 
  52149  0.333   1  2011  357   3.52  55918.342  131.8  1.361e+01 
  52231  0.980   6  2011  358  20.75  55920.060  131.7  8.546e+00 
  52232  0.653   4  2011  358  21.24  55920.081  131.7  7.997e+00 
  52233  0.817   5  2011  358  21.75  55920.102  131.7  7.175e+00 
  52234  0.817   5  2011  358  22.24  55920.122  131.7  6.780e+00 
  52328  0.667   1  2011  360  21.35  55922.085  132.0  7.509e+00 
  52329  0.667   1  2011  360  21.71  55922.100  132.1  7.172e+00 
  52330  0.333   1  2011  360  22.46  55922.132  132.1  5.495e+00 
  52331  0.667   2  2011  360  22.75  55922.144  132.1  4.893e+00 
  52332  0.333   1  2011  360  23.05  55922.156  132.1  5.138e+00 
  52337  0.650   1  2011  361   1.74  55922.268  132.1  5.663e+00 
  52338  0.650   1  2011  361   2.08  55922.282  132.1  7.014e+00 
  52423  1.333   1  2011  362  20.51  55924.050  132.1  9.070e+00 
  52424  1.333   1  2011  362  21.22  55924.080  132.1  8.391e+00 
  52426  1.333   1  2011  362  22.44  55924.130  132.1  8.262e+00 
  52428  1.333   1  2011  362  23.14  55924.160  132.1  8.591e+00 
  52430  1.333   2  2011  363   0.27  55924.207  132.1  6.485e+00 
  52431  0.667   1  2011  363   0.84  55924.230  132.1  6.726e+00 
  52432  0.667   1  2011  363   1.20  55924.245  132.1  6.973e+00 
  52433  0.789   1  2011  363   1.93  55924.276  132.1  7.440e+00 
  52434  0.789   1  2011  363   2.35  55924.294  132.1  8.468e+00 
  52436  0.667   2  2011  363   3.28  55924.332  132.1  9.765e+00 
  52437  0.667   2  2011  363   3.67  55924.348  132.1  1.144e+01 
  52473  0.444   1  2011  363  21.94  55925.110  132.0  6.122e+00 
  52474  0.889   2  2011  363  22.33  55925.126  132.0  5.728e+00 
  52477  0.444   1  2011  363  23.87  55925.190  132.0  5.520e+00 
  52478  0.889   2  2011  364   0.26  55925.206  131.9  5.626e+00 
  53190  0.336   1  2012   13  20.32  55940.042  131.4  8.970e+00 
  53191  1.008   3  2012   13  20.75  55940.060  131.4  8.496e+00 
  53238  0.356   1  2012   14  20.35  55941.043  131.6  9.969e+00 
  53239  1.067   3  2012   14  20.77  55941.061  131.5  9.160e+00 
  53241  0.711   2  2012   14  21.71  55941.100  131.5  7.642e+00 
  53242  0.711   2  2012   14  22.13  55941.118  131.5  6.685e+00 
  53334  0.336   1  2012   16  20.41  55943.046  130.0  9.616e+00 
  53335  0.672   2  2012   16  20.73  55943.059  130.0  8.994e+00 
  53336  0.336   1  2012   16  21.05  55943.073  130.0  8.366e+00 
  53431  0.336   1  2012   18  20.76  55945.061  128.6  9.265e+00 
  53439  0.333   1  2012   19   0.86  55945.231  128.4  4.551e+00 
  53440  1.000   3  2012   19   1.25  55945.248  128.4  4.895e+00 
  53446  0.333   1  2012   19   4.02  55945.363  128.3  1.140e+01 
  53490  0.389   2  2012   20   2.26  55946.290  127.6  4.446e+00 
  53527  1.200   3  2012   20  20.73  55947.059  127.1  8.753e+00 
  53528  0.400   1  2012   20  21.17  55947.078  127.1  8.190e+00 
  53529  0.444   1  2012   20  21.96  55947.111  127.0  7.157e+00 
  53530  0.889   2  2012   20  22.35  55947.127  127.0  6.875e+00 
  53587  0.789   1  2012   22   2.78  55948.312  125.8  6.124e+00 
  53588  0.789   1  2012   22   3.21  55948.329  125.8  7.475e+00 
  53630  0.800   2  2012   23   0.31  55949.208  124.7  3.578e+00 
  53631  0.800   2  2012   23   0.74  55949.227  124.7  3.676e+00 
  53632  0.639   1  2012   23   1.41  55949.254  124.7  3.988e+00 
  53633  0.639   1  2012   23   1.75  55949.269  124.6  4.297e+00 
  53635  1.167   3  2012   23   2.73  55949.309  124.6  5.990e+00 
  53636  0.389   1  2012   23   3.46  55949.340  124.5  7.734e+00 
  53637  0.778   2  2012   23   3.78  55949.353  124.5  9.428e+00 
  53638  0.389   1  2012   23   4.09  55949.366  124.5  1.123e+01 
  53721  2.034   1  2012   24  21.88  55951.107  123.2  1.353e+01 
  53724  2.034   1  2012   24  23.03  55951.155  123.1  1.236e+01 
  53726  2.034   1  2012   25   0.48  55951.216  123.1  1.245e+01 
  53729  2.034   1  2012   25   1.63  55951.264  123.1  1.284e+01 
  53769  2.034   1  2012   25  21.63  55952.097  122.7  1.453e+01 
  53771  2.034   1  2012   25  22.82  55952.146  122.6  1.313e+01 
  53774  2.034   1  2012   26   0.47  55952.215  122.6  1.257e+01 
  53777  2.034   1  2012   26   1.65  55952.264  122.5  1.301e+01 
  53816  2.034   1  2012   26  21.20  55953.079  121.9  1.498e+01 
  53818  2.034   1  2012   26  22.37  55953.128  121.9  1.292e+01 
  53821  2.034   1  2012   26  23.74  55953.185  121.8  1.242e+01 
  53823  2.034   1  2012   27   0.89  55953.233  121.8  1.231e+01 
  53826  1.371   1  2012   27   2.10  55953.283  121.8  1.446e+01 
  53866  2.034   1  2012   27  22.34  55954.126  121.1  1.357e+01 
  53869  2.034   1  2012   27  23.76  55954.185  121.0  1.238e+01 
  53871  2.034   1  2012   28   0.93  55954.234  121.0  1.239e+01 
  53874  2.034   1  2012   28   2.14  55954.285  120.9  1.370e+01 
  53915  0.667   2  2012   28  22.84  55955.147  120.3  3.284e+00 
  53916  0.667   2  2012   28  23.24  55955.164  120.3  3.103e+00 
  53917  0.667   2  2012   28  23.63  55955.180  120.3  3.228e+00 
  53918  0.667   3  2012   29   0.24  55955.206  120.3  3.210e+00 
  53920  0.833   3  2012   29   1.31  55955.250  120.2  3.910e+00 
  53921  0.556   2  2012   29   1.82  55955.271  120.2  4.057e+00 
  53922  0.833   3  2012   29   2.33  55955.293  120.2  4.891e+00 
  53924  0.667   3  2012   29   3.22  55955.330  120.2  1.173e+01 
  53925  0.556   3  2012   29   3.72  55955.351  120.2  1.173e+01 
  53926  0.333   2  2012   29   4.10  55955.366  120.1  1.222e+01 
  54061  0.702   1  2012   31  23.69  55958.183  117.2  8.030e+00 
  54062  0.702   1  2012   32   0.06  55958.198  117.2  8.315e+00 
  54064  1.722   2  2012   32   1.25  55958.248  117.1  4.669e+00 
  54065  0.861   1  2012   32   1.99  55958.279  117.1  5.082e+00 
  54066  0.861   1  2012   32   2.45  55958.298  117.1  5.714e+00 
  54068  0.833   1  2012   32   3.05  55958.323  117.0  6.264e+00 
  54069  1.667   2  2012   32   3.75  55958.352  117.0  9.023e+00 
  54070  0.833   1  2012   32   4.44  55958.381  116.9  1.282e+01 
  54117  0.523   3  2012   33   3.83  55959.355  115.3  7.495e+00 
  54118  0.523   3  2012   33   4.26  55959.373  115.3  9.201e+00 
  54582  0.867   3  2012   42  20.27  55969.040  105.2  1.248e+01 
  54583  0.578   2  2012   42  20.70  55969.058  105.1  1.209e+01 
  54869  0.611   1  2012   48  19.95  55975.027  103.3  1.036e+01 
  54871  0.745   2  2012   48  20.67  55975.057  103.3  1.008e+01 
  54917  0.611   1  2012   49  19.87  55976.024  103.5  1.122e+01 
  54918  0.611   1  2012   49  20.21  55976.038  103.5  1.142e+01 
  54919  1.222   2  2012   49  20.72  55976.059  103.5  1.086e+01 
  54979  0.672   1  2012   51   2.95  55977.319  104.1  5.370e+00 
  54980  0.672   1  2012   51   3.32  55977.334  104.1  7.006e+00 
  54981  0.672   1  2012   51   3.68  55977.349  104.1  7.508e+00 
  54982  0.672   1  2012   51   4.04  55977.364  104.1  9.246e+00 
  55067  0.400   1  2012   52  22.98  55979.153  105.7  3.892e+00 
  55068  0.800   2  2012   52  23.31  55979.167  105.7  3.727e+00 
  55069  0.400   1  2012   52  23.64  55979.180  105.7  3.478e+00 
  55114  0.800   2  2012   53  22.32  55980.125  107.1  4.116e+00 
  55115  0.800   2  2012   53  22.75  55980.144  107.2  4.109e+00 
  55116  0.400   1  2012   53  23.38  55980.170  107.2  3.458e+00 
  55117  0.800   2  2012   53  23.71  55980.183  107.2  3.451e+00 
  55118  0.400   1  2012   54   0.04  55980.197  107.2  3.490e+00 
  55119  1.022   2  2012   54   0.74  55980.226  107.3  2.257e+00 
  55120  1.022   2  2012   54   1.31  55980.250  107.3  2.525e+00 
  55122  1.022   2  2012   54   2.21  55980.288  107.4  2.814e+00 
  55123  1.022   2  2012   54   2.78  55980.312  107.4  3.379e+00 
  55124  0.511   1  2012   54   3.50  55980.341  107.4  4.989e+00 
  55125  0.511   1  2012   54   3.78  55980.353  107.5  6.154e+00 
  55126  1.022   2  2012   54   4.21  55980.371  107.5  7.654e+00 
  55164  0.789   1  2012   54  23.22  55981.163  108.5  1.911e+00 
  55165  0.789   1  2012   54  23.64  55981.181  108.5  1.708e+00 
  55206  0.333   1  2012   55  20.33  55982.042  109.5  1.284e+01 
  55207  1.000   3  2012   55  20.71  55982.059  109.5  1.240e+01 
  55213  1.333   2  2012   55  23.80  55982.187  109.7  2.560e+00 
  55256  0.917   3  2012   56  21.30  55983.083  110.8  9.373e+00 
  55260  0.333   1  2012   56  23.33  55983.168  111.0  4.241e+00 
  55261  1.000   3  2012   56  23.70  55983.183  111.0  3.782e+00 
  55264  0.778   2  2012   57   1.33  55983.251  111.1  1.906e+00 
  55265  0.778   2  2012   57   1.75  55983.269  111.1  2.214e+00 
  55266  0.400   1  2012   57   2.49  55983.299  111.2  2.596e+00 
  55267  0.800   2  2012   57   2.82  55983.313  111.2  2.833e+00 
  55268  0.400   1  2012   57   3.14  55983.326  111.2  3.051e+00 
  55269  0.789   1  2012   57   3.93  55983.359  111.2  6.674e+00 
  55270  0.789   1  2012   57   4.35  55983.377  111.3  9.240e+00 
  55351  0.489   1  2012   58  20.51  55985.050  112.9  9.469e+00 
  55403  0.667   1  2012   59  22.68  55986.141  113.6  2.742e+00 
  55404  1.333   2  2012   59  23.22  55986.163  113.6  2.485e+00 
  55405  0.667   1  2012   59  23.98  55986.195  113.6  2.058e+00 
  55406  0.667   1  2012   60   0.34  55986.210  113.7  2.125e+00 
  55407  0.667   1  2012   60   0.70  55986.225  113.7  1.900e+00 
  55408  0.667   1  2012   60   1.06  55986.240  113.7  2.101e+00 
  55409  1.333   2  2012   60   1.71  55986.267  113.7  2.114e+00 
  55410  0.667   1  2012   60   2.25  55986.289  113.8  2.439e+00 
  55411  0.667   1  2012   60   2.61  55986.304  113.8  2.699e+00 
  55412  1.333   2  2012   60   3.25  55986.331  113.8  3.582e+00 
  55413  0.667   1  2012   60   3.79  55986.353  113.9  4.566e+00 
  55414  0.667   1  2012   60   4.15  55986.368  113.9  5.827e+00 
  55415  0.494   1  2012   60   4.56  55986.385  113.9  8.274e+00 
  55454  0.400   1  2012   61   0.39  55987.212  114.7  2.794e+00 
  55455  0.800   2  2012   61   0.72  55987.226  114.8  2.711e+00 
  55456  0.400   1  2012   61   1.05  55987.239  114.8  2.658e+00 
  55457  1.000   2  2012   61   1.72  55987.267  114.8  2.456e+00 
  56215  0.523   3  2012   76  20.78  56003.061  114.8  4.909e+00 
  56216  0.523   3  2012   76  21.20  56003.079  114.8  3.932e+00 
  56217  0.722   1  2012   76  21.90  56003.108  114.8  3.858e+00 
  56218  0.722   1  2012   76  22.31  56003.125  114.8  3.258e+00 
  56220  1.444   2  2012   76  23.21  56003.163  114.8  2.645e+00 
  56228  0.667   4  2012   77   3.26  56003.331  114.8  3.811e+00 
  56229  0.833   5  2012   77   3.76  56003.352  114.8  4.873e+00 
  56265  0.778   2  2012   77  21.80  56004.104  114.6  2.753e+00 
  56266  0.778   2  2012   77  22.22  56004.121  114.6  2.686e+00 
  56267  0.389   1  2012   77  22.80  56004.146  114.6  2.273e+00 
  56268  1.167   3  2012   77  23.21  56004.163  114.6  2.227e+00 
  56277  0.511   1  2012   78   3.53  56004.343  114.6  5.058e+00 
  56278  0.650   1  2012   78   4.28  56004.374  114.5  6.955e+00 
  56279  0.650   1  2012   78   4.62  56004.388  114.5  8.604e+00 
  56309  0.400   1  2012   78  19.82  56005.021  114.3  8.035e+00 
  56310  1.200   3  2012   78  20.25  56005.039  114.2  6.457e+00 
  56311  0.400   1  2012   78  21.00  56005.070  114.2  4.077e+00 
  56312  0.800   2  2012   78  21.33  56005.084  114.2  3.640e+00 
  56313  0.400   1  2012   78  21.65  56005.098  114.2  3.130e+00 
  56314  0.500   1  2012   78  22.29  56005.124  114.2  2.453e+00 
  56315  1.000   2  2012   78  22.70  56005.142  114.2  2.130e+00 
  56317  0.689   1  2012   78  23.71  56005.183  114.1  1.357e+00 
  56318  1.378   2  2012   79   0.25  56005.206  114.1  1.476e+00 
  56319  0.689   1  2012   79   0.80  56005.229  114.1  1.604e+00 
  56320  0.689   1  2012   79   1.45  56005.256  114.1  2.340e+00 
  56321  0.689   1  2012   79   1.81  56005.271  114.0  2.795e+00 
  56322  0.689   1  2012   79   2.17  56005.286  114.0  2.663e+00 
  56323  0.689   1  2012   79   2.54  56005.301  114.0  3.064e+00 
  56324  0.639   1  2012   79   3.18  56005.328  114.0  3.748e+00 
  56325  0.639   1  2012   79   3.52  56005.342  114.0  4.659e+00 
  56326  1.279   2  2012   79   4.32  56005.375  114.0  6.916e+00 
  56356  0.611   1  2012   79  19.49  56006.008  113.4  1.353e+01 
  56357  0.611   1  2012   79  19.83  56006.022  113.4  1.344e+01 
  56358  0.611   1  2012   79  20.17  56006.036  113.4  1.319e+01 
  56409  0.650   1  2012   80  21.73  56007.101  112.2  1.590e+00 
  56411  1.300   2  2012   80  22.72  56007.142  112.1  1.004e+00 
  56414  0.650   1  2012   81   0.27  56007.207  112.1  2.165e+00 
  56415  0.650   1  2012   81   0.61  56007.221  112.0  2.120e+00 
  56416  1.022   2  2012   81   1.32  56007.251  112.0  2.405e+00 
  56417  0.511   1  2012   81   1.75  56007.268  112.0  2.562e+00 
  56418  0.511   1  2012   81   2.03  56007.280  112.0  2.825e+00 
  56419  1.022   2  2012   81   2.79  56007.312  111.9  3.371e+00 
  56420  1.022   2  2012   81   3.36  56007.335  111.9  4.222e+00 
  56462  0.778   2  2012   82   0.23  56008.205  110.9  1.845e+00 
  56463  0.778   2  2012   82   0.65  56008.222  110.8  1.943e+00 
  56464  0.389   1  2012   82   1.38  56008.253  110.8  1.774e+00 
  56465  0.778   2  2012   82   1.69  56008.266  110.8  1.828e+00 
  56466  0.389   1  2012   82   2.00  56008.279  110.8  2.140e+00 
  56553  0.833   3  2012   83  21.82  56010.105  108.0  3.051e+00 
  56554  0.556   2  2012   83  22.26  56010.123  107.9  2.556e+00 
  56555  0.833   3  2012   83  22.71  56010.142  107.9  2.272e+00 
  56556  0.833   3  2012   83  23.24  56010.164  107.9  2.298e+00 
  56558  0.689   1  2012   84   0.01  56010.196  107.8  1.580e+00 
  56559  0.689   1  2012   84   0.74  56010.226  107.7  1.668e+00 
  56560  0.689   1  2012   84   1.10  56010.241  107.7  1.627e+00 
  56562  0.667   4  2012   84   2.23  56010.288  107.6  2.605e+00 
  56563  0.833   5  2012   84   2.72  56010.309  107.6  3.165e+00 
  56566  0.667   2  2012   84   4.32  56010.376  107.5  7.168e+00 
  56567  0.667   2  2012   84   4.69  56010.391  107.4  8.956e+00 
  56597  0.928   5  2012   84  19.76  56011.019  106.4  8.279e+00 
  56598  0.928   5  2012   84  20.27  56011.040  106.4  6.306e+00 
  56599  0.742   4  2012   84  20.85  56011.064  106.4  4.846e+00 
  56600  0.742   4  2012   84  21.25  56011.081  106.4  4.087e+00 
  56601  0.742   4  2012   84  21.71  56011.100  106.3  3.489e+00 
  56602  0.928   5  2012   84  22.22  56011.122  106.3  2.930e+00 
  56603  0.742   4  2012   84  22.71  56011.142  106.3  2.686e+00 
  56604  0.928   5  2012   84  23.24  56011.164  106.3  2.733e+00 
  56605  0.742   4  2012   84  23.70  56011.183  106.2  2.623e+00 
  56645  0.372   2  2012   85  19.87  56012.024  105.4  7.971e+00 
  56646  0.744   4  2012   85  20.26  56012.040  105.3  6.520e+00 
  56647  0.558   3  2012   85  20.88  56012.066  105.3  4.986e+00 
  56648  0.931   5  2012   85  21.29  56012.083  105.3  4.052e+00 
  56649  0.558   3  2012   85  21.74  56012.101  105.3  3.486e+00 
  56650  0.931   5  2012   85  22.22  56012.122  105.3  2.981e+00 
  56651  0.744   4  2012   85  22.68  56012.141  105.3  2.919e+00 
  56652  0.986   5  2012   85  23.27  56012.165  105.3  2.551e+00 
  56653  0.411   1  2012   85  23.81  56012.188  105.2  1.299e+00 
  56654  0.411   1  2012   86   0.03  56012.197  105.2  1.113e+00 
  56656  0.639   1  2012   86   1.31  56012.250  105.2  1.731e+00 
  56657  1.278   2  2012   86   1.82  56012.271  105.2  2.237e+00 
  56658  0.639   1  2012   86   2.33  56012.293  105.2  2.365e+00 
  56693  0.558   3  2012   86  19.82  56013.021  104.5  7.884e+00 
  56694  0.558   3  2012   86  20.30  56013.042  104.4  6.133e+00 
  56695  0.931   5  2012   86  20.75  56013.060  104.4  5.117e+00 
  56696  0.744   4  2012   86  21.24  56013.081  104.4  4.381e+00 
  56697  0.744   4  2012   86  21.75  56013.102  104.3  3.529e+00 
  56698  0.931   5  2012   86  22.21  56013.121  104.3  3.090e+00 
  56699  0.744   4  2012   86  22.79  56013.145  104.2  2.768e+00 
  56700  0.931   5  2012   86  23.26  56013.165  104.2  2.670e+00 
  56701  0.557   3  2012   86  23.76  56013.186  104.2  2.588e+00 
  57605  1.750   1  2012  105  19.59  56032.012  113.6  8.443e+00 
  57607  1.750   1  2012  105  20.53  56032.051  113.6  6.280e+00 
  57608  0.389   1  2012  105  21.20  56032.079  113.6  5.147e+00 
  57611  0.461   1  2012  105  22.97  56032.152  113.6  1.973e+00 
  57612  0.922   2  2012  105  23.35  56032.169  113.6  1.786e+00 
  57613  0.461   1  2012  105  23.74  56032.185  113.7  1.994e+00 
  57614  0.400   3  2012  106   0.35  56032.210  113.7  1.656e+00 
  57653  0.667   2  2012  106  19.79  56033.020  114.1  6.883e+00 
  57654  1.000   3  2012  106  20.26  56033.040  114.1  5.655e+00 
  57655  0.333   1  2012  106  20.66  56033.056  114.1  4.854e+00 
  57656  0.778   2  2012  106  21.22  56033.080  114.1  4.050e+00 
  57657  0.778   2  2012  106  21.65  56033.098  114.1  3.501e+00 
  57658  0.778   2  2012  106  22.18  56033.120  114.2  2.093e+00 
  57659  1.167   3  2012  106  22.73  56033.143  114.2  2.080e+00 
  57660  0.389   1  2012  106  23.18  56033.161  114.2  1.758e+00 
  57661  0.389   2  2012  106  23.71  56033.184  114.2  2.085e+00 
  57663  0.667   2  2012  107   0.72  56033.225  114.2  1.130e+00 
  57700  0.500   2  2012  107  19.29  56033.999  114.5  7.378e+00 
  57701  0.750   3  2012  107  19.66  56034.015  114.6  5.814e+00 
  57702  1.000   4  2012  107  20.27  56034.040  114.6  4.378e+00 
  57703  0.500   2  2012  107  20.70  56034.058  114.6  3.387e+00 
  57704  0.783   3  2012  107  21.31  56034.083  114.6  2.657e+00 
  57705  0.783   3  2012  107  21.76  56034.102  114.6  2.426e+00 
  57706  0.783   3  2012  107  22.24  56034.122  114.6  2.127e+00 
  57707  0.783   3  2012  107  22.69  56034.141  114.6  1.970e+00 
  57709  0.461   1  2012  107  23.92  56034.192  114.6  1.357e+00 
  57710  0.922   2  2012  108   0.31  56034.209  114.6  1.314e+00 
  57711  0.461   1  2012  108   0.70  56034.225  114.6  1.435e+00 
  57712  0.461   1  2012  108   1.26  56034.248  114.7  1.491e+00 
  57713  0.922   2  2012  108   1.80  56034.270  114.7  1.929e+00 
  57714  0.922   2  2012  108   2.31  56034.292  114.7  2.242e+00 
  57796  1.333   2  2012  109  19.24  56035.997  115.4  9.888e+00 
  57798  1.333   2  2012  109  20.27  56036.040  115.4  6.877e+00 
  57799  0.472   1  2012  109  20.88  56036.065  115.4  8.745e+00 
  57800  0.472   1  2012  109  21.16  56036.077  115.4  8.143e+00 
  57801  0.472   1  2012  109  21.73  56036.101  115.4  6.646e+00 
  57802  0.333   1  2012  109  22.33  56036.126  115.5  7.082e+00 
  57803  1.000   3  2012  109  22.72  56036.142  115.5  6.811e+00 
  57815  0.750   1  2012  110   4.70  56036.392  115.6  1.342e+01 
  57849  2.000   1  2012  110  21.80  56037.104  116.1  2.258e+00 
  57851  2.000   1  2012  110  22.92  56037.151  116.1  1.730e+00 
  57853  0.611   1  2012  110  23.86  56037.190  116.1  1.459e+00 
  57896  2.000   1  2012  111  21.29  56038.083  116.7  2.918e+00 
  57899  2.000   1  2012  111  22.56  56038.136  116.8  1.672e+00 
  57901  2.000   1  2012  111  23.66  56038.182  116.8  1.377e+00 
  57939  0.624   1  2012  112  18.87  56038.982  117.3  9.665e+00 
  57940  0.624   1  2012  112  19.21  56038.996  117.3  8.662e+00 
  57941  1.249   2  2012  112  19.72  56039.017  117.4  7.265e+00 
  57942  0.958   1  2012  112  20.41  56039.046  117.4  5.713e+00 
  57943  0.958   1  2012  112  20.92  56039.067  117.4  4.896e+00 
  57945  0.958   1  2012  112  21.68  56039.099  117.4  4.075e+00 
  57946  0.958   1  2012  112  22.21  56039.121  117.5  3.762e+00 
  57947  0.958   1  2012  112  22.74  56039.143  117.5  3.554e+00 
  57948  0.958   1  2012  112  23.26  56039.165  117.5  3.353e+00 
  57988  0.667   1  2012  113  19.17  56039.994  118.3  1.003e+01 
  57989  1.333   2  2012  113  19.71  56040.017  118.3  8.774e+00 
  57990  0.667   1  2012  113  20.25  56040.039  118.3  7.720e+00 
  57993  1.243   2  2012  113  21.71  56040.100  118.4  2.927e+00 
  57994  0.622   1  2012  113  22.23  56040.122  118.4  2.825e+00 
  57995  1.199   2  2012  113  22.77  56040.144  118.4  2.162e+00 
  57996  0.578   1  2012  113  23.30  56040.167  118.4  1.889e+00 
  57997  1.156   2  2012  113  23.79  56040.187  118.4  2.015e+00 
  58003  0.461   1  2012  114   2.88  56040.315  118.5  3.283e+00 
  58004  0.922   2  2012  114   3.26  56040.332  118.6  3.675e+00 
  58005  0.461   1  2012  114   3.65  56040.348  118.6  4.410e+00 
  58085  0.938   3  2012  115  19.70  56042.016  120.3  7.686e+00 
  58089  0.848   3  2012  115  21.83  56042.105  120.5  8.658e+00 
  58090  0.377   2  2012  115  22.19  56042.120  120.5  6.216e+00 
  58854  0.400   1  2012  131  20.36  56058.044  126.1  5.948e+00 
  58855  0.800   2  2012  131  20.69  56058.058  126.1  5.499e+00 
  58856  0.400   1  2012  131  21.02  56058.071  126.1  5.158e+00 
  59094  0.400   1  2012  136  20.37  56063.044  125.7  6.152e+00 
  59095  0.800   2  2012  136  20.70  56063.058  125.7  5.871e+00 
  59096  0.400   1  2012  136  21.03  56063.072  125.7  5.501e+00 
  59144  0.667   5  2012  137  21.25  56064.081  125.5  4.822e+00 
  59147  0.933   2  2012  137  22.83  56064.147  125.5  3.383e+00 
  59151  1.250   2  2012  138   0.69  56064.224  125.5  2.579e+00 
  59153  0.625   1  2012  138   1.69  56064.266  125.5  2.857e+00 
  59154  0.625   1  2012  138   2.05  56064.281  125.5  3.025e+00 
  59156  0.458   1  2012  138   3.08  56064.324  125.5  5.863e+00 
  59187  0.400   1  2012  138  18.92  56064.984  125.5  9.374e+00 
  59188  0.800   2  2012  138  19.25  56064.998  125.5  8.682e+00 
  59189  0.400   1  2012  138  19.58  56065.011  125.5  7.768e+00 
  59190  0.800   2  2012  138  20.29  56065.041  125.5  6.354e+00 
  59191  0.800   2  2012  138  20.73  56065.059  125.5  5.556e+00 
  59240  0.789   1  2012  139  21.38  56066.086  125.7  4.351e+00 
  59241  0.789   1  2012  139  21.81  56066.104  125.7  4.100e+00 
  59243  0.736   1  2012  139  22.60  56066.137  125.8  1.967e+00 
  59244  0.736   1  2012  139  23.02  56066.155  125.8  1.814e+00 
  59245  0.467   1  2012  139  23.79  56066.187  125.8  2.316e+00 
  59246  0.467   1  2012  140   0.05  56066.198  125.8  2.151e+00 
  59247  0.933   2  2012  140   0.74  56066.227  125.8  2.346e+00 
  59248  0.467   1  2012  140   1.46  56066.256  125.8  2.418e+00 
  59249  0.467   1  2012  140   1.72  56066.267  125.8  2.694e+00 
  59286  0.400   1  2012  140  20.48  56067.049  126.2  5.306e+00 
  59287  0.800   2  2012  140  20.81  56067.063  126.2  5.302e+00 
  59288  0.400   1  2012  140  21.13  56067.076  126.2  4.927e+00 
  59289  0.922   2  2012  140  21.77  56067.103  126.3  2.881e+00 
  59290  0.922   2  2012  140  22.29  56067.124  126.3  2.707e+00 
  59291  0.461   1  2012  140  22.91  56067.150  126.3  2.517e+00 
  59292  0.922   2  2012  140  23.30  56067.166  126.3  2.271e+00 
  59293  0.461   1  2012  140  23.69  56067.183  126.3  2.475e+00 
  59294  0.625   1  2012  141   0.18  56067.203  126.3  2.347e+00 
  59295  0.625   1  2012  141   0.53  56067.218  126.3  2.096e+00 
  59296  0.922   2  2012  141   1.30  56067.250  126.3  3.178e+00 
  59297  0.922   2  2012  141   1.82  56067.271  126.3  3.411e+00 
  59332  0.800   2  2012  141  19.26  56067.998  126.7  8.383e+00 
  59333  0.800   2  2012  141  19.69  56068.016  126.7  7.317e+00 
  59334  0.467   1  2012  141  20.32  56068.042  126.7  6.960e+00 
  59335  0.467   1  2012  141  20.58  56068.053  126.7  6.743e+00 
  59336  0.933   2  2012  141  21.25  56068.081  126.7  4.773e+00 
  59337  0.467   1  2012  141  21.90  56068.108  126.7  2.258e+00 
  59338  0.467   1  2012  141  22.16  56068.119  126.7  2.170e+00 
  59428  0.533   4  2012  143  19.19  56069.995  127.3  8.830e+00 
  59429  0.389   1  2012  143  19.81  56070.021  127.3  7.857e+00 
  59430  1.167   3  2012  143  20.22  56070.038  127.3  7.277e+00 
  59431  0.461   1  2012  143  20.98  56070.070  127.3  4.193e+00 
  59432  0.461   1  2012  143  21.46  56070.090  127.3  3.910e+00 
  59433  0.461   1  2012  143  21.72  56070.100  127.4  3.559e+00 
  59434  0.461   1  2012  143  22.23  56070.122  127.4  3.249e+00 
  59435  0.461   1  2012  143  22.85  56070.148  127.4  2.023e+00 
  59436  0.922   2  2012  143  23.24  56070.164  127.4  2.117e+00 
  59489  0.444   1  2012  145   1.92  56071.275  128.1  4.239e+00 
  59490  0.889   2  2012  145   2.31  56071.292  128.1  4.445e+00 
  59491  0.444   1  2012  145   2.70  56071.308  128.1  4.736e+00 
  60244  0.933   2  2012  160  19.23  56086.997  128.8  1.025e+01 
  60245  0.467   1  2012  160  19.87  56087.024  128.8  8.177e+00 
  60246  0.467   1  2012  160  20.13  56087.034  128.8  7.642e+00 
  60295  1.472   2  2012  161  20.71  56088.059  127.9  4.071e+00 
  60296  0.736   1  2012  161  21.45  56088.090  127.9  3.331e+00 
  60297  0.736   1  2012  161  21.87  56088.107  127.9  3.008e+00 
  60348  0.467   1  2012  162  23.30  56089.167  126.9  2.699e+00 
  60349  0.467   1  2012  162  23.56  56089.177  126.9  2.727e+00 
  60390  0.461   1  2012  163  20.44  56090.047  126.1  6.098e+00 
  60391  0.922   2  2012  163  20.83  56090.064  126.1  5.403e+00 
  60392  0.461   1  2012  163  21.22  56090.080  126.1  5.146e+00 
  60396  0.922   2  2012  163  23.16  56090.161  126.0  3.190e+00 
  60397  0.922   2  2012  163  23.68  56090.182  126.0  3.023e+00 
  60549  0.922   2  2012  167   3.82  56093.355  124.6  6.812e+00 
  60550  0.922   2  2012  167   4.34  56093.376  124.6  8.513e+00 
  60581  0.389   1  2012  167  19.94  56094.027  124.4  9.361e+00 
  60582  0.778   2  2012  167  20.26  56094.040  124.4  9.026e+00 
  60583  0.389   1  2012  167  20.57  56094.053  124.4  8.439e+00 
  60584  0.933   2  2012  167  21.35  56094.085  124.3  5.095e+00 
  60586  0.912   2  2012  167  22.19  56094.120  124.3  3.101e+00 
  60587  0.456   1  2012  167  22.61  56094.138  124.3  2.720e+00 
  60588  0.912   2  2012  167  23.33  56094.168  124.3  2.813e+00 
  60589  0.456   1  2012  167  23.75  56094.185  124.3  2.753e+00 
  60598  0.922   2  2012  168   4.36  56094.377  124.2  9.307e+00 
  60599  0.461   1  2012  168   4.75  56094.394  124.2  1.082e+01 
  60600  0.461   1  2012  168   5.01  56094.404  124.2  1.210e+01 
  60629  0.750   1  2012  168  19.91  56095.025  124.0  7.295e+00 
  60630  0.750   1  2012  168  20.31  56095.042  124.0  6.420e+00 
  60632  1.500   2  2012  168  21.29  56095.083  124.0  4.623e+00 
  60634  0.456   1  2012  168  22.24  56095.122  124.0  3.158e+00 
  60635  0.912   2  2012  168  22.66  56095.140  124.0  2.944e+00 
  61063  0.461   1  2012  177  20.80  56104.062  132.1  5.085e+00 
  61064  0.922   2  2012  177  21.19  56104.079  132.1  3.426e+00 
  61078  0.461   1  2012  178   4.45  56104.381  132.5  5.936e+00 
  61877  1.333   2  2012  194  19.76  56121.019  141.2  1.148e+01 
  61878  0.667   1  2012  194  20.30  56121.041  141.2  1.076e+01 
  61879  0.667   1  2012  194  20.66  56121.056  141.2  1.044e+01 
  61983  1.333   2  2012  197   0.77  56123.228  140.9  2.733e+00 
  61984  0.667   1  2012  197   1.31  56123.250  140.9  2.940e+00 
  61985  0.667   1  2012  197   1.67  56123.265  140.9  2.996e+00 
  62126  0.603   1  2012  200   0.46  56126.215  138.7  1.992e+00 
  62127  0.603   1  2012  200   0.80  56126.229  138.7  1.778e+00 
  62128  1.206   2  2012  200   1.31  56126.250  138.6  2.016e+00 
  62182  0.667   1  2012  201   4.27  56127.373  137.8  4.972e+00 
  62183  1.268   2  2012  201   4.79  56127.395  137.8  6.754e+00 
  62356  1.333   1  2012  204  19.30  56131.000  134.1  9.096e+00 
  62357  1.333   1  2012  204  19.99  56131.029  134.1  7.462e+00 
  63231  0.922   2  2012  223   0.76  56149.227  122.3  1.567e+00 
  63232  0.461   1  2012  223   1.15  56149.243  122.3  1.413e+00 
  63276  0.739   5  2012  223  23.27  56150.165  121.4  2.408e+00 
  63333  0.443   3  2012  225   3.84  56151.355  120.3  4.393e+00 
  63334  0.739   5  2012  225   4.24  56151.372  120.3  5.713e+00 
  63364  0.920   6  2012  225  19.26  56151.998  119.6  9.200e+00 
  63365  0.613   4  2012  225  19.71  56152.017  119.6  8.189e+00 
  63459  0.500   1  2012  227  18.93  56153.984  117.5  9.971e+00 
  63460  0.500   1  2012  227  19.21  56153.996  117.5  9.619e+00 
  63461  0.500   1  2012  227  19.77  56154.019  117.5  8.968e+00 
  63462  0.500   1  2012  227  20.04  56154.031  117.5  8.429e+00 
  63468  0.333   1  2012  227  23.31  56154.167  117.3  8.098e+00 
  63469  1.000   3  2012  227  23.70  56154.183  117.2  7.570e+00 
  63475  0.667   1  2012  228   2.81  56154.312  117.0  2.788e+00 
  63476  0.667   1  2012  228   3.17  56154.327  117.0  3.143e+00 
  63477  0.800   2  2012  228   3.85  56154.356  117.0  4.329e+00 
  63478  0.800   2  2012  228   4.29  56154.374  116.9  5.425e+00 
  63558  0.887   6  2012  229  20.25  56156.039  115.5  6.634e+00 
  63606  0.833   1  2012  230  20.37  56157.044  115.0  3.388e+00 
  63607  0.833   1  2012  230  20.81  56157.063  115.0  2.918e+00 
  63608  0.833   1  2012  230  21.41  56157.088  115.0  2.252e+00 
  63609  0.833   1  2012  230  21.86  56157.106  115.0  2.009e+00 
  63611  0.833   1  2012  230  22.76  56157.144  115.0  1.779e+00 
  63612  0.833   1  2012  230  23.20  56157.162  115.0  1.586e+00 
  63615  0.556   2  2012  231   0.81  56157.229  114.9  2.655e+00 
  63617  0.833   3  2012  231   1.69  56157.266  114.9  1.357e+00 
  63621  0.887   6  2012  231   3.72  56157.351  114.9  3.509e+00 
  63622  0.591   4  2012  231   4.16  56157.369  114.9  4.575e+00 
  63659  1.111   2  2012  231  22.78  56158.145  114.8  1.769e+00 
  63660  0.556   1  2012  231  23.37  56158.169  114.8  1.592e+00 
  63661  0.556   1  2012  231  23.67  56158.182  114.8  1.444e+00 
  63662  0.667   2  2012  232   0.29  56158.208  114.9  1.242e+00 
  63663  0.500   1  2012  232   0.74  56158.226  114.9  1.468e+00 
  63664  0.648   2  2012  232   1.09  56158.241  114.9  1.433e+00 
  63665  0.739   5  2012  232   1.72  56158.267  114.9  1.650e+00 
  63667  0.800   2  2012  232   2.75  56158.310  114.9  3.125e+00 
  63668  0.800   2  2012  232   3.18  56158.328  114.9  3.824e+00 
  63669  0.667   1  2012  232   3.91  56158.359  114.9  4.889e+00 
  63670  0.667   1  2012  232   4.27  56158.374  114.9  5.767e+00 
  63952  0.948   3  2012  238   1.24  56164.247  116.1  1.613e+00 
  64005  2.267   1  2012  239   3.61  56165.346  116.7  6.403e+00 
  64052  0.789   1  2012  240   3.43  56166.338  117.2  4.786e+00 
  64053  0.789   1  2012  240   3.85  56166.356  117.2  6.026e+00 
  64101  0.444   1  2012  241   3.96  56167.361  117.6  7.568e+00 
  64102  0.889   2  2012  241   4.35  56167.377  117.6  9.143e+00 
  64621  0.632   2  2012  251  23.77  56178.186  119.6  1.570e+00 
  64622  0.632   2  2012  252   0.13  56178.201  119.6  1.606e+00 
  64623  0.632   2  2012  252   0.72  56178.226  119.6  1.240e+00 
  64667  0.667   2  2012  252  22.89  56179.149  119.9  5.370e+00 
  64814  0.722   1  2012  256   0.30  56182.208  122.1  1.945e+00 
  64815  0.722   1  2012  256   0.70  56182.225  122.1  2.017e+00 
  64816  0.400   1  2012  256   1.35  56182.252  122.2  2.055e+00 
  64817  0.800   2  2012  256   1.68  56182.266  122.2  2.231e+00 
  64818  0.400   1  2012  256   2.01  56182.279  122.2  2.462e+00 
  64819  0.800   2  2012  256   2.73  56182.309  122.2  3.041e+00 
  64820  0.800   2  2012  256   3.17  56182.328  122.2  3.630e+00 
  64821  0.800   2  2012  256   3.83  56182.355  122.2  5.313e+00 
  64822  0.800   2  2012  256   4.27  56182.373  122.2  6.687e+00 
  64860  1.667   1  2012  256  23.23  56183.164  122.7  9.764e-01 
  64862  1.667   1  2012  257   0.37  56183.211  122.7  8.404e-01 
  64867  0.456   1  2012  257   2.81  56183.312  122.8  3.261e+00 
  64868  0.912   2  2012  257   3.22  56183.330  122.8  3.998e+00 
  64913  0.333   2  2012  258   1.89  56184.274  123.0  1.230e+00 
  64914  0.667   4  2012  258   2.21  56184.288  123.0  1.173e+00 
  64915  0.456   1  2012  258   2.84  56184.314  123.0  3.268e+00 
  64916  0.912   2  2012  258   3.26  56184.332  123.0  4.125e+00 
  64953  0.750   1  2012  258  21.77  56185.103  122.9  2.595e+00 
  64954  0.750   1  2012  258  22.17  56185.119  122.9  2.278e+00 
  65006  0.333   2  2012  260   0.28  56186.207  122.5  6.639e-01 
  65007  0.333   2  2012  260   0.61  56186.221  122.5  6.194e-01 
  65008  0.603   1  2012  260   1.21  56186.246  122.5  2.046e+00 
  65009  1.206   2  2012  260   1.72  56186.267  122.5  2.288e+00 
  65010  0.603   1  2012  260   2.23  56186.289  122.5  2.665e+00 
  65012  1.333   2  2012  260   3.19  56186.328  122.5  4.054e+00 
  65014  0.443   3  2012  260   4.20  56186.370  122.4  8.002e+00 
  65044  0.500   2  2012  260  19.34  56187.002  122.3  7.792e+00 
  65045  1.000   4  2012  260  19.75  56187.019  122.3  6.085e+00 
  65046  0.500   2  2012  260  20.16  56187.035  122.2  4.816e+00 
  65050  1.000   4  2012  260  22.28  56187.124  122.2  2.215e+00 
  65051  0.750   3  2012  260  22.75  56187.144  122.2  2.316e+00 
  65054  1.249   2  2012  261   0.29  56187.208  122.2  1.865e+00 
  65055  0.624   1  2012  261   0.80  56187.229  122.2  1.779e+00 
  65057  0.624   1  2012  261   1.69  56187.266  122.2  3.666e+00 
  65058  1.249   2  2012  261   2.21  56187.288  122.2  3.926e+00 
  65059  0.624   1  2012  261   2.72  56187.309  122.2  4.554e+00 
  65060  0.624   1  2012  261   3.30  56187.333  122.2  5.368e+00 
  65061  0.624   1  2012  261   3.64  56187.347  122.2  6.016e+00 
  65062  1.249   2  2012  261   4.25  56187.373  122.1  8.315e+00 
  65099  1.667   1  2012  261  22.85  56188.148  121.9  1.101e+00 
  65102  1.249   2  2012  262   0.24  56188.206  121.8  2.352e+00 
  65103  0.624   1  2012  262   0.76  56188.227  121.8  2.399e+00 
  65104  0.624   1  2012  262   1.10  56188.241  121.8  2.754e+00 
  65105  0.624   1  2012  262   1.67  56188.265  121.8  4.443e+00 
  65106  1.249   2  2012  262   2.18  56188.286  121.8  4.946e+00 
  65140  1.167   2  2012  262  19.32  56189.001  121.5  1.185e+01 
  65141  0.583   1  2012  262  19.80  56189.020  121.5  1.027e+01 
  65142  0.583   1  2012  262  20.12  56189.034  121.5  9.587e+00 
  65149  0.624   1  2012  262  24.00  56189.195  121.4  1.918e+00 
  65150  0.624   1  2012  263   0.34  56189.210  121.3  1.892e+00 
  65151  0.624   1  2012  263   0.68  56189.224  121.3  1.944e+00 
  65152  0.624   1  2012  263   1.02  56189.238  121.3  1.999e+00 
  65153  1.249   2  2012  263   1.76  56189.269  121.3  3.996e+00 
  65154  0.624   1  2012  263   2.27  56189.290  121.3  4.318e+00 
  65155  0.624   1  2012  263   2.62  56189.305  121.3  4.767e+00 
  65156  0.624   1  2012  263   3.19  56189.328  121.3  5.611e+00 
  65157  1.249   2  2012  263   3.70  56189.350  121.3  6.668e+00 
  65158  0.624   1  2012  263   4.21  56189.371  121.2  8.335e+00 
  65197  0.624   1  2012  263  23.82  56190.188  120.7  1.936e+00 
  65198  0.624   1  2012  264   0.17  56190.203  120.7  1.817e+00 
  65199  1.249   2  2012  264   0.68  56190.224  120.7  2.049e+00 
  65200  0.624   1  2012  264   1.41  56190.254  120.7  3.824e+00 
  65201  0.624   1  2012  264   1.75  56190.269  120.7  3.924e+00 
  65202  1.249   2  2012  264   2.26  56190.290  120.7  4.360e+00 
  65204  1.249   2  2012  264   3.24  56190.331  120.6  5.819e+00 
  65205  0.624   1  2012  264   3.75  56190.352  120.6  7.141e+00 
  65206  0.675   2  2012  264   4.22  56190.371  120.6  8.475e+00 
  65207  0.617   2  2012  264   4.72  56190.392  120.6  1.079e+01 
  65245  0.519   1  2012  264  23.85  56191.189  119.9  1.741e+00 
  65246  0.519   1  2012  265   0.13  56191.201  119.9  1.836e+00 
  65247  0.938   2  2012  265   0.67  56191.224  119.9  4.191e+00 
  65248  0.794   2  2012  265   1.18  56191.245  119.9  4.487e+00 
  65249  0.938   2  2012  265   1.84  56191.272  119.9  4.859e+00 
  65250  0.938   2  2012  265   2.35  56191.293  119.8  5.110e+00 
  65251  0.469   1  2012  265   2.87  56191.315  119.8  8.538e+00 
  65252  0.938   2  2012  265   3.25  56191.331  119.8  9.452e+00 
  65253  0.777   2  2012  265   3.76  56191.352  119.8  1.109e+01 
  65254  0.923   3  2012  265   4.31  56191.375  119.8  1.292e+01 
  65297  0.616   1  2012  266   1.74  56192.268  118.9  2.879e+00 
  65298  1.235   2  2012  266   2.23  56192.288  118.9  3.277e+00 
  65299  0.693   1  2012  266   2.84  56192.314  118.9  4.188e+00 
  65300  0.693   1  2012  266   3.20  56192.329  118.9  4.824e+00 
  66106  0.461   1  2012  282  22.29  56209.124  125.5  4.574e+00 
  66107  0.922   2  2012  282  22.67  56209.140  125.5  4.483e+00 
  66108  0.461   1  2012  282  23.06  56209.156  125.5  3.956e+00 
  66109  0.922   2  2012  282  23.75  56209.185  125.5  4.452e+00 
  66110  0.922   2  2012  283   0.27  56209.207  125.6  4.702e+00 
  66111  0.356   1  2012  283   0.85  56209.231  125.6  4.194e+00 
  66112  1.067   3  2012  283   1.27  56209.249  125.6  4.353e+00 
  66117  0.461   1  2012  283   3.81  56209.354  125.6  8.668e+00 
  66118  0.922   2  2012  283   4.20  56209.370  125.6  1.022e+01 
  66151  1.667   1  2012  283  20.75  56210.060  125.9  5.337e+00 
  66153  1.667   1  2012  283  21.96  56210.111  125.9  3.870e+00 
  66155  0.461   1  2012  283  22.90  56210.150  125.9  1.661e+00 
  66156  0.922   2  2012  283  23.29  56210.166  125.9  1.708e+00 
  66157  0.461   1  2012  283  23.68  56210.182  125.9  1.493e+00 
  66158  0.711   2  2012  284   0.30  56210.208  125.9  3.337e+00 
  66159  0.711   2  2012  284   0.72  56210.226  125.9  3.506e+00 
  66160  0.461   1  2012  284   1.37  56210.253  125.9  4.830e+00 
  66161  0.922   2  2012  284   1.76  56210.269  125.9  4.741e+00 
  66162  0.461   1  2012  284   2.15  56210.285  125.9  5.051e+00 
  66201  0.333   2  2012  284  21.92  56211.109  125.9  1.921e+00 
  66202  0.500   3  2012  284  22.30  56211.125  125.9  1.868e+00 
  66203  0.667   4  2012  284  22.68  56211.141  125.9  1.637e+00 
  66205  0.667   4  2012  284  23.78  56211.186  125.9  1.315e+00 
  66206  0.833   5  2012  285   0.27  56211.207  125.9  1.473e+00 
  66208  0.922   2  2012  285   1.16  56211.244  125.9  3.556e+00 
  66209  0.922   2  2012  285   1.68  56211.266  125.9  3.977e+00 
  66249  0.667   2  2012  285  21.76  56212.102  125.8  4.058e+00 
  66250  0.667   2  2012  285  22.19  56212.120  125.8  3.880e+00 
  66294  0.667   1  2012  286  20.32  56213.042  125.5  6.690e+00 
  66295  0.667   1  2012  286  20.68  56213.057  125.5  5.993e+00 
  66304  0.667   1  2012  287   1.14  56213.243  125.4  1.808e+00 
  66305  0.667   1  2012  287   1.50  56213.258  125.4  1.927e+00 
  66306  0.472   4  2012  287   2.36  56213.294  125.4  8.219e+00 
  66352  0.667   1  2012  288   1.21  56214.246  125.0  2.422e+00 
  66353  0.667   1  2012  288   1.57  56214.261  125.0  2.573e+00 
  66389  0.922   2  2012  288  19.81  56215.021  124.6  8.221e+00 
  66390  0.922   2  2012  288  20.33  56215.043  124.6  6.730e+00 
  66393  0.521   2  2012  288  21.68  56215.099  124.5  3.998e+00 
  66397  0.789   1  2012  288  23.59  56215.179  124.5  3.793e+00 
  66398  0.789   1  2012  289   0.02  56215.196  124.5  3.899e+00 
  66437  0.667   1  2012  289  19.68  56216.016  124.1  9.242e+00 
  66438  0.667   1  2012  289  20.04  56216.031  124.1  8.426e+00 
  66439  0.978   3  2012  289  20.75  56216.060  124.1  6.373e+00 
  66440  0.978   3  2012  289  21.27  56216.082  124.1  5.335e+00 
  66442  1.333   2  2012  289  22.27  56216.123  124.1  2.205e+00 
  66444  0.667   1  2012  289  23.28  56216.166  124.1  1.800e+00 
  66445  0.667   1  2012  289  23.64  56216.181  124.0  1.697e+00 
  66446  0.922   2  2012  290   0.20  56216.204  124.0  1.579e+00 
  66447  0.922   2  2012  290   0.72  56216.226  124.0  1.736e+00 
  66448  0.467   1  2012  290   1.46  56216.256  124.0  2.123e+00 
  66449  0.467   1  2012  290   1.72  56216.267  124.0  2.487e+00 
  66450  0.922   2  2012  290   2.23  56216.289  124.0  3.304e+00 
  66451  0.922   2  2012  290   2.75  56216.310  124.0  4.537e+00 
  66452  0.461   1  2012  290   3.45  56216.339  124.0  1.227e+01 
  66453  0.922   2  2012  290   3.84  56216.355  124.0  1.396e+01 
  66490  0.922   2  2012  290  22.21  56217.121  123.7  3.805e+00 
  66491  0.922   2  2012  290  22.73  56217.142  123.7  3.406e+00 
  66492  0.667   1  2012  290  23.48  56217.174  123.7  1.679e+00 
  66493  0.667   1  2012  290  23.84  56217.189  123.7  1.553e+00 
  66494  0.461   1  2012  291   0.41  56217.213  123.7  3.906e+00 
  66495  0.922   2  2012  291   0.80  56217.229  123.7  4.174e+00 
  66496  0.461   1  2012  291   1.19  56217.245  123.7  4.020e+00 
  66497  0.922   2  2012  291   1.84  56217.272  123.7  3.502e+00 
  66498  0.922   2  2012  291   2.36  56217.294  123.7  4.099e+00 
  66540  1.333   2  2012  291  23.25  56218.164  123.4  1.684e+00 
  66542  1.333   2  2012  292   0.22  56218.205  123.4  1.673e+00 
  66544  0.461   1  2012  292   1.27  56218.249  123.4  1.510e+00 
  66546  0.461   1  2012  292   2.43  56218.297  123.4  4.504e+00 
  66547  0.922   2  2012  292   2.81  56218.313  123.4  5.080e+00 
  66548  0.461   1  2012  292   3.20  56218.329  123.4  6.299e+00 
  66549  0.467   1  2012  292   3.76  56218.352  123.4  1.232e+01 
  66550  0.467   1  2012  292   4.03  56218.363  123.4  1.353e+01 
  66583  0.461   1  2012  292  20.81  56219.063  123.2  5.764e+00 
  66584  0.922   2  2012  292  21.20  56219.079  123.2  5.272e+00 
  66585  0.461   1  2012  292  21.59  56219.095  123.2  4.652e+00 
  66587  0.933   2  2012  292  22.84  56219.147  123.2  2.561e+00 
  66590  0.461   1  2012  293   0.01  56219.196  123.1  1.702e+00 
  66591  0.922   2  2012  293   0.79  56219.229  123.1  1.761e+00 
  66592  0.922   2  2012  293   1.31  56219.250  123.1  1.834e+00 
  66630  0.847   2  2012  293  20.32  56220.042  122.9  7.125e+00 
  66631  0.424   1  2012  293  20.81  56220.063  122.9  6.017e+00 
  66632  0.847   2  2012  293  21.23  56220.080  122.9  5.309e+00 
  66633  0.424   1  2012  293  21.64  56220.097  122.9  4.400e+00 
  66635  0.749   2  2012  293  22.82  56220.146  122.9  2.829e+00 
  66636  0.424   1  2012  293  23.21  56220.163  122.9  2.465e+00 
  66637  0.424   1  2012  293  23.75  56220.185  122.9  2.162e+00 
  66638  0.500   1  2012  294   0.23  56220.205  122.9  1.955e+00 
  66639  1.000   2  2012  294   0.65  56220.223  122.9  2.174e+00 
  66640  1.000   2  2012  294   1.27  56220.248  122.9  2.621e+00 
  66641  0.500   1  2012  294   1.74  56220.268  122.9  3.042e+00 
  66642  1.000   2  2012  294   2.16  56220.286  122.9  3.292e+00 
  66643  0.500   1  2012  294   2.86  56220.315  122.8  4.496e+00 
  66644  1.000   2  2012  294   3.28  56220.332  122.8  5.751e+00 
  66645  0.500   1  2012  294   3.70  56220.350  122.8  7.409e+00 
  66684  0.500   1  2012  294  23.37  56221.169  122.7  1.944e+00 
  66685  1.000   2  2012  294  23.79  56221.187  122.7  2.032e+00 
  66686  0.500   1  2012  295   0.21  56221.204  122.7  2.194e+00 
  66687  0.500   1  2012  295   0.72  56221.226  122.7  2.082e+00 
  66688  1.000   2  2012  295   1.14  56221.243  122.7  2.381e+00 
  66689  1.000   2  2012  295   1.75  56221.268  122.7  2.882e+00 
  66690  0.681   2  2012  295   2.27  56221.290  122.7  3.387e+00 
  66691  0.500   1  2012  295   2.75  56221.310  122.7  4.313e+00 
  66692  1.000   2  2012  295   3.25  56221.331  122.7  5.393e+00 
  66736  0.368   1  2012  296   1.13  56222.243  122.4  6.147e+00 
  66737  0.736   2  2012  296   1.80  56222.270  122.4  6.352e+00 
  66738  0.736   2  2012  296   2.35  56222.293  122.4  7.493e+00 
  66739  0.368   1  2012  296   2.84  56222.314  122.4  8.868e+00 
  66740  0.368   1  2012  296   3.06  56222.323  122.4  9.693e+00 
  67253  0.500   1  2012  306  19.78  56233.020  119.5  7.437e+00 
  67254  0.500   1  2012  306  20.04  56233.031  119.5  6.522e+00 
  67255  0.661   2  2012  306  20.65  56233.056  119.5  4.342e+00 
  67302  0.833   5  2012  307  20.23  56234.039  119.3  6.083e+00 
  67303  0.333   2  2012  307  20.62  56234.055  119.3  5.364e+00 
  67304  0.667   4  2012  307  21.17  56234.078  119.3  4.323e+00 
  67445  0.667   4  2012  310  19.80  56237.021  117.8  7.292e+00 
  67446  0.667   4  2012  310  20.24  56237.039  117.8  6.308e+00 
  67447  0.333   2  2012  310  20.57  56237.052  117.8  5.346e+00 
  67493  0.667   4  2012  311  19.84  56238.022  117.6  7.528e+00 
  67494  0.667   4  2012  311  20.27  56238.040  117.6  6.418e+00 
  67495  0.333   2  2012  311  20.60  56238.054  117.6  5.622e+00 
  67496  0.667   4  2012  311  21.24  56238.081  117.6  4.680e+00 
  67497  0.833   5  2012  311  21.73  56238.101  117.6  4.102e+00 
  67501  0.467   1  2012  311  23.90  56238.191  117.6  2.486e+00 
  67502  0.467   1  2012  312   0.16  56238.202  117.6  2.319e+00 
  67505  0.461   1  2012  312   1.92  56238.276  117.6  6.607e+00 
  67506  0.922   2  2012  312   2.31  56238.292  117.6  7.027e+00 
  67507  0.461   1  2012  312   2.70  56238.308  117.6  7.796e+00 
  67543  0.500   3  2012  312  20.86  56239.065  117.7  5.294e+00 
  67544  0.667   4  2012  312  21.24  56239.081  117.7  4.811e+00 
  67545  0.500   3  2012  312  21.62  56239.097  117.7  4.214e+00 
  67549  0.922   2  2012  312  23.66  56239.182  117.8  3.334e+00 
  67550  0.922   2  2012  313   0.18  56239.203  117.8  3.390e+00 
  67551  0.467   1  2012  313   0.78  56239.228  117.8  3.195e+00 
  67552  0.467   1  2012  313   1.05  56239.239  117.8  3.066e+00 
  67595  0.833   5  2012  313  22.73  56240.143  117.9  3.088e+00 
  67596  0.667   4  2012  313  23.22  56240.163  117.9  2.920e+00 
  67598  0.992   3  2012  314   0.20  56240.204  117.9  3.050e+00 
  67599  0.331   1  2012  314   0.57  56240.219  117.9  3.020e+00 
  67637  0.461   1  2012  314  19.88  56241.024  117.8  7.966e+00 
  67638  0.922   2  2012  314  20.27  56241.040  117.8  7.033e+00 
  67639  0.461   1  2012  314  20.66  56241.056  117.8  6.171e+00 
  67640  0.461   1  2012  314  21.33  56241.084  117.8  5.219e+00 
  67641  0.922   2  2012  314  21.72  56241.101  117.8  4.921e+00 
  67644  0.933   2  2012  314  23.36  56241.169  117.9  2.480e+00 
  67738  0.817   1  2012  316  22.31  56243.125  118.0  4.512e+00 
  67739  0.817   1  2012  316  22.73  56243.143  118.0  4.161e+00 
  67746  1.000   3  2012  317   2.25  56243.289  118.1  6.236e+00 
  67747  0.333   1  2012  317   2.67  56243.307  118.1  7.118e+00 
  67782  1.333   2  2012  317  20.28  56244.041  118.5  9.093e+00 
  67784  0.992   3  2012  317  21.23  56244.080  118.5  6.453e+00 
  67785  0.331   1  2012  317  21.60  56244.096  118.5  5.858e+00 
  67786  0.992   3  2012  317  22.25  56244.123  118.5  5.254e+00 
  67787  0.331   1  2012  317  22.62  56244.138  118.5  5.060e+00 
  67788  0.733   2  2012  317  23.32  56244.167  118.5  8.076e+00 
  67789  0.733   2  2012  317  23.75  56244.185  118.5  8.183e+00 
  67829  0.667   1  2012  318  19.96  56245.027  118.9  8.713e+00 
  67830  0.667   1  2012  318  20.32  56245.042  118.9  8.800e+00 
  67835  0.667   1  2012  318  22.75  56245.143  119.0  5.217e+00 
  67836  0.667   1  2012  318  23.11  56245.158  119.0  5.009e+00 
  67877  0.778   1  2012  319  19.89  56246.024  119.4  8.868e+00 
  67878  0.778   1  2012  319  20.33  56246.043  119.4  7.989e+00 
  67880  1.556   2  2012  319  21.27  56246.082  119.4  5.609e+00 
  67882  0.778   1  2012  319  22.20  56246.120  119.4  4.923e+00 
  67883  0.778   1  2012  319  22.63  56246.139  119.4  4.925e+00 
  67925  0.490   3  2012  320  19.90  56247.025  119.9  1.139e+01 
  67926  0.653   4  2012  320  20.32  56247.042  119.9  8.846e+00 
  67927  0.817   5  2012  320  20.79  56247.062  119.9  7.189e+00 
  67928  0.653   4  2012  320  21.26  56247.081  119.9  6.146e+00 
  67929  0.817   5  2012  320  21.73  56247.101  120.0  5.386e+00 
  67930  0.817   5  2012  320  22.25  56247.123  120.0  4.781e+00 
  67931  0.817   5  2012  320  22.78  56247.145  120.0  4.424e+00 
  67932  0.653   4  2012  320  23.23  56247.164  120.0  4.252e+00 
  67933  0.817   5  2012  320  23.73  56247.184  120.0  4.176e+00 
  67934  0.817   5  2012  321   0.23  56247.205  120.0  4.225e+00 
  67935  0.817   5  2012  321   0.78  56247.228  120.0  4.372e+00 
  67936  0.653   4  2012  321   1.29  56247.249  120.0  4.740e+00 
  67937  0.817   5  2012  321   1.74  56247.268  120.1  5.101e+00 
  67939  0.711   2  2012  321   2.89  56247.316  120.1  1.195e+01 
  67940  0.711   2  2012  321   3.30  56247.333  120.1  1.321e+01 
  67974  0.653   4  2012  321  20.32  56248.042  120.5  1.219e+01 
  67975  0.817   5  2012  321  20.76  56248.061  120.5  1.053e+01 
  67976  0.653   4  2012  321  21.26  56248.081  120.5  9.391e+00 
  67977  0.980   6  2012  321  21.75  56248.102  120.5  8.677e+00 
  67978  0.490   3  2012  321  22.39  56248.129  120.5  8.376e+00 
  67979  0.817   5  2012  321  22.79  56248.145  120.5  7.983e+00 
  67980  0.653   4  2012  321  23.26  56248.165  120.6  7.660e+00 
  67981  0.817   5  2012  321  23.73  56248.184  120.6  7.562e+00 
  67982  0.817   5  2012  322   0.25  56248.206  120.6  7.632e+00 
  67983  0.817   5  2012  322   0.77  56248.228  120.6  7.867e+00 
  67984  0.653   4  2012  322   1.23  56248.247  120.6  8.026e+00 
  67985  0.817   5  2012  322   1.71  56248.267  120.6  8.244e+00 
  67986  0.653   4  2012  322   2.16  56248.285  120.6  8.997e+00 
  67987  0.356   1  2012  322   2.81  56248.313  120.6  1.144e+01 
  67988  1.067   3  2012  322   3.22  56248.330  120.7  1.222e+01 
  68026  0.933   2  2012  322  22.21  56249.121  121.0  5.031e+00 
  68073  0.467   1  2012  323  21.93  56250.109  121.1  5.582e+00 
  68074  0.467   1  2012  323  22.19  56250.120  121.1  5.221e+00 
  68080  0.922   2  2012  324   1.29  56250.250  121.1  9.729e+00 
  68081  0.922   2  2012  324   1.81  56250.271  121.1  1.017e+01 
  68082  0.461   1  2012  324   2.42  56250.297  121.1  9.506e+00 
  68083  0.922   2  2012  324   2.81  56250.313  121.1  1.059e+01 
  68084  0.461   1  2012  324   3.20  56250.329  121.1  1.196e+01 
  68981  0.628   1  2012  342  19.93  56269.026  106.4  9.389e+00 
  68982  0.628   1  2012  342  20.28  56269.040  106.4  8.760e+00 
  68983  0.628   1  2012  342  20.80  56269.062  106.4  7.504e+00 
  68984  0.628   1  2012  342  21.14  56269.076  106.4  6.701e+00 
  68988  0.628   1  2012  342  23.27  56269.165  106.3  4.774e+00 
  68989  0.628   1  2012  342  23.61  56269.179  106.3  4.786e+00 
  68991  0.628   1  2012  343   0.84  56269.231  106.3  5.103e+00 
  68992  0.628   1  2012  343   1.18  56269.245  106.3  5.235e+00 
  68993  1.256   2  2012  343   1.78  56269.270  106.3  5.726e+00 
  69030  1.256   2  2012  343  20.28  56270.041  106.2  9.145e+00 
  69033  0.628   1  2012  343  21.73  56270.101  106.2  6.201e+00 
  69034  1.256   2  2012  343  22.24  56270.122  106.2  5.575e+00 
  69035  0.628   1  2012  343  22.76  56270.144  106.2  5.144e+00 
  69036  0.628   1  2012  343  23.22  56270.163  106.2  4.899e+00 
  69037  1.256   2  2012  343  23.77  56270.186  106.1  4.739e+00 
  69038  0.628   1  2012  344   0.31  56270.209  106.1  4.874e+00 
  69039  0.628   1  2012  344   0.80  56270.229  106.1  5.177e+00 
  69040  0.628   1  2012  344   1.15  56270.243  106.1  5.642e+00 
  69042  0.628   1  2012  344   2.36  56270.294  106.1  7.492e+00 
  69043  0.628   1  2012  344   2.70  56270.308  106.1  8.426e+00 
  69044  0.628   1  2012  344   3.20  56270.329  106.1  9.431e+00 
  69045  0.628   1  2012  344   3.54  56270.343  106.1  1.088e+01 
  69078  0.628   1  2012  344  20.06  56271.031  105.9  9.926e+00 
  69080  0.628   1  2012  344  21.27  56271.082  105.9  7.137e+00 
  69081  0.628   1  2012  344  21.61  56271.096  105.9  6.410e+00 
  69082  1.256   2  2012  344  22.29  56271.124  105.9  5.639e+00 
  69083  0.628   1  2012  344  22.80  56271.146  105.9  5.302e+00 
  69084  0.628   1  2012  344  23.14  56271.160  105.9  4.959e+00 
  69085  1.256   2  2012  344  23.75  56271.185  105.9  5.061e+00 
  69086  0.628   1  2012  345   0.34  56271.210  105.9  5.017e+00 
  69087  0.628   1  2012  345   0.68  56271.224  105.9  5.253e+00 
  69088  1.256   2  2012  345   1.30  56271.250  105.9  5.975e+00 
  69089  0.628   1  2012  345   1.87  56271.273  105.9  6.796e+00 
  69090  0.628   1  2012  345   2.21  56271.288  105.8  7.479e+00 
  69091  0.628   1  2012  345   2.69  56271.307  105.8  8.231e+00 
  69092  0.628   1  2012  345   3.03  56271.322  105.8  9.145e+00 
  69126  0.628   1  2012  345  20.19  56272.037  105.6  9.409e+00 
  69128  0.628   1  2012  345  21.37  56272.086  105.6  6.675e+00 
  69129  0.628   1  2012  345  21.71  56272.100  105.6  6.134e+00 
  69130  1.256   2  2012  345  22.33  56272.126  105.6  5.501e+00 
  69131  0.628   1  2012  345  22.89  56272.149  105.6  5.322e+00 
  69132  0.628   1  2012  345  23.23  56272.164  105.6  4.830e+00 
  69133  0.628   1  2012  345  23.67  56272.182  105.6  4.894e+00 
  69134  1.256   2  2012  346   0.22  56272.205  105.6  4.963e+00 
  69135  0.628   1  2012  346   0.76  56272.227  105.6  5.139e+00 
  69139  0.628   1  2012  346   2.85  56272.315  105.6  8.656e+00 
  69140  0.628   1  2012  346   3.20  56272.329  105.6  9.562e+00 
  69141  0.628   1  2012  346   3.65  56272.348  105.6  1.116e+01 
  69175  0.461   1  2012  346  20.82  56273.063  105.5  7.662e+00 
  69176  0.922   2  2012  346  21.20  56273.079  105.5  6.929e+00 
  69177  0.461   1  2012  346  21.59  56273.095  105.5  6.116e+00 
  69185  0.922   2  2012  347   1.69  56273.266  105.5  7.503e+00 
  69186  0.922   2  2012  347   2.21  56273.288  105.5  8.105e+00 
  69231  0.444   1  2012  348   0.58  56274.220  105.4  5.628e+00 
  69232  0.889   2  2012  348   1.17  56274.244  105.4  6.090e+00 
  69233  0.444   1  2012  348   1.55  56274.260  105.4  6.610e+00 
  69270  1.000   3  2012  348  20.26  56275.040  105.3  9.259e+00 
  69273  0.950   2  2012  348  21.77  56275.103  105.3  5.327e+00 
  69274  0.950   2  2012  348  22.30  56275.125  105.3  4.768e+00 
  69326  0.789   1  2012  350   0.21  56276.204  105.2  5.378e+00 
  69327  0.789   1  2012  350   0.63  56276.222  105.2  5.361e+00 
  69419  0.667   1  2012  351  22.65  56278.139  105.6  5.323e+00 
  69420  0.667   1  2012  351  23.01  56278.154  105.6  5.242e+00 
  69421  0.667   1  2012  351  23.68  56278.182  105.6  4.972e+00 
  69422  0.667   1  2012  352   0.04  56278.197  105.6  5.184e+00 
  69426  0.456   1  2012  352   2.46  56278.298  105.7  7.259e+00 
  69427  0.456   1  2012  352   2.74  56278.310  105.7  7.803e+00 
  69428  0.456   1  2012  352   3.02  56278.321  105.7  8.454e+00 
  69464  0.950   2  2012  352  21.14  56279.077  106.0  6.000e+00 
  69466  0.950   2  2012  352  22.19  56279.120  106.0  4.814e+00 
  69467  0.950   2  2012  352  22.72  56279.142  106.0  4.738e+00 
  69469  0.444   1  2012  352  23.96  56279.194  106.1  5.328e+00 
  69470  0.889   2  2012  353   0.34  56279.210  106.1  5.501e+00 
  69471  0.444   1  2012  353   0.73  56279.226  106.1  5.226e+00 
  69522  0.933   2  2012  354   2.30  56280.291  106.8  5.645e+00 
  69567  0.467   1  2012  355   0.96  56281.236  107.5  4.804e+00 
  69568  0.467   1  2012  355   1.22  56281.247  107.5  4.874e+00 
  69569  0.922   2  2012  355   1.86  56281.273  107.6  6.006e+00 
  69570  0.461   1  2012  355   2.25  56281.289  107.6  6.285e+00 
  69617  0.933   2  2012  356   1.73  56282.268  108.5  5.752e+00 
  69618  0.461   1  2012  356   2.43  56282.297  108.5  7.354e+00 
  69619  0.922   2  2012  356   2.82  56282.313  108.5  8.395e+00 
  69620  0.461   1  2012  356   3.21  56282.329  108.5  9.422e+00 
  69665  0.461   1  2012  357   1.82  56283.271  109.8  5.763e+00 
  69666  0.922   2  2012  357   2.21  56283.288  109.8  6.422e+00 
  69667  0.461   1  2012  357   2.60  56283.304  109.8  7.144e+00 
  70135  0.650   3  2012  366  20.74  56293.060  125.8  1.051e+01 
  70184  0.867   4  2013    1  21.29  56294.082  127.1  1.025e+01 
  70231  2.267   1  2013    2  20.94  56295.068  128.0  7.725e+00 
  70234  0.889   2  2013    2  22.29  56295.124  128.0  5.754e+00 
  70470  0.331   1  2013    7  20.35  56300.044  128.4  8.000e+00 
  70471  0.992   3  2013    7  20.72  56300.059  128.4  7.511e+00 
  70482  0.503   1  2013    8   2.23  56300.288  128.3  7.168e+00 
  70483  0.503   1  2013    8   2.51  56300.300  128.3  7.173e+00 
  70518  0.661   2  2013    8  20.33  56301.043  128.2  8.678e+00 
  70519  0.661   2  2013    8  20.70  56301.058  128.2  8.108e+00 
  70530  0.503   1  2013    9   2.26  56301.290  128.2  7.152e+00 
  70531  0.503   1  2013    9   2.54  56301.301  128.2  7.013e+00 
  70615  0.756   2  2013   10  20.83  56303.063  128.2  8.460e+00 
  70616  0.756   2  2013   10  21.24  56303.081  128.2  8.115e+00 
  70619  0.756   2  2013   10  22.64  56303.139  128.2  7.303e+00 
  70663  1.133   3  2013   11  20.77  56304.061  128.1  8.581e+00 
  70664  0.378   1  2013   11  21.18  56304.078  128.1  8.195e+00 
  70666  0.378   1  2013   11  22.45  56304.131  128.1  6.824e+00 
  70667  0.756   2  2013   11  22.76  56304.144  128.1  6.646e+00 
  70668  0.378   1  2013   11  23.07  56304.157  128.1  6.632e+00 
  70669  0.378   1  2013   11  23.94  56304.193  128.1  6.722e+00 
  70670  0.378   1  2013   12   0.14  56304.202  128.1  6.847e+00 
  70710  0.378   1  2013   12  20.50  56305.050  127.9  8.980e+00 
  70711  0.756   2  2013   12  20.81  56305.063  127.9  8.507e+00 
  70712  0.378   1  2013   12  21.12  56305.075  127.9  8.080e+00 
  70714  0.378   1  2013   12  22.35  56305.127  127.9  7.032e+00 
  70715  1.133   3  2013   12  22.77  56305.144  127.9  6.545e+00 
  70716  0.378   1  2013   12  23.34  56305.168  127.9  6.320e+00 
  70717  1.133   3  2013   12  23.75  56305.185  127.9  6.314e+00 
  70723  0.456   1  2013   13   2.82  56305.313  127.9  6.590e+00 
  70724  0.912   2  2013   13   3.23  56305.330  127.9  8.002e+00 
  70759  1.133   3  2013   13  20.76  56306.061  127.6  8.775e+00 
  70760  0.378   1  2013   13  21.16  56306.077  127.6  8.070e+00 
  70762  0.378   1  2013   13  22.39  56306.128  127.6  6.751e+00 
  70763  1.133   3  2013   13  22.79  56306.145  127.6  6.589e+00 
  70764  0.378   1  2013   13  23.38  56306.170  127.6  6.579e+00 
  70765  0.756   2  2013   13  23.68  56306.182  127.5  6.570e+00 
  70769  0.456   1  2013   14   1.78  56306.270  127.5  4.276e+00 
  70770  0.634   2  2013   14   2.12  56306.284  127.5  4.740e+00 
  70771  0.456   1  2013   14   2.62  56306.305  127.5  5.562e+00 
  70772  0.461   1  2013   14   3.30  56306.333  127.5  8.633e+00 
  70773  0.922   2  2013   14   3.69  56306.349  127.5  9.974e+00 
  70774  0.461   1  2013   14   4.08  56306.365  127.4  1.130e+01 
  70817  1.000   2  2013   15   1.80  56307.271  126.9  6.313e+00 
  70818  1.000   2  2013   15   2.36  56307.294  126.9  7.008e+00 
  70819  0.500   1  2013   15   2.91  56307.317  126.8  8.111e+00 
  70820  1.000   2  2013   15   3.32  56307.334  126.8  9.060e+00 
  70821  0.500   1  2013   15   3.74  56307.351  126.8  1.022e+01 
  70855  0.667   1  2013   15  20.96  56308.069  126.3  8.079e+00 
  70856  0.667   1  2013   15  21.32  56308.084  126.3  7.832e+00 
  71252  1.328   1  2013   24   3.46  56316.340  113.9  6.519e+00 
  71254  1.328   1  2013   24   4.17  56316.369  113.8  9.906e+00 
  71575  0.650   3  2013   30  20.68  56323.057  101.8  1.056e+01 
  71673  0.433   2  2013   32  21.92  56325.109  100.7  4.322e+00 
  71674  0.433   2  2013   32  22.19  56325.120  100.6  3.565e+00 
  71776  1.633   1  2013   35   1.06  56327.240  100.4  4.483e+00 
  71823  0.679   2  2013   36   0.76  56328.227  100.3  9.373e+00 
  72007  0.938   3  2013   39  20.69  56332.058  101.3  8.970e+00 
  72012  0.626   2  2013   39  23.18  56332.162  101.3  2.344e+00 
  72054  0.938   3  2013   40  20.30  56333.041  101.5  1.046e+01 
  72055  0.938   3  2013   40  20.83  56333.063  101.5  9.696e+00 
  72069  0.626   2  2013   41   3.90  56333.358  101.6  5.742e+00 
  72070  0.626   2  2013   41   4.25  56333.373  101.6  7.429e+00 
  72104  0.626   2  2013   41  21.31  56334.083  101.6  4.076e+00 
  72105  0.938   3  2013   41  21.74  56334.102  101.6  3.463e+00 
  72106  0.626   2  2013   41  22.29  56334.124  101.6  3.007e+00 
  72107  0.626   2  2013   41  22.75  56334.143  101.6  2.595e+00 
  72108  0.938   3  2013   41  23.18  56334.162  101.6  2.602e+00 
  72114  0.626   2  2013   42   2.39  56334.295  101.6  2.621e+00 
  72115  0.938   3  2013   42   2.82  56334.313  101.6  3.404e+00 
  72201  0.667   2  2013   43  21.73  56336.101  101.6  5.367e+00 
  72202  0.667   2  2013   43  22.29  56336.124  101.6  4.761e+00 
  72203  0.667   2  2013   43  22.67  56336.140  101.6  4.150e+00 
  72208  0.456   1  2013   44   1.23  56336.247  101.6  2.096e+00 
  72209  0.456   1  2013   44   1.86  56336.273  101.6  2.595e+00 
  72210  0.912   2  2013   44   2.28  56336.291  101.6  2.952e+00 
  72212  0.958   1  2013   44   3.00  56336.321  101.6  4.831e+00 
  72213  0.667   2  2013   44   3.78  56336.353  101.6  9.135e+00 
  72214  0.667   2  2013   44   4.15  56336.369  101.6  1.087e+01 
  72343  0.867   4  2013   46  20.73  56339.059  101.8  9.272e+00 
  72344  0.867   4  2013   46  21.25  56339.081  101.8  8.038e+00 
  72354  0.767   2  2013   47   2.33  56339.293  101.9  5.469e+00 
  72355  0.767   2  2013   47   2.79  56339.312  101.9  6.130e+00 
  72356  0.767   2  2013   47   3.37  56339.336  101.9  7.403e+00 
  72357  0.767   2  2013   47   3.83  56339.355  101.9  8.261e+00 
  72358  0.383   1  2013   47   4.29  56339.374  101.9  9.437e+00 
  72359  0.383   1  2013   47   4.52  56339.384  101.9  1.086e+01 
  72394  1.333   2  2013   47  22.21  56340.121  101.9  7.876e+00 
  72395  0.667   1  2013   47  22.75  56340.143  101.9  8.287e+00 
  72396  0.667   1  2013   47  23.11  56340.158  101.9  8.266e+00 
  73013  0.389   2  2013   60  19.88  56353.024  108.8  1.339e+01 
  73014  0.583   3  2013   60  20.23  56353.038  108.8  1.149e+01 
  73015  0.411   2  2013   60  20.76  56353.060  108.9  8.685e+00 
  73061  0.339   1  2013   61  19.87  56354.024  109.6  1.277e+01 
  73062  0.679   2  2013   61  20.20  56354.037  109.6  1.168e+01 
  73063  0.534   2  2013   61  20.68  56354.057  109.6  1.099e+01 
  73064  0.583   3  2013   61  21.22  56354.080  109.7  1.189e+01 
  73065  0.389   2  2013   61  21.58  56354.095  109.7  1.207e+01 
  73111  0.467   1  2013   62  20.89  56355.066  110.4  6.566e+00 
  73112  0.467   1  2013   62  21.16  56355.077  110.5  5.978e+00 
  73166  1.333   2  2013   64   0.25  56356.206  111.2  2.353e+00 
  73167  0.667   1  2013   64   0.79  56356.229  111.2  2.237e+00 
  73168  0.667   1  2013   64   1.15  56356.244  111.2  2.314e+00 
  73215  0.922   2  2013   65   0.73  56357.226  111.3  1.996e+00 
  73216  0.922   2  2013   65   1.25  56357.248  111.3  1.976e+00 
  73217  0.461   1  2013   65   1.92  56357.276  111.3  2.837e+00 
  73218  0.461   1  2013   65   2.18  56357.286  111.3  3.090e+00 
  73260  0.333   1  2013   65  23.31  56358.167  111.3  3.117e+00 
  73261  1.000   3  2013   65  23.70  56358.183  111.3  2.924e+00 
  73265  0.667   2  2013   66   1.72  56358.267  111.3  3.076e+00 
  73266  0.667   2  2013   66   2.14  56358.285  111.3  3.312e+00 
  73358  0.500   1  2013   68   0.42  56360.213  111.3  1.649e+00 
  73359  0.500   1  2013   68   0.70  56360.225  111.4  1.520e+00 
  73360  1.000   2  2013   68   1.25  56360.248  111.4  1.529e+00 
  73361  0.500   1  2013   68   1.81  56360.271  111.4  1.630e+00 
  73362  0.500   1  2013   68   2.09  56360.283  111.4  1.813e+00 
  73363  1.000   2  2013   68   2.79  56360.312  111.4  2.336e+00 
  73406  1.006   2  2013   69   0.28  56361.207  111.5  3.082e+00 
  73407  1.006   2  2013   69   0.84  56361.231  111.5  2.765e+00 
  73453  0.912   2  2013   69  23.79  56362.187  111.6  2.288e+00 
  73454  0.456   1  2013   70   0.21  56362.204  111.6  2.205e+00 
  73459  0.667   2  2013   70   2.74  56362.310  111.6  3.473e+00 
  73460  0.667   2  2013   70   3.13  56362.326  111.6  4.219e+00 
  73461  0.667   2  2013   70   3.81  56362.354  111.6  5.962e+00 
  73462  0.667   2  2013   70   4.20  56362.370  111.6  7.597e+00 
  73494  0.679   2  2013   70  20.20  56363.037  111.6  1.174e+01 
  73495  0.679   2  2013   70  20.63  56363.055  111.6  1.068e+01 
  73547  0.456   1  2013   71  22.95  56364.152  111.4  2.933e+00 
  73548  0.456   1  2013   71  23.23  56364.163  111.4  2.526e+00 
  73549  0.456   1  2013   71  23.50  56364.175  111.4  2.691e+00 
  73550  0.912   2  2013   72   0.17  56364.203  111.4  1.236e+00 
  73551  0.456   1  2013   72   0.59  56364.220  111.4  1.442e+00 
  73637  0.889   2  2013   73  19.71  56366.017  110.7  1.174e+01 
  73638  1.017   1  2013   73  20.36  56366.044  110.7  6.797e+00 
  73639  0.861   1  2013   73  20.85  56366.064  110.7  5.467e+00 
  73641  1.017   1  2013   73  21.52  56366.092  110.7  4.202e+00 
  73642  1.283   2  2013   73  22.14  56366.118  110.6  4.208e+00 
  73643  0.800   3  2013   73  22.79  56366.145  110.6  6.306e+00 
  73645  1.144   2  2013   73  23.65  56366.181  110.6  1.729e+00 
  73685  0.444   1  2013   74  19.66  56367.015  110.3  1.151e+01 
  73686  1.017   1  2013   74  20.20  56367.037  110.3  7.022e+00 
  73687  1.017   1  2013   74  20.73  56367.059  110.3  5.537e+00 
  73689  0.958   1  2013   74  21.65  56367.098  110.3  3.074e+00 
  73690  0.958   1  2013   74  22.16  56367.119  110.3  2.609e+00 
  73691  0.958   1  2013   74  22.77  56367.144  110.3  2.107e+00 
  73692  0.958   1  2013   74  23.28  56367.166  110.3  1.979e+00 
  73693  0.478   2  2013   74  23.80  56367.187  110.3  2.034e+00 
  73695  0.800   3  2013   75   0.65  56367.223  110.3  1.031e+00 
  73696  1.067   4  2013   75   1.27  56367.248  110.3  1.707e+00 
  73698  0.800   3  2013   75   2.17  56367.286  110.3  2.178e+00 
  73699  0.800   3  2013   75   2.72  56367.309  110.2  3.555e+00 
  73700  0.533   2  2013   75   3.26  56367.331  110.2  4.618e+00 
  73701  0.800   3  2013   75   3.79  56367.354  110.2  6.093e+00 
  73702  0.533   2  2013   75   4.32  56367.376  110.2  7.933e+00 
  73703  0.533   2  2013   75   4.62  56367.388  110.2  9.910e+00 
  73733  0.647   1  2013   75  19.71  56368.017  110.2  8.057e+00 
  73734  1.294   2  2013   75  20.24  56368.039  110.1  6.567e+00 
  73735  0.647   1  2013   75  20.78  56368.061  110.1  5.178e+00 
  73736  0.647   1  2013   75  21.24  56368.080  110.1  4.608e+00 
  73737  1.294   2  2013   75  21.77  56368.103  110.1  3.965e+00 
  73738  0.647   1  2013   75  22.30  56368.125  110.1  3.460e+00 
  73739  0.647   1  2013   75  22.89  56368.149  110.1  3.345e+00 
  73740  0.647   1  2013   75  23.23  56368.164  110.1  3.051e+00 
  73741  1.294   2  2013   75  23.78  56368.187  110.1  3.067e+00 
  73743  1.294   2  2013   76   0.68  56368.224  110.1  8.512e-01 
  73744  0.647   1  2013   76   1.22  56368.247  110.1  8.168e-01 
  73745  0.647   1  2013   76   1.57  56368.261  110.1  1.139e+00 
  73746  0.647   1  2013   76   2.24  56368.289  110.1  2.648e+00 
  73747  1.294   2  2013   76   2.77  56368.311  110.1  3.341e+00 
  73748  0.647   1  2013   76   3.30  56368.333  110.1  4.145e+00 
  73749  0.647   1  2013   76   3.77  56368.353  110.1  5.414e+00 
  73750  1.294   2  2013   76   4.30  56368.375  110.1  7.418e+00 
  73751  0.647   1  2013   76   4.83  56368.397  110.1  1.006e+01 
  73781  0.647   1  2013   76  19.91  56369.025  110.1  6.422e+00 
  73782  0.647   1  2013   76  20.29  56369.041  110.1  5.614e+00 
  73783  0.647   1  2013   76  20.63  56369.055  110.1  4.817e+00 
  73784  1.294   2  2013   76  21.26  56369.082  110.1  3.752e+00 
  73785  0.647   1  2013   76  21.81  56369.104  110.1  3.235e+00 
  73786  0.647   1  2013   76  22.15  56369.119  110.1  3.051e+00 
  73787  0.647   1  2013   76  22.79  56369.145  110.1  1.172e+00 
  73788  0.647   1  2013   76  23.13  56369.159  110.1  1.236e+00 
  73789  1.294   2  2013   76  23.68  56369.182  110.1  9.921e-01 
  73790  0.647   1  2013   77   0.33  56369.209  110.1  9.512e-01 
  73791  0.647   1  2013   77   0.67  56369.224  110.1  8.934e-01 
  73792  1.294   2  2013   77   1.22  56369.246  110.1  1.070e+00 
  73794  1.294   2  2013   77   2.19  56369.287  110.1  2.600e+00 
  73795  0.647   1  2013   77   2.74  56369.310  110.1  3.029e+00 
  73796  0.647   1  2013   77   3.08  56369.324  110.1  3.392e+00 
  73797  1.294   2  2013   77   3.70  56369.350  110.1  4.877e+00 
  73798  0.647   1  2013   77   4.25  56369.373  110.1  6.501e+00 
  73799  0.647   1  2013   77   4.59  56369.387  110.1  8.049e+00 
  73831  1.000   2  2013   77  20.81  56370.063  110.1  4.035e+00 
  73832  0.500   1  2013   77  21.23  56370.080  110.1  3.235e+00 
  73833  0.500   1  2013   77  21.51  56370.092  110.1  3.055e+00 
  73834  1.000   2  2013   77  22.33  56370.126  110.1  2.435e+00 
  73835  0.500   1  2013   77  22.75  56370.143  110.1  2.396e+00 
  73836  0.500   1  2013   77  23.03  56370.155  110.1  2.228e+00 
  73838  1.000   2  2013   78   0.18  56370.203  110.2  2.071e+00 
  73839  1.000   2  2013   78   0.74  56370.227  110.2  2.060e+00 
  73842  1.000   2  2013   78   2.19  56370.287  110.2  2.567e+00 
  73843  1.000   2  2013   78   2.75  56370.310  110.2  3.073e+00 
  73845  0.500   1  2013   78   3.88  56370.357  110.2  5.335e+00 
  73846  1.000   2  2013   78   4.30  56370.375  110.2  6.834e+00 
  73847  0.500   1  2013   78   4.72  56370.392  110.2  9.250e+00 
  73885  0.500   1  2013   78  23.91  56371.192  110.3  1.423e+00 
  73886  1.000   2  2013   79   0.32  56371.209  110.3  1.698e+00 
  73887  0.500   1  2013   79   0.74  56371.226  110.3  1.644e+00 
  73888  0.500   1  2013   79   1.35  56371.252  110.4  3.667e+00 
  73889  0.500   1  2013   79   1.63  56371.264  110.4  3.901e+00 
  73890  1.000   1  2013   79   2.25  56371.289  110.4  6.702e+00 
  73891  1.000   1  2013   79   2.77  56371.311  110.4  7.124e+00 
  73935  0.725   9  2013   80   0.76  56372.227  110.8  2.743e+00 
  73936  0.644   8  2013   80   1.28  56372.249  110.8  3.277e+00 
  73937  0.725   9  2013   80   1.76  56372.269  110.8  3.361e+00 
  73938  0.483   6  2013   80   2.15  56372.285  110.8  3.787e+00 
  74356  0.467   1  2013   88  19.38  56381.003  117.2  9.459e+00 
  74357  0.467   1  2013   88  19.64  56381.014  117.2  8.303e+00 
  74405  1.667   1  2013   89  19.74  56382.018  117.6  7.835e+00 
  74453  1.667   1  2013   90  19.70  56383.016  117.7  8.038e+00 
  74455  0.912   2  2013   90  20.66  56383.056  117.7  5.544e+00 
  74456  0.456   1  2013   90  21.08  56383.074  117.7  4.667e+00 
  74549  0.912   2  2013   92  19.75  56385.018  117.9  8.047e+00 
  74550  0.456   1  2013   92  20.17  56385.036  117.9  6.766e+00 
  74552  0.456   1  2013   92  21.29  56385.082  117.9  4.253e+00 
  74553  0.912   2  2013   92  21.71  56385.100  117.9  3.621e+00 
  74554  0.461   1  2013   92  22.36  56385.127  117.9  2.987e+00 
  74555  0.922   2  2013   92  22.75  56385.143  117.9  3.010e+00 
  74556  0.461   1  2013   92  23.14  56385.160  117.9  2.668e+00 
  74557  0.722   2  2013   92  23.75  56385.185  118.0  1.954e+00 
  74558  0.361   1  2013   93   0.07  56385.199  118.0  2.030e+00 
  74598  0.336   1  2013   93  20.37  56386.045  118.2  5.935e+00 
  74599  1.008   3  2013   93  20.77  56386.061  118.2  5.122e+00 
  74600  0.672   2  2013   93  21.27  56386.082  118.2  4.016e+00 
  74601  0.336   1  2013   93  21.79  56386.104  118.2  4.111e+00 
  74602  1.008   3  2013   93  22.22  56386.122  118.2  3.879e+00 
  74644  0.336   1  2013   94  19.41  56387.004  118.3  1.131e+01 
  74649  0.342   3  2013   94  21.65  56387.098  118.3  4.028e+00 
  74652  0.336   1  2013   94  23.41  56387.171  118.3  2.759e+00 
  74653  0.672   2  2013   94  23.71  56387.184  118.3  2.758e+00 
  74654  0.336   1  2013   95   0.01  56387.196  118.3  2.723e+00 
  74660  0.672   2  2013   95   3.29  56387.332  118.4  4.316e+00 
  74696  0.456   4  2013   95  21.29  56388.083  118.5  4.605e+00 
  74697  0.342   3  2013   95  21.62  56388.097  118.5  4.464e+00 
  74852  0.336   1  2013   99   3.47  56391.340  120.1  2.816e+00 
  74981  2.067   1  2013  101  19.55  56394.010  122.2  7.324e+00 
  74983  2.067   1  2013  101  20.99  56394.070  122.2  4.388e+00 
  74985  0.461   1  2013  101  21.81  56394.104  122.3  2.924e+00 
  74986  0.922   2  2013  101  22.19  56394.120  122.3  2.490e+00 
  74987  0.461   1  2013  101  22.58  56394.137  122.3  2.226e+00 
  75094  0.667   2  2013  104   4.24  56396.372  123.6  1.116e+01 
  75095  0.667   2  2013  104   4.63  56396.388  123.6  1.228e+01 
  75128  0.500   1  2013  104  21.33  56397.084  124.0  3.467e+00 
  75129  1.000   2  2013  104  21.77  56397.103  124.0  3.196e+00 
  75130  0.500   1  2013  104  22.21  56397.121  124.0  2.784e+00 
  75131  1.000   2  2013  104  22.71  56397.142  124.0  2.604e+00 
  75138  0.661   1  2013  105   2.28  56397.291  124.1  3.775e+00 
  75139  0.661   1  2013  105   2.64  56397.305  124.1  4.105e+00 
  75176  0.500   1  2013  105  21.45  56398.089  124.6  2.886e+00 
  75177  0.500   1  2013  105  21.72  56398.101  124.6  2.869e+00 
  75178  1.000   2  2013  105  22.20  56398.120  124.6  2.576e+00 
  75179  1.000   2  2013  105  22.80  56398.146  124.6  2.285e+00 
  75181  0.661   1  2013  105  23.65  56398.181  124.7  2.982e+00 
  75182  0.661   1  2013  106   0.00  56398.196  124.7  3.167e+00 
  75183  0.661   1  2013  106   0.99  56398.237  124.7  3.243e+00 
  75184  0.661   1  2013  106   1.34  56398.252  124.7  3.352e+00 
  75189  1.000   3  2013  106   3.74  56398.351  124.8  9.408e+00 
  75190  0.333   1  2013  106   4.13  56398.368  124.8  9.986e+00 
  75227  0.500   1  2013  106  22.79  56399.145  125.5  2.689e+00 
  75235  0.636   1  2013  107   2.79  56399.312  125.7  4.207e+00 
  75236  0.636   1  2013  107   3.25  56399.331  125.7  5.196e+00 
  75430  0.333   1  2013  111   4.32  56403.375  128.8  1.068e+01 
  75431  1.000   3  2013  111   4.70  56403.392  128.8  1.230e+01 
  75476  0.742   2  2013  112   3.21  56404.329  128.9  2.742e+00 
  75477  0.371   1  2013  112   3.53  56404.343  128.9  3.083e+00 
  75846  2.067   1  2013  119  20.36  56412.044  129.6  7.125e+00 
  75892  2.067   1  2013  120  19.32  56413.001  131.0  8.832e+00 
  75895  2.067   1  2013  120  20.71  56413.059  131.1  5.932e+00 
  76149  0.850   1  2013  126   3.86  56418.357  138.3  9.557e+00 
  76191  0.500   1  2013  127   0.97  56419.236  139.0  2.818e+00 
  76192  0.500   1  2013  127   1.25  56419.248  139.0  2.788e+00 
  76193  1.000   2  2013  127   1.66  56419.265  139.0  2.937e+00 
  76246  0.333   1  2013  128   4.38  56420.378  139.6  9.124e+00 
  76247  1.000   3  2013  128   4.77  56420.394  139.6  1.052e+01 
  76331  1.667   1  2013  129  22.82  56422.146  140.6  2.869e+00 
  76333  1.667   1  2013  129  23.94  56422.193  140.6  2.824e+00 
  76341  1.000   3  2013  130   3.72  56422.351  140.7  6.436e+00 
  76342  0.333   1  2013  130   4.11  56422.367  140.7  7.349e+00 
  76376  0.461   1  2013  130  21.38  56423.087  141.0  3.380e+00 
  76377  0.922   2  2013  130  21.77  56423.103  141.0  3.042e+00 
  76378  0.461   1  2013  130  22.16  56423.119  141.0  3.169e+00 
  76471  0.333   1  2013  132  20.83  56425.064  140.5  2.630e+00 
  76472  0.333   1  2013  132  21.42  56425.088  140.5  2.783e+00 
  76522  0.333   1  2013  133  22.47  56426.132  139.4  2.240e+00 
  76523  0.333   1  2013  133  22.67  56426.140  139.4  1.999e+00 
  76524  0.333   1  2013  133  23.06  56426.156  139.4  2.124e+00 
  76525  0.333   1  2013  133  23.50  56426.175  139.3  2.405e+00 
  76526  0.333   1  2013  134   0.09  56426.199  139.3  2.591e+00 
  76528  0.333   1  2013  134   1.44  56426.256  139.2  2.806e+00 
  76529  0.333   1  2013  134   1.75  56426.268  139.2  2.894e+00 
  76570  0.667   2  2013  134  22.32  56427.125  137.7  4.764e+00 
  76571  0.667   2  2013  134  22.71  56427.142  137.6  4.458e+00 
  76580  1.633   1  2013  135   3.36  56427.335  137.3  6.427e+00 
  76582  1.633   1  2013  135   4.49  56427.383  137.2  9.201e+00 
  77523  0.538   2  2013  154  18.68  56446.974  113.0  1.079e+01 
  77524  0.333   1  2013  154  19.40  56447.004  113.0  8.865e+00 
  77525  1.000   3  2013  154  19.79  56447.020  113.0  7.950e+00 
  77527  0.723   3  2013  154  20.77  56447.061  113.0  4.637e+00 
  77528  0.482   2  2013  154  21.39  56447.087  113.0  3.674e+00 
  77530  0.723   3  2013  154  22.27  56447.124  113.0  2.619e+00 
  77535  0.890   3  2013  155   0.75  56447.227  113.0  2.737e+00 
  77537  0.541   1  2013  155   1.76  56447.269  113.0  4.004e+00 
  77539  0.541   1  2013  155   2.63  56447.305  113.0  4.721e+00 
  77540  0.333   1  2013  155   3.41  56447.338  113.0  5.144e+00 
  77541  1.000   3  2013  155   3.80  56447.354  113.0  5.831e+00 
  77543  1.000   3  2013  155   4.75  56447.394  113.0  9.125e+00 
  77544  0.333   1  2013  155   5.14  56447.410  113.0  1.050e+01 
  77573  0.867   3  2013  155  19.71  56448.017  112.9  6.843e+00 
  77574  0.578   2  2013  155  20.41  56448.046  112.9  4.693e+00 
  77576  0.578   2  2013  155  21.25  56448.081  112.9  4.491e+00 
  77577  0.578   2  2013  155  21.82  56448.105  112.9  4.449e+00 
  77578  0.578   2  2013  155  22.18  56448.120  112.9  4.340e+00 
  77579  0.578   2  2013  155  22.75  56448.144  112.9  2.445e+00 
  77580  0.578   2  2013  155  23.11  56448.159  112.9  2.341e+00 
  77581  0.867   3  2013  155  23.69  56448.183  112.9  3.076e+00 
  77582  0.578   2  2013  156   0.20  56448.204  112.9  2.930e+00 
  77583  0.867   3  2013  156   0.71  56448.225  112.9  3.109e+00 
  77584  0.578   2  2013  156   1.39  56448.253  112.8  3.439e+00 
  77585  0.578   2  2013  156   1.74  56448.268  112.8  3.618e+00 
  77586  0.578   2  2013  156   2.41  56448.296  112.8  3.505e+00 
  77587  0.578   2  2013  156   2.77  56448.311  112.8  4.024e+00 
  77589  0.867   3  2013  156   3.73  56448.351  112.8  5.758e+00 
  77590  0.578   2  2013  156   4.30  56448.375  112.8  6.688e+00 
  77591  0.578   2  2013  156   4.66  56448.390  112.8  7.677e+00 
  77592  0.867   3  2013  156   5.24  56448.414  112.8  1.107e+01 
  77621  0.578   2  2013  156  19.74  56449.018  112.6  8.576e+00 
  77624  0.867   3  2013  156  21.28  56449.082  112.6  2.859e+00 
  77625  0.578   2  2013  156  21.79  56449.103  112.6  2.481e+00 
  77626  0.867   3  2013  156  22.29  56449.124  112.6  2.255e+00 
  77627  0.578   2  2013  156  22.88  56449.149  112.6  2.991e+00 
  77632  0.578   2  2013  157   1.22  56449.246  112.5  3.048e+00 
  77637  0.578   2  2013  157   3.67  56449.348  112.5  6.234e+00 
  77638  0.578   2  2013  157   4.32  56449.376  112.5  7.765e+00 
  77639  0.578   2  2013  157   4.69  56449.391  112.5  8.982e+00 
  77640  0.578   2  2013  157   5.17  56449.411  112.4  1.075e+01 
  77677  1.000   3  2013  157  23.76  56450.186  112.3  3.282e+00 
  77678  0.488   2  2013  158   0.27  56450.207  112.3  2.985e+00 
  77679  0.667   2  2013  158   0.88  56450.232  112.3  3.235e+00 
  77686  0.333   1  2013  158   4.31  56450.375  112.3  7.788e+00 
  77687  1.000   3  2013  158   4.74  56450.393  112.3  8.899e+00 
  77780  1.498   1  2013  160   3.04  56452.322  113.0  4.755e+00 
  77917  0.333   1  2013  162  23.87  56455.190  114.6  2.374e+00 
  77918  0.333   1  2013  163   0.06  56455.198  114.6  2.842e+00 
  78309  0.500   1  2013  171   3.99  56463.362  114.3  6.250e+00 
  78310  0.500   1  2013  171   4.29  56463.374  114.3  7.015e+00 
  78627  1.444   2  2013  177  18.79  56469.979  122.1  1.112e+01 
  78826  0.371   1  2013  181  22.04  56474.114  123.0  3.431e+00 
  78964  1.111   1  2013  184  19.02  56476.988  121.8  1.012e+01 
  78965  1.111   1  2013  184  19.91  56477.025  121.8  8.025e+00 
  78967  1.111   1  2013  184  20.72  56477.059  121.8  7.112e+00 
  79108  1.111   1  2013  187  19.10  56479.991  119.9  8.863e+00 
  79123  0.649   4  2013  188   2.78  56480.312  119.7  3.559e+00 
  79124  0.973   6  2013  188   3.24  56480.331  119.7  4.166e+00 
  79267  1.667   1  2013  191   2.95  56483.318  119.0  4.531e+00 
  79300  1.111   1  2013  191  19.05  56483.989  119.0  1.039e+01 
  79351  0.787   1  2013  192  20.78  56485.061  119.3  5.352e+00 
  79352  0.787   1  2013  192  21.19  56485.079  119.4  4.989e+00 
  79365  1.293   1  2013  193   3.89  56485.357  119.4  5.872e+00 
  79367  1.293   1  2013  193   4.56  56485.386  119.4  7.895e+00 
  79396  0.487   3  2013  193  19.17  56485.994  119.6  9.604e+00 
  79398  0.787   1  2013  193  20.17  56486.036  119.6  6.425e+00 
  79399  0.787   1  2013  193  20.59  56486.053  119.6  5.638e+00 
  79400  0.787   1  2013  193  21.29  56486.083  119.6  4.839e+00 
  79401  0.787   1  2013  193  21.71  56486.100  119.6  4.365e+00 
  79402  0.787   1  2013  193  22.26  56486.123  119.6  4.188e+00 
  79403  0.787   1  2013  193  22.67  56486.140  119.6  4.061e+00 
  79459  0.487   3  2013  195   2.78  56487.311  120.0  3.504e+00 
  79462  0.487   3  2013  195   4.30  56487.375  120.0  6.519e+00 
  79463  0.530   2  2013  195   4.89  56487.399  120.0  8.414e+00 
  79509  1.683   1  2013  196   3.55  56488.343  120.1  4.456e+00 
  79511  1.333   2  2013  196   4.69  56488.391  120.1  1.070e+01 
  79557  0.556   1  2013  197   3.80  56489.354  120.0  7.619e+00 
  79558  1.111   2  2013  197   4.26  56489.373  120.0  8.494e+00 
  79559  0.556   1  2013  197   4.71  56489.392  120.0  1.005e+01 
  79605  0.833   1  2013  198   3.81  56490.355  119.8  5.319e+00 
  79606  0.833   1  2013  198   4.35  56490.377  119.8  6.659e+00 
  79607  0.833   1  2013  198   4.88  56490.399  119.7  8.910e+00 
  79608  0.833   1  2013  198   5.40  56490.421  119.7  1.180e+01 
  80270  0.744   2  2013  212   0.32  56504.209  112.3  1.985e+00 
  80271  0.744   2  2013  212   0.73  56504.226  112.3  1.958e+00 
  80273  1.683   1  2013  212   1.60  56504.262  112.3  2.224e+00 
  80371  0.956   4  2013  214   2.74  56506.310  113.0  3.491e+00 
  80372  0.956   4  2013  214   3.27  56506.332  113.0  4.350e+00 
  80374  0.471   3  2013  214   4.26  56506.373  113.1  6.789e+00 
  80416  1.683   1  2013  215   1.22  56507.246  113.3  1.864e+00 
  80418  1.683   1  2013  215   2.35  56507.294  113.3  2.359e+00 
  80420  1.333   2  2013  215   3.28  56507.332  113.3  4.865e+00 
  80422  1.333   2  2013  215   4.24  56507.372  113.3  7.361e+00 
  80454  1.574   2  2013  215  20.27  56508.040  113.8  6.938e+00 
  80467  1.667   1  2013  216   2.69  56508.308  114.2  2.684e+00 
  80469  0.811   5  2013  216   3.77  56508.353  114.2  6.260e+00 
  80500  1.000   2  2013  216  19.31  56509.000  115.1  9.310e+00 
  80501  1.000   2  2013  216  19.86  56509.023  115.1  8.137e+00 
  80503  0.500   1  2013  216  20.98  56509.070  115.1  8.639e+00 
  80504  0.500   1  2013  216  21.25  56509.081  115.1  8.494e+00 
  80505  1.000   2  2013  216  21.67  56509.098  115.1  7.880e+00 
  80506  1.000   2  2013  216  22.32  56509.126  115.1  7.550e+00 
  80507  0.500   1  2013  216  22.74  56509.143  115.1  7.387e+00 
  80508  0.500   1  2013  216  23.01  56509.154  115.1  7.197e+00 
  80516  0.650   1  2013  217   3.30  56509.333  115.2  4.983e+00 
  80517  0.650   1  2013  217   3.99  56509.362  115.3  6.337e+00 
  80519  0.650   1  2013  217   4.58  56509.386  115.3  8.123e+00 
  80520  0.650   1  2013  217   5.27  56509.415  115.3  1.149e+01 
  80644  0.787   1  2013  219  19.17  56511.994  117.3  9.540e+00 
  80645  0.787   1  2013  219  19.59  56512.012  117.4  8.629e+00 
  80647  1.000   2  2013  219  20.82  56512.063  117.4  7.977e+00 
  80648  0.500   1  2013  219  21.24  56512.080  117.4  7.775e+00 
  80660  1.293   1  2013  220   3.24  56512.331  117.6  3.352e+00 
  80661  1.293   1  2013  220   3.92  56512.359  117.7  4.526e+00 
  80704  1.667   1  2013  221   1.22  56513.246  118.4  2.038e+00 
  80706  0.967   2  2013  221   2.21  56513.288  118.4  3.152e+00 
  80707  0.967   2  2013  221   2.73  56513.309  118.4  3.545e+00 
  80711  0.744   2  2013  221   4.70  56513.391  118.5  6.917e+00 
  80712  0.744   2  2013  221   5.12  56513.409  118.5  9.371e+00 
  80741  0.487   3  2013  221  19.65  56514.014  119.0  9.721e+00 
  80742  0.371   1  2013  221  20.16  56514.036  119.0  7.140e+00 
  80744  1.633   1  2013  221  21.06  56514.073  119.0  2.593e+00 
  80746  0.800   1  2013  221  22.16  56514.119  119.0  2.627e+00 
  80747  0.800   1  2013  221  22.61  56514.137  119.0  2.711e+00 
  80748  0.800   1  2013  221  23.32  56514.167  119.1  2.561e+00 
  80749  0.800   1  2013  221  23.77  56514.186  119.1  2.432e+00 
  80751  1.633   1  2013  222   0.55  56514.219  119.1  1.756e+00 
  80753  1.633   1  2013  222   1.67  56514.265  119.1  1.881e+00 
  80754  0.778   1  2013  222   2.45  56514.298  119.1  3.258e+00 
  80755  0.778   1  2013  222   2.89  56514.316  119.1  3.799e+00 
  80757  0.483   1  2013  222   3.73  56514.351  119.2  5.864e+00 
  80758  0.483   1  2013  222   4.25  56514.373  119.2  7.780e+00 
  80799  0.956   4  2013  223   0.79  56515.228  119.5  1.372e+00 
  80800  0.717   3  2013  223   1.25  56515.248  119.5  1.411e+00 
  80801  0.478   2  2013  223   1.82  56515.272  119.6  1.437e+00 
  80802  0.956   4  2013  223   2.22  56515.288  119.6  1.866e+00 
  80803  0.478   2  2013  223   2.62  56515.305  119.6  1.966e+00 
  80895  1.293   1  2013  225   0.66  56517.223  119.6  1.928e+00 
  80896  1.293   1  2013  225   1.34  56517.251  119.6  2.209e+00 
  80939  0.478   2  2013  225  22.89  56518.149  119.6  9.281e-01 
  80991  1.000   1  2013  227   0.84  56519.231  119.5  1.776e+00 
  81046  1.000   1  2013  228   4.36  56520.377  119.3  9.432e+00 
  81658  0.372   1  2013  240  22.47  56533.132  115.5  1.194e+00 
  81659  0.744   2  2013  240  22.77  56533.144  115.5  1.230e+00 
  81660  0.372   1  2013  240  23.08  56533.157  115.5  1.035e+00 
  81661  1.293   1  2013  240  23.89  56533.191  115.4  1.434e+00 
  81663  1.293   1  2013  241   0.57  56533.219  115.4  1.544e+00 
  81664  0.500   1  2013  241   1.25  56533.248  115.4  9.498e-01 
  81712  0.778   2  2013  242   1.29  56534.249  114.2  1.951e+00 
  81713  0.778   2  2013  242   1.79  56534.270  114.2  2.563e+00 
  81715  0.500   1  2013  242   2.85  56534.314  114.2  3.654e+00 
  81716  0.500   1  2013  242   3.12  56534.325  114.2  4.085e+00 
  81717  1.000   2  2013  242   3.83  56534.355  114.1  5.746e+00 
  81751  0.667   2  2013  242  20.89  56535.066  113.1  3.734e+00 
  81752  0.667   2  2013  242  21.32  56535.084  113.1  3.171e+00 
  81755  1.683   1  2013  242  22.67  56535.140  112.9  2.186e+00 
  81856  1.667   1  2013  245   1.07  56537.240  109.5  1.409e+00 
  81858  1.667   1  2013  245   2.23  56537.288  109.4  1.932e+00 
  81860  1.667   1  2013  245   3.17  56537.327  109.4  2.959e+00 
  81862  1.667   1  2013  245   4.09  56537.366  109.3  4.976e+00 
  81899  0.589   2  2013  245  22.80  56538.145  108.2  2.013e+00 
  81900  0.589   2  2013  245  23.15  56538.160  108.2  1.928e+00 
  81901  0.589   2  2013  245  23.76  56538.185  108.2  1.915e+00 
  81902  0.883   3  2013  246   0.23  56538.205  108.1  1.722e+00 
  81903  0.589   2  2013  246   0.75  56538.227  108.1  1.740e+00 
  81905  1.293   1  2013  246   1.75  56538.268  108.0  1.866e+00 
  81906  1.293   1  2013  246   2.43  56538.297  108.0  2.420e+00 
  81908  1.667   1  2013  246   3.43  56538.339  107.9  3.359e+00 
  81993  0.372   1  2013  247  21.82  56540.105  105.7  1.962e+00 
  81994  1.117   3  2013  247  22.22  56540.121  105.7  1.763e+00 
  81995  0.372   1  2013  247  22.97  56540.153  105.6  1.664e+00 
  81996  0.744   2  2013  247  23.27  56540.165  105.6  1.489e+00 
  81997  0.372   1  2013  247  23.57  56540.178  105.6  1.528e+00 
  82093  0.487   3  2013  249  23.77  56542.186  104.1  1.814e+00 
  82094  0.973   6  2013  250   0.24  56542.206  104.1  1.617e+00 
  82097  0.778   1  2013  250   1.68  56542.266  104.1  2.269e+00 
  82098  0.617   1  2013  250   2.08  56542.282  104.1  2.617e+00 
  82141  0.973   6  2013  250  23.76  56543.186  103.8  1.860e+00 
  82142  0.487   3  2013  251   0.18  56543.203  103.8  1.809e+00 
  82143  0.650   1  2013  251   0.76  56543.227  103.8  1.818e+00 
  82144  0.650   1  2013  251   1.45  56543.256  103.8  2.214e+00 
  82146  0.650   1  2013  251   2.11  56543.283  103.8  2.914e+00 
  82147  0.650   1  2013  251   2.62  56543.305  103.8  3.337e+00 
  82148  0.650   1  2013  251   3.31  56543.334  103.8  4.319e+00 
  82149  0.667   1  2013  251   3.95  56543.360  103.8  1.030e+01 
  82150  0.667   1  2013  251   4.31  56543.375  103.8  1.131e+01 
  82180  0.371   1  2013  251  19.21  56543.996  103.7  1.141e+01 
  82191  0.778   1  2013  252   0.78  56544.228  103.7  1.633e+00 
  82192  0.778   1  2013  252   1.22  56544.246  103.7  1.796e+00 
  82194  1.300   2  2013  252   2.18  56544.287  103.7  3.010e+00 
  82195  0.650   1  2013  252   2.70  56544.308  103.7  3.417e+00 
  82196  0.787   3  2013  252   3.33  56544.334  103.7  4.570e+00 
  82197  0.787   3  2013  252   3.76  56544.352  103.7  5.490e+00 
  82198  0.524   2  2013  252   4.11  56544.367  103.7  6.551e+00 
  82237  0.650   1  2013  252  23.82  56545.188  103.6  1.820e+00 
  82239  0.650   1  2013  253   0.51  56545.217  103.6  1.808e+00 
  82243  0.849   1  2013  253   2.65  56545.306  103.6  5.643e+00 
  82244  0.849   1  2013  253   3.09  56545.324  103.6  6.202e+00 
  82245  0.667   1  2013  253   3.88  56545.357  103.6  1.033e+01 
  82246  0.667   1  2013  253   4.24  56545.372  103.6  1.133e+01 
  82295  0.738   2  2013  254   4.62  56546.388  103.5  1.187e+01 
  83189  0.444   2  2013  272  19.88  56565.024  110.2  4.308e+00 
  83191  0.556   1  2013  272  20.69  56565.058  110.3  2.874e+00 
  83192  1.111   2  2013  272  21.18  56565.078  110.3  2.515e+00 
  83193  0.556   1  2013  272  21.68  56565.099  110.3  2.001e+00 
  83194  0.556   1  2013  272  22.39  56565.129  110.4  1.703e+00 
  83195  0.556   1  2013  272  22.72  56565.142  110.4  1.460e+00 
  83196  1.111   2  2013  272  23.22  56565.163  110.4  1.333e+00 
  83198  1.111   2  2013  273   0.18  56565.203  110.5  1.396e+00 
  83199  1.111   2  2013  273   0.83  56565.230  110.5  1.532e+00 
  83201  1.111   2  2013  273   1.74  56565.268  110.5  2.082e+00 
  83202  0.556   1  2013  273   2.23  56565.289  110.6  2.337e+00 
  83203  0.556   1  2013  273   2.56  56565.302  110.6  2.757e+00 
  83204  0.556   1  2013  273   3.33  56565.334  110.6  3.623e+00 
  83205  1.111   2  2013  273   3.83  56565.355  110.7  5.228e+00 
  83242  0.556   1  2013  273  22.34  56566.126  111.5  1.611e+00 
  83243  1.111   2  2013  273  22.83  56566.147  111.5  1.614e+00 
  83244  0.556   1  2013  273  23.32  56566.167  111.5  1.699e+00 
  83245  0.556   1  2013  273  23.92  56566.192  111.6  1.415e+00 
  83246  0.556   1  2013  274   0.25  56566.206  111.6  1.509e+00 
  83247  1.111   2  2013  274   0.75  56566.227  111.6  1.398e+00 
  83248  0.556   1  2013  274   1.39  56566.254  111.6  2.070e+00 
  83249  0.556   1  2013  274   1.72  56566.267  111.6  1.964e+00 
  83250  1.111   2  2013  274   2.22  56566.288  111.7  2.566e+00 
  83252  0.667   3  2013  274   3.26  56566.331  111.7  4.441e+00 
  83777  0.733   2  2013  285   1.76  56577.269  123.4  3.626e+00 
  84345  0.834   2  2013  296  21.85  56589.106  141.3  2.593e+00 
  84346  0.834   2  2013  296  22.28  56589.124  141.3  2.226e+00 
  84389  0.709   2  2013  297  19.80  56590.021  142.2  8.163e+00 
  84390  1.063   3  2013  297  20.28  56590.041  142.2  7.164e+00 
  84391  0.518   2  2013  297  20.75  56590.060  142.2  5.849e+00 
  84392  0.817   5  2013  297  21.22  56590.080  142.2  4.949e+00 
  84393  0.980   6  2013  297  21.75  56590.102  142.3  4.253e+00 
  84394  0.376   2  2013  297  22.37  56590.128  142.3  1.713e+00 
  84395  0.939   5  2013  297  22.76  56590.144  142.3  1.958e+00 
  84396  0.376   2  2013  297  23.15  56590.160  142.3  1.691e+00 
  84439  0.490   3  2013  298  20.73  56591.059  142.8  4.366e+00 
  84485  0.518   2  2013  299  19.75  56592.018  143.4  9.044e+00 
  84486  0.897   3  2013  299  20.20  56592.037  143.4  6.750e+00 
  84487  0.751   4  2013  299  20.76  56592.061  143.4  3.580e+00 
  84488  0.563   3  2013  299  21.15  56592.077  143.5  3.448e+00 
  84494  0.531   1  2013  300   0.34  56592.210  143.5  1.906e+00 
  84495  1.061   2  2013  300   0.76  56592.227  143.5  1.807e+00 
  84582  0.753   1  2013  301  20.10  56594.033  145.2  7.939e+00 
  84583  0.753   1  2013  301  20.51  56594.050  145.2  7.333e+00 
  84585  0.753   1  2013  301  21.81  56594.104  145.3  6.317e+00 
  84589  0.753   1  2013  301  23.72  56594.184  145.4  4.036e+00 
  84590  0.753   1  2013  302   0.13  56594.201  145.4  4.191e+00 
  84591  0.753   1  2013  302   0.95  56594.235  145.4  4.451e+00 
  84592  0.753   1  2013  302   1.35  56594.252  145.5  4.662e+00 
  84594  0.753   1  2013  302   2.10  56594.283  145.5  5.351e+00 
  84595  0.753   1  2013  302   2.51  56594.300  145.5  5.772e+00 
  84596  1.506   2  2013  302   3.24  56594.331  145.6  7.736e+00 
  84629  0.753   1  2013  302  19.63  56595.014  146.5  8.120e+00 
  84630  0.753   1  2013  302  20.04  56595.031  146.5  7.435e+00 
  84635  0.817   1  2013  302  22.68  56595.141  146.7  2.335e+00 
  84636  0.817   1  2013  302  23.11  56595.158  146.7  2.210e+00 
  84641  1.000   2  2013  303   1.67  56595.265  146.8  6.286e+00 
  84642  1.000   2  2013  303   2.19  56595.287  146.9  7.007e+00 
  84643  0.753   1  2013  303   2.97  56595.319  146.9  7.662e+00 
  84644  0.753   1  2013  303   3.38  56595.336  146.9  8.529e+00 
  84677  0.667   2  2013  303  19.80  56596.021  147.8  7.290e+00 
  84678  0.667   2  2013  303  20.19  56596.037  147.9  6.018e+00 
  84679  0.667   2  2013  303  20.80  56596.062  147.9  5.157e+00 
  84681  0.722   1  2013  303  21.60  56596.096  147.9  5.270e+00 
  84682  0.722   1  2013  303  22.01  56596.113  147.9  4.873e+00 
  84685  1.252   3  2013  303  23.77  56596.186  148.0  1.597e+00 
  84686  0.417   1  2013  304   0.20  56596.204  148.1  1.808e+00 
  84778  1.506   2  2013  305  22.26  56598.123  150.5  4.666e+00 
  84780  0.753   1  2013  305  23.17  56598.161  150.5  4.340e+00 
  84781  0.753   1  2013  305  23.57  56598.178  150.6  4.349e+00 
  84825  0.417   1  2013  306  21.96  56599.110  152.0  3.301e+00 
  84826  0.834   2  2013  306  22.28  56599.124  152.0  2.865e+00 
  84827  0.417   1  2013  306  22.61  56599.137  152.0  2.554e+00 
  84828  0.834   2  2013  306  23.24  56599.164  152.1  2.320e+00 
  84829  0.834   2  2013  306  23.67  56599.182  152.1  2.202e+00 
  84875  0.834   2  2013  307  22.64  56600.139  153.5  2.645e+00 
  84876  0.417   1  2013  307  23.18  56600.161  153.5  2.363e+00 
  84877  0.834   2  2013  307  23.78  56600.186  153.5  2.189e+00 
  84878  0.834   2  2013  308   0.21  56600.204  153.6  2.066e+00 
  84917  0.333   1  2013  308  19.92  56601.026  154.6  7.626e+00 
  84918  0.667   2  2013  308  20.21  56601.038  154.6  7.159e+00 
  84919  0.333   1  2013  308  20.50  56601.050  154.6  6.573e+00 
  84925  1.000   3  2013  308  23.78  56601.186  154.6  5.435e+00 
  84926  0.333   1  2013  309   0.16  56601.202  154.6  5.757e+00 
  84927  0.333   1  2013  309   0.97  56601.236  154.7  5.784e+00 
  84928  0.667   2  2013  309   1.26  56601.248  154.7  6.115e+00 
  84929  0.333   1  2013  309   1.55  56601.260  154.7  6.508e+00 
  85062  0.417   1  2013  311  20.44  56604.047  154.2  6.240e+00 
  85063  0.834   2  2013  311  20.76  56604.061  154.2  5.534e+00 
  85064  0.417   1  2013  311  21.09  56604.074  154.2  5.003e+00 
  85065  0.834   2  2013  311  21.84  56604.106  154.1  3.620e+00 
  85066  0.834   2  2013  311  22.27  56604.124  154.1  3.445e+00 
  85685  0.461   1  2013  324  19.83  56617.022  143.5  9.021e+00 
  85686  0.922   2  2013  324  20.22  56617.038  143.5  9.053e+00 
  85687  0.461   1  2013  324  20.61  56617.054  143.5  7.831e+00 
  85733  0.461   1  2013  325  19.95  56618.027  143.2  9.445e+00 
  85734  0.922   2  2013  325  20.34  56618.043  143.2  8.671e+00 
  85735  0.461   1  2013  325  20.73  56618.059  143.2  8.080e+00 
  85784  0.833   1  2013  326  21.48  56619.091  143.2  6.833e+00 
  85785  0.833   1  2013  326  21.93  56619.109  143.2  6.512e+00 
  85879  1.506   2  2013  328  20.79  56621.062  143.3  7.580e+00 
  85881  0.833   1  2013  328  21.73  56621.101  143.3  5.929e+00 
  85882  0.833   1  2013  328  22.18  56621.120  143.3  5.711e+00 
  85883  0.833   1  2013  328  22.91  56621.150  143.3  4.602e+00 
  85884  0.833   1  2013  328  23.36  56621.169  143.3  4.584e+00 
  85886  0.887   3  2013  329   0.22  56621.205  143.3  4.168e+00 
  85985  0.833   1  2013  331   1.68  56623.266  143.3  9.304e+00 
  85986  0.833   1  2013  331   2.13  56623.284  143.3  9.985e+00 
  85987  0.833   1  2013  331   2.86  56623.315  143.3  1.192e+01 
  86034  0.833   1  2013  332   2.17  56624.286  143.3  1.078e+01 
  86035  0.833   1  2013  332   2.62  56624.305  143.3  1.220e+01 
  86083  0.461   1  2013  333   2.88  56625.315  142.9  1.079e+01 
  86084  0.922   2  2013  333   3.26  56625.332  142.9  1.236e+01 
  86085  0.461   1  2013  333   3.65  56625.348  142.9  1.453e+01 
  86130  0.461   1  2013  334   2.34  56626.293  142.4  8.201e+00 
  86131  0.922   2  2013  334   2.73  56626.309  142.4  9.265e+00 
  86132  0.461   1  2013  334   3.12  56626.325  142.4  1.052e+01 
  86171  0.833   1  2013  334  22.66  56627.140  142.0  5.372e+00 
  86172  0.833   1  2013  334  23.11  56627.158  142.0  5.032e+00 
  86213  0.753   1  2013  335  19.92  56628.026  141.6  9.990e+00 
  86214  0.753   1  2013  335  20.33  56628.043  141.6  9.924e+00 
  86216  1.506   2  2013  335  21.26  56628.082  141.6  7.906e+00 
  86217  0.753   1  2013  335  21.96  56628.110  141.5  7.027e+00 
  86218  0.753   1  2013  335  22.36  56628.127  141.5  6.613e+00 
  86220  0.753   1  2013  335  23.44  56628.172  141.5  5.879e+00 
  86221  0.753   1  2013  335  23.85  56628.189  141.5  5.981e+00 
  86223  1.000   2  2013  336   0.63  56628.222  141.5  7.196e+00 
  86224  1.000   2  2013  336   1.16  56628.244  141.5  7.591e+00 
  86225  0.500   1  2013  336   1.81  56628.271  141.5  8.359e+00 
  86226  1.000   2  2013  336   2.20  56628.287  141.5  9.379e+00 
  86227  1.000   2  2013  336   2.76  56628.310  141.5  1.062e+01 
  86228  1.000   2  2013  336   3.32  56628.334  141.5  1.309e+01 
  86229  0.500   1  2013  336   3.71  56628.350  141.5  1.471e+01 
  86268  0.775   1  2013  336  23.44  56629.172  141.3  4.796e+00 
  86269  0.775   1  2013  336  23.85  56629.190  141.3  4.530e+00 
  86271  0.847   1  2013  337   0.64  56629.222  141.3  6.953e+00 
  86272  0.847   1  2013  337   1.08  56629.241  141.3  7.337e+00 
  86273  0.847   1  2013  337   1.81  56629.271  141.3  8.267e+00 
  86274  0.847   1  2013  337   2.25  56629.289  141.3  9.328e+00 
  86275  0.847   1  2013  337   2.95  56629.318  141.3  1.089e+01 
  86276  0.847   1  2013  337   3.39  56629.337  141.3  1.248e+01 
  86310  0.817   1  2013  337  20.33  56630.043  141.4  9.377e+00 
  86311  0.817   1  2013  337  20.76  56630.061  141.4  8.268e+00 
  86320  0.500   1  2013  338   1.39  56630.253  141.5  8.082e+00 
  86321  1.000   2  2013  338   1.78  56630.270  141.5  8.730e+00 
  86322  0.500   1  2013  338   2.17  56630.286  141.5  9.430e+00 
  86323  1.000   2  2013  338   2.87  56630.315  141.5  1.133e+01 
  86324  0.500   1  2013  338   3.26  56630.331  141.5  1.279e+01 
  86325  0.563   2  2013  338   3.54  56630.343  141.5  1.396e+01 
  86367  0.753   1  2013  339   0.93  56631.234  141.9  7.710e+00 
  86368  0.753   1  2013  339   1.34  56631.252  141.9  8.077e+00 
  86509  0.833   1  2013  341  23.96  56634.194  143.2  6.778e+00 
  86657  0.753   1  2013  345   1.81  56637.271  144.9  8.809e+00 
  86658  0.753   1  2013  345   2.22  56637.288  144.9  9.684e+00 
  87223  0.833   1  2013  356  20.55  56649.052  150.3  9.486e+00 
  87271  0.833   1  2013  357  20.63  56650.055  151.9  9.504e+00 
  87272  0.833   1  2013  357  21.08  56650.074  151.9  9.164e+00 
  87319  1.167   1  2013  358  20.76  56651.061  153.2  7.996e+00 
  87320  1.167   1  2013  358  21.38  56651.086  153.3  7.240e+00 
  87322  0.833   1  2013  358  22.27  56651.123  153.4  7.126e+00 
  87323  0.833   1  2013  358  22.71  56651.142  153.4  7.087e+00 
  87325  1.061   2  2013  358  23.65  56651.181  153.5  4.424e+00 
  87424  0.922   2  2013  361   1.28  56653.249  156.4  5.692e+00 
  87425  0.922   2  2013  361   1.79  56653.270  156.4  6.141e+00 
  87427  0.467   1  2013  361   2.50  56653.300  156.5  7.261e+00 
  87520  0.461   1  2013  363   1.42  56655.255  157.4  6.811e+00 
  87521  0.922   2  2013  363   1.81  56655.271  157.4  7.465e+00 
  87522  0.461   1  2013  363   2.20  56655.287  157.4  7.906e+00 
  87568  0.461   1  2013  364   1.36  56656.252  157.6  5.699e+00 
  87569  0.922   2  2013  364   1.75  56656.268  157.6  6.297e+00 
  87570  0.461   1  2013  364   2.14  56656.285  157.6  6.573e+00 
  87618  1.252   3  2013  365   2.23  56657.289  157.4  6.369e+00 
  87619  0.417   1  2013  365   2.66  56657.307  157.4  7.430e+00 
  87620  0.586   2  2013  365   3.26  56657.331  157.3  1.003e+01 
  87654  0.333   1  2013  365  20.37  56658.044  156.9  1.060e+01 
  87655  0.667   2  2013  365  20.67  56658.057  156.9  1.037e+01 
  87760  0.461   1  2014    3   1.26  56660.248  155.0  6.292e+00 
  87761  0.922   2  2014    3   1.65  56660.264  155.0  6.634e+00 
  87762  0.461   1  2014    3   2.04  56660.280  154.9  7.596e+00 
  87763  0.922   2  2014    3   2.69  56660.308  154.9  8.011e+00 
  87764  0.922   2  2014    3   3.21  56660.329  154.9  9.486e+00 
  87799  0.775   1  2014    3  20.71  56661.058  154.3  9.014e+00 
  87800  0.775   1  2014    3  21.13  56661.076  154.3  8.570e+00 
  87805  0.500   1  2014    3  23.88  56661.191  154.2  7.462e+00 
  87806  1.000   2  2014    4   0.27  56661.207  154.2  7.519e+00 
  87807  0.500   1  2014    4   0.66  56661.223  154.2  7.596e+00 
  87808  0.717   3  2014    4   1.28  56661.249  154.2  4.723e+00 
  87809  0.956   4  2014    4   1.75  56661.268  154.2  5.393e+00 
  87811  0.692   1  2014    4   2.71  56661.308  154.1  7.721e+00 
  87812  0.692   1  2014    4   3.08  56661.324  154.1  9.005e+00 
  87949  0.956   4  2014    6  23.77  56664.186  153.4  4.211e+00 
  87950  0.717   3  2014    7   0.23  56664.205  153.4  4.415e+00 
  87951  0.500   1  2014    7   0.85  56664.231  153.4  8.516e+00 
  87952  0.500   1  2014    7   1.11  56664.242  153.4  8.822e+00 
  87953  0.620   2  2014    7   1.74  56664.268  153.4  6.088e+00 
  87954  0.930   3  2014    7   2.19  56664.287  153.4  6.857e+00 
  88096  0.717   3  2014   10   1.32  56667.251  155.2  5.628e+00 
  88097  0.956   4  2014   10   1.79  56667.270  155.2  6.195e+00 
  88567  0.667   1  2014   19  20.87  56677.065  149.1  9.201e+00 
  88712  0.887   3  2014   22  21.28  56680.082  146.9  8.825e+00 
  88960  0.956   4  2014   28   1.27  56685.248  150.2  3.203e+00 
  88961  0.956   4  2014   28   1.80  56685.271  150.3  3.410e+00 
  88963  0.692   1  2014   28   2.79  56685.312  150.3  5.753e+00 
  88964  0.692   1  2014   28   3.17  56685.328  150.3  6.490e+00 
  88965  0.467   1  2014   28   3.80  56685.354  150.3  1.095e+01 
  88966  0.467   1  2014   28   4.06  56685.365  150.4  1.183e+01 
  89001  1.000   2  2014   28  21.82  56686.105  151.2  8.634e+00 
  89002  1.000   2  2014   28  22.34  56686.126  151.3  8.166e+00 
  89047  0.543   1  2014   29  20.59  56687.054  152.8  1.013e+01 
  89053  0.956   4  2014   29  23.73  56687.184  153.0  3.204e+00 
  89054  0.956   4  2014   30   0.26  56687.206  153.0  2.856e+00 
  89055  0.417   1  2014   30   0.96  56687.235  153.0  3.309e+00 
  89056  0.834   2  2014   30   1.28  56687.249  153.1  3.527e+00 
  89057  0.417   1  2014   30   1.60  56687.262  153.1  3.703e+00 
  89058  0.722   1  2014   30   2.29  56687.291  153.1  7.503e+00 
  89059  0.722   1  2014   30   2.69  56687.308  153.1  7.904e+00 
  89061  0.922   2  2014   30   3.74  56687.352  153.2  1.062e+01 
  89062  0.922   2  2014   30   4.26  56687.373  153.2  1.259e+01 
  89098  0.478   2  2014   30  22.33  56688.126  154.3  4.635e+00 
  89099  0.956   4  2014   30  22.73  56688.143  154.3  4.313e+00 
  89100  0.478   2  2014   30  23.13  56688.159  154.4  3.222e+00 
  89107  0.922   2  2014   31   2.86  56688.315  154.6  8.202e+00 
  89108  0.461   1  2014   31   3.25  56688.331  154.6  9.045e+00 
  89109  0.461   1  2014   31   3.50  56688.342  154.6  1.000e+01 
  89145  0.478   2  2014   31  21.86  56689.106  155.7  4.730e+00 
  89146  0.956   4  2014   31  22.26  56689.123  155.7  4.459e+00 
  89147  0.478   2  2014   31  22.66  56689.140  155.7  3.829e+00 
  89153  0.692   1  2014   32   1.84  56689.272  155.9  4.165e+00 
  89154  0.692   1  2014   32   2.22  56689.288  155.9  4.539e+00 
  89156  1.383   2  2014   32   3.21  56689.329  156.0  6.514e+00 
  89193  0.478   2  2014   32  21.86  56690.106  157.0  5.460e+00 
  89194  0.956   4  2014   32  22.26  56690.123  157.0  4.836e+00 
  89195  0.478   2  2014   32  22.66  56690.140  157.1  3.955e+00 
  89196  0.620   2  2014   32  23.26  56690.165  157.1  3.208e+00 
  89197  0.930   3  2014   32  23.72  56690.184  157.1  3.154e+00 
  89199  0.556   2  2014   33   0.83  56690.230  157.2  3.297e+00 
  89200  0.833   3  2014   33   1.26  56690.248  157.2  3.420e+00 
  89202  0.692   1  2014   33   2.28  56690.290  157.3  4.792e+00 
  89203  0.692   1  2014   33   2.65  56690.306  157.3  5.541e+00 
  89204  0.540   2  2014   33   3.24  56690.331  157.3  1.112e+01 
  89246  0.956   4  2014   34   0.23  56691.205  158.2  3.400e+00 
  89247  0.717   3  2014   34   0.69  56691.225  158.2  3.248e+00 
  89248  0.717   3  2014   34   1.32  56691.250  158.2  3.074e+00 
  89249  0.956   4  2014   34   1.78  56691.270  158.2  3.455e+00 
  89250  0.549   2  2014   34   2.28  56691.290  158.3  5.032e+00 
  89251  0.930   3  2014   34   2.77  56691.311  158.3  6.952e+00 
  89252  0.620   2  2014   34   3.22  56691.330  158.3  8.119e+00 
  89253  0.461   1  2014   34   3.80  56691.354  158.3  9.749e+00 
  89254  0.461   1  2014   34   4.06  56691.365  158.3  1.141e+01 
  89292  1.252   3  2014   34  23.22  56692.163  158.7  3.779e+00 
  89293  0.417   1  2014   34  23.65  56692.181  158.7  3.651e+00 
  89340  1.252   3  2014   35  23.27  56693.165  159.0  3.790e+00 
  89341  0.417   1  2014   35  23.70  56693.183  159.0  3.565e+00 
  89388  0.847   1  2014   36  23.38  56694.170  159.5  3.482e+00 
  89390  0.586   2  2014   37   0.11  56694.200  159.5  3.886e+00 
  89391  0.478   2  2014   37   0.81  56694.229  159.5  3.320e+00 
  89392  0.956   4  2014   37   1.21  56694.246  159.5  3.311e+00 
  89393  0.478   2  2014   37   1.60  56694.262  159.6  3.839e+00 
  89394  0.956   4  2014   37   2.28  56694.290  159.6  4.510e+00 
  89395  0.717   3  2014   37   2.74  56694.310  159.6  5.529e+00 
  89396  0.401   2  2014   37   3.19  56694.328  159.6  7.391e+00 
  89397  0.649   4  2014   37   3.73  56694.351  159.6  1.057e+01 
  89488  1.328   1  2014   39   1.01  56696.238  161.2  3.264e+00 
  89489  1.328   1  2014   39   1.73  56696.268  161.2  3.781e+00 
  89491  0.800   1  2014   39   2.84  56696.314  161.3  5.430e+00 
  89492  0.800   1  2014   39   3.26  56696.332  161.3  6.562e+00 
  89494  0.528   1  2014   39   4.36  56696.377  161.3  1.352e+01 
  89536  1.328   1  2014   40   1.49  56697.258  162.1  3.137e+00 
  89538  0.467   1  2014   40   2.29  56697.291  162.2  2.921e+00 
  89539  0.933   2  2014   40   2.86  56697.315  162.2  3.990e+00 
  89587  0.922   2  2014   41   2.71  56698.308  163.2  4.080e+00 
  89588  0.922   2  2014   41   3.23  56698.330  163.2  5.154e+00 
  89636  1.328   1  2014   42   3.15  56699.327  164.0  4.871e+00 
  89638  0.933   2  2014   42   4.18  56699.370  164.0  1.194e+01 
  90153  0.417   1  2014   52  21.81  56710.104  159.4  4.779e+00 
  90154  1.252   3  2014   52  22.24  56710.122  159.4  4.149e+00 
  90155  0.417   1  2014   52  23.00  56710.154  159.4  2.930e+00 
  90156  0.417   1  2014   52  23.22  56710.163  159.4  2.672e+00 
  90198  0.417   1  2014   53  20.41  56711.046  158.7  7.738e+00 
  90199  0.834   2  2014   53  20.73  56711.059  158.6  6.990e+00 
  90200  0.417   1  2014   53  21.06  56711.073  158.6  6.004e+00 
  90201  0.834   2  2014   53  21.69  56711.099  158.6  3.983e+00 
  90202  0.834   2  2014   53  22.12  56711.117  158.6  3.533e+00 
  90247  0.897   6  2014   54  20.74  56712.060  157.8  9.415e+00 
  90248  0.538   3  2014   54  21.27  56712.082  157.8  6.753e+00 
  90249  0.478   2  2014   54  21.83  56712.105  157.8  3.449e+00 
  90250  0.956   4  2014   54  22.22  56712.122  157.8  3.124e+00 
  90252  0.717   3  2014   54  23.30  56712.166  157.8  1.957e+00 
  90253  0.478   2  2014   54  23.68  56712.182  157.8  2.016e+00 
  90254  1.252   3  2014   55   0.28  56712.207  157.7  2.907e+00 
  90255  0.417   1  2014   55   0.71  56712.225  157.7  3.083e+00 
  90297  0.656   2  2014   55  21.75  56713.102  157.3  3.485e+00 
  90298  0.983   3  2014   55  22.18  56713.120  157.3  2.722e+00 
  90299  0.692   1  2014   55  22.95  56713.152  157.2  2.702e+00 
  90300  0.692   1  2014   55  23.33  56713.167  157.2  2.757e+00 
  90308  0.930   3  2014   56   3.32  56713.334  157.1  4.832e+00 
  90309  0.620   2  2014   56   3.77  56713.353  157.1  6.106e+00 
  90346  0.692   1  2014   56  22.18  56714.120  156.8  3.676e+00 
  90347  0.692   1  2014   56  22.55  56714.135  156.8  3.537e+00 
  90348  0.834   2  2014   56  23.31  56714.167  156.8  2.632e+00 
  90349  0.834   2  2014   56  23.74  56714.185  156.8  2.610e+00 
  90350  0.417   1  2014   57   0.39  56714.212  156.9  3.173e+00 
  90351  0.834   2  2014   57   0.71  56714.225  156.9  2.905e+00 
  90352  0.834   2  2014   57   1.21  56714.246  156.9  2.913e+00 
  90353  0.834   2  2014   57   1.71  56714.267  156.9  3.197e+00 
  90354  0.417   1  2014   57   2.03  56714.280  156.9  3.305e+00 
  90358  0.528   1  2014   57   4.26  56714.373  156.9  1.228e+01 
  90359  0.528   1  2014   57   4.56  56714.385  156.9  1.332e+01 
  90394  1.383   2  2014   57  22.31  56715.125  156.8  3.772e+00 
  90396  0.834   2  2014   57  23.23  56715.164  156.8  2.763e+00 
  90397  0.834   2  2014   57  23.66  56715.182  156.8  2.341e+00 
  90398  0.834   2  2014   58   0.38  56715.211  156.8  2.995e+00 
  90399  0.834   2  2014   58   0.81  56715.229  156.8  2.991e+00 
  90406  0.933   2  2014   58   4.23  56715.372  156.7  1.180e+01 
  90440  0.692   1  2014   58  21.16  56716.077  156.2  4.696e+00 
  90441  0.692   1  2014   58  21.53  56716.093  156.2  3.949e+00 
  90446  0.800   1  2014   59   0.12  56716.201  156.2  1.752e+00 
  90447  0.800   1  2014   59   0.54  56716.218  156.1  1.795e+00 
  90488  0.692   1  2014   59  21.47  56717.090  155.6  4.310e+00 
  90489  0.692   1  2014   59  21.85  56717.106  155.6  3.760e+00 
  90491  0.692   1  2014   59  22.91  56717.150  155.6  2.808e+00 
  90492  0.692   1  2014   59  23.29  56717.166  155.6  2.653e+00 
  90493  0.834   2  2014   59  23.85  56717.189  155.6  2.783e+00 
  90494  0.834   2  2014   60   0.28  56717.207  155.5  2.780e+00 
  90495  0.417   1  2014   60   0.93  56717.234  155.5  2.736e+00 
  90496  0.834   2  2014   60   1.25  56717.248  155.5  2.837e+00 
  90497  0.417   1  2014   60   1.57  56717.261  155.5  3.019e+00 
  90533  0.333   1  2014   60  19.84  56718.022  155.1  9.724e+00 
  90534  1.000   3  2014   60  20.23  56718.038  155.1  9.254e+00 
  90535  0.667   2  2014   60  20.84  56718.064  155.1  8.624e+00 
  90536  0.667   2  2014   60  21.22  56718.080  155.1  8.453e+00 
  90537  0.667   2  2014   60  21.87  56718.107  155.0  7.626e+00 
  90538  0.667   2  2014   60  22.26  56718.123  155.0  7.477e+00 
  90546  0.389   1  2014   61   2.26  56718.290  155.0  5.532e+00 
  90547  0.389   1  2014   61   2.51  56718.300  155.0  5.640e+00 
  90586  0.692   1  2014   61  22.18  56719.120  154.6  3.328e+00 
  90587  0.692   1  2014   61  22.56  56719.136  154.5  3.083e+00 
  90629  0.542   3  2014   62  19.82  56720.021  154.1  1.034e+01 
  90630  0.722   4  2014   62  20.19  56720.037  154.1  1.015e+01 
  90631  0.683   3  2014   62  20.75  56720.060  154.1  6.397e+00 
  90632  0.911   4  2014   62  21.20  56720.079  154.0  5.306e+00 
  90633  0.456   2  2014   62  21.65  56720.098  154.0  4.643e+00 
  90634  1.025   3  2014   62  22.27  56720.124  154.0  2.588e+00 
  90635  0.683   2  2014   62  22.75  56720.143  154.0  2.479e+00 
  90636  0.342   1  2014   62  23.10  56720.158  154.0  2.325e+00 
  90641  0.402   2  2014   63   1.91  56720.275  154.0  4.476e+00 
  90642  0.804   4  2014   63   2.27  56720.290  153.9  4.825e+00 
  90643  0.603   3  2014   63   2.68  56720.307  153.9  5.394e+00 
  90644  1.006   5  2014   63   3.24  56720.330  153.9  6.202e+00 
  90645  0.804   4  2014   63   3.77  56720.353  153.9  7.889e+00 
  90646  0.744   4  2014   63   4.30  56720.375  153.9  9.633e+00 
  90678  0.697   3  2014   63  20.34  56721.043  153.6  7.611e+00 
  90679  0.697   3  2014   63  20.84  56721.064  153.5  5.863e+00 
  90680  0.697   3  2014   63  21.23  56721.080  153.5  4.948e+00 
  90681  0.683   2  2014   63  21.74  56721.101  153.5  3.223e+00 
  90682  1.025   3  2014   63  22.21  56721.121  153.5  2.791e+00 
  90683  0.683   2  2014   63  22.75  56721.144  153.5  2.445e+00 
  90684  1.025   3  2014   63  23.23  56721.163  153.5  2.102e+00 
  90685  0.683   2  2014   63  23.77  56721.186  153.5  1.866e+00 
  90686  1.025   3  2014   64   0.24  56721.206  153.5  2.026e+00 
  90687  0.683   2  2014   64   0.80  56721.229  153.4  1.987e+00 
  90688  1.025   3  2014   64   1.28  56721.249  153.4  2.164e+00 
  90690  0.907   4  2014   64   2.29  56721.291  153.4  2.955e+00 
  90691  0.680   3  2014   64   2.75  56721.310  153.4  3.454e+00 
  90692  0.916   4  2014   64   3.29  56721.333  153.4  4.124e+00 
  90693  0.687   3  2014   64   3.76  56721.352  153.4  5.308e+00 
  90694  0.916   4  2014   64   4.26  56721.373  153.3  7.603e+00 
  90730  0.501   2  2014   64  22.17  56722.119  153.0  3.880e+00 
  90731  0.662   3  2014   64  22.76  56722.144  153.0  2.383e+00 
  90735  0.680   3  2014   65   0.76  56722.227  153.0  2.901e+00 
  90736  0.907   4  2014   65   1.21  56722.246  153.0  3.003e+00 
  90737  0.907   4  2014   65   1.79  56722.270  153.0  3.230e+00 
  90738  0.680   3  2014   65   2.24  56722.289  153.0  3.799e+00 
  90739  0.907   4  2014   65   2.74  56722.310  153.0  4.227e+00 
  90740  0.907   4  2014   65   3.27  56722.332  153.0  4.988e+00 
  90741  0.791   2  2014   65   3.82  56722.355  153.0  5.288e+00 
  90742  0.564   1  2014   65   4.21  56722.371  153.0  6.351e+00 
  90779  0.883   3  2014   65  22.82  56723.147  152.8  2.955e+00 
  90780  0.883   3  2014   65  23.32  56723.167  152.8  2.598e+00 
  90781  0.589   2  2014   65  23.83  56723.188  152.8  2.339e+00 
  90782  0.589   2  2014   66   0.16  56723.202  152.8  2.447e+00 
  90827  0.417   1  2014   66  22.95  56724.152  152.6  1.921e+00 
  90828  0.417   1  2014   66  23.17  56724.161  152.6  2.271e+00 
  90829  0.692   1  2014   66  23.90  56724.191  152.6  2.210e+00 
  90830  0.692   1  2014   67   0.27  56724.207  152.6  2.348e+00 
  90835  0.667   1  2014   67   2.73  56724.309  152.6  2.502e+00 
  90836  0.667   1  2014   67   3.09  56724.324  152.6  3.128e+00 
  90837  0.933   2  2014   67   3.85  56724.356  152.6  8.468e+00 
  90878  0.478   2  2014   68   0.15  56725.202  152.2  1.401e+00 
  90978  1.000   1  2014   70   2.23  56727.289  151.3  3.491e+00 
  90979  1.000   1  2014   70   2.75  56727.310  151.3  4.025e+00 
  90980  1.000   1  2014   70   3.38  56727.336  151.2  6.410e+00 
  90981  1.000   1  2014   70   3.89  56727.358  151.2  7.895e+00 
  91027  0.667   1  2014   71   2.76  56728.311  150.6  2.028e+00 
  91028  0.461   1  2014   71   3.38  56728.336  150.6  6.360e+00 
  91029  0.922   2  2014   71   3.77  56728.352  150.6  7.208e+00 
  91030  0.461   1  2014   71   4.15  56728.369  150.6  8.213e+00 
  91643  1.167   1  2014   83  23.00  56741.154  147.7  2.297e+00 
  91645  1.167   1  2014   83  23.61  56741.179  147.7  2.161e+00 
  91648  0.926   1  2014   84   1.10  56741.241  147.6  2.559e+00 
  91649  0.926   1  2014   84   1.59  56741.262  147.6  2.832e+00 
  91693  1.167   1  2014   84  23.62  56742.180  147.0  2.276e+00 
  91696  1.167   1  2014   85   1.44  56742.255  146.9  3.014e+00 
  91698  1.167   1  2014   85   2.05  56742.281  146.9  3.000e+00 
  91741  1.293   1  2014   85  23.69  56743.183  146.5  2.114e+00 
  91742  1.293   1  2014   86   0.36  56743.211  146.4  2.032e+00 
  91782  1.383   2  2014   86  20.22  56744.038  146.1  6.693e+00 
  91784  0.692   1  2014   86  21.17  56744.078  146.1  4.344e+00 
  91785  0.692   1  2014   86  21.55  56744.093  146.1  4.071e+00 
  91786  0.692   1  2014   86  22.39  56744.129  146.0  3.252e+00 
  91787  0.692   1  2014   86  22.77  56744.144  146.0  3.021e+00 
  91789  1.000   2  2014   86  23.65  56744.181  146.0  2.058e+00 
  91790  1.000   2  2014   87   0.20  56744.204  146.0  2.120e+00 
  91791  0.500   1  2014   87   0.79  56744.228  146.0  2.038e+00 
  91792  0.500   1  2014   87   1.07  56744.240  146.0  2.057e+00 
  91834  1.293   1  2014   87  22.19  56745.120  145.9  2.627e+00 
  91835  1.293   1  2014   87  22.87  56745.149  145.9  2.297e+00 
  91839  0.800   1  2014   88   0.86  56745.231  145.9  1.454e+00 
  91840  0.800   1  2014   88   1.28  56745.249  145.9  1.666e+00 
  91886  0.833   1  2014   89   0.19  56746.203  146.0  3.783e+00 
  91887  1.000   1  2014   89   0.82  56746.230  146.0  3.745e+00 
  91891  1.000   1  2014   89   2.76  56746.310  146.0  4.740e+00 
  92073  1.017   3  2014   92  21.75  56750.102  147.6  4.254e+00 
  92074  0.339   1  2014   92  22.17  56750.119  147.6  4.007e+00 
  92075  0.678   2  2014   92  22.80  56750.146  147.6  1.095e+00 
  92076  0.678   2  2014   92  23.22  56750.163  147.7  1.060e+00 
  92324  0.789   1  2014   98   3.42  56755.338  151.3  4.527e+00 
  92325  0.789   1  2014   98   3.85  56755.356  151.3  5.518e+00 
  92935  0.589   2  2014  110  20.62  56768.055  142.8  5.768e+00 
  93029  1.017   3  2014  112  19.75  56770.019  143.0  6.775e+00 
  93030  0.339   1  2014  112  20.17  56770.036  143.0  5.700e+00 
  93031  0.834   2  2014  112  20.85  56770.064  143.0  4.968e+00 
  93032  0.834   2  2014  112  21.28  56770.082  143.0  4.389e+00 
  93033  0.417   1  2014  112  21.93  56770.109  143.0  3.616e+00 
  93034  0.834   2  2014  112  22.26  56770.123  143.0  3.482e+00 
  93035  0.417   1  2014  112  22.58  56770.136  143.0  3.409e+00 
  93036  0.789   1  2014  112  23.22  56770.163  143.0  1.537e+00 
  93037  0.789   1  2014  112  23.65  56770.181  143.0  1.608e+00 
  93079  0.417   1  2014  113  20.95  56771.068  143.4  5.136e+00 
  93080  0.834   2  2014  113  21.27  56771.082  143.4  4.629e+00 
  93081  0.417   1  2014  113  21.59  56771.095  143.4  4.345e+00 
  93082  0.834   2  2014  113  22.20  56771.120  143.4  3.480e+00 
  93083  0.834   2  2014  113  22.63  56771.138  143.4  3.345e+00 
  93123  0.417   1  2014  114  18.92  56771.984  143.8  8.809e+00 
  93124  0.834   2  2014  114  19.25  56771.997  143.8  8.139e+00 
  93125  0.417   1  2014  114  19.57  56772.011  143.8  7.463e+00 
  93221  1.111   1  2014  116  19.91  56774.025  145.0  5.294e+00 
  93223  0.417   1  2014  116  20.98  56774.070  145.0  4.403e+00 
  93224  0.834   2  2014  116  21.31  56774.083  145.0  4.029e+00 
  93225  0.417   1  2014  116  21.63  56774.097  145.0  3.611e+00 
  93226  0.834   2  2014  116  22.20  56774.120  145.0  4.099e+00 
  93227  0.834   2  2014  116  22.63  56774.138  145.1  3.849e+00 
  93371  0.433   2  2014  119  22.88  56777.149  146.0  2.250e+00 
  93372  0.433   2  2014  119  23.17  56777.161  146.0  2.210e+00 
  93373  0.800   1  2014  119  23.75  56777.185  145.9  2.086e+00 
  93374  0.800   1  2014  120   0.17  56777.203  145.9  2.049e+00 
  93413  1.667   1  2014  120  19.53  56778.009  145.3  8.172e+00 
  93414  0.667   1  2014  120  20.45  56778.048  145.3  7.459e+00 
  93415  0.667   1  2014  120  20.80  56778.062  145.3  7.051e+00 
  93417  1.667   1  2014  120  21.63  56778.097  145.3  5.510e+00 
  93419  0.789   1  2014  120  22.77  56778.144  145.2  1.370e+00 
  93420  0.789   1  2014  120  23.20  56778.162  145.2  1.305e+00 
  93421  0.789   1  2014  120  23.92  56778.192  145.2  1.477e+00 
  93422  0.789   1  2014  121   0.34  56778.210  145.2  1.430e+00 
  93575  1.506   2  2014  124   4.79  56781.395  142.6  1.229e+01 
  93712  0.333   1  2014  127   1.40  56784.254  139.8  3.909e+00 
  93713  0.667   2  2014  127   1.88  56784.274  139.7  4.232e+00 
  93760  0.333   1  2014  128   1.44  56785.256  139.1  4.324e+00 
  93761  0.667   2  2014  128   1.73  56785.268  139.1  4.658e+00 
  93762  0.333   1  2014  128   2.02  56785.280  139.1  4.597e+00 
  93766  0.333   1  2014  128   4.35  56785.377  139.1  8.900e+00 
  93767  1.000   3  2014  128   4.74  56785.393  139.1  1.057e+01 
  94377  0.697   1  2014  140  21.66  56798.098  130.1  2.263e+00 
  94378  0.697   1  2014  140  22.08  56798.116  130.1  2.265e+00 
  94379  1.394   2  2014  140  22.71  56798.142  130.1  2.224e+00 
  94380  0.697   1  2014  140  23.35  56798.168  130.0  1.951e+00 
  94381  0.697   1  2014  140  23.77  56798.186  130.0  1.406e+00 
  94426  0.656   1  2014  141  22.27  56799.124  128.6  3.109e+00 
  94427  0.656   1  2014  141  22.65  56799.139  128.6  3.039e+00 
  94428  0.656   1  2014  141  23.02  56799.155  128.6  3.065e+00 
  94429  1.394   2  2014  141  23.69  56799.183  128.5  2.415e+00 
  94430  0.697   1  2014  142   0.32  56799.209  128.5  2.655e+00 
  94725  0.789   1  2014  148   4.00  56805.362  124.0  7.651e+00 
  94726  0.789   1  2014  148   4.42  56805.380  124.0  8.719e+00 
  94758  1.667   1  2014  148  20.04  56806.030  124.3  1.039e+01 
  94852  0.667   1  2014  150  19.19  56807.995  126.3  1.261e+01 
  94856  1.361   2  2014  150  21.25  56808.081  126.4  3.711e+00 
  94858  0.681   1  2014  150  22.19  56808.120  126.4  3.117e+00 
  94859  0.681   1  2014  150  22.55  56808.135  126.4  2.861e+00 
  94901  1.667   1  2014  151  19.99  56809.028  127.1  1.019e+01 
  94910  1.000   1  2014  152   0.38  56809.212  127.2  2.605e+00 
  94911  1.000   1  2014  152   0.93  56809.234  127.2  2.546e+00 
  94913  1.000   1  2014  152   1.97  56809.277  127.3  2.910e+00 
  94915  1.000   1  2014  152   2.51  56809.300  127.3  3.356e+00 
  94964  0.878   2  2014  153   3.33  56810.334  127.9  5.834e+00 
  94965  0.878   2  2014  153   3.84  56810.356  127.9  6.562e+00 
  94995  0.697   1  2014  153  19.00  56810.987  128.2  8.740e+00 
  94996  0.697   1  2014  153  19.37  56811.003  128.2  7.495e+00 
  95110  1.667   1  2014  156   4.01  56813.363  128.2  6.124e+00 
  95152  1.000   1  2014  157   1.05  56814.239  128.2  3.391e+00 
  95153  1.056   1  2014  157   1.91  56814.275  128.2  3.890e+00 
  95154  1.056   1  2014  157   2.45  56814.298  128.2  4.282e+00 
  95158  0.753   1  2014  157   4.44  56814.380  128.2  9.449e+00 
  95159  0.753   1  2014  157   4.85  56814.397  128.2  1.102e+01 
  95302  0.789   1  2014  160   4.08  56817.366  126.6  7.688e+00 
  95303  0.789   1  2014  160   4.51  56817.383  126.5  9.623e+00 
  95769  0.700   2  2014  169  21.84  56827.106  130.4  3.974e+00 
  95770  0.700   2  2014  169  22.26  56827.123  130.4  3.603e+00 
  95862  0.756   1  2014  171  20.44  56829.047  134.2  5.634e+00 
  95863  0.756   1  2014  171  20.85  56829.064  134.2  4.965e+00 
  95864  0.756   1  2014  171  21.32  56829.084  134.3  4.383e+00 
  95865  0.756   1  2014  171  21.73  56829.101  134.3  4.060e+00 
  95913  0.661   1  2014  172  21.74  56830.101  136.2  3.843e+00 
  95914  1.322   2  2014  172  22.27  56830.124  136.3  3.537e+00 
  95915  0.661   1  2014  172  22.80  56830.146  136.3  3.242e+00 
  95974  1.506   2  2014  174   4.23  56831.372  138.3  6.633e+00 
  96006  0.336   1  2014  174  20.35  56832.044  139.3  5.548e+00 
  96007  0.672   2  2014  174  20.68  56832.057  139.3  4.919e+00 
  96023  0.753   1  2014  175   4.80  56832.395  139.7  8.618e+00 
  96024  0.753   1  2014  175   5.21  56832.413  139.7  1.037e+01 
  96119  1.611   1  2014  177   4.66  56834.390  142.0  1.103e+01 
  96292  0.793   2  2014  180  19.21  56837.996  144.9  9.869e+00 
  96293  0.397   1  2014  180  19.58  56838.011  144.9  8.584e+00 
  96295  0.582   4  2014  180  20.84  56838.064  145.0  4.701e+00 
  96296  0.873   6  2014  180  21.26  56838.081  145.0  4.773e+00 
  96353  0.753   1  2014  182   1.79  56839.270  145.2  3.694e+00 
  96354  0.753   1  2014  182   2.20  56839.287  145.2  3.959e+00 
  96356  1.506   2  2014  182   3.26  56839.331  145.2  5.154e+00 
  96358  0.778   1  2014  182   4.20  56839.370  145.2  7.716e+00 
  96359  0.778   1  2014  182   4.61  56839.388  145.2  9.115e+00 
  96406  0.778   1  2014  183   4.49  56840.383  144.9  9.221e+00 
  96407  0.778   1  2014  183   4.91  56840.400  144.9  1.089e+01 
  96451  1.667   1  2014  184   2.76  56841.311  144.3  4.943e+00 
  96453  1.667   1  2014  184   3.90  56841.358  144.3  7.270e+00 
  96455  1.667   1  2014  184   4.85  56841.398  144.3  1.111e+01 
  96498  1.667   1  2014  185   2.02  56842.280  143.7  4.289e+00 
  97211  1.000   1  2014  199  22.92  56857.151  136.3  5.832e+00 
  97212  1.000   1  2014  199  23.45  56857.173  136.3  5.825e+00 
  97552  0.650   3  2014  207   1.30  56864.250  124.3  2.076e+00 
  97555  0.778   1  2014  207   2.65  56864.306  124.2  2.862e+00 
  97556  0.778   1  2014  207   3.06  56864.323  124.2  3.342e+00 
  97557  0.778   1  2014  207   3.88  56864.357  124.2  4.672e+00 
  97558  0.778   1  2014  207   4.30  56864.375  124.2  6.030e+00 
  97648  1.667   1  2014  209   1.11  56866.242  123.2  3.359e+00 
  97650  0.417   1  2014  209   2.34  56866.293  123.2  3.019e+00 
  97651  1.252   3  2014  209   2.77  56866.311  123.2  3.521e+00 
  97653  0.834   2  2014  209   3.84  56866.355  123.2  5.251e+00 
  97654  0.834   2  2014  209   4.27  56866.373  123.2  6.593e+00 
  97695  1.667   1  2014  210   0.51  56867.217  123.2  2.575e+00 
  97697  1.667   1  2014  210   1.90  56867.275  123.2  3.782e+00 
  97699  0.834   2  2014  210   2.89  56867.316  123.2  3.560e+00 
  97700  0.834   2  2014  210   3.32  56867.334  123.2  4.297e+00 
  97701  0.417   1  2014  210   3.96  56867.361  123.2  5.723e+00 
  97702  0.834   2  2014  210   4.29  56867.374  123.2  6.680e+00 
  97703  0.539   2  2014  210   4.69  56867.391  123.2  8.161e+00 
  97783  1.611   1  2014  211  20.72  56869.059  123.8  7.186e+00 
  97799  1.611   1  2014  212   4.67  56869.390  124.0  9.478e+00 
  97986  1.056   1  2014  216   2.13  56873.284  127.1  4.735e+00 
  97987  1.056   1  2014  216   2.68  56873.307  127.1  5.294e+00 
  97989  1.578   2  2014  216   3.72  56873.350  127.2  7.746e+00 
  97991  0.778   1  2014  216   4.66  56873.390  127.2  1.023e+01 
  97992  0.778   1  2014  216   5.08  56873.407  127.2  1.304e+01 
  98603  0.694   1  2014  228  22.97  56886.153  125.3  1.037e+00 
  98604  0.694   1  2014  228  23.37  56886.169  125.3  1.024e+00 
  98606  1.000   2  2014  229   0.26  56886.206  125.2  9.733e-01 
  98650  0.500   1  2014  229  22.37  56887.128  124.3  1.567e+00 
  98651  1.000   2  2014  229  22.82  56887.146  124.3  1.248e+00 
  98652  0.500   1  2014  229  23.26  56887.165  124.3  1.355e+00 
  98653  0.500   1  2014  229  23.87  56887.190  124.3  1.213e+00 
  98654  1.000   2  2014  230   0.31  56887.209  124.3  1.361e+00 
  98655  0.500   1  2014  230   0.76  56887.227  124.3  1.499e+00 
  98656  1.000   2  2014  230   1.31  56887.250  124.3  1.410e+00 
  98657  0.500   1  2014  230   1.76  56887.269  124.3  1.347e+00 
  98658  0.500   1  2014  230   2.05  56887.281  124.3  1.385e+00 
  98699  0.722   1  2014  230  22.79  56888.145  123.8  9.914e-01 
  98700  0.722   1  2014  230  23.21  56888.163  123.7  1.104e+00 
  98702  0.500   1  2014  231   0.42  56888.213  123.7  1.371e+00 
  98703  0.500   1  2014  231   0.71  56888.225  123.7  1.497e+00 
  98704  1.000   2  2014  231   1.16  56888.244  123.7  1.633e+00 
  98711  1.000   2  2014  231   4.77  56888.394  123.6  9.809e+00 
  98758  0.500   1  2014  232   4.31  56889.375  123.3  7.937e+00 
  98759  1.000   2  2014  232   4.76  56889.394  123.3  9.605e+00 
  98760  0.500   1  2014  232   5.20  56889.412  123.3  1.126e+01 
  98943  1.015   1  2014  236   0.72  56893.226  126.0  3.396e+00 
  99043  0.789   1  2014  238   2.65  56895.306  130.1  3.294e+00 
  99044  0.789   1  2014  238   3.08  56895.324  130.2  4.002e+00 
  99045  0.750   3  2014  238   3.84  56895.356  130.2  1.325e+01 
  99090  1.600   2  2014  239   2.21  56896.288  132.2  3.702e+00 
  99130  0.756   1  2014  239  22.21  56897.121  134.1  2.496e+00 
  99131  0.756   1  2014  239  22.62  56897.138  134.2  2.412e+00 
  99132  0.756   1  2014  239  23.34  56897.168  134.3  3.322e+00 
  99133  0.756   1  2014  239  23.75  56897.185  134.3  3.163e+00 
  99134  0.756   1  2014  240   0.31  56897.209  134.4  3.288e+00 
  99135  0.756   1  2014  240   0.72  56897.226  134.4  3.622e+00 
  99182  0.833   5  2014  241   0.30  56898.208  136.5  2.504e+00 
  99183  0.667   4  2014  241   0.72  56898.226  136.6  2.798e+00 
  99184  0.667   4  2014  241   1.24  56898.247  136.6  3.265e+00 
  99185  1.000   6  2014  241   1.76  56898.269  136.6  2.864e+00 
  99186  0.667   4  2014  241   2.22  56898.288  136.7  3.675e+00 
  99187  0.500   3  2014  241   2.82  56898.313  136.7  4.210e+00 
  99188  0.833   5  2014  241   3.19  56898.329  136.7  5.184e+00 
  99189  0.667   4  2014  241   3.74  56898.351  136.7  6.499e+00 
  99190  0.833   5  2014  241   4.25  56898.373  136.8  8.878e+00 
  99191  0.833   5  2014  241   4.76  56898.394  136.8  1.152e+01 
  99230  0.833   5  2014  242   0.27  56899.207  137.9  2.941e+00 
  99231  0.833   5  2014  242   0.74  56899.226  138.0  3.159e+00 
  99232  0.833   5  2014  242   1.25  56899.248  138.0  2.974e+00 
  99233  0.833   5  2014  242   1.74  56899.268  138.0  3.519e+00 
  99234  0.667   4  2014  242   2.16  56899.286  138.1  3.688e+00 
  99235  0.667   4  2014  242   2.81  56899.312  138.1  4.280e+00 
  99236  0.500   3  2014  242   3.17  56899.328  138.1  4.923e+00 
  99237  1.000   6  2014  242   3.76  56899.352  138.2  7.290e+00 
  99238  0.500   3  2014  242   4.17  56899.369  138.2  9.794e+00 
  99239  0.833   5  2014  242   4.72  56899.392  138.2  1.288e+01 
  99274  1.033   1  2014  242  22.36  56900.127  139.2  3.070e+00 
  99275  1.033   1  2014  242  22.91  56900.150  139.2  2.847e+00 
  99281  1.036   1  2014  243   1.53  56900.259  139.3  3.425e+00 
  99282  1.036   1  2014  243   2.08  56900.282  139.3  3.804e+00 
  99283  1.033   1  2014  243   2.90  56900.316  139.4  7.457e+00 
  99284  1.033   1  2014  243   3.45  56900.339  139.4  8.694e+00 
  99286  1.036   1  2014  243   4.43  56900.380  139.4  1.025e+01 
  99287  1.036   1  2014  243   4.98  56900.403  139.5  1.368e+01 
  99330  1.036   1  2014  244   2.38  56901.295  140.4  3.933e+00 
  99331  1.036   1  2014  244   2.93  56901.318  140.4  4.806e+00 
  99333  1.000   1  2014  244   3.71  56901.350  140.5  9.094e+00 
  99334  1.000   1  2014  244   4.26  56901.373  140.5  1.127e+01 
  99335  0.536   1  2014  244   4.81  56901.396  140.5  1.274e+01 
  99377  1.036   1  2014  245   1.65  56902.264  141.3  3.453e+00 
  99378  1.036   1  2014  245   2.20  56902.287  141.3  3.822e+00 
  99379  1.038   1  2014  245   2.95  56902.319  141.3  7.362e+00 
  99381  1.038   1  2014  245   3.50  56902.342  141.4  8.470e+00 
  99382  1.038   1  2014  245   4.17  56902.369  141.4  1.056e+01 
  99383  1.038   1  2014  245   4.72  56902.392  141.4  1.314e+01 
 101385  0.333   1  2014  286  21.87  56944.107  155.1  2.622e+00 
 101386  0.667   2  2014  286  22.20  56944.120  155.1  2.632e+00 
 101387  0.333   1  2014  286  22.52  56944.134  155.1  2.242e+00 
 101587  1.611   1  2014  291   2.61  56948.304  156.0  3.751e+00 
 101589  1.611   1  2014  291   3.70  56948.350  155.9  6.874e+00 
 101627  1.252   3  2014  291  22.73  56949.143  155.7  1.847e+00 
 101628  0.417   1  2014  291  23.17  56949.161  155.7  1.704e+00 
 101631  0.603   1  2014  292   0.74  56949.226  155.7  7.824e+00 
 101632  1.206   2  2014  292   1.27  56949.248  155.6  8.139e+00 
 101633  0.603   1  2014  292   1.80  56949.270  155.6  8.485e+00 
 101635  1.000   2  2014  292   2.70  56949.308  155.6  1.329e+01 
 101636  1.000   2  2014  292   3.25  56949.331  155.6  1.468e+01 
 101673  0.372   2  2014  292  21.75  56950.102  155.3  4.605e+00 
 101677  0.686   2  2014  292  23.84  56950.189  155.3  3.046e+00 
 101678  0.343   1  2014  293   0.12  56950.201  155.3  2.844e+00 
 101680  1.150   3  2014  293   1.22  56950.247  155.3  2.915e+00 
 101685  0.333   1  2014  293   3.59  56950.345  155.3  1.015e+01 
 101721  1.000   2  2014  293  21.65  56951.097  155.1  3.760e+00 
 101722  1.000   2  2014  293  22.20  56951.120  155.1  3.316e+00 
 101725  0.603   1  2014  293  23.96  56951.194  155.1  7.477e+00 
 101726  0.603   1  2014  294   0.30  56951.208  155.1  7.562e+00 
 101727  0.603   1  2014  294   0.68  56951.224  155.1  7.626e+00 
 101728  0.603   1  2014  294   1.02  56951.238  155.1  8.231e+00 
 101732  1.028   2  2014  294   3.23  56951.330  155.1  8.309e+00 
 101733  1.028   2  2014  294   3.78  56951.353  155.1  1.048e+01 
 101813  1.000   2  2014  295  19.83  56953.022  155.3  8.385e+00 
 101814  0.500   1  2014  295  20.24  56953.039  155.3  7.597e+00 
 101815  0.500   1  2014  295  20.52  56953.050  155.3  6.824e+00 
 101816  0.816   2  2014  295  21.13  56953.076  155.3  6.673e+00 
 101817  0.647   1  2014  295  21.79  56953.103  155.4  4.969e+00 
 101818  0.647   1  2014  295  22.13  56953.118  155.4  4.544e+00 
 101821  1.206   2  2014  295  23.76  56953.185  155.4  7.656e+00 
 101822  0.603   1  2014  296   0.30  56953.208  155.4  7.833e+00 
 101823  0.603   1  2014  296   0.64  56953.222  155.5  7.656e+00 
 101824  0.500   1  2014  296   1.29  56953.249  155.5  2.756e+00 
 101825  1.000   2  2014  296   1.71  56953.267  155.5  2.988e+00 
 101826  0.500   1  2014  296   2.12  56953.284  155.5  3.488e+00 
 101827  0.649   1  2014  296   2.76  56953.310  155.5  9.161e+00 
 101828  0.649   1  2014  296   3.10  56953.325  155.6  9.983e+00 
 101872  0.983   1  2014  297   1.12  56954.242  156.2  6.712e+00 
 101873  0.983   1  2014  297   1.63  56954.263  156.2  7.371e+00 
 101874  0.500   1  2014  297   2.35  56954.293  156.2  6.235e+00 
 101875  1.000   2  2014  297   2.76  56954.311  156.2  7.210e+00 
 101876  0.500   1  2014  297   3.18  56954.328  156.2  8.759e+00 
 101910  1.611   1  2014  297  20.10  56955.033  156.7  8.486e+00 
 101911  0.483   1  2014  297  20.99  56955.070  156.7  4.130e+00 
 101912  0.483   1  2014  297  21.25  56955.081  156.8  3.700e+00 
 101916  0.816   1  2014  297  23.14  56955.160  156.9  2.464e+00 
 101917  0.816   1  2014  297  23.57  56955.178  156.9  2.372e+00 
 101918  0.966   2  2014  298   0.17  56955.203  156.9  2.673e+00 
 101920  0.972   1  2014  298   1.02  56955.238  156.9  1.981e+00 
 101921  0.972   1  2014  298   1.90  56955.275  157.0  2.375e+00 
 101958  1.611   1  2014  298  20.11  56956.033  157.8  6.850e+00 
 102006  1.611   1  2014  299  20.01  56957.029  158.5  7.482e+00 
 102008  1.611   1  2014  299  21.26  56957.081  158.5  4.282e+00 
 102010  1.611   1  2014  299  22.48  56957.132  158.5  3.184e+00 
 102013  1.611   1  2014  299  23.55  56957.177  158.6  3.573e+00 
 102015  1.611   1  2014  300   0.54  56957.218  158.6  3.581e+00 
 102017  1.611   1  2014  300   1.80  56957.271  158.6  4.663e+00 
 102019  1.611   1  2014  300   2.76  56957.310  158.7  6.456e+00 
 102062  0.514   1  2014  301   0.43  56958.214  159.0  4.361e+00 
 102063  1.028   2  2014  301   0.85  56958.231  159.0  4.266e+00 
 102064  0.514   1  2014  301   1.26  56958.248  159.0  4.570e+00 
 102108  0.972   1  2014  301  23.21  56959.163  159.2  2.023e+00 
 102110  0.972   1  2014  302   0.03  56959.197  159.2  2.066e+00 
 102111  0.972   1  2014  302   0.68  56959.224  159.2  1.850e+00 
 102159  0.889   4  2014  303   0.72  56960.226  159.7  6.521e+00 
 102160  0.667   3  2014  303   1.29  56960.249  159.7  6.647e+00 
 102161  0.444   2  2014  303   1.67  56960.265  159.8  7.016e+00 
 102162  0.444   2  2014  303   2.07  56960.282  159.8  7.408e+00 
 102206  0.444   1  2014  304   0.49  56961.216  160.1  3.127e+00 
 102207  0.889   2  2014  304   0.85  56961.231  160.1  3.423e+00 
 102208  0.444   1  2014  304   1.29  56961.250  160.1  3.310e+00 
 102209  0.889   2  2014  304   1.66  56961.265  160.1  3.781e+00 
 102210  0.889   2  2014  304   2.14  56961.285  160.1  4.200e+00 
 102729  0.487   3  2014  314  21.60  56972.096  145.8  4.898e+00 
 102922  0.487   3  2014  318  22.25  56976.123  149.4  5.505e+00 
 102926  0.487   3  2014  319   0.25  56976.206  149.6  4.119e+00 
 102969  0.816   1  2014  319  21.64  56977.097  151.4  5.480e+00 
 102970  0.816   1  2014  319  22.06  56977.115  151.5  4.848e+00 
 103018  0.816   1  2014  320  22.43  56978.130  153.4  4.321e+00 
 103019  0.816   1  2014  320  22.85  56978.148  153.4  4.059e+00 
 103021  1.000   2  2014  320  23.69  56978.182  153.5  3.399e+00 
 103022  1.000   2  2014  321   0.24  56978.205  153.5  3.377e+00 
 103063  1.002   1  2014  321  20.93  56979.068  155.0  8.277e+00 
 103064  1.002   1  2014  321  21.44  56979.089  155.0  7.970e+00 
 103066  1.000   2  2014  321  22.33  56979.126  155.0  7.639e+00 
 103067  0.500   1  2014  321  22.74  56979.143  155.1  7.421e+00 
 103068  0.833   3  2014  321  23.19  56979.162  155.1  5.750e+00 
 103069  0.667   4  2014  321  23.77  56979.186  155.1  3.351e+00 
 103070  0.333   2  2014  322   0.10  56979.200  155.1  3.431e+00 
 103111  1.611   1  2014  322  20.54  56980.051  156.1  8.141e+00 
 103113  1.611   1  2014  322  21.74  56980.101  156.2  5.810e+00 
 103115  1.611   1  2014  322  22.76  56980.144  156.2  4.427e+00 
 103117  0.972   1  2014  322  23.71  56980.184  156.2  3.800e+00 
 103118  0.972   1  2014  323   0.34  56980.210  156.3  3.625e+00 
 103158  0.816   1  2014  323  20.30  56981.041  156.9  8.169e+00 
 103159  0.816   1  2014  323  20.72  56981.059  156.9  7.410e+00 
 103160  0.538   1  2014  323  21.41  56981.088  156.9  5.309e+00 
 103161  1.077   2  2014  323  21.84  56981.106  156.9  4.762e+00 
 103163  0.417   1  2014  323  22.83  56981.147  156.9  4.520e+00 
 103164  0.834   2  2014  323  23.21  56981.163  156.9  4.059e+00 
 103165  0.417   1  2014  323  23.60  56981.179  156.9  3.759e+00 
 103166  0.906   2  2014  324   0.30  56981.208  157.0  3.640e+00 
 103167  0.906   2  2014  324   0.81  56981.229  157.0  3.867e+00 
 103304  1.631   2  2014  326  21.23  56984.080  157.8  6.505e+00 
 103306  0.834   2  2014  326  22.23  56984.122  157.8  4.652e+00 
 103307  0.834   2  2014  326  22.74  56984.143  157.8  4.090e+00 
 103351  1.701   1  2014  327  20.51  56985.050  157.6  9.073e+00 
 103352  0.538   1  2014  327  21.45  56985.089  157.6  5.285e+00 
 103353  0.538   1  2014  327  21.74  56985.101  157.6  4.880e+00 
 103354  0.538   1  2014  327  22.03  56985.113  157.6  4.534e+00 
 103355  0.538   1  2014  327  22.78  56985.145  157.6  4.043e+00 
 103356  1.077   2  2014  327  23.22  56985.163  157.6  3.948e+00 
 103357  0.453   1  2014  327  23.78  56985.186  157.6  3.805e+00 
 103358  0.906   2  2014  328   0.16  56985.202  157.6  3.783e+00 
 103359  0.453   1  2014  328   0.55  56985.218  157.6  3.824e+00 
 103398  1.701   1  2014  328  20.49  56986.049  157.4  8.778e+00 
 103400  0.538   1  2014  328  21.35  56986.085  157.4  5.463e+00 
 103401  1.077   2  2014  328  21.79  56986.103  157.4  4.892e+00 
 103403  1.077   2  2014  328  22.71  56986.142  157.4  4.078e+00 
 103404  0.538   1  2014  328  23.14  56986.160  157.3  3.760e+00 
 103405  1.000   2  2014  328  23.77  56986.186  157.3  3.683e+00 
 103406  1.000   2  2014  329   0.32  56986.209  157.3  3.765e+00 
 103411  1.002   1  2014  329   2.90  56986.316  157.3  1.072e+01 
 103412  1.002   1  2014  329   3.41  56986.338  157.3  1.248e+01 
 103446  1.701   1  2014  329  20.37  56987.044  157.0  9.174e+00 
 103451  1.077   2  2014  329  22.70  56987.141  156.9  4.095e+00 
 103452  0.538   1  2014  329  23.13  56987.159  156.9  4.167e+00 
 103453  0.736   2  2014  329  23.84  56987.189  156.9  4.101e+00 
 103454  0.736   2  2014  330   0.25  56987.206  156.9  4.121e+00 
 103497  2.000   1  2014  330  21.70  56988.100  156.5  5.259e+00 
 103499  0.834   2  2014  330  22.80  56988.146  156.5  4.532e+00 
 103500  0.834   2  2014  330  23.32  56988.167  156.5  4.175e+00 
 103502  1.611   1  2014  331   0.35  56988.210  156.5  5.105e+00 
 103547  0.453   1  2014  331  22.97  56989.153  156.2  4.183e+00 
 103548  0.906   2  2014  331  23.36  56989.169  156.2  4.139e+00 
 103549  0.453   1  2014  331  23.75  56989.185  156.2  4.304e+00 
 103550  0.368   2  2014  332   0.37  56989.211  156.2  3.940e+00 
 103551  0.368   2  2014  332   0.65  56989.223  156.2  4.336e+00 
 103596  0.368   1  2014  332  23.43  56990.172  155.7  3.945e+00 
 103597  0.368   1  2014  332  23.63  56990.180  155.7  3.950e+00 
 103599  1.000   2  2014  333   0.67  56990.224  155.7  9.204e+00 
 103600  1.000   2  2014  333   1.22  56990.247  155.7  9.876e+00 
 103648  1.500   1  2014  334   1.38  56991.253  155.3  5.989e+00 
 103650  1.000   1  2014  334   2.04  56991.281  155.3  7.162e+00 
 103652  2.000   1  2014  334   3.01  56991.321  155.3  1.045e+01 
 103697  1.502   2  2014  335   1.64  56992.264  155.0  6.424e+00 
 103698  1.000   1  2014  335   2.44  56992.297  155.0  8.088e+00 
 103700  1.000   1  2014  335   3.30  56992.333  155.0  1.206e+01 
 104310  0.816   1  2014  347  20.35  57005.044  159.1  1.020e+01 
 104311  0.816   1  2014  347  20.79  57005.062  159.1  9.544e+00 
 104313  0.834   2  2014  347  21.67  57005.099  159.0  7.170e+00 
 104314  0.834   2  2014  347  22.19  57005.120  159.0  6.649e+00 
 104358  0.816   1  2014  348  20.38  57006.045  157.6  1.007e+01 
 104359  0.816   1  2014  348  20.81  57006.063  157.6  9.567e+00 
 104360  0.453   1  2014  348  21.43  57006.089  157.5  7.657e+00 
 104361  0.906   2  2014  348  21.82  57006.105  157.5  7.142e+00 
 104362  0.453   1  2014  348  22.21  57006.121  157.5  6.510e+00 
 104412  0.736   4  2014  349  23.26  57007.165  156.1  5.751e+00 
 104455  0.417   1  2014  350  20.92  57008.067  155.0  8.900e+00 
 104456  0.834   2  2014  350  21.30  57008.083  155.0  7.927e+00 
 104457  0.417   1  2014  350  21.69  57008.099  155.0  7.392e+00 
 104458  0.453   1  2014  350  22.25  57008.123  155.0  6.457e+00 
 104459  0.906   2  2014  350  22.63  57008.139  155.0  6.148e+00 
 104460  0.453   1  2014  350  23.02  57008.155  154.9  6.295e+00 
 104504  0.417   1  2014  351  21.33  57009.084  154.1  8.016e+00 
 104505  0.834   2  2014  351  21.71  57009.100  154.1  7.587e+00 
 104506  0.417   1  2014  351  22.10  57009.116  154.1  6.944e+00 
 104507  0.906   2  2014  351  22.82  57009.146  154.1  6.791e+00 
 104508  0.906   2  2014  351  23.33  57009.168  154.1  6.428e+00 
 104512  0.972   1  2014  352   1.43  57009.255  154.0  6.577e+00 
 104550  0.834   2  2014  352  20.24  57010.039  153.5  9.892e+00 
 104551  0.834   2  2014  352  20.76  57010.060  153.5  9.057e+00 
 104552  0.453   1  2014  352  21.44  57010.089  153.5  8.168e+00 
 104553  0.906   2  2014  352  21.82  57010.105  153.5  7.360e+00 
 104554  0.453   1  2014  352  22.21  57010.121  153.5  7.097e+00 
 104555  0.834   2  2014  352  22.75  57010.143  153.5  6.554e+00 
 104556  0.834   2  2014  352  23.26  57010.165  153.5  6.169e+00 
 104558  0.756   2  2014  353   0.25  57010.206  153.5  1.387e+01 
 104559  0.756   2  2014  353   0.68  57010.224  153.5  1.401e+01 
 104560  1.002   1  2014  353   1.46  57010.256  153.5  7.951e+00 
 104561  1.002   1  2014  353   1.97  57010.278  153.5  9.052e+00 
 104600  0.453   1  2014  353  21.35  57011.085  153.6  8.319e+00 
 104601  0.906   2  2014  353  21.73  57011.101  153.6  7.535e+00 
 104602  0.453   1  2014  353  22.12  57011.117  153.6  7.093e+00 
 104603  0.417   1  2014  353  22.77  57011.144  153.7  6.643e+00 
 104604  0.834   2  2014  353  23.16  57011.160  153.7  6.247e+00 
 104605  0.417   1  2014  353  23.54  57011.177  153.7  6.040e+00 
 104606  0.756   2  2014  354   0.23  57011.205  153.7  1.360e+01 
 104607  0.756   2  2014  354   0.67  57011.223  153.7  1.380e+01 
 104694  0.417   1  2014  355  20.32  57013.042  154.8  7.995e+00 
 104695  0.834   2  2014  355  20.70  57013.058  154.8  7.959e+00 
 104696  0.417   1  2014  355  21.09  57013.074  154.8  7.313e+00 
 104697  0.906   2  2014  355  21.78  57013.103  154.8  6.625e+00 
 104698  0.906   2  2014  355  22.29  57013.124  154.8  6.119e+00 
 104742  0.500   3  2014  356  20.30  57014.042  155.3  8.416e+00 
 104743  0.833   5  2014  356  20.74  57014.060  155.3  7.997e+00 
 104745  0.834   2  2014  356  21.66  57014.098  155.3  6.127e+00 
 104746  0.834   2  2014  356  22.18  57014.120  155.3  5.817e+00 
 104750  0.972   1  2014  357   0.48  57014.216  155.3  4.403e+00 
 104753  2.000   1  2014  357   1.59  57014.262  155.3  6.175e+00 
 104756  2.000   1  2014  357   3.06  57014.323  155.3  8.953e+00 
 104790  0.453   1  2014  357  20.35  57015.043  155.3  7.791e+00 
 104791  0.906   2  2014  357  20.74  57015.060  155.2  7.396e+00 
 104792  0.453   1  2014  357  21.12  57015.076  155.2  6.726e+00 
 104793  0.368   2  2014  357  21.87  57015.107  155.2  6.059e+00 
 104794  0.368   2  2014  357  22.15  57015.119  155.2  5.395e+00 
 104795  0.425   3  2014  357  22.82  57015.147  155.2  5.213e+00 
 104841  0.906   2  2014  358  21.86  57016.106  155.0  5.963e+00 
 104842  0.906   2  2014  358  22.37  57016.128  155.0  5.347e+00 
 104849  2.000   1  2014  359   1.72  57016.267  155.0  5.889e+00 
 104889  0.834   2  2014  359  21.66  57017.098  155.0  6.214e+00 
 104890  0.834   2  2014  359  22.17  57017.119  155.0  5.859e+00 
 104891  0.368   2  2014  359  22.84  57017.147  155.0  5.089e+00 
 104892  0.368   2  2014  359  23.13  57017.159  155.0  5.565e+00 
 104991  0.649   1  2014  362   0.66  57019.223  154.6  5.011e+00 
 104992  0.649   1  2014  362   1.35  57019.252  154.5  5.244e+00 
 104994  0.650   3  2014  362   2.23  57019.289  154.5  6.648e+00 
 104995  0.835   1  2014  362   2.94  57019.318  154.5  8.829e+00 
 104996  0.835   1  2014  362   3.36  57019.336  154.5  1.042e+01 
 105039  1.333   1  2014  363   0.88  57020.232  154.0  6.617e+00 
 105041  1.333   1  2014  363   1.59  57020.262  154.0  7.489e+00 
 105043  1.000   2  2014  363   2.82  57020.313  154.0  1.151e+01 
 105088  1.422   1  2014  364   1.33  57021.251  153.3  7.836e+00 
 105090  1.033   1  2014  364   2.32  57021.292  153.2  1.004e+01 
 105091  1.033   1  2014  364   2.87  57021.315  153.2  1.148e+01 
 105847  0.453   1  2015   14  20.91  57037.067  134.9  9.260e+00 
 105848  0.906   2  2015   14  21.29  57037.083  134.9  8.761e+00 
 105849  0.453   1  2015   14  21.68  57037.099  134.9  8.138e+00 
 105853  0.972   1  2015   14  23.99  57037.195  135.0  3.616e+00 
 105855  1.002   1  2015   15   0.84  57037.230  135.0  5.166e+00 
 105856  1.002   1  2015   15   1.35  57037.252  135.1  5.241e+00 
 105895  0.552   3  2015   15  20.70  57038.058  135.7  9.802e+00 
 105902  0.972   1  2015   16   0.22  57038.205  135.9  3.628e+00 
 105904  1.333   1  2015   16   1.17  57038.244  135.9  5.469e+00 
 105905  1.333   1  2015   16   1.84  57038.272  135.9  5.933e+00 
 105949  0.972   1  2015   16  23.57  57039.178  136.6  3.476e+00 
 105950  0.483   1  2015   17   0.32  57039.209  136.6  3.362e+00 
 105951  0.966   2  2015   17   0.71  57039.225  136.6  3.378e+00 
 105952  0.483   1  2015   17   1.10  57039.242  136.6  3.540e+00 
 105953  1.000   2  2015   17   1.81  57039.271  136.7  4.735e+00 
 105954  1.000   2  2015   17   2.36  57039.294  136.7  5.517e+00 
 106039  0.552   3  2015   18  20.67  57041.057  137.0  9.627e+00 
 106040  0.368   2  2015   18  21.31  57041.083  137.0  9.386e+00 
 106041  0.368   2  2015   18  21.59  57041.095  137.0  9.316e+00 
 106193  1.673   1  2015   22   1.77  57044.269  137.2  4.361e+00 
 106195  1.673   1  2015   22   2.91  57044.317  137.2  6.283e+00 
 106197  1.003   2  2015   22   3.77  57044.353  137.2  9.901e+00 
 106230  0.667   2  2015   22  20.28  57045.041  137.1  1.052e+01 
 106231  1.000   3  2015   22  20.73  57045.059  137.1  9.906e+00 
 106232  0.333   1  2015   22  21.13  57045.076  137.1  9.228e+00 
 106237  0.835   1  2015   22  23.75  57045.185  137.1  3.610e+00 
 106238  0.835   1  2015   23   0.17  57045.203  137.1  3.287e+00 
 106240  0.596   4  2015   23   1.26  57045.248  137.1  3.458e+00 
 106241  0.596   4  2015   23   1.68  57045.266  137.0  3.724e+00 
 106243  0.744   5  2015   23   2.76  57045.311  137.0  5.265e+00 
 106244  0.447   3  2015   23   3.18  57045.328  137.0  5.964e+00 
 106245  0.479   1  2015   23   3.79  57045.354  137.0  8.415e+00 
 106246  0.959   2  2015   23   4.18  57045.370  137.0  1.002e+01 
 106287  1.611   1  2015   24   0.50  57046.216  136.8  3.253e+00 
 106289  1.611   1  2015   24   1.51  57046.259  136.8  3.895e+00 
 106291  1.611   1  2015   24   2.70  57046.308  136.7  5.618e+00 
 106429  0.704   1  2015   26  23.94  57049.193  136.4  7.998e+00 
 106431  0.834   2  2015   27   0.80  57049.229  136.4  5.068e+00 
 106432  0.834   2  2015   27   1.23  57049.247  136.4  5.259e+00 
 106433  0.417   1  2015   27   1.92  57049.276  136.4  5.908e+00 
 106434  0.834   2  2015   27   2.24  57049.289  136.4  6.143e+00 
 106435  0.834   2  2015   27   2.71  57049.309  136.4  6.873e+00 
 106436  0.834   2  2015   27   3.18  57049.328  136.4  8.131e+00 
 106528  0.959   2  2015   29   1.31  57051.250  136.3  3.459e+00 
 106529  0.959   2  2015   29   1.83  57051.272  136.3  4.054e+00 
 106578  0.479   1  2015   30   2.31  57052.292  136.4  4.514e+00 
 106579  0.959   2  2015   30   2.70  57052.308  136.4  5.333e+00 
 106580  0.479   1  2015   30   3.08  57052.324  136.4  6.428e+00 
 106627  0.479   1  2015   31   2.92  57053.317  136.5  5.267e+00 
 106628  0.959   2  2015   31   3.31  57053.333  136.5  6.396e+00 
 106950  0.333   1  2015   37  20.21  57060.038  135.7  1.435e+01 
 107238  0.950   3  2015   43  20.23  57066.038  128.7  1.314e+01 
 107239  0.950   3  2015   43  20.76  57066.060  128.7  1.234e+01 
 107287  0.950   3  2015   44  20.78  57067.061  127.1  1.237e+01 
 107288  0.633   2  2015   44  21.22  57067.080  127.1  1.163e+01 
 107295  0.500   1  2015   45   0.97  57067.236  126.9  2.416e+00 
 107296  0.500   1  2015   45   1.25  57067.248  126.9  2.426e+00 
 107297  1.000   2  2015   45   1.66  57067.265  126.8  2.469e+00 
 107299  1.670   2  2015   45   2.78  57067.311  126.8  4.403e+00 
 107302  2.000   1  2015   45   4.06  57067.365  126.7  8.966e+00 
 107334  0.633   2  2015   45  20.31  57068.042  126.0  1.206e+01 
 107335  0.950   3  2015   45  20.75  57068.060  126.0  1.170e+01 
 107340  2.000   1  2015   45  23.38  57068.170  125.9  2.652e+00 
 107342  0.479   1  2015   46   0.40  57068.212  125.9  1.914e+00 
 107343  0.959   2  2015   46   0.79  57068.228  125.9  1.942e+00 
 107344  0.479   1  2015   46   1.17  57068.244  125.9  2.129e+00 
 107348  0.972   1  2015   46   3.41  57068.338  125.8  5.182e+00 
 107350  1.299   2  2015   46   4.31  57068.375  125.8  9.704e+00 
 107382  0.950   3  2015   46  20.24  57069.039  125.4  1.196e+01 
 107383  0.950   3  2015   46  20.77  57069.061  125.4  1.115e+01 
 107430  0.950   3  2015   47  20.31  57070.042  124.9  1.192e+01 
 107431  0.633   2  2015   47  20.75  57070.060  124.8  1.143e+01 
 107435  1.673   1  2015   47  22.55  57070.135  124.8  2.812e+00 
 107436  0.479   1  2015   47  23.45  57070.173  124.8  1.946e+00 
 107437  0.959   2  2015   47  23.84  57070.189  124.8  1.965e+00 
 107438  0.479   1  2015   48   0.23  57070.205  124.7  2.033e+00 
 107439  0.479   1  2015   48   0.75  57070.227  124.7  1.678e+00 
 107440  0.959   2  2015   48   1.14  57070.243  124.7  1.860e+00 
 107441  0.479   1  2015   48   1.53  57070.259  124.7  2.045e+00 
 107484  1.916   1  2015   48  23.48  57071.174  124.0  1.803e+00 
 107487  1.916   1  2015   49   0.76  57071.227  124.0  1.552e+00 
 107489  2.000   1  2015   49   1.93  57071.276  123.9  2.883e+00 
 107492  2.000   1  2015   49   3.32  57071.334  123.8  5.249e+00 
 107723  0.959   2  2015   53  22.85  57076.148  121.1  2.129e+00 
 107724  0.959   2  2015   53  23.37  57076.169  121.1  1.917e+00 
 107726  0.959   2  2015   54   0.28  57076.207  121.1  1.706e+00 
 107727  0.959   2  2015   54   0.80  57076.229  121.1  1.690e+00 
 107770  0.825   1  2015   54  22.35  57077.127  120.5  2.287e+00 
 107771  0.825   1  2015   54  22.78  57077.145  120.4  2.078e+00 
 107773  0.959   2  2015   54  23.74  57077.185  120.4  2.166e+00 
 107774  0.959   2  2015   55   0.26  57077.206  120.4  2.022e+00 
 107775  0.479   1  2015   55   0.99  57077.237  120.4  2.026e+00 
 107776  0.479   1  2015   55   1.25  57077.248  120.4  2.043e+00 
 107777  0.959   2  2015   55   1.64  57077.264  120.4  2.151e+00 
 107779  2.000   1  2015   55   2.68  57077.307  120.3  3.505e+00 
 107781  0.835   1  2015   55   3.86  57077.356  120.3  9.292e+00 
 107782  0.835   1  2015   55   4.28  57077.374  120.3  1.059e+01 
 107819  0.479   1  2015   55  22.90  57078.150  119.9  2.171e+00 
 107820  0.479   1  2015   55  23.16  57078.160  119.9  2.194e+00 
 107821  0.479   1  2015   55  23.75  57078.185  119.9  2.018e+00 
 107822  0.959   2  2015   56   0.14  57078.201  119.9  1.991e+00 
 107823  0.479   1  2015   56   0.53  57078.218  119.9  1.976e+00 
 107824  1.673   1  2015   56   1.38  57078.253  119.9  2.410e+00 
 107829  0.478   3  2015   56   3.69  57078.350  119.9  7.391e+00 
 107830  0.478   3  2015   56   4.21  57078.371  119.9  9.744e+00 
 107870  0.394   1  2015   57   0.29  57079.208  119.8  2.193e+00 
 107871  0.394   1  2015   57   0.51  57079.217  119.8  2.138e+00 
 107875  2.016   1  2015   57   2.71  57079.309  119.8  3.235e+00 
 108826  0.479   1  2015   76  22.42  57099.130  125.0  2.296e+00 
 108827  0.959   2  2015   76  22.81  57099.146  125.0  2.030e+00 
 108828  0.479   1  2015   76  23.20  57099.162  125.0  1.925e+00 
 108829  0.959   2  2015   76  23.67  57099.182  125.0  1.689e+00 
 108830  0.959   2  2015   77   0.19  57099.203  125.0  2.028e+00 
 108879  0.959   2  2015   78   0.64  57100.222  124.9  1.886e+00 
 108880  0.959   2  2015   78   1.16  57100.244  124.9  2.081e+00 
 108922  0.479   1  2015   78  22.42  57101.130  124.6  2.440e+00 
 108923  0.959   2  2015   78  22.81  57101.146  124.6  2.355e+00 
 108924  0.479   1  2015   78  23.20  57101.162  124.6  1.920e+00 
 108925  0.959   2  2015   78  23.86  57101.190  124.6  1.798e+00 
 108926  0.479   1  2015   79   0.25  57101.206  124.6  1.774e+00 
 108927  0.479   1  2015   79   0.51  57101.217  124.6  1.745e+00 
 108928  0.959   2  2015   79   1.33  57101.251  124.5  1.852e+00 
 108930  1.000   2  2015   79   2.16  57101.286  124.5  3.097e+00 
 108931  1.000   2  2015   79   2.72  57101.309  124.5  3.552e+00 
 108933  1.611   1  2015   79   3.88  57101.357  124.5  4.830e+00 
 108965  0.959   2  2015   79  19.67  57102.015  124.3  8.593e+00 
 108966  0.959   2  2015   79  20.19  57102.037  124.3  6.781e+00 
 108967  0.479   1  2015   79  20.89  57102.066  124.3  4.491e+00 
 108968  0.959   2  2015   79  21.27  57102.082  124.3  3.950e+00 
 108969  0.479   1  2015   79  21.66  57102.098  124.3  3.243e+00 
 108970  0.333   1  2015   79  22.33  57102.126  124.3  2.674e+00 
 108971  1.000   3  2015   79  22.72  57102.142  124.3  2.297e+00 
 108972  0.333   1  2015   79  23.41  57102.171  124.3  1.857e+00 
 108973  0.667   2  2015   79  23.79  57102.187  124.2  1.977e+00 
 108975  0.972   1  2015   80   0.63  57102.222  124.2  1.292e+00 
 108976  0.972   1  2015   80   1.21  57102.246  124.2  1.405e+00 
 108980  1.000   2  2015   80   3.18  57102.328  124.2  5.858e+00 
 108981  1.000   2  2015   80   3.73  57102.351  124.2  7.223e+00 
 108983  0.982   2  2015   80   4.65  57102.389  124.1  1.238e+01 
 109012  0.479   1  2015   80  19.42  57103.005  123.9  9.408e+00 
 109013  0.959   2  2015   80  19.80  57103.021  123.9  8.074e+00 
 109014  0.479   1  2015   80  20.19  57103.037  123.9  6.972e+00 
 109877  0.667   4  2015   98  19.76  57121.019  134.1  6.617e+00 
 109878  0.833   5  2015   98  20.21  57121.038  134.1  5.277e+00 
 109879  0.500   3  2015   98  20.87  57121.065  134.1  3.859e+00 
 110024  0.959   2  2015  101  21.33  57124.084  134.3  3.645e+00 
 110025  0.959   2  2015  101  21.84  57124.106  134.2  3.086e+00 
 110175  0.835   1  2015  105   0.85  57127.231  132.4  2.162e+00 
 110176  0.835   1  2015  105   1.27  57127.249  132.4  2.152e+00 
 110178  0.794   1  2015  105   2.09  57127.283  132.4  2.325e+00 
 110179  0.794   1  2015  105   2.52  57127.301  132.3  2.729e+00 
 110222  0.794   1  2015  106   0.08  57128.199  131.8  1.779e+00 
 110223  0.794   1  2015  106   0.50  57128.217  131.8  1.773e+00 
 110227  0.794   1  2015  106   2.67  57128.307  131.8  2.815e+00 
 110228  0.794   1  2015  106   3.09  57128.324  131.8  3.398e+00 
 110357  0.756   2  2015  108  19.70  57131.016  130.0  7.562e+00 
 110358  0.756   2  2015  108  20.13  57131.034  130.0  6.659e+00 
 110464  0.649   1  2015  111   1.44  57133.256  129.3  5.197e+00 
 110465  0.649   1  2015  111   1.78  57133.270  129.3  5.242e+00 
 110801  0.339   1  2015  118   1.99  57140.279  135.7  4.624e+00 
 110803  0.339   1  2015  118   2.65  57140.306  135.7  5.908e+00 
 110804  0.500   1  2015  118   3.43  57140.338  135.7  5.162e+00 
 110805  1.000   2  2015  118   3.84  57140.356  135.8  6.274e+00 
 110806  0.500   1  2015  118   4.26  57140.373  135.8  7.471e+00 
 110851  0.778   1  2015  119   2.90  57141.316  136.3  3.756e+00 
 110852  0.778   1  2015  119   3.33  57141.335  136.3  4.397e+00 
 111411  0.507   1  2015  130  18.96  57152.985  127.6  9.713e+00 
 111412  1.014   2  2015  130  19.36  57153.002  127.6  8.774e+00 
 111413  0.507   1  2015  130  19.84  57153.022  127.6  7.398e+00 
 111414  0.507   1  2015  130  20.11  57153.033  127.6  6.772e+00 
 111415  1.394   2  2015  130  20.73  57153.059  127.6  4.225e+00 
 111416  0.607   3  2015  130  21.37  57153.086  127.6  4.170e+00 
 111417  0.607   3  2015  130  21.76  57153.102  127.6  3.598e+00 
 111418  1.011   5  2015  130  22.26  57153.123  127.6  3.608e+00 
 111419  0.607   3  2015  130  22.77  57153.144  127.6  3.447e+00 
 111420  0.608   2  2015  130  23.25  57153.164  127.6  2.560e+00 
 111421  0.406   1  2015  130  23.57  57153.178  127.6  2.193e+00 
 111461  1.394   2  2015  131  19.71  57154.017  127.3  7.423e+00 
 111462  0.697   1  2015  131  20.32  57154.042  127.3  6.507e+00 
 111463  0.652   2  2015  131  20.80  57154.062  127.3  4.305e+00 
 111464  0.978   3  2015  131  21.25  57154.081  127.3  3.437e+00 
 111465  0.652   2  2015  131  21.75  57154.102  127.3  3.897e+00 
 111466  0.978   3  2015  131  22.19  57154.120  127.3  4.108e+00 
 111471  0.406   1  2015  132   0.71  57154.225  127.2  2.225e+00 
 111472  0.406   1  2015  132   1.02  57154.238  127.2  2.305e+00 
 111564  0.794   1  2015  133  23.10  57156.158  126.6  1.949e+00 
 111565  0.794   1  2015  133  23.53  57156.176  126.6  1.853e+00 
 111566  0.794   1  2015  134   0.36  57156.211  126.6  1.845e+00 
 111567  0.794   1  2015  134   0.79  57156.228  126.6  1.794e+00 
 111568  0.500   1  2015  134   1.31  57156.250  126.6  3.634e+00 
 111569  1.000   2  2015  134   1.72  57156.267  126.6  3.550e+00 
 111570  0.500   1  2015  134   2.13  57156.284  126.6  3.828e+00 
 111615  1.589   2  2015  135   0.78  57157.228  126.4  1.999e+00 
 111621  0.667   2  2015  135   3.87  57157.357  126.4  7.630e+00 
 111622  0.667   2  2015  135   4.26  57157.373  126.4  8.534e+00 
 111653  1.206   2  2015  135  19.78  57158.020  126.2  7.445e+00 
 111654  0.603   1  2015  135  20.33  57158.043  126.2  6.112e+00 
 111655  0.603   1  2015  135  20.68  57158.057  126.2  5.228e+00 
 111670  0.778   2  2015  136   4.31  57158.375  126.0  1.034e+01 
 111671  0.778   2  2015  136   4.75  57158.394  126.0  1.190e+01 
 111760  1.000   2  2015  138   1.35  57160.252  124.8  3.136e+00 
 111761  0.500   1  2015  138   1.76  57160.269  124.8  3.530e+00 
 111762  0.500   1  2015  138   2.04  57160.281  124.8  3.886e+00 
 111853  0.333   1  2015  139  23.81  57162.188  122.7  2.293e+00 
 111854  1.000   3  2015  140   0.20  57162.204  122.7  2.146e+00 
 111905  1.039   1  2015  141   1.85  57163.273  121.3  3.351e+00 
 111906  1.039   1  2015  141   2.40  57163.295  121.3  3.797e+00 
 112906  0.518   2  2015  161  22.36  57184.127  132.8  3.642e+00 
 112907  0.518   2  2015  161  22.77  57184.144  132.8  3.344e+00 
 112908  0.518   2  2015  161  23.18  57184.162  132.8  3.544e+00 
 113101  0.333   1  2015  165  23.84  57188.189  134.0  3.088e+00 
 113102  1.000   3  2015  166   0.23  57188.205  134.0  3.403e+00 
 113104  1.000   3  2015  166   1.30  57188.250  134.0  3.348e+00 
 113105  0.333   1  2015  166   1.69  57188.266  134.0  3.743e+00 
 113106  0.333   1  2015  166   2.38  57188.295  134.0  3.953e+00 
 113107  0.667   2  2015  166   2.67  57188.307  134.0  4.175e+00 
 113108  0.667   2  2015  166   3.33  57188.334  134.0  4.771e+00 
 113110  0.794   1  2015  166   4.13  57188.368  134.0  6.956e+00 
 113111  0.794   1  2015  166   4.56  57188.386  134.0  8.449e+00 
 113139  0.603   1  2015  166  18.89  57188.983  133.9  1.070e+01 
 113140  0.603   1  2015  166  19.23  57188.997  133.9  9.871e+00 
 113141  1.206   2  2015  166  19.78  57189.020  133.9  8.566e+00 
 113187  0.603   1  2015  167  18.97  57189.986  133.8  1.078e+01 
 113188  0.603   1  2015  167  19.31  57190.000  133.8  9.740e+00 
 113192  0.531   1  2015  167  21.43  57190.088  133.7  6.289e+00 
 113193  1.061   2  2015  167  21.85  57190.106  133.7  5.904e+00 
 113195  1.061   2  2015  167  22.79  57190.145  133.7  5.288e+00 
 113196  0.531   1  2015  167  23.21  57190.163  133.7  5.153e+00 
 113197  0.333   1  2015  167  23.95  57190.194  133.7  2.699e+00 
 113198  0.667   2  2015  168   0.24  57190.206  133.7  2.462e+00 
 113199  0.333   1  2015  168   0.53  57190.218  133.7  2.457e+00 
 113204  1.589   2  2015  168   3.24  57190.331  133.7  4.966e+00 
 113206  0.794   1  2015  168   4.23  57190.372  133.7  7.093e+00 
 113207  0.794   1  2015  168   4.65  57190.389  133.6  8.830e+00 
 113337  0.763   1  2015  170  21.93  57193.109  132.6  3.076e+00 
 113348  0.778   2  2015  171   3.38  57193.337  132.4  4.952e+00 
 113349  0.778   2  2015  171   3.82  57193.355  132.4  5.720e+00 
 113350  0.389   1  2015  171   4.45  57193.381  132.4  7.566e+00 
 113351  0.778   2  2015  171   4.78  57193.395  132.4  8.643e+00 
 113352  0.389   1  2015  171   5.11  57193.408  132.3  1.036e+01 
 113590  0.923   2  2015  176   4.21  57198.371  130.5  6.141e+00 
 113591  0.923   2  2015  176   4.72  57198.392  130.5  7.494e+00 
 114298  0.339   1  2015  190  22.43  57213.130  112.2  2.541e+00 
 114299  0.679   2  2015  190  22.76  57213.144  112.2  2.500e+00 
 114300  0.339   1  2015  190  23.09  57213.157  112.2  2.912e+00 
 114302  1.018   3  2015  191   0.28  57213.207  112.2  2.570e+00 
 114303  0.339   1  2015  191   0.72  57213.226  112.1  2.837e+00 
 114388  0.763   1  2015  192  19.47  57215.007  111.7  7.559e+00 
 114390  0.333   1  2015  192  20.49  57215.049  111.6  1.330e+01 
 114392  0.333   1  2015  192  21.03  57215.072  111.6  1.295e+01 
 114442  0.472   1  2015  193  22.37  57216.128  111.5  7.617e+00 
 114443  0.472   1  2015  193  22.66  57216.140  111.5  7.629e+00 
 114593  0.778   1  2015  197   1.85  57219.272  110.9  3.878e+00 
 114594  0.778   1  2015  197   2.28  57219.291  110.9  3.924e+00 
 114596  1.556   2  2015  197   3.27  57219.332  110.9  4.819e+00 
 114598  0.857   3  2015  197   4.19  57219.370  110.9  7.273e+00 
 114599  0.571   2  2015  197   4.62  57219.388  110.9  8.656e+00 
 114627  0.794   1  2015  197  18.91  57219.983  110.6  1.086e+01 
 114628  0.794   1  2015  197  19.33  57220.001  110.6  9.667e+00 
 115689  0.944   2  2015  219  21.64  57242.097  105.0  1.301e+01 
 115844  0.533   4  2015  223   3.29  57245.333  108.1  5.583e+00 
 115845  0.800   6  2015  223   3.71  57245.350  108.1  6.107e+00 
 115846  0.400   3  2015  223   4.29  57245.374  108.2  7.722e+00 
 115847  0.800   6  2015  223   4.77  57245.394  108.2  9.111e+00 
 115848  0.400   3  2015  223   5.15  57245.410  108.2  1.103e+01 
 115890  0.622   8  2015  224   2.18  57246.287  109.0  4.147e+00 
 115891  0.378   1  2015  224   2.86  57246.315  109.0  5.077e+00 
 115892  0.756   2  2015  224   3.19  57246.328  109.0  5.695e+00 
 115893  0.378   1  2015  224   3.51  57246.342  109.0  6.233e+00 
 115940  0.378   1  2015  225   3.29  57247.333  109.8  6.020e+00 
 115941  1.133   3  2015  225   3.72  57247.351  109.8  6.823e+00 
 115942  0.378   1  2015  225   4.41  57247.379  109.8  8.896e+00 
 115943  0.756   2  2015  225   4.73  57247.393  109.9  9.906e+00 
 115944  0.378   1  2015  225   5.06  57247.406  109.9  1.151e+01 
 116078  1.009   1  2015  228   0.26  57250.206  110.7  2.685e+00 
 116079  1.009   1  2015  228   0.85  57250.231  110.7  2.584e+00 
 116126  1.009   1  2015  229   0.27  57251.207  110.5  1.890e+00 
 116127  1.009   1  2015  229   0.85  57251.231  110.4  2.046e+00 
 116128  0.534   1  2015  229   1.31  57251.250  110.4  2.227e+00 
 116174  1.009   1  2015  230   0.41  57252.213  109.9  1.991e+00 
 116175  1.009   1  2015  230   0.97  57252.236  109.9  1.995e+00 
 116177  1.009   1  2015  230   1.55  57252.260  109.8  2.150e+00 
 116178  1.009   1  2015  230   2.12  57252.284  109.8  2.512e+00 
 116179  1.009   1  2015  230   2.71  57252.308  109.8  3.033e+00 
 116180  1.009   1  2015  230   3.30  57252.333  109.8  3.671e+00 
 116181  1.009   1  2015  230   3.90  57252.358  109.8  4.933e+00 
 116183  1.009   1  2015  230   4.52  57252.384  109.8  6.472e+00 
 116184  1.009   1  2015  230   5.10  57252.408  109.7  9.447e+00 
 116222  1.009   1  2015  231   0.21  57253.205  109.1  2.085e+00 
 116223  0.350   1  2015  231   0.62  57253.222  109.1  2.546e+00 
 116421  0.857   3  2015  235   3.78  57257.353  104.0  6.570e+00 
 116464  0.472   1  2015  236   1.35  57258.252  103.2  1.471e+00 
 116465  0.581   2  2015  236   1.91  57258.275  103.1  2.408e+00 
 116466  0.581   2  2015  236   2.26  57258.290  103.1  2.453e+00 
 116467  0.581   2  2015  236   2.61  57258.304  103.1  2.759e+00 
 116468  0.571   2  2015  236   3.32  57258.334  103.1  5.344e+00 
 116469  0.857   3  2015  236   3.76  57258.352  103.1  6.144e+00 
 116471  1.667   1  2015  236   4.89  57258.399  103.0  1.041e+01 
 116516  0.472   1  2015  237   3.47  57259.340  102.3  4.115e+00 
 116517  0.472   1  2015  237   3.74  57259.351  102.3  4.295e+00 
 116518  0.944   2  2015  237   4.14  57259.368  102.3  5.689e+00 
 116519  0.592   1  2015  237   4.90  57259.400  102.2  1.354e+01 
 116565  0.944   2  2015  238   3.69  57260.349  101.6  4.407e+00 
 116567  0.872   3  2015  238   4.68  57260.390  101.6  1.023e+01 
 116568  0.581   2  2015  238   5.12  57260.409  101.5  1.240e+01 
 116615  0.778   1  2015  239   4.65  57261.389  101.0  1.295e+01 
 117182  0.794   1  2015  251   0.22  57273.205   98.7  1.399e+00 
 117183  0.794   1  2015  251   0.64  57273.222   98.6  1.301e+00 
 117228  0.794   1  2015  251  23.17  57274.161   97.9  1.302e+00 
 117229  0.794   1  2015  251  23.60  57274.179   97.9  1.117e+00 
 117234  1.589   2  2015  252   2.26  57274.290   97.8  2.506e+00 
 117236  0.871   1  2015  252   3.33  57274.335   97.8  4.977e+00 
 117237  0.871   1  2015  252   3.80  57274.354   97.8  6.057e+00 
 117238  0.871   1  2015  252   4.26  57274.373   97.8  7.842e+00 
 117278  0.633   4  2015  253   0.30  57275.208   97.4  1.604e+00 
 117279  0.950   6  2015  253   0.75  57275.227   97.4  1.466e+00 
 117281  0.871   1  2015  253   1.86  57275.273   97.4  2.750e+00 
 117282  0.871   1  2015  253   2.33  57275.293   97.4  2.901e+00 
 117283  0.871   1  2015  253   2.79  57275.312   97.4  3.441e+00 
 117285  1.667   1  2015  253   3.89  57275.358   97.4  5.689e+00 
 117321  0.792   5  2015  253  21.82  57276.105   97.3  2.110e+00 
 117322  0.792   5  2015  253  22.27  57276.124   97.3  2.051e+00 
 117327  1.004   2  2015  254   0.75  57276.227   97.3  2.547e+00 
 117370  0.683   1  2015  254  22.19  57277.120   97.4  3.641e+00 
 117371  0.683   1  2015  254  22.56  57277.135   97.4  3.332e+00 
 117430  1.667   1  2015  256   4.20  57278.370   98.5  7.121e+00 
 117463  1.038   1  2015  256  20.77  57279.061   99.2  3.728e+00 
 117464  1.038   1  2015  256  21.32  57279.084   99.3  3.365e+00 
 117466  0.704   1  2015  256  22.18  57279.120   99.3  2.790e+00 
 117467  0.704   1  2015  256  22.56  57279.135   99.3  2.595e+00 
 117468  1.038   1  2015  256  23.31  57279.167   99.4  2.159e+00 
 117469  1.038   1  2015  256  23.86  57279.190   99.4  2.095e+00 
 117470  1.038   1  2015  257   0.46  57279.215   99.4  2.174e+00 
 117472  1.038   1  2015  257   1.01  57279.238   99.5  2.248e+00 
 117473  1.038   1  2015  257   1.91  57279.275   99.5  2.580e+00 
 117474  1.038   1  2015  257   2.46  57279.298   99.5  2.953e+00 
 117475  0.593   1  2015  257   2.98  57279.320   99.6  3.637e+00 
 117476  0.593   1  2015  257   3.30  57279.333   99.6  4.684e+00 
 117477  0.704   1  2015  257   3.74  57279.351   99.6  5.931e+00 
 117478  0.704   1  2015  257   4.12  57279.367   99.6  6.933e+00 
 117479  0.760   1  2015  257   4.76  57279.394   99.7  1.058e+01 
 117511  0.964   2  2015  257  20.80  57280.062  100.5  4.074e+00 
 117512  0.482   1  2015  257  21.42  57280.088  100.6  3.789e+00 
 117513  0.482   1  2015  257  21.69  57280.099  100.6  2.561e+00 
 117515  0.667   1  2015  257  22.84  57280.147  100.6  2.035e+00 
 117518  0.593   1  2015  258   0.32  57280.209  100.7  2.044e+00 
 117519  0.593   1  2015  258   0.65  57280.223  100.7  2.048e+00 
 117520  1.631   2  2015  258   1.25  57280.248  100.8  2.340e+00 
 117521  0.482   1  2015  258   1.92  57280.275  100.8  2.664e+00 
 117522  1.076   2  2015  258   2.35  57280.294  100.8  2.902e+00 
 117523  0.593   1  2015  258   2.82  57280.313  100.8  3.546e+00 
 117524  0.371   1  2015  258   3.35  57280.335  100.9  4.716e+00 
 117525  0.742   2  2015  258   3.68  57280.349  100.9  5.506e+00 
 117526  0.853   2  2015  258   4.19  57280.370  100.9  7.268e+00 
 117527  0.482   1  2015  258   4.61  57280.388  100.9  1.025e+01 
 117562  0.923   2  2015  258  22.18  57281.120  101.9  3.033e+00 
 117563  0.923   2  2015  258  22.70  57281.141  101.9  2.767e+00 
 117565  1.285   2  2015  258  23.65  57281.181  102.0  2.231e+00 
 117622  1.667   1  2015  260   4.24  57282.372  103.8  7.823e+00 
 117655  0.872   3  2015  260  20.77  57283.061  104.8  5.877e+00 
 117656  0.872   3  2015  260  21.30  57283.083  104.8  4.858e+00 
 117658  0.794   1  2015  260  22.09  57283.116  104.9  1.715e+00 
 117659  0.794   1  2015  260  22.52  57283.134  104.9  1.547e+00 
 117660  0.794   1  2015  260  23.23  57283.163  104.9  1.400e+00 
 117661  0.794   1  2015  260  23.65  57283.181  104.9  1.333e+00 
 117662  0.871   1  2015  261   0.32  57283.209  105.0  2.517e+00 
 117663  0.871   1  2015  261   0.79  57283.228  105.0  2.502e+00 
 117664  0.871   1  2015  261   1.25  57283.248  105.0  2.567e+00 
 117665  0.661   1  2015  261   1.97  57283.278  105.0  3.905e+00 
 117668  1.741   2  2015  261   3.24  57283.331  105.1  4.891e+00 
 117669  0.871   1  2015  261   3.94  57283.360  105.1  7.092e+00 
 117708  0.794   1  2015  261  23.45  57284.173  105.9  1.265e+00 
 117709  0.794   1  2015  261  23.86  57284.190  105.9  1.254e+00 
 117711  1.667   1  2015  262   0.82  57284.230  105.9  2.749e+00 
 117714  1.667   1  2015  262   2.01  57284.279  106.0  3.228e+00 
 117715  0.871   1  2015  262   2.93  57284.318  106.0  4.814e+00 
 117716  0.871   1  2015  262   3.40  57284.337  106.0  5.843e+00 
 117717  0.871   1  2015  262   3.86  57284.356  106.0  7.180e+00 
 117755  0.794   1  2015  262  22.73  57285.143  106.5  1.024e+00 
 117756  0.794   1  2015  262  23.16  57285.160  106.5  1.103e+00 
 117757  0.789   1  2015  262  23.92  57285.192  106.5  3.255e+00 
 117758  0.789   1  2015  263   0.36  57285.211  106.5  3.176e+00 
 117760  0.736   2  2015  263   1.22  57285.246  106.6  2.107e+00 
 117762  0.789   1  2015  263   2.12  57285.284  106.6  4.482e+00 
 117763  0.789   1  2015  263   2.57  57285.302  106.6  5.196e+00 
 117765  0.857   3  2015  263   3.69  57285.349  106.6  5.728e+00 
 117806  1.667   1  2015  264   0.23  57286.205  106.8  2.078e+00 
 117808  1.150   1  2015  264   1.38  57286.253  106.8  4.224e+00 
 117810  1.206   1  2015  264   2.23  57286.289  106.8  5.531e+00 
 117812  1.317   1  2015  264   3.09  57286.324  106.8  6.624e+00 
 117814  1.667   1  2015  264   4.30  57286.375  106.8  9.871e+00 
 117858  2.222   1  2015  265   2.22  57287.288  106.9  4.643e+00 
 117861  1.872   1  2015  265   3.51  57287.342  106.9  5.481e+00 
 117862  0.667   2  2015  265   4.33  57287.376  106.9  1.027e+01 
 117905  0.944   1  2015  266   1.81  57288.271  106.8  2.510e+00 
 117906  1.167   1  2015  266   2.45  57288.297  106.8  5.254e+00 
 117908  1.111   2  2015  266   3.17  57288.328  106.8  6.331e+00 
 117909  0.944   1  2015  266   3.89  57288.358  106.8  8.515e+00 
 117955  0.864   1  2015  267   2.74  57289.310  106.7  5.357e+00 
 117956  0.519   1  2015  267   3.20  57289.329  106.7  9.484e+00 
 117957  0.872   2  2015  267   3.71  57289.350  106.7  1.096e+01 
 117958  0.519   1  2015  267   4.22  57289.372  106.7  1.280e+01 
 118228  0.667   2  2015  272  19.33  57295.001  103.5  1.102e+01 
 118229  0.333   1  2015  272  19.62  57295.013  103.5  1.014e+01 
 118279  0.871   1  2015  273  20.83  57296.064  103.0  3.692e+00 
 118428  1.061   2  2015  276  23.23  57299.163  103.0  1.867e+00 
 118429  0.531   1  2015  276  23.65  57299.181  103.0  1.692e+00 
 118469  1.000   2  2015  277  19.69  57300.016  103.2  8.825e+00 
 118471  1.056   1  2015  277  20.91  57300.067  103.2  4.072e+00 
 118473  1.056   1  2015  277  21.91  57300.108  103.2  3.050e+00 
 118475  1.444   1  2015  277  22.81  57300.146  103.3  1.760e+00 
 118477  1.444   1  2015  277  23.77  57300.186  103.3  1.809e+00 
 118480  2.000   1  2015  278   1.13  57300.243  103.3  1.559e+00 
 118482  2.222   1  2015  278   2.45  57300.298  103.3  2.261e+00 
 118517  1.333   2  2015  278  19.74  57301.018  103.7  7.035e+00 
 118519  1.333   1  2015  278  20.77  57301.061  103.7  4.589e+00 
 118521  1.333   2  2015  278  21.76  57301.102  103.8  2.975e+00 
 118523  1.278   1  2015  278  22.84  57301.147  103.8  2.259e+00 
 118525  2.000   1  2015  278  23.88  57301.190  103.8  1.836e+00 
 118528  2.000   1  2015  279   1.31  57301.250  103.9  1.965e+00 
 118531  2.000   1  2015  279   2.56  57301.302  103.9  4.316e+00 
 118533  1.889   1  2015  279   3.89  57301.358  103.9  7.583e+00 
 118852  1.167   1  2015  285  19.46  57308.007  103.3  1.003e+01 
 118854  1.167   1  2015  285  20.45  57308.048  103.2  7.465e+00 
 118856  2.000   1  2015  285  21.40  57308.087  103.2  5.911e+00 
 118858  0.872   3  2015  285  22.32  57308.125  103.2  2.791e+00 
 118859  0.581   2  2015  285  22.76  57308.144  103.2  2.773e+00 
 118861  1.039   1  2015  285  23.98  57308.195  103.1  2.993e+00 
 118863  1.039   1  2015  286   0.53  57308.218  103.1  3.074e+00 
 118950  2.000   1  2015  287  20.16  57310.036  101.6  8.417e+00 
 118952  0.794   1  2015  287  21.30  57310.083  101.6  3.637e+00 
 118953  0.794   1  2015  287  21.71  57310.100  101.6  3.255e+00 
 118963  0.498   1  2015  288   2.87  57310.315  101.5  9.329e+00 
 118964  0.996   2  2015  288   3.27  57310.332  101.5  1.051e+01 
 119003  0.872   3  2015  288  22.70  57311.141  101.4  2.704e+00 
 119004  0.581   2  2015  288  23.14  57311.160  101.4  2.694e+00 
 119051  0.581   2  2015  289  22.86  57312.148  101.7  3.515e+00 
 119052  0.872   3  2015  289  23.30  57312.166  101.8  3.190e+00 
 119247  0.775   3  2015  294   0.80  57316.229  106.9  3.302e+00 
 119248  0.775   3  2015  294   1.22  57316.246  106.9  3.621e+00 
 119298  0.789   1  2015  295   2.42  57317.297  108.4  5.533e+00 
 119299  0.789   1  2015  295   2.87  57317.315  108.4  6.197e+00 
 119301  0.789   1  2015  295   3.66  57317.348  108.4  9.133e+00 
 119302  0.789   1  2015  295   4.11  57317.367  108.5  1.148e+01 
 119910  0.537   1  2015  307  20.23  57330.038  110.4  6.496e+00 
 119911  1.037   2  2015  307  20.73  57330.059  110.3  4.725e+00 
 119912  0.500   1  2015  307  21.22  57330.080  110.3  3.124e+00 
 119913  0.556   1  2015  307  21.77  57330.103  110.3  2.896e+00 
 119914  1.111   2  2015  307  22.23  57330.122  110.3  2.629e+00 
 119915  0.556   1  2015  307  22.79  57330.145  110.3  2.250e+00 
 119916  1.111   2  2015  307  23.25  57330.164  110.3  2.156e+00 
 119917  0.667   1  2015  307  23.85  57330.189  110.2  2.118e+00 
 119918  0.667   1  2015  308   0.21  57330.204  110.2  2.292e+00 
 119919  0.667   1  2015  308   0.57  57330.219  110.2  2.375e+00 
 119921  0.667   1  2015  308   1.90  57330.275  110.2  4.444e+00 
 119922  0.667   1  2015  308   2.27  57330.290  110.1  5.038e+00 
 119923  0.667   1  2015  308   2.63  57330.305  110.1  5.683e+00 
 119957  0.371   1  2015  308  19.78  57331.020  109.6  9.908e+00 
 119958  0.833   1  2015  308  20.42  57331.046  109.6  6.078e+00 
 119960  0.833   1  2015  308  21.42  57331.088  109.5  3.103e+00 
 119961  0.833   1  2015  308  21.87  57331.107  109.5  2.764e+00 
 119962  1.000   1  2015  308  22.45  57331.131  109.5  2.560e+00 
 119963  1.000   1  2015  308  22.98  57331.153  109.5  2.018e+00 
 119965  1.000   1  2015  308  23.51  57331.175  109.5  2.282e+00 
 119966  0.704   1  2015  309   0.24  57331.205  109.5  3.654e+00 
 119967  0.704   1  2015  309   0.62  57331.221  109.5  3.932e+00 
 119968  1.408   2  2015  309   1.29  57331.249  109.5  3.888e+00 
 119969  0.704   1  2015  309   1.86  57331.273  109.4  4.237e+00 
 119970  1.000   1  2015  309   2.42  57331.297  109.4  5.203e+00 
 119971  1.000   1  2015  309   2.95  57331.319  109.4  6.313e+00 
 119972  1.000   1  2015  309   3.48  57331.341  109.4  8.034e+00 
 120006  2.000   1  2015  309  20.17  57332.036  109.1  8.573e+00 
 120053  2.000   1  2015  310  19.98  57333.028  108.9  9.430e+00 
 120056  0.794   1  2015  310  21.11  57333.075  108.9  4.846e+00 
 120057  0.794   1  2015  310  21.54  57333.093  108.9  4.074e+00 
 120103  0.794   1  2015  311  20.58  57334.053  109.1  7.223e+00 
 120104  0.794   1  2015  311  21.01  57334.071  109.1  6.447e+00 
 120105  0.794   1  2015  311  21.87  57334.107  109.1  3.809e+00 
 120106  0.794   1  2015  311  22.29  57334.124  109.1  3.524e+00 
 120201  0.367   1  2015  313  21.97  57336.111  110.1  5.192e+00 
 120202  0.733   2  2015  313  22.29  57336.124  110.1  4.538e+00 
 120203  0.367   1  2015  313  22.60  57336.137  110.1  4.678e+00 
 120204  0.733   2  2015  313  23.39  57336.170  110.1  3.907e+00 
 120205  0.367   1  2015  313  23.70  57336.183  110.1  4.114e+00 
 120437  0.794   1  2015  318  19.90  57341.025  108.5  1.040e+01 
 120438  0.794   1  2015  318  20.32  57341.042  108.5  9.383e+00 
 120440  0.872   3  2015  318  21.31  57341.084  108.4  6.947e+00 
 120441  0.581   2  2015  318  21.75  57341.102  108.4  6.409e+00 
 120443  0.872   3  2015  318  22.78  57341.145  108.4  5.707e+00 
 120444  0.872   3  2015  318  23.31  57341.167  108.3  5.678e+00 
 120446  0.872   3  2015  319   0.19  57341.203  108.3  5.510e+00 
 120447  0.872   3  2015  319   0.71  57341.225  108.3  5.869e+00 
 121210  1.333   1  2015  334  22.44  57357.131  103.9  3.863e+00 
 121253  0.667   1  2015  335  19.95  57358.027  104.4  8.849e+00 
 121255  0.667   1  2015  335  20.85  57358.064  104.4  7.060e+00 
 121256  0.667   1  2015  335  21.46  57358.090  104.4  5.040e+00 
 121257  0.667   1  2015  335  21.82  57358.105  104.4  4.695e+00 
 121258  0.667   1  2015  335  22.18  57358.120  104.4  4.267e+00 
 121259  0.667   1  2015  335  22.74  57358.143  104.4  4.960e+00 
 121260  1.333   2  2015  335  23.28  57358.166  104.4  4.373e+00 
 121301  0.667   1  2015  336  19.99  57359.029  104.8  8.627e+00 
 121302  0.667   1  2015  336  20.35  57359.044  104.8  8.118e+00 
 121303  0.667   1  2015  336  20.86  57359.065  104.8  7.283e+00 
 121304  0.667   1  2015  336  21.22  57359.080  104.8  6.873e+00 
 121305  0.667   1  2015  336  21.79  57359.103  104.8  6.139e+00 
 121306  0.667   1  2015  336  22.15  57359.118  104.8  5.826e+00 
 121307  0.667   1  2015  336  22.51  57359.133  104.8  5.624e+00 
 121308  0.800   1  2015  336  23.13  57359.159  104.9  3.653e+00 
 121309  0.800   1  2015  336  23.56  57359.177  104.9  3.878e+00 
 121350  1.700   1  2015  337  20.28  57360.040  105.3  8.402e+00 
 121352  0.944   2  2015  337  21.32  57360.084  105.3  6.299e+00 
 121353  0.944   2  2015  337  21.85  57360.106  105.3  5.932e+00 
 121355  0.789   1  2015  337  22.68  57360.141  105.3  4.667e+00 
 121356  0.789   1  2015  337  23.13  57360.159  105.3  4.412e+00 
 121398  0.794   1  2015  338  20.12  57361.034  105.4  9.113e+00 
 121399  0.794   1  2015  338  20.53  57361.051  105.4  8.462e+00 
 121400  0.794   1  2015  338  21.38  57361.086  105.4  7.297e+00 
 121401  0.794   1  2015  338  21.80  57361.104  105.4  6.890e+00 
 121405  0.789   1  2015  338  23.97  57361.194  105.4  4.667e+00 
 121406  0.789   1  2015  339   0.41  57361.213  105.4  4.917e+00 
 121408  0.622   2  2015  339   1.34  57361.252  105.4  5.548e+00 
 121409  0.622   2  2015  339   1.69  57361.266  105.4  6.012e+00 
 121411  0.933   3  2015  339   2.68  57361.307  105.4  7.633e+00 
 121450  0.333   1  2015  339  22.48  57362.132  105.2  8.576e+00 
 121452  1.000   3  2015  339  23.20  57362.162  105.2  7.754e+00 
 121453  1.000   3  2015  339  23.76  57362.185  105.2  7.593e+00 
 121454  0.667   2  2015  340   0.22  57362.205  105.2  7.523e+00 
 121494  0.794   1  2015  340  20.27  57363.040  105.1  1.055e+01 
 121495  0.794   1  2015  340  20.70  57363.058  105.1  9.563e+00 
 121497  0.428   1  2015  340  21.93  57363.109  105.0  5.591e+00 
 121498  0.428   1  2015  340  22.17  57363.119  105.0  5.088e+00 
 121499  0.428   1  2015  340  22.70  57363.141  105.0  4.421e+00 
 121500  0.428   1  2015  340  23.35  57363.168  105.0  5.220e+00 
 121501  0.856   2  2015  340  23.73  57363.184  105.0  5.037e+00 
 121502  0.428   1  2015  341   0.12  57363.200  105.0  5.144e+00 
 121503  0.856   2  2015  341   0.85  57363.231  105.0  5.267e+00 
 121504  0.428   1  2015  341   1.26  57363.248  105.0  5.821e+00 
 121505  0.428   1  2015  341   1.50  57363.258  105.0  5.946e+00 
 121543  0.794   1  2015  341  20.63  57364.055  105.0  9.960e+00 
 121545  0.872   3  2015  341  21.76  57364.102  105.0  6.797e+00 
 121546  0.581   2  2015  341  22.20  57364.121  105.0  6.087e+00 
 121548  0.822   4  2015  341  23.25  57364.164  105.0  8.810e+00 
 121550  0.822   4  2015  342   0.26  57364.206  105.0  8.479e+00 
 121551  0.411   2  2015  342   0.66  57364.223  105.0  8.737e+00 
 121590  0.794   1  2015  342  20.21  57365.038  105.4  1.121e+01 
 121591  0.794   1  2015  342  20.64  57365.055  105.4  1.013e+01 
 121592  0.406   2  2015  342  21.41  57365.088  105.4  6.962e+00 
 121593  0.811   4  2015  342  21.80  57365.104  105.4  5.865e+00 
 121595  0.622   2  2015  342  22.87  57365.148  105.4  6.508e+00 
 121596  0.622   2  2015  342  23.22  57365.163  105.5  6.154e+00 
 121598  0.933   3  2015  343   0.22  57365.205  105.5  6.150e+00 
 121599  0.406   2  2015  343   0.93  57365.234  105.5  8.955e+00 
 121600  0.608   3  2015  343   1.25  57365.248  105.5  9.071e+00 
 121602  0.811   4  2015  343   2.26  57365.290  105.5  1.077e+01 
 121603  0.406   2  2015  343   2.65  57365.306  105.6  1.181e+01 
 121784  0.333   1  2015  346  21.42  57369.088  109.4  1.052e+01 
 121785  0.667   2  2015  346  21.71  57369.100  109.4  1.002e+01 
 121786  0.333   1  2015  346  22.00  57369.112  109.4  9.384e+00 
 121831  1.000   1  2015  347  20.83  57370.063  110.1  1.061e+01 
 121832  1.000   1  2015  347  21.35  57370.085  110.1  9.149e+00 
 121834  0.856   2  2015  347  22.12  57370.117  110.1  6.205e+00 
 121835  0.856   2  2015  347  22.65  57370.139  110.1  5.774e+00 
 121836  0.411   2  2015  347  23.35  57370.169  110.2  5.678e+00 
 121837  0.822   4  2015  347  23.75  57370.185  110.2  5.568e+00 
 121839  0.822   4  2015  348   0.76  57370.227  110.2  9.329e+00 
 121841  0.878   2  2015  348   1.66  57370.265  110.2  6.750e+00 
 121843  0.704   1  2015  348   2.63  57370.305  110.2  1.150e+01 
 121844  0.704   1  2015  348   3.03  57370.322  110.2  1.226e+01 
 121878  1.000   1  2015  348  20.48  57371.049  110.6  1.159e+01 
 121880  1.000   1  2015  348  21.00  57371.071  110.6  9.904e+00 
 121881  0.856   2  2015  348  21.77  57371.103  110.7  6.401e+00 
 121882  0.856   2  2015  348  22.30  57371.125  110.7  6.109e+00 
 121884  0.822   4  2015  348  23.26  57371.165  110.7  5.531e+00 
 121887  0.411   2  2015  349   0.84  57371.231  110.7  9.869e+00 
 121888  0.822   4  2015  349   1.23  57371.247  110.7  9.711e+00 
 121890  0.811   4  2015  349   2.28  57371.291  110.8  8.721e+00 
 121892  0.878   2  2015  349   3.15  57371.327  110.8  1.089e+01 
 121930  0.833   3  2015  349  22.21  57372.121  111.2  6.836e+00 
 121931  0.833   3  2015  349  22.73  57372.143  111.2  6.501e+00 
 121940  0.439   1  2015  350   3.27  57372.332  111.3  1.177e+01 
 121941  0.439   1  2015  350   3.54  57372.343  111.3  1.271e+01 
 121986  0.704   1  2015  351   2.30  57373.291  111.6  1.000e+01 
 121987  0.704   1  2015  351   2.70  57373.308  111.6  1.086e+01 
 122035  0.628   2  2015  352   2.85  57374.314  111.7  9.729e+00 
 122036  0.628   2  2015  352   3.20  57374.329  111.7  1.055e+01 
 123030  1.039   1  2016    7  20.49  57395.049  100.5  1.143e+01 
 123032  1.039   1  2016    7  21.04  57395.072  100.5  1.063e+01 
 123039  0.811   4  2016    8   0.73  57395.226  100.4  5.166e+00 
 123078  0.667   1  2016    8  20.38  57396.045   99.8  1.364e+01 
 123079  0.667   1  2016    8  20.74  57396.060   99.8  1.268e+01 
 123080  1.333   2  2016    8  21.28  57396.082   99.7  1.168e+01 
 123082  0.933   3  2016    8  22.22  57396.121   99.7  7.040e+00 
 123083  0.933   3  2016    8  22.75  57396.143   99.7  7.022e+00 
 123085  0.933   3  2016    8  23.74  57396.185   99.7  6.094e+00 
 123086  0.622   2  2016    9   0.18  57396.203   99.7  5.916e+00 
 123127  1.039   1  2016    9  20.60  57397.054   99.2  1.146e+01 
 123128  1.039   1  2016    9  21.15  57397.077   99.2  1.077e+01 
 123189  0.483   1  2016   11   3.59  57398.345   98.7  1.188e+01 
 124231  0.667   2  2016   32  20.85  57420.064  105.9  1.138e+01 
 124232  0.667   2  2016   32  21.23  57420.080  105.9  1.073e+01 
 124240  0.733   2  2016   33   1.38  57420.253  106.0  2.386e+00 
 124241  0.733   2  2016   33   1.81  57420.271  106.0  2.586e+00 
 124243  1.333   1  2016   33   2.68  57420.307  106.0  4.137e+00 
 124278  0.333   1  2016   33  20.42  57421.047  106.3  1.309e+01 
 124279  0.667   2  2016   33  20.71  57421.059  106.3  1.209e+01 
 124280  0.333   1  2016   33  21.00  57421.071  106.3  1.116e+01 
 124282  1.000   2  2016   33  22.29  57421.124  106.3  5.742e+00 
 124283  1.067   1  2016   33  22.84  57421.147  106.3  5.268e+00 
 124289  0.789   1  2016   34   1.51  57421.258  106.3  4.068e+00 
 124292  1.000   3  2016   34   3.29  57421.333  106.3  7.809e+00 
 124293  0.333   1  2016   34   3.68  57421.349  106.3  8.916e+00 
 124326  0.367   1  2016   34  20.35  57422.044  106.4  1.244e+01 
 124327  0.367   1  2016   34  20.57  57422.052  106.4  1.207e+01 
 124332  0.439   1  2016   34  23.50  57422.175  106.4  3.793e+00 
 124333  0.439   1  2016   34  23.76  57422.186  106.4  3.680e+00 
 124335  1.408   2  2016   35   0.79  57422.228  106.3  3.307e+00 
 124337  0.704   1  2016   35   1.70  57422.266  106.3  3.767e+00 
 124338  0.704   1  2016   35   2.10  57422.283  106.3  3.961e+00 
 124374  0.367   1  2016   35  20.34  57423.043  106.2  1.200e+01 
 124375  1.100   3  2016   35  20.77  57423.061  106.2  1.137e+01 
 124380  1.650   2  2016   35  23.25  57423.165  106.2  2.585e+00 
 124382  0.825   1  2016   36   0.22  57423.205  106.2  2.411e+00 
 124383  0.825   1  2016   36   0.65  57423.223  106.2  2.470e+00 
 124423  0.733   3  2016   36  20.73  57424.059  106.1  1.119e+01 
 124670  1.100   3  2016   42   0.26  57429.207  103.7  2.178e+00 
 124671  0.367   1  2016   42   0.69  57429.224  103.7  2.585e+00 
 124672  0.367   1  2016   42   1.22  57429.246  103.7  1.963e+00 
 124673  1.667   1  2016   42   1.93  57429.276  103.6  3.206e+00 
 124676  1.667   1  2016   42   3.08  57429.324  103.6  4.639e+00 
 124814  0.407   2  2016   45   0.17  57432.203  102.0  2.610e+00 
 124816  0.407   2  2016   45   1.17  57432.244  102.0  2.251e+00 
 124817  0.407   2  2016   45   1.67  57432.265  102.0  2.744e+00 
 124819  0.407   2  2016   45   2.62  57432.305  102.0  3.349e+00 
 124820  0.407   2  2016   45   3.30  57432.333  102.0  5.088e+00 
 124865  2.000   1  2016   46   1.96  57433.277  101.7  2.784e+00 
 124868  1.167   1  2016   46   3.14  57433.326  101.7  4.210e+00 
 124869  1.167   1  2016   46   3.81  57433.354  101.7  5.928e+00 
 124913  0.825   1  2016   47   1.69  57434.266  101.4  2.123e+00 
 124914  0.825   1  2016   47   2.12  57434.284  101.4  2.106e+00 
 124915  0.789   1  2016   47   2.97  57434.319  101.4  7.004e+00 
 124916  0.789   1  2016   47   3.41  57434.338  101.4  8.011e+00 
 124960  0.450   1  2016   48   1.45  57435.256  101.0  1.136e+01 
 124962  0.900   2  2016   48   2.14  57435.285  101.0  1.347e+01 
 125012  0.678   2  2016   49   3.21  57436.329  100.3  4.718e+00 
 125013  0.678   2  2016   49   3.64  57436.347  100.3  5.558e+00 
 125526  0.872   3  2016   59  20.23  57447.039   93.7  1.099e+01 
 125527  0.872   3  2016   59  20.76  57447.061   93.7  1.029e+01 
 125574  0.581   2  2016   60  20.24  57448.039   93.3  1.026e+01 
 125575  0.872   3  2016   60  20.68  57448.057   93.3  9.871e+00 
 125629  0.978   4  2016   61  23.76  57449.185   92.9  1.575e+00 
 125630  0.489   2  2016   62   0.18  57449.203   92.9  1.081e+00 
 125631  0.825   1  2016   62   0.92  57449.234   92.9  1.054e+00 
 125671  0.581   2  2016   62  20.74  57450.060   92.8  1.063e+01 
 125672  0.872   3  2016   62  21.18  57450.078   92.8  1.012e+01 
 125676  0.825   1  2016   62  23.19  57450.162   92.8  1.924e+00 
 125677  0.825   1  2016   62  23.62  57450.180   92.8  1.803e+00 
 125678  0.825   1  2016   63   0.38  57450.212   92.8  1.659e+00 
 125679  0.825   1  2016   63   0.81  57450.229   92.8  1.387e+00 
 125717  0.581   2  2016   63  19.85  57451.023   92.7  1.167e+01 
 125718  0.872   3  2016   63  20.29  57451.041   92.7  1.084e+01 
 125723  0.872   3  2016   63  22.70  57451.141   92.7  2.163e+00 
 125724  0.872   3  2016   63  23.22  57451.163   92.7  1.925e+00 
 125726  0.872   3  2016   64   0.31  57451.209   92.7  1.702e+00 
 125727  0.581   2  2016   64   0.75  57451.227   92.7  1.730e+00 
 125729  1.333   2  2016   64   1.71  57451.267   92.7  1.630e+00 
 125730  0.667   1  2016   64   2.25  57451.289   92.7  1.816e+00 
 125731  0.667   1  2016   64   2.61  57451.304   92.7  2.010e+00 
 125735  2.000   1  2016   64   4.52  57451.384   92.7  9.035e+00 
 125770  0.581   2  2016   64  22.32  57452.126   92.6  2.248e+00 
 125771  0.872   3  2016   64  22.76  57452.144   92.6  1.939e+00 
 125773  0.581   2  2016   64  23.74  57452.185   92.6  1.671e+00 
 125774  0.872   3  2016   65   0.18  57452.203   92.6  1.408e+00 
 125775  0.581   2  2016   65   0.68  57452.224   92.6  1.548e+00 
 125776  0.872   3  2016   65   1.19  57452.245   92.6  1.640e+00 
 125777  0.581   2  2016   65   1.63  57452.263   92.6  2.070e+00 
 125778  0.903   1  2016   65   2.39  57452.295   92.5  1.860e+00 
 125779  0.903   1  2016   65   2.86  57452.315   92.5  2.141e+00 
 125781  0.794   1  2016   65   3.79  57452.354   92.5  5.824e+00 
 125782  0.794   1  2016   65   4.22  57452.371   92.5  7.562e+00 
 125823  0.794   1  2016   66   0.88  57453.232   92.3  1.398e+00 
 125824  0.794   1  2016   66   1.30  57453.250   92.3  1.431e+00 
 125826  0.794   1  2016   66   2.20  57453.287   92.3  2.428e+00 
 125827  0.794   1  2016   66   2.63  57453.305   92.3  2.828e+00 
 126103  0.667   1  2016   71  20.80  57459.062   91.8  7.975e+00 
 126104  0.667   1  2016   71  21.17  57459.077   91.8  6.710e+00 
 126105  1.333   2  2016   71  21.71  57459.100   91.8  6.371e+00 
 126107  0.903   1  2016   71  22.79  57459.145   91.8  1.515e+00 
 126108  0.903   1  2016   71  23.26  57459.165   91.8  1.182e+00 
 126109  0.903   1  2016   71  23.97  57459.194   91.8  1.183e+00 
 126110  0.903   1  2016   72   0.45  57459.214   91.8  1.260e+00 
 126112  0.903   1  2016   72   1.03  57459.238   91.8  1.172e+00 
 126113  0.903   1  2016   72   1.50  57459.258   91.8  1.192e+00 
 126114  0.794   1  2016   72   2.48  57459.299   91.8  2.421e+00 
 126115  0.794   1  2016   72   2.91  57459.317   91.8  2.873e+00 
 126117  1.039   1  2016   72   3.89  57459.358   91.8  1.081e+01 
 126118  1.039   1  2016   72   4.44  57459.381   91.8  1.267e+01 
 126153  0.889   5  2016   72  21.76  57460.102   91.6  3.156e+00 
 126154  0.711   4  2016   72  22.33  57460.126   91.6  2.841e+00 
 126155  0.711   4  2016   72  22.77  57460.144   91.6  2.428e+00 
 126156  0.356   2  2016   72  23.42  57460.171   91.6  2.141e+00 
 126157  0.711   4  2016   72  23.75  57460.185   91.6  1.953e+00 
 126158  0.711   4  2016   73   0.26  57460.206   91.6  2.003e+00 
 126159  0.711   4  2016   73   0.77  57460.228   91.6  1.997e+00 
 126160  0.356   2  2016   73   1.10  57460.241   91.6  1.957e+00 
 126161  0.903   1  2016   73   1.85  57460.273   91.6  1.263e+00 
 126162  0.903   1  2016   73   2.32  57460.292   91.6  1.550e+00 
 126164  0.789   1  2016   73   3.45  57460.339   91.6  5.896e+00 
 126165  0.789   1  2016   73   3.89  57460.358   91.6  7.019e+00 
 126201  0.533   3  2016   73  21.80  57461.104   91.4  2.548e+00 
 126202  0.889   5  2016   73  22.23  57461.122   91.4  2.554e+00 
 126204  0.889   5  2016   73  23.24  57461.164   91.4  1.392e+00 
 126205  0.533   3  2016   73  23.72  57461.184   91.4  1.386e+00 
 126206  0.889   5  2016   74   0.25  57461.206   91.4  1.467e+00 
 126207  0.356   2  2016   74   0.63  57461.222   91.4  1.294e+00 
 126208  0.903   1  2016   74   1.50  57461.258   91.4  1.374e+00 
 126209  0.903   1  2016   74   1.97  57461.278   91.4  1.494e+00 
 126304  0.533   3  2016   76   1.36  57463.252   91.0  1.101e+00 
 126356  1.061   2  2016   77   3.23  57464.330   90.5  5.891e+00 
 126357  0.531   1  2016   77   3.66  57464.348   90.5  6.812e+00 
 126452  2.000   1  2016   79   3.25  57466.331   89.4  4.109e+00 
 127168  0.531   1  2016   94   1.24  57481.247   93.1  1.451e+00 
 127169  1.061   2  2016   94   1.67  57481.265   93.1  1.426e+00 
 127316  0.511   2  2016   97   3.28  57484.332   94.6  1.193e+01 
 127397  0.967   3  2016   98  19.72  57486.017   94.6  6.946e+00 
 127410  0.784   2  2016   99   2.38  57486.295   94.5  2.784e+00 
 127411  0.784   2  2016   99   2.84  57486.314   94.5  3.381e+00 
 127412  0.784   2  2016   99   3.29  57486.333   94.5  3.893e+00 
 127413  0.784   2  2016   99   3.78  57486.353   94.5  4.885e+00 
 127414  0.392   1  2016   99   4.10  57486.367   94.5  5.624e+00 
 127444  0.667   1  2016   99  19.47  57487.007   94.3  8.564e+00 
 127445  0.667   1  2016   99  19.82  57487.021   94.3  7.541e+00 
 127447  1.333   2  2016   99  20.79  57487.062   94.3  5.549e+00 
 127449  1.589   2  2016   99  21.74  57487.101   94.3  2.344e+00 
 127451  0.794   1  2016   99  22.69  57487.141   94.3  1.756e+00 
 127452  0.794   1  2016   99  23.12  57487.159   94.3  1.767e+00 
 127453  1.061   2  2016   99  23.76  57487.185   94.3  1.264e+00 
 127454  0.531   1  2016  100   0.18  57487.203   94.3  1.022e+00 
 127455  1.061   2  2016  100   0.85  57487.231   94.3  1.164e+00 
 127456  0.531   1  2016  100   1.28  57487.249   94.2  9.676e-01 
 127457  0.794   1  2016  100   1.74  57487.268   94.2  1.510e+00 
 127458  0.794   1  2016  100   2.17  57487.286   94.2  1.664e+00 
 127492  0.489   2  2016  100  19.31  57488.000   94.0  7.986e+00 
 127493  0.978   4  2016  100  19.73  57488.018   94.0  6.030e+00 
 127494  0.489   2  2016  100  20.39  57488.045   94.0  4.682e+00 
 127495  0.733   3  2016  100  20.75  57488.060   94.0  3.575e+00 
 127496  1.147   2  2016  100  21.39  57488.087   94.0  2.731e+00 
 127497  0.903   1  2016  100  21.95  57488.110   94.0  2.192e+00 
 127499  0.903   1  2016  100  22.78  57488.145   94.0  1.844e+00 
 127500  0.903   1  2016  100  23.26  57488.165   94.0  1.881e+00 
 127506  1.177   3  2016  101   2.23  57488.289   93.9  2.665e+00 
 127507  0.392   1  2016  101   2.94  57488.318   93.9  3.081e+00 
 127508  0.784   2  2016  101   3.26  57488.331   93.9  3.910e+00 
 127645  0.815   1  2016  103  23.95  57491.194   93.5  1.829e+00 
 127694  0.975   1  2016  105   0.28  57492.207   93.7  1.579e+00 
 127695  0.975   1  2016  105   0.79  57492.228   93.7  1.762e+00 
 128595  0.646   1  2016  123  18.98  57510.986   90.6  9.355e+00 
 128596  0.646   1  2016  123  19.33  57511.001   90.6  7.523e+00 
 128603  0.534   1  2016  123  22.70  57511.142   90.6  2.135e+00 
 128653  0.683   3  2016  124  23.85  57512.189   91.3  1.964e+00 
 128655  1.177   3  2016  125   0.73  57512.226   91.3  1.812e+00 
 128656  0.784   2  2016  125   1.27  57512.249   91.3  2.078e+00 
 128657  0.784   2  2016  125   1.70  57512.266   91.4  2.092e+00 
 128658  0.784   2  2016  125   2.13  57512.284   91.4  2.286e+00 
 128942  0.472   1  2016  131   0.34  57518.210   96.0  2.741e+00 
 128943  0.472   1  2016  131   0.62  57518.222   96.0  2.753e+00 
 129031  1.016   1  2016  132  20.75  57520.060   96.4  3.599e+00 
 129035  0.829   1  2016  132  22.85  57520.148   96.4  2.244e+00 
 129604  0.372   1  2016  144  19.04  57531.989   95.0  8.386e+00 
 129940  1.000   2  2016  151  19.15  57538.993   91.8  8.408e+00 
 130040  0.818   1  2016  153  21.13  57541.076   90.8  4.044e+00 
 130042  0.701   1  2016  153  22.27  57541.123   90.7  3.547e+00 
 130083  0.701   1  2016  154  18.85  57541.981   90.4  9.319e+00 
 130084  0.701   1  2016  154  19.37  57542.003   90.4  7.482e+00 
 130100  0.872   3  2016  155   3.21  57542.329   90.3  4.691e+00 
 130101  0.872   3  2016  155   3.74  57542.351   90.2  5.419e+00 
 130103  0.872   3  2016  155   4.69  57542.391   90.2  8.625e+00 
 130104  0.581   2  2016  155   5.13  57542.409   90.2  1.063e+01 
 130333  0.917   1  2016  159  23.87  57547.190   88.2  1.882e+00 
 130334  0.917   1  2016  160   0.37  57547.211   88.2  1.948e+00 
 130336  0.917   1  2016  160   1.22  57547.246   88.1  2.362e+00 
 130337  0.917   1  2016  160   1.73  57547.268   88.1  2.515e+00 
 130341  1.333   2  2016  160   3.78  57547.353   88.1  4.335e+00 
 130377  0.683   3  2016  160  21.67  57548.099   87.7  3.258e+00 
 130475  0.917   1  2016  162  22.95  57550.152   86.8  2.821e+00 
 130726  0.811   2  2016  168   4.38  57555.378   84.8  6.990e+00 
 130727  0.811   2  2016  168   4.85  57555.398   84.8  8.950e+00 
 131044  0.667   1  2016  174  19.21  57561.996   82.9  8.339e+00 
 131235  0.331   1  2016  178  18.86  57565.981   82.5  1.181e+01 
 131236  0.992   3  2016  178  19.27  57565.998   82.5  1.117e+01 
 131238  1.177   3  2016  178  20.22  57566.038   82.5  5.151e+00 
 131240  0.772   1  2016  178  21.09  57566.074   82.5  4.489e+00 
 131241  0.772   1  2016  178  21.52  57566.092   82.5  4.090e+00 
 131383  0.392   1  2016  181  20.94  57569.068   83.2  3.737e+00 
 131384  0.784   2  2016  181  21.26  57569.081   83.2  3.587e+00 
 131385  0.392   1  2016  181  21.86  57569.106   83.2  3.085e+00 
 131386  0.784   2  2016  181  22.18  57569.120   83.2  2.951e+00 
 131387  0.581   2  2016  181  22.78  57569.145   83.2  2.065e+00 
 131388  0.872   3  2016  181  23.22  57569.163   83.2  2.160e+00 
 131392  0.794   1  2016  182   1.44  57569.256   83.2  2.832e+00 
 131393  0.794   1  2016  182   1.87  57569.273   83.2  2.984e+00 
 131395  0.944   2  2016  182   2.79  57569.312   83.2  3.494e+00 
 131396  0.944   2  2016  182   3.32  57569.334   83.2  4.191e+00 
 131398  0.917   1  2016  182   4.12  57569.367   83.3  5.279e+00 
 131399  0.917   1  2016  182   4.63  57569.389   83.3  6.879e+00 
 131431  0.534   1  2016  182  20.57  57570.053   83.5  7.036e+00 
 131490  1.522   2  2016  184   2.23  57571.288   84.1  3.027e+00 
 131496  0.492   3  2016  184   5.16  57571.411   84.1  9.819e+00 
 131688  0.862   1  2016  188   5.05  57575.406   87.6  9.853e+00 
 131815  0.333   1  2016  190  20.95  57578.068   90.2  4.301e+00 
 131817  0.333   1  2016  190  21.97  57578.111   90.2  3.884e+00 
 131818  0.667   2  2016  190  22.29  57578.124   90.2  3.394e+00 
 131819  0.333   1  2016  190  22.61  57578.138   90.2  3.642e+00 
 131820  0.351   2  2016  190  23.21  57578.163   90.2  5.673e+00 
 131826  0.917   1  2016  191   2.16  57578.285   90.3  2.773e+00 
 131827  0.917   1  2016  191   2.66  57578.307   90.3  3.176e+00 
 131828  0.517   1  2016  191   3.39  57578.337   90.3  6.331e+00 
 131829  1.033   2  2016  191   3.81  57578.354   90.3  6.933e+00 
 131830  0.517   1  2016  191   4.22  57578.371   90.3  7.700e+00 
 131924  1.033   2  2016  193   3.16  57580.327   91.0  6.163e+00 
 131925  1.033   2  2016  193   3.71  57580.350   91.0  6.938e+00 
 131926  0.517   1  2016  193   4.37  57580.378   91.0  1.022e+01 
 131927  1.033   2  2016  193   4.79  57580.395   91.1  1.135e+01 
 131928  0.517   1  2016  193   5.20  57580.412   91.1  1.350e+01 
 131965  0.667   1  2016  193  23.86  57581.190   91.2  1.138e+00 
 131966  0.667   1  2016  194   0.50  57581.216   91.2  1.539e+00 
 131967  0.667   1  2016  194   0.85  57581.231   91.2  1.726e+00 
 131968  0.811   2  2016  194   1.38  57581.253   91.2  2.594e+00 
 131969  0.811   2  2016  194   1.84  57581.272   91.2  2.908e+00 
 131970  0.406   1  2016  194   2.48  57581.299   91.2  3.453e+00 
 131971  0.811   2  2016  194   2.83  57581.313   91.2  3.517e+00 
 131972  0.406   1  2016  194   3.18  57581.328   91.2  4.147e+00 
 131973  0.794   1  2016  194   3.82  57581.355   91.2  5.933e+00 
 131974  0.794   1  2016  194   4.23  57581.372   91.2  6.906e+00 
 131975  0.456   2  2016  194   4.86  57581.398   91.2  1.205e+01 
 132017  0.794   1  2016  195   1.77  57582.269   91.2  3.749e+00 
 132018  0.794   1  2016  195   2.19  57582.287   91.2  3.984e+00 
 132020  0.944   2  2016  195   3.24  57582.330   91.2  5.251e+00 
 132021  0.944   2  2016  195   3.77  57582.353   91.2  6.026e+00 
 132023  0.581   1  2016  195   4.54  57582.385   91.2  1.067e+01 
 132067  0.811   2  2016  196   2.70  57583.308   91.1  3.875e+00 
 132580  0.667   2  2016  206  19.28  57593.999   89.0  8.463e+00 
 132581  0.667   2  2016  206  19.71  57594.017   89.0  7.396e+00 
 132724  1.544   2  2016  209  19.26  57596.998   88.9  9.480e+00 
 132726  0.784   2  2016  209  20.20  57597.037   88.9  6.224e+00 
 132727  0.392   1  2016  209  20.52  57597.051   88.9  5.662e+00 
 132787  1.589   2  2016  211   2.78  57598.311   88.7  2.867e+00 
 132789  0.794   1  2016  211   3.78  57598.353   88.7  5.231e+00 
 132790  0.794   1  2016  211   4.21  57598.371   88.7  6.315e+00 
 132791  0.667   1  2016  211   4.85  57598.398   88.7  7.319e+00 
 132792  0.667   1  2016  211   5.19  57598.412   88.7  8.676e+00 
 132836  1.589   2  2016  212   3.25  57599.331   88.3  3.202e+00 
 132838  1.000   1  2016  212   4.42  57599.380   88.3  8.252e+00 
 132839  1.000   1  2016  212   4.94  57599.402   88.3  1.082e+01 
 132887  1.000   1  2016  213   4.55  57600.385   87.8  8.900e+00 
 132888  1.000   1  2016  213   5.07  57600.407   87.7  1.178e+01 
 132918  0.784   2  2016  213  20.22  57601.038   87.3  6.544e+00 
 132919  0.392   1  2016  213  20.54  57601.052   87.3  5.873e+00 
 132930  0.794   1  2016  214   2.30  57601.291   87.1  2.000e+00 
 132931  0.794   1  2016  214   2.72  57601.309   87.1  2.369e+00 
 132933  1.000   1  2016  214   3.97  57601.361   87.1  6.327e+00 
 132934  1.000   1  2016  214   4.49  57601.383   87.1  8.516e+00 
 132968  0.661   2  2016  214  21.20  57602.079   86.6  3.223e+00 
 132969  0.661   2  2016  214  21.61  57602.096   86.6  3.174e+00 
 132970  0.761   1  2016  214  22.28  57602.124   86.6  2.366e+00 
 132971  0.761   1  2016  214  22.71  57602.142   86.6  2.223e+00 
 132972  0.406   1  2016  214  23.39  57602.170   86.5  1.559e+00 
 132973  0.811   2  2016  214  23.74  57602.185   86.5  1.285e+00 
 132974  0.406   1  2016  215   0.09  57602.199   86.5  1.325e+00 
 132975  0.811   2  2016  215   0.80  57602.229   86.5  1.409e+00 
 132976  0.811   2  2016  215   1.27  57602.248   86.5  1.556e+00 
 132977  0.811   2  2016  215   1.84  57602.272   86.5  2.326e+00 
 132978  0.811   2  2016  215   2.30  57602.292   86.5  2.541e+00 
 132979  0.406   1  2016  215   2.95  57602.319   86.5  2.382e+00 
 132980  0.811   2  2016  215   3.30  57602.333   86.5  2.609e+00 
 132981  0.406   1  2016  215   3.65  57602.348   86.4  3.058e+00 
 132982  1.000   1  2016  215   4.32  57602.376   86.4  7.915e+00 
 132983  1.000   1  2016  215   4.84  57602.397   86.4  1.048e+01 
 133011  0.392   1  2016  215  18.97  57602.986   86.1  1.086e+01 
 133012  0.784   2  2016  215  19.29  57602.999   86.0  9.962e+00 
 133014  1.673   2  2016  215  20.27  57603.040   86.0  7.777e+00 
 133021  0.811   2  2016  215  23.76  57603.186   85.9  1.614e+00 
 133022  0.811   2  2016  216   0.23  57603.205   85.9  1.802e+00 
 133023  0.406   1  2016  216   0.98  57603.237   85.8  1.844e+00 
 133024  0.811   2  2016  216   1.33  57603.251   85.8  1.923e+00 
 133025  0.406   1  2016  216   1.68  57603.266   85.8  2.007e+00 
 133026  0.406   1  2016  216   2.35  57603.293   85.8  2.160e+00 
 133027  0.406   1  2016  216   2.58  57603.303   85.8  2.421e+00 
 133028  0.406   1  2016  216   3.05  57603.323   85.8  2.681e+00 
 133062  0.837   1  2016  216  20.40  57604.046   85.2  7.116e+00 
 133063  0.837   1  2016  216  20.84  57604.064   85.2  6.609e+00 
 133108  0.333   1  2016  217  19.31  57605.000   84.6  1.008e+01 
 133109  1.000   3  2016  217  19.69  57605.016   84.6  9.465e+00 
 133119  0.811   2  2016  218   0.74  57605.226   84.5  2.033e+00 
 133120  0.811   2  2016  218   1.20  57605.246   84.5  2.038e+00 
 133122  0.667   1  2016  218   2.25  57605.289   84.5  2.016e+00 
 133123  0.667   1  2016  218   2.59  57605.304   84.5  2.203e+00 
 133124  0.667   1  2016  218   3.34  57605.335   84.5  2.968e+00 
 133125  0.667   1  2016  218   3.68  57605.349   84.5  3.408e+00 
 133127  0.872   3  2016  218   4.70  57605.391   84.5  8.949e+00 
 133128  0.581   2  2016  218   5.13  57605.409   84.5  1.112e+01 
 133213  0.406   1  2016  219  23.84  57607.189   84.0  1.603e+00 
 133214  0.811   2  2016  220   0.19  57607.203   84.0  1.870e+00 
 133215  0.406   1  2016  220   0.54  57607.218   84.0  1.707e+00 
 133221  0.581   2  2016  220   3.90  57607.358   84.0  6.146e+00 
 133222  0.581   2  2016  220   4.25  57607.373   84.0  7.208e+00 
 133223  0.581   2  2016  220   4.60  57607.387   84.0  8.516e+00 
 133269  0.872   3  2016  221   3.68  57608.349   84.0  6.023e+00 
 133270  0.581   2  2016  221   4.12  57608.367   84.0  6.834e+00 
 133271  0.581   2  2016  221   4.82  57608.396   84.0  9.427e+00 
 133272  0.872   3  2016  221   5.25  57608.414   84.0  1.178e+01 
 133317  0.689   1  2016  222   3.80  57609.354   84.1  4.312e+00 
 133318  0.689   1  2016  222   4.19  57609.370   84.1  5.448e+00 
 133365  0.667   6  2016  223   3.75  57610.352   84.4  6.937e+00 
 133367  0.667   6  2016  223   4.72  57610.392   84.4  9.336e+00 
 133410  0.556   5  2016  224   2.25  57611.289   84.7  3.078e+00 
 133510  1.333   2  2016  226   4.21  57613.371   85.3  5.649e+00 
 133557  0.917   1  2016  227   3.77  57614.353   85.7  5.154e+00 
 133558  0.917   1  2016  227   4.28  57614.374   85.8  6.662e+00 
 133607  0.667   1  2016  228   4.76  57615.394   86.2  6.715e+00 
 133608  0.667   1  2016  228   5.11  57615.408   86.2  8.593e+00 
 134080  0.667   1  2016  238   1.42  57625.255   89.6  8.462e-01 
 134081  0.667   1  2016  238   1.77  57625.269   89.6  8.964e-01 
 134082  0.667   1  2016  238   2.38  57625.295   89.6  1.214e+00 
 134083  0.667   1  2016  238   2.72  57625.309   89.6  1.400e+00 
 134122  0.331   1  2016  238  22.30  57626.125   89.5  4.044e+00 
 134123  0.571   1  2016  238  22.81  57626.146   89.5  3.137e+00 
 134124  0.581   1  2016  238  23.19  57626.162   89.5  3.245e+00 
 134127  0.583   5  2016  239   0.78  57626.228   89.5  2.668e+00 
 134129  0.917   1  2016  239   1.81  57626.271   89.5  2.221e+00 
 134130  0.917   1  2016  239   2.31  57626.292   89.5  2.258e+00 
 134132  0.917   1  2016  239   3.16  57626.327   89.5  3.223e+00 
 134212  0.333   1  2016  240  19.31  57628.000   89.5  1.411e+01 
 134213  1.000   3  2016  240  19.69  57628.016   89.5  1.300e+01 
 134214  0.667   2  2016  240  20.18  57628.036   89.5  1.210e+01 
 134218  0.406   1  2016  240  22.38  57628.128   89.5  1.546e+00 
 134219  0.811   2  2016  240  22.73  57628.143   89.5  1.484e+00 
 134220  0.406   1  2016  240  23.08  57628.157   89.5  1.410e+00 
 134221  0.811   2  2016  240  23.68  57628.182   89.5  1.352e+00 
 134222  0.811   2  2016  241   0.15  57628.202   89.5  1.600e+00 
 134223  0.517   1  2016  241   0.98  57628.236   89.5  2.278e+00 
 134224  0.517   1  2016  241   1.26  57628.248   89.5  2.502e+00 
 134225  1.033   2  2016  241   1.67  57628.265   89.5  2.395e+00 
 134226  0.517   1  2016  241   2.47  57628.299   89.5  2.933e+00 
 134227  0.517   1  2016  241   2.75  57628.310   89.5  3.229e+00 
 134314  0.581   1  2016  242  22.20  57630.121   89.5  3.742e+00 
 134319  1.033   2  2016  243   0.85  57630.231   89.5  2.303e+00 
 134320  0.517   1  2016  243   1.26  57630.248   89.5  2.378e+00 
 134321  0.517   1  2016  243   1.54  57630.260   89.5  2.577e+00 
 134322  0.667   1  2016  243   2.26  57630.290   89.5  3.321e+00 
 134323  0.667   1  2016  243   2.60  57630.304   89.5  3.577e+00 
 134324  0.667   1  2016  243   3.34  57630.335   89.5  6.836e+00 
 134325  0.667   1  2016  243   3.68  57630.349   89.5  7.612e+00 
 134326  0.667   1  2016  243   4.17  57630.369   89.5  8.692e+00 
 134327  0.667   1  2016  243   4.52  57630.384   89.5  1.032e+01 
 134361  0.811   2  2016  243  21.83  57631.105   89.5  1.807e+00 
 134362  0.811   2  2016  243  22.29  57631.124   89.5  1.641e+00 
 134365  0.769   1  2016  243  23.53  57631.176   89.5  2.214e+00 
 134366  0.689   1  2016  244   0.30  57631.208   89.5  1.116e+00 
 134367  0.689   1  2016  244   0.69  57631.224   89.5  1.263e+00 
 134368  0.994   1  2016  244   1.41  57631.254   89.5  3.425e+00 
 134369  0.994   1  2016  244   1.96  57631.277   89.5  3.498e+00 
 134371  0.994   1  2016  244   2.77  57631.311   89.5  4.315e+00 
 134372  0.994   1  2016  244   3.31  57631.334   89.5  5.167e+00 
 134374  0.872   3  2016  244   4.24  57631.372   89.5  6.496e+00 
 134375  0.581   2  2016  244   4.68  57631.390   89.6  8.142e+00 
 134417  0.994   1  2016  245   1.59  57632.262   89.6  3.476e+00 
 134418  0.994   1  2016  245   2.14  57632.285   89.6  3.818e+00 
 134419  0.667   1  2016  245   2.89  57632.316   89.6  6.020e+00 
 134420  0.667   1  2016  245   3.24  57632.330   89.6  6.685e+00 
 134460  0.406   1  2016  245  23.49  57633.174   89.7  1.818e+00 
 134461  0.811   2  2016  245  23.84  57633.189   89.7  1.807e+00 
 134462  0.406   1  2016  246   0.19  57633.203   89.7  1.824e+00 
 134463  0.811   2  2016  246   0.80  57633.229   89.7  1.867e+00 
 134464  0.811   2  2016  246   1.26  57633.248   89.7  1.788e+00 
 134467  0.667   1  2016  246   2.82  57633.313   89.7  6.245e+00 
 134468  0.667   1  2016  246   3.17  57633.328   89.7  6.611e+00 
 134505  0.811   2  2016  246  21.80  57634.104   89.8  1.944e+00 
 134506  0.811   2  2016  246  22.27  57634.123   89.8  1.998e+00 
 134507  0.406   1  2016  246  22.86  57634.148   89.8  2.281e+00 
 134508  0.811   2  2016  246  23.21  57634.163   89.8  2.183e+00 
 134509  0.811   2  2016  246  23.72  57634.184   89.8  1.816e+00 
 134510  0.811   2  2016  247   0.24  57634.206   89.8  1.672e+00 
 134511  0.406   1  2016  247   0.59  57634.220   89.8  1.656e+00 
 134512  0.784   2  2016  247   1.26  57634.248   89.8  1.855e+00 
 134513  0.784   2  2016  247   1.68  57634.266   89.8  2.066e+00 
 134516  0.667   1  2016  247   3.29  57634.333   89.8  1.263e+01 
 134517  0.667   1  2016  247   3.63  57634.347   89.8  1.352e+01 
 134605  0.673   1  2016  248  23.85  57636.189   90.0  1.167e+00 
 134606  0.673   1  2016  249   0.21  57636.204   90.0  1.143e+00 
 134607  0.683   1  2016  249   0.58  57636.220   90.0  1.218e+00 
 134608  1.033   2  2016  249   1.35  57636.252   90.0  2.450e+00 
 134609  0.517   1  2016  249   1.77  57636.269   90.0  2.684e+00 
 134610  0.517   1  2016  249   2.04  57636.281   90.0  2.755e+00 
 134611  1.333   2  2016  249   2.75  57636.310   90.0  1.212e+01 
 134613  1.333   2  2016  249   3.69  57636.349   90.0  9.685e+00 
 134699  0.673   1  2016  250  22.72  57638.142   90.2  1.477e+00 
 134700  1.356   2  2016  250  23.27  57638.165   90.2  1.289e+00 
 134702  1.333   1  2016  251   0.27  57638.207   90.2  2.190e+00 
 134704  1.333   1  2016  251   1.04  57638.239   90.2  2.352e+00 
 134705  1.333   1  2016  251   1.81  57638.271   90.2  2.797e+00 
 134707  1.333   1  2016  251   2.63  57638.305   90.2  3.271e+00 
 134708  1.333   1  2016  251   3.42  57638.338   90.2  4.532e+00 
 134710  1.333   1  2016  251   4.24  57638.372   90.2  7.106e+00 
 134750  1.333   1  2016  252   0.50  57639.216   90.4  2.266e+00 
 134752  1.333   1  2016  252   1.36  57639.252   90.4  2.374e+00 
 134754  1.333   1  2016  252   2.16  57639.285   90.4  2.980e+00 
 134755  1.333   1  2016  252   2.94  57639.318   90.4  3.975e+00 
 134757  1.333   1  2016  252   3.75  57639.352   90.4  5.837e+00 
 134759  1.333   1  2016  252   4.55  57639.385   90.4  9.201e+00 
 134798  1.333   1  2016  253   0.28  57640.207   90.5  2.241e+00 
 134800  1.333   1  2016  253   1.07  57640.240   90.5  2.386e+00 
 134801  1.333   1  2016  253   1.85  57640.273   90.5  2.791e+00 
 134803  1.333   1  2016  253   2.64  57640.306   90.5  3.505e+00 
 134804  1.333   1  2016  253   3.44  57640.339   90.6  4.800e+00 
 134806  1.333   1  2016  253   4.28  57640.374   90.6  7.888e+00 
 134848  1.333   1  2016  254   1.25  57641.248   90.6  2.210e+00 
 134850  1.333   1  2016  254   2.03  57641.280   90.6  2.720e+00 
 134851  1.333   1  2016  254   2.81  57641.313   90.6  3.569e+00 
 134853  1.333   1  2016  254   3.60  57641.345   90.6  5.185e+00 
 134854  1.333   1  2016  254   4.39  57641.378   90.6  8.176e+00 
 134997  0.917   1  2016  257   3.61  57644.346   90.1  9.370e+00 
 134998  0.917   1  2016  257   4.11  57644.367   90.1  1.152e+01 
 135519  0.846   1  2016  268   0.66  57655.223   86.8  2.055e+00 
 135520  0.846   1  2016  268   1.11  57655.242   86.9  2.115e+00 
 135521  0.846   1  2016  268   1.56  57655.261   86.9  2.295e+00 
 135556  0.956   1  2016  268  19.20  57655.996   87.2  1.005e+01 
 135557  0.956   1  2016  268  19.71  57656.017   87.2  8.574e+00 
 135559  1.500   2  2016  268  20.79  57656.062   87.2  3.894e+00 
 135560  0.750   1  2016  268  21.39  57656.087   87.2  2.953e+00 
 135561  0.750   1  2016  268  21.80  57656.104   87.2  2.874e+00 
 135562  0.750   1  2016  268  22.41  57656.129   87.2  2.639e+00 
 135563  0.750   1  2016  268  22.81  57656.146   87.3  2.214e+00 
 135564  0.750   1  2016  268  23.21  57656.163   87.3  2.168e+00 
 135565  0.750   1  2016  268  23.62  57656.180   87.3  2.333e+00 
 135566  0.667   1  2016  269   0.15  57656.202   87.3  1.803e+00 
 135567  0.667   1  2016  269   0.51  57656.217   87.3  1.963e+00 
 135568  1.500   2  2016  269   1.30  57656.250   87.3  2.209e+00 
 135569  0.750   1  2016  269   1.90  57656.275   87.3  2.450e+00 
 135570  0.750   1  2016  269   2.30  57656.292   87.3  2.740e+00 
 135571  0.750   1  2016  269   2.90  57656.317   87.4  3.426e+00 
 135572  0.750   1  2016  269   3.31  57656.333   87.4  4.072e+00 
 135573  0.750   1  2016  269   3.71  57656.350   87.4  4.841e+00 
 135574  0.750   1  2016  269   4.11  57656.367   87.4  6.494e+00 
 135604  0.445   1  2016  269  19.25  57656.998   87.8  1.018e+01 
 135605  0.445   1  2016  269  19.52  57657.009   87.8  9.202e+00 
 135606  0.779   2  2016  269  20.14  57657.035   87.8  4.840e+00 
 135608  1.500   2  2016  269  21.23  57657.080   87.8  3.564e+00 
 135609  0.750   1  2016  269  21.83  57657.105   87.8  3.031e+00 
 135610  0.750   1  2016  269  22.23  57657.122   87.9  2.587e+00 
 135611  0.750   1  2016  269  22.79  57657.145   87.9  2.454e+00 
 135612  0.750   1  2016  269  23.19  57657.162   87.9  2.275e+00 
 135613  1.500   2  2016  269  23.80  57657.187   87.9  2.299e+00 
 135615  1.333   2  2016  270   0.82  57657.230   87.9  2.337e+00 
 135616  0.667   1  2016  270   1.36  57657.252   87.9  2.441e+00 
 135617  0.750   1  2016  270   1.95  57657.277   88.0  2.941e+00 
 135618  0.750   1  2016  270   2.35  57657.294   88.0  3.177e+00 
 135619  0.750   1  2016  270   2.76  57657.310   88.0  3.810e+00 
 135620  0.750   1  2016  270   3.16  57657.327   88.0  4.326e+00 
 135621  0.667   1  2016  270   3.67  57657.349   88.0  6.264e+00 
 135622  1.333   2  2016  270   4.21  57657.371   88.0  8.255e+00 
 135701  0.697   1  2016  271  19.55  57659.010   88.9  1.400e+01 
 135702  0.697   1  2016  271  20.09  57659.033   88.9  1.205e+01 
 135708  0.697   1  2016  271  23.47  57659.173   89.0  2.578e+00 
 135709  0.697   1  2016  271  23.83  57659.189   89.0  2.649e+00 
 135710  0.697   1  2016  272   0.31  57659.208   89.0  3.454e+00 
 135712  0.956   4  2016  272   1.27  57659.248   89.0  1.165e+01 
 135713  0.478   2  2016  272   1.82  57659.271   89.0  1.181e+01 
 135714  0.956   4  2016  272   2.23  57659.288   89.0  1.227e+01 
 135715  0.717   3  2016  272   2.76  57659.311   89.1  1.303e+01 
 135716  0.956   4  2016  272   3.27  57659.332   89.1  1.403e+01 
 135754  0.581   2  2016  272  22.34  57660.126   89.4  5.016e+00 
 135758  0.846   1  2016  273   0.20  57660.204   89.5  1.732e+00 
 135759  0.846   1  2016  273   0.65  57660.223   89.5  1.737e+00 
 135760  0.846   1  2016  273   1.11  57660.242   89.5  1.888e+00 
 135800  0.872   3  2016  273  21.31  57661.084   89.8  5.297e+00 
 135801  0.581   2  2016  273  21.75  57661.102   89.8  4.749e+00 
 135806  0.517   1  2016  274   0.31  57661.208   89.9  1.864e+00 
 135807  1.033   2  2016  274   0.72  57661.226   89.9  1.697e+00 
 135808  0.517   1  2016  274   1.14  57661.243   89.9  1.733e+00 
 135859  1.000   3  2016  275   2.76  57662.310   90.3  6.499e+00 
 135860  0.333   1  2016  275   3.15  57662.327   90.3  7.080e+00 
 135988  0.667   1  2016  277  19.36  57665.002   90.4  1.130e+01 
 135989  0.667   1  2016  277  19.71  57665.017   90.4  9.575e+00 
 135992  0.368   1  2016  277  21.47  57665.090   90.4  3.662e+00 
 135993  0.736   2  2016  277  21.79  57665.104   90.4  3.490e+00 
 135994  0.368   1  2016  277  22.11  57665.117   90.4  3.820e+00 
 135996  0.667   1  2016  277  23.41  57665.171   90.3  1.481e+00 
 135997  0.667   1  2016  277  23.75  57665.185   90.3  1.496e+00 
 136036  0.667   1  2016  278  19.40  57666.004   90.0  1.121e+01 
 136039  0.368   1  2016  278  20.79  57666.062   90.0  5.900e+00 
 136040  1.104   3  2016  278  21.22  57666.080   90.0  4.712e+00 
 136043  0.667   1  2016  278  22.79  57666.145   90.0  2.990e+00 
 136044  0.667   1  2016  278  23.14  57666.160   90.0  2.891e+00 
 136046  0.711   4  2016  279   0.26  57666.207   90.0  3.052e+00 
 136047  0.533   3  2016  279   0.64  57666.222   90.0  3.394e+00 
 136091  0.368   1  2016  279  23.00  57667.154   89.6  1.429e+00 
 136092  0.402   2  2016  279  23.27  57667.165   89.6  1.490e+00 
 136135  0.667   1  2016  280  20.90  57668.066   89.3  4.126e+00 
 136136  0.667   1  2016  280  21.25  57668.081   89.3  3.498e+00 
 136137  0.667   1  2016  280  21.90  57668.108   89.3  2.832e+00 
 136138  0.667   1  2016  280  22.25  57668.123   89.3  2.692e+00 
 136187  0.667   1  2016  281  22.92  57669.150   88.8  2.244e+00 
 136661  0.603   1  2016  291  19.64  57679.014   86.0  9.097e+00 
 136760  0.368   1  2016  293  21.39  57681.087   84.3  3.555e+00 
 136761  0.736   2  2016  293  21.71  57681.100   84.3  3.124e+00 
 136762  0.368   1  2016  293  22.03  57681.114   84.3  2.768e+00 
 136806  1.333   2  2016  294  20.25  57682.039   83.4  7.847e+00 
 136808  0.373   4  2016  294  21.31  57682.084   83.3  4.413e+00 
 136948  0.371   1  2016  297  19.31  57685.000   80.2  9.113e+00 
 136949  0.667   1  2016  297  19.87  57685.024   80.2  7.147e+00 
 136950  0.667   1  2016  297  20.24  57685.039   80.2  5.948e+00 
 136951  0.667   2  2016  297  20.75  57685.060   80.1  7.487e+00 
 136952  0.500   1  2016  297  21.30  57685.083   80.1  2.686e+00 
 136953  0.500   1  2016  297  21.58  57685.095   80.1  2.279e+00 
 136954  1.000   1  2016  297  22.14  57685.118   80.1  2.327e+00 
 136955  1.000   1  2016  297  22.67  57685.140   80.1  2.199e+00 
 136956  1.167   1  2016  297  23.43  57685.172   80.0  1.722e+00 
 136958  1.167   1  2016  298   0.04  57685.197   80.0  1.893e+00 
 136959  1.167   1  2016  298   0.65  57685.223   80.0  2.102e+00 
 136960  0.583   1  2016  298   1.49  57685.258   79.9  4.524e+00 
 136961  0.583   1  2016  298   1.81  57685.271   79.9  4.543e+00 
 136962  1.167   2  2016  298   2.30  57685.291   79.9  5.223e+00 
 136963  0.583   1  2016  298   2.78  57685.311   79.9  5.915e+00 
 136964  0.583   1  2016  298   3.10  57685.325   79.9  6.859e+00 
 136965  1.000   1  2016  298   3.65  57685.348   79.9  8.106e+00 
 136997  0.500   1  2016  298  19.89  57686.024   79.2  7.861e+00 
 136998  0.667   1  2016  298  20.32  57686.042   79.2  6.705e+00 
 136999  0.667   1  2016  298  20.69  57686.057   79.2  5.648e+00 
 137000  0.833   1  2016  298  21.25  57686.081   79.2  4.702e+00 
 137001  0.833   1  2016  298  21.70  57686.100   79.1  4.161e+00 
 137002  0.833   1  2016  298  22.14  57686.118   79.1  3.979e+00 
 137003  1.000   1  2016  298  22.88  57686.149   79.1  2.202e+00 
 137004  1.000   1  2016  298  23.41  57686.171   79.1  2.167e+00 
 137006  1.000   1  2016  299   0.27  57686.207   79.1  3.907e+00 
 137007  1.000   1  2016  299   0.80  57686.229   79.0  4.283e+00 
 137009  1.167   1  2016  299   1.53  57686.259   79.0  3.949e+00 
 137010  1.167   1  2016  299   2.14  57686.285   79.0  4.490e+00 
 137011  1.167   1  2016  299   2.75  57686.310   79.0  5.419e+00 
 137012  0.667   1  2016  299   3.37  57686.336   78.9  7.264e+00 
 137013  0.667   1  2016  299   3.73  57686.351   78.9  8.599e+00 
 137141  0.667   1  2016  301  19.68  57689.016   77.0  8.595e+00 
 137142  0.667   1  2016  301  20.03  57689.030   77.0  8.004e+00 
 137143  1.104   3  2016  301  20.76  57689.061   77.0  5.453e+00 
 137144  0.368   1  2016  301  21.19  57689.079   77.0  4.681e+00 
 137145  0.736   2  2016  301  21.74  57689.102   76.9  4.370e+00 
 137146  0.736   2  2016  301  22.17  57689.119   76.9  3.834e+00 
 137147  0.667   1  2016  301  22.70  57689.141   76.9  3.113e+00 
 137148  0.667   1  2016  301  23.05  57689.156   76.9  2.936e+00 
 137149  1.333   2  2016  301  23.79  57689.187   76.9  2.737e+00 
 137151  1.050   2  2016  302   0.70  57689.225   76.9  7.376e+00 
 137152  1.050   2  2016  302   1.26  57689.248   76.9  7.600e+00 
 137189  0.667   1  2016  302  19.75  57690.018   76.5  8.820e+00 
 137190  0.667   1  2016  302  20.09  57690.033   76.5  7.998e+00 
 137237  0.603   1  2016  303  19.77  57691.019   76.3  9.186e+00 
 137238  1.206   2  2016  303  20.30  57691.041   76.3  8.208e+00 
 137239  0.603   1  2016  303  20.83  57691.064   76.3  7.006e+00 
 137286  0.736   2  2016  304  20.19  57692.037   76.2  6.874e+00 
 137287  0.736   2  2016  304  20.62  57692.055   76.2  5.811e+00 
 137288  0.368   1  2016  304  21.30  57692.083   76.2  3.431e+00 
 137289  1.104   3  2016  304  21.73  57692.101   76.2  3.192e+00 
 137292  1.028   1  2016  304  23.18  57692.161   76.2  3.845e+00 
 137293  1.028   1  2016  304  23.72  57692.184   76.2  3.755e+00 
 137300  0.667   1  2016  305   3.42  57692.338   76.2  8.228e+00 
 137301  0.667   1  2016  305   3.77  57692.353   76.2  9.772e+00 
 137334  0.667   1  2016  305  20.33  57693.043   76.2  9.680e+00 
 137335  0.667   1  2016  305  20.68  57693.057   76.2  8.565e+00 
 137337  1.028   1  2016  305  21.99  57693.112   76.2  4.288e+00 
 137339  1.028   1  2016  305  22.54  57693.135   76.2  4.129e+00 
 137346  1.028   1  2016  306   2.44  57693.297   76.2  6.665e+00 
 137347  1.028   1  2016  306   2.98  57693.320   76.2  8.160e+00 
 137381  0.498   2  2016  306  19.70  57694.016   76.1  1.061e+01 
 137386  0.872   3  2016  306  22.30  57694.125   76.1  2.907e+00 
 137387  0.581   2  2016  306  22.74  57694.143   76.1  2.922e+00 
 137389  0.667   1  2016  306  23.67  57694.182   76.1  3.751e+00 
 137390  0.667   1  2016  307   0.02  57694.196   76.1  3.837e+00 
 137429  0.630   2  2016  307  19.73  57695.018   76.1  9.962e+00 
 137430  0.368   1  2016  307  20.37  57695.044   76.1  6.127e+00 
 137431  0.736   2  2016  307  20.69  57695.058   76.1  4.993e+00 
 137432  0.368   1  2016  307  21.01  57695.071   76.1  4.799e+00 
 137433  1.346   2  2016  307  21.80  57695.104   76.2  2.831e+00 
 137434  0.683   1  2016  307  22.35  57695.127   76.2  2.499e+00 
 137436  0.889   5  2016  307  23.26  57695.165   76.2  3.610e+00 
 137437  0.356   2  2016  307  23.64  57695.181   76.2  3.584e+00 
 137438  0.533   3  2016  308   0.30  57695.208   76.2  3.657e+00 
 137439  0.889   5  2016  308   0.74  57695.226   76.2  3.607e+00 
 137478  1.104   3  2016  308  20.28  57696.041   76.3  7.453e+00 
 137479  0.368   1  2016  308  20.71  57696.058   76.3  6.755e+00 
 137480  0.648   1  2016  308  21.37  57696.086   76.3  5.953e+00 
 137481  0.648   1  2016  308  21.71  57696.100   76.3  5.907e+00 
 137483  0.644   4  2016  308  22.68  57696.140   76.3  2.544e+00 
 137485  1.050   2  2016  308  23.73  57696.184   76.3  7.550e+00 
 137486  1.050   2  2016  309   0.29  57696.208   76.3  7.628e+00 
 137488  0.667   1  2016  309   1.35  57696.252   76.3  4.103e+00 
 137489  0.667   1  2016  309   1.70  57696.266   76.3  4.526e+00 
 137490  0.525   1  2016  309   2.32  57696.292   76.3  8.712e+00 
 137491  1.050   2  2016  309   2.75  57696.310   76.3  9.715e+00 
 137492  0.525   1  2016  309   3.17  57696.327   76.3  1.090e+01 
 137525  0.648   1  2016  309  19.87  57697.023   76.3  7.603e+00 
 137526  0.648   1  2016  309  20.21  57697.038   76.3  6.639e+00 
 137527  0.368   1  2016  309  20.79  57697.062   76.3  6.237e+00 
 137528  1.104   3  2016  309  21.22  57697.080   76.3  5.893e+00 
 137530  0.673   1  2016  309  22.45  57697.131   76.3  2.667e+00 
 137531  0.673   1  2016  309  22.82  57697.146   76.3  2.573e+00 
 137532  0.683   1  2016  309  23.18  57697.162   76.3  2.399e+00 
 137533  0.525   1  2016  309  23.83  57697.188   76.3  7.152e+00 
 137534  1.050   2  2016  310   0.25  57697.206   76.3  7.242e+00 
 137535  0.525   1  2016  310   0.67  57697.223   76.3  7.382e+00 
 137536  0.581   2  2016  310   1.36  57697.252   76.3  2.377e+00 
 137537  0.872   3  2016  310   1.80  57697.270   76.3  2.775e+00 
 137539  0.736   2  2016  310   2.77  57697.311   76.3  7.232e+00 
 137540  0.736   2  2016  310   3.20  57697.329   76.3  8.716e+00 
 137575  0.482   1  2016  310  20.95  57698.068   76.2  4.064e+00 
 137576  0.482   1  2016  310  21.21  57698.079   76.2  3.374e+00 
 137577  0.667   1  2016  310  21.83  57698.105   76.2  3.765e+00 
 137578  0.667   1  2016  310  22.18  57698.120   76.2  3.403e+00 
 137579  0.673   1  2016  310  22.78  57698.145   76.2  2.056e+00 
 137580  0.673   1  2016  310  23.14  57698.160   76.2  2.248e+00 
 137581  0.683   1  2016  310  23.51  57698.175   76.2  2.199e+00 
 137582  0.667   1  2016  311   0.25  57698.206   76.2  3.375e+00 
 137583  0.667   1  2016  311   0.59  57698.220   76.2  3.488e+00 
 138201  0.444   1  2016  323  21.93  57711.109   77.4  5.336e+00 
 138202  0.889   2  2016  323  22.31  57711.125   77.4  4.917e+00 
 138203  0.444   1  2016  323  22.68  57711.141   77.4  4.573e+00 
 138250  0.736   2  2016  324  22.27  57712.123   77.7  3.164e+00 
 138251  0.736   2  2016  324  22.70  57712.141   77.7  2.844e+00 
 138252  0.667   1  2016  324  23.48  57712.174   77.7  3.366e+00 
 138253  0.667   1  2016  324  23.83  57712.188   77.7  2.939e+00 
 138297  0.667   1  2016  325  21.90  57713.108   77.9  5.206e+00 
 138298  0.667   1  2016  325  22.26  57713.123   77.9  4.765e+00 
 138299  0.750   1  2016  325  22.86  57713.148   77.9  4.670e+00 
 138300  0.750   1  2016  325  23.26  57713.165   77.9  4.623e+00 
 138301  0.750   1  2016  325  23.66  57713.182   77.9  4.453e+00 
 138302  0.750   1  2016  326   0.07  57713.198   77.9  4.784e+00 
 138303  0.667   1  2016  326   0.62  57713.221   77.9  2.424e+00 
 138344  0.667   1  2016  326  21.19  57714.078   78.1  5.902e+00 
 138345  1.333   2  2016  326  21.73  57714.101   78.1  5.369e+00 
 138346  0.750   1  2016  326  22.48  57714.132   78.1  2.884e+00 
 138347  0.750   1  2016  326  22.88  57714.149   78.1  2.808e+00 
 138348  0.750   1  2016  326  23.28  57714.166   78.1  2.624e+00 
 138349  0.750   1  2016  326  23.68  57714.182   78.1  2.551e+00 
 138350  0.583   1  2016  327   0.43  57714.214   78.1  4.242e+00 
 138351  0.583   1  2016  327   0.75  57714.227   78.1  4.673e+00 
 138352  1.167   2  2016  327   1.23  57714.247   78.1  4.705e+00 
 138353  0.583   1  2016  327   1.72  57714.267   78.1  4.892e+00 
 138354  0.583   1  2016  327   2.03  57714.280   78.1  5.277e+00 
 138355  0.667   1  2016  327   2.77  57714.311   78.1  6.371e+00 
 138356  1.333   2  2016  327   3.31  57714.333   78.1  8.363e+00 
 138447  0.525   1  2016  329   0.88  57716.232   78.1  7.510e+00 
 138448  1.050   2  2016  329   1.30  57716.250   78.1  7.551e+00 
 138449  0.525   1  2016  329   1.72  57716.267   78.1  8.171e+00 
 138450  0.525   1  2016  329   2.12  57716.284   78.1  8.512e+00 
 138489  0.889   2  2016  329  21.69  57717.099   78.0  5.753e+00 
 138490  0.889   2  2016  329  22.20  57717.120   78.0  5.503e+00 
 138492  0.889   2  2016  329  23.13  57717.159   78.0  5.440e+00 
 138493  0.889   2  2016  329  23.65  57717.181   78.0  5.361e+00 
 138534  0.889   2  2016  330  20.24  57718.039   77.8  8.073e+00 
 138535  0.889   2  2016  330  20.75  57718.060   77.8  7.181e+00 
 138537  1.297   2  2016  330  21.69  57718.099   77.8  4.553e+00 
 138542  0.872   3  2016  331   0.31  57718.208   77.8  3.064e+00 
 138543  0.581   2  2016  331   0.74  57718.227   77.8  3.056e+00 
 138545  1.297   2  2016  331   1.76  57718.269   77.8  5.774e+00 
 138546  0.648   1  2016  331   2.28  57718.290   77.8  6.776e+00 
 138547  0.482   1  2016  331   2.84  57718.314   77.8  8.790e+00 
 138548  0.482   1  2016  331   3.10  57718.325   77.8  1.001e+01 
 138582  0.889   2  2016  331  20.21  57719.038   77.6  8.226e+00 
 138583  0.889   2  2016  331  20.72  57719.059   77.6  7.007e+00 
 138584  0.444   1  2016  331  21.50  57719.091   77.6  6.128e+00 
 138585  0.444   1  2016  331  21.76  57719.102   77.6  5.687e+00 
 138586  0.889   2  2016  331  22.14  57719.118   77.6  5.374e+00 
 138587  0.872   3  2016  331  22.81  57719.146   77.6  3.154e+00 
 138588  0.581   2  2016  331  23.25  57719.164   77.6  3.030e+00 
 138591  0.525   1  2016  332   0.95  57719.235   77.6  7.596e+00 
 138592  0.525   1  2016  332   1.23  57719.247   77.6  7.872e+00 
 138593  1.050   2  2016  332   1.65  57719.264   77.6  8.170e+00 
 138630  0.889   2  2016  332  20.20  57720.037   77.4  8.569e+00 
 138631  0.889   2  2016  332  20.72  57720.059   77.4  7.431e+00 
 138633  0.889   2  2016  332  21.67  57720.099   77.4  5.986e+00 
 138634  0.889   2  2016  332  22.19  57720.120   77.4  5.686e+00 
 138636  0.889   2  2016  332  23.24  57720.164   77.4  5.498e+00 
 138638  0.872   3  2016  333   0.31  57720.208   77.3  3.056e+00 
 138639  0.581   2  2016  333   0.74  57720.227   77.3  3.583e+00 
 138641  0.667   1  2016  333   1.74  57720.268   77.3  5.640e+00 
 138642  0.667   1  2016  333   2.09  57720.283   77.3  6.037e+00 
 138678  0.872   3  2016  333  20.20  57721.037   77.1  8.197e+00 
 138679  0.872   3  2016  333  20.73  57721.059   77.1  6.647e+00 
 138681  0.872   3  2016  333  21.70  57721.100   77.1  4.691e+00 
 138682  0.581   2  2016  333  22.14  57721.118   77.1  4.050e+00 
 138683  1.050   2  2016  333  22.75  57721.144   77.1  7.873e+00 
 138684  1.050   2  2016  333  23.31  57721.167   77.1  7.690e+00 
 138730  0.963   2  2016  334  22.28  57722.124   76.9  4.266e+00 
 138733  0.736   2  2016  334  23.81  57722.188   76.8  3.886e+00 
 138734  0.736   2  2016  335   0.24  57722.206   76.8  3.614e+00 
 138735  0.525   1  2016  335   0.88  57722.232   76.8  7.940e+00 
 138736  1.050   2  2016  335   1.30  57722.250   76.8  8.196e+00 
 138737  0.525   1  2016  335   1.73  57722.267   76.8  8.615e+00 
 138738  0.444   1  2016  335   2.40  57722.295   76.8  1.014e+01 
 138739  0.889   2  2016  335   2.77  57722.311   76.8  1.104e+01 
 138740  0.444   1  2016  335   3.14  57722.327   76.8  1.182e+01 
 139741  0.846   1  2016  355  23.75  57743.185   70.8  4.831e+00 
 139742  0.846   1  2016  356   0.20  57743.204   70.8  4.979e+00 
 139743  0.846   1  2016  356   0.65  57743.223   70.8  4.781e+00 
 139745  0.333   1  2016  356   1.95  57743.277   70.8  9.282e+00 
 139746  0.667   2  2016  356   2.24  57743.289   70.8  9.336e+00 
 139747  0.333   1  2016  356   2.53  57743.301   70.8  9.984e+00 
 139783  0.833   1  2016  356  20.75  57744.060   70.7  7.838e+00 
 139784  0.833   1  2016  356  21.20  57744.079   70.7  7.024e+00 
 139786  1.167   1  2016  356  22.07  57744.115   70.7  6.385e+00 
 139787  1.167   1  2016  356  22.69  57744.141   70.7  5.841e+00 
 139788  0.448   1  2016  356  23.12  57744.159   70.7  5.390e+00 
 139831  1.333   2  2016  357  20.69  57745.058   70.6  1.003e+01 
 139832  0.667   1  2016  357  21.39  57745.087   70.6  6.759e+00 
 139833  0.667   1  2016  357  21.75  57745.102   70.6  5.939e+00 
 139834  0.900   1  2016  357  22.29  57745.124   70.6  5.846e+00 
 139835  0.900   1  2016  357  22.77  57745.144   70.6  5.395e+00 
 139836  0.900   1  2016  357  23.25  57745.164   70.6  5.409e+00 
 139837  1.065   1  2016  357  23.94  57745.193   70.6  5.602e+00 
 139880  0.667   1  2016  358  21.07  57746.073   70.6  1.043e+01 
 139881  1.028   1  2016  358  21.81  57746.104   70.6  6.515e+00 
 139882  1.028   1  2016  358  22.35  57746.127   70.6  6.329e+00 
 139891  1.700   1  2016  359   2.92  57746.317   70.6  7.545e+00 
 139927  1.028   1  2016  359  20.59  57747.053   70.6  8.743e+00 
 139928  1.028   1  2016  359  21.20  57747.079   70.6  7.503e+00 
 139929  0.667   1  2016  359  22.00  57747.112   70.6  6.127e+00 
 139930  0.667   1  2016  359  22.34  57747.127   70.6  6.061e+00 
 139932  1.028   1  2016  359  23.02  57747.155   70.6  5.969e+00 
 139933  1.028   1  2016  359  23.56  57747.177   70.6  5.753e+00 
 140078  0.667   1  2016  363   0.28  57750.207   70.6  3.865e+00 
 140079  0.667   1  2016  363   0.62  57750.221   70.6  4.025e+00 
 140123  0.667   1  2016  363  22.84  57751.147   70.7  5.151e+00 
 140124  0.667   1  2016  363  23.19  57751.162   70.7  5.172e+00 
 140126  0.967   3  2016  364   0.25  57751.206   70.7  3.975e+00 
 140128  0.683   6  2016  364   1.31  57751.250   70.7  3.995e+00 
 140129  0.683   6  2016  364   1.75  57751.268   70.7  4.576e+00 
 140130  0.340   1  2016  364   2.33  57751.293   70.7  5.957e+00 
 140131  0.340   1  2016  364   2.53  57751.301   70.7  6.097e+00 
 140170  0.846   1  2016  364  22.14  57752.118   70.7  5.929e+00 
 140171  0.846   1  2016  364  22.59  57752.137   70.7  5.733e+00 
 140172  0.846   1  2016  364  23.04  57752.155   70.7  5.277e+00 
 140173  0.648   1  2016  364  23.78  57752.186   70.8  3.537e+00 
 140174  1.297   2  2016  365   0.29  57752.208   70.8  3.410e+00 
 140176  0.644   2  2016  365   1.25  57752.247   70.8  4.116e+00 
 140218  0.525   1  2016  365  22.45  57753.131   70.8  7.197e+00 
 140219  0.525   1  2016  365  22.73  57753.143   70.8  7.225e+00 
 140220  1.050   2  2016  365  23.17  57753.161   70.8  6.716e+00 
 140263  1.333   2  2016  366  20.69  57754.057   70.9  9.542e+00 
 140265  0.581   2  2016  366  21.74  57754.101   71.0  6.144e+00 
 140266  0.872   3  2016  366  22.18  57754.120   71.0  5.889e+00 
 140267  0.525   1  2016  366  22.90  57754.150   71.0  7.397e+00 
 140268  1.050   2  2016  366  23.32  57754.167   71.0  7.220e+00 
 140272  0.680   2  2017    1   1.15  57754.244   71.0  4.652e+00 
 140318  0.889   2  2017    2   0.30  57755.208   71.1  5.769e+00 
 140319  0.889   2  2017    2   0.80  57755.229   71.1  5.970e+00 
 140324  0.425   3  2017    2   3.31  57755.333   71.1  9.152e+00 
 140417  0.339   2  2017    4   1.80  57757.271   71.4  4.616e+00 
 140419  1.333   2  2017    4   2.79  57757.312   71.4  7.725e+00 
 140612  1.700   1  2017    8   3.25  57761.331   72.4  7.113e+00 
 141180  0.458   4  2017   19  23.28  57773.165   75.7  3.373e+00 
 141231  1.020   3  2017   21   0.72  57774.225   75.8  3.577e+00 
 141271  0.846   1  2017   21  20.69  57775.058   75.9  9.440e+00 
 141272  0.846   1  2017   21  21.14  57775.076   75.9  8.444e+00 
 141273  0.846   1  2017   21  21.59  57775.095   75.9  7.865e+00 
 141277  0.967   3  2017   21  23.76  57775.186   75.9  3.203e+00 
 141279  0.967   3  2017   22   0.78  57775.228   75.9  3.061e+00 
 141280  0.644   2  2017   22   1.25  57775.248   75.9  3.045e+00 
 141281  0.967   3  2017   22   1.72  57775.267   75.9  3.307e+00 
 141282  0.340   1  2017   22   2.35  57775.294   75.9  4.983e+00 
 141283  0.680   2  2017   22   2.65  57775.306   75.9  5.534e+00 
 141319  1.028   1  2017   22  20.52  57776.051   76.0  1.011e+01 
 141320  1.028   1  2017   22  21.06  57776.073   76.0  9.000e+00 
 141329  0.644   2  2017   23   1.85  57776.273   76.0  3.298e+00 
 141331  0.680   2  2017   23   2.73  57776.309   76.0  5.488e+00 
 141332  0.340   1  2017   23   3.03  57776.322   76.0  6.063e+00 
 141470  1.700   1  2017   26   0.34  57779.210   76.0  3.496e+00 
 141472  0.680   2  2017   26   1.30  57779.250   76.0  3.600e+00 
 141473  0.340   1  2017   26   1.60  57779.262   76.0  3.742e+00 
 141474  1.700   1  2017   26   2.48  57779.299   76.0  3.906e+00 
 141523  1.700   1  2017   27   2.56  57780.302   75.9  4.196e+00 
 141566  1.297   2  2017   28   0.26  57781.206   75.9  4.406e+00 
 141569  1.700   1  2017   28   1.57  57781.261   75.9  4.428e+00 
 141571  1.700   1  2017   28   2.71  57781.309   75.9  5.205e+00 
 141607  0.846   1  2017   28  20.58  57782.053   75.8  8.861e+00 
 141608  1.691   2  2017   28  21.26  57782.081   75.8  7.919e+00 
 141614  1.700   1  2017   29   0.34  57782.210   75.8  3.682e+00 
 141616  0.967   3  2017   29   1.32  57782.250   75.8  2.443e+00 
 141618  0.967   3  2017   29   2.25  57782.289   75.8  3.035e+00 
 141619  0.829   2  2017   29   2.84  57782.314   75.8  4.425e+00 
 141620  0.507   1  2017   29   3.27  57782.332   75.8  5.636e+00 
 141621  0.507   1  2017   29   3.55  57782.343   75.8  6.367e+00 
 141660  0.667   1  2017   29  23.02  57783.155   75.8  1.213e+01 
 141662  0.644   2  2017   30   0.25  57783.206   75.7  2.005e+00 
 141663  0.644   2  2017   30   0.60  57783.221   75.7  2.187e+00 
 141664  0.644   2  2017   30   1.29  57783.249   75.7  2.263e+00 
 141665  0.967   3  2017   30   1.75  57783.269   75.7  2.517e+00 
 141666  0.644   2  2017   30   2.25  57783.290   75.7  2.717e+00 
 141668  0.967   3  2017   30   3.25  57783.331   75.7  4.341e+00 
 141713  0.967   3  2017   31   1.70  57784.266   75.7  2.543e+00 
 141715  0.967   3  2017   31   2.80  57784.312   75.7  3.667e+00 
 141716  0.644   2  2017   31   3.31  57784.334   75.7  4.807e+00 
 141717  0.644   2  2017   31   3.74  57784.352   75.7  6.207e+00 
 141756  0.967   3  2017   31  23.23  57785.163   75.6  2.725e+00 
 141758  0.967   3  2017   32   0.18  57785.203   75.6  2.560e+00 
 141759  0.833   3  2017   32   0.74  57785.226   75.6  2.630e+00 
 141760  0.511   2  2017   32   1.20  57785.246   75.5  2.859e+00 
 141761  0.511   2  2017   32   1.77  57785.269   75.5  2.993e+00 
 141762  0.889   3  2017   32   2.27  57785.290   75.5  3.867e+00 
 141763  0.756   2  2017   32   2.82  57785.313   75.5  5.096e+00 
 141764  0.756   2  2017   32   3.26  57785.332   75.5  6.160e+00 
 141765  0.756   2  2017   32   3.70  57785.350   75.5  7.444e+00 
 141766  0.378   1  2017   32   4.03  57785.364   75.5  9.096e+00 
 141805  0.667   1  2017   32  23.80  57786.187   75.4  3.728e+00 
 141806  0.667   1  2017   33   0.14  57786.202   75.4  3.847e+00 
 141807  0.667   1  2017   33   0.77  57786.228   75.4  3.681e+00 
 141808  0.667   1  2017   33   1.12  57786.242   75.4  3.889e+00 
 141809  1.013   2  2017   33   1.66  57786.265   75.4  3.077e+00 
 141810  0.507   1  2017   33   2.08  57786.282   75.4  3.491e+00 
 141811  0.667   1  2017   33   2.67  57786.307   75.4  4.577e+00 
 141812  0.667   1  2017   33   3.02  57786.321   75.4  5.202e+00 
 141813  1.333   2  2017   33   3.82  57786.355   75.4  7.529e+00 
 141853  1.000   3  2017   33  23.75  57787.185   75.2  2.740e+00 
 141854  0.333   1  2017   34   0.14  57787.201   75.2  2.919e+00 
 141857  0.507   1  2017   34   1.97  57787.278   75.2  3.284e+00 
 141858  0.507   1  2017   34   2.25  57787.289   75.2  3.542e+00 
 141859  0.507   1  2017   34   2.53  57787.301   75.2  3.947e+00 
 141860  0.889   2  2017   34   3.26  57787.331   75.2  6.104e+00 
 141861  0.889   2  2017   34   3.76  57787.352   75.2  7.731e+00 
 142001  0.911   2  2017   37   1.83  57790.272   74.2  2.971e+00 
 142002  0.667   1  2017   37   2.29  57790.291   74.2  3.569e+00 
 142518  0.833   5  2017   47  20.26  57801.040   75.3  8.809e+00 
 142519  0.667   4  2017   47  20.68  57801.057   75.3  6.866e+00 
 142520  0.833   5  2017   47  21.23  57801.080   75.3  5.422e+00 
 142521  1.000   6  2017   47  21.76  57801.102   75.3  4.890e+00 
 142522  0.500   3  2017   47  22.17  57801.120   75.3  4.250e+00 
 142669  0.839   5  2017   50  23.77  57804.186   75.8  1.863e+00 
 142670  0.664   4  2017   51   0.28  57804.207   75.8  2.014e+00 
 142671  0.839   5  2017   51   0.78  57804.228   75.8  1.670e+00 
 142672  0.664   4  2017   51   1.27  57804.249   75.8  2.007e+00 
 142673  0.664   4  2017   51   1.71  57804.267   75.8  2.101e+00 
 142674  0.822   5  2017   51   2.22  57804.288   75.8  2.595e+00 
 142675  0.822   5  2017   51   2.76  57804.311   75.8  2.831e+00 
 142676  0.490   3  2017   51   3.27  57804.332   75.8  3.557e+00 
 142677  0.507   3  2017   51   3.75  57804.352   75.8  4.907e+00 
 142710  0.846   1  2017   51  20.23  57805.039   75.8  1.141e+01 
 142711  0.846   1  2017   51  20.68  57805.057   75.8  1.048e+01 
 142712  0.846   1  2017   51  21.13  57805.076   75.8  9.799e+00 
 142725  1.333   2  2017   52   3.74  57805.351   75.8  4.719e+00 
 142902  1.691   2  2017   55  20.24  57809.039   75.7  1.110e+01 
 142903  0.846   1  2017   55  20.92  57809.067   75.7  1.005e+01 
 142910  0.372   1  2017   56   0.43  57809.213   75.7  3.618e+00 
 142911  0.744   2  2017   56   0.75  57809.227   75.6  3.295e+00 
 142912  0.372   1  2017   56   1.07  57809.240   75.6  3.494e+00 
 142917  0.667   1  2017   56   3.66  57809.348   75.6  4.352e+00 
 142918  0.667   1  2017   56   4.01  57809.363   75.6  5.691e+00 
 143002  0.488   3  2017   57  22.36  57811.127   75.3  2.384e+00 
 143003  0.814   5  2017   57  22.73  57811.143   75.3  1.976e+00 
 143004  0.488   3  2017   57  23.36  57811.169   75.3  1.966e+00 
 143005  0.814   5  2017   57  23.73  57811.184   75.3  1.881e+00 
 143006  0.814   5  2017   58   0.28  57811.207   75.3  1.582e+00 
 143007  0.488   3  2017   58   0.65  57811.223   75.3  1.686e+00 
 143008  1.133   3  2017   58   1.24  57811.247   75.3  1.858e+00 
 143009  0.378   1  2017   58   1.68  57811.265   75.3  2.229e+00 
 143010  0.756   2  2017   58   2.27  57811.290   75.3  2.426e+00 
 143011  0.756   2  2017   58   2.71  57811.309   75.3  2.834e+00 
 143108  1.333   2  2017   60   3.27  57813.332   75.0  3.231e+00 
 143110  1.297   2  2017   60   4.19  57813.370   75.0  8.367e+00 
 143240  0.967   3  2017   62  21.30  57816.083   74.7  2.703e+00 
 143241  0.644   2  2017   62  21.83  57816.105   74.7  2.573e+00 
 143242  0.644   2  2017   62  22.18  57816.120   74.7  2.659e+00 
 143243  0.644   2  2017   62  22.81  57816.146   74.7  2.316e+00 
 143244  0.644   2  2017   62  23.16  57816.161   74.7  2.127e+00 
 143245  0.967   3  2017   62  23.69  57816.183   74.7  2.148e+00 
 143248  0.378   1  2017   63   1.34  57816.251   74.6  2.105e+00 
 143249  1.133   3  2017   63   1.78  57816.270   74.6  1.972e+00 
 143291  0.967   3  2017   63  22.67  57817.140   74.5  1.738e+00 
 143292  0.967   3  2017   63  23.30  57817.166   74.5  1.957e+00 
 143294  0.617   2  2017   64   0.29  57817.208   74.4  1.715e+00 
 143295  0.925   3  2017   64   0.73  57817.226   74.4  1.650e+00 
 143296  0.925   3  2017   64   1.32  57817.251   74.4  1.718e+00 
 143297  0.617   2  2017   64   1.77  57817.269   74.4  1.933e+00 
 143298  0.925   3  2017   64   2.27  57817.290   74.4  2.199e+00 
 143299  0.617   2  2017   64   2.72  57817.309   74.4  2.465e+00 
 143302  0.483   3  2017   64   4.36  57817.377   74.4  1.161e+01 
 143342  0.644   2  2017   65   0.38  57818.212   74.2  1.670e+00 
 143343  0.644   2  2017   65   0.73  57818.226   74.2  1.661e+00 
 143346  0.378   1  2017   65   2.42  57818.296   74.1  2.143e+00 
 143347  0.756   2  2017   65   2.75  57818.310   74.1  2.151e+00 
 143348  0.378   1  2017   65   3.08  57818.324   74.1  2.426e+00 
 143349  0.963   2  2017   65   3.75  57818.352   74.1  5.425e+00 
 143393  0.644   4  2017   66   1.77  57819.269   73.8  2.365e+00 
 143394  0.967   6  2017   66   2.23  57819.289   73.8  2.769e+00 
 143395  0.483   3  2017   66   2.71  57819.309   73.8  3.468e+00 
 143396  0.666   5  2017   66   3.20  57819.329   73.8  4.742e+00 
 143397  0.364   4  2017   66   3.59  57819.345   73.8  5.836e+00 
 144056  0.977   6  2017   79  21.24  57833.081   76.4  2.666e+00 
 144058  0.488   3  2017   79  22.38  57833.128   76.4  1.745e+00 
 144059  0.814   5  2017   79  22.75  57833.143   76.4  1.693e+00 
 144060  0.651   4  2017   79  23.28  57833.166   76.5  1.531e+00 
 144061  0.651   4  2017   79  23.66  57833.181   76.5  1.446e+00 
 144062  0.967   3  2017   80   0.29  57833.208   76.5  9.249e-01 
 144103  0.977   6  2017   80  20.75  57834.060   77.6  3.978e+00 
 144105  0.977   6  2017   80  21.74  57834.101   77.6  2.648e+00 
 144116  0.368   1  2017   81   3.45  57834.339   77.8  3.857e+00 
 144117  0.736   2  2017   81   3.77  57834.353   77.9  4.673e+00 
 144118  0.368   1  2017   81   4.10  57834.366   77.9  5.387e+00 
 144149  0.683   6  2017   81  19.78  57835.020   78.4  7.452e+00 
 144150  0.683   6  2017   81  20.22  57835.038   78.4  6.053e+00 
 144151  0.569   5  2017   81  20.80  57835.062   78.4  4.761e+00 
 144152  0.797   7  2017   81  21.24  57835.081   78.4  3.763e+00 
 144153  0.342   3  2017   81  21.86  57835.106   78.4  3.441e+00 
 144154  0.797   7  2017   81  22.23  57835.122   78.4  3.038e+00 
 144158  0.661   2  2017   82   0.26  57835.206   78.5  2.716e+00 
 144160  0.967   3  2017   82   1.19  57835.245   78.5  1.912e+00 
 144163  0.513   3  2017   82   2.64  57835.306   78.5  2.828e+00 
 144197  0.569   5  2017   82  19.79  57836.020   78.9  7.222e+00 
 144198  0.797   7  2017   82  20.23  57836.039   78.9  5.959e+00 
 144199  0.569   5  2017   82  20.82  57836.063   78.9  5.047e+00 
 144200  0.797   7  2017   82  21.26  57836.082   78.9  3.944e+00 
 144202  0.797   7  2017   82  22.24  57836.122   78.9  3.328e+00 
 144203  0.342   3  2017   82  22.61  57836.138   78.9  3.090e+00 
 144255  0.967   3  2017   84   0.81  57837.229   79.1  1.590e+00 
 144293  0.967   3  2017   84  19.82  57838.021   79.3  5.817e+00 
 144295  0.967   3  2017   84  20.77  57838.061   79.3  3.407e+00 
 144296  0.644   2  2017   84  21.27  57838.082   79.3  2.653e+00 
 144297  0.967   3  2017   84  21.78  57838.103   79.3  2.346e+00 
 144299  0.967   3  2017   84  22.77  57838.145   79.3  1.898e+00 
 144305  0.492   2  2017   85   1.79  57838.270   79.3  1.859e+00 
 144306  0.984   4  2017   85   2.21  57838.288   79.3  2.074e+00 
 144307  0.492   2  2017   85   2.89  57838.316   79.3  2.913e+00 
 144308  0.738   3  2017   85   3.24  57838.331   79.3  3.565e+00 
 144309  0.913   2  2017   85   3.82  57838.355   79.3  6.037e+00 
 144310  0.667   1  2017   85   4.28  57838.374   79.3  8.060e+00 
 144341  0.967   3  2017   85  19.80  57839.021   79.4  6.012e+00 
 144343  0.967   3  2017   85  20.76  57839.061   79.4  3.601e+00 
 144345  0.967   3  2017   85  21.71  57839.100   79.4  2.291e+00 
 144347  0.967   3  2017   85  22.68  57839.141   79.4  1.801e+00 
 144348  0.963   2  2017   85  23.32  57839.167   79.4  1.411e+00 
 144389  0.967   3  2017   86  19.79  57840.020   79.6  8.309e+00 
 144391  0.967   3  2017   86  20.71  57840.059   79.6  4.937e+00 
 144392  0.644   2  2017   86  21.28  57840.082   79.6  3.980e+00 
 144393  0.644   2  2017   86  21.63  57840.097   79.6  3.397e+00 
 144394  0.967   3  2017   86  22.30  57840.125   79.6  2.844e+00 
 144395  0.644   2  2017   86  22.80  57840.146   79.6  2.780e+00 
 144396  0.967   3  2017   86  23.31  57840.167   79.6  2.437e+00 
 144437  0.967   3  2017   87  19.77  57841.019   79.8  8.181e+00 
 144439  0.967   3  2017   87  20.78  57841.061   79.8  4.833e+00 
 144490  0.967   3  2017   88  22.28  57842.124   80.0  2.111e+00 
 144492  0.967   3  2017   88  23.27  57842.165   80.0  1.919e+00 
 144532  0.342   3  2017   89  19.37  57843.002   80.1  8.477e+00 
 144533  0.797   7  2017   89  19.73  57843.018   80.1  7.218e+00 
 144534  0.342   3  2017   89  20.20  57843.037   80.1  5.634e+00 
 144535  0.797   7  2017   89  20.76  57843.061   80.1  4.692e+00 
 144536  0.456   4  2017   89  21.16  57843.077   80.1  3.890e+00 
 144537  0.967   3  2017   89  21.77  57843.103   80.1  2.689e+00 
 144539  0.733   6  2017   89  22.75  57843.143   80.1  1.279e+00 
 144540  0.733   6  2017   89  23.21  57843.163   80.1  1.138e+00 
 144687  0.653   5  2017   93   0.71  57846.225   80.5  1.133e+00 
 144688  0.914   7  2017   93   1.26  57846.248   80.5  1.287e+00 
 144785  0.644   1  2017   95   1.83  57848.272   81.0  3.130e+00 
 144786  0.644   1  2017   95   2.18  57848.286   81.0  2.973e+00 
 144787  0.339   1  2017   95   2.89  57848.316   81.0  3.867e+00 
 144788  1.017   3  2017   95   3.26  57848.332   81.0  4.454e+00 
 144834  0.333   2  2017   96   2.15  57849.285   81.5  1.971e+00 
 144835  1.018   2  2017   96   2.77  57849.311   81.5  2.049e+00 
 144836  0.644   1  2017   96   3.48  57849.341   81.5  4.948e+00 
 144837  0.644   1  2017   96   3.83  57849.355   81.5  5.793e+00 
 144885  0.667   1  2017   97   3.67  57850.349   81.8  5.162e+00 
 144886  0.667   1  2017   97   4.02  57850.363   81.8  6.136e+00 
 145204  0.778   1  2017  103  19.31  57857.000   82.3  7.487e+00 
 145301  0.333   2  2017  105  19.61  57859.013   80.9  8.748e+00 
 145302  0.833   5  2017  105  20.26  57859.040   80.9  6.674e+00 
 145303  0.667   4  2017  105  20.70  57859.058   80.9  5.705e+00 
 145348  0.833   5  2017  106  19.22  57859.996   79.7  9.044e+00 
 145349  0.833   5  2017  106  19.74  57860.018   79.7  7.543e+00 
 145350  0.833   5  2017  106  20.26  57860.040   79.7  5.969e+00 
 145351  0.723   4  2017  106  20.79  57860.062   79.7  4.214e+00 
 145352  0.742   4  2017  106  21.24  57860.080   79.6  3.359e+00 
 145353  0.371   2  2017  106  21.57  57860.094   79.6  3.093e+00 
 146884  0.925   3  2017  138  19.20  57891.995   75.0  7.186e+00 
 146885  0.617   2  2017  138  19.64  57892.014   75.0  6.017e+00 
 146886  0.925   3  2017  138  20.21  57892.037   75.0  4.303e+00 
 146887  0.617   2  2017  138  20.65  57892.056   75.0  3.709e+00 
 146888  0.925   3  2017  138  21.20  57892.079   75.0  3.056e+00 
 146889  0.617   2  2017  138  21.65  57892.098   75.0  2.609e+00 
 146982  1.111   1  2017  140  20.47  57894.048   75.4  4.439e+00 
 146984  1.111   1  2017  140  21.07  57894.074   75.4  3.590e+00 
 146985  1.111   1  2017  140  21.70  57894.100   75.4  3.092e+00 
 146986  1.111   1  2017  140  22.40  57894.129   75.4  2.594e+00 
 146990  0.392   3  2017  141   0.38  57894.211   75.4  1.697e+00 
 146991  0.914   7  2017  141   0.76  57894.227   75.5  1.881e+00 
 147123  0.667   2  2017  143  18.77  57896.977   76.4  1.077e+01 
 147131  0.333   1  2017  143  22.83  57897.147   76.4  4.571e+00 
 147132  0.667   2  2017  143  23.15  57897.160   76.4  4.192e+00 
 147273  0.667   2  2017  146  21.62  57900.096   77.2  4.828e+00 
 147276  0.333   1  2017  146  23.32  57900.167   77.2  4.302e+00 
 147277  1.000   3  2017  146  23.75  57900.185   77.2  3.706e+00 
 147326  0.392   3  2017  148   0.37  57901.211   77.3  3.014e+00 
 147327  0.914   7  2017  148   0.75  57901.227   77.3  3.230e+00 
 147328  0.522   4  2017  148   1.16  57901.244   77.3  3.256e+00 
 147368  1.111   1  2017  148  21.01  57902.071   77.5  4.025e+00 
 147369  1.111   1  2017  148  21.61  57902.096   77.5  3.310e+00 
 147370  0.817   1  2017  148  22.23  57902.122   77.5  2.900e+00 
 147371  0.333   1  2017  148  22.96  57902.152   77.5  4.412e+00 
 147372  0.667   2  2017  148  23.28  57902.166   77.5  4.118e+00 
 147373  0.333   1  2017  148  23.60  57902.179   77.5  4.198e+00 
 147416  1.372   2  2017  149  21.21  57903.079   77.6  3.288e+00 
 147419  0.667   2  2017  149  22.84  57903.147   77.6  3.840e+00 
 147420  0.667   2  2017  149  23.26  57903.165   77.6  3.922e+00 
 147425  0.667   1  2017  150   1.69  57903.266   77.7  2.293e+00 
 147426  0.667   1  2017  150   2.04  57903.281   77.7  2.520e+00 
 147427  0.667   1  2017  150   2.69  57903.308   77.7  2.911e+00 
 147428  0.667   1  2017  150   3.03  57903.322   77.7  3.161e+00 
 147429  1.333   2  2017  150   3.71  57903.350   77.7  4.516e+00 
 147466  1.278   1  2017  150  22.28  57904.124   77.8  2.232e+00 
 147468  1.278   1  2017  150  23.14  57904.160   77.8  2.394e+00 
 147469  0.972   1  2017  150  23.75  57904.185   77.8  2.654e+00 
 148233  1.572   1  2017  166  21.61  57920.096   77.2  4.196e+00 
 148372  1.572   1  2017  169  19.12  57922.992   76.5  1.015e+01 
 148374  1.500   1  2017  169  20.14  57923.035   76.5  6.759e+00 
 148378  0.667   1  2017  169  22.29  57923.124   76.5  3.117e+00 
 148379  0.667   1  2017  169  22.63  57923.139   76.5  3.104e+00 
 148383  0.783   6  2017  170   0.74  57923.226   76.4  2.520e+00 
 148384  0.914   7  2017  170   1.23  57923.247   76.4  2.894e+00 
 148438  0.667   1  2017  171   4.41  57924.379   76.2  1.181e+01 
 148469  1.035   1  2017  171  19.84  57925.022   76.1  6.693e+00 
 148473  0.350   1  2017  171  21.88  57925.107   76.1  3.564e+00 
 148474  0.350   1  2017  171  22.08  57925.116   76.1  3.723e+00 
 148533  0.462   1  2017  173   3.88  57926.357   76.0  4.878e+00 
 148534  0.462   1  2017  173   4.16  57926.369   76.0  5.097e+00 
 148564  0.673   1  2017  173  19.10  57926.991   76.0  7.938e+00 
 148575  0.346   1  2017  174   0.92  57927.234   76.0  4.152e+00 
 148576  1.037   3  2017  174   1.29  57927.249   76.0  3.713e+00 
 148579  1.682   1  2017  174   2.83  57927.313   76.0  4.332e+00 
 148581  0.462   1  2017  174   3.76  57927.352   76.0  4.085e+00 
 148582  0.923   2  2017  174   4.18  57927.370   76.0  4.931e+00 
 148583  0.462   1  2017  174   4.59  57927.387   76.0  6.250e+00 
 148617  1.037   3  2017  174  21.75  57928.102   76.1  4.496e+00 
 148618  0.346   1  2017  174  22.12  57928.117   76.1  4.192e+00 
 148619  1.037   3  2017  174  22.76  57928.144   76.1  3.885e+00 
 148620  0.691   2  2017  174  23.28  57928.166   76.1  4.019e+00 
 148621  1.037   3  2017  174  23.81  57928.187   76.1  3.818e+00 
 148622  0.691   2  2017  175   0.41  57928.213   76.1  3.864e+00 
 148623  0.691   2  2017  175   0.77  57928.228   76.1  3.655e+00 
 148852  0.667   1  2017  179  19.33  57933.001   78.8  6.548e+00 
 148853  0.667   1  2017  179  19.68  57933.016   78.9  5.552e+00 
 148854  0.600   4  2017  179  20.32  57933.042   78.9  4.442e+00 
 148855  0.900   6  2017  179  20.75  57933.060   78.9  3.463e+00 
 148856  0.450   3  2017  179  21.40  57933.087   78.9  2.930e+00 
 148857  0.750   5  2017  179  21.75  57933.102   78.9  2.667e+00 
 148864  0.458   4  2017  180   1.27  57933.248   79.0  1.720e+00 
 148865  0.458   4  2017  180   1.69  57933.266   79.0  1.991e+00 
 148867  0.572   5  2017  180   2.76  57933.311   79.0  3.369e+00 
 148869  0.673   1  2017  180   3.69  57933.349   79.0  4.989e+00 
 148870  0.673   1  2017  180   4.04  57933.364   79.0  5.416e+00 
 148871  0.673   1  2017  180   4.71  57933.392   79.0  7.772e+00 
 148872  0.673   1  2017  180   5.06  57933.407   79.0  9.261e+00 
 148920  1.035   1  2017  181   5.14  57934.410   79.7  1.040e+01 
 148964  0.722   2  2017  182   3.17  57935.328   80.3  3.458e+00 
 148965  1.083   3  2017  182   3.75  57935.352   80.4  4.488e+00 
 148966  0.361   1  2017  182   4.21  57935.371   80.4  5.509e+00 
 148967  0.673   1  2017  182   4.82  57935.396   80.4  8.515e+00 
 149008  0.346   1  2017  183   1.36  57936.252   81.0  1.831e+00 
 149009  1.037   3  2017  183   1.73  57936.268   81.0  2.143e+00 
 149010  0.462   1  2017  183   2.47  57936.299   81.0  2.870e+00 
 149011  0.462   1  2017  183   2.75  57936.310   81.0  2.891e+00 
 149012  0.923   2  2017  183   3.17  57936.328   81.0  3.346e+00 
 149013  0.673   1  2017  183   3.79  57936.354   81.0  4.689e+00 
 149014  0.673   1  2017  183   4.14  57936.368   81.1  5.620e+00 
 149572  1.333   2  2017  194  19.32  57948.001   81.4  1.445e+01 
 149671  1.868   1  2017  196  20.60  57950.054   81.2  5.528e+00 
 149765  0.359   1  2017  198  19.64  57952.014   81.1  8.732e+00 
 149766  0.359   1  2017  198  20.03  57952.030   81.1  7.774e+00 
 149861  1.035   1  2017  200  19.57  57954.011   81.1  7.867e+00 
 149863  1.868   1  2017  200  20.57  57954.053   81.1  4.708e+00 
 149865  1.868   1  2017  200  21.83  57954.105   81.1  3.629e+00 
 149872  0.967   1  2017  201   1.14  57954.243   81.1  1.910e+00 
 149873  0.967   1  2017  201   1.67  57954.265   81.1  2.128e+00 
 149874  0.967   1  2017  201   2.45  57954.298   81.1  2.621e+00 
 149875  0.967   1  2017  201   2.99  57954.320   81.1  2.952e+00 
 149877  1.535   1  2017  201   3.78  57954.353   81.1  3.612e+00 
 149879  1.535   1  2017  201   4.92  57954.400   81.1  6.686e+00 
 149927  1.035   1  2017  202   4.51  57955.383   81.0  6.727e+00 
 149957  1.035   1  2017  202  19.86  57956.023   80.8  7.336e+00 
 149959  1.333   2  2017  202  20.82  57956.063   80.8  4.751e+00 
 149972  1.535   1  2017  203   3.05  57956.323   80.6  4.787e+00 
 149974  0.572   5  2017  203   4.21  57956.371   80.6  7.188e+00 
 150019  0.673   1  2017  204   2.86  57957.315   80.1  2.743e+00 
 150020  0.673   1  2017  204   3.21  57957.329   80.1  3.101e+00 
 150021  0.673   1  2017  204   3.92  57957.359   80.0  3.942e+00 
 150022  0.673   1  2017  204   4.27  57957.374   80.0  4.736e+00 
 150100  0.492   2  2017  205  19.30  57959.000   78.8  8.604e+00 
 150101  0.984   4  2017  205  19.73  57959.018   78.8  7.656e+00 
 150103  0.738   3  2017  205  20.75  57959.060   78.7  5.902e+00 
 150105  0.492   2  2017  205  21.58  57959.095   78.7  5.211e+00 
 150106  0.433   2  2017  205  22.24  57959.122   78.7  1.065e+01 
 150108  0.867   4  2017  205  23.22  57959.163   78.7  8.120e+00 
 150111  0.900   6  2017  206   0.73  57959.226   78.6  2.032e+00 
 150112  0.600   4  2017  206   1.17  57959.244   78.6  2.043e+00 
 150196  0.738   3  2017  207  19.30  57961.000   77.3  8.434e+00 
 150197  0.738   3  2017  207  19.73  57961.018   77.3  7.313e+00 
 150198  0.600   4  2017  207  20.34  57961.043   77.3  6.372e+00 
 150199  0.900   6  2017  207  20.77  57961.061   77.2  5.767e+00 
 150200  0.433   2  2017  207  21.41  57961.088   77.2  9.306e+00 
 150201  0.433   2  2017  207  21.66  57961.098   77.2  9.437e+00 
 150213  0.500   3  2017  208   3.77  57961.353   77.0  4.343e+00 
 150214  0.650   4  2017  208   4.27  57961.373   77.0  6.501e+00 
 150215  0.541   3  2017  208   4.83  57961.397   77.0  7.353e+00 
 150216  0.380   2  2017  208   5.16  57961.411   77.0  8.642e+00 
 150260  0.667   1  2017  209   3.26  57962.332   76.2  5.199e+00 
 150261  0.667   1  2017  209   3.63  57962.347   76.2  5.748e+00 
 150262  1.333   2  2017  209   4.32  57962.375   76.1  7.713e+00 
 150297  1.444   2  2017  209  21.77  57963.103   75.5  3.281e+00 
 150312  0.644   4  2017  210   5.18  57963.412   75.2  9.158e+00 
 150358  0.572   5  2017  211   4.25  57964.373   74.5  6.829e+00 
 150403  0.747   1  2017  212   2.80  57965.312   73.9  2.443e+00 
 150404  0.747   1  2017  212   3.20  57965.329   73.9  2.958e+00 
 150405  0.343   3  2017  212   3.89  57965.358   73.9  5.593e+00 
 150406  0.458   4  2017  212   4.26  57965.373   73.9  6.053e+00 
 150450  1.132   3  2017  213   2.26  57966.290   73.5  2.253e+00 
 150451  0.377   1  2017  213   2.66  57966.307   73.5  2.610e+00 
 150453  0.778   1  2017  213   3.81  57966.354   73.4  4.143e+00 
 150454  0.778   1  2017  213   4.23  57966.372   73.4  5.079e+00 
 150455  0.350   1  2017  213   4.85  57966.398   73.4  1.408e+01 
 150648  0.600   4  2017  217   5.20  57970.412   74.1  7.949e+00 
 151218  0.603   1  2017  229   2.29  57982.291   79.5  2.494e+00 
 151219  0.603   1  2017  229   2.63  57982.305   79.5  2.797e+00 
 151220  1.206   2  2017  229   3.17  57982.328   79.5  3.534e+00 
 151222  1.132   3  2017  229   4.27  57982.374   79.5  4.524e+00 
 151261  0.778   1  2017  229  23.84  57983.189   79.9  1.328e+00 
 151262  0.778   1  2017  230   0.26  57983.206   79.9  1.360e+00 
 151264  1.551   2  2017  230   1.22  57983.246   80.0  1.667e+00 
 151266  0.776   1  2017  230   2.23  57983.289   80.0  2.242e+00 
 151267  0.776   1  2017  230   2.66  57983.307   80.0  2.486e+00 
 151303  0.722   1  2017  230  20.72  57984.059   80.5  7.160e+00 
 151304  0.722   1  2017  230  21.10  57984.075   80.5  6.533e+00 
 151312  0.776   1  2017  231   1.39  57984.254   80.6  1.940e+00 
 151313  0.776   1  2017  231   1.82  57984.272   80.6  1.817e+00 
 151315  0.776   1  2017  231   2.59  57984.304   80.7  2.488e+00 
 151316  0.776   1  2017  231   3.03  57984.322   80.7  2.813e+00 
 151317  0.776   1  2017  231   3.66  57984.348   80.7  3.847e+00 
 151318  0.776   1  2017  231   4.10  57984.366   80.7  4.710e+00 
 151364  0.589   2  2017  232   3.31  57985.334   81.5  3.492e+00 
 151365  0.350   1  2017  232   3.96  57985.360   81.6  8.344e+00 
 151366  0.350   1  2017  232   4.16  57985.369   81.6  8.503e+00 
 151455  0.923   2  2017  234   0.78  57987.228   85.4  1.963e+00 
 151456  0.923   2  2017  234   1.33  57987.251   85.5  2.008e+00 
 151458  0.923   2  2017  234   2.24  57987.289   85.7  2.416e+00 
 151459  0.923   2  2017  234   2.80  57987.312   85.8  2.985e+00 
 151461  0.922   2  2017  234   3.82  57987.355   85.9  7.380e+00 
 151462  0.922   2  2017  234   4.33  57987.376   86.0  8.838e+00 
 151499  0.755   2  2017  234  22.70  57988.141   88.5  1.956e+00 
 151500  0.755   2  2017  234  23.10  57988.158   88.5  1.921e+00 
 151501  0.755   2  2017  234  23.83  57988.188   88.6  1.744e+00 
 151502  0.755   2  2017  235   0.23  57988.205   88.6  1.867e+00 
 151503  0.755   2  2017  235   0.86  57988.231   88.7  1.979e+00 
 151504  0.755   2  2017  235   1.26  57988.248   88.7  1.979e+00 
 151505  0.377   1  2017  235   1.93  57988.276   88.7  2.360e+00 
 151506  0.755   2  2017  235   2.23  57988.288   88.8  2.520e+00 
 151507  0.377   1  2017  235   2.53  57988.301   88.8  2.901e+00 
 151508  1.535   1  2017  235   3.21  57988.329   88.8  4.651e+00 
 151644  1.132   3  2017  237  23.27  57991.165   94.8  1.923e+00 
 151645  0.377   1  2017  237  23.68  57991.182   94.8  1.872e+00 
 151646  0.755   2  2017  238   0.35  57991.210   94.9  1.943e+00 
 151647  0.755   2  2017  238   0.75  57991.227   94.9  1.930e+00 
 151648  0.776   1  2017  238   1.35  57991.252   94.9  2.017e+00 
 151649  0.776   1  2017  238   1.78  57991.270   95.0  2.081e+00 
 151690  0.755   2  2017  238  22.23  57992.122   96.3  1.859e+00 
 151691  0.377   1  2017  238  22.54  57992.135   96.4  1.952e+00 
 151692  1.132   3  2017  238  23.23  57992.164   96.4  1.931e+00 
 151693  0.377   1  2017  238  23.64  57992.180   96.4  1.738e+00 
 151694  0.755   2  2017  239   0.27  57992.207   96.5  1.806e+00 
 151695  0.755   2  2017  239   0.67  57992.224   96.5  1.823e+00 
 151696  0.755   2  2017  239   1.21  57992.246   96.5  2.085e+00 
 151697  0.755   2  2017  239   1.61  57992.263   96.5  2.111e+00 
 151840  0.519   3  2017  242   1.26  57995.248   98.5  2.405e+00 
 151841  0.742   4  2017  242   1.74  57995.268   98.5  3.036e+00 
 151842  0.742   4  2017  242   2.18  57995.286   98.5  3.235e+00 
 151843  0.371   2  2017  242   2.86  57995.315   98.5  6.937e+00 
 151844  0.742   4  2017  242   3.26  57995.332   98.5  5.285e+00 
 151845  0.742   4  2017  242   3.77  57995.353   98.5  3.793e+00 
 151846  0.557   3  2017  242   4.15  57995.369   98.5  4.898e+00 
 151890  0.560   3  2017  243   2.24  57996.289   98.4  2.328e+00 
 151891  0.778   4  2017  243   2.78  57996.311   98.4  3.637e+00 
 151892  0.778   4  2017  243   3.25  57996.331   98.4  5.847e+00 
 151893  0.778   4  2017  243   3.77  57996.353   98.4  1.106e+01 
 151894  0.583   3  2017  243   4.16  57996.369   98.4  1.248e+01 
 151939  0.455   1  2017  244   2.79  57997.312   98.2  3.207e+00 
 151940  0.910   2  2017  244   3.17  57997.328   98.2  4.056e+00 
 151941  0.910   2  2017  244   3.72  57997.351   98.2  4.857e+00 
 151942  0.910   2  2017  244   4.24  57997.372   98.2  6.443e+00 
 151943  0.910   2  2017  244   4.78  57997.395   98.2  8.646e+00 
 151989  0.910   2  2017  245   3.73  57998.351   97.8  5.027e+00 
 151990  0.910   2  2017  245   4.26  57998.373   97.8  6.821e+00 
 151991  0.910   2  2017  245   4.79  57998.395   97.8  9.074e+00 
 152452  0.516   1  2017  254  19.42  58008.005   94.7  5.808e+00 
 152453  1.031   2  2017  254  19.83  58008.022   94.7  4.557e+00 
 152454  0.516   1  2017  254  20.24  58008.039   94.7  3.619e+00 
 152455  1.031   2  2017  254  20.82  58008.063   94.7  3.368e+00 
 152456  0.516   1  2017  254  21.23  58008.080   94.7  2.852e+00 
 152457  1.031   2  2017  254  21.75  58008.102   94.7  3.340e+00 
 152458  0.516   1  2017  254  22.27  58008.124   94.7  3.841e+00 
 152459  1.031   2  2017  254  22.69  58008.141   94.7  3.580e+00 
 152460  0.516   1  2017  254  23.32  58008.167   94.7  3.472e+00 
 152461  0.516   1  2017  254  23.60  58008.179   94.7  2.714e+00 
 152501  1.031   2  2017  255  19.67  58009.015   94.9  1.032e+01 
 152502  1.031   2  2017  255  20.22  58009.038   94.9  8.879e+00 
 152503  0.516   1  2017  255  20.99  58009.070   94.9  4.473e+00 
 152504  0.516   1  2017  255  21.26  58009.082   94.9  3.906e+00 
 152505  0.516   1  2017  255  21.54  58009.093   94.9  3.861e+00 
 152506  1.031   2  2017  255  22.24  58009.122   94.9  4.752e+00 
 152507  1.031   2  2017  255  22.80  58009.145   94.9  4.262e+00 
 152510  0.516   1  2017  256   0.34  58009.210   94.9  3.629e+00 
 152511  1.031   2  2017  256   0.75  58009.227   94.9  3.263e+00 
 152512  0.516   1  2017  256   1.17  58009.244   94.9  3.306e+00 
 152513  0.516   1  2017  256   1.98  58009.278   94.9  3.573e+00 
 152514  0.516   1  2017  256   2.25  58009.289   94.9  3.724e+00 
 152515  0.516   1  2017  256   2.53  58009.301   94.9  3.886e+00 
 152516  1.031   2  2017  256   3.16  58009.327   94.9  5.011e+00 
 152517  1.031   2  2017  256   3.72  58009.350   94.9  5.963e+00 
 152549  0.516   1  2017  256  19.88  58010.024   94.9  8.815e+00 
 152550  1.031   2  2017  256  20.29  58010.041   94.9  7.638e+00 
 152551  0.516   1  2017  256  20.71  58010.058   94.9  6.972e+00 
 152552  0.516   1  2017  256  21.24  58010.080   94.9  4.659e+00 
 152553  1.031   2  2017  256  21.65  58010.098   94.9  4.439e+00 
 152554  0.516   1  2017  256  22.06  58010.115   94.9  3.807e+00 
 152555  1.031   2  2017  256  22.65  58010.139   94.9  3.479e+00 
 152556  1.031   2  2017  256  23.20  58010.162   94.9  3.406e+00 
 152559  0.516   1  2017  257   0.92  58010.234   94.9  3.492e+00 
 152560  0.516   1  2017  257   1.20  58010.246   94.9  3.412e+00 
 152658  0.778   4  2017  259   2.28  58012.291   94.5  3.138e+00 
 152659  0.778   4  2017  259   2.73  58012.309   94.5  3.543e+00 
 152697  0.383   1  2017  259  21.78  58013.103   94.0  7.407e+00 
 152698  1.150   3  2017  259  22.23  58013.122   93.9  6.667e+00 
 152795  0.667   1  2017  261  22.97  58015.153   89.0  4.151e+00 
 152796  0.667   1  2017  261  23.32  58015.167   88.9  4.059e+00 
 152798  0.992   1  2017  262   0.29  58015.208   88.9  1.712e+00 
 152799  0.992   1  2017  262   0.84  58015.230   88.9  1.832e+00 
 152801  1.037   3  2017  262   1.80  58015.271   88.8  1.905e+00 
 152802  0.346   1  2017  262   2.17  58015.286   88.8  2.083e+00 
 152803  0.525   1  2017  262   2.96  58015.319   88.7  8.607e+00 
 152804  0.525   1  2017  262   3.24  58015.331   88.7  9.062e+00 
 152805  1.050   2  2017  262   3.66  58015.348   88.7  1.012e+01 
 152937  0.346   1  2017  264  21.89  58018.107   84.3  1.882e+00 
 152938  1.037   3  2017  264  22.25  58018.123   84.3  1.913e+00 
 152940  0.992   1  2017  264  23.08  58018.157   84.2  1.893e+00 
 152941  0.992   1  2017  264  23.63  58018.180   84.2  1.710e+00 
 152942  0.346   1  2017  265   0.45  58018.214   84.2  2.098e+00 
 152943  1.037   3  2017  265   0.82  58018.230   84.1  1.993e+00 
 152944  0.691   2  2017  265   1.39  58018.254   84.1  2.341e+00 
 152945  0.691   2  2017  265   1.76  58018.269   84.1  2.241e+00 
 152946  0.346   1  2017  265   2.34  58018.293   84.1  2.744e+00 
 152947  1.037   3  2017  265   2.71  58018.308   84.0  3.493e+00 
 152985  0.992   1  2017  265  21.71  58019.100   83.1  2.484e+00 
 152986  0.992   1  2017  265  22.26  58019.123   83.1  2.126e+00 
 152988  1.289   2  2017  265  23.18  58019.162   83.1  1.087e+00 
 152998  0.667   1  2017  266   4.20  58019.370   82.9  7.701e+00 
 153041  1.037   3  2017  267   1.74  58020.268   82.1  2.839e+00 
 153042  0.346   1  2017  267   2.10  58020.283   82.1  3.090e+00 
 153043  1.050   2  2017  267   2.71  58020.308   82.1  8.437e+00 
 153044  1.050   2  2017  267   3.27  58020.332   82.1  9.479e+00 
 153087  0.691   2  2017  268   0.88  58021.232   81.6  2.492e+00 
 153088  0.691   2  2017  268   1.25  58021.247   81.6  2.729e+00 
 153089  0.461   1  2017  268   1.86  58021.273   81.6  3.912e+00 
 153090  0.922   2  2017  268   2.24  58021.289   81.6  4.326e+00 
 153091  0.461   1  2017  268   2.63  58021.305   81.6  4.942e+00 
 153138  0.922   2  2017  269   2.18  58022.286   81.4  4.172e+00 
 153139  0.922   2  2017  269   2.70  58022.308   81.4  4.698e+00 
 153140  0.461   1  2017  269   3.32  58022.334   81.4  6.202e+00 
 153141  0.922   2  2017  269   3.71  58022.350   81.4  7.019e+00 
 153142  0.461   1  2017  269   4.09  58022.366   81.4  8.217e+00 
 153181  0.702   1  2017  269  23.65  58023.181   81.3  1.781e+00 
 153182  1.403   2  2017  270   0.22  58023.205   81.2  2.128e+00 
 153184  1.035   1  2017  270   1.02  58023.238   81.2  2.080e+00 
 153185  1.035   1  2017  270   1.56  58023.261   81.2  2.249e+00 
 153186  1.035   1  2017  270   2.11  58023.283   81.2  2.577e+00 
 153187  1.000   1  2017  270   2.87  58023.315   81.2  5.317e+00 
 153188  1.000   1  2017  270   3.41  58023.338   81.2  6.500e+00 
 153189  1.000   1  2017  270   3.96  58023.361   81.2  8.223e+00 
 153230  1.036   1  2017  271   0.27  58024.207   81.0  1.952e+00 
 153231  1.036   1  2017  271   0.93  58024.234   81.0  2.318e+00 
 153232  1.036   1  2017  271   1.48  58024.257   81.0  2.616e+00 
 153234  1.036   1  2017  271   2.03  58024.280   81.0  3.006e+00 
 153235  1.036   1  2017  271   2.75  58024.310   81.0  5.365e+00 
 153236  1.036   1  2017  271   3.30  58024.333   81.0  6.373e+00 
 153237  1.036   1  2017  271   3.84  58024.356   81.0  7.887e+00 
 153238  0.700   1  2017  271   4.46  58024.381   81.0  1.113e+01 
 153283  0.683   1  2017  272   2.69  58025.308   80.8  3.086e+00 
 153284  0.683   1  2017  272   3.05  58025.323   80.8  3.623e+00 
 153285  0.683   1  2017  272   3.81  58025.354   80.8  5.418e+00 
 153286  0.683   1  2017  272   4.17  58025.369   80.8  7.229e+00 
 153844  0.667   1  2017  283  19.39  58037.003   78.1  7.797e+00 
 153845  0.667   1  2017  283  19.75  58037.019   78.1  6.386e+00 
 153846  0.750   1  2017  283  20.48  58037.049   78.1  4.162e+00 
 153847  0.750   1  2017  283  20.88  58037.066   78.1  3.456e+00 
 153848  0.750   1  2017  283  21.28  58037.082   78.1  3.074e+00 
 153849  0.750   1  2017  283  21.69  58037.099   78.1  2.772e+00 
 153850  0.667   1  2017  283  22.19  58037.120   78.1  2.435e+00 
 153851  1.333   2  2017  283  22.73  58037.143   78.1  2.242e+00 
 153893  0.667   1  2017  284  19.59  58038.012   77.6  7.766e+00 
 153894  0.667   1  2017  284  20.27  58038.040   77.6  5.595e+00 
 153895  0.667   1  2017  284  20.63  58038.055   77.6  4.666e+00 
 153896  0.750   1  2017  284  21.19  58038.078   77.6  3.983e+00 
 153897  1.500   2  2017  284  21.79  58038.104   77.6  3.506e+00 
 153898  0.750   1  2017  284  22.40  58038.129   77.5  2.911e+00 
 153899  0.667   1  2017  284  22.90  58038.150   77.5  2.606e+00 
 153901  1.333   2  2017  284  23.72  58038.184   77.5  2.239e+00 
 153903  1.500   2  2017  285   0.73  58038.226   77.5  2.828e+00 
 153904  0.750   1  2017  285   1.34  58038.251   77.5  2.569e+00 
 153905  0.750   1  2017  285   1.74  58038.268   77.5  3.043e+00 
 153908  0.750   1  2017  285   3.01  58038.321   77.4  4.603e+00 
 153941  0.442   1  2017  285  19.82  58039.021   77.1  7.277e+00 
 153942  0.883   2  2017  285  20.19  58039.037   77.1  6.043e+00 
 153943  0.442   1  2017  285  20.56  58039.052   77.1  5.512e+00 
 153945  0.883   2  2017  285  21.72  58039.101   77.1  3.538e+00 
 153946  0.883   2  2017  285  22.22  58039.121   77.1  3.300e+00 
 153947  0.883   2  2017  285  22.84  58039.147   77.0  2.740e+00 
 153948  0.883   2  2017  285  23.34  58039.168   77.0  2.592e+00 
 153990  0.701   1  2017  286  20.18  58040.036   76.6  6.646e+00 
 153991  0.701   1  2017  286  20.56  58040.052   76.6  6.171e+00 
 153992  0.701   1  2017  286  21.13  58040.076   76.6  4.025e+00 
 153993  0.701   1  2017  286  21.51  58040.092   76.6  3.829e+00 
 153994  0.701   1  2017  286  22.27  58040.124   76.5  2.946e+00 
 153995  0.701   1  2017  286  22.65  58040.139   76.5  2.426e+00 
 153996  0.534   1  2017  286  23.21  58040.163   76.5  1.606e+00 
 153997  0.534   1  2017  286  23.51  58040.175   76.5  1.585e+00 
 153998  0.701   1  2017  287   0.19  58040.203   76.5  1.228e+00 
 153999  0.701   1  2017  287   0.57  58040.219   76.5  1.196e+00 
 154000  1.034   1  2017  287   1.28  58040.249   76.5  1.233e+00 
 154001  1.034   1  2017  287   1.83  58040.272   76.5  1.495e+00 
 154036  0.701   1  2017  287  19.36  58041.002   76.1  9.294e+00 
 154037  0.701   1  2017  287  19.86  58041.023   76.1  6.240e+00 
 154038  0.701   1  2017  287  20.25  58041.039   76.1  5.173e+00 
 154039  0.701   1  2017  287  20.73  58041.059   76.1  4.039e+00 
 154040  0.701   1  2017  287  21.11  58041.075   76.0  3.384e+00 
 154041  0.701   1  2017  287  21.91  58041.109   76.0  2.142e+00 
 154042  0.701   1  2017  287  22.29  58041.125   76.0  2.042e+00 
 154043  0.622   2  2017  287  22.78  58041.145   76.0  1.549e+00 
 154045  1.034   1  2017  287  23.68  58041.182   76.0  1.383e+00 
 154046  1.034   1  2017  288   0.23  58041.205   76.0  1.618e+00 
 154047  0.701   1  2017  288   0.80  58041.229   76.0  1.523e+00 
 154048  0.701   1  2017  288   1.18  58041.245   76.0  1.609e+00 
 154049  1.034   1  2017  288   1.77  58041.269   76.0  2.498e+00 
 154050  1.034   1  2017  288   2.32  58041.292   76.0  2.848e+00 
 154084  0.482   1  2017  288  19.43  58042.005   75.7  8.333e+00 
 154085  0.482   1  2017  288  19.69  58042.016   75.6  7.247e+00 
 154086  1.013   2  2017  288  20.36  58042.044   75.6  5.284e+00 
 154088  1.502   2  2017  288  21.28  58042.082   75.6  4.276e+00 
 154089  0.728   1  2017  288  21.98  58042.111   75.6  2.962e+00 
 154090  0.728   1  2017  288  22.36  58042.127   75.6  2.673e+00 
 154092  0.833   1  2017  288  23.30  58042.166   75.6  1.609e+00 
 154093  0.461   1  2017  288  23.99  58042.195   75.6  3.187e+00 
 154094  0.461   1  2017  289   0.25  58042.206   75.6  3.012e+00 
 154095  0.922   2  2017  289   0.63  58042.222   75.6  3.065e+00 
 154096  0.525   1  2017  289   1.28  58042.249   75.5  7.365e+00 
 154097  1.050   2  2017  289   1.70  58042.266   75.5  7.257e+00 
 154133  0.648   1  2017  289  19.86  58043.023   75.2  5.839e+00 
 154134  0.648   1  2017  289  20.20  58043.037   75.2  4.579e+00 
 154140  0.833   1  2017  289  23.38  58043.170   75.1  1.460e+00 
 154143  0.833   1  2017  290   0.54  58043.218   75.1  1.820e+00 
 154145  0.678   2  2017  290   1.82  58043.271   75.1  3.613e+00 
 154146  0.678   2  2017  290   2.22  58043.288   75.1  4.182e+00 
 154147  0.507   1  2017  290   2.92  58043.317   75.1  6.127e+00 
 154148  0.507   1  2017  290   3.19  58043.328   75.1  6.680e+00 
 154182  0.751   1  2017  290  20.37  58044.044   74.7  6.230e+00 
 154183  0.751   1  2017  290  20.76  58044.061   74.7  5.312e+00 
 154191  0.340   1  2017  291   0.80  58044.229   74.7  1.823e+00 
 154192  1.020   3  2017  291   1.20  58044.246   74.7  2.083e+00 
 154194  0.444   2  2017  291   2.30  58044.292   74.6  9.107e+00 
 154277  0.497   2  2017  292  19.77  58046.019   73.8  7.877e+00 
 154278  0.630   2  2017  292  20.34  58046.043   73.8  6.462e+00 
 154291  1.022   1  2017  293   2.89  58046.316   73.7  1.034e+01 
 154292  1.022   1  2017  293   3.43  58046.339   73.7  1.246e+01 
 154325  1.457   2  2017  293  19.78  58047.020   73.4  7.335e+00 
 154333  0.461   1  2017  293  23.97  58047.194   73.4  3.109e+00 
 154334  0.922   2  2017  294   0.36  58047.210   73.4  3.204e+00 
 154335  0.461   1  2017  294   0.74  58047.227   73.4  3.190e+00 
 154336  1.022   1  2017  294   1.43  58047.255   73.3  7.303e+00 
 154337  1.022   1  2017  294   1.97  58047.278   73.3  8.087e+00 
 154373  0.728   1  2017  294  19.70  58048.016   73.1  7.588e+00 
 154374  0.728   1  2017  294  20.08  58048.032   73.1  6.487e+00 
 154375  0.963   2  2017  294  20.81  58048.063   73.1  5.021e+00 
 154383  0.525   1  2017  295   0.82  58048.230   73.1  7.107e+00 
 154384  1.050   2  2017  295   1.24  58048.247   73.1  7.327e+00 
 154385  0.525   1  2017  295   1.66  58048.265   73.1  7.593e+00 
 154386  0.922   2  2017  295   2.32  58048.292   73.1  4.611e+00 
 154387  0.922   2  2017  295   2.84  58048.314   73.1  5.405e+00 
 154389  0.789   1  2017  295   3.57  58048.344   73.1  1.395e+01 
 154433  0.333   1  2017  296   1.97  58049.278   72.9  9.367e+00 
 154434  0.333   1  2017  296   2.27  58049.290   72.9  9.904e+00 
 154435  0.667   2  2017  296   2.72  58049.309   72.9  1.053e+01 
 154469  0.963   2  2017  296  19.77  58050.019   72.9  6.955e+00 
 154471  0.963   2  2017  296  20.76  58050.061   72.9  4.188e+00 
 154472  0.648   1  2017  296  21.22  58050.080   72.9  3.411e+00 
 154479  0.525   1  2017  297   0.80  58050.229   72.9  6.965e+00 
 154480  1.050   2  2017  297   1.22  58050.246   72.9  7.064e+00 
 154481  0.525   1  2017  297   1.64  58050.264   72.9  7.413e+00 
 154482  0.922   2  2017  297   2.34  58050.293   72.8  4.684e+00 
 154483  0.922   2  2017  297   2.85  58050.314   72.8  5.506e+00 
 154517  0.759   1  2017  297  19.69  58051.016   72.8  8.696e+00 
 154518  0.759   1  2017  297  20.08  58051.032   72.8  7.218e+00 
 154525  0.922   2  2017  297  23.74  58051.185   72.8  3.717e+00 
 154526  0.922   2  2017  298   0.26  58051.206   72.8  3.674e+00 
 154565  0.667   2  2017  298  19.74  58052.018   72.7  7.639e+00 
 154566  0.667   2  2017  298  20.11  58052.034   72.7  6.456e+00 
 154567  1.297   2  2017  298  20.74  58052.060   72.7  3.846e+00 
 154671  0.910   2  2017  301   0.81  58054.229   72.4  2.024e+00 
 154672  0.910   2  2017  301   1.32  58054.251   72.4  2.368e+00 
 154674  0.922   2  2017  301   2.21  58054.288   72.4  5.437e+00 
 154675  0.922   2  2017  301   2.73  58054.309   72.4  6.540e+00 
 155143  0.871   1  2017  310  20.62  58064.055   71.7  3.648e+00 
 155291  0.833   1  2017  313  22.54  58067.135   71.1  2.717e+00 
 155293  0.833   1  2017  313  23.72  58067.184   71.1  2.330e+00 
 155334  0.750   1  2017  314  20.49  58068.049   70.9  6.678e+00 
 155335  0.750   1  2017  314  20.90  58068.066   70.9  5.723e+00 
 155336  0.750   1  2017  314  21.30  58068.083   70.9  5.175e+00 
 155337  0.750   1  2017  314  21.70  58068.100   70.9  4.681e+00 
 155339  1.000   1  2017  314  22.54  58068.135   70.9  2.690e+00 
 155340  1.000   1  2017  314  23.07  58068.157   70.9  2.266e+00 
 155341  1.000   1  2017  314  23.60  58068.179   70.9  2.385e+00 
 155342  1.000   1  2017  315   0.12  58068.201   70.9  2.141e+00 
 155343  0.667   1  2017  315   0.84  58068.231   70.9  2.094e+00 
 155344  0.667   1  2017  315   1.21  58068.246   70.9  2.055e+00 
 155346  1.000   1  2017  315   2.35  58068.293   70.9  4.677e+00 
 155347  1.000   1  2017  315   2.88  58068.315   70.9  5.963e+00 
 155382  1.333   2  2017  315  20.24  58069.039   70.9  5.288e+00 
 155384  0.667   1  2017  315  21.22  58069.080   70.9  3.618e+00 
 155385  1.333   2  2017  315  21.76  58069.102   70.9  3.084e+00 
 155387  1.000   1  2017  315  23.00  58069.154   70.9  3.229e+00 
 155389  1.000   1  2017  315  23.53  58069.176   70.9  3.168e+00 
 155390  1.000   1  2017  316   0.06  58069.198   70.9  3.153e+00 
 155391  1.000   1  2017  316   0.58  58069.220   70.9  3.524e+00 
 155392  0.750   1  2017  316   1.27  58069.248   70.9  3.865e+00 
 155393  0.750   1  2017  316   1.67  58069.265   70.9  4.111e+00 
 155394  1.500   2  2017  316   2.27  58069.290   70.8  4.751e+00 
 155396  0.556   1  2017  316   3.44  58069.339   70.8  8.729e+00 
 155429  0.992   1  2017  316  19.96  58070.027   70.8  8.707e+00 
 155431  0.992   1  2017  316  20.50  58070.050   70.8  7.063e+00 
 155432  0.992   1  2017  316  21.35  58070.085   70.8  5.302e+00 
 155433  0.992   1  2017  316  21.89  58070.108   70.8  4.965e+00 
 155435  0.736   2  2017  316  22.74  58070.143   70.8  3.630e+00 
 155436  0.736   2  2017  316  23.17  58070.161   70.8  3.625e+00 
 155478  0.992   1  2017  317  20.03  58071.030   70.8  8.763e+00 
 155479  0.992   1  2017  317  20.57  58071.053   70.8  7.447e+00 
 155480  0.525   1  2017  317  21.27  58071.082   70.8  6.282e+00 
 155481  1.050   2  2017  317  21.69  58071.100   70.7  5.990e+00 
 155482  0.525   1  2017  317  22.12  58071.117   70.7  5.725e+00 
 155486  0.461   1  2017  318   0.40  58071.212   70.7  3.994e+00 
 155487  0.922   2  2017  318   0.79  58071.228   70.7  4.223e+00 
 155488  0.461   1  2017  318   1.18  58071.245   70.7  4.470e+00 
 155489  0.790   1  2017  318   1.84  58071.272   70.7  4.985e+00 
 155490  0.790   1  2017  318   2.25  58071.289   70.7  5.413e+00 
 155534  0.833   1  2017  319   0.04  58072.197   70.7  2.662e+00 
 155536  1.050   2  2017  319   1.32  58072.251   70.7  7.450e+00 
 155537  0.525   1  2017  319   1.74  58072.268   70.7  7.786e+00 
 155538  0.525   1  2017  319   2.02  58072.280   70.7  8.098e+00 
 155540  0.667   1  2017  319   3.42  58072.338   70.7  1.288e+01 
 155576  1.050   2  2017  319  21.22  58073.080   70.6  7.134e+00 
 155577  1.050   2  2017  319  21.78  58073.103   70.6  6.444e+00 
 155579  0.900   6  2017  319  22.72  58073.142   70.6  2.795e+00 
 155580  0.450   3  2017  319  23.11  58073.158   70.6  2.678e+00 
 155586  1.050   2  2017  320   2.30  58073.292   70.6  8.813e+00 
 155587  0.525   1  2017  320   2.72  58073.309   70.6  9.637e+00 
 155588  0.525   1  2017  320   3.01  58073.321   70.6  1.049e+01 
 155627  0.736   2  2017  320  22.82  58074.146   70.5  4.444e+00 
 155628  0.736   2  2017  320  23.25  58074.164   70.5  4.202e+00 
 155632  0.368   1  2017  321   1.30  58074.250   70.5  4.098e+00 
 155633  1.103   3  2017  321   1.73  58074.267   70.5  4.666e+00 
 155675  0.750   5  2017  321  22.76  58075.144   70.4  2.644e+00 
 155676  0.600   4  2017  321  23.15  58075.160   70.4  2.505e+00 
 155677  0.600   4  2017  321  23.82  58075.188   70.4  2.356e+00 
 155678  0.900   6  2017  322   0.25  58075.206   70.4  2.615e+00 
 155679  0.736   2  2017  322   0.84  58075.231   70.4  4.283e+00 
 155680  0.736   2  2017  322   1.27  58075.249   70.4  4.485e+00 
 155720  1.050   2  2017  322  21.17  58076.078   70.4  7.245e+00 
 155721  1.050   2  2017  322  21.73  58076.101   70.4  6.499e+00 
 155725  0.900   6  2017  322  23.75  58076.185   70.4  2.582e+00 
 155726  0.450   3  2017  323   0.14  58076.202   70.4  2.497e+00 
 155862  1.050   2  2017  325  20.24  58079.039   70.3  9.326e+00 
 155863  1.050   2  2017  325  20.80  58079.062   70.3  8.329e+00 
 155915  0.455   1  2017  326  22.77  58080.144   70.3  3.460e+00 
 155916  0.910   2  2017  326  23.16  58080.161   70.3  3.062e+00 
 155917  0.455   1  2017  326  23.55  58080.177   70.3  2.813e+00 
 155918  0.910   2  2017  327   0.24  58080.206   70.3  3.095e+00 
 155919  0.910   2  2017  327   0.76  58080.227   70.3  3.020e+00 
 155920  0.631   2  2017  327   1.39  58080.254   70.3  6.955e+00 
 155922  0.644   1  2017  327   2.35  58080.293   70.3  7.456e+00 
 155923  0.644   1  2017  327   2.69  58080.308   70.3  8.632e+00 
 156773  0.667   1  2017  344  19.94  58098.026   69.4  8.009e+00 
 156774  0.667   1  2017  344  20.30  58098.041   69.4  7.374e+00 
 156775  0.667   1  2017  344  20.79  58098.062   69.4  6.078e+00 
 156776  0.667   1  2017  344  21.15  58098.077   69.4  5.296e+00 
 156777  0.667   1  2017  344  21.51  58098.092   69.4  4.881e+00 
 156778  0.750   1  2017  344  22.32  58098.126   69.4  4.074e+00 
 156779  0.750   1  2017  344  22.73  58098.142   69.4  3.803e+00 
 156780  0.750   1  2017  344  23.13  58098.159   69.4  3.697e+00 
 156781  1.000   2  2017  344  23.77  58098.186   69.4  4.662e+00 
 156783  0.346   1  2017  345   0.78  58098.228   69.4  6.526e+00 
 156784  0.346   1  2017  345   1.15  58098.243   69.4  6.231e+00 
 156822  0.500   1  2017  345  20.16  58099.035   69.4  9.478e+00 
 156823  0.750   1  2017  345  20.75  58099.060   69.4  7.688e+00 
 156824  0.750   1  2017  345  21.16  58099.077   69.4  6.776e+00 
 156825  1.500   2  2017  345  21.76  58099.102   69.5  5.891e+00 
 156827  1.333   2  2017  345  22.69  58099.141   69.5  4.068e+00 
 156828  0.667   1  2017  345  23.23  58099.163   69.5  3.994e+00 
 156829  1.000   2  2017  345  23.82  58099.188   69.5  4.885e+00 
 156833  0.750   5  2017  346   1.75  58099.269   69.5  6.681e+00 
 156834  0.450   3  2017  346   2.10  58099.283   69.5  7.027e+00 
 157066  0.667   1  2017  350  22.22  58104.121   69.5  7.601e+00 
 157067  0.667   1  2017  350  22.57  58104.136   69.5  7.408e+00 
 157068  0.644   1  2017  350  23.31  58104.167   69.5  4.295e+00 
 157069  0.644   1  2017  350  23.65  58104.181   69.5  4.318e+00 
 157073  0.750   5  2017  351   1.75  58104.268   69.5  6.421e+00 
 157074  0.600   4  2017  351   2.14  58104.285   69.5  6.829e+00 
 157075  0.667   1  2017  351   2.80  58104.312   69.5  8.599e+00 
 157076  0.667   1  2017  351   3.15  58104.327   69.5  9.565e+00 
 157163  0.910   2  2017  352  22.84  58106.147   69.6  4.537e+00 
 157164  0.910   2  2017  352  23.36  58106.169   69.6  4.672e+00 
 157255  1.023   1  2017  354  20.69  58108.057   69.6  1.304e+01 
 157256  0.455   1  2017  354  21.46  58108.090   69.7  5.404e+00 
 157257  0.910   2  2017  354  21.84  58108.106   69.7  4.554e+00 
 157258  0.455   1  2017  354  22.23  58108.122   69.7  4.472e+00 
 157261  1.023   1  2017  354  23.72  58108.184   69.7  9.354e+00 
 157262  0.600   4  2017  355   0.37  58108.211   69.7  5.180e+00 
 157263  0.750   5  2017  355   0.76  58108.227   69.7  5.254e+00 
 157265  0.797   7  2017  355   1.78  58108.270   69.7  4.845e+00 
 157266  0.569   5  2017  355   2.22  58108.288   69.7  5.424e+00 
 157303  0.772   1  2017  355  20.77  58109.061   69.7  8.036e+00 
 157304  0.772   1  2017  355  21.21  58109.079   69.7  7.136e+00 
 157305  0.516   1  2017  355  21.99  58109.112   69.7  7.953e+00 
 157306  0.516   1  2017  355  22.27  58109.124   69.7  7.621e+00 
 157307  1.031   2  2017  355  22.68  58109.141   69.7  7.397e+00 
 157311  0.914   7  2017  356   0.77  58109.227   69.7  4.674e+00 
 157312  0.653   5  2017  356   1.22  58109.246   69.7  5.210e+00 
 157314  0.458   4  2017  356   2.26  58109.290   69.7  6.128e+00 
 157316  0.458   4  2017  356   3.30  58109.333   69.7  8.542e+00 
 157350  0.516   1  2017  356  20.40  58110.046   69.7  1.019e+01 
 157351  1.031   2  2017  356  20.82  58110.063   69.7  9.303e+00 
 157352  0.516   1  2017  356  21.23  58110.080   69.7  8.366e+00 
 157358  0.461   1  2017  357   0.28  58110.207   69.7  7.432e+00 
 157359  0.922   2  2017  357   0.66  58110.223   69.7  7.604e+00 
 157360  0.461   1  2017  357   1.05  58110.239   69.7  7.716e+00 
 157361  0.556   2  2017  357   1.73  58110.268   69.7  5.248e+00 
 157364  0.750   5  2017  357   3.25  58110.331   69.7  1.061e+01 
 157365  0.450   3  2017  357   3.60  58110.345   69.7  1.199e+01 
 157401  0.963   2  2017  357  21.70  58111.100   69.6  5.384e+00 
 157408  0.458   4  2017  358   1.26  58111.248   69.6  4.946e+00 
 157409  0.458   4  2017  358   1.68  58111.266   69.6  4.931e+00 
 157410  0.343   3  2017  358   2.39  58111.295   69.6  6.426e+00 
 157411  0.458   4  2017  358   2.76  58111.311   69.6  6.957e+00 
 157508  0.444   2  2017  360   3.43  58113.339   69.4  1.079e+01 
 157650  0.648   1  2017  363   2.30  58116.291   69.3  5.377e+00 
 157652  0.572   5  2017  363   3.23  58116.330   69.3  7.200e+00 
 157975  1.023   1  2018    4  20.92  58123.067   68.9  1.211e+01 
 158215  0.697   1  2018    9  20.85  58128.064   68.0  1.294e+01 
 158216  0.697   1  2018    9  21.22  58128.080   68.0  1.272e+01 
 158217  0.697   1  2018    9  21.68  58128.099   68.0  1.234e+01 
 158220  0.697   1  2018    9  23.16  58128.161   68.0  4.134e+00 
 158221  1.394   2  2018    9  23.74  58128.185   68.0  3.973e+00 
 158222  0.697   1  2018   10   0.33  58128.209   68.0  3.907e+00 
 158223  0.697   1  2018   10   0.76  58128.227   68.0  3.990e+00 
 158224  0.697   1  2018   10   1.21  58128.246   68.0  4.068e+00 
 158225  0.697   1  2018   10   1.58  58128.261   68.0  4.316e+00 
 158227  0.697   1  2018   10   2.90  58128.316   68.0  6.312e+00 
 158228  0.697   1  2018   10   3.26  58128.331   68.0  7.674e+00 
 158263  0.697   1  2018   10  20.83  58129.063   68.0  1.145e+01 
 158264  0.697   1  2018   10  21.19  58129.079   68.0  1.086e+01 
 158265  0.697   1  2018   10  21.68  58129.099   68.0  7.079e+00 
 158266  0.697   1  2018   10  22.04  58129.114   68.0  6.884e+00 
 158267  1.394   2  2018   10  22.71  58129.142   68.0  6.288e+00 
 158271  0.697   1  2018   11   0.69  58129.224   68.0  4.394e+00 
 158272  1.394   2  2018   11   1.26  58129.248   68.0  4.613e+00 
 158273  0.697   1  2018   11   1.84  58129.272   68.0  4.970e+00 
 158311  0.697   1  2018   11  20.68  58130.057   68.0  8.944e+00 
 158312  1.394   2  2018   11  21.26  58130.082   68.0  7.966e+00 
 158313  0.697   1  2018   11  21.84  58130.106   68.0  7.012e+00 
 158319  0.697   1  2018   12   0.83  58130.230   68.0  5.136e+00 
 158320  0.697   1  2018   12   1.20  58130.246   68.0  5.368e+00 
 158321  1.394   2  2018   12   1.81  58130.271   68.0  6.322e+00 
 158322  0.697   1  2018   12   2.45  58130.298   68.0  5.626e+00 
 158323  0.697   1  2018   12   2.82  58130.313   68.0  6.283e+00 
 158324  0.697   1  2018   12   3.24  58130.331   68.0  7.652e+00 
 158325  0.697   1  2018   12   3.61  58130.346   67.9  9.285e+00 
 158372  0.458   4  2018   13   3.24  58131.331   67.9  7.017e+00 
 158409  0.644   1  2018   13  21.68  58132.099   67.9  8.289e+00 
 158410  0.644   1  2018   13  22.02  58132.113   67.9  7.764e+00 
 158411  0.922   2  2018   13  22.66  58132.140   67.9  8.712e+00 
 158412  0.922   2  2018   13  23.18  58132.161   67.9  8.777e+00 
 158414  0.572   5  2018   14   0.26  58132.206   67.9  3.750e+00 
 158418  0.944   2  2018   14   2.15  58132.285   67.9  6.719e+00 
 158419  0.944   2  2018   14   2.69  58132.308   67.9  7.405e+00 
 158420  0.944   2  2018   14   3.31  58132.334   67.9  9.542e+00 
 158421  0.944   2  2018   14   3.85  58132.356   67.9  1.193e+01 
 158455  0.871   1  2018   14  20.65  58133.056   67.9  1.181e+01 
 158456  0.871   1  2018   14  21.11  58133.075   67.9  1.104e+01 
 158457  0.871   1  2018   14  21.57  58133.094   67.9  1.074e+01 
 158458  0.922   2  2018   14  22.22  58133.121   67.9  8.028e+00 
 158459  0.922   2  2018   14  22.73  58133.143   67.9  7.738e+00 
 158463  0.458   4  2018   15   0.75  58133.227   67.9  2.689e+00 
 158464  0.343   3  2018   15   1.12  58133.242   67.9  2.762e+00 
 158465  0.472   1  2018   15   1.74  58133.268   67.9  4.594e+00 
 158466  0.944   2  2018   15   2.14  58133.285   67.9  5.211e+00 
 158467  0.472   1  2018   15   2.54  58133.301   67.9  5.633e+00 
 158468  0.944   2  2018   15   3.18  58133.328   67.9  7.235e+00 
 158469  0.944   2  2018   15   3.72  58133.351   67.9  9.005e+00 
 158505  0.461   1  2018   15  21.80  58134.104   67.8  8.376e+00 
 158506  0.922   2  2018   15  22.19  58134.120   67.8  7.952e+00 
 158507  0.461   1  2018   15  22.58  58134.136   67.8  7.683e+00 
 158510  0.458   4  2018   16   0.25  58134.206   67.8  3.295e+00 
 158511  0.343   3  2018   16   0.62  58134.221   67.8  2.949e+00 
 158513  0.472   1  2018   16   1.85  58134.272   67.8  4.647e+00 
 158514  0.944   2  2018   16   2.25  58134.289   67.8  5.054e+00 
 158515  0.472   1  2018   16   2.65  58134.306   67.8  5.703e+00 
 158551  1.023   1  2018   16  20.63  58135.055   67.8  1.274e+01 
 158599  1.023   1  2018   17  21.00  58136.071   67.8  1.166e+01 
 158602  0.461   1  2018   17  22.41  58136.129   67.8  7.464e+00 
 158603  0.922   2  2018   17  22.80  58136.145   67.8  7.081e+00 
 158604  0.461   1  2018   17  23.18  58136.162   67.8  6.884e+00 
 158605  0.343   3  2018   17  23.81  58136.188   67.8  2.213e+00 
 158606  0.572   5  2018   18   0.24  58136.206   67.8  2.467e+00 
 158608  0.925   3  2018   18   1.19  58136.245   67.8  3.692e+00 
 158609  0.925   3  2018   18   1.75  58136.268   67.8  4.083e+00 
 158610  0.617   2  2018   18   2.24  58136.289   67.8  4.517e+00 
 158611  0.925   3  2018   18   2.71  58136.308   67.8  5.211e+00 
 158612  0.925   3  2018   18   3.29  58136.333   67.8  6.848e+00 
 158648  0.644   1  2018   18  21.43  58137.089   67.8  8.025e+00 
 158649  0.644   1  2018   18  21.77  58137.103   67.8  7.557e+00 
 158650  0.922   2  2018   18  22.34  58137.126   67.8  7.660e+00 
 158651  0.922   2  2018   18  22.86  58137.148   67.8  7.456e+00 
 158653  0.343   3  2018   18  23.70  58137.183   67.8  2.551e+00 
 158657  0.667   1  2018   19   1.82  58137.271   67.8  3.996e+00 
 158658  0.667   1  2018   19   2.17  58137.286   67.8  4.376e+00 
 158659  0.472   1  2018   19   2.74  58137.310   67.8  5.523e+00 
 158660  0.944   2  2018   19   3.14  58137.326   67.8  6.445e+00 
 158661  0.472   1  2018   19   3.54  58137.343   67.8  7.611e+00 
 158698  1.023   1  2018   19  22.37  58138.128   67.8  9.996e+00 
 158704  0.433   1  2018   20   1.34  58138.251   67.8  3.184e+00 
 158705  0.867   2  2018   20   1.71  58138.267   67.8  3.222e+00 
 158706  0.433   1  2018   20   2.08  58138.282   67.8  3.139e+00 
 158707  0.333   1  2018   20   2.82  58138.313   67.8  6.221e+00 
 158708  0.333   1  2018   20   3.02  58138.321   67.8  6.372e+00 
 158709  1.500   1  2018   20   3.60  58138.346   67.7  8.107e+00 
 158744  1.023   1  2018   20  21.14  58139.076   67.7  1.156e+01 
 158745  0.922   2  2018   20  21.78  58139.103   67.7  8.519e+00 
 158746  0.922   2  2018   20  22.30  58139.125   67.7  7.947e+00 
 158747  0.691   2  2018   20  22.90  58139.150   67.7  5.065e+00 
 158748  0.691   2  2018   20  23.27  58139.165   67.7  5.163e+00 
 158751  0.925   3  2018   21   0.74  58139.226   67.7  3.745e+00 
 158752  0.617   2  2018   21   1.23  58139.247   67.7  3.550e+00 
 158753  0.925   3  2018   21   1.72  58139.267   67.7  3.935e+00 
 158754  0.617   2  2018   21   2.17  58139.286   67.7  4.108e+00 
 158755  0.925   3  2018   21   2.70  58139.308   67.7  5.145e+00 
 158756  0.925   3  2018   21   3.24  58139.331   67.7  6.202e+00 
 159762  0.667   2  2018   42   2.34  58160.293   70.3  4.230e+00 
 159899  1.023   1  2018   44  22.73  58163.143   70.4  1.057e+01 
 159904  1.572   1  2018   45   1.07  58163.240   70.4  2.220e+00 
 159906  0.667   4  2018   45   2.30  58163.291   70.3  3.440e+00 
 159907  0.483   3  2018   45   2.85  58163.314   70.3  4.308e+00 
 159944  0.833   1  2018   45  21.41  58164.088   70.3  7.809e+00 
 159945  0.833   1  2018   45  21.85  58164.106   70.3  7.260e+00 
 159952  0.856   7  2018   46   1.26  58164.248   70.3  1.795e+00 
 159953  0.611   5  2018   46   1.72  58164.267   70.3  2.204e+00 
 159954  0.367   3  2018   46   2.38  58164.295   70.3  2.483e+00 
 159955  0.856   7  2018   46   2.77  58164.311   70.3  2.832e+00 
 159957  1.333   2  2018   46   3.76  58164.352   70.3  6.174e+00 
 159999  0.489   4  2018   47   0.86  58165.231   70.3  1.799e+00 
 160000  0.733   6  2018   47   1.25  58165.248   70.3  1.809e+00 
 160001  0.733   6  2018   47   1.77  58165.269   70.3  2.238e+00 
 160002  0.733   6  2018   47   2.26  58165.290   70.3  2.624e+00 
 160050  1.067   2  2018   48   2.15  58166.285   70.3  6.443e+00 
 160051  0.600   3  2018   48   2.79  58166.312   70.3  4.268e+00 
 160052  0.600   3  2018   48   3.22  58166.330   70.3  5.192e+00 
 160053  0.600   3  2018   48   3.68  58166.349   70.3  6.259e+00 
 160054  0.800   4  2018   48   4.24  58166.372   70.3  9.143e+00 
 160086  0.622   2  2018   48  20.32  58167.042   70.3  1.340e+01 
 160087  0.622   2  2018   48  20.79  58167.062   70.3  9.512e+00 
 160088  0.622   2  2018   48  21.14  58167.076   70.3  8.702e+00 
 160089  0.933   3  2018   48  21.68  58167.099   70.3  8.314e+00 
 160092  0.622   2  2018   48  23.25  58167.164   70.2  6.428e+00 
 160093  0.622   2  2018   48  23.60  58167.179   70.2  6.652e+00 
 160094  1.017   1  2018   49   0.28  58167.207   70.2  2.009e+00 
 160095  1.017   1  2018   49   0.96  58167.236   70.2  2.073e+00 
 160097  1.017   1  2018   49   1.54  58167.260   70.2  2.230e+00 
 160098  0.933   3  2018   49   2.18  58167.286   70.2  6.533e+00 
 160099  0.622   2  2018   49   2.69  58167.308   70.2  5.911e+00 
 160100  0.933   3  2018   49   3.23  58167.330   70.2  5.617e+00 
 160136  0.556   2  2018   49  21.27  58168.082   70.1  2.759e+00 
 160138  0.433   1  2018   49  22.36  58168.127   70.1  2.011e+00 
 160139  0.867   2  2018   49  22.73  58168.143   70.1  1.654e+00 
 160140  0.433   1  2018   49  23.10  58168.158   70.1  1.343e+00 
 160141  0.556   2  2018   49  23.81  58168.188   70.1  1.277e+00 
 160145  0.800   1  2018   50   1.69  58168.266   70.1  2.332e+00 
 160146  0.800   1  2018   50   2.10  58168.283   70.0  2.715e+00 
 160186  0.556   2  2018   50  22.28  58169.124   69.8  1.970e+00 
 160189  0.867   2  2018   50  23.67  58169.182   69.8  1.416e+00 
 160191  1.572   1  2018   51   0.67  58169.223   69.8  2.111e+00 
 160235  0.556   2  2018   51  22.70  58170.141   69.5  1.482e+00 
 160237  0.667   1  2018   51  23.67  58170.182   69.5  1.731e+00 
 160238  0.667   1  2018   52   0.01  58170.196   69.5  1.601e+00 
 160240  0.611   5  2018   52   1.28  58170.249   69.5  1.414e+00 
 160241  0.856   7  2018   52   1.75  58170.268   69.5  1.731e+00 
 160243  0.856   7  2018   52   2.76  58170.311   69.5  2.468e+00 
 160244  0.489   4  2018   52   3.19  58170.328   69.5  2.942e+00 
 160245  0.738   3  2018   52   3.73  58170.351   69.5  5.917e+00 
 160246  0.738   3  2018   52   4.15  58170.369   69.5  7.722e+00 
 160290  0.984   4  2018   53   2.27  58171.290   69.2  3.555e+00 
 160292  0.738   3  2018   53   3.28  58171.332   69.2  4.990e+00 
 160293  0.738   3  2018   53   3.71  58171.350   69.2  6.156e+00 
 160333  0.667   1  2018   53  23.86  58172.190   68.9  1.726e+00 
 160334  0.667   1  2018   54   0.20  58172.204   68.9  1.774e+00 
 160337  0.738   3  2018   54   1.74  58172.268   68.8  3.813e+00 
 160338  0.492   2  2018   54   2.10  58172.283   68.8  3.763e+00 
 160339  0.509   1  2018   54   2.76  58172.310   68.8  3.701e+00 
 160340  0.509   1  2018   54   3.02  58172.321   68.8  4.014e+00 
 160433  0.630   2  2018   56   1.85  58174.273   68.1  2.646e+00 
 160435  0.333   1  2018   56   2.88  58174.316   68.1  4.200e+00 
 160436  1.000   3  2018   56   3.27  58174.332   68.1  4.738e+00 
 161000  0.556   2  2018   67  21.22  58186.080   67.0  2.829e+00 
 161053  1.572   1  2018   68  23.65  58187.181   67.0  1.491e+00 
 161098  0.772   1  2018   69  22.23  58188.122   67.1  7.847e+00 
 161099  0.772   1  2018   69  22.67  58188.140   67.1  7.741e+00 
 161142  0.833   1  2018   70  20.27  58189.040   67.1  1.136e+01 
 161143  0.833   1  2018   70  20.71  58189.058   67.1  1.039e+01 
 161147  0.683   6  2018   70  22.75  58189.144   67.1  1.486e+00 
 161150  0.569   5  2018   71   0.19  58189.204   67.1  1.283e+00 
 161151  0.456   4  2018   71   0.87  58189.232   67.1  1.167e+00 
 161152  0.797   7  2018   71   1.28  58189.249   67.1  1.275e+00 
 161153  0.606   3  2018   71   1.80  58189.270   67.1  2.557e+00 
 161154  0.984   4  2018   71   2.27  58189.290   67.1  2.953e+00 
 161157  1.347   2  2018   71   3.71  58189.350   67.1  5.538e+00 
 161159  0.673   1  2018   71   4.69  58189.391   67.1  9.804e+00 
 161189  0.516   1  2018   71  19.90  58190.025   67.1  1.269e+01 
 161190  0.516   1  2018   71  20.18  58190.036   67.1  1.187e+01 
 161195  0.342   3  2018   71  22.92  58190.150   67.1  1.452e+00 
 161196  0.683   6  2018   71  23.25  58190.164   67.1  1.275e+00 
 161197  0.342   3  2018   71  23.58  58190.178   67.1  1.430e+00 
 161198  0.797   7  2018   72   0.25  58190.206   67.1  1.072e+00 
 161199  0.569   5  2018   72   0.69  58190.224   67.1  9.729e-01 
 161203  0.797   7  2018   72   2.73  58190.309   67.1  2.051e+00 
 161205  0.673   1  2018   72   3.90  58190.358   67.1  6.340e+00 
 161206  0.673   1  2018   72   4.25  58190.372   67.1  7.673e+00 
 161237  0.516   1  2018   72  19.82  58191.021   67.1  1.420e+01 
 161238  1.031   2  2018   72  20.23  58191.039   67.1  1.307e+01 
 161239  0.333   1  2018   72  20.84  58191.064   67.1  8.834e+00 
 161240  0.333   1  2018   72  21.03  58191.072   67.1  7.919e+00 
 161241  0.333   1  2018   72  21.95  58191.110   67.1  7.562e+00 
 161242  0.667   2  2018   72  22.24  58191.122   67.1  6.620e+00 
 161243  0.333   1  2018   72  22.53  58191.134   67.1  6.597e+00 
 161247  0.569   5  2018   73   0.83  58191.230   67.1  1.044e+00 
 161248  0.683   6  2018   73   1.28  58191.249   67.1  1.180e+00 
 161250  0.797   7  2018   73   2.25  58191.289   67.1  1.797e+00 
 161251  0.342   3  2018   73   2.62  58191.305   67.1  2.012e+00 
 161285  1.031   2  2018   73  19.83  58192.022   67.1  1.409e+01 
 161286  0.516   1  2018   73  20.24  58192.039   67.1  1.277e+01 
 161287  0.516   1  2018   73  20.52  58192.051   67.1  1.195e+01 
 161291  0.683   6  2018   73  22.71  58192.142   67.1  1.377e+00 
 161293  1.572   1  2018   73  23.90  58192.192   67.1  1.701e+00 
 161295  0.673   1  2018   74   0.88  58192.232   67.1  2.691e+00 
 161296  0.673   1  2018   74   1.23  58192.247   67.1  2.815e+00 
 161297  0.673   1  2018   74   1.89  58192.274   67.1  3.053e+00 
 161298  0.673   1  2018   74   2.24  58192.289   67.1  3.366e+00 
 161339  0.392   3  2018   74  22.84  58193.147   67.1  1.929e+00 
 161342  0.667   1  2018   75   0.31  58193.208   67.1  1.438e+00 
 161343  0.667   1  2018   75   0.65  58193.223   67.1  1.408e+00 
 161345  1.572   1  2018   75   1.53  58193.259   67.1  1.715e+00 
 161387  0.750   5  2018   75  22.78  58194.145   67.2  1.231e+00 
 161388  0.600   4  2018   75  23.19  58194.162   67.2  1.187e+00 
 161390  1.572   1  2018   76   0.05  58194.198   67.2  1.344e+00 
 161392  1.572   1  2018   76   1.12  58194.242   67.2  1.553e+00 
 161394  1.500   1  2018   76   2.22  58194.288   67.2  2.172e+00 
 161436  1.572   1  2018   76  23.05  58195.156   67.2  2.002e+00 
 161438  1.347   2  2018   77   0.20  58195.204   67.2  2.109e+00 
 161440  1.347   2  2018   77   1.22  58195.247   67.2  2.361e+00 
 161441  0.667   1  2018   77   1.91  58195.275   67.2  2.135e+00 
 161442  0.667   1  2018   77   2.26  58195.290   67.2  2.321e+00 
 161446  1.333   2  2018   77   4.19  58195.370   67.2  5.984e+00 
 161490  0.673   1  2018   78   2.38  58196.295   67.2  3.398e+00 
 161491  0.673   1  2018   78   2.73  58196.309   67.2  3.658e+00 
 161492  0.673   1  2018   78   3.36  58196.336   67.2  4.674e+00 
 161493  0.673   1  2018   78   3.71  58196.350   67.2  5.293e+00 
 161527  0.806   5  2018   78  20.73  58197.059   67.2  4.239e+00 
 161529  1.546   2  2018   78  21.78  58197.103   67.2  3.564e+00 
 161531  0.773   1  2018   78  22.65  58197.139   67.2  2.902e+00 
 161532  0.934   2  2018   78  23.12  58197.159   67.2  2.405e+00 
 161533  0.806   5  2018   78  23.77  58197.186   67.2  1.805e+00 
 161535  0.667   1  2018   79   0.84  58197.231   67.2  1.800e+00 
 161536  0.667   1  2018   79   1.19  58197.245   67.2  1.929e+00 
 161537  0.673   1  2018   79   1.82  58197.271   67.2  2.722e+00 
 161538  0.673   1  2018   79   2.17  58197.286   67.2  2.921e+00 
 161539  0.673   1  2018   79   2.76  58197.310   67.2  3.420e+00 
 161540  0.673   1  2018   79   3.11  58197.325   67.2  3.870e+00 
 161573  0.938   3  2018   79  19.74  58198.018   67.3  7.475e+00 
 161577  0.492   2  2018   79  21.89  58198.108   67.3  3.229e+00 
 161578  0.738   3  2018   79  22.24  58198.122   67.3  2.795e+00 
 161579  0.919   2  2018   79  22.81  58198.146   67.3  2.531e+00 
 161581  1.689   1  2018   79  23.76  58198.185   67.3  1.788e+00 
 161583  0.938   4  2018   80   0.70  58198.225   67.3  1.224e+00 
 161584  0.469   2  2018   80   1.08  58198.241   67.3  1.222e+00 
 161585  1.333   2  2018   80   1.75  58198.268   67.3  1.955e+00 
 161587  0.667   1  2018   80   2.69  58198.308   67.3  2.623e+00 
 161588  0.667   1  2018   80   3.04  58198.322   67.3  2.970e+00 
 161622  1.346   2  2018   80  20.30  58199.041   67.3  4.590e+00 
 161624  0.583   1  2018   80  21.40  58199.087   67.3  2.759e+00 
 161625  0.583   1  2018   80  21.73  58199.101   67.3  2.450e+00 
 161628  0.469   2  2018   80  23.37  58199.169   67.3  1.063e+00 
 161629  0.938   4  2018   80  23.75  58199.185   67.3  1.003e+00 
 161630  0.901   2  2018   81   0.37  58199.211   67.3  1.317e+00 
 161631  0.667   1  2018   81   0.83  58199.230   67.3  1.431e+00 
 161632  0.667   1  2018   81   1.50  58199.258   67.3  1.624e+00 
 161633  0.667   1  2018   81   1.84  58199.272   67.3  1.740e+00 
 161635  0.673   1  2018   81   2.68  58199.307   67.3  2.724e+00 
 161674  0.806   5  2018   81  22.29  58200.124   67.3  2.030e+00 
 161676  0.648   1  2018   81  23.21  58200.162   67.3  2.021e+00 
 161677  0.648   1  2018   81  23.55  58200.177   67.3  2.021e+00 
 161678  0.667   1  2018   82   0.22  58200.205   67.3  1.414e+00 
 161679  0.667   1  2018   82   0.57  58200.219   67.3  1.336e+00 
 161680  0.667   1  2018   82   1.20  58200.246   67.3  1.614e+00 
 161681  0.667   1  2018   82   1.55  58200.260   67.3  1.700e+00 
 161682  1.333   2  2018   82   2.26  58200.290   67.3  2.079e+00 
 161684  1.333   2  2018   82   3.26  58200.331   67.3  2.990e+00 
 161727  0.667   1  2018   83   0.81  58201.229   67.3  1.708e+00 
 161728  0.667   1  2018   83   1.15  58201.244   67.3  1.711e+00 
 161729  0.667   1  2018   83   1.76  58201.269   67.3  1.732e+00 
 161730  0.667   1  2018   83   2.11  58201.283   67.3  1.901e+00 
 161731  0.667   1  2018   83   2.70  58201.308   67.3  2.370e+00 
 161732  0.667   1  2018   83   3.05  58201.322   67.3  2.631e+00 
 161733  1.546   2  2018   83   3.75  58201.352   67.3  4.275e+00 
 161774  0.333   1  2018   84   0.19  58202.204   67.3  2.405e+00 
 161775  0.667   1  2018   84   0.79  58202.228   67.3  1.586e+00 
 161776  0.667   1  2018   84   1.13  58202.243   67.3  1.662e+00 
 161777  0.773   1  2018   84   1.94  58202.276   67.3  2.157e+00 
 161778  0.773   1  2018   84   2.34  58202.293   67.3  2.543e+00 
 161779  0.367   1  2018   84   2.92  58202.317   67.3  3.857e+00 
 161780  0.733   2  2018   84   3.24  58202.330   67.3  3.934e+00 
 161781  0.367   1  2018   84   3.56  58202.344   67.3  4.942e+00 
 161824  0.703   3  2018   85   1.33  58203.251   67.4  9.985e-01 
 161825  0.469   2  2018   85   1.65  58203.264   67.4  9.963e-01 
 161826  1.333   2  2018   85   2.25  58203.290   67.4  1.933e+00 
 161827  0.367   1  2018   85   2.97  58203.319   67.4  3.258e+00 
 161828  0.733   2  2018   85   3.29  58203.333   67.4  3.994e+00 
 161829  0.367   1  2018   85   3.62  58203.346   67.4  5.023e+00 
 161874  0.667   1  2018   86   2.43  58204.297   67.4  2.331e+00 
 161875  0.667   1  2018   86   2.78  58204.311   67.4  2.700e+00 
 162293  0.816   1  2018   94  19.65  58213.014   68.1  1.317e+01 
 162294  0.816   1  2018   94  20.08  58213.032   68.1  1.181e+01 
 162441  0.773   1  2018   97  21.67  58216.099   68.7  2.722e+00 
 162442  0.773   1  2018   97  22.07  58216.115   68.7  2.652e+00 
 162443  0.789   1  2018   97  22.76  58216.144   68.7  2.150e+00 
 162444  0.789   1  2018   97  23.18  58216.161   68.7  2.113e+00 
 162446  0.667   1  2018   98   0.47  58216.215   68.8  5.097e-01 
 162492  0.800   1  2018   98  23.50  58217.175   69.1  1.718e+00 
 162493  0.800   1  2018   98  23.93  58217.193   69.1  1.642e+00 
 162494  0.667   1  2018   99   0.46  58217.215   69.1  8.760e-01 
 162495  0.667   1  2018   99   0.81  58217.229   69.1  9.396e-01 
 162496  0.667   1  2018   99   1.45  58217.256   69.1  9.779e-01 
 162497  0.667   1  2018   99   1.80  58217.271   69.1  1.029e+00 
 162498  0.737   2  2018   99   2.31  58217.292   69.1  1.928e+00 
 162499  0.737   2  2018   99   2.74  58217.310   69.1  2.371e+00 
 162543  1.333   2  2018  100   0.78  58218.228   69.4  1.175e+00 
 162545  1.333   2  2018  100   1.74  58218.268   69.4  1.244e+00 
 162547  0.342   3  2018  100   2.62  58218.305   69.5  1.830e+00 
 162549  1.028   1  2018  100   3.58  58218.345   69.5  4.684e+00 
 162550  1.061   1  2018  100   4.24  58218.372   69.5  6.354e+00 
 162630  0.500   1  2018  101  20.32  58220.042   69.9  5.584e+00 
 162631  1.000   2  2018  101  20.74  58220.060   69.9  4.930e+00 
 162632  0.500   1  2018  101  21.15  58220.077   69.9  4.465e+00 
 162637  0.456   4  2018  101  23.81  58220.188   69.9  9.921e-01 
 162638  0.569   5  2018  102   0.23  58220.205   69.9  1.115e+00 
 162639  0.569   5  2018  102   0.77  58220.227   69.9  1.199e+00 
 162640  0.683   6  2018  102   1.27  58220.249   69.9  1.298e+00 
 162641  0.569   5  2018  102   1.77  58220.269   69.9  1.168e+00 
 162642  0.683   6  2018  102   2.27  58220.290   69.9  1.703e+00 
 162643  0.456   4  2018  102   2.69  58220.308   69.9  2.173e+00 
 162737  1.000   3  2018  104   1.75  58222.268   70.1  2.619e+00 
 162738  0.333   1  2018  104   2.14  58222.285   70.1  2.763e+00 
 162775  0.767   3  2018  104  20.77  58223.061   70.2  9.652e+00 
 162776  0.511   2  2018  104  21.12  58223.076   70.2  9.232e+00 
 162780  0.701   1  2018  104  23.47  58223.174   70.2  2.033e+00 
 162781  0.701   1  2018  104  23.86  58223.190   70.2  2.094e+00 
 162782  0.667   1  2018  105   0.45  58223.214   70.3  1.087e+00 
 162783  0.667   1  2018  105   0.79  58223.229   70.3  1.155e+00 
 162784  0.667   1  2018  105   1.47  58223.257   70.3  1.256e+00 
 162785  0.667   1  2018  105   1.81  58223.271   70.3  1.255e+00 
 162786  0.737   2  2018  105   2.38  58223.295   70.3  2.084e+00 
 162787  0.737   2  2018  105   2.81  58223.313   70.3  2.320e+00 
 162791  0.867   2  2018  105   4.71  58223.392   70.3  9.522e+00 
 162821  1.478   2  2018  105  19.70  58224.016   70.4  1.197e+01 
 162825  0.704   6  2018  105  21.78  58224.103   70.4  2.855e+00 
 162826  0.396   4  2018  105  22.40  58224.129   70.4  2.487e+00 
 162827  0.800   1  2018  105  22.88  58224.149   70.4  1.652e+00 
 162828  0.800   1  2018  105  23.32  58224.167   70.4  1.687e+00 
 162829  0.667   1  2018  105  23.86  58224.190   70.4  1.162e+00 
 162830  0.667   1  2018  106   0.21  58224.204   70.4  1.063e+00 
 162831  0.667   1  2018  106   0.92  58224.234   70.4  1.345e+00 
 162832  0.667   1  2018  106   1.27  58224.248   70.4  1.338e+00 
 162833  0.618   4  2018  106   1.81  58224.271   70.4  1.666e+00 
 162834  0.618   4  2018  106   2.19  58224.287   70.4  1.957e+00 
 162837  0.763   3  2018  106   3.86  58224.356   70.4  4.159e+00 
 162838  0.539   5  2018  106   4.28  58224.374   70.4  6.431e+00 
 162869  0.816   1  2018  106  19.86  58225.023   70.6  1.125e+01 
 162870  0.816   1  2018  106  20.28  58225.041   70.6  1.032e+01 
 162887  1.061   1  2018  107   4.53  58225.384   70.6  6.624e+00 
 162921  0.483   3  2018  107  21.86  58226.106   70.7  2.363e+00 
 162922  0.806   5  2018  107  22.28  58226.124   70.7  2.028e+00 
 162930  0.750   3  2018  108   2.24  58226.289   70.7  2.161e+00 
 162967  0.816   1  2018  108  20.77  58227.061   70.8  9.673e+00 
 162969  0.483   3  2018  108  21.86  58227.106   70.8  2.465e+00 
 162970  0.806   5  2018  108  22.28  58227.124   70.8  2.329e+00 
 162971  0.926   1  2018  108  22.97  58227.153   70.8  3.495e+00 
 162972  0.926   1  2018  108  23.46  58227.173   70.8  3.187e+00 
 162974  0.800   1  2018  109   0.07  58227.199   70.8  1.117e+00 
 162975  0.800   1  2018  109   0.51  58227.217   70.8  1.160e+00 
 162976  1.033   6  2018  109   1.24  58227.247   70.8  1.737e+00 
 162977  0.344   2  2018  109   1.63  58227.263   70.8  1.797e+00 
 163016  0.483   3  2018  109  21.35  58228.085   70.8  2.512e+00 
 163017  0.806   5  2018  109  21.77  58228.103   70.8  2.689e+00 
 163018  0.517   3  2018  109  22.40  58228.129   70.8  1.837e+00 
 163019  0.861   5  2018  109  22.79  58228.145   70.8  1.659e+00 
 163021  0.344   2  2018  109  23.91  58228.192   70.8  1.388e+00 
 163022  0.861   5  2018  110   0.25  58228.206   70.8  1.685e+00 
 163029  0.333   1  2018  110   3.98  58228.361   70.8  5.576e+00 
 163030  0.667   2  2018  110   4.27  58228.373   70.8  7.180e+00 
 163031  0.333   1  2018  110   4.56  58228.385   70.8  8.585e+00 
 163116  0.667   1  2018  111  23.17  58230.161   70.9  1.280e+00 
 163117  1.333   2  2018  111  23.75  58230.185   70.9  1.212e+00 
 163118  0.667   1  2018  112   0.32  58230.209   70.9  1.111e+00 
 163119  0.926   1  2018  112   0.85  58230.231   70.9  3.499e+00 
 163120  0.926   1  2018  112   1.35  58230.252   70.9  3.660e+00 
 163121  0.926   1  2018  112   1.92  58230.276   70.9  3.830e+00 
 163122  0.926   1  2018  112   2.42  58230.296   70.9  4.257e+00 
 163168  0.800   1  2018  113   1.44  58231.256   70.9  1.704e+00 
 163169  0.800   1  2018  113   1.87  58231.274   70.9  1.776e+00 
 163172  1.217   1  2018  113   3.05  58231.323   70.9  2.405e+00 
 163731  0.333   1  2018  124  18.90  58242.983   71.2  1.338e+01 
 163732  0.667   2  2018  124  19.22  58242.996   71.2  1.147e+01 
 163733  0.483   3  2018  124  19.85  58243.023   71.2  5.251e+00 
 163734  0.806   5  2018  124  20.27  58243.040   71.2  4.190e+00 
 163735  0.756   1  2018  124  20.87  58243.065   71.2  3.140e+00 
 163828  0.644   4  2018  126  19.26  58244.998   70.8  9.479e+00 
 163830  0.644   4  2018  126  20.22  58245.038   70.8  6.601e+00 
 163834  0.701   1  2018  126  22.09  58245.116   70.8  3.366e+00 
 163878  0.500   1  2018  127  20.27  58246.040   70.7  5.110e+00 
 163879  1.000   2  2018  127  20.69  58246.058   70.7  4.281e+00 
 163880  0.500   1  2018  127  21.10  58246.075   70.7  3.782e+00 
 164074  0.740   3  2018  131  22.22  58250.122   71.1  3.008e+00 
 164075  0.987   4  2018  131  22.73  58250.143   71.1  2.594e+00 
 164076  0.493   2  2018  131  23.25  58250.164   71.1  2.606e+00 
 164077  0.493   2  2018  131  23.60  58250.179   71.1  2.219e+00 
 164080  0.351   4  2018  132   1.41  58250.254   71.2  2.384e+00 
 164081  0.507   4  2018  132   1.78  58250.270   71.2  1.721e+00 
 164082  0.507   4  2018  132   2.22  58250.288   71.2  2.280e+00 
 164123  0.456   4  2018  132  22.81  58251.146   71.3  1.438e+00 
 164124  0.683   6  2018  132  23.23  58251.164   71.3  1.690e+00 
 164125  0.569   5  2018  132  23.75  58251.185   71.3  1.338e+00 
 164126  0.683   6  2018  133   0.25  58251.206   71.3  1.283e+00 
 164127  0.342   3  2018  133   0.63  58251.222   71.3  1.351e+00 
 164132  0.618   4  2018  133   3.34  58251.335   71.3  6.762e+00 
 164133  0.450   1  2018  133   3.75  58251.352   71.3  8.228e+00 
 164134  0.450   1  2018  133   4.03  58251.363   71.3  8.185e+00 
 164135  0.450   1  2018  133   4.57  58251.386   71.4  9.893e+00 
 164164  0.500   1  2018  133  19.44  58252.006   71.4  6.819e+00 
 164165  1.000   2  2018  133  19.85  58252.023   71.4  5.655e+00 
 164166  0.500   1  2018  133  20.27  58252.040   71.4  4.653e+00 
 164169  0.500   1  2018  133  21.88  58252.107   71.4  2.370e+00 
 164170  1.000   2  2018  133  22.30  58252.125   71.5  2.252e+00 
 164171  0.500   1  2018  133  22.71  58252.142   71.5  2.120e+00 
 164212  0.633   4  2018  134  19.18  58252.995   71.6  6.874e+00 
 164219  0.342   3  2018  134  22.86  58253.148   71.7  1.434e+00 
 164220  0.683   6  2018  134  23.24  58253.164   71.7  1.350e+00 
 164221  0.589   5  2018  134  23.75  58253.185   71.7  1.363e+00 
 164224  1.578   2  2018  135   1.24  58253.247   71.7  1.683e+00 
 164230  0.673   1  2018  135   4.31  58253.375   71.8  9.750e+00 
 164231  0.673   1  2018  135   4.66  58253.390   71.8  1.134e+01 
 164260  1.056   2  2018  135  19.15  58253.994   72.0  7.853e+00 
 164261  0.695   2  2018  135  19.66  58254.015   72.0  6.463e+00 
 164262  0.836   5  2018  135  20.22  58254.038   72.0  4.738e+00 
 164263  0.616   4  2018  135  20.69  58254.058   72.0  4.005e+00 
 164264  0.683   6  2018  135  21.28  58254.082   72.0  1.897e+00 
 164265  0.569   5  2018  135  21.74  58254.101   72.0  1.590e+00 
 164266  0.569   5  2018  135  22.28  58254.124   72.0  1.294e+00 
 164267  0.683   6  2018  135  22.74  58254.143   72.0  1.442e+00 
 164277  1.161   1  2018  136   3.66  58254.348   72.1  7.140e+00 
 164279  1.028   1  2018  136   4.59  58254.387   72.1  9.360e+00 
 164308  1.056   2  2018  136  19.18  58254.995   72.3  8.217e+00 
 164309  0.528   1  2018  136  19.60  58255.012   72.3  6.817e+00 
 164310  1.056   2  2018  136  20.17  58255.036   72.3  5.696e+00 
 164311  0.528   1  2018  136  20.59  58255.054   72.3  4.905e+00 
 164314  0.456   4  2018  136  22.30  58255.125   72.4  1.401e+00 
 164315  0.683   6  2018  136  22.72  58255.142   72.4  1.552e+00 
 164326  1.328   1  2018  137   4.12  58255.367   72.5  6.857e+00 
 164357  0.618   4  2018  137  19.71  58256.017   72.7  7.114e+00 
 164358  0.525   1  2018  137  20.24  58256.039   72.7  5.865e+00 
 164359  1.050   2  2018  137  20.66  58256.056   72.7  5.302e+00 
 164360  0.525   1  2018  137  21.08  58256.074   72.7  4.814e+00 
 164370  0.463   3  2018  138   2.33  58256.293   72.8  2.796e+00 
 164371  0.943   2  2018  138   2.89  58256.316   72.8  5.351e+00 
 164406  1.067   1  2018  138  20.04  58257.031   73.1  5.045e+00 
 164416  0.507   4  2018  139   1.14  58257.243   73.1  2.252e+00 
 164417  0.633   5  2018  139   1.78  58257.270   73.1  2.104e+00 
 164418  0.548   3  2018  139   2.31  58257.292   73.1  3.132e+00 
 164423  0.556   1  2018  139   4.86  58257.398   73.2  1.136e+01 
 164657  0.372   1  2018  144   1.95  58262.277   74.0  4.442e+00 
 165077  0.606   1  2018  152  19.87  58271.023   74.1  6.506e+00 
 165125  0.996   1  2018  153  19.63  58272.013   74.2  6.775e+00 
 165126  0.650   1  2018  153  20.05  58272.031   74.2  5.804e+00 
 165468  0.511   2  2018  160  23.38  58279.170   75.6  4.439e+00 
 165469  0.511   2  2018  160  23.66  58279.181   75.6  5.082e+00 
 165474  0.767   3  2018  161   2.30  58279.292   75.6  3.044e+00 
 165475  0.511   2  2018  161   2.74  58279.310   75.6  3.193e+00 
 165476  0.767   3  2018  161   3.18  58279.328   75.6  3.214e+00 
 165477  0.511   2  2018  161   3.67  58279.348   75.6  4.624e+00 
 165480  0.511   2  2018  161   5.19  58279.412   75.6  9.816e+00 
 165508  0.767   3  2018  161  19.35  58280.002   75.6  5.719e+00 
 165517  0.833   2  2018  161  23.84  58280.189   75.6  3.585e+00 
 165518  0.833   2  2018  162   0.36  58280.210   75.6  3.282e+00 
 165557  0.987   2  2018  162  19.75  58281.018   75.6  5.483e+00 
 165558  0.996   1  2018  162  20.41  58281.046   75.5  4.905e+00 
 165559  0.996   1  2018  162  20.92  58281.067   75.5  4.312e+00 
 165569  0.844   2  2018  163   1.71  58281.267   75.5  4.758e+00 
 165570  0.422   1  2018  163   2.10  58281.283   75.5  5.508e+00 
 165571  0.772   1  2018  163   2.74  58281.310   75.5  2.774e+00 
 165572  0.772   1  2018  163   3.18  58281.328   75.5  3.106e+00 
 165573  0.604   1  2018  163   3.74  58281.352   75.5  7.215e+00 
 165574  1.209   2  2018  163   4.22  58281.371   75.5  8.334e+00 
 165575  0.673   1  2018  163   4.85  58281.398   75.5  8.239e+00 
 165576  0.673   1  2018  163   5.20  58281.412   75.5  1.024e+01 
 165615  0.828   1  2018  164   0.75  58282.227   75.4  1.557e+00 
 165616  0.828   1  2018  164   1.20  58282.245   75.4  1.918e+00 
 165623  1.209   2  2018  164   4.76  58282.394   75.4  1.065e+01 
 165624  0.604   1  2018  164   5.24  58282.414   75.4  1.282e+01 
 165652  0.867   2  2018  164  19.36  58283.002   75.3  1.164e+01 
 165654  0.528   1  2018  164  20.05  58283.031   75.3  1.115e+01 
 165660  0.996   1  2018  164  23.23  58283.163   75.3  2.914e+00 
 165661  0.996   1  2018  164  23.74  58283.185   75.3  2.676e+00 
 165662  0.652   2  2018  165   0.29  58283.208   75.3  3.183e+00 
 165669  1.000   2  2018  165   3.67  58283.348   75.2  6.805e+00 
 165670  1.000   2  2018  165   4.22  58283.371   75.2  8.151e+00 
 165717  0.670   7  2018  166   3.79  58284.353   75.0  5.697e+00 
 165718  0.539   5  2018  166   4.27  58284.374   75.0  6.378e+00 
 165719  0.667   1  2018  166   4.84  58284.397   75.0  9.375e+00 
 165720  0.667   1  2018  166   5.18  58284.412   75.0  1.092e+01 
 165747  0.701   1  2018  166  19.00  58284.987   74.9  8.722e+00 
 165748  0.701   1  2018  166  19.38  58285.003   74.9  7.524e+00 
 165749  0.483   1  2018  166  19.88  58285.024   74.9  5.750e+00 
 165750  0.967   2  2018  166  20.27  58285.040   74.9  4.886e+00 
 165751  0.483   1  2018  166  20.66  58285.056   74.9  4.289e+00 
 165860  0.511   2  2018  169   3.42  58287.338   74.5  3.919e+00 
 165898  0.744   2  2018  169  22.36  58288.127   74.4  4.146e+00 
 165899  0.744   2  2018  169  22.76  58288.144   74.4  4.267e+00 
 165900  0.922   1  2018  169  23.41  58288.171   74.4  2.177e+00 
 165901  0.922   1  2018  169  23.88  58288.191   74.4  2.329e+00 
 165907  0.650   1  2018  170   2.85  58288.314   74.4  3.496e+00 
 165909  0.650   1  2018  170   3.54  58288.343   74.4  4.160e+00 
 165951  0.483   1  2018  171   0.93  58289.234   74.3  1.565e+00 
 165952  0.967   2  2018  171   1.32  58289.251   74.3  1.823e+00 
 165953  0.483   1  2018  171   1.71  58289.267   74.3  1.995e+00 
 165956  0.673   1  2018  171   3.29  58289.333   74.2  4.101e+00 
 165957  0.673   1  2018  171   3.64  58289.347   74.2  4.458e+00 
 165958  1.013   2  2018  171   4.19  58289.370   74.2  5.907e+00 
 165959  0.673   1  2018  171   4.73  58289.393   74.2  7.692e+00 
 165960  0.673   1  2018  171   5.08  58289.407   74.2  9.265e+00 
 166007  0.333   1  2018  172   4.84  58290.397   74.2  8.611e+00 
 166008  1.000   3  2018  172   5.23  58290.413   74.2  1.060e+01 
 166100  0.863   1  2018  174   3.39  58292.337   74.2  5.026e+00 
 166101  0.667   1  2018  174   4.00  58292.362   74.2  6.480e+00 
 166102  0.667   1  2018  174   4.35  58292.377   74.2  7.321e+00 
 166103  0.667   1  2018  174   4.84  58292.397   74.2  9.095e+00 
 166151  0.571   1  2018  175   4.81  58293.396   74.4  9.476e+00 
 166200  0.883   1  2018  176   5.14  58294.410   74.4  9.937e+00 
 166808  0.652   2  2018  188  21.31  58307.083   73.1  3.577e+00 
 166810  0.633   4  2018  188  22.22  58307.122   73.1  3.175e+00 
 166811  0.661   1  2018  188  22.83  58307.147   73.1  2.968e+00 
 166812  0.661   1  2018  188  23.17  58307.161   73.1  2.937e+00 
 166815  0.772   1  2018  189   0.82  58307.230   73.1  1.260e+00 
 166816  0.772   1  2018  189   1.26  58307.248   73.1  1.409e+00 
 166817  0.604   1  2018  189   1.81  58307.271   73.0  2.682e+00 
 166818  1.209   2  2018  189   2.29  58307.291   73.0  2.656e+00 
 166819  0.604   1  2018  189   2.84  58307.314   73.0  3.051e+00 
 166820  1.209   2  2018  189   3.32  58307.334   73.0  3.614e+00 
 166859  1.656   2  2018  189  22.73  58308.143   72.9  2.517e+00 
 166864  0.772   1  2018  190   1.00  58308.237   72.9  1.339e+00 
 166865  0.772   1  2018  190   1.66  58308.265   72.9  1.488e+00 
 166866  0.772   1  2018  190   2.10  58308.283   72.9  1.550e+00 
 166867  0.800   1  2018  190   2.68  58308.307   72.9  2.636e+00 
 166868  0.800   1  2018  190   3.11  58308.325   72.9  2.923e+00 
 166869  0.800   1  2018  190   3.66  58308.348   72.9  3.705e+00 
 166870  0.800   1  2018  190   4.10  58308.366   72.9  4.465e+00 
 166900  1.389   2  2018  190  19.29  58308.999   72.7  1.050e+01 
 166901  0.694   1  2018  190  19.92  58309.025   72.7  8.588e+00 
 166902  0.694   1  2018  190  20.28  58309.041   72.7  7.614e+00 
 166903  0.694   1  2018  190  20.71  58309.059   72.7  6.944e+00 
 166904  0.694   1  2018  190  21.08  58309.074   72.7  6.255e+00 
 166905  1.333   2  2018  190  21.74  58309.102   72.7  3.082e+00 
 166906  0.667   1  2018  190  22.34  58309.126   72.7  2.728e+00 
 166907  0.667   1  2018  190  22.70  58309.141   72.7  2.803e+00 
 166908  0.694   1  2018  190  23.20  58309.162   72.7  1.432e+00 
 166909  1.389   2  2018  190  23.78  58309.186   72.7  1.281e+00 
 166910  0.694   1  2018  191   0.35  58309.210   72.7  1.212e+00 
 166911  0.694   1  2018  191   0.94  58309.235   72.7  2.004e+00 
 166912  0.694   1  2018  191   1.30  58309.250   72.7  1.747e+00 
 166913  0.694   1  2018  191   1.75  58309.269   72.7  2.024e+00 
 166914  0.694   1  2018  191   2.11  58309.284   72.7  2.158e+00 
 166915  1.389   2  2018  191   2.75  58309.310   72.7  2.599e+00 
 166916  0.694   1  2018  191   3.41  58309.338   72.7  3.483e+00 
 166917  0.694   1  2018  191   3.78  58309.353   72.7  3.943e+00 
 166918  0.694   1  2018  191   4.21  58309.371   72.7  5.104e+00 
 166919  0.694   1  2018  191   4.57  58309.386   72.7  6.357e+00 
 166920  0.694   1  2018  191   5.01  58309.404   72.7  8.047e+00 
 166948  0.694   1  2018  191  19.05  58309.989   72.6  1.293e+01 
 166949  1.389   2  2018  191  19.70  58310.016   72.6  1.082e+01 
 166952  0.694   1  2018  191  21.27  58310.082   72.6  6.026e+00 
 166953  0.694   1  2018  191  21.63  58310.097   72.6  5.651e+00 
 166954  1.389   2  2018  191  22.24  58310.122   72.6  5.194e+00 
 166955  0.694   1  2018  191  22.84  58310.147   72.6  4.991e+00 
 166956  0.694   1  2018  191  23.21  58310.163   72.6  4.996e+00 
 166957  0.694   1  2018  191  23.83  58310.189   72.6  2.468e+00 
 166958  0.694   1  2018  192   0.26  58310.206   72.6  2.557e+00 
 166959  0.694   1  2018  192   0.62  58310.221   72.6  2.404e+00 
 166960  1.356   2  2018  192   1.27  58310.248   72.6  2.391e+00 
 166961  0.678   1  2018  192   1.87  58310.274   72.6  2.446e+00 
 166962  0.678   1  2018  192   2.23  58310.289   72.6  2.855e+00 
 166963  0.678   1  2018  192   2.66  58310.306   72.6  2.851e+00 
 166964  1.000   2  2018  192   3.22  58310.330   72.5  4.294e+00 
 166965  1.000   2  2018  192   3.83  58310.355   72.5  5.262e+00 
 166966  0.678   1  2018  192   4.41  58310.379   72.5  7.797e+00 
 166967  0.678   1  2018  192   4.77  58310.394   72.5  9.108e+00 
 166997  0.678   1  2018  192  19.96  58311.027   72.5  6.815e+00 
 166998  0.678   1  2018  192  20.33  58311.043   72.5  5.881e+00 
 166999  0.678   1  2018  192  20.79  58311.062   72.5  5.197e+00 
 167000  0.678   1  2018  192  21.16  58311.077   72.4  4.687e+00 
 167002  0.622   1  2018  192  22.30  58311.125   72.4  3.212e+00 
 167003  0.622   1  2018  192  22.63  58311.139   72.4  3.069e+00 
 167004  0.789   1  2018  192  23.18  58311.161   72.4  3.450e+00 
 167005  0.789   1  2018  192  23.60  58311.179   72.4  3.412e+00 
 167007  0.678   1  2018  193   0.55  58311.219   72.4  1.990e+00 
 167008  0.911   2  2018  193   1.27  58311.249   72.4  2.159e+00 
 167010  0.344   1  2018  193   2.20  58311.287   72.4  1.889e+00 
 167011  0.456   1  2018  193   2.66  58311.306   72.4  2.089e+00 
 167012  0.583   1  2018  193   3.08  58311.324   72.4  2.325e+00 
 167013  0.567   1  2018  193   3.59  58311.345   72.4  4.157e+00 
 167014  1.356   2  2018  193   4.28  58311.374   72.4  5.313e+00 
 167015  0.678   1  2018  193   4.89  58311.399   72.4  7.247e+00 
 167016  0.678   1  2018  193   5.26  58311.415   72.4  9.187e+00 
 167017  0.622   1  2018  193   5.67  58311.432   72.4  1.156e+01 
 167046  0.333   1  2018  193  20.02  58312.030   72.3  6.140e+00 
 167057  0.373   1  2018  194   1.59  58312.262   72.3  2.005e+00 
 167058  0.747   2  2018  194   2.14  58312.285   72.3  2.260e+00 
 167059  1.250   1  2018  194   2.79  58312.312   72.3  3.650e+00 
 167060  0.500   1  2018  194   3.48  58312.341   72.3  5.223e+00 
 167061  0.500   1  2018  194   3.76  58312.352   72.3  5.971e+00 
 167062  1.000   2  2018  194   4.17  58312.369   72.3  7.230e+00 
 167093  0.442   1  2018  194  19.90  58313.025   72.2  9.181e+00 
 167094  0.883   2  2018  194  20.27  58313.040   72.2  8.527e+00 
 167095  0.442   1  2018  194  20.64  58313.056   72.2  7.719e+00 
 167106  0.578   2  2018  195   2.32  58313.292   72.2  2.813e+00 
 167191  0.772   1  2018  196  20.81  58315.063   72.1  5.496e+00 
 167192  0.772   1  2018  196  21.25  58315.081   72.1  4.945e+00 
 167193  0.500   2  2018  196  21.75  58315.102   72.1  4.063e+00 
 167194  0.500   2  2018  196  22.10  58315.116   72.1  3.501e+00 
 167391  1.022   4  2018  201   0.73  58319.226   72.3  9.897e-01 
 167393  0.511   2  2018  201   1.82  58319.271   72.3  1.820e+00 
 167394  0.767   3  2018  201   2.23  58319.289   72.3  1.996e+00 
 167395  0.767   3  2018  201   2.78  58319.311   72.3  2.008e+00 
 167396  0.511   2  2018  201   3.12  58319.326   72.3  2.266e+00 
 167397  0.767   3  2018  201   3.84  58319.355   72.3  4.332e+00 
 167399  0.511   2  2018  201   4.88  58319.399   72.3  7.452e+00 
 167447  0.667   2  2018  202   4.70  58320.391   72.2  6.609e+00 
 168005  1.031   2  2018  213  19.80  58332.021   70.7  7.560e+00 
 168053  0.516   1  2018  214  19.90  58333.025   70.6  7.219e+00 
 168054  0.516   1  2018  214  20.32  58333.042   70.6  5.829e+00 
 168056  0.682   2  2018  214  21.23  58333.080   70.6  3.847e+00 
 168057  0.333   2  2018  214  21.92  58333.109   70.6  1.216e+00 
 168058  0.333   2  2018  214  22.29  58333.124   70.6  9.269e-01 
 168255  1.028   1  2018  219   0.67  58337.223   70.4  1.691e+00 
 168256  1.028   1  2018  219   1.30  58337.250   70.4  1.473e+00 
 168257  1.067   1  2018  219   1.95  58337.277   70.4  1.860e+00 
 168260  0.996   1  2018  219   3.16  58337.327   70.4  2.277e+00 
 168261  0.996   1  2018  219   3.67  58337.348   70.4  2.868e+00 
 168305  0.333   1  2018  220   1.81  58338.271   70.4  3.120e+00 
 168306  0.583   1  2018  220   2.13  58338.284   70.4  2.868e+00 
 168307  1.000   2  2018  220   2.71  58338.309   70.4  4.444e+00 
 168308  1.000   2  2018  220   3.26  58338.331   70.4  5.175e+00 
 168309  0.652   2  2018  220   3.84  58338.355   70.4  1.081e+01 
 168390  0.496   4  2018  221  20.25  58340.039   70.5  7.162e+00 
 168391  0.380   3  2018  221  20.88  58340.066   70.5  5.908e+00 
 168446  0.800   1  2018  223   0.16  58341.202   70.6  1.499e+00 
 168447  0.800   1  2018  223   0.59  58341.220   70.6  1.293e+00 
 168493  0.767   3  2018  223  23.85  58342.189   70.7  2.056e+00 
 168494  0.489   2  2018  224   0.25  58342.206   70.7  1.749e+00 
 168495  0.933   4  2018  224   0.73  58342.226   70.7  1.883e+00 
 168496  1.033   2  2018  224   1.40  58342.254   70.7  1.706e+00 
 168497  0.800   1  2018  224   1.92  58342.275   70.7  1.939e+00 
 168498  0.479   2  2018  224   2.42  58342.297   70.7  3.083e+00 
 168499  0.718   3  2018  224   2.79  58342.312   70.7  3.292e+00 
 168542  0.467   2  2018  225   0.35  58343.210   70.8  1.722e+00 
 168543  0.933   4  2018  225   0.77  58343.228   70.8  1.493e+00 
 168547  0.926   1  2018  225   2.94  58343.318   70.8  2.733e+00 
 168548  0.926   1  2018  225   3.43  58343.338   70.8  3.574e+00 
 168550  0.958   4  2018  225   4.25  58343.373   70.8  5.900e+00 
 168551  0.767   2  2018  225   4.88  58343.399   70.8  1.063e+01 
 168582  0.428   1  2018  225  20.10  58344.033   70.9  1.039e+01 
 168586  0.767   3  2018  225  22.32  58344.126   70.9  1.479e+00 
 168587  0.767   3  2018  225  22.74  58344.143   70.9  1.242e+00 
 168589  0.800   1  2018  225  23.92  58344.192   70.9  1.379e+00 
 168590  0.800   1  2018  226   0.35  58344.210   70.9  1.254e+00 
 168631  0.591   4  2018  226  20.73  58345.060   70.9  4.293e+00 
 168633  0.767   3  2018  226  21.69  58345.099   70.9  1.454e+00 
 168634  0.767   3  2018  226  22.20  58345.121   70.9  1.616e+00 
 168635  0.511   2  2018  226  22.66  58345.140   70.9  1.668e+00 
 168641  0.800   1  2018  227   1.82  58345.271   70.9  1.968e+00 
 168642  0.800   1  2018  227   2.25  58345.289   70.9  1.911e+00 
 168643  0.479   2  2018  227   2.79  58345.312   70.9  3.320e+00 
 168644  0.958   4  2018  227   3.23  58345.330   70.9  3.733e+00 
 168645  0.479   2  2018  227   3.80  58345.354   70.8  4.756e+00 
 168646  0.958   4  2018  227   4.25  58345.373   70.8  5.954e+00 
 168647  1.028   1  2018  227   4.94  58345.401   70.8  1.076e+01 
 168684  0.767   3  2018  227  23.32  58346.167   70.8  2.434e+00 
 168686  0.800   1  2018  228   0.27  58346.207   70.8  1.529e+00 
 168687  0.800   1  2018  228   0.70  58346.225   70.8  1.504e+00 
 168688  0.744   2  2018  228   1.39  58346.254   70.8  1.655e+00 
 168689  0.744   2  2018  228   1.80  58346.270   70.8  1.746e+00 
 168690  0.479   2  2018  228   2.35  58346.293   70.8  3.237e+00 
 168691  0.718   3  2018  228   2.71  58346.309   70.8  3.355e+00 
 168693  0.718   3  2018  228   3.73  58346.351   70.8  5.004e+00 
 168694  0.718   3  2018  228   4.18  58346.370   70.8  6.190e+00 
 168733  0.767   3  2018  228  23.72  58347.184   70.8  1.744e+00 
 168738  0.479   2  2018  229   2.38  58347.295   70.8  3.418e+00 
 168739  0.718   3  2018  229   2.75  58347.310   70.8  3.426e+00 
 168740  0.718   3  2018  229   3.29  58347.333   70.8  4.194e+00 
 168741  0.718   3  2018  229   3.78  58347.353   70.8  4.763e+00 
 168784  0.511   2  2018  230   1.23  58348.247   70.7  1.962e+00 
 168785  0.926   1  2018  230   1.76  58348.269   70.7  2.088e+00 
 168786  0.926   1  2018  230   2.26  58348.290   70.7  2.363e+00 
 168787  0.479   2  2018  230   2.87  58348.315   70.7  3.278e+00 
 168788  0.718   3  2018  230   3.24  58348.331   70.7  3.877e+00 
 168789  0.718   3  2018  230   3.80  58348.354   70.7  4.914e+00 
 168790  0.718   3  2018  230   4.29  58348.374   70.6  6.424e+00 
 168831  0.667   1  2018  231   0.81  58349.229   70.6  1.071e+00 
 168832  0.667   1  2018  231   1.42  58349.255   70.6  1.897e+00 
 168833  0.667   1  2018  231   1.76  58349.269   70.6  2.014e+00 
 168834  0.667   1  2018  231   2.22  58349.288   70.6  2.189e+00 
 168835  0.667   1  2018  231   2.57  58349.302   70.6  2.389e+00 
 168836  0.667   1  2018  231   3.20  58349.329   70.6  3.128e+00 
 168837  0.667   1  2018  231   3.54  58349.343   70.6  3.592e+00 
 168838  1.333   2  2018  231   4.20  58349.371   70.6  5.174e+00 
 168839  0.667   1  2018  231   4.84  58349.397   70.5  7.724e+00 
 168840  0.667   1  2018  231   5.18  58349.412   70.5  9.680e+00 
 168881  0.667   1  2018  232   1.93  58350.276   70.5  3.500e+00 
 168882  0.667   1  2018  232   2.28  58350.291   70.5  4.113e+00 
 168883  0.667   1  2018  232   2.73  58350.309   70.5  4.461e+00 
 168884  0.667   1  2018  232   3.08  58350.324   70.5  4.915e+00 
 168885  0.667   1  2018  232   3.70  58350.350   70.5  6.219e+00 
 168886  0.667   1  2018  232   4.04  58350.364   70.5  7.187e+00 
 168887  0.667   1  2018  232   4.69  58350.391   70.5  9.165e+00 
 168888  0.667   1  2018  232   5.03  58350.405   70.5  1.063e+01 
 168932  1.022   4  2018  233   3.28  58351.332   70.4  4.044e+00 
 168934  1.000   2  2018  233   4.15  58351.368   70.4  6.761e+00 
 168935  1.000   2  2018  233   4.70  58351.391   70.4  8.881e+00 
 169541  0.516   1  2018  245  19.51  58364.009   70.1  1.216e+01 
 169551  0.767   3  2018  246   0.76  58364.227   70.1  3.398e+00 
 169602  0.451   2  2018  247   2.30  58365.291   70.1  2.263e+00 
 169603  0.677   3  2018  247   2.72  58365.309   70.1  2.635e+00 
 169636  1.311   2  2018  247  19.30  58366.000   70.0  6.906e+00 
 169637  0.656   1  2018  247  19.82  58366.021   70.0  4.927e+00 
 169638  0.656   1  2018  247  20.16  58366.036   70.0  3.988e+00 
 169639  1.311   2  2018  247  20.81  58366.063   70.0  3.085e+00 
 169640  0.656   1  2018  247  21.33  58366.084   70.0  2.453e+00 
 169641  0.656   1  2018  247  21.68  58366.099   70.0  2.454e+00 
 169642  0.656   1  2018  247  22.30  58366.125   70.0  2.167e+00 
 169643  1.311   2  2018  247  22.82  58366.146   70.0  2.061e+00 
 169644  0.656   1  2018  247  23.34  58366.168   70.0  1.981e+00 
 169645  0.656   1  2018  247  23.78  58366.186   70.0  1.800e+00 
 169646  1.311   2  2018  248   0.30  58366.208   70.0  1.798e+00 
 169647  0.656   1  2018  248   0.81  58366.230   70.1  1.818e+00 
 169648  0.656   1  2018  248   1.32  58366.250   70.1  2.683e+00 
 169649  0.656   1  2018  248   1.66  58366.265   70.1  2.656e+00 
 169650  1.311   2  2018  248   2.18  58366.286   70.1  2.893e+00 
 169652  1.311   2  2018  248   3.27  58366.332   70.1  3.315e+00 
 169653  0.656   1  2018  248   3.79  58366.353   70.1  4.028e+00 
 169654  1.311   2  2018  248   4.31  58366.375   70.1  5.679e+00 
 169655  0.656   1  2018  248   4.83  58366.397   70.1  8.162e+00 
 169684  0.989   1  2018  248  19.24  58366.997   70.0  8.874e+00 
 169685  0.989   1  2018  248  19.75  58367.018   70.0  6.509e+00 
 169686  0.656   1  2018  248  20.43  58367.047   70.0  3.797e+00 
 169687  0.656   1  2018  248  20.78  58367.061   70.0  3.253e+00 
 169688  1.311   2  2018  248  21.29  58367.083   70.0  2.697e+00 
 169689  0.656   1  2018  248  21.93  58367.109   70.0  1.683e+00 
 169690  0.656   1  2018  248  22.27  58367.124   70.0  1.685e+00 
 169691  1.311   2  2018  248  22.79  58367.145   70.0  1.407e+00 
 169693  1.311   2  2018  248  23.71  58367.183   70.0  1.598e+00 
 169694  0.656   1  2018  249   0.23  58367.205   70.0  1.579e+00 
 169695  0.656   1  2018  249   0.58  58367.220   70.0  1.532e+00 
 169696  1.311   2  2018  249   1.21  58367.246   70.0  1.685e+00 
 169697  0.656   1  2018  249   1.73  58367.268   70.0  1.941e+00 
 169698  0.656   1  2018  249   2.07  58367.282   70.0  2.000e+00 
 169699  0.822   1  2018  249   2.72  58367.309   70.0  3.256e+00 
 169700  0.822   1  2018  249   3.15  58367.327   70.0  3.849e+00 
 169701  0.600   1  2018  249   3.78  58367.353   70.0  1.055e+01 
 169702  1.200   2  2018  249   4.26  58367.373   70.0  1.234e+01 
 169703  0.600   1  2018  249   4.73  58367.393   70.0  1.418e+01 
 169741  0.677   3  2018  249  23.73  58368.184   69.9  1.613e+00 
 169742  0.451   2  2018  250   0.15  58368.202   69.9  1.934e+00 
 169747  0.718   3  2018  250   2.85  58368.314   69.8  2.921e+00 
 169748  0.718   3  2018  250   3.29  58368.333   69.8  3.581e+00 
 169781  0.516   1  2018  250  19.53  58369.009   69.7  1.305e+01 
 169980  0.677   3  2018  254  23.27  58373.165   69.1  1.961e+00 
 169981  0.677   3  2018  254  23.78  58373.186   69.1  2.220e+00 
 169982  0.479   2  2018  255   0.29  58373.208   69.1  2.414e+00 
 169983  0.958   4  2018  255   0.74  58373.226   69.1  2.120e+00 
 169984  0.479   2  2018  255   1.31  58373.250   69.1  2.210e+00 
 169985  0.958   4  2018  255   1.75  58373.269   69.1  2.319e+00 
 169986  0.479   2  2018  255   2.34  58373.293   69.1  2.960e+00 
 169987  0.718   3  2018  255   2.71  58373.308   69.1  3.033e+00 
 169989  0.479   2  2018  255   3.80  58373.354   69.1  4.774e+00 
 169990  0.958   4  2018  255   4.24  58373.372   69.1  6.459e+00 
 170024  1.333   2  2018  255  21.19  58374.079   69.0  4.446e+00 
 170025  0.667   1  2018  255  21.73  58374.101   69.0  3.891e+00 
 170026  0.727   2  2018  255  22.12  58374.117   69.0  4.232e+00 
 170033  0.660   2  2018  256   1.72  58374.267   69.0  5.073e+00 
 170034  0.660   2  2018  256   2.11  58374.283   69.0  5.418e+00 
 170035  1.123   3  2018  256   2.73  58374.309   69.0  5.901e+00 
 170036  0.374   1  2018  256   3.16  58374.327   69.0  6.160e+00 
 170073  0.701   1  2018  256  21.90  58375.108   69.0  1.932e+00 
 170074  0.701   1  2018  256  22.28  58375.124   69.0  1.906e+00 
 170075  0.533   1  2018  256  22.76  58375.144   69.0  1.770e+00 
 170076  0.600   2  2018  256  23.10  58375.158   69.0  1.881e+00 
 170077  0.700   4  2018  256  23.87  58375.190   69.0  1.972e+00 
 170078  0.500   1  2018  257   0.28  58375.207   69.0  1.425e+00 
 170079  0.742   3  2018  257   0.82  58375.230   69.0  1.123e+00 
 170080  0.541   3  2018  257   1.19  58375.245   69.0  1.439e+00 
 170081  0.701   1  2018  257   1.79  58375.270   69.0  2.938e+00 
 170082  0.701   1  2018  257   2.18  58375.286   69.0  3.337e+00 
 170083  0.701   1  2018  257   2.73  58375.309   69.0  2.713e+00 
 170084  0.701   1  2018  257   3.11  58375.325   69.0  3.277e+00 
 170085  0.833   1  2018  257   3.66  58375.348   69.0  9.284e+00 
 170086  0.833   1  2018  257   4.11  58375.367   69.0  1.140e+01 
 170123  0.883   3  2018  257  22.77  58376.144   69.0  1.458e+00 
 170125  0.589   2  2018  257  23.75  58376.185   69.0  2.245e+00 
 170126  0.461   1  2018  258   0.06  58376.198   69.0  2.245e+00 
 170127  0.461   1  2018  258   0.57  58376.220   69.0  2.320e+00 
 170128  0.589   2  2018  258   1.27  58376.249   69.0  2.085e+00 
 170129  0.461   1  2018  258   1.58  58376.261   69.0  2.135e+00 
 170130  0.461   1  2018  258   2.10  58376.283   69.0  2.611e+00 
 170131  0.589   2  2018  258   2.81  58376.313   69.0  4.719e+00 
 170132  0.461   1  2018  258   3.12  58376.326   69.0  5.196e+00 
 170133  0.461   1  2018  258   3.64  58376.347   69.0  6.392e+00 
 170134  0.461   1  2018  258   4.29  58376.374   69.0  9.961e+00 
 170135  0.922   2  2018  258   4.67  58376.390   69.0  1.170e+01 
 170170  0.561   3  2018  258  22.30  58377.125   69.0  1.245e+00 
 170172  0.561   3  2018  258  23.22  58377.163   69.0  1.873e+00 
 170174  0.561   3  2018  259   0.13  58377.201   69.0  1.646e+00 
 170175  0.522   2  2018  259   0.77  58377.228   69.0  2.358e+00 
 170176  0.756   2  2018  259   1.27  58377.248   69.0  3.208e+00 
 170180  0.461   1  2018  259   3.00  58377.321   69.0  5.032e+00 
 170181  0.461   1  2018  259   3.52  58377.342   69.0  5.957e+00 
 170182  0.628   3  2018  259   4.37  58377.378   69.0  9.743e+00 
 170838  0.847   3  2018  272  20.18  58391.036   68.8  1.275e+01 
 170839  0.564   2  2018  272  20.80  58391.062   68.8  1.131e+01 
 170840  0.564   2  2018  272  21.12  58391.076   68.8  1.201e+01 
 170841  0.765   3  2018  272  21.64  58391.097   68.8  4.189e+00 
 170887  0.847   3  2018  273  20.80  58392.062   68.9  1.181e+01 
 170889  0.742   3  2018  273  21.76  58392.102   68.9  1.920e+00 
 170891  0.500   1  2018  273  22.91  58392.150   68.9  1.592e+00 
 170892  0.500   1  2018  273  23.21  58392.163   68.9  1.141e+00 
 170985  1.333   2  2018  275  21.76  58394.102   69.0  2.125e+00 
 170986  0.667   1  2018  275  22.48  58394.132   69.0  1.640e+00 
 170987  0.667   1  2018  275  22.83  58394.147   69.0  1.521e+00 
 170988  0.644   2  2018  275  23.33  58394.168   69.0  1.433e+00 
 170989  0.644   2  2018  275  23.75  58394.185   69.0  1.503e+00 
 171230  0.500   1  2018  281   0.46  58399.215   69.2  1.076e+00 
 171231  1.000   2  2018  281   0.85  58399.231   69.3  1.290e+00 
 171233  0.372   1  2018  281   1.88  58399.274   69.3  5.798e+00 
 171234  1.117   3  2018  281   2.28  58399.291   69.3  6.361e+00 
 171235  0.744   2  2018  281   2.89  58399.316   69.3  7.638e+00 
 171236  0.744   2  2018  281   3.30  58399.333   69.3  9.003e+00 
 171274  0.900   2  2018  281  22.30  58400.125   69.3  2.222e+00 
 171275  0.450   1  2018  281  22.68  58400.140   69.3  2.575e+00 
 171276  0.372   1  2018  281  23.23  58400.164   69.3  2.056e+00 
 171278  0.644   2  2018  282   0.30  58400.208   69.3  1.731e+00 
 171282  1.569   2  2018  282   2.24  58400.289   69.3  1.213e+01 
 171283  0.784   1  2018  282   2.95  58400.319   69.3  1.337e+01 
 171284  0.784   1  2018  282   3.36  58400.336   69.3  1.439e+01 
 171321  0.424   7  2018  282  21.78  58401.103   69.4  5.449e+00 
 171329  0.600   3  2018  283   1.81  58401.271   69.4  4.915e+00 
 171332  0.333   1  2018  283   3.49  58401.341   69.4  7.443e+00 
 171333  0.667   2  2018  283   3.78  58401.353   69.4  8.443e+00 
 171334  0.333   1  2018  283   4.07  58401.365   69.4  1.017e+01 
 171365  0.701   1  2018  283  19.93  58402.026   69.4  6.108e+00 
 171366  0.701   1  2018  283  20.32  58402.042   69.4  5.187e+00 
 171367  0.667   1  2018  283  20.84  58402.064   69.4  3.493e+00 
 171368  0.667   1  2018  283  21.18  58402.078   69.4  3.031e+00 
 171369  1.333   2  2018  283  21.81  58402.104   69.4  2.365e+00 
 171370  0.667   1  2018  283  22.43  58402.130   69.4  2.091e+00 
 171371  0.667   1  2018  283  22.78  58402.145   69.4  1.962e+00 
 171374  0.851   4  2018  284   0.25  58402.206   69.4  1.735e+00 
 171375  0.426   2  2018  284   0.66  58402.223   69.4  1.506e+00 
 171464  0.363   6  2018  285  21.26  58404.081   69.4  3.989e+00 
 171470  0.450   1  2018  286   0.40  58404.212   69.4  1.959e+00 
 171471  0.900   2  2018  286   0.78  58404.228   69.4  2.017e+00 
 171473  0.967   3  2018  286   1.73  58404.268   69.4  2.191e+00 
 171476  0.644   2  2018  286   3.34  58404.335   69.4  4.755e+00 
 171477  0.644   2  2018  286   3.76  58404.352   69.4  6.037e+00 
 171515  0.424   7  2018  286  22.67  58405.140   69.4  2.718e+00 
 171518  0.426   2  2018  287   0.33  58405.209   69.4  1.759e+00 
 171519  0.851   4  2018  287   0.74  58405.227   69.4  1.923e+00 
 171520  0.784   1  2018  287   1.44  58405.255   69.4  1.144e+01 
 171521  0.784   1  2018  287   1.85  58405.273   69.4  1.203e+01 
 171522  0.784   1  2018  287   2.43  58405.297   69.4  1.059e+01 
 171523  0.784   1  2018  287   2.87  58405.315   69.4  1.138e+01 
 171524  0.784   1  2018  287   3.48  58405.340   69.4  1.486e+01 
 171562  0.900   2  2018  287  22.29  58406.125   69.4  2.273e+00 
 171564  0.644   2  2018  287  23.19  58406.162   69.4  1.541e+00 
 171571  0.989   2  2018  288   2.75  58406.310   69.4  9.097e+00 
 171614  0.851   4  2018  289   0.29  58407.208   69.3  1.384e+00 
 171615  0.426   2  2018  289   0.70  58407.225   69.3  1.595e+00 
 171617  0.784   1  2018  289   1.62  58407.263   69.3  1.170e+01 
 171619  0.784   1  2018  289   2.73  58407.309   69.3  1.276e+01 
 171620  0.784   1  2018  289   3.15  58407.327   69.3  1.391e+01 
 171663  0.744   2  2018  290   0.69  58408.224   69.3  3.291e+00 
 171664  0.744   2  2018  290   1.39  58408.254   69.3  3.362e+00 
 171665  0.744   2  2018  290   1.80  58408.271   69.3  3.647e+00 
 171666  0.526   1  2018  290   2.39  58408.295   69.3  4.327e+00 
 171667  1.051   2  2018  290   2.81  58408.313   69.3  4.838e+00 
 171668  0.526   1  2018  290   3.23  58408.330   69.3  5.764e+00 
 171713  0.372   1  2018  291   1.83  58409.272   69.3  3.446e+00 
 171714  0.462   1  2018  291   2.34  58409.293   69.3  4.394e+00 
 171715  0.924   2  2018  291   2.73  58409.309   69.3  4.621e+00 
 171716  0.462   1  2018  291   3.12  58409.325   69.3  5.767e+00 
 172183  0.644   2  2018  300  20.75  58419.060   68.3  5.027e+00 
 172232  0.967   3  2018  301  21.22  58420.080   68.1  4.392e+00 
 172281  0.500   1  2018  302  21.73  58421.101   68.1  2.506e+00 
 172282  0.500   1  2018  302  22.03  58421.114   68.1  2.553e+00 
 172283  0.701   1  2018  302  22.63  58421.139   68.1  2.218e+00 
 172284  0.701   1  2018  302  23.02  58421.155   68.1  1.993e+00 
 172325  0.644   2  2018  303  19.88  58422.024   68.0  6.990e+00 
 172326  0.644   2  2018  303  20.30  58422.041   68.0  5.969e+00 
 172328  0.967   3  2018  303  21.23  58422.080   68.0  4.375e+00 
 172331  0.822   1  2018  303  22.84  58422.147   68.0  4.425e+00 
 172333  0.520   3  2018  303  23.81  58422.188   68.0  1.770e+00 
 172376  0.494   2  2018  304  21.32  58423.084   67.8  3.345e+00 
 172377  0.788   4  2018  304  21.69  58423.100   67.8  3.177e+00 
 172380  0.526   1  2018  304  23.35  58423.169   67.8  2.955e+00 
 172381  1.051   2  2018  304  23.78  58423.186   67.8  2.848e+00 
 172422  0.989   4  2018  305  20.24  58424.039   67.8  5.252e+00 
 172426  0.822   1  2018  305  22.06  58424.115   67.7  4.969e+00 
 172428  0.462   1  2018  305  23.44  58424.172   67.7  2.819e+00 
 172429  0.924   2  2018  305  23.83  58424.189   67.7  2.876e+00 
 172430  0.462   1  2018  306   0.22  58424.205   67.7  3.047e+00 
 172431  0.924   2  2018  306   0.84  58424.231   67.7  2.996e+00 
 172432  0.924   2  2018  306   1.36  58424.252   67.7  3.308e+00 
 172474  0.526   1  2018  306  22.36  58425.127   67.7  3.333e+00 
 172475  1.051   2  2018  306  22.78  58425.145   67.7  3.146e+00 
 172476  0.526   1  2018  306  23.20  58425.162   67.7  3.070e+00 
 172477  1.051   2  2018  306  23.75  58425.185   67.7  3.038e+00 
 172478  1.051   2  2018  307   0.31  58425.209   67.7  2.974e+00 
 172480  0.526   1  2018  307   1.43  58425.255   67.7  3.408e+00 
 172481  1.051   2  2018  307   1.86  58425.273   67.7  3.820e+00 
 172482  0.526   1  2018  307   2.28  58425.290   67.7  4.408e+00 
 172566  1.333   2  2018  308  20.21  58427.038   67.7  8.146e+00 
 172567  0.667   1  2018  308  20.78  58427.061   67.7  6.376e+00 
 172569  0.667   1  2018  308  21.69  58427.099   67.7  4.822e+00 
 172570  0.667   1  2018  308  22.06  58427.115   67.7  4.565e+00 
 172571  1.000   1  2018  308  22.64  58427.139   67.7  4.007e+00 
 172572  1.000   1  2018  308  23.19  58427.162   67.7  3.835e+00 
 172573  1.000   1  2018  308  23.73  58427.184   67.7  3.736e+00 
 172576  1.000   1  2018  309   1.18  58427.245   67.7  4.335e+00 
 172577  1.000   1  2018  309   1.72  58427.267   67.7  4.795e+00 
 172578  1.000   1  2018  309   2.27  58427.290   67.7  5.415e+00 
 172579  1.000   1  2018  309   2.82  58427.313   67.7  6.527e+00 
 172581  0.333   1  2018  309   3.93  58427.359   67.7  1.120e+01 
 172613  1.000   1  2018  309  19.80  58428.021   67.7  9.795e+00 
 172614  1.000   1  2018  309  20.35  58428.043   67.7  7.335e+00 
 172615  1.000   1  2018  309  20.89  58428.066   67.7  6.024e+00 
 172617  1.000   1  2018  309  21.87  58428.107   67.7  4.577e+00 
 172618  1.000   1  2018  309  22.41  58428.129   67.7  4.021e+00 
 172619  1.000   1  2018  309  22.96  58428.152   67.7  3.964e+00 
 172621  1.000   1  2018  309  23.50  58428.175   67.7  3.724e+00 
 172622  1.000   1  2018  310   0.05  58428.198   67.7  3.670e+00 
 172624  1.000   1  2018  310   1.12  58428.242   67.7  4.094e+00 
 172625  1.000   1  2018  310   1.66  58428.265   67.7  4.525e+00 
 172626  1.000   1  2018  310   2.21  58428.288   67.7  5.305e+00 
 172627  1.000   1  2018  310   2.76  58428.310   67.7  6.202e+00 
 172628  1.000   1  2018  310   3.30  58428.333   67.7  7.829e+00 
 172630  0.500   1  2018  310   4.06  58428.365   67.7  1.132e+01 
 172670  1.000   1  2018  311   0.27  58429.207   67.7  4.052e+00 
 172671  1.000   1  2018  311   0.82  58429.230   67.7  4.036e+00 
 172672  1.000   1  2018  311   1.36  58429.252   67.7  4.276e+00 
 172673  1.000   1  2018  311   1.91  58429.275   67.7  4.731e+00 
 172675  1.000   1  2018  311   2.80  58429.312   67.7  6.609e+00 
 172676  1.000   1  2018  311   3.35  58429.335   67.7  8.409e+00 
 172677  1.000   1  2018  311   3.89  58429.358   67.7  1.116e+01 
 172710  0.888   4  2018  311  20.23  58430.039   67.7  6.440e+00 
 172711  0.469   2  2018  311  20.85  58430.064   67.7  3.797e+00 
 172712  0.644   2  2018  311  21.31  58430.084   67.7  2.806e+00 
 172713  0.644   2  2018  311  21.80  58430.104   67.7  2.519e+00 
 172714  0.644   2  2018  311  22.29  58430.124   67.7  2.050e+00 
 172715  0.644   2  2018  311  22.77  58430.144   67.7  1.881e+00 
 172716  0.644   2  2018  311  23.25  58430.164   67.7  1.922e+00 
 172717  0.644   2  2018  311  23.74  58430.185   67.7  1.969e+00 
 172718  0.644   2  2018  312   0.23  58430.205   67.7  1.852e+00 
 172721  0.784   1  2018  312   1.99  58430.278   67.7  1.144e+01 
 172722  0.784   1  2018  312   2.40  58430.296   67.7  1.213e+01 
 172724  1.578   2  2018  312   3.23  58430.330   67.7  1.175e+01 
 172762  0.644   2  2018  312  22.25  58431.123   67.6  2.399e+00 
 172763  0.644   2  2018  312  22.67  58431.140   67.6  2.324e+00 
 172764  0.644   2  2018  312  23.21  58431.163   67.6  1.984e+00 
 172765  0.644   2  2018  312  23.63  58431.180   67.6  2.073e+00 
 172766  0.967   3  2018  313   0.28  58431.207   67.6  1.994e+00 
 172768  0.967   3  2018  313   1.29  58431.249   67.6  2.202e+00 
 172770  0.784   1  2018  313   2.15  58431.285   67.6  1.149e+01 
 172771  0.784   1  2018  313   2.56  58431.302   67.6  1.238e+01 
 172806  0.742   3  2018  313  20.24  58432.039   67.6  6.924e+00 
 172809  0.822   1  2018  313  21.63  58432.097   67.6  7.092e+00 
 172811  0.822   1  2018  313  22.60  58432.137   67.6  6.043e+00 
 172812  0.967   3  2018  313  23.26  58432.165   67.6  2.318e+00 
 172813  0.644   2  2018  313  23.84  58432.189   67.6  1.981e+00 
 172814  0.644   2  2018  314   0.31  58432.209   67.6  2.301e+00 
 172816  0.644   2  2018  314   1.20  58432.246   67.6  2.419e+00 
 172817  0.644   2  2018  314   1.62  58432.263   67.6  2.974e+00 
 172818  0.784   1  2018  314   2.15  58432.285   67.6  1.163e+01 
 172819  1.129   2  2018  314   2.68  58432.307   67.6  1.180e+01 
 172820  0.689   2  2018  314   3.23  58432.330   67.6  1.091e+01 
 172856  0.822   1  2018  314  21.49  58433.091   67.6  7.254e+00 
 172858  0.742   3  2018  314  22.24  58433.122   67.6  3.936e+00 
 172860  0.644   2  2018  314  23.21  58433.163   67.6  2.121e+00 
 172861  0.644   2  2018  314  23.63  58433.180   67.6  2.333e+00 
 172862  0.644   2  2018  315   0.23  58433.205   67.6  2.183e+00 
 172863  0.644   2  2018  315   0.65  58433.223   67.6  2.377e+00 
 172864  0.644   2  2018  315   1.19  58433.245   67.6  2.464e+00 
 172865  0.644   2  2018  315   1.61  58433.263   67.6  2.849e+00 
 172866  0.784   1  2018  315   2.13  58433.284   67.6  1.169e+01 
 172867  0.784   1  2018  315   2.55  58433.302   67.6  1.247e+01 
 172868  1.569   2  2018  315   3.25  58433.331   67.6  1.422e+01 
 172903  0.644   2  2018  315  20.77  58434.061   67.6  3.976e+00 
 172904  0.694   2  2018  315  21.27  58434.082   67.6  3.348e+00 
 172905  0.744   2  2018  315  21.78  58434.103   67.6  2.847e+00 
 172906  0.372   1  2018  315  22.13  58434.118   67.6  2.801e+00 
 172907  0.554   2  2018  315  22.59  58434.137   67.6  2.449e+00 
 172908  0.967   3  2018  315  23.28  58434.166   67.6  2.167e+00 
 172910  0.744   2  2018  316   0.18  58434.203   67.6  2.374e+00 
 172911  0.744   2  2018  316   0.65  58434.223   67.6  2.364e+00 
 172914  0.784   1  2018  316   2.18  58434.286   67.6  1.158e+01 
 172915  0.784   1  2018  316   2.59  58434.304   67.6  1.278e+01 
 172916  0.784   1  2018  316   3.04  58434.322   67.6  1.342e+01 
 172949  0.340   1  2018  316  19.96  58435.027   67.6  6.092e+00 
 172950  0.680   2  2018  316  20.25  58435.039   67.6  5.433e+00 
 172951  0.340   1  2018  316  20.54  58435.051   67.6  4.799e+00 
 172952  1.311   1  2018  316  21.28  58435.082   67.6  4.423e+00 
 172953  1.311   1  2018  316  21.95  58435.110   67.6  3.662e+00 
 172955  1.311   1  2018  316  22.89  58435.149   67.6  3.249e+00 
 172957  1.311   1  2018  316  23.56  58435.177   67.6  3.280e+00 
 172958  0.739   1  2018  317   0.33  58435.209   67.6  6.653e+00 
 172959  0.739   1  2018  317   0.71  58435.225   67.6  6.836e+00 
 172999  1.311   1  2018  317  20.66  58436.056   67.6  5.088e+00 
 173000  1.311   1  2018  317  21.33  58436.084   67.6  4.132e+00 
 173002  0.744   2  2018  317  22.34  58436.126   67.6  2.274e+00 
 173003  0.744   2  2018  317  22.75  58436.143   67.6  2.031e+00 
 173004  0.491   1  2018  317  23.32  58436.167   67.6  1.365e+01 
 173005  0.982   2  2018  317  23.76  58436.185   67.6  1.373e+01 
 173006  0.739   1  2018  318   0.41  58436.213   67.6  6.521e+00 
 173007  0.739   1  2018  318   0.80  58436.229   67.6  6.633e+00 
 173008  0.491   1  2018  318   1.40  58436.254   67.6  1.432e+01 
 173009  0.982   2  2018  318   1.84  58436.272   67.6  1.450e+01 
 173011  0.393   2  2018  318   2.90  58436.316   67.6  7.145e+00 
 173055  0.393   2  2018  319   0.56  58437.219   67.6  2.948e+00 
 173056  0.924   2  2018  319   1.30  58437.250   67.6  3.982e+00 
 173057  0.924   2  2018  319   1.82  58437.271   67.6  4.546e+00 
 173104  0.739   1  2018  320   1.49  58438.258   67.6  7.310e+00 
 173105  0.739   1  2018  320   1.87  58438.274   67.6  7.642e+00 
 173107  1.478   2  2018  320   2.74  58438.310   67.6  9.583e+00 
 173574  0.372   1  2018  329  20.30  58448.041   67.6  6.786e+00 
 173575  1.117   3  2018  329  20.70  58448.058   67.6  5.708e+00 
 173623  1.311   1  2018  330  20.69  58449.058   67.7  5.095e+00 
 173624  1.311   1  2018  330  21.37  58449.086   67.8  3.896e+00 
 173625  0.372   1  2018  330  21.94  58449.110   67.8  5.924e+00 
 173626  0.372   1  2018  330  22.14  58449.118   67.8  5.427e+00 
 173672  0.462   1  2018  331  21.46  58450.090   67.9  5.089e+00 
 173673  0.924   2  2018  331  21.85  58450.106   67.9  4.657e+00 
 173674  0.462   1  2018  331  22.24  58450.122   67.9  4.257e+00 
 173675  1.013   2  2018  331  22.76  58450.144   67.9  2.992e+00 
 173718  0.680   2  2018  332  20.34  58451.043   67.9  6.040e+00 
 173719  0.680   2  2018  332  20.72  58451.059   67.9  4.858e+00 
 173720  0.462   1  2018  332  21.30  58451.083   67.9  5.313e+00 
 173721  0.924   2  2018  332  21.69  58451.099   67.9  4.637e+00 
 173722  0.802   2  2018  332  22.23  58451.122   67.9  3.717e+00 
 173723  0.680   2  2018  332  22.72  58451.142   67.9  2.856e+00 
 173724  0.340   1  2018  332  23.01  58451.154   67.9  2.710e+00 
 174205  0.701   1  2018  342  23.66  58461.182   67.7  1.338e+01 
 174206  0.701   1  2018  343   0.05  58461.197   67.7  1.362e+01 
 174207  0.701   1  2018  343   0.92  58461.234   67.8  1.384e+01 
 174208  0.701   1  2018  343   1.30  58461.250   67.8  1.403e+01 
 174209  0.739   1  2018  343   1.89  58461.274   67.8  8.737e+00 
 174211  1.000   2  2018  343   2.69  58461.308   67.8  8.255e+00 
 174212  1.000   2  2018  343   3.23  58461.330   67.8  9.807e+00 
 174247  0.393   2  2018  343  20.83  58462.063   67.8  7.967e+00 
 174249  0.393   2  2018  343  21.80  58462.104   67.8  6.093e+00 
 174255  0.492   2  2018  344   0.73  58462.226   67.8  5.627e+00 
 174257  0.715   1  2018  344   1.61  58462.262   67.8  8.219e+00 
 174258  1.050   2  2018  344   2.23  58462.289   67.8  7.314e+00 
 174259  1.050   2  2018  344   2.79  58462.312   67.8  8.660e+00 
 174343  0.462   1  2018  345  21.00  58464.071   67.9  6.727e+00 
 174344  0.462   1  2018  345  21.26  58464.081   67.9  6.346e+00 
 174345  0.924   2  2018  345  21.65  58464.097   67.9  5.697e+00 
 174346  0.739   1  2018  345  22.27  58464.123   67.9  8.166e+00 
 174347  0.739   1  2018  345  22.65  58464.139   67.9  7.767e+00 
 174349  0.393   2  2018  345  23.69  58464.183   67.9  5.077e+00 
 174642  0.787   1  2018  352   2.33  58470.293   67.9  8.459e+00 
 175015  1.020   3  2018  359  20.77  58478.061   68.3  7.407e+00 
 175016  0.340   1  2018  359  21.19  58478.079   68.3  6.388e+00 
 175110  0.340   1  2018  361  20.40  58480.045   68.3  8.490e+00 
 175111  1.020   3  2018  361  20.78  58480.061   68.3  7.469e+00 
 175162  0.340   1  2018  362  22.39  58481.129   68.2  5.551e+00 
 175163  0.680   2  2018  362  22.71  58481.142   68.2  5.409e+00 
 175164  0.340   1  2018  362  23.04  58481.155   68.2  5.160e+00 
 175456  1.069   2  2019    4   1.34  58487.252   68.0  6.158e+00 
 175457  0.534   1  2019    4   1.79  58487.270   68.0  7.350e+00 
 175458  0.534   1  2019    4   2.09  58487.283   68.0  7.469e+00 
 175459  1.069   2  2019    4   2.74  58487.310   68.0  7.684e+00 
 175460  1.069   2  2019    4   3.34  58487.335   68.0  9.971e+00 
 175496  0.715   1  2019    4  21.32  58488.084   68.0  1.052e+01 
 175544  1.311   1  2019    5  21.21  58489.079   67.9  7.820e+00 
 175545  1.311   1  2019    5  21.88  58489.107   67.9  6.840e+00 
 175548  0.492   2  2019    5  23.23  58489.164   67.9  6.911e+00 
 175590  0.333   1  2019    6  20.44  58490.047   67.9  1.140e+01 
 175591  0.667   2  2019    6  20.73  58490.059   67.9  1.014e+01 
 175592  0.333   1  2019    6  21.02  58490.071   67.9  9.487e+00 
 175593  1.311   1  2019    6  21.94  58490.110   67.9  6.404e+00 
 175595  1.311   1  2019    6  22.61  58490.138   67.9  6.021e+00 
 175599  1.050   2  2019    7   0.69  58490.224   67.9  3.499e+00 
 175600  1.050   2  2019    7   1.25  58490.248   67.9  3.807e+00 
 175601  0.650   1  2019    7   1.87  58490.274   67.9  4.111e+00 
 175603  0.650   1  2019    7   2.56  58490.302   67.9  5.038e+00 
 175645  0.393   2  2019    7  23.80  58491.187   67.9  6.883e+00 
 175646  0.525   1  2019    8   0.37  58491.211   67.9  3.722e+00 
 175647  1.050   2  2019    8   0.79  58491.229   67.9  3.707e+00 
 175648  0.525   1  2019    8   1.21  58491.246   67.9  3.762e+00 
 175649  0.650   1  2019    8   1.64  58491.264   67.9  3.905e+00 
 175650  0.650   1  2019    8   2.33  58491.293   67.9  4.491e+00 
 175651  0.483   1  2019    8   2.74  58491.310   67.9  5.213e+00 
 175652  0.483   1  2019    8   3.26  58491.331   67.9  6.448e+00 
 175688  1.311   1  2019    8  21.17  58492.078   67.9  7.659e+00 
 175689  1.311   1  2019    8  21.84  58492.106   67.9  6.507e+00 
 175691  1.311   1  2019    8  22.66  58492.140   67.9  7.058e+00 
 175692  1.311   1  2019    8  23.33  58492.168   67.9  7.141e+00 
 175694  1.478   2  2019    9   0.23  58492.205   67.9  6.972e+00 
 175696  0.800   1  2019    9   1.09  58492.241   67.9  3.466e+00 
 175697  0.800   1  2019    9   1.52  58492.259   67.9  3.695e+00 
 175698  1.600   2  2019    9   2.25  58492.289   67.9  4.322e+00 
 175700  1.600   2  2019    9   3.23  58492.330   67.9  6.618e+00 
 175735  0.739   1  2019    9  20.76  58493.060   68.0  1.049e+01 
 175736  0.739   1  2019    9  21.14  58493.076   68.0  9.331e+00 
 175737  0.500   1  2019    9  21.74  58493.101   68.0  7.122e+00 
 175738  0.500   1  2019    9  22.01  58493.113   68.0  6.965e+00 
 175742  0.393   2  2019   10   0.14  58493.201   68.0  7.540e+00 
 175748  0.800   1  2019   10   3.10  58493.325   68.0  5.838e+00 
 175749  0.800   1  2019   10   3.53  58493.343   68.0  7.572e+00 
 175793  0.800   1  2019   11   1.84  58494.272   68.1  3.644e+00 
 175794  0.800   1  2019   11   2.27  58494.290   68.1  4.209e+00 
 175831  0.667   2  2019   11  20.68  58495.057   68.2  7.987e+00 
 175832  0.667   1  2019   11  21.18  58495.078   68.3  6.924e+00 
 175833  0.667   1  2019   11  21.54  58495.093   68.3  6.201e+00 
 175834  0.667   1  2019   11  22.37  58495.128   68.3  5.647e+00 
 175835  0.667   1  2019   11  22.73  58495.143   68.3  5.374e+00 
 175836  0.667   1  2019   11  23.19  58495.162   68.3  5.433e+00 
 175837  1.167   2  2019   11  23.73  58495.184   68.3  6.834e+00 
 175838  0.500   1  2019   12   0.24  58495.206   68.3  8.208e+00 
 175839  0.833   5  2019   12   0.77  58495.228   68.3  7.058e+00 
 175844  1.333   2  2019   12   3.24  58495.330   68.3  6.188e+00 
 175845  0.667   2  2019   12   3.90  58495.358   68.3  8.791e+00 
 175883  0.667   1  2019   12  22.81  58496.146   68.5  5.113e+00 
 175884  0.667   1  2019   12  23.17  58496.161   68.5  5.262e+00 
 175885  0.667   1  2019   12  23.66  58496.181   68.5  1.029e+01 
 175886  0.667   1  2019   13   0.02  58496.196   68.5  1.010e+01 
 175887  1.333   2  2019   13   0.69  58496.224   68.5  3.539e+00 
 175888  0.667   1  2019   13   1.30  58496.250   68.5  3.666e+00 
 175889  0.667   1  2019   13   1.66  58496.265   68.5  3.944e+00 
 175890  1.333   2  2019   13   2.27  58496.290   68.5  4.497e+00 
 175891  0.667   1  2019   13   2.87  58496.315   68.5  5.515e+00 
 175892  0.667   1  2019   13   3.23  58496.330   68.6  6.199e+00 
 175935  0.667   1  2019   14   0.76  58497.227   68.8  3.200e+00 
 175936  0.667   1  2019   14   1.11  58497.242   68.8  3.041e+00 
 175937  1.333   2  2019   14   1.76  58497.269   68.8  3.884e+00 
 175939  0.667   1  2019   14   2.78  58497.311   68.8  5.994e+00 
 175940  0.667   1  2019   14   3.14  58497.326   68.8  6.921e+00 
 175941  0.667   1  2019   14   3.76  58497.352   68.8  1.001e+01 
 175942  0.667   1  2019   14   4.12  58497.367   68.8  1.167e+01 
 175982  0.800   1  2019   15   0.42  58498.213   69.0  2.865e+00 
 176082  0.701   1  2019   17   2.39  58500.295   69.0  4.479e+00 
 176083  0.701   1  2019   17   2.77  58500.311   69.0  5.379e+00 
 176084  0.701   1  2019   17   3.27  58500.332   69.0  6.450e+00 
 176085  0.701   1  2019   17   3.65  58500.348   69.0  7.733e+00 
 176503  0.340   1  2019   25  20.87  58509.065   69.1  1.008e+01 
 176504  1.020   3  2019   25  21.25  58509.081   69.1  9.441e+00 
 176606  0.500   1  2019   28   0.22  58511.205   69.2  1.005e+01 
 177032  0.393   2  2019   36  21.27  58520.082   69.7  1.004e+01 
 177087  0.800   1  2019   38   0.65  58521.223   69.6  2.449e+00 
 177088  0.800   1  2019   38   1.08  58521.241   69.6  2.830e+00 
 177089  0.667   1  2019   38   1.76  58521.269   69.6  5.956e+00 
 177235  0.800   1  2019   41   2.70  58524.308   69.2  3.859e+00 
 177236  0.800   1  2019   41   3.13  58524.326   69.2  4.428e+00 
 177271  0.667   1  2019   41  20.62  58525.055   69.1  9.061e+00 
 177272  0.344   1  2019   41  21.39  58525.087   69.1  4.190e+00 
 177273  1.033   3  2019   41  21.77  58525.102   69.1  3.955e+00 
 177284  0.667   1  2019   42   3.15  58525.327   69.1  6.874e+00 
 177285  0.667   1  2019   42   3.51  58525.342   69.1  7.808e+00 
 177990  0.344   1  2019   56  20.39  58540.045   69.3  6.184e+00 
 177991  1.033   3  2019   56  20.77  58540.061   69.3  5.155e+00 
 177992  0.344   1  2019   56  21.44  58540.089   69.3  3.928e+00 
 177993  0.689   2  2019   56  21.72  58540.101   69.3  3.692e+00 
 177994  0.344   1  2019   56  22.01  58540.112   69.3  3.512e+00 
 178137  0.372   1  2019   59  21.91  58543.108   69.4  2.467e+00 
 178138  0.744   2  2019   59  22.26  58543.123   69.4  2.355e+00 
 178139  0.744   2  2019   59  22.79  58543.145   69.4  2.007e+00 
 178140  0.744   2  2019   59  23.33  58543.168   69.4  1.901e+00 
 178141  0.372   1  2019   59  23.68  58543.182   69.4  1.552e+00 
 178142  0.644   2  2019   60   0.20  58543.204   69.4  1.560e+00 
 178143  0.644   2  2019   60   0.62  58543.221   69.4  1.645e+00 
 178144  0.967   3  2019   60   1.27  58543.249   69.4  1.581e+00 
 178182  0.667   2  2019   60  20.23  58544.039   69.4  7.069e+00 
 178183  1.000   3  2019   60  20.72  58544.059   69.4  5.437e+00 
 178184  0.333   1  2019   60  21.11  58544.075   69.4  3.827e+00 
 178185  1.000   3  2019   60  21.78  58544.103   69.4  2.968e+00 
 178186  0.667   2  2019   60  22.27  58544.123   69.4  2.539e+00 
 178187  0.333   1  2019   60  22.56  58544.135   69.4  2.071e+00 
 178188  0.333   1  2019   60  23.32  58544.167   69.4  1.882e+00 
 178189  1.000   3  2019   60  23.70  58544.183   69.4  1.890e+00 
 178190  0.667   2  2019   61   0.19  58544.204   69.4  1.802e+00 
 178191  1.000   3  2019   61   0.79  58544.228   69.4  1.648e+00 
 178192  0.667   2  2019   61   1.27  58544.249   69.4  1.541e+00 
 178193  0.667   2  2019   61   1.71  58544.267   69.4  1.851e+00 
 178194  1.000   3  2019   61   2.24  58544.289   69.4  1.948e+00 
 178195  0.667   2  2019   61   2.72  58544.309   69.4  2.351e+00 
 178197  1.000   3  2019   61   3.79  58544.353   69.4  6.070e+00 
 178198  0.667   2  2019   61   4.27  58544.374   69.4  7.893e+00 
 178199  0.333   1  2019   61   4.57  58544.386   69.4  9.538e+00 
 178229  0.667   2  2019   61  19.82  58545.021   69.4  9.362e+00 
 178230  0.333   1  2019   61  20.50  58545.050   69.4  8.176e+00 
 178231  0.667   2  2019   61  20.79  58545.062   69.4  6.296e+00 
 178232  1.000   3  2019   61  21.28  58545.082   69.4  5.729e+00 
 178233  0.333   1  2019   61  21.94  58545.110   69.4  4.273e+00 
 178234  0.667   2  2019   61  22.23  58545.122   69.4  3.442e+00 
 178235  1.000   3  2019   61  22.72  58545.142   69.4  2.216e+00 
 178236  0.667   2  2019   61  23.32  58545.167   69.4  1.932e+00 
 178237  0.667   2  2019   61  23.71  58545.183   69.4  1.869e+00 
 178238  0.667   2  2019   62   0.10  58545.200   69.4  1.637e+00 
 178239  0.667   2  2019   62   0.71  58545.225   69.4  1.504e+00 
 178240  1.000   3  2019   62   1.20  58545.246   69.4  1.560e+00 
 178241  0.667   2  2019   62   1.74  58545.268   69.4  1.781e+00 
 178242  1.000   3  2019   62   2.28  58545.291   69.4  2.030e+00 
 178243  0.667   2  2019   62   2.77  58545.311   69.4  2.458e+00 
 178245  0.667   2  2019   62   3.75  58545.352   69.4  6.231e+00 
 178246  0.333   1  2019   62   4.34  58545.376   69.4  8.007e+00 
 178247  0.333   1  2019   62   4.73  58545.393   69.4  1.016e+01 
 178277  0.333   1  2019   62  19.85  58546.023   69.4  6.630e+00 
 178278  1.000   3  2019   62  20.24  58546.039   69.4  5.124e+00 
 178279  0.667   2  2019   62  20.72  58546.059   69.4  3.937e+00 
 178280  0.667   2  2019   62  21.25  58546.081   69.4  2.926e+00 
 178281  1.000   3  2019   62  21.74  58546.101   69.4  2.591e+00 
 178282  0.333   1  2019   62  22.13  58546.118   69.4  2.242e+00 
 178283  0.667   2  2019   62  22.82  58546.146   69.4  1.806e+00 
 178284  0.667   2  2019   62  23.21  58546.163   69.4  1.714e+00 
 178285  1.000   3  2019   62  23.73  58546.184   69.4  1.781e+00 
 178286  0.667   2  2019   63   0.27  58546.207   69.4  1.415e+00 
 178287  1.000   3  2019   63   0.76  58546.227   69.4  1.735e+00 
 178290  0.667   2  2019   63   2.22  58546.288   69.4  3.549e+00 
 178291  0.333   1  2019   63   2.80  58546.312   69.4  4.281e+00 
 178292  0.333   1  2019   63   3.34  58546.335   69.4  5.202e+00 
 178293  0.333   1  2019   63   3.73  58546.351   69.4  6.221e+00 
 178294  0.333   1  2019   63   4.12  58546.367   69.4  7.467e+00 
 178295  0.333   1  2019   63   4.52  58546.384   69.4  8.953e+00 
 178325  0.667   2  2019   63  19.84  58547.022   69.4  7.077e+00 
 178326  0.667   2  2019   63  20.23  58547.039   69.4  5.392e+00 
 178327  0.667   2  2019   63  20.70  58547.058   69.4  4.248e+00 
 178328  1.000   3  2019   63  21.27  58547.082   69.4  3.151e+00 
 178329  0.667   2  2019   63  21.76  58547.102   69.4  2.631e+00 
 178330  0.333   1  2019   63  22.38  58547.128   69.4  2.065e+00 
 178331  1.000   3  2019   63  22.77  58547.144   69.4  1.947e+00 
 178332  0.667   2  2019   63  23.25  58547.164   69.4  1.820e+00 
 178333  0.667   2  2019   63  23.80  58547.187   69.4  1.744e+00 
 178334  1.000   3  2019   64   0.28  58547.207   69.4  1.427e+00 
 178335  0.333   1  2019   64   0.67  58547.224   69.4  1.615e+00 
 178336  0.667   2  2019   64   1.30  58547.250   69.4  1.547e+00 
 178337  1.000   3  2019   64   1.79  58547.270   69.4  1.817e+00 
 178338  0.333   1  2019   64   2.18  58547.286   69.4  1.964e+00 
 178339  0.667   2  2019   64   2.82  58547.313   69.4  4.203e+00 
 178340  0.667   2  2019   64   3.21  58547.329   69.4  4.816e+00 
 178341  0.667   2  2019   64   3.60  58547.346   69.4  5.770e+00 
 178342  1.000   3  2019   64   4.20  58547.370   69.4  7.758e+00 
 178343  0.667   2  2019   64   4.68  58547.391   69.4  1.034e+01 
 178373  0.333   1  2019   64  19.82  58548.021   69.4  6.592e+00 
 178374  1.000   3  2019   64  20.20  58548.037   69.4  5.335e+00 
 178375  0.667   2  2019   64  20.69  58548.058   69.4  3.895e+00 
 178376  0.667   2  2019   64  21.25  58548.081   69.4  2.994e+00 
 178377  1.000   3  2019   64  21.74  58548.101   69.4  2.451e+00 
 178378  0.333   1  2019   64  22.13  58548.117   69.4  2.135e+00 
 178379  0.667   2  2019   64  22.78  58548.145   69.4  1.714e+00 
 178380  1.000   3  2019   64  23.27  58548.165   69.4  1.668e+00 
 178381  0.333   1  2019   64  23.65  58548.181   69.4  1.509e+00 
 178382  1.000   3  2019   65   0.22  58548.205   69.4  1.493e+00 
 178383  1.000   3  2019   65   0.80  58548.229   69.4  1.612e+00 
 178385  0.667   2  2019   65   1.74  58548.268   69.4  2.077e+00 
 178386  1.000   3  2019   65   2.23  58548.288   69.4  2.329e+00 
 178387  0.333   1  2019   65   2.62  58548.305   69.4  2.610e+00 
 178388  0.333   1  2019   65   3.22  58548.330   69.4  4.517e+00 
 178389  0.667   2  2019   65   3.80  58548.354   69.4  6.198e+00 
 178390  0.333   1  2019   65   4.40  58548.379   69.4  8.794e+00 
 178391  0.333   1  2019   65   4.79  58548.395   69.4  1.072e+01 
 178421  0.333   1  2019   65  19.90  58549.025   69.5  6.449e+00 
 178422  1.000   3  2019   65  20.29  58549.041   69.5  5.293e+00 
 178423  0.667   2  2019   65  20.77  58549.061   69.5  3.791e+00 
 178424  0.667   2  2019   65  21.32  58549.084   69.5  2.771e+00 
 178425  1.000   3  2019   65  21.80  58549.104   69.5  2.453e+00 
 178426  0.333   1  2019   65  22.19  58549.120   69.5  2.197e+00 
 178427  0.667   2  2019   65  22.81  58549.146   69.5  1.711e+00 
 178428  1.000   3  2019   65  23.30  58549.166   69.5  1.821e+00 
 178429  0.333   1  2019   65  23.69  58549.183   69.5  1.691e+00 
 178430  1.000   3  2019   66   0.23  58549.205   69.5  1.525e+00 
 178431  0.667   2  2019   66   0.71  58549.225   69.5  1.575e+00 
 178432  0.333   1  2019   66   1.00  58549.237   69.5  1.667e+00 
 178433  0.333   1  2019   66   1.85  58549.273   69.5  3.195e+00 
 178434  1.000   3  2019   66   2.24  58549.289   69.5  3.567e+00 
 178435  0.667   2  2019   66   2.72  58549.309   69.5  4.186e+00 
 178436  0.333   1  2019   66   3.19  58549.329   69.5  4.756e+00 
 178437  0.667   2  2019   66   3.78  58549.353   69.5  6.127e+00 
 178438  0.333   1  2019   66   4.37  58549.378   69.6  8.329e+00 
 178439  0.333   1  2019   66   4.76  58549.394   69.6  1.076e+01 
 178470  0.500   1  2019   66  20.33  58550.042   69.7  1.186e+01 
 178471  1.000   2  2019   66  20.74  58550.060   69.8  1.067e+01 
 178472  0.500   1  2019   66  21.15  58550.077   69.8  7.563e+00 
 178473  1.050   2  2019   66  21.73  58550.101   69.8  2.655e+00 
 178474  1.050   2  2019   66  22.29  58550.124   69.8  2.259e+00 
 178475  0.525   1  2019   66  22.83  58550.147   69.8  1.765e+00 
 178476  1.050   2  2019   66  23.25  58550.164   69.8  1.738e+00 
 178477  0.525   1  2019   66  23.67  58550.182   69.8  1.751e+00 
 178526  0.667   1  2019   68   0.16  58551.202   70.2  1.480e+00 
 178527  0.667   1  2019   68   0.50  58551.217   70.2  1.558e+00 
 178569  0.333   1  2019   68  21.83  58552.105   70.6  2.423e+00 
 178570  1.000   3  2019   68  22.22  58552.122   70.6  2.156e+00 
 178571  0.667   2  2019   68  22.71  58552.142   70.6  1.745e+00 
 178662  1.034   1  2019   70  20.38  58554.045   71.1  1.361e+01 
 178664  1.034   1  2019   70  21.03  58554.072   71.1  1.164e+01 
 178665  1.034   1  2019   70  21.57  58554.094   71.1  1.071e+01 
 178864  0.701   1  2019   75   1.36  58558.252   71.1  1.633e+00 
 178865  0.534   1  2019   75   1.78  58558.270   71.1  2.217e+00 
 178866  0.902   2  2019   75   2.22  58558.288   71.1  2.491e+00 
 178867  0.902   2  2019   75   2.84  58558.314   71.1  3.032e+00 
 178868  0.534   1  2019   75   3.28  58558.332   71.1  3.697e+00 
 178869  1.069   2  2019   75   3.73  58558.351   71.1  4.427e+00 
 178870  0.701   1  2019   75   4.31  58558.375   71.1  6.788e+00 
 178871  0.701   1  2019   75   4.69  58558.391   71.1  8.378e+00 
 178916  0.804   1  2019   76   3.11  58559.325   71.1  5.396e+00 
 178917  0.804   1  2019   76   3.53  58559.343   71.1  6.153e+00 
 179188  0.500   1  2019   81  19.44  58565.005   71.1  1.492e+01 
 179238  0.344   1  2019   82  20.23  58566.038   71.2  4.474e+00 
 179286  0.667   2  2019   83  20.36  58567.044   71.3  1.375e+01 
 179287  0.511   1  2019   83  20.87  58567.065   71.3  3.742e+00 
 179382  1.050   2  2019   85  20.27  58569.040   71.9  4.209e+00 
 179383  1.050   2  2019   85  20.83  58569.063   71.9  3.259e+00 
 179384  0.525   1  2019   85  21.35  58569.085   72.0  2.627e+00 
 179385  1.050   2  2019   85  21.77  58569.103   72.0  2.229e+00 
 179386  0.525   1  2019   85  22.19  58569.120   72.0  1.997e+00 
 179482  0.500   1  2019   87  22.46  58571.132   72.7  1.876e+00 
 179483  1.000   2  2019   87  22.87  58571.148   72.7  1.816e+00 
 179484  0.500   1  2019   87  23.27  58571.165   72.7  1.519e+00 
 179577  0.667   1  2019   89  21.88  58573.107   73.4  1.992e+00 
 179578  0.667   1  2019   89  22.23  58573.122   73.4  1.860e+00 
 179579  0.667   2  2019   89  22.75  58573.143   73.4  1.579e+00 
 179580  1.000   3  2019   89  23.23  58573.164   73.4  1.561e+00 
 179581  0.333   1  2019   89  23.62  58573.180   73.4  1.474e+00 
 179864  0.667   1  2019   95  21.24  58579.081   73.7  2.739e+00 
 179865  0.667   1  2019   95  21.59  58579.095   73.7  2.544e+00 
 179908  0.333   2  2019   96  19.43  58580.005   73.5  6.184e+00 
 179909  0.667   4  2019   96  19.75  58580.018   73.5  5.091e+00 
 179910  0.667   4  2019   96  20.21  58580.038   73.5  3.727e+00 
 179911  0.833   5  2019   96  20.73  58580.059   73.5  2.743e+00 
 179912  0.667   4  2019   96  21.27  58580.082   73.5  2.318e+00 
 179913  0.833   5  2019   96  21.76  58580.102   73.5  1.754e+00 
 179915  0.800   3  2019   96  22.69  58580.141   73.4  1.566e+00 
 179916  0.800   3  2019   96  23.25  58580.164   73.4  1.368e+00 
 179917  0.800   3  2019   96  23.77  58580.186   73.4  1.511e+00 
 179918  0.533   2  2019   97   0.19  58580.204   73.4  1.414e+00 
 179919  0.800   3  2019   97   0.70  58580.225   73.4  1.475e+00 
 179921  0.489   2  2019   97   1.85  58580.273   73.4  1.593e+00 
 179922  0.489   2  2019   97   2.13  58580.284   73.4  1.511e+00 
 179961  0.667   1  2019   97  21.90  58581.108   73.3  2.585e+00 
 179962  0.667   1  2019   97  22.25  58581.123   73.3  2.235e+00 
 179963  0.667   1  2019   97  22.74  58581.143   73.3  2.047e+00 
 179964  0.667   1  2019   97  23.09  58581.158   73.3  1.843e+00 
 179965  0.667   1  2019   97  23.68  58581.182   73.3  1.195e+00 
 179966  1.333   2  2019   98   0.20  58581.204   73.3  1.176e+00 
 179967  0.667   1  2019   98   0.72  58581.225   73.3  1.237e+00 
 179969  0.667   1  2019   98   1.89  58581.274   73.3  2.587e+00 
 179970  0.667   1  2019   98   2.24  58581.289   73.3  2.800e+00 
 179971  1.333   2  2019   98   2.76  58581.310   73.3  3.374e+00 
 179974  0.667   1  2019   98   4.24  58581.372   73.3  6.753e+00 
 179975  0.667   1  2019   98   4.59  58581.387   73.3  8.381e+00 
 180010  0.372   1  2019   98  22.31  58582.125   73.3  2.719e+00 
 180011  0.744   2  2019   98  22.67  58582.140   73.3  2.400e+00 
 180012  1.039   2  2019   98  23.31  58582.167   73.3  1.602e+00 
 180013  0.667   1  2019   98  23.82  58582.188   73.3  1.251e+00 
 180014  0.667   1  2019   99   0.17  58582.202   73.3  1.231e+00 
 180015  0.667   1  2019   99   0.51  58582.217   73.3  1.318e+00 
 180016  0.667   1  2019   99   1.41  58582.254   73.3  2.728e+00 
 180017  0.667   1  2019   99   1.76  58582.269   73.3  2.986e+00 
 180018  1.333   2  2019   99   2.28  58582.290   73.3  3.266e+00 
 180056  0.540   3  2019   99  21.29  58583.083   73.4  3.581e+00 
 180057  0.900   5  2019   99  21.72  58583.101   73.4  2.987e+00 
 180058  0.720   4  2019   99  22.24  58583.122   73.4  2.389e+00 
 180059  0.720   4  2019   99  22.67  58583.140   73.4  2.866e+00 
 180060  0.900   5  2019   99  23.24  58583.164   73.4  2.578e+00 
 180061  0.900   5  2019   99  23.78  58583.186   73.4  2.645e+00 
 180062  0.667   1  2019  100   0.44  58583.214   73.4  2.650e+00 
 180063  0.667   1  2019  100   0.79  58583.228   73.4  2.570e+00 
 180064  1.333   2  2019  100   1.31  58583.250   73.4  2.916e+00 
 180105  0.540   3  2019  100  21.82  58584.105   73.4  2.911e+00 
 180106  0.900   5  2019  100  22.26  58584.123   73.4  2.732e+00 
 180107  0.720   4  2019  100  22.77  58584.144   73.4  2.765e+00 
 180108  0.900   5  2019  100  23.26  58584.165   73.4  2.148e+00 
 180109  0.720   4  2019  100  23.75  58584.185   73.4  2.332e+00 
 180110  0.540   3  2019  101   0.12  58584.201   73.4  2.169e+00 
 180112  0.667   1  2019  101   1.17  58584.244   73.4  2.681e+00 
 180113  1.333   2  2019  101   1.69  58584.266   73.4  2.825e+00 
 180114  0.667   1  2019  101   2.21  58584.288   73.4  3.174e+00 
 180115  0.667   1  2019  101   2.71  58584.308   73.4  2.514e+00 
 180116  1.333   2  2019  101   3.22  58584.330   73.4  3.070e+00 
 180117  0.667   1  2019  101   3.74  58584.352   73.4  3.856e+00 
 180118  0.667   1  2019  101   4.25  58584.373   73.4  1.093e+01 
 180119  0.667   1  2019  101   4.59  58584.387   73.4  1.229e+01 
 180156  0.383   2  2019  101  23.37  58585.169   73.5  4.157e+00 
 180164  0.551   4  2019  102   3.31  58585.334   73.5  7.459e+00 
 180205  0.360   2  2019  102  23.84  58586.189   73.4  2.287e+00 
 180206  0.720   4  2019  103   0.17  58586.203   73.4  2.503e+00 
 180207  0.667   1  2019  103   0.75  58586.227   73.4  1.755e+00 
 180208  1.333   2  2019  103   1.27  58586.248   73.4  1.911e+00 
 180209  0.667   1  2019  103   1.79  58586.270   73.4  2.010e+00 
 180211  0.667   1  2019  103   2.77  58586.311   73.4  2.685e+00 
 180212  1.333   2  2019  103   3.29  58586.332   73.4  3.351e+00 
 180213  0.667   1  2019  103   3.80  58586.354   73.4  3.958e+00 
 180823  0.677   3  2019  115  20.72  58599.059   72.6  3.363e+00 
 180824  0.451   2  2019  115  21.21  58599.079   72.6  3.038e+00 
 180917  0.550   2  2019  117  19.64  58601.014   72.6  9.130e+00 
 180918  0.687   2  2019  117  20.15  58601.035   72.6  1.477e+01 
 180919  0.771   1  2019  117  20.67  58601.057   72.6  3.390e+00 
 180920  0.937   2  2019  117  21.15  58601.077   72.6  2.976e+00 
 180921  0.500   3  2019  117  21.72  58601.100   72.6  2.072e+00 
 180922  0.639   1  2019  117  22.20  58601.120   72.6  1.665e+00 
 180923  0.972   2  2019  117  22.68  58601.141   72.6  1.777e+00 
 180924  0.667   2  2019  117  23.27  58601.165   72.6  1.744e+00 
 180925  0.717   2  2019  117  23.77  58601.186   72.7  2.317e+00 
 180926  0.383   1  2019  118   0.15  58601.202   72.7  2.808e+00 
 180927  0.560   2  2019  118   0.87  58601.232   72.7  4.180e+00 
 180963  0.449   1  2019  118  18.86  58601.982   72.7  1.389e+01 
 180964  0.788   3  2019  118  19.25  58601.998   72.7  1.215e+01 
 180965  0.660   2  2019  118  19.88  58602.024   72.7  1.194e+01 
 180966  0.420   2  2019  118  20.32  58602.042   72.8  4.307e+00 
 180967  0.579   3  2019  118  20.78  58602.061   72.8  3.334e+00 
 180968  0.667   3  2019  118  21.23  58602.080   72.8  3.083e+00 
 180969  0.889   4  2019  118  21.76  58602.102   72.8  2.163e+00 
 180970  0.667   3  2019  118  22.28  58602.124   72.8  2.279e+00 
 180971  0.667   3  2019  118  22.73  58602.143   72.8  1.988e+00 
 180972  0.889   4  2019  118  23.27  58602.165   72.8  1.947e+00 
 180973  0.667   3  2019  118  23.79  58602.187   72.8  1.945e+00 
 180974  0.667   3  2019  119   0.26  58602.206   72.8  2.229e+00 
 180975  0.667   2  2019  119   0.76  58602.227   72.8  1.934e+00 
 180976  0.444   1  2019  119   1.12  58602.242   72.8  2.004e+00 
 180977  0.681   1  2019  119   1.98  58602.278   72.8  2.848e+00 
 180978  0.681   1  2019  119   2.35  58602.293   72.8  3.033e+00 
 181018  1.600   2  2019  119  22.28  58603.124   72.8  2.253e+00 
 181021  0.667   1  2019  119  23.76  58603.185   72.8  1.247e+00 
 181022  1.333   2  2019  120   0.28  58603.207   72.8  1.275e+00 
 181023  0.667   1  2019  120   0.80  58603.229   72.8  1.373e+00 
 181024  0.667   1  2019  120   1.36  58603.252   72.8  1.790e+00 
 181025  0.667   1  2019  120   1.71  58603.267   72.8  2.013e+00 
 181026  1.333   2  2019  120   2.23  58603.288   72.8  2.134e+00 
 181027  0.372   1  2019  120   2.82  58603.313   72.8  4.661e+00 
 181028  1.117   3  2019  120   3.22  58603.330   72.8  6.233e+00 
 181064  0.677   3  2019  120  21.29  58604.083   72.8  3.204e+00 
 181065  0.677   3  2019  120  21.78  58604.103   72.8  3.105e+00 
 181073  1.333   2  2019  121   1.80  58604.271   72.8  1.959e+00 
 181074  0.667   1  2019  121   2.32  58604.292   72.8  2.133e+00 
 181075  0.667   1  2019  121   2.67  58604.307   72.8  2.559e+00 
 181108  0.967   3  2019  121  19.27  58604.998   72.8  7.734e+00 
 181112  0.800   1  2019  121  21.37  58605.086   72.8  3.090e+00 
 181113  0.800   1  2019  121  21.81  58605.104   72.8  2.704e+00 
 181114  0.701   1  2019  121  22.34  58605.126   72.8  3.453e+00 
 181115  0.701   1  2019  121  22.72  58605.142   72.8  3.487e+00 
 181116  0.667   1  2019  121  23.45  58605.173   72.8  1.446e+00 
 181117  0.667   1  2019  121  23.80  58605.187   72.8  1.279e+00 
 181118  1.333   2  2019  122   0.32  58605.209   72.8  1.221e+00 
 181120  1.333   2  2019  122   1.21  58605.246   72.8  1.434e+00 
 181122  0.722   2  2019  122   2.12  58605.284   72.8  4.436e+00 
 181123  0.667   3  2019  122   2.66  58605.307   72.8  2.864e+00 
 181160  0.800   1  2019  122  21.18  58606.078   72.9  3.331e+00 
 181161  0.800   1  2019  122  21.61  58606.096   72.9  2.855e+00 
 181163  0.667   1  2019  122  22.96  58606.152   72.9  1.351e+00 
 181164  0.667   1  2019  122  23.31  58606.167   72.9  1.349e+00 
 181165  1.333   2  2019  122  23.82  58606.188   72.9  1.314e+00 
 181167  1.333   2  2019  123   0.74  58606.226   72.9  1.679e+00 
 181168  0.667   1  2019  123   1.25  58606.248   72.9  2.026e+00 
 181169  0.667   1  2019  123   1.60  58606.262   72.9  2.015e+00 
 181170  1.000   2  2019  123   2.18  58606.286   72.9  5.258e+00 
 181171  0.500   1  2019  123   2.60  58606.304   72.9  5.659e+00 
 181172  0.789   1  2019  123   3.08  58606.324   72.9  4.081e+00 
 181173  0.789   1  2019  123   3.51  58606.342   72.9  4.743e+00 
 181206  0.701   1  2019  123  20.41  58607.046   72.9  5.632e+00 
 181207  0.701   1  2019  123  20.79  58607.062   72.9  4.967e+00 
 181208  0.701   1  2019  123  21.25  58607.081   72.9  4.440e+00 
 181209  0.701   1  2019  123  21.63  58607.097   72.9  4.164e+00 
 181210  0.811   1  2019  123  22.37  58607.128   73.0  1.974e+00 
 181214  0.667   1  2019  124   0.28  58607.207   73.0  1.696e+00 
 181215  1.333   2  2019  124   0.80  58607.229   73.0  1.844e+00 
 181216  0.667   1  2019  124   1.31  58607.250   73.0  1.808e+00 
 181218  0.701   1  2019  124   2.29  58607.291   73.0  2.678e+00 
 181252  0.744   2  2019  124  19.19  58607.995   73.1  7.990e+00 
 181253  0.744   2  2019  124  19.66  58608.015   73.1  6.499e+00 
 181254  0.451   2  2019  124  20.24  58608.039   73.1  5.395e+00 
 182117  0.967   3  2019  142  19.72  58626.017   72.3  6.748e+00 
 182165  0.967   3  2019  143  19.73  58627.017   72.1  6.927e+00 
 182166  0.529   1  2019  143  20.31  58627.042   72.1  5.863e+00 
 182167  1.059   2  2019  143  20.74  58627.060   72.1  5.229e+00 
 182168  0.529   1  2019  143  21.16  58627.077   72.1  4.980e+00 
 182169  0.333   1  2019  143  21.65  58627.098   72.1  3.172e+00 
 182212  0.967   3  2019  144  19.28  58627.999   71.8  8.822e+00 
 182214  0.677   3  2019  144  20.29  58628.041   71.8  6.145e+00 
 182259  1.450   2  2019  145  18.74  58628.976   71.5  1.133e+01 
 182260  0.725   1  2019  145  19.45  58629.006   71.5  9.198e+00 
 182261  0.725   1  2019  145  19.83  58629.022   71.5  8.176e+00 
 182262  0.881   2  2019  145  20.37  58629.044   71.5  6.583e+00 
 182263  0.441   1  2019  145  20.83  58629.063   71.5  5.713e+00 
 182264  0.441   1  2019  145  21.07  58629.074   71.5  5.635e+00 
 182265  0.909   1  2019  145  21.57  58629.094   71.5  6.503e+00 
 182266  0.909   1  2019  145  22.05  58629.114   71.5  5.644e+00 
 182267  0.909   1  2019  145  22.60  58629.137   71.5  5.268e+00 
 182268  0.909   1  2019  145  23.08  58629.157   71.5  5.225e+00 
 182357  0.677   3  2019  147  19.75  58631.018   71.0  7.961e+00 
 182358  0.451   2  2019  147  20.15  58631.035   71.0  6.829e+00 
 182405  0.451   2  2019  148  19.78  58632.020   70.9  7.937e+00 
 182406  0.451   2  2019  148  20.27  58632.040   70.9  6.611e+00 
 182407  0.601   4  2019  148  20.73  58632.059   70.9  5.984e+00 
 182462  0.506   1  2019  150   0.27  58633.207   70.7  3.076e+00 
 182463  1.011   2  2019  150   0.73  58633.226   70.7  2.830e+00 
 182464  0.506   1  2019  150   1.18  58633.245   70.7  3.006e+00 
 182502  0.667   1  2019  150  20.21  58634.038   70.6  4.709e+00 
 182503  1.333   2  2019  150  20.73  58634.059   70.6  3.944e+00 
 182504  0.667   1  2019  150  21.25  58634.081   70.6  3.460e+00 
 182505  0.667   1  2019  150  21.74  58634.102   70.6  2.785e+00 
 182506  1.333   2  2019  150  22.26  58634.123   70.6  2.416e+00 
 182507  0.667   1  2019  150  22.78  58634.145   70.6  2.391e+00 
 182509  0.667   1  2019  150  23.78  58634.186   70.6  2.494e+00 
 182510  1.333   2  2019  151   0.30  58634.208   70.6  2.527e+00 
 182511  0.667   1  2019  151   0.82  58634.230   70.6  2.525e+00 
 182518  1.333   2  2019  151   4.20  58634.371   70.5  8.146e+00 
 182519  0.667   1  2019  151   4.72  58634.392   70.5  1.018e+01 
 182520  0.667   1  2019  151   5.06  58634.407   70.5  1.219e+01 
 182565  0.667   1  2019  152   3.68  58635.349   70.4  6.288e+00 
 182566  1.227   2  2019  152   4.17  58635.369   70.4  7.786e+00 
 182611  1.333   2  2019  153   2.71  58636.308   70.4  3.208e+00 
 182613  0.667   1  2019  153   3.78  58636.353   70.4  6.521e+00 
 182614  1.333   2  2019  153   4.29  58636.374   70.4  8.173e+00 
 182615  0.667   1  2019  153   4.81  58636.396   70.4  1.056e+01 
 182644  0.967   3  2019  153  19.23  58636.997   70.3  9.682e+00 
 182645  0.644   2  2019  153  19.87  58637.024   70.3  7.710e+00 
 182646  0.644   2  2019  153  20.29  58637.041   70.3  7.291e+00 
 182652  0.667   1  2019  153  23.21  58637.163   70.3  2.040e+00 
 182653  1.333   2  2019  153  23.73  58637.184   70.3  2.097e+00 
 182654  0.667   1  2019  154   0.25  58637.206   70.3  2.125e+00 
 182661  1.333   2  2019  154   3.70  58637.350   70.3  6.485e+00 
 182662  0.667   1  2019  154   4.22  58637.371   70.3  7.836e+00 
 182663  1.133   2  2019  154   4.74  58637.393   70.3  9.124e+00 
 182664  0.467   1  2019  154   5.25  58637.414   70.3  1.031e+01 
 182740  1.031   2  2019  155  19.19  58638.995   70.2  8.440e+00 
 182741  1.031   2  2019  155  19.74  58639.018   70.2  6.686e+00 
 182759  0.744   2  2019  156   4.75  58639.393   70.2  1.220e+01 
 182760  0.372   1  2019  156   5.05  58639.406   70.2  1.381e+01 
 182788  0.413   3  2019  156  19.37  58640.002   70.2  6.687e+00 
 182789  0.689   5  2019  156  19.68  58640.015   70.2  5.411e+00 
 182792  0.413   3  2019  156  21.13  58640.076   70.3  4.518e+00 
 182793  0.927   2  2019  156  21.89  58640.108   70.3  2.962e+00 
 182794  0.789   1  2019  156  22.38  58640.128   70.3  2.496e+00 
 182796  0.667   1  2019  156  23.18  58640.161   70.3  2.215e+00 
 182797  1.333   2  2019  156  23.70  58640.183   70.3  2.174e+00 
 182798  0.667   1  2019  157   0.22  58640.205   70.3  2.053e+00 
 182804  1.333   2  2019  157   3.19  58640.328   70.3  5.199e+00 
 182805  0.667   1  2019  157   3.71  58640.350   70.3  6.261e+00 
 182806  0.667   1  2019  157   4.05  58640.364   70.3  7.211e+00 
 182840  0.827   6  2019  157  21.25  58641.081   70.3  3.535e+00 
 182903  0.821   1  2019  159   4.61  58642.388   70.4  1.080e+01 
 182951  0.667   1  2019  160   4.70  58643.392   70.3  8.417e+00 
 182952  0.667   1  2019  160   5.06  58643.406   70.3  1.026e+01 
 183656  0.961   1  2019  174  21.48  58658.090   69.7  2.776e+00 
 183657  0.961   1  2019  174  21.97  58658.111   69.7  2.458e+00 
 183659  0.961   1  2019  174  22.60  58658.137   69.7  2.847e+00 
 183750  0.667   1  2019  176  20.25  58660.039   69.5  4.453e+00 
 183751  1.333   2  2019  176  20.77  58660.061   69.5  3.923e+00 
 183752  0.667   1  2019  176  21.29  58660.082   69.5  3.485e+00 
 183753  1.333   2  2019  176  21.82  58660.105   69.5  3.198e+00 
 183754  0.667   1  2019  176  22.34  58660.126   69.5  3.042e+00 
 183755  0.667   1  2019  176  22.69  58660.141   69.5  2.925e+00 
 183756  0.827   6  2019  176  23.23  58660.164   69.5  1.974e+00 
 183764  0.413   3  2019  177   3.27  58660.332   69.5  2.031e+00 
 183797  0.689   5  2019  177  19.75  58661.018   69.5  5.638e+00 
 183798  0.551   4  2019  177  20.32  58661.042   69.5  4.859e+00 
 183799  0.804   2  2019  177  20.84  58661.064   69.5  4.053e+00 
 183801  0.516   1  2019  177  21.74  58661.101   69.5  7.462e+00 
 183802  0.516   1  2019  177  22.02  58661.113   69.5  7.006e+00 
 183809  1.333   2  2019  178   1.68  58661.266   69.5  1.833e+00 
 183810  0.660   1  2019  178   2.20  58661.287   69.5  1.741e+00 
 183862  0.413   3  2019  179   4.38  58662.378   69.5  6.923e+00 
 184104  0.827   6  2019  184   5.26  58667.415   69.5  8.579e+00 
 184182  1.333   2  2019  185  20.27  58669.040   69.5  5.018e+00 
 184183  0.667   1  2019  185  20.78  58669.062   69.5  4.146e+00 
 184184  0.667   1  2019  185  21.13  58669.076   69.5  3.766e+00 
 184186  1.333   2  2019  185  22.30  58669.125   69.5  2.776e+00 
 184187  0.667   1  2019  185  22.95  58669.152   69.5  6.351e+00 
 184188  0.667   1  2019  185  23.29  58669.166   69.5  6.258e+00 
 184190  0.667   1  2019  186   0.48  58669.216   69.5  1.258e+00 
 184191  0.667   1  2019  186   0.83  58669.230   69.5  1.411e+00 
 184192  0.667   1  2019  186   1.17  58669.244   69.5  1.510e+00 
 184193  0.667   1  2019  186   1.52  58669.259   69.5  1.551e+00 
 184194  1.333   2  2019  186   2.21  58669.287   69.5  3.069e+00 
 184195  0.667   1  2019  186   2.72  58669.309   69.5  3.374e+00 
 184196  0.667   1  2019  186   3.07  58669.323   69.5  3.562e+00 
 184197  0.821   1  2019  186   3.57  58669.344   69.5  4.967e+00 
 184198  0.821   1  2019  186   4.01  58669.363   69.5  5.946e+00 
 184199  0.821   1  2019  186   4.96  58669.402   69.5  9.991e+00 
 184240  0.667   1  2019  187   1.29  58670.249   69.5  1.212e+00 
 184241  1.333   2  2019  187   1.81  58670.271   69.5  1.460e+00 
 184242  0.667   1  2019  187   2.33  58670.292   69.5  1.675e+00 
 184243  0.789   1  2019  187   2.81  58670.313   69.5  2.455e+00 
 184244  0.789   1  2019  187   3.23  58670.330   69.5  2.854e+00 
 184294  0.827   6  2019  188   4.23  58671.372   69.5  3.761e+00 
 184296  1.448   1  2019  188   5.00  58671.404   69.5  7.250e+00 
 184337  0.467   1  2019  189   1.95  58672.277   69.5  1.396e+00 
 184338  0.933   2  2019  189   2.34  58672.293   69.5  1.615e+00 
 184339  0.467   1  2019  189   2.74  58672.310   69.5  1.806e+00 
 184340  0.667   1  2019  189   3.25  58672.331   69.5  3.968e+00 
 184341  1.333   2  2019  189   3.77  58672.353   69.5  5.009e+00 
 184342  0.667   1  2019  189   4.29  58672.374   69.5  6.244e+00 
 184343  0.667   1  2019  189   4.82  58672.396   69.5  8.309e+00 
 184344  0.667   1  2019  189   5.16  58672.411   69.5  1.045e+01 
 184382  1.000   2  2019  190   0.20  58673.204   69.5  4.467e+00 
 184383  1.000   2  2019  190   0.76  58673.227   69.5  4.241e+00 
 184384  0.667   1  2019  190   1.43  58673.255   69.5  1.613e+00 
 184385  0.667   1  2019  190   1.77  58673.269   69.5  1.831e+00 
 184386  1.333   2  2019  190   2.29  58673.291   69.5  1.898e+00 
 184389  0.667   1  2019  190   3.80  58673.354   69.5  5.224e+00 
 184390  1.333   2  2019  190   4.31  58673.375   69.5  6.792e+00 
 184391  0.667   1  2019  190   4.83  58673.397   69.5  8.975e+00 
 184481  0.372   1  2019  192   1.90  58675.275   69.5  2.494e+00 
 184482  0.744   2  2019  192   2.21  58675.288   69.5  2.943e+00 
 184483  0.667   1  2019  192   2.73  58675.309   69.5  3.123e+00 
 184484  1.333   2  2019  192   3.25  58675.331   69.5  3.537e+00 
 184485  0.667   1  2019  192   3.77  58675.352   69.5  4.211e+00 
 184486  0.821   1  2019  192   4.28  58675.374   69.5  7.155e+00 
 184487  0.821   1  2019  192   4.72  58675.392   69.5  8.981e+00 
 184581  0.961   1  2019  194   3.75  58677.352   69.5  4.130e+00 
 184582  1.322   1  2019  194   4.45  58677.381   69.5  8.906e+00 
 185092  1.419   2  2019  204  19.30  58688.000   69.2  9.571e+00 
 185093  0.733   1  2019  204  19.99  58688.028   69.2  1.159e+01 
 185094  0.733   1  2019  204  20.38  58688.045   69.2  1.085e+01 
 185095  0.480   1  2019  204  20.84  58688.064   69.2  6.076e+00 
 185096  0.841   2  2019  204  21.25  58688.081   69.2  5.041e+00 
 185097  0.361   1  2019  204  21.65  58688.097   69.2  3.917e+00 
 185098  1.568   2  2019  204  22.28  58688.124   69.2  2.362e+00 
 185099  0.341   1  2019  204  22.88  58688.149   69.2  2.901e+00 
 185100  0.703   2  2019  204  23.23  58688.163   69.2  2.647e+00 
 185101  0.917   2  2019  204  23.78  58688.186   69.2  1.775e+00 
 185102  0.556   1  2019  205   0.22  58688.205   69.2  1.038e+00 
 185348  1.333   2  2019  210   3.20  58693.329   69.3  2.639e+00 
 185349  0.667   1  2019  210   3.72  58693.350   69.3  3.410e+00 
 185350  0.667   1  2019  210   4.06  58693.365   69.3  3.945e+00 
 185352  1.672   1  2019  210   5.07  58693.407   69.3  1.008e+01 
 185381  1.333   2  2019  210  19.70  58694.016   69.3  7.560e+00 
 185382  0.667   1  2019  210  20.22  58694.038   69.3  6.268e+00 
 185383  0.667   1  2019  210  20.56  58694.052   69.3  5.679e+00 
 185384  1.333   2  2019  210  21.29  58694.083   69.3  4.543e+00 
 185385  0.667   1  2019  210  21.81  58694.104   69.3  4.114e+00 
 185386  0.667   1  2019  210  22.15  58694.119   69.3  4.183e+00 
 185393  0.667   1  2019  211   1.69  58694.266   69.3  1.618e+00 
 185394  1.333   2  2019  211   2.21  58694.288   69.3  1.976e+00 
 185395  0.667   1  2019  211   2.73  58694.309   69.3  2.253e+00 
 185396  0.667   1  2019  211   3.25  58694.331   69.3  2.632e+00 
 185397  1.333   2  2019  211   3.77  58694.353   69.3  3.411e+00 
 185398  0.667   1  2019  211   4.29  58694.374   69.3  4.560e+00 
 185429  1.333   2  2019  211  19.69  58695.016   69.3  7.369e+00 
 185430  0.667   1  2019  211  20.21  58695.038   69.3  6.171e+00 
 185431  0.667   1  2019  211  20.55  58695.052   69.3  5.614e+00 
 185433  0.781   1  2019  211  21.98  58695.111   69.3  3.942e+00 
 185446  1.333   2  2019  212   4.22  58695.371   69.3  4.449e+00 
 185447  0.667   1  2019  212   4.74  58695.393   69.3  6.162e+00 
 185448  0.667   1  2019  212   5.09  58695.407   69.3  7.602e+00 
 185476  0.587   3  2019  212  19.28  58695.999   69.2  1.034e+01 
 185477  0.587   3  2019  212  19.72  58696.017   69.2  8.740e+00 
 185478  0.529   2  2019  212  20.26  58696.040   69.2  6.500e+00 
 185479  1.000   3  2019  212  20.79  58696.062   69.2  5.494e+00 
 185490  0.551   4  2019  213   2.33  58696.293   69.2  1.880e+00 
 185491  0.689   5  2019  213   2.73  58696.309   69.2  2.171e+00 
 185493  0.413   3  2019  213   3.86  58696.357   69.2  2.525e+00 
 185494  0.551   4  2019  213   4.35  58696.377   69.2  4.434e+00 
 185495  0.551   4  2019  213   4.77  58696.394   69.2  6.286e+00 
 185525  0.667   1  2019  213  19.66  58697.015   69.2  7.438e+00 
 185526  1.333   2  2019  213  20.18  58697.036   69.2  6.433e+00 
 185527  0.667   1  2019  213  20.70  58697.058   69.2  5.738e+00 
 185528  0.689   5  2019  213  21.27  58697.082   69.2  1.180e+01 
 185529  0.413   3  2019  213  21.58  58697.095   69.2  1.126e+01 
 185539  0.556   1  2019  214   2.56  58697.302   69.3  1.457e+00 
 185540  0.827   6  2019  214   3.30  58697.333   69.3  3.017e+00 
 185541  0.689   5  2019  214   3.79  58697.354   69.3  4.983e+00 
 185625  0.456   1  2019  215  21.94  58699.110   69.3  5.260e+00 
 185626  0.456   1  2019  215  22.19  58699.120   69.3  4.637e+00 
 185677  0.667   1  2019  216  23.93  58700.192   69.3  1.202e+00 
 185678  0.667   1  2019  217   0.27  58700.207   69.3  1.218e+00 
 185679  1.333   2  2019  217   0.79  58700.228   69.3  1.297e+00 
 185680  0.667   1  2019  217   1.43  58700.255   69.3  1.525e+00 
 185681  0.667   1  2019  217   1.78  58700.270   69.3  1.569e+00 
 185682  1.333   2  2019  217   2.29  58700.291   69.3  1.710e+00 
 185723  0.402   4  2019  217  22.76  58701.144   69.2  4.847e+00 
 185725  0.667   1  2019  217  23.74  58701.185   69.2  1.669e+00 
 185726  1.333   2  2019  218   0.26  58701.206   69.2  1.702e+00 
 185727  0.667   1  2019  218   0.78  58701.228   69.2  1.672e+00 
 185728  0.667   1  2019  218   1.25  58701.248   69.2  1.843e+00 
 185729  1.333   2  2019  218   1.77  58701.269   69.2  1.990e+00 
 185730  0.667   1  2019  218   2.29  58701.291   69.2  2.129e+00 
 185731  0.667   1  2019  218   2.77  58701.311   69.2  2.593e+00 
 185732  1.333   2  2019  218   3.29  58701.333   69.2  3.234e+00 
 185733  0.667   1  2019  218   3.81  58701.354   69.2  3.824e+00 
 185734  0.667   1  2019  218   4.45  58701.381   69.2  8.534e+00 
 185735  0.667   1  2019  218   4.80  58701.396   69.2  9.671e+00 
 185874  0.667   1  2019  221   2.33  58704.293   69.1  2.147e+00 
 185875  0.667   1  2019  221   2.68  58704.307   69.1  2.438e+00 
 185876  1.333   2  2019  221   3.20  58704.329   69.1  2.900e+00 
 185878  1.333   2  2019  221   4.19  58704.370   69.1  4.690e+00 
 185879  0.667   1  2019  221   4.71  58704.392   69.1  6.480e+00 
 185880  0.667   1  2019  221   5.05  58704.406   69.1  8.013e+00 
 185973  0.833   2  2019  223   3.79  58706.353   69.0  1.224e+01 
 185974  0.833   2  2019  223   4.30  58706.375   69.0  1.379e+01 
 185976  1.333   2  2019  223   5.22  58706.413   69.0  1.166e+01 
 186437  0.778   4  2019  232  19.76  58716.019   68.6  8.487e+00 
 186438  0.389   2  2019  232  20.27  58716.040   68.6  6.883e+00 
 186439  0.583   3  2019  232  20.71  58716.059   68.6  5.848e+00 
 186440  0.389   2  2019  232  21.08  58716.074   68.6  4.953e+00 
 186537  0.649   1  2019  234  21.74  58718.101   68.6  5.284e+00 
 186538  0.903   2  2019  234  22.18  58718.120   68.6  4.874e+00 
 186539  1.084   2  2019  234  22.88  58718.149   68.6  4.139e+00 
 186540  0.831   1  2019  234  23.41  58718.171   68.6  4.222e+00 
 186541  0.733   1  2019  234  23.92  58718.192   68.6  3.684e+00 
 186584  0.999   2  2019  235  21.27  58719.082   68.6  4.472e+00 
 186585  0.507   1  2019  235  21.78  58719.103   68.6  4.867e+00 
 186586  1.286   2  2019  235  22.32  58719.126   68.6  3.314e+00 
 186587  0.779   1  2019  235  22.90  58719.150   68.6  2.282e+00 
 186588  0.693   2  2019  235  23.39  58719.170   68.6  2.449e+00 
 186590  0.972   1  2019  236   0.10  58719.200   68.6  2.246e+00 
 186591  0.972   1  2019  236   0.61  58719.221   68.6  2.237e+00 
 186592  0.983   2  2019  236   1.25  58719.248   68.6  7.956e-01 
 186593  0.638   1  2019  236   1.79  58719.270   68.6  1.345e+00 
 186594  0.638   1  2019  236   2.13  58719.284   68.6  1.295e+00 
 186596  0.746   2  2019  236   3.13  58719.326   68.6  3.820e+00 
 186597  0.657   2  2019  236   3.60  58719.346   68.6  5.658e+00 
 186629  0.667   2  2019  236  19.74  58720.018   68.7  1.241e+01 
 186630  0.667   2  2019  236  20.12  58720.034   68.7  1.167e+01 
 186634  1.333   2  2019  236  22.23  58720.122   68.7  2.518e+00 
 186635  0.667   1  2019  236  22.89  58720.149   68.7  2.207e+00 
 186636  0.667   1  2019  236  23.24  58720.164   68.7  1.978e+00 
 186643  0.821   1  2019  237   2.74  58720.310   68.7  3.717e+00 
 186644  0.667   1  2019  237   3.35  58720.335   68.7  2.340e+00 
 186645  0.667   1  2019  237   3.70  58720.350   68.7  2.683e+00 
 186646  1.333   2  2019  237   4.22  58720.371   68.7  4.024e+00 
 186826  0.511   1  2019  240  22.32  58724.126   68.9  3.080e+00 
 186827  1.022   2  2019  240  22.74  58724.143   68.9  3.204e+00 
 186828  0.511   1  2019  240  23.17  58724.161   68.9  2.519e+00 
 186831  1.672   1  2019  241   0.54  58724.218   68.9  1.712e+00 
 186876  1.448   1  2019  241  23.07  58725.157   68.9  8.737e-01 
 186880  0.667   2  2019  242   1.37  58725.253   68.9  2.586e+00 
 186881  0.667   2  2019  242   1.76  58725.269   68.9  2.906e+00 
 186883  1.672   1  2019  242   2.53  58725.301   68.9  2.556e+00 
 186884  1.676   1  2019  242   3.48  58725.340   68.9  2.782e+00 
 186886  0.667   2  2019  242   4.38  58725.378   68.9  7.383e+00 
 186887  0.667   2  2019  242   4.77  58725.394   68.9  9.306e+00 
 186923  1.333   2  2019  242  22.71  58726.142   68.9  2.706e+00 
 186924  0.667   1  2019  242  23.34  58726.168   68.9  2.585e+00 
 186925  0.667   1  2019  242  23.70  58726.183   68.9  2.601e+00 
 186926  1.672   1  2019  243   0.42  58726.213   68.9  1.845e+00 
 186928  1.672   1  2019  243   1.37  58726.253   68.9  2.156e+00 
 186930  1.672   1  2019  243   2.29  58726.291   68.9  2.644e+00 
 186932  1.333   2  2019  243   3.21  58726.329   68.9  4.578e+00 
 186933  0.667   1  2019  243   3.85  58726.356   68.9  6.303e+00 
 186934  0.667   1  2019  243   4.20  58726.371   68.9  7.337e+00 
 186935  0.689   5  2019  243   4.70  58726.391   68.9  1.248e+01 
 186965  0.544   2  2019  243  19.64  58727.014   68.9  1.349e+01 
 186972  0.961   1  2019  243  23.16  58727.160   68.9  1.718e+00 
 186973  0.961   1  2019  243  23.65  58727.181   68.9  1.722e+00 
 186974  1.448   1  2019  244   0.39  58727.212   68.9  1.345e+00 
 186976  2.000   1  2019  244   1.42  58727.255   68.9  3.023e+00 
 186978  0.889   2  2019  244   2.34  58727.293   68.9  2.509e+00 
 186979  0.444   1  2019  244   2.74  58727.310   68.9  2.882e+00 
 186980  1.114   2  2019  244   3.29  58727.332   68.9  3.748e+00 
 186982  0.889   2  2019  244   4.16  58727.369   68.9  7.315e+00 
 186983  0.889   2  2019  244   4.69  58727.391   68.9  9.286e+00 
 187028  0.444   1  2019  245   3.33  58728.334   68.9  3.461e+00 
 187029  0.889   2  2019  245   3.73  58728.351   68.9  4.083e+00 
 187030  0.444   1  2019  245   4.13  58728.368   68.9  5.320e+00 
 187065  1.448   1  2019  245  21.61  58729.096   68.9  1.508e+00 
 187067  0.889   2  2019  245  22.79  58729.145   68.9  1.718e+00 
 187068  0.889   2  2019  245  23.33  58729.168   68.9  1.472e+00 
 187069  0.444   1  2019  245  23.94  58729.193   68.9  1.386e+00 
 187070  0.889   2  2019  246   0.35  58729.210   68.9  1.598e+00 
 187071  0.444   1  2019  246   0.75  58729.227   68.9  1.438e+00 
 187072  0.889   2  2019  246   1.27  58729.249   68.9  1.539e+00 
 187073  0.889   2  2019  246   1.81  58729.271   68.9  1.807e+00 
 187074  0.444   1  2019  246   2.35  58729.294   68.9  2.128e+00 
 187075  0.889   2  2019  246   2.76  58729.310   68.9  2.543e+00 
 187076  0.444   1  2019  246   3.16  58729.327   68.9  3.094e+00 
 187077  0.889   2  2019  246   3.70  58729.350   68.9  6.054e+00 
 187078  0.889   2  2019  246   4.24  58729.372   68.9  7.451e+00 
 187079  0.551   4  2019  246   4.78  58729.395   68.9  1.086e+01 
 187125  0.667   1  2019  247   3.74  58730.351   68.9  6.018e+00 
 187126  1.333   2  2019  247   4.28  58730.374   68.9  7.577e+00 
 187127  0.667   1  2019  247   4.82  58730.396   68.9  1.055e+01 
 187167  0.472   1  2019  248   0.87  58731.232   68.9  1.770e+00 
 187168  0.944   2  2019  248   1.26  58731.248   68.9  2.150e+00 
 187169  0.472   1  2019  248   1.65  58731.264   68.9  2.385e+00 
 187170  1.655   1  2019  248   2.42  58731.296   68.9  3.944e+00 
 187172  0.944   2  2019  248   3.22  58731.330   68.9  3.718e+00 
 187173  0.944   2  2019  248   3.74  58731.352   68.9  4.725e+00 
 187175  1.002   1  2019  248   4.52  58731.384   68.9  1.205e+01 
 187214  1.333   2  2019  249   0.31  58732.208   68.9  2.004e+00 
 187215  0.667   1  2019  249   1.00  58732.237   68.9  2.926e+00 
 187216  0.667   1  2019  249   1.35  58732.252   68.9  3.072e+00 
 187221  0.529   1  2019  249   3.79  58732.353   68.9  7.125e+00 
 187222  0.529   1  2019  249   4.07  58732.365   68.9  8.291e+00 
 187414  0.800   3  2019  253   4.29  58736.374   68.9  1.343e+01 
 187926  1.333   2  2019  263  20.30  58747.041   68.6  5.652e+00 
 187927  0.667   1  2019  263  20.91  58747.067   68.5  4.442e+00 
 187928  0.667   1  2019  263  21.26  58747.081   68.5  3.879e+00 
 187929  1.022   2  2019  263  21.83  58747.105   68.5  1.653e+00 
 187930  0.511   1  2019  263  22.25  58747.123   68.5  1.369e+00 
 187931  0.511   1  2019  263  22.54  58747.135   68.5  1.277e+00 
 187934  0.481   1  2019  264   0.26  58747.206   68.5  9.269e-01 
 188021  0.667   1  2019  265  19.95  58749.027   68.3  6.995e+00 
 188022  0.423   1  2019  265  20.24  58749.039   68.3  6.513e+00 
 188081  1.044   2  2019  267   1.79  58750.270   68.2  2.740e+00 
 188082  0.522   1  2019  267   2.23  58750.289   68.2  3.028e+00 
 188083  1.044   2  2019  267   2.66  58750.306   68.2  3.344e+00 
 188084  0.522   1  2019  267   3.08  58750.324   68.2  3.973e+00 
 188127  1.676   1  2019  268   0.91  58751.234   68.1  1.132e+00 
 188129  0.667   2  2019  268   1.76  58751.269   68.1  2.219e+00 
 188130  0.667   2  2019  268   2.14  58751.285   68.1  2.125e+00 
 188131  0.529   1  2019  268   2.90  58751.316   68.1  3.287e+00 
 188132  1.059   2  2019  268   3.32  58751.334   68.1  3.973e+00 
 188133  0.529   1  2019  268   3.75  58751.352   68.1  4.988e+00 
 188170  0.444   1  2019  268  22.37  58752.128   68.0  2.195e+00 
 188171  0.889   2  2019  268  22.78  58752.145   68.0  1.750e+00 
 188172  0.444   1  2019  268  23.18  58752.161   68.0  1.886e+00 
 188173  0.889   2  2019  268  23.73  58752.184   68.0  1.804e+00 
 188174  0.889   2  2019  269   0.26  58752.207   68.0  2.009e+00 
 188175  0.444   1  2019  269   0.79  58752.229   68.0  1.466e+00 
 188176  0.889   2  2019  269   1.19  58752.245   68.0  1.820e+00 
 188177  0.444   1  2019  269   1.60  58752.262   68.0  2.061e+00 
 188178  0.889   2  2019  269   2.14  58752.285   68.0  2.846e+00 
 188179  0.889   2  2019  269   2.68  58752.307   68.0  3.507e+00 
 188180  0.444   1  2019  269   3.49  58752.341   68.0  5.988e+00 
 188181  0.444   1  2019  269   3.76  58752.352   68.0  6.619e+00 
 188182  0.889   2  2019  269   4.17  58752.369   68.0  8.349e+00 
 188219  0.961   2  2019  269  22.85  58753.148   67.9  1.870e+00 
 188220  0.961   2  2019  269  23.37  58753.169   67.9  1.720e+00 
 188221  0.420   1  2019  269  23.87  58753.190   67.9  9.092e-01 
 188223  0.491   1  2019  270   0.97  58753.236   67.9  1.750e+00 
 188224  0.491   1  2019  270   1.24  58753.247   67.9  1.897e+00 
 188225  0.833   2  2019  270   1.74  58753.268   67.9  7.254e+00 
 188226  0.833   2  2019  270   2.25  58753.289   67.9  8.095e+00 
 188228  1.333   2  2019  270   3.18  58753.328   67.9  3.940e+00 
 188229  0.667   1  2019  270   3.84  58753.356   67.9  5.612e+00 
 188230  0.667   1  2019  270   4.20  58753.370   67.9  7.082e+00 
 188262  0.481   1  2019  270  20.35  58754.043   67.9  4.807e+00 
 188263  0.961   2  2019  270  20.73  58754.059   67.9  4.350e+00 
 188264  0.481   1  2019  270  21.12  58754.076   67.9  3.445e+00 
 188265  0.961   2  2019  270  21.69  58754.099   67.9  2.927e+00 
 188266  0.961   2  2019  270  22.20  58754.121   67.9  2.597e+00 
 188268  1.672   1  2019  270  23.02  58754.155   67.9  1.898e+00 
 188269  0.481   1  2019  270  23.77  58754.186   67.9  2.069e+00 
 188270  0.961   2  2019  271   0.16  58754.202   67.9  2.102e+00 
 188271  0.481   1  2019  271   0.54  58754.218   67.9  2.297e+00 
 188272  1.333   2  2019  271   1.19  58754.245   67.9  2.304e+00 
 188274  0.417   1  2019  271   2.29  58754.291   67.9  8.624e+00 
 188275  0.833   2  2019  271   2.68  58754.307   67.9  9.259e+00 
 188276  0.417   1  2019  271   3.06  58754.323   67.9  9.909e+00 
 188277  0.667   1  2019  271   3.86  58754.356   67.9  6.263e+00 
 188278  0.667   1  2019  271   4.21  58754.371   67.9  7.800e+00 
 188312  0.481   1  2019  271  21.43  58755.089   67.8  2.864e+00 
 188313  0.961   2  2019  271  21.82  58755.105   67.8  2.551e+00 
 188314  0.481   1  2019  271  22.21  58755.121   67.8  2.516e+00 
 188315  1.000   2  2019  271  22.75  58755.144   67.8  2.695e+00 
 188316  1.000   2  2019  271  23.31  58755.167   67.8  2.764e+00 
 188317  0.500   1  2019  271  23.85  58755.189   67.8  3.218e+00 
 188318  1.000   2  2019  272   0.27  58755.207   67.8  2.796e+00 
 188319  0.500   1  2019  272   0.70  58755.225   67.8  2.877e+00 
 188320  0.833   2  2019  272   1.23  58755.247   67.8  7.360e+00 
 188321  0.833   2  2019  272   1.74  58755.268   67.8  7.701e+00 
 188322  0.417   1  2019  272   2.42  58755.297   67.8  8.342e+00 
 188323  0.833   2  2019  272   2.81  58755.313   67.8  8.967e+00 
 188324  0.417   1  2019  272   3.19  58755.329   67.8  9.504e+00 
 188325  0.667   1  2019  272   3.93  58755.359   67.8  6.155e+00 
 188326  0.667   1  2019  272   4.29  58755.374   67.8  7.891e+00 
 188357  0.667   1  2019  272  19.82  58756.021   67.8  8.316e+00 
 188358  0.667   1  2019  272  20.17  58756.036   67.8  7.362e+00 
 188359  1.333   2  2019  272  20.81  58756.063   67.8  5.667e+00 
 188360  0.481   1  2019  272  21.49  58756.091   67.8  3.023e+00 
 188361  0.481   1  2019  272  21.75  58756.102   67.8  2.948e+00 
 188362  0.961   2  2019  272  22.14  58756.118   67.8  2.488e+00 
 188364  1.672   1  2019  272  23.41  58756.171   67.8  2.221e+00 
 188367  1.059   2  2019  273   0.75  58756.227   67.8  3.569e+00 
 188368  1.059   2  2019  273   1.31  58756.250   67.8  3.883e+00 
 188374  0.413   3  2019  273   4.24  58756.372   67.8  1.484e+01 
