# Static moonlight base spectrum for SkySepPalace.py MOON template.
# WAVE: Angstroms. SOLAR: vendored solar reference spectrum
# (data/palace_ref/Spectre_HR_LATMOS_Meftah...), interpolated onto
# this grid, normalised to unit median. MOON_BASE: the real ESO
# Sky Model MOON column (Rayleigh/aerosol-scattered, ROLO-albedo-
# reddened moonlight) for one fixed reference geometry, normalised
# to unit median -- see MakeMoonBase.py module docstring for why
# this is not simply SOLAR x lunar albedo.
# Reference geometry: ra=296.242608 dec=-14.811007 obstime=2023-08-29T03:20:43.668
# Generated by MakeMoonBase.py
  3600.000   6.524552e-01   2.679563e+00
  3600.500   8.348095e-01   2.759118e+00
  3601.000   8.890575e-01   2.719206e+00
  3601.500   1.075903e+00   2.437135e+00
  3602.000   1.047881e+00   1.959744e+00
  3602.500   9.632448e-01   1.752819e+00
  3603.000   6.300394e-01   1.823184e+00
  3603.500   4.459993e-01   1.806346e+00
  3604.000   8.122827e-01   1.863440e+00
  3604.500   7.185582e-01   1.903939e+00
  3605.000   6.770194e-01   1.639115e+00
  3605.500   7.507844e-01   1.525141e+00
  3606.000   6.643889e-01   1.774116e+00
  3606.500   2.720997e-01   1.897273e+00
  3607.000   7.458607e-01   2.078523e+00
  3607.500   5.804430e-01   2.117338e+00
  3608.000   8.399770e-01   1.703189e+00
  3608.500   8.245326e-01   1.188755e+00
  3609.000   6.244847e-01   1.052173e+00
  3609.500   3.960972e-01   1.317728e+00
  3610.000   2.192310e-01   1.429035e+00
  3610.500   5.033156e-01   1.496894e+00
  3611.000   6.297550e-01   1.871364e+00
  3611.500   3.211287e-01   2.167714e+00
  3612.000   7.473977e-01   2.224800e+00
  3612.500   8.636756e-01   2.061871e+00
  3613.000   7.380344e-01   1.774772e+00
  3613.500   9.345755e-01   1.638464e+00
  3614.000   5.339789e-01   1.752113e+00
  3614.500   6.236567e-01   1.985389e+00
  3615.000   5.176377e-01   2.210247e+00
  3615.500   7.924813e-01   2.356897e+00
  3616.000   8.317337e-01   2.270787e+00
  3616.500   9.491757e-01   2.189482e+00
  3617.000   8.571510e-01   2.080691e+00
  3617.500   7.318001e-01   1.743654e+00
  3618.000   8.761432e-01   1.312798e+00
  3618.500   6.504575e-01   9.051421e-01
  3619.000   5.087284e-01   7.638582e-01
  3619.500   2.542838e-01   1.017204e+00
  3620.000   2.237992e-01   1.480128e+00
  3620.500   2.506573e-01   1.780819e+00
  3621.000   5.841348e-01   1.735456e+00
  3621.500   6.918450e-01   1.693598e+00
  3622.000   6.322028e-01   2.007691e+00
  3622.500   4.814109e-01   2.384992e+00
  3623.000   6.146139e-01   2.315124e+00
  3623.500   1.022954e+00   1.975215e+00
  3624.000   9.377008e-01   1.826565e+00
  3624.500   6.875564e-01   1.892625e+00
  3625.000   5.301733e-01   2.074974e+00
  3625.500   8.945238e-01   2.444489e+00
  3626.000   5.506101e-01   2.707830e+00
  3626.500   9.589478e-01   2.771665e+00
  3627.000   1.006076e+00   2.706397e+00
  3627.500   1.109444e+00   2.568698e+00
  3628.000   9.536777e-01   2.487002e+00
  3628.500   1.017016e+00   2.523196e+00
  3629.000   8.235484e-01   2.599487e+00
  3629.500   1.009540e+00   2.536092e+00
  3630.000   9.281358e-01   2.146483e+00
  3630.500   1.052580e+00   1.580424e+00
  3631.000   7.897406e-01   1.044239e+00
  3631.500   6.358202e-01   8.785676e-01
  3632.000   3.290381e-01   1.203304e+00
  3632.500   1.611832e-01   1.624160e+00
  3633.000   3.586963e-01   1.853470e+00
  3633.500   7.175251e-01   1.978112e+00
  3634.000   5.020339e-01   1.803277e+00
  3634.500   8.873211e-01   1.544016e+00
  3635.000   7.288796e-01   1.623199e+00
  3635.500   4.225648e-01   1.986361e+00
  3636.000   5.086621e-01   2.127960e+00
  3636.500   6.848812e-01   1.941398e+00
  3637.000   9.944561e-01   1.976772e+00
  3637.500   5.825983e-01   2.086352e+00
  3638.000   6.923029e-01   2.049177e+00
  3638.500   9.862239e-01   2.285705e+00
  3639.000   5.665632e-01   2.494150e+00
  3639.500   8.733080e-01   2.454151e+00
  3640.000   1.004248e+00   2.467238e+00
  3640.500   7.693699e-01   2.505040e+00
  3641.000   9.862234e-01   2.437075e+00
  3641.500   7.599962e-01   2.302549e+00
  3642.000   1.021923e+00   2.318794e+00
  3642.500   6.841736e-01   2.190340e+00
  3643.000   8.963572e-01   2.030243e+00
  3643.500   9.041848e-01   2.049030e+00
  3644.000   6.474524e-01   2.038135e+00
  3644.500   8.915404e-01   1.824312e+00
  3645.000   8.525495e-01   1.624812e+00
  3645.500   6.105171e-01   1.760376e+00
  3646.000   5.510215e-01   2.056911e+00
  3646.500   5.322866e-01   2.118585e+00
  3647.000   7.530674e-01   1.795889e+00
  3647.500   8.935334e-01   1.318572e+00
  3648.000   6.988823e-01   1.258405e+00
  3648.500   4.130110e-01   1.675012e+00
  3649.000   2.302809e-01   1.852832e+00
  3649.500   7.272864e-01   1.734627e+00
  3650.000   7.980034e-01   1.790309e+00
  3650.500   4.640878e-01   2.048840e+00
  3651.000   5.922137e-01   2.081107e+00
  3651.500   7.296859e-01   1.927220e+00
  3652.000   9.035910e-01   2.179318e+00
  3652.500   5.514197e-01   2.596688e+00
  3653.000   7.339888e-01   2.655396e+00
  3653.500   9.508812e-01   2.412652e+00
  3654.000   1.145762e+00   2.370516e+00
  3654.500   7.232318e-01   2.447853e+00
  3655.000   7.748021e-01   2.351781e+00
  3655.500   9.026344e-01   2.238835e+00
  3656.000   9.563426e-01   2.363606e+00
  3656.500   6.114611e-01   2.578684e+00
  3657.000   1.010844e+00   2.618459e+00
  3657.500   9.446131e-01   2.440353e+00
  3658.000   9.822931e-01   2.405503e+00
  3658.500   9.795710e-01   2.713998e+00
  3659.000   5.816894e-01   2.853519e+00
  3659.500   1.053838e+00   2.623160e+00
  3660.000   1.203877e+00   2.464007e+00
  3660.500   8.579120e-01   2.497415e+00
  3661.000   9.882543e-01   2.640567e+00
  3661.500   8.281818e-01   2.681724e+00
  3662.000   1.033511e+00   2.533670e+00
  3662.500   1.020564e+00   2.430190e+00
  3663.000   8.518460e-01   2.338246e+00
  3663.500   1.010319e+00   2.219669e+00
  3664.000   9.003484e-01   2.119855e+00
  3664.500   7.200171e-01   2.142525e+00
  3665.000   7.246337e-01   2.457959e+00
  3665.500   7.478188e-01   2.668813e+00
  3666.000   8.762348e-01   2.413095e+00
  3666.500   1.169096e+00   2.138519e+00
  3667.000   8.720670e-01   2.227535e+00
  3667.500   7.552728e-01   2.478761e+00
  3668.000   7.168418e-01   2.477572e+00
  3668.500   1.046423e+00   2.301498e+00
  3669.000   8.370421e-01   2.026465e+00
  3669.500   9.247976e-01   1.891979e+00
  3670.000   7.201750e-01   1.963904e+00
  3670.500   5.625171e-01   2.082704e+00
  3671.000   7.743457e-01   2.363915e+00
  3671.500   6.482024e-01   2.630035e+00
  3672.000   9.340427e-01   2.776898e+00
  3672.500   9.406756e-01   2.723805e+00
  3673.000   1.097795e+00   2.535537e+00
  3673.500   1.056894e+00   2.384671e+00
  3674.000   8.995359e-01   2.253645e+00
  3674.500   9.788218e-01   2.359217e+00
  3675.000   6.793177e-01   2.605845e+00
  3675.500   9.143961e-01   2.694387e+00
  3676.000   1.024952e+00   2.589271e+00
  3676.500   1.001361e+00   2.385789e+00
  3677.000   1.057498e+00   2.115242e+00
  3677.500   7.925110e-01   1.800941e+00
  3678.000   9.040290e-01   1.929241e+00
  3678.500   4.564963e-01   2.273214e+00
  3679.000   6.059530e-01   2.222759e+00
  3679.500   1.062630e+00   1.891600e+00
  3680.000   7.047118e-01   1.677336e+00
  3680.500   8.123953e-01   1.804567e+00
  3681.000   3.563753e-01   2.079674e+00
  3681.500   7.792937e-01   2.281364e+00
  3682.000   6.664821e-01   2.188681e+00
  3682.500   9.971340e-01   2.132518e+00
  3683.000   8.416806e-01   2.274246e+00
  3683.500   7.665648e-01   2.455969e+00
  3684.000   7.262810e-01   2.469020e+00
  3684.500   1.022601e+00   2.346536e+00
  3685.000   9.187959e-01   2.085339e+00
  3685.500   9.653514e-01   1.949635e+00
  3686.000   7.602389e-01   2.017835e+00
  3686.500   6.901624e-01   2.043898e+00
  3687.000   6.483952e-01   1.752519e+00
  3687.500   9.396957e-01   1.510175e+00
  3688.000   7.289958e-01   1.731827e+00
  3688.500   2.630870e-01   1.981828e+00
  3689.000   7.656604e-01   2.043798e+00
  3689.500   7.075443e-01   2.123985e+00
  3690.000   7.528737e-01   2.346949e+00
  3690.500   5.824594e-01   2.514676e+00
  3691.000   9.098224e-01   2.688320e+00
  3691.500   8.735084e-01   2.870686e+00
  3692.000   1.032923e+00   2.892866e+00
  3692.500   1.041769e+00   2.703350e+00
  3693.000   1.144742e+00   2.406368e+00
  3693.500   1.042836e+00   2.107588e+00
  3694.000   8.791799e-01   2.016834e+00
  3694.500   8.226545e-01   2.279595e+00
  3695.000   4.857072e-01   2.440306e+00
  3695.500   9.677487e-01   2.406216e+00
  3696.000   8.676388e-01   2.353991e+00
  3696.500   9.042303e-01   2.329598e+00
  3697.000   9.037574e-01   2.345420e+00
  3697.500   7.824346e-01   2.372872e+00
  3698.000   9.428325e-01   2.490717e+00
  3698.500   6.428828e-01   2.596084e+00
  3699.000   9.918003e-01   2.734582e+00
  3699.500   9.485748e-01   2.911638e+00
  3700.000   1.001768e+00   2.939014e+00
  3700.500   1.180195e+00   2.766161e+00
  3701.000   1.108093e+00   2.569763e+00
  3701.500   1.070274e+00   2.586994e+00
  3702.000   7.837210e-01   2.589432e+00
  3702.500   1.092810e+00   2.612486e+00
  3703.000   9.464721e-01   2.567534e+00
  3703.500   8.658802e-01   2.152050e+00
  3704.000   1.124002e+00   1.850447e+00
  3704.500   7.866187e-01   1.883195e+00
  3705.000   6.028996e-01   1.777737e+00
  3705.500   6.388210e-01   1.406773e+00
  3706.000   8.649301e-01   1.430412e+00
  3706.500   3.798410e-01   1.876794e+00
  3707.000   3.302228e-01   1.944731e+00
  3707.500   8.926332e-01   1.712720e+00
  3708.000   7.730140e-01   1.784584e+00
  3708.500   5.620716e-01   1.891645e+00
  3709.000   4.462391e-01   1.608158e+00
  3709.500   9.746349e-01   1.602149e+00
  3710.000   5.667195e-01   2.071077e+00
  3710.500   3.516185e-01   2.433466e+00
  3711.000   8.948715e-01   2.480601e+00
  3711.500   8.916477e-01   2.448703e+00
  3712.000   1.070366e+00   2.569861e+00
  3712.500   7.587414e-01   2.676756e+00
  3713.000   9.459660e-01   2.784479e+00
  3713.500   1.076992e+00   3.010582e+00
  3714.000   8.459675e-01   3.186538e+00
  3714.500   1.155827e+00   3.153767e+00
  3715.000   1.217381e+00   2.912592e+00
  3715.500   1.235008e+00   2.660937e+00
  3716.000   1.140691e+00   2.541543e+00
  3716.500   8.951832e-01   2.607699e+00
  3717.000   9.264963e-01   2.791333e+00
  3717.500   7.405931e-01   2.768328e+00
  3718.000   1.185376e+00   2.531053e+00
  3718.500   1.025984e+00   2.220459e+00
  3719.000   9.953568e-01   1.804757e+00
  3719.500   7.721530e-01   1.245479e+00
  3720.000   7.679703e-01   9.735619e-01
  3720.500   4.502008e-01   1.197464e+00
  3721.000   1.690087e-01   1.385471e+00
  3721.500   4.256401e-01   1.301447e+00
  3722.000   7.126149e-01   1.255542e+00
  3722.500   3.396593e-01   1.398611e+00
  3723.000   5.276343e-01   1.866278e+00
  3723.500   3.198171e-01   2.238930e+00
  3724.000   7.555509e-01   2.292941e+00
  3724.500   9.080191e-01   2.336694e+00
  3725.000   8.969750e-01   2.571829e+00
  3725.500   7.072656e-01   2.857479e+00
  3726.000   9.693945e-01   2.992924e+00
  3726.500   1.006340e+00   2.637178e+00
  3727.000   1.193469e+00   1.873811e+00
  3727.500   1.233120e+00   1.480881e+00
  3728.000   5.259682e-01   1.839472e+00
  3728.500   3.949497e-01   2.427447e+00
  3729.000   5.960400e-01   2.787177e+00
  3729.500   1.024561e+00   2.848042e+00
  3730.000   9.648129e-01   2.530047e+00
  3730.500   1.232969e+00   2.161820e+00
  3731.000   1.009047e+00   2.147958e+00
  3731.500   5.895654e-01   2.290486e+00
  3732.000   7.373097e-01   2.183993e+00
  3732.500   8.772658e-01   1.867456e+00
  3733.000   8.780838e-01   1.537422e+00
  3733.500   6.293603e-01   1.333111e+00
  3734.000   6.794424e-01   1.203593e+00
  3734.500   3.446634e-01   9.210675e-01
  3735.000   5.863100e-01   8.092936e-01
  3735.500   3.365484e-01   1.080782e+00
  3736.000   1.560962e-01   1.340431e+00
  3736.500   3.745701e-01   1.202338e+00
  3737.000   5.768454e-01   9.720936e-01
  3737.500   5.810635e-01   1.221732e+00
  3738.000   1.707152e-01   1.722644e+00
  3738.500   3.548264e-01   2.075799e+00
  3739.000   7.615740e-01   2.175084e+00
  3739.500   6.798464e-01   2.205563e+00
  3740.000   9.775458e-01   2.439040e+00
  3740.500   6.791616e-01   2.734941e+00
  3741.000   9.643121e-01   2.761648e+00
  3741.500   1.070465e+00   2.567008e+00
  3742.000   1.097686e+00   2.485139e+00
  3742.500   8.618401e-01   2.278735e+00
  3743.000   1.042221e+00   1.824239e+00
  3743.500   9.537022e-01   1.548946e+00
  3744.000   8.018778e-01   1.756291e+00
  3744.500   3.030311e-01   1.956064e+00
  3745.000   6.248898e-01   1.650493e+00
  3745.500   8.599180e-01   1.129337e+00
  3746.000   8.098898e-01   1.107191e+00
  3746.500   2.561457e-01   1.488406e+00
  3747.000   2.492093e-01   1.765213e+00
  3747.500   6.052880e-01   1.723442e+00
  3748.000   6.118318e-01   1.329649e+00
  3748.500   7.930880e-01   9.787475e-01
  3749.000   5.298923e-01   8.183432e-01
  3749.500   2.882589e-01   8.192977e-01
  3750.000   3.304386e-01   1.126883e+00
  3750.500   1.799300e-01   1.569276e+00
  3751.000   3.872794e-01   1.959988e+00
  3751.500   6.160718e-01   2.267985e+00
  3752.000   6.831506e-01   2.433622e+00
  3752.500   9.107050e-01   2.398377e+00
  3753.000   9.608394e-01   2.291569e+00
  3753.500   9.018487e-01   2.395089e+00
  3754.000   7.571017e-01   2.670940e+00
  3754.500   7.939726e-01   2.843392e+00
  3755.000   1.171164e+00   3.005972e+00
  3755.500   9.117033e-01   3.093261e+00
  3756.000   1.227040e+00   3.053213e+00
  3756.500   1.122410e+00   2.853687e+00
  3757.000   1.160978e+00   2.367835e+00
  3757.500   1.210890e+00   1.710475e+00
  3758.000   8.916710e-01   1.212358e+00
  3758.500   6.820386e-01   1.211298e+00
  3759.000   3.723969e-01   1.503830e+00
  3759.500   3.110690e-01   1.860863e+00
  3760.000   6.962618e-01   2.215493e+00
  3760.500   5.348572e-01   2.366344e+00
  3761.000   9.105596e-01   2.259385e+00
  3761.500   8.763476e-01   2.151874e+00
  3762.000   1.052230e+00   2.301560e+00
  3762.500   5.784734e-01   2.400661e+00
  3763.000   9.490055e-01   2.158872e+00
  3763.500   9.198530e-01   1.643499e+00
  3764.000   9.360088e-01   1.600256e+00
  3764.500   6.102449e-01   2.210631e+00
  3765.000   2.877500e-01   2.577275e+00
  3765.500   8.960435e-01   2.436697e+00
  3766.000   1.180121e+00   2.280606e+00
  3766.500   7.534686e-01   1.971896e+00
  3767.000   1.001693e+00   1.569800e+00
  3767.500   9.026834e-01   1.651186e+00
  3768.000   4.747217e-01   2.058817e+00
  3768.500   4.796756e-01   2.393032e+00
  3769.000   8.289130e-01   2.550436e+00
  3769.500   9.356016e-01   2.396263e+00
  3770.000   1.040260e+00   2.043263e+00
  3770.500   9.359392e-01   1.869502e+00
  3771.000   7.652785e-01   2.017002e+00
  3771.500   5.712347e-01   2.268204e+00
  3772.000   7.315081e-01   2.516622e+00
  3772.500   8.270022e-01   2.691095e+00
  3773.000   1.003885e+00   2.767493e+00
  3773.500   9.653160e-01   2.727787e+00
  3774.000   1.138141e+00   2.667740e+00
  3774.500   9.971046e-01   2.600316e+00
  3775.000   1.087423e+00   2.596179e+00
  3775.500   9.470755e-01   2.535230e+00
  3776.000   9.813996e-01   2.512219e+00
  3776.500   9.451443e-01   2.674692e+00
  3777.000   8.856642e-01   2.779429e+00
  3777.500   9.121950e-01   2.714249e+00
  3778.000   1.218970e+00   2.582395e+00
  3778.500   9.007133e-01   2.484597e+00
  3779.000   1.057791e+00   2.581870e+00
  3779.500   8.314866e-01   2.791899e+00
  3780.000   1.094628e+00   3.070824e+00
  3780.500   7.891417e-01   3.089387e+00
  3781.000   1.337419e+00   2.977630e+00
  3781.500   1.182931e+00   2.874579e+00
  3782.000   1.167300e+00   2.782311e+00
  3782.500   1.139748e+00   2.850971e+00
  3783.000   1.021187e+00   2.901598e+00
  3783.500   9.568637e-01   2.841348e+00
  3784.000   1.360281e+00   3.085696e+00
  3784.500   7.760643e-01   3.337191e+00
  3785.000   1.215090e+00   3.171388e+00
  3785.500   1.286148e+00   2.556567e+00
  3786.000   1.376829e+00   1.970357e+00
  3786.500   1.062882e+00   1.973409e+00
  3787.000   5.620283e-01   2.259700e+00
  3787.500   6.217595e-01   2.224065e+00
  3788.000   1.062871e+00   2.138642e+00
  3788.500   1.025319e+00   2.246589e+00
  3789.000   4.482348e-01   2.131523e+00
  3789.500   1.066565e+00   1.877813e+00
  3790.000   8.580077e-01   1.770284e+00
  3790.500   6.409958e-01   2.018696e+00
  3791.000   6.539885e-01   2.456857e+00
  3791.500   9.777655e-01   2.661298e+00
  3792.000   1.252731e+00   2.557795e+00
  3792.500   8.293735e-01   2.338729e+00
  3793.000   1.346377e+00   2.189237e+00
  3793.500   9.071991e-01   2.063392e+00
  3794.000   9.831443e-01   2.094595e+00
  3794.500   5.300326e-01   1.910269e+00
  3795.000   7.174702e-01   1.670315e+00
  3795.500   6.110723e-01   1.906824e+00
  3796.000   3.114183e-01   2.240678e+00
  3796.500   6.689148e-01   2.225863e+00
  3797.000   9.517004e-01   1.914175e+00
  3797.500   9.527458e-01   1.595292e+00
  3798.000   5.392024e-01   1.428987e+00
  3798.500   6.502817e-01   1.440289e+00
  3799.000   4.292202e-01   1.503036e+00
  3799.500   3.745718e-01   1.496018e+00
  3800.000   7.355967e-01   1.862416e+00
  3800.500   3.866160e-01   2.342627e+00
  3801.000   6.463809e-01   2.361275e+00
  3801.500   1.118674e+00   2.037295e+00
  3802.000   1.154515e+00   2.055784e+00
  3802.500   8.133949e-01   2.416639e+00
  3803.000   6.035818e-01   2.582575e+00
  3803.500   1.259348e+00   2.669285e+00
  3804.000   1.137028e+00   2.658720e+00
  3804.500   1.210242e+00   2.547824e+00
  3805.000   1.021513e+00   2.472093e+00
  3805.500   1.294142e+00   2.519931e+00
  3806.000   1.224963e+00   2.454600e+00
  3806.500   6.491410e-01   2.077888e+00
  3807.000   1.365930e+00   1.831501e+00
  3807.500   6.757905e-01   1.959390e+00
  3808.000   1.018831e+00   2.284067e+00
  3808.500   7.757571e-01   2.494494e+00
  3809.000   6.562663e-01   2.564650e+00
  3809.500   1.351942e+00   2.616075e+00
  3810.000   1.398851e+00   2.810124e+00
  3810.500   1.017441e+00   2.781233e+00
  3811.000   1.155781e+00   2.651759e+00
  3811.500   1.367919e+00   2.698138e+00
  3812.000   9.534997e-01   2.694408e+00
  3812.500   1.137382e+00   2.515889e+00
  3813.000   4.461492e-01   2.028180e+00
  3813.500   1.343303e+00   1.895476e+00
  3814.000   2.434752e-01   2.033697e+00
  3814.500   3.704124e-01   2.012941e+00
  3815.000   2.944762e-01   1.834196e+00
  3815.500   9.567443e-01   1.398194e+00
  3816.000   8.542576e-01   1.194595e+00
  3816.500   4.523779e-01   1.662302e+00
  3817.000   1.744803e-01   2.221596e+00
  3817.500   6.612923e-01   2.384716e+00
  3818.000   4.284794e-01   2.390902e+00
  3818.500   9.521962e-01   2.378387e+00
  3819.000   1.185712e+00   2.156522e+00
  3819.500   1.087964e+00   1.640636e+00
  3820.000   1.219681e+00   1.132513e+00
  3820.500   7.753903e-01   9.485609e-01
  3821.000   4.777041e-01   1.256008e+00
  3821.500   2.448414e-02   1.670199e+00
  3822.000   4.743564e-01   1.992346e+00
  3822.500   9.295619e-01   2.319279e+00
  3823.000   4.599280e-01   2.358746e+00
  3823.500   1.027312e+00   2.049425e+00
  3824.000   7.915334e-01   1.535573e+00
  3824.500   1.104515e+00   1.298725e+00
  3825.000   4.080091e-01   1.325413e+00
  3825.500   1.162324e-01   1.137738e+00
  3826.000   4.695072e-01   1.040757e+00
  3826.500   2.893565e-01   1.273490e+00
  3827.000   2.514358e-02   1.438956e+00
  3827.500   4.500210e-01   1.312790e+00
  3828.000   5.373020e-01   1.248094e+00
  3828.500   6.442444e-01   1.438280e+00
  3829.000   2.455083e-01   1.394094e+00
  3829.500   6.659070e-01   1.331110e+00
  3830.000   7.598151e-01   1.643944e+00
  3830.500   1.331951e-01   1.807373e+00
  3831.000   8.107864e-01   1.724473e+00
  3831.500   8.969949e-01   1.484004e+00
  3832.000   7.551722e-01   1.104175e+00
  3832.500   8.369381e-01   1.004383e+00
  3833.000   4.512911e-01   1.168269e+00
  3833.500   2.430550e-01   1.227983e+00
  3834.000   3.269529e-01   1.097373e+00
  3834.500   7.715503e-01   1.165426e+00
  3835.000   4.293587e-01   1.391961e+00
  3835.500   3.112848e-01   1.534129e+00
  3836.000   7.192999e-01   1.627329e+00
  3836.500   4.554569e-01   1.640164e+00
  3837.000   8.068331e-01   1.600838e+00
  3837.500   7.698902e-01   1.359215e+00
  3838.000   4.461553e-01   1.007246e+00
  3838.500   5.575235e-01   9.401963e-01
  3839.000   3.190543e-01   1.160317e+00
  3839.500   2.002944e-01   1.326834e+00
  3840.000   5.533015e-01   1.263970e+00
  3840.500   6.714311e-01   1.073944e+00
  3841.000   6.602837e-01   1.152335e+00
  3841.500   9.296661e-02   1.584063e+00
  3842.000   3.422006e-01   2.085021e+00
  3842.500   7.363263e-01   2.355995e+00
  3843.000   7.244736e-01   2.178612e+00
  3843.500   1.186979e+00   2.072955e+00
  3844.000   3.149662e-01   2.202344e+00
  3844.500   9.661843e-01   2.396495e+00
  3845.000   1.123583e+00   2.293900e+00
  3845.500   1.056124e+00   2.137340e+00
  3846.000   8.844475e-01   2.169548e+00
  3846.500   5.098405e-01   2.092627e+00
  3847.000   1.110892e+00   2.222705e+00
  3847.500   2.453865e-01   2.522056e+00
  3848.000   6.143698e-01   2.565810e+00
  3848.500   1.004180e+00   2.496371e+00
  3849.000   5.308314e-01   2.265079e+00
  3849.500   1.387082e+00   1.877754e+00
  3850.000   1.011650e+00   1.592872e+00
  3850.500   7.444808e-01   1.692799e+00
  3851.000   2.533571e-01   2.033816e+00
  3851.500   8.305227e-01   2.434452e+00
  3852.000   5.729523e-01   2.534609e+00
  3852.500   1.290229e+00   2.317474e+00
  3853.000   1.406070e+00   2.181995e+00
  3853.500   3.320669e-01   2.039594e+00
  3854.000   1.052526e+00   1.912476e+00
  3854.500   6.843232e-01   1.904273e+00
  3855.000   8.926943e-01   2.059765e+00
  3855.500   5.206344e-01   1.885771e+00
  3856.000   8.069788e-01   1.549587e+00
  3856.500   4.482942e-01   1.578084e+00
  3857.000   6.919483e-01   2.014806e+00
  3857.500   4.529799e-02   2.136096e+00
  3858.000   8.593766e-01   1.826167e+00
  3858.500   1.256718e+00   1.496219e+00
  3859.000   6.407033e-01   1.296064e+00
  3859.500   6.565180e-01   1.090720e+00
  3860.000   3.436050e-01   1.033064e+00
  3860.500   5.072721e-01   1.272245e+00
  3861.000   1.928283e-02   1.483350e+00
  3861.500   5.166831e-01   1.779670e+00
  3862.000   6.591739e-01   2.357058e+00
  3862.500   6.386640e-01   2.666305e+00
  3863.000   1.277941e+00   2.668362e+00
  3863.500   1.072871e+00   2.470116e+00
  3864.000   1.114385e+00   2.411872e+00
  3864.500   3.973801e-01   2.470145e+00
  3865.000   1.101752e+00   2.217358e+00
  3865.500   1.458760e+00   1.946270e+00
  3866.000   6.784149e-01   2.121583e+00
  3866.500   4.197067e-01   2.314268e+00
  3867.000   8.213091e-01   2.226472e+00
  3867.500   7.932825e-01   2.124069e+00
  3868.000   8.468293e-01   2.081980e+00
  3868.500   8.461114e-01   2.133404e+00
  3869.000   4.153599e-01   2.100099e+00
  3869.500   4.724822e-01   1.916252e+00
  3870.000   1.464036e+00   1.765506e+00
  3870.500   4.922882e-01   1.555974e+00
  3871.000   4.208064e-01   1.348946e+00
  3871.500   8.248652e-01   1.332978e+00
  3872.000   4.412961e-01   1.378571e+00
  3872.500   2.944844e-01   1.332229e+00
  3873.000   6.485873e-01   1.520780e+00
  3873.500   3.998837e-01   1.833999e+00
  3874.000   4.090011e-01   2.111499e+00
  3874.500   1.187153e+00   2.453978e+00
  3875.000   7.382110e-01   2.624280e+00
  3875.500   1.479572e+00   2.600142e+00
  3876.000   1.507464e+00   2.495548e+00
  3876.500   1.023424e+00   2.469297e+00
  3877.000   5.388510e-01   2.312353e+00
  3877.500   8.516002e-01   1.972995e+00
  3878.000   7.661958e-01   1.431865e+00
  3878.500   1.007597e+00   1.261836e+00
  3879.000   4.174920e-01   1.732450e+00
  3879.500   3.791110e-01   2.178318e+00
  3880.000   5.510521e-01   2.216921e+00
  3880.500   1.442046e+00   2.160383e+00
  3881.000   1.275101e+00   2.069720e+00
  3881.500   4.100292e-01   1.852211e+00
  3882.000   1.501593e+00   1.581013e+00
  3882.500   4.888158e-01   1.387986e+00
  3883.000   2.670850e-01   1.523150e+00
  3883.500   5.557604e-01   2.203705e+00
  3884.000   3.448841e-01   2.633911e+00
  3884.500   3.568780e-01   2.479076e+00
  3885.000   1.477705e+00   2.241357e+00
  3885.500   3.591537e-01   1.862482e+00
  3886.000   1.258292e+00   1.442895e+00
  3886.500   1.159865e+00   1.288521e+00
  3887.000   5.613227e-01   1.551810e+00
  3887.500   3.022756e-01   1.984780e+00
  3888.000   6.099241e-01   1.967557e+00
  3888.500   9.697616e-01   1.536135e+00
  3889.000   9.111356e-01   1.405138e+00
  3889.500   3.881526e-01   1.677266e+00
  3890.000   4.632305e-01   1.994767e+00
  3890.500   5.938801e-01   2.218700e+00
  3891.000   5.270556e-01   2.401978e+00
  3891.500   4.104739e-01   2.546364e+00
  3892.000   7.791630e-01   2.640883e+00
  3892.500   9.997216e-01   2.623103e+00
  3893.000   5.412568e-01   2.417695e+00
  3893.500   1.348883e+00   2.408079e+00
  3894.000   3.791434e-01   2.546369e+00
  3894.500   1.776898e-01   2.636669e+00
  3895.000   4.444748e-01   2.280787e+00
  3895.500   1.463892e+00   1.940848e+00
  3896.000   1.378810e+00   2.273275e+00
  3896.500   6.368196e-01   2.826547e+00
  3897.000   1.065907e+00   3.075173e+00
  3897.500   1.235845e+00   2.771324e+00
  3898.000   1.525545e+00   2.458134e+00
  3898.500   1.105149e+00   2.598515e+00
  3899.000   1.690695e-01   2.543885e+00
  3899.500   4.918380e-01   2.208412e+00
  3900.000   1.456526e+00   2.245546e+00
  3900.500   8.764291e-01   2.529324e+00
  3901.000   7.222852e-01   2.881055e+00
  3901.500   1.209005e+00   2.983761e+00
  3902.000   1.232722e+00   2.666949e+00
  3902.500   1.541332e+00   2.197894e+00
  3903.000   5.771524e-01   1.958165e+00
  3903.500   9.910562e-01   2.230520e+00
  3904.000   2.714913e-01   2.505999e+00
  3904.500   1.219050e+00   2.505265e+00
  3905.000   2.104084e-01   2.044304e+00
  3905.500   1.321533e+00   1.645914e+00
  3906.000   7.465259e-01   1.763193e+00
  3906.500   4.304535e-01   2.099760e+00
  3907.000   4.206823e-01   2.519135e+00
  3907.500   7.519733e-01   2.709112e+00
  3908.000   1.360635e+00   2.738747e+00
  3908.500   1.430036e+00   2.783067e+00
  3909.000   8.378938e-01   2.792556e+00
  3909.500   1.170526e+00   2.615353e+00
  3910.000   9.682152e-01   2.390253e+00
  3910.500   1.436211e+00   2.355218e+00
  3911.000   4.759823e-01   2.543590e+00
  3911.500   1.017152e+00   2.788256e+00
  3912.000   8.530249e-01   2.837397e+00
  3912.500   1.305330e+00   2.936008e+00
  3913.000   1.188794e+00   2.793835e+00
  3913.500   1.242622e+00   2.508061e+00
  3914.000   1.231146e+00   2.476138e+00
  3914.500   8.636736e-01   2.674878e+00
  3915.000   1.450537e+00   2.886516e+00
  3915.500   6.099830e-01   2.663872e+00
  3916.000   1.455556e+00   2.437082e+00
  3916.500   1.368476e+00   2.420099e+00
  3917.000   9.350872e-01   2.508605e+00
  3917.500   3.616205e-01   2.708255e+00
  3918.000   1.328983e+00   2.640850e+00
  3918.500   1.125795e+00   2.316063e+00
  3919.000   1.237215e+00   2.333359e+00
  3919.500   3.928609e-01   2.459811e+00
  3920.000   1.078333e+00   2.156645e+00
  3920.500   1.285858e+00   1.769051e+00
  3921.000   1.146541e+00   1.763808e+00
  3921.500   6.092061e-01   2.019538e+00
  3922.000   8.705877e-01   2.254117e+00
  3922.500   8.901864e-01   2.097894e+00
  3923.000   1.200222e+00   1.989062e+00
  3923.500   8.744121e-01   2.346340e+00
  3924.000   1.451689e-01   2.556295e+00
  3924.500   1.041895e+00   2.479561e+00
  3925.000   1.149689e+00   2.303403e+00
  3925.500   1.092999e+00   2.046689e+00
  3926.000   1.098199e+00   1.940233e+00
  3926.500   9.941895e-01   2.025885e+00
  3927.000   7.031011e-01   1.972186e+00
  3927.500   8.764720e-01   1.624098e+00
  3928.000   8.679676e-01   1.276996e+00
  3928.500   7.426020e-01   1.259319e+00
  3929.000   1.467413e-01   1.286000e+00
  3929.500   5.401949e-01   1.188996e+00
  3930.000   6.268562e-01   1.028718e+00
  3930.500   4.759267e-01   9.261629e-01
  3931.000   2.410503e-01   9.007736e-01
  3931.500   2.861830e-01   8.402956e-01
  3932.000   3.384489e-01   7.272653e-01
  3932.500   3.654359e-01   5.898864e-01
  3933.000   2.858895e-01   4.680501e-01
  3933.500   2.904476e-01   4.002929e-01
  3934.000   2.004134e-01   4.214269e-01
  3934.500   1.352542e-01   5.222743e-01
  3935.000   1.278513e-01   6.350905e-01
  3935.500   2.087520e-01   7.233118e-01
  3936.000   2.658771e-01   8.370972e-01
  3936.500   3.088249e-01   9.967240e-01
  3937.000   3.111751e-01   1.121479e+00
  3937.500   3.884542e-01   1.225819e+00
  3938.000   4.310641e-01   1.324458e+00
  3938.500   4.402226e-01   1.470066e+00
  3939.000   5.633782e-01   1.697001e+00
  3939.500   3.420297e-01   1.884491e+00
  3940.000   6.662331e-01   1.985332e+00
  3940.500   7.087460e-01   1.976204e+00
  3941.000   8.312710e-01   1.893318e+00
  3941.500   8.081086e-01   1.925587e+00
  3942.000   1.645005e-01   2.050140e+00
  3942.500   9.307968e-01   2.095576e+00
  3943.000   8.367636e-01   1.991218e+00
  3943.500   3.834093e-01   1.683693e+00
  3944.000   9.667765e-01   1.499952e+00
  3944.500   6.396999e-01   1.679096e+00
  3945.000   3.881014e-01   1.945372e+00
  3945.500   7.927823e-01   2.348964e+00
  3946.000   3.246981e-01   2.693346e+00
  3946.500   8.330448e-01   2.732632e+00
  3947.000   8.709490e-01   2.506867e+00
  3947.500   1.226300e+00   2.274702e+00
  3948.000   1.198023e+00   2.243714e+00
  3948.500   4.749739e-01   2.256166e+00
  3949.000   1.271585e+00   2.346744e+00
  3949.500   1.276778e+00   2.616530e+00
  3950.000   5.407916e-01   2.726244e+00
  3950.500   1.282702e+00   2.825912e+00
  3951.000   1.000239e+00   2.839774e+00
  3951.500   6.868928e-01   2.799292e+00
  3952.000   1.326312e+00   2.629683e+00
  3952.500   1.284119e+00   2.207448e+00
  3953.000   1.286784e+00   2.057038e+00
  3953.500   9.861157e-01   2.500242e+00
  3954.000   4.595109e-01   2.908355e+00
  3954.500   1.268172e+00   2.991980e+00
  3955.000   6.141024e-01   2.831742e+00
  3955.500   1.336155e+00   2.635514e+00
  3956.000   1.327632e+00   2.416088e+00
  3956.500   5.349260e-01   2.183054e+00
  3957.000   1.256450e+00   2.337597e+00
  3957.500   5.179217e-01   2.602829e+00
  3958.000   1.096851e+00   2.628173e+00
  3958.500   1.286030e+00   2.724852e+00
  3959.000   1.088109e+00   2.885895e+00
  3959.500   1.090221e+00   2.887838e+00
  3960.000   1.214828e+00   2.709376e+00
  3960.500   1.215212e+00   2.366928e+00
  3961.000   1.134657e+00   1.806315e+00
  3961.500   1.102578e+00   1.354947e+00
  3962.000   9.088221e-01   1.419511e+00
  3962.500   3.687437e-01   1.636517e+00
  3963.000   6.011523e-01   1.705816e+00
  3963.500   3.856020e-01   1.733907e+00
  3964.000   4.199681e-01   1.714495e+00
  3964.500   8.317924e-01   1.626827e+00
  3965.000   8.225156e-01   1.523641e+00
  3965.500   7.524138e-01   1.320649e+00
  3966.000   6.762648e-01   1.097984e+00
  3966.500   6.125048e-01   9.511614e-01
  3967.000   4.571144e-01   8.392940e-01
  3967.500   4.912176e-01   7.036229e-01
  3968.000   3.792027e-01   5.571106e-01
  3968.500   2.837810e-01   4.817622e-01
  3969.000   2.412326e-01   5.349346e-01
  3969.500   1.738332e-01   6.546700e-01
  3970.000   1.818313e-01   7.865111e-01
  3970.500   2.732169e-01   9.513343e-01
  3971.000   3.239825e-01   1.115512e+00
  3971.500   2.485174e-01   1.239594e+00
  3972.000   5.064440e-01   1.342812e+00
  3972.500   3.647808e-01   1.472569e+00
  3973.000   5.564567e-01   1.597519e+00
  3973.500   5.758714e-01   1.603971e+00
  3974.000   6.946475e-01   1.666579e+00
  3974.500   8.672911e-01   1.816688e+00
  3975.000   5.815357e-01   2.092615e+00
  3975.500   4.183182e-01   2.322720e+00
  3976.000   9.845028e-01   2.286728e+00
  3976.500   8.822690e-01   2.160498e+00
  3977.000   7.335502e-01   2.319025e+00
  3977.500   5.583060e-01   2.538442e+00
  3978.000   3.665400e-01   2.598828e+00
  3978.500   1.246821e+00   2.669332e+00
  3979.000   1.198458e+00   2.823656e+00
  3979.500   8.770161e-01   2.906680e+00
  3980.000   1.200396e+00   3.055293e+00
  3980.500   1.330443e+00   3.144229e+00
  3981.000   1.378951e+00   3.026417e+00
  3981.500   1.387825e+00   2.830512e+00
  3982.000   1.296766e+00   2.743393e+00
  3982.500   1.430424e+00   2.793745e+00
  3983.000   1.219395e+00   2.805482e+00
  3983.500   1.362766e+00   2.711903e+00
  3984.000   1.290140e+00   2.609360e+00
  3984.500   1.122250e+00   2.765079e+00
  3985.000   5.248032e-01   2.908844e+00
  3985.500   9.911610e-01   2.990796e+00
  3986.000   1.365106e+00   2.934798e+00
  3986.500   3.745592e-01   2.595995e+00
  3987.000   1.539675e+00   2.514415e+00
  3987.500   1.241346e+00   2.956607e+00
  3988.000   8.787987e-01   3.368938e+00
  3988.500   1.176231e+00   3.382624e+00
  3989.000   1.530890e+00   3.178032e+00
  3989.500   1.545718e+00   2.956711e+00
  3990.000   1.438728e+00   2.832461e+00
  3990.500   1.584319e+00   3.050015e+00
  3991.000   3.886674e-01   3.183111e+00
  3991.500   3.350015e-01   3.134581e+00
  3992.000   1.626106e+00   3.180787e+00
  3992.500   1.339844e+00   3.226771e+00
  3993.000   1.490755e+00   3.306569e+00
  3993.500   1.057017e+00   3.300593e+00
  3994.000   9.482750e-01   3.077364e+00
  3994.500   1.673878e+00   3.008856e+00
  3995.000   1.298382e+00   3.047633e+00
  3995.500   1.606160e+00   3.089879e+00
  3996.000   1.565253e+00   3.147337e+00
  3996.500   9.079825e-01   3.114215e+00
  3997.000   1.582045e+00   2.882709e+00
  3997.500   1.432645e+00   2.707304e+00
  3998.000   1.568329e+00   2.764591e+00
  3998.500   2.733937e-01   2.980231e+00
  3999.000   4.345815e-01   3.318765e+00
  3999.500   1.615065e+00   3.643416e+00
  4000.000   1.619714e+00   3.578817e+00
  4000.500   1.505158e+00   3.333983e+00
  4001.000   1.681757e+00   3.179093e+00
  4001.500   1.123661e+00   3.134263e+00
  4002.000   1.557060e+00   3.345030e+00
  4002.500   1.451814e+00   3.515359e+00
  4003.000   1.622369e+00   3.609851e+00
  4003.500   1.446976e+00   3.636355e+00
  4004.000   1.322672e+00   3.509974e+00
  4004.500   1.668004e+00   3.010976e+00
  4005.000   1.539472e+00   2.219336e+00
  4005.500   1.553436e+00   2.168193e+00
  4006.000   3.532339e-01   2.578351e+00
  4006.500   4.045656e-01   2.691483e+00
  4007.000   1.525453e+00   2.852789e+00
  4007.500   1.136919e+00   3.180821e+00
  4008.000   1.280330e+00   3.379610e+00
  4008.500   1.491416e+00   3.388809e+00
  4009.000   1.143536e+00   3.223681e+00
  4009.500   1.588858e+00   3.131861e+00
  4010.000   5.237890e-01   3.179331e+00
  4010.500   1.650901e+00   3.232596e+00
  4011.000   1.532855e+00   3.284903e+00
  4011.500   1.443807e+00   3.316600e+00
  4012.000   1.417755e+00   3.223043e+00
  4012.500   1.163960e+00   3.254039e+00
  4013.000   1.504956e+00   3.451709e+00
  4013.500   3.782232e-01   3.269955e+00
  4014.000   1.648230e+00   3.055583e+00
  4014.500   1.650251e+00   3.122561e+00
  4015.000   7.395167e-01   3.310779e+00
  4015.500   1.585928e+00   3.382521e+00
  4016.000   1.477696e+00   3.396996e+00
  4016.500   1.194431e+00   3.217673e+00
  4017.000   1.569824e+00   2.875867e+00
  4017.500   1.223913e+00   2.725282e+00
  4018.000   1.432177e+00   2.842024e+00
  4018.500   1.307938e+00   3.185778e+00
  4019.000   1.562175e+00   3.482953e+00
  4019.500   1.312255e+00   3.480440e+00
  4020.000   1.525910e+00   3.180249e+00
  4020.500   1.578760e+00   3.094640e+00
  4021.000   1.579583e+00   3.280528e+00
  4021.500   1.010502e+00   3.227323e+00
  4022.000   7.303998e-01   3.145747e+00
  4022.500   1.492676e+00   3.318197e+00
  4023.000   2.002586e-01   3.439153e+00
  4023.500   1.612722e+00   3.378737e+00
  4024.000   1.609699e+00   3.214040e+00
  4024.500   6.428780e-01   3.003745e+00
  4025.000   1.659494e+00   2.994688e+00
  4025.500   1.625571e+00   3.211929e+00
  4026.000   1.569527e+00   3.335163e+00
  4026.500   1.385573e+00   3.386236e+00
  4027.000   1.128285e+00   3.445867e+00
  4027.500   1.488646e+00   3.478648e+00
  4028.000   1.601108e+00   3.481344e+00
  4028.500   1.229542e+00   3.508441e+00
  4029.000   1.562962e+00   3.569637e+00
  4029.500   5.094060e-01   3.361648e+00
  4030.000   1.633205e+00   2.893053e+00
  4030.500   1.575344e+00   2.377996e+00
  4031.000   1.458890e+00   2.460870e+00
  4031.500   1.094881e+00   2.830138e+00
  4032.000   4.412496e-01   2.857270e+00
  4032.500   1.382045e+00   2.606719e+00
  4033.000   1.442158e+00   2.434215e+00
  4033.500   1.458803e+00   2.693098e+00
  4034.000   1.280771e+00   2.800375e+00
  4034.500   1.457823e+00   2.719868e+00
  4035.000   1.461435e+00   2.882302e+00
  4035.500   8.090401e-01   2.917114e+00
  4036.000   1.283616e+00   3.113803e+00
  4036.500   1.506479e+00   3.404715e+00
  4037.000   1.341503e+00   3.514692e+00
  4037.500   1.135910e+00   3.610368e+00
  4038.000   1.584726e+00   3.659823e+00
  4038.500   1.483113e+00   3.549294e+00
  4039.000   1.594642e+00   3.476510e+00
  4039.500   1.599020e+00   3.456726e+00
  4040.000   1.420374e+00   3.246293e+00
  4040.500   1.601029e+00   3.069402e+00
  4041.000   1.303156e+00   3.004850e+00
  4041.500   1.450146e+00   3.101787e+00
  4042.000   1.555984e+00   3.465689e+00
  4042.500   1.273248e-01   3.667902e+00
  4043.000   1.555269e+00   3.580304e+00
  4043.500   1.537035e+00   3.210656e+00
  4044.000   1.491564e+00   2.788898e+00
  4044.500   1.305201e+00   2.506214e+00
  4045.000   6.162970e-01   2.071393e+00
  4045.500   1.368626e+00   1.514234e+00
  4046.000   1.264625e+00   1.516034e+00
  4046.500   4.775151e-01   2.215614e+00
  4047.000   1.053652e-01   2.876614e+00
  4047.500   8.510816e-01   3.219767e+00
  4048.000   1.314157e+00   3.345409e+00
  4048.500   1.213959e+00   3.206756e+00
  4049.000   1.447706e+00   3.064000e+00
  4049.500   1.517169e+00   3.158622e+00
  4050.000   1.379498e+00   3.369956e+00
  4050.500   8.015647e-01   3.443736e+00
  4051.000   1.413889e+00   3.424406e+00
  4051.500   1.367047e+00   3.316687e+00
  4052.000   1.594788e+00   3.031182e+00
  4052.500   1.167019e+00   2.854926e+00
  4053.000   1.139014e+00   3.021031e+00
  4053.500   1.250210e+00   3.180645e+00
  4054.000   1.532559e+00   3.130916e+00
  4054.500   1.508045e+00   2.923418e+00
  4055.000   7.905420e-01   2.775554e+00
  4055.500   1.618134e+00   2.932639e+00
  4056.000   2.965735e-01   3.126597e+00
  4056.500   1.513008e+00   3.172557e+00
  4057.000   1.599090e+00   2.912215e+00
  4057.500   8.591931e-01   2.519235e+00
  4058.000   1.470896e+00   2.543132e+00
  4058.500   4.313207e-01   2.684581e+00
  4059.000   1.095229e+00   2.798450e+00
  4059.500   1.479869e+00   3.016425e+00
  4060.000   1.084625e+00   3.260647e+00
  4060.500   9.364221e-01   3.373705e+00
  4061.000   1.572205e+00   3.337008e+00
  4061.500   1.564840e+00   3.193577e+00
  4062.000   1.593987e+00   2.974085e+00
  4062.500   1.517973e+00   2.701661e+00
  4063.000   1.488416e+00   2.222706e+00
  4063.500   1.264610e+00   1.730751e+00
  4064.000   1.292862e+00   1.950055e+00
  4064.500   5.083464e-01   2.605055e+00
  4065.000   5.906868e-01   3.028591e+00
  4065.500   9.233768e-01   3.124146e+00
  4066.000   1.529900e+00   2.966607e+00
  4066.500   7.686413e-01   2.665701e+00
  4067.000   1.612133e+00   2.584692e+00
  4067.500   5.298458e-01   2.737864e+00
  4068.000   1.221508e+00   2.970534e+00
  4068.500   1.253694e+00   3.286550e+00
  4069.000   1.009839e+00   3.457479e+00
  4069.500   1.566930e+00   3.511849e+00
  4070.000   1.531936e+00   3.395276e+00
  4070.500   1.632166e+00   3.058131e+00
  4071.000   1.625982e+00   2.578495e+00
  4071.500   1.453141e+00   2.052318e+00
  4072.000   1.147457e+00   2.099382e+00
  4072.500   1.065104e+00   2.743979e+00
  4073.000   3.522869e-01   3.269705e+00
  4073.500   1.146430e+00   3.358783e+00
  4074.000   1.460318e+00   3.284254e+00
  4074.500   1.601598e+00   3.136643e+00
  4075.000   1.374760e+00   3.030574e+00
  4075.500   1.369915e+00   3.054837e+00
  4076.000   9.768038e-01   2.796859e+00
  4076.500   1.285904e+00   2.458287e+00
  4077.000   1.171165e+00   2.365721e+00
  4077.500   1.438180e+00   2.284124e+00
  4078.000   6.011837e-01   2.381145e+00
  4078.500   8.986283e-01   2.702493e+00
  4079.000   7.484729e-01   2.807221e+00
  4079.500   3.038982e-01   2.811405e+00
  4080.000   1.358815e+00   3.036292e+00
  4080.500   8.297821e-01   3.302884e+00
  4081.000   3.361409e-01   3.434807e+00
  4081.500   1.616730e+00   3.492109e+00
  4082.000   9.031439e-01   3.371915e+00
  4082.500   1.555759e+00   3.189474e+00
  4083.000   1.626514e+00   3.062864e+00
  4083.500   1.461388e+00   2.881717e+00
  4084.000   1.505207e+00   2.831934e+00
  4084.500   1.612140e+00   2.797145e+00
  4085.000   1.488337e+00   2.764941e+00
  4085.500   1.178244e+00   2.928296e+00
  4086.000   1.567459e+00   3.067848e+00
  4086.500   6.510437e-01   3.151854e+00
  4087.000   1.547441e+00   3.307784e+00
  4087.500   7.454921e-01   3.492990e+00
  4088.000   1.592261e+00   3.592884e+00
  4088.500   1.574730e+00   3.542168e+00
  4089.000   1.531888e+00   3.484093e+00
  4089.500   1.631408e+00   3.462315e+00
  4090.000   1.519048e+00   3.354501e+00
  4090.500   1.646149e+00   3.301321e+00
  4091.000   1.610454e+00   3.363863e+00
  4091.500   1.349610e+00   3.359375e+00
  4092.000   1.588627e+00   3.112651e+00
  4092.500   1.639337e+00   2.891937e+00
  4093.000   1.625674e+00   3.205017e+00
  4093.500   7.815795e-01   3.554812e+00
  4094.000   1.447221e+00   3.547324e+00
  4094.500   1.607732e+00   3.286495e+00
  4095.000   1.625000e+00   3.060817e+00
  4095.500   1.454168e+00   2.967446e+00
  4096.000   1.355220e+00   2.843418e+00
  4096.500   1.114789e+00   2.850653e+00
  4097.000   1.456133e+00   2.931058e+00
  4097.500   1.458608e+00   3.014517e+00
  4098.000   1.335217e+00   2.907945e+00
  4098.500   1.521811e+00   2.853166e+00
  4099.000   1.511858e+00   2.988715e+00
  4099.500   1.434962e+00   2.951573e+00
  4100.000   1.449018e+00   2.685351e+00
  4100.500   1.443424e+00   2.382047e+00
  4101.000   1.090617e+00   2.032346e+00
  4101.500   9.021845e-01   1.732487e+00
  4102.000   1.076613e+00   1.834596e+00
  4102.500   8.299409e-01   2.220972e+00
  4103.000   4.450019e-01   2.520393e+00
  4103.500   1.004665e+00   2.752092e+00
  4104.000   1.065816e+00   2.818559e+00
  4104.500   1.231323e+00   2.851021e+00
  4105.000   1.380930e+00   2.977758e+00
  4105.500   1.340778e+00   3.205184e+00
  4106.000   1.216748e+00   3.241423e+00
  4106.500   1.396836e+00   3.183955e+00
  4107.000   1.529490e+00   3.232061e+00
  4107.500   1.386764e+00   3.198867e+00
  4108.000   1.620749e+00   3.217273e+00
  4108.500   1.484973e+00   3.200584e+00
  4109.000   1.538385e+00   3.151565e+00
  4109.500   1.567848e+00   3.080545e+00
  4110.000   1.601885e+00   3.084507e+00
  4110.500   1.644255e+00   3.115857e+00
  4111.000   5.759489e-01   3.159104e+00
  4111.500   1.563026e+00   3.189951e+00
  4112.000   9.925063e-01   3.182373e+00
  4112.500   1.031030e+00   3.201356e+00
  4113.000   1.016066e+00   3.300345e+00
  4113.500   7.449542e-01   3.536176e+00
  4114.000   1.535003e+00   3.552145e+00
  4114.500   1.743719e+00   3.367318e+00
  4115.000   1.575644e+00   3.315842e+00
  4115.500   1.597815e+00   3.487708e+00
  4116.000   1.688917e+00   3.574564e+00
  4116.500   1.644140e+00   3.535225e+00
  4117.000   1.549842e+00   3.593806e+00
  4117.500   1.727184e+00   3.556398e+00
  4118.000   1.633988e+00   3.231914e+00
  4118.500   1.749829e+00   2.814017e+00
  4119.000   7.113889e-01   2.798046e+00
  4119.500   1.630586e+00   3.071173e+00
  4120.000   5.355461e-01   3.245720e+00
  4120.500   1.333009e+00   3.391003e+00
  4121.000   1.493524e+00   3.363634e+00
  4121.500   1.714941e+00   3.210558e+00
  4122.000   1.496568e+00   3.190035e+00
  4122.500   1.765437e-01   3.191256e+00
  4123.000   6.649563e-01   3.177518e+00
  4123.500   1.642574e+00   3.088318e+00
  4124.000   1.700565e+00   3.245528e+00
  4124.500   1.493933e+00   3.479865e+00
  4125.000   1.316966e+00   3.473761e+00
  4125.500   1.751228e+00   3.208336e+00
  4126.000   1.547560e+00   2.996722e+00
  4126.500   1.705537e+00   3.104817e+00
  4127.000   1.151091e+00   3.144225e+00
  4127.500   1.661576e+00   2.880650e+00
  4128.000   1.132275e+00   2.833498e+00
  4128.500   1.439045e+00   3.085619e+00
  4129.000   6.723068e-01   3.107617e+00
  4129.500   1.558613e+00   3.030985e+00
  4130.000   1.574513e+00   3.103608e+00
  4130.500   1.530264e+00   3.198153e+00
  4131.000   1.667812e+00   3.132559e+00
  4131.500   1.560596e+00   2.781133e+00
  4132.000   1.464758e+00   2.291820e+00
  4132.500   1.369319e+00   2.321926e+00
  4133.000   1.057226e+00   2.703008e+00
  4133.500   1.254759e+00   2.827449e+00
  4134.000   1.110148e+00   2.592895e+00
  4134.500   1.525764e+00   2.475092e+00
  4135.000   4.564488e-01   2.830838e+00
  4135.500   4.321474e-01   3.263670e+00
  4136.000   1.513545e+00   3.393583e+00
  4136.500   1.504725e+00   3.208428e+00
  4137.000   1.668149e+00   2.979481e+00
  4137.500   1.698185e+00   3.001584e+00
  4138.000   1.687151e+00   3.171571e+00
  4138.500   1.346857e+00   3.291188e+00
  4139.000   1.600387e+00   3.320706e+00
  4139.500   1.335099e+00   3.265187e+00
  4140.000   1.402961e+00   3.169164e+00
  4140.500   1.532921e+00   3.200711e+00
  4141.000   1.646251e+00   3.296574e+00
  4141.500   1.572722e+00   3.156514e+00
  4142.000   1.590254e+00   2.831430e+00
  4142.500   1.702594e+00   2.601600e+00
  4143.000   9.277316e-01   2.374557e+00
  4143.500   1.075336e+00   1.982648e+00
  4144.000   1.363546e+00   2.057079e+00
  4144.500   1.026736e+00   2.647465e+00
  4145.000   2.093872e-01   2.983904e+00
  4145.500   1.431327e+00   2.973192e+00
  4146.000   1.493282e+00   2.962145e+00
  4146.500   1.620482e+00   3.076476e+00
  4147.000   1.326877e+00   3.015269e+00
  4147.500   1.681608e+00   2.906368e+00
  4148.000   1.674774e+00   3.079870e+00
  4148.500   8.105335e-01   3.148823e+00
  4149.000   1.661137e+00   2.862147e+00
  4149.500   1.739288e+00   2.629208e+00
  4150.000   1.534758e+00   2.716694e+00
  4150.500   6.051675e-01   2.906549e+00
  4151.000   1.223112e+00   3.082174e+00
  4151.500   1.281766e+00   2.987646e+00
  4152.000   1.604742e+00   2.739914e+00
  4152.500   1.696867e+00   2.889017e+00
  4153.000   1.457921e+00   3.051978e+00
  4153.500   1.401641e+00   2.789940e+00
  4154.000   1.631451e+00   2.389918e+00
  4154.500   1.508801e+00   2.343736e+00
  4155.000   5.906871e-01   2.714146e+00
  4155.500   1.237075e+00   2.973573e+00
  4156.000   3.071172e-01   2.728692e+00
  4156.500   1.666196e+00   2.433185e+00
  4157.000   1.599130e+00   2.574959e+00
  4157.500   6.094392e-01   2.778094e+00
  4158.000   3.450625e-01   2.813110e+00
  4158.500   1.699676e+00   2.834176e+00
  4159.000   6.591266e-01   2.828223e+00
  4159.500   1.470243e+00   2.984388e+00
  4160.000   6.192558e-01   3.035847e+00
  4160.500   1.601566e+00   2.935726e+00
  4161.000   1.514043e+00   2.807467e+00
  4161.500   1.013639e+00   2.813117e+00
  4162.000   1.559254e+00   3.076295e+00
  4162.500   1.389245e+00   3.228957e+00
  4163.000   1.312869e+00   3.199055e+00
  4163.500   1.695454e+00   3.027838e+00
  4164.000   1.745092e+00   2.991410e+00
  4164.500   1.633109e+00   3.037745e+00
  4165.000   1.690864e+00   2.983102e+00
  4165.500   1.091057e+00   2.963198e+00
  4166.000   1.527464e+00   3.087217e+00
  4166.500   1.125541e+00   2.976159e+00
  4167.000   1.669455e+00   2.549903e+00
  4167.500   1.436485e+00   2.338896e+00
  4168.000   1.365386e+00   2.610133e+00
  4168.500   4.490696e-01   2.898214e+00
  4169.000   9.797875e-01   2.964606e+00
  4169.500   1.705768e+00   2.942009e+00
  4170.000   1.668563e+00   2.970889e+00
  4170.500   1.494479e+00   2.926503e+00
  4171.000   1.196478e+00   2.713586e+00
  4171.500   1.680140e+00   2.529924e+00
  4172.000   1.393186e+00   2.273527e+00
  4172.500   1.672660e+00   2.161646e+00
  4173.000   1.299240e+00   2.224682e+00
  4173.500   1.600342e+00   2.357911e+00
  4174.000   1.310047e+00   2.556756e+00
  4174.500   4.399756e-01   2.660744e+00
  4175.000   1.660757e+00   2.596989e+00
  4175.500   1.264550e+00   2.634186e+00
  4176.000   8.535658e-01   2.741545e+00
  4176.500   1.485995e+00   2.737611e+00
  4177.000   1.604447e+00   2.652563e+00
  4177.500   1.562814e+00   2.465550e+00
  4178.000   1.512852e+00   2.496447e+00
  4178.500   1.113028e+00   2.692589e+00
  4179.000   1.045702e+00   2.714991e+00
  4179.500   1.586196e+00   2.810709e+00
  4180.000   7.764897e-01   2.987844e+00
  4180.500   7.836918e-01   2.937846e+00
  4181.000   1.398049e+00   2.784719e+00
  4181.500   1.484527e+00   2.511317e+00
  4182.000   7.059143e-01   2.367635e+00
  4182.500   1.606897e+00   2.526300e+00
  4183.000   6.816412e-01   2.639374e+00
  4183.500   1.090144e+00   2.605168e+00
  4184.000   1.212928e+00   2.566958e+00
  4184.500   1.016518e+00   2.696140e+00
  4185.000   1.337309e+00   2.892340e+00
  4185.500   7.462685e-01   3.013323e+00
  4186.000   1.225366e+00   2.870780e+00
  4186.500   1.545840e+00   2.492461e+00
  4187.000   1.498788e+00   2.148536e+00
  4187.500   1.195715e+00   2.054374e+00
  4188.000   1.404662e+00   2.271217e+00
  4188.500   1.290780e+00   2.527714e+00
  4189.000   1.775601e-01   2.645702e+00
  4189.500   1.514303e+00   2.844025e+00
  4190.000   1.163506e+00   2.959198e+00
  4190.500   1.746500e+00   2.915123e+00
  4191.000   1.440555e+00   2.645984e+00
  4191.500   1.650471e+00   2.390995e+00
  4192.000   1.600770e+00   2.593510e+00
  4192.500   8.840109e-01   2.938373e+00
  4193.000   1.505664e+00   3.143924e+00
  4193.500   1.661403e+00   3.152520e+00
  4194.000   1.734765e+00   3.082720e+00
  4194.500   1.646846e+00   2.863306e+00
  4195.000   1.224559e+00   2.529493e+00
  4195.500   1.549685e+00   2.402812e+00
  4196.000   9.263849e-01   2.476104e+00
  4196.500   3.168777e-01   2.519251e+00
  4197.000   1.683823e+00   2.635211e+00
  4197.500   1.364307e+00   2.631961e+00
  4198.000   1.563940e+00   2.222461e+00
  4198.500   1.534105e+00   1.955914e+00
  4199.000   1.574513e+00   2.185340e+00
  4199.500   1.735771e-01   2.538532e+00
  4200.000   1.494570e+00   2.651826e+00
  4200.500   1.355231e+00   2.547858e+00
  4201.000   1.422088e+00   2.478430e+00
  4201.500   1.732165e+00   2.328937e+00
  4202.000   1.161971e+00   2.083811e+00
  4202.500   1.584097e+00   2.320151e+00
  4203.000   9.812900e-01   2.670537e+00
  4203.500   9.633961e-01   2.745801e+00
  4204.000   1.400853e+00   2.694947e+00
  4204.500   1.716137e+00   2.698973e+00
  4205.000   1.655548e+00   2.684750e+00
  4205.500   1.599361e+00   2.808689e+00
  4206.000   1.151511e+00   2.936240e+00
  4206.500   1.531003e+00   2.784593e+00
  4207.000   1.734499e+00   2.724761e+00
  4207.500   1.435805e+00   2.918685e+00
  4208.000   1.565178e+00   3.028070e+00
  4208.500   1.584120e+00   2.915271e+00
  4209.000   1.217237e+00   2.835595e+00
  4209.500   1.553962e+00   2.731079e+00
  4210.000   1.565662e+00   2.570580e+00
  4210.500   1.532586e+00   2.551785e+00
  4211.000   8.569818e-01   2.738465e+00
  4211.500   3.280711e-01   2.897681e+00
  4212.000   1.608557e+00   2.936783e+00
  4212.500   1.414621e+00   2.936240e+00
  4213.000   1.410129e+00   2.923941e+00
  4213.500   1.626771e+00   2.844309e+00
  4214.000   1.615105e+00   2.850890e+00
  4214.500   1.651985e+00   2.863207e+00
  4215.000   1.225327e+00   2.553549e+00
  4215.500   1.513937e+00   2.128513e+00
  4216.000   1.380924e+00   2.136867e+00
  4216.500   1.224393e+00   2.491043e+00
  4217.000   1.205223e+00   2.669095e+00
  4217.500   1.203573e+00   2.660244e+00
  4218.000   1.706624e+00   2.753493e+00
  4218.500   1.209854e+00   2.763446e+00
  4219.000   1.645580e+00   2.705648e+00
  4219.500   1.351268e+00   2.707629e+00
  4220.000   1.483674e+00   2.818565e+00
  4220.500   7.684524e-01   2.954483e+00
  4221.000   1.648888e+00   3.060743e+00
  4221.500   7.273662e-01   2.947074e+00
  4222.000   1.641505e+00   2.747813e+00
  4222.500   1.544335e+00   2.686025e+00
  4223.000   1.665970e+00   2.674339e+00
  4223.500   1.048123e+00   2.549311e+00
  4224.000   1.644405e+00   2.410766e+00
  4224.500   1.464904e+00   2.315382e+00
  4225.000   1.598069e+00   2.274993e+00
  4225.500   1.092959e+00   2.045508e+00
  4226.000   8.691955e-01   1.645790e+00
  4226.500   1.225389e+00   1.204925e+00
  4227.000   1.259091e+00   1.160633e+00
  4227.500   6.831035e-01   1.640585e+00
  4228.000   1.891799e-01   2.331464e+00
  4228.500   5.128191e-01   2.821492e+00
  4229.000   1.245562e+00   2.905050e+00
  4229.500   1.433755e+00   2.703043e+00
  4230.000   1.615882e+00   2.701727e+00
  4230.500   1.653169e+00   2.880922e+00
  4231.000   6.379556e-01   2.928512e+00
  4231.500   1.586493e+00   2.920952e+00
  4232.000   1.728100e+00   2.882472e+00
  4232.500   1.724837e+00   2.704440e+00
  4233.000   1.660480e+00   2.372651e+00
  4233.500   1.661617e+00   2.298917e+00
  4234.000   1.485698e+00   2.641709e+00
  4234.500   1.355310e+00   2.891623e+00
  4235.000   1.390246e+00   2.688366e+00
  4235.500   1.632194e+00   2.249263e+00
  4236.000   1.680145e+00   1.994944e+00
  4236.500   5.174247e-01   2.177372e+00
  4237.000   7.223716e-01   2.361677e+00
  4237.500   8.994933e-01   2.524323e+00
  4238.000   9.940428e-01   2.556534e+00
  4238.500   1.400956e+00   2.473759e+00
  4239.000   1.614381e+00   2.409559e+00
  4239.500   1.478418e+00   2.359898e+00
  4240.000   2.571282e-01   2.345848e+00
  4240.500   1.317209e+00   2.523428e+00
  4241.000   6.808586e-01   2.808790e+00
  4241.500   1.432404e+00   2.955186e+00
  4242.000   1.488181e+00   2.729219e+00
  4242.500   1.601142e+00   2.407221e+00
  4243.000   1.655773e+00   2.361947e+00
  4243.500   8.436634e-01   2.461582e+00
  4244.000   1.482419e+00   2.772279e+00
  4244.500   7.223496e-01   2.963364e+00
  4245.000   8.054218e-01   2.852840e+00
  4245.500   1.450906e+00   2.762319e+00
  4246.000   1.571960e+00   2.779661e+00
  4246.500   4.452425e-01   2.666905e+00
  4247.000   1.655188e+00   2.418413e+00
  4247.500   1.713549e+00   2.308656e+00
  4248.000   2.634082e-01   2.344254e+00
  4248.500   6.278318e-01   2.351591e+00
  4249.000   1.558012e+00   2.425190e+00
  4249.500   9.456661e-01   2.297751e+00
  4250.000   1.383655e+00   1.991422e+00
  4250.500   1.598823e+00   1.886126e+00
  4251.000   1.472197e+00   2.188184e+00
  4251.500   1.084419e+00   2.686454e+00
  4252.000   1.041617e-01   2.896887e+00
  4252.500   1.243627e+00   2.844584e+00
  4253.000   1.632045e+00   2.761181e+00
  4253.500   1.161851e+00   2.600909e+00
  4254.000   1.319209e+00   2.256772e+00
  4254.500   1.621527e+00   2.104043e+00
  4255.000   1.316594e+00   2.218549e+00
  4255.500   2.252991e-01   2.310070e+00
  4256.000   1.375912e+00   2.480109e+00
  4256.500   1.185388e+00   2.791004e+00
  4257.000   7.207535e-01   3.002517e+00
  4257.500   1.243612e+00   2.921813e+00
  4258.000   1.033772e+00   2.589270e+00
  4258.500   1.644759e+00   2.316180e+00
  4259.000   1.691438e+00   2.323920e+00
  4259.500   4.406182e-01   2.290859e+00
  4260.000   1.504312e+00   1.889477e+00
  4260.500   9.353881e-01   1.654707e+00
  4261.000   1.226031e+00   1.927957e+00
  4261.500   6.975641e-01   2.190665e+00
  4262.000   8.508127e-01   2.444271e+00
  4262.500   1.086835e+00   2.745465e+00
  4263.000   1.318607e+00   2.874899e+00
  4263.500   1.417622e+00   2.843151e+00
  4264.000   1.624540e+00   2.686325e+00
  4264.500   1.504725e+00   2.583744e+00
  4265.000   1.673406e+00   2.681165e+00
  4265.500   1.169592e+00   2.810610e+00
  4266.000   1.224252e+00   2.902297e+00
  4266.500   9.784055e-01   2.832198e+00
  4267.000   1.690430e+00   2.614583e+00
  4267.500   1.721265e+00   2.422314e+00
  4268.000   1.362139e+00   2.408071e+00
  4268.500   1.438688e+00   2.564038e+00
  4269.000   3.785910e-01   2.561674e+00
  4269.500   1.622540e+00   2.402415e+00
  4270.000   1.125563e+00   2.333430e+00
  4270.500   1.082137e+00   2.249802e+00
  4271.000   8.610661e-01   1.786365e+00
  4271.500   1.412808e+00   1.387936e+00
  4272.000   1.344363e+00   1.583831e+00
  4272.500   6.829311e-01   2.116482e+00
  4273.000   1.588229e-01   2.361434e+00
  4273.500   1.013548e+00   2.230946e+00
  4274.000   1.413262e+00   2.118219e+00
  4274.500   7.051229e-01   1.999840e+00
  4275.000   7.100688e-01   1.918316e+00
  4275.500   1.535009e+00   2.138540e+00
  4276.000   1.314384e-01   2.521495e+00
  4276.500   8.433746e-01   2.690043e+00
  4277.000   1.566067e+00   2.661355e+00
  4277.500   1.418369e+00   2.672940e+00
  4278.000   1.567752e+00   2.770316e+00
  4278.500   1.453272e+00   2.805218e+00
  4279.000   1.700166e+00   2.698103e+00
  4279.500   1.443058e+00   2.392091e+00
  4280.000   1.275910e+00   2.100629e+00
  4280.500   1.739815e+00   2.084914e+00
  4281.000   1.052085e+00   2.325308e+00
  4281.500   1.187976e+00   2.595000e+00
  4282.000   8.450584e-01   2.499610e+00
  4282.500   1.656026e+00   2.276697e+00
  4283.000   1.675743e+00   2.400126e+00
  4283.500   1.254929e+00   2.711654e+00
  4284.000   8.874453e-01   2.664751e+00
  4284.500   1.646755e+00   2.429616e+00
  4285.000   1.670589e+00   2.252681e+00
  4285.500   1.197044e+00   2.114003e+00
  4286.000   1.052232e+00   2.042157e+00
  4286.500   1.449681e+00   2.123740e+00
  4287.000   7.420503e-01   2.291806e+00
  4287.500   1.566235e+00   2.390939e+00
  4288.000   1.528057e+00   2.363406e+00
  4288.500   1.672668e+00   2.293988e+00
  4289.000   1.472518e+00   2.001870e+00
  4289.500   1.651832e+00   1.740810e+00
  4290.000   1.117331e+00   1.782218e+00
  4290.500   9.304437e-01   1.997077e+00
  4291.000   4.666248e-01   2.042648e+00
  4291.500   1.020623e+00   2.154044e+00
  4292.000   1.499906e+00   2.316925e+00
  4292.500   1.477628e+00   2.533347e+00
  4293.000   1.456808e+00   2.610404e+00
  4293.500   6.444334e-01   2.495714e+00
  4294.000   1.684630e+00   2.228826e+00
  4294.500   1.673291e+00   2.137061e+00
  4295.000   1.011118e+00   2.198385e+00
  4295.500   1.122674e+00   2.376743e+00
  4296.000   7.004928e-01   2.420214e+00
  4296.500   1.092891e+00   2.187841e+00
  4297.000   9.876845e-01   1.947931e+00
  4297.500   1.518032e+00   1.976797e+00
  4298.000   1.090352e+00   2.046697e+00
  4298.500   5.647915e-01   1.886264e+00
  4299.000   1.196667e+00   1.492839e+00
  4299.500   1.593737e+00   1.340541e+00
  4300.000   4.960489e-01   1.388669e+00
  4300.500   3.587307e-01   1.495171e+00
  4301.000   7.035737e-01   1.702501e+00
  4301.500   6.633223e-01   1.905721e+00
  4302.000   5.933047e-01   1.745284e+00
  4302.500   1.049297e+00   1.531951e+00
  4303.000   7.921263e-01   1.592204e+00
  4303.500   4.836906e-01   1.734908e+00
  4304.000   6.052354e-01   1.812477e+00
  4304.500   1.468912e+00   1.834089e+00
  4305.000   6.381821e-01   1.779518e+00
  4305.500   8.670693e-01   1.686994e+00
  4306.000   1.125297e+00   1.767792e+00
  4306.500   6.933990e-01   1.893299e+00
  4307.000   9.435030e-01   1.779455e+00
  4307.500   1.497885e+00   1.409992e+00
  4308.000   5.810438e-01   1.157675e+00
  4308.500   6.265283e-01   1.298315e+00
  4309.000   2.569814e-01   1.435772e+00
  4309.500   6.404119e-01   1.492538e+00
  4310.000   1.329259e+00   1.565728e+00
  4310.500   1.244082e+00   1.602536e+00
  4311.000   9.235602e-01   1.626472e+00
  4311.500   1.312789e+00   1.676932e+00
  4312.000   1.204834e+00   1.747779e+00
  4312.500   1.235054e+00   1.798932e+00
  4313.000   1.115230e+00   2.022500e+00
  4313.500   5.458883e-01   2.277721e+00
  4314.000   8.550738e-01   2.242752e+00
  4314.500   1.634283e+00   2.162064e+00
  4315.000   1.683273e+00   2.253734e+00
  4315.500   7.276023e-01   2.674450e+00
  4316.000   5.830169e-01   3.006244e+00
  4316.500   1.599612e+00   3.053193e+00
  4317.000   1.662744e+00   3.014846e+00
  4317.500   1.714468e+00   3.038397e+00
  4318.000   8.794586e-01   2.953245e+00
  4318.500   1.506889e+00   2.782574e+00
  4319.000   1.681253e+00   2.851973e+00
  4319.500   1.614406e+00   3.005886e+00
  4320.000   1.215879e+00   2.948279e+00
  4320.500   1.707614e+00   2.692574e+00
  4321.000   1.717808e+00   2.607421e+00
  4321.500   1.697033e+00   2.739404e+00
  4322.000   7.151398e-01   2.831668e+00
  4322.500   1.630381e+00   2.707615e+00
  4323.000   6.574083e-01   2.214597e+00
  4323.500   1.674239e+00   1.822577e+00
  4324.000   1.561974e+00   1.833242e+00
  4324.500   7.414177e-01   1.903417e+00
  4325.000   8.265296e-01   1.679419e+00
  4325.500   1.431709e+00   1.421763e+00
  4326.000   1.016757e+00   1.573586e+00
  4326.500   1.026443e+00   2.021378e+00
  4327.000   1.199259e-01   2.337638e+00
  4327.500   1.240058e+00   2.581964e+00
  4328.000   7.601536e-01   2.720097e+00
  4328.500   1.604530e+00   2.841971e+00
  4329.000   1.334840e+00   2.880407e+00
  4329.500   1.612665e+00   2.833263e+00
  4330.000   1.640950e+00   2.699209e+00
  4330.500   1.223264e+00   2.565034e+00
  4331.000   1.660684e+00   2.599361e+00
  4331.500   1.250267e+00   2.726979e+00
  4332.000   1.285252e+00   2.824935e+00
  4332.500   1.603022e+00   2.796833e+00
  4333.000   1.605589e+00   2.752370e+00
  4333.500   1.664841e+00   2.771804e+00
  4334.000   1.326569e+00   2.781076e+00
  4334.500   1.563255e+00   2.818057e+00
  4335.000   1.075683e+00   2.820029e+00
  4335.500   1.559670e+00   2.842270e+00
  4336.000   1.313266e+00   2.842572e+00
  4336.500   1.177028e+00   2.634581e+00
  4337.000   1.522622e+00   2.238464e+00
  4337.500   1.533739e+00   2.017118e+00
  4338.000   1.353058e+00   2.006024e+00
  4338.500   1.021791e+00   2.044647e+00
  4339.000   1.249530e+00   1.968205e+00
  4339.500   6.262729e-01   1.724142e+00
  4340.000   1.083765e+00   1.446959e+00
  4340.500   1.032577e+00   1.321298e+00
  4341.000   8.707209e-01   1.553030e+00
  4341.500   4.918917e-01   1.911305e+00
  4342.000   7.140654e-01   2.213773e+00
  4342.500   9.897839e-01   2.377905e+00
  4343.000   1.117459e+00   2.311408e+00
  4343.500   1.196876e+00   2.192166e+00
  4344.000   1.425770e+00   2.202218e+00
  4344.500   6.251431e-01   2.313700e+00
  4345.000   1.320237e+00   2.564807e+00
  4345.500   4.773910e-01   2.703644e+00
  4346.000   1.489285e+00   2.623926e+00
  4346.500   1.542288e+00   2.511419e+00
  4347.000   1.404864e+00   2.523593e+00
  4347.500   8.846629e-01   2.519951e+00
  4348.000   1.306439e+00   2.525785e+00
  4348.500   1.262125e+00   2.667467e+00
  4349.000   1.261050e+00   2.830699e+00
  4349.500   1.308606e+00   2.934843e+00
  4350.000   1.633150e+00   2.852381e+00
  4350.500   1.639399e+00   2.597320e+00
  4351.000   1.536378e+00   2.293580e+00
  4351.500   1.397519e+00   1.964193e+00
  4352.000   1.164804e+00   1.807529e+00
  4352.500   1.478863e+00   1.986747e+00
  4353.000   2.989124e-01   2.299892e+00
  4353.500   1.014693e+00   2.596458e+00
  4354.000   4.806785e-01   2.647459e+00
  4354.500   1.600414e+00   2.514472e+00
  4355.000   1.594611e+00   2.438549e+00
  4355.500   1.315317e+00   2.462171e+00
  4356.000   1.313695e+00   2.494974e+00
  4356.500   1.483217e+00   2.606779e+00
  4357.000   1.482860e+00   2.767141e+00
  4357.500   1.430113e+00   2.803712e+00
  4358.000   1.466403e+00   2.664880e+00
  4358.500   1.460514e+00   2.447030e+00
  4359.000   1.628430e+00   2.356698e+00
  4359.500   1.621994e+00   2.333459e+00
  4360.000   1.024070e+00   2.450834e+00
  4360.500   1.530941e+00   2.625051e+00
  4361.000   1.087899e+00   2.813843e+00
  4361.500   9.645251e-01   2.927509e+00
  4362.000   9.560778e-01   2.848936e+00
  4362.500   1.382340e+00   2.664762e+00
  4363.000   1.645256e+00   2.534615e+00
  4363.500   1.605744e+00   2.569903e+00
  4364.000   1.230657e+00   2.690415e+00
  4364.500   8.924880e-01   2.864443e+00
  4365.000   1.702813e+00   2.990266e+00
  4365.500   1.417095e+00   2.931655e+00
  4366.000   1.686672e+00   2.776326e+00
  4366.500   1.643886e+00   2.615876e+00
  4367.000   1.695404e+00   2.521876e+00
  4367.500   1.655914e+00   2.348512e+00
  4368.000   1.472631e+00   2.391936e+00
  4368.500   1.566607e+00   2.675222e+00
  4369.000   1.315429e+00   2.736472e+00
  4369.500   1.315988e+00   2.518149e+00
  4370.000   1.692709e+00   2.458625e+00
  4370.500   1.603920e+00   2.546861e+00
  4371.000   3.114393e-01   2.435286e+00
  4371.500   1.262528e+00   2.473531e+00
  4372.000   1.668438e+00   2.645064e+00
  4372.500   4.115093e-01   2.593032e+00
  4373.000   1.432682e+00   2.470009e+00
  4373.500   1.408565e+00   2.372783e+00
  4374.000   9.712934e-01   2.225829e+00
  4374.500   9.283163e-01   2.119012e+00
  4375.000   1.181109e+00   2.118708e+00
  4375.500   1.125124e+00   2.137602e+00
  4376.000   1.261838e+00   2.244061e+00
  4376.500   1.280116e+00   2.448882e+00
  4377.000   1.422088e+00   2.516976e+00
  4377.500   1.491462e+00   2.560968e+00
  4378.000   7.289759e-01   2.619280e+00
  4378.500   8.624837e-01   2.623733e+00
  4379.000   1.069634e+00   2.587033e+00
  4379.500   8.371989e-01   2.592883e+00
  4380.000   1.688357e+00   2.572380e+00
  4380.500   4.838459e-01   2.493531e+00
  4381.000   1.141715e+00   2.561404e+00
  4381.500   1.639310e+00   2.693215e+00
  4382.000   8.456227e-01   2.560394e+00
  4382.500   1.580406e+00   2.100178e+00
  4383.000   1.568108e+00   1.521489e+00
  4383.500   1.518369e+00   1.218598e+00
  4384.000   4.755877e-01   1.382661e+00
  4384.500   5.723479e-01   1.638089e+00
  4385.000   4.896463e-01   1.823943e+00
  4385.500   9.962892e-01   2.210260e+00
  4386.000   6.362475e-01   2.579613e+00
  4386.500   8.028764e-01   2.638630e+00
  4387.000   1.632545e+00   2.503604e+00
  4387.500   1.685010e+00   2.417051e+00
  4388.000   1.472559e+00   2.409857e+00
  4388.500   1.583444e+00   2.429376e+00
  4389.000   1.665867e+00   2.455172e+00
  4389.500   1.462416e+00   2.382739e+00
  4390.000   1.392111e+00   2.307853e+00
  4390.500   5.554398e-01   2.320684e+00
  4391.000   1.119750e+00   2.365131e+00
  4391.500   1.503486e+00   2.401525e+00
  4392.000   1.656150e+00   2.498593e+00
  4392.500   1.651369e+00   2.639204e+00
  4393.000   7.709907e-01   2.604095e+00
  4393.500   1.583056e+00   2.477864e+00
  4394.000   1.621150e+00   2.468875e+00
  4394.500   1.175693e+00   2.441253e+00
  4395.000   1.246118e+00   2.226497e+00
  4395.500   1.683042e+00   2.271808e+00
  4396.000   1.192339e+00   2.511127e+00
  4396.500   5.704876e-01   2.695543e+00
  4397.000   1.526346e+00   2.764363e+00
  4397.500   1.317333e+00   2.791303e+00
  4398.000   1.718822e+00   2.737195e+00
  4398.500   1.323590e+00   2.677689e+00
  4399.000   1.638468e+00   2.662041e+00
  4399.500   1.279146e+00   2.497521e+00
  4400.000   1.515884e+00   2.312915e+00
  4400.500   1.519975e+00   2.220992e+00
  4401.000   3.484403e-01   2.148200e+00
  4401.500   1.520802e+00   2.256058e+00
  4402.000   1.613055e+00   2.629583e+00
  4402.500   6.509778e-01   2.775340e+00
  4403.000   1.626850e+00   2.608139e+00
  4403.500   1.648261e+00   2.392133e+00
  4404.000   1.557396e+00   2.061354e+00
  4404.500   1.395698e+00   1.622830e+00
  4405.000   1.498311e+00   1.657737e+00
  4405.500   7.870176e-01   2.136354e+00
  4406.000   1.374846e-01   2.463168e+00
  4406.500   1.214362e+00   2.548232e+00
  4407.000   1.285204e+00   2.542637e+00
  4407.500   1.580818e+00   2.394984e+00
  4408.000   1.517329e+00   2.233519e+00
  4408.500   1.316236e+00   2.243354e+00
  4409.000   8.990080e-01   2.440256e+00
  4409.500   1.197770e+00   2.628055e+00
  4410.000   1.552874e+00   2.719316e+00
  4410.500   1.185946e+00   2.730101e+00
  4411.000   1.711112e+00   2.763717e+00
  4411.500   1.536958e+00   2.831693e+00
  4412.000   1.676297e+00   2.869781e+00
  4412.500   1.483564e+00   2.941762e+00
  4413.000   1.723949e+00   2.971734e+00
  4413.500   1.178549e+00   2.873907e+00
  4414.000   1.677659e+00   2.699168e+00
  4414.500   1.728614e+00   2.356946e+00
  4415.000   1.575873e+00   1.953719e+00
  4415.500   1.529229e+00   2.071892e+00
  4416.000   1.405285e+00   2.483765e+00
  4416.500   6.630621e-01   2.624147e+00
  4417.000   1.530144e+00   2.607004e+00
  4417.500   1.638971e+00   2.582555e+00
  4418.000   1.240803e+00   2.626595e+00
  4418.500   1.120442e+00   2.743141e+00
  4419.000   7.531174e-01   2.888138e+00
  4419.500   1.459157e+00   2.974917e+00
  4420.000   1.496087e+00   2.967673e+00
  4420.500   1.486562e+00   2.935870e+00
  4421.000   1.494816e+00   2.867012e+00
  4421.500   1.231247e+00   2.688873e+00
  4422.000   1.732309e+00   2.508209e+00
  4422.500   1.558518e+00   2.393255e+00
  4423.000   1.333612e+00   2.446542e+00
  4423.500   1.538338e+00   2.610089e+00
  4424.000   1.600382e+00   2.679172e+00
  4424.500   1.084463e+00   2.723750e+00
  4425.000   1.620393e+00   2.672262e+00
  4425.500   1.182652e+00   2.531332e+00
  4426.000   1.660489e+00   2.630566e+00
  4426.500   1.620390e+00   2.722092e+00
  4427.000   1.275516e+00   2.556999e+00
  4427.500   1.733190e+00   2.553484e+00
  4428.000   1.707329e+00   2.785385e+00
  4428.500   5.918459e-01   2.889842e+00
  4429.000   1.665549e+00   2.910703e+00
  4429.500   1.651864e+00   2.786024e+00
  4430.000   1.669095e+00   2.490759e+00
  4430.500   1.509056e+00   2.356516e+00
  4431.000   1.556283e+00   2.541468e+00
  4431.500   1.327799e+00   2.716583e+00
  4432.000   1.068341e+00   2.745855e+00
  4432.500   1.595591e+00   2.728122e+00
  4433.000   1.647003e+00   2.635717e+00
  4433.500   1.689108e+00   2.536587e+00
  4434.000   1.703533e+00   2.510375e+00
  4434.500   5.885230e-01   2.387655e+00
  4435.000   7.688360e-01   2.165324e+00
  4435.500   1.685870e+00   2.196801e+00
  4436.000   1.506314e+00   2.393627e+00
  4436.500   1.503428e+00   2.572144e+00
  4437.000   1.064945e+00   2.716038e+00
  4437.500   1.495577e+00   2.812380e+00
  4438.000   1.648380e+00   2.844404e+00
  4438.500   1.759017e+00   2.894020e+00
  4439.000   1.648146e+00   2.930412e+00
  4439.500   1.597461e+00   2.873731e+00
  4440.000   1.765791e+00   2.768716e+00
  4440.500   1.594758e+00   2.660697e+00
  4441.000   1.741427e+00   2.603700e+00
  4441.500   1.683258e+00   2.550295e+00
  4442.000   1.496399e+00   2.415880e+00
  4442.500   1.587452e+00   2.313831e+00
  4443.000   8.740923e-01   2.336421e+00
  4443.500   9.362149e-01   2.401356e+00
  4444.000   1.567576e+00   2.501699e+00
  4444.500   9.852305e-01   2.685383e+00
  4445.000   6.698293e-01   2.858797e+00
  4445.500   1.309712e+00   2.926525e+00
  4446.000   1.691834e+00   2.932888e+00
  4446.500   1.735226e+00   2.802216e+00
  4447.000   1.677993e+00   2.588252e+00
  4447.500   1.663635e+00   2.495072e+00
  4448.000   1.605652e+00   2.641124e+00
  4448.500   1.681947e+00   2.846073e+00
  4449.000   3.512236e-01   2.842550e+00
  4449.500   1.669147e+00   2.806545e+00
  4450.000   1.746424e+00   2.702629e+00
  4450.500   1.652186e+00   2.557670e+00
  4451.000   1.692640e+00   2.623921e+00
  4451.500   1.428990e+00   2.714672e+00
  4452.000   1.296261e+00   2.784250e+00
  4452.500   1.762721e+00   2.767719e+00
  4453.000   1.714075e+00   2.654829e+00
  4453.500   1.757384e+00   2.605662e+00
  4454.000   1.531498e+00   2.476082e+00
  4454.500   1.426097e+00   2.124387e+00
  4455.000   1.379508e+00   1.987752e+00
  4455.500   1.644628e+00   2.155861e+00
  4456.000   2.565191e-01   2.278349e+00
  4456.500   1.195697e+00   2.389567e+00
  4457.000   1.372625e+00   2.453658e+00
  4457.500   1.578011e+00   2.419277e+00
  4458.000   1.679819e+00   2.381540e+00
  4458.500   1.737792e+00   2.325851e+00
  4459.000   1.567649e+00   2.225859e+00
  4459.500   5.867750e-01   2.309518e+00
  4460.000   1.693065e+00   2.481508e+00
  4460.500   1.321237e+00   2.519212e+00
  4461.000   8.567816e-01   2.367510e+00
  4461.500   8.811130e-01   2.137445e+00
  4462.000   1.566730e+00   2.135135e+00
  4462.500   1.281704e+00   2.376209e+00
  4463.000   1.259548e+00   2.612475e+00
  4463.500   1.492583e+00   2.737148e+00
  4464.000   1.526895e+00   2.713328e+00
  4464.500   1.594190e+00   2.507473e+00
  4465.000   1.756777e+00   2.511088e+00
  4465.500   1.719974e+00   2.657193e+00
  4466.000   6.421898e-01   2.617939e+00
  4466.500   1.595256e+00   2.461088e+00
  4467.000   1.555249e+00   2.541782e+00
  4467.500   1.690069e+00   2.711960e+00
  4468.000   1.616310e+00   2.670239e+00
  4468.500   1.676200e+00   2.497725e+00
  4469.000   1.666230e+00   2.379059e+00
  4469.500   1.648558e+00   2.343204e+00
  4470.000   1.643788e+00   2.433114e+00
  4470.500   1.407583e+00   2.483087e+00
  4471.000   1.491152e+00   2.572760e+00
  4471.500   1.683486e+00   2.694776e+00
  4472.000   1.635619e+00   2.764682e+00
  4472.500   9.404303e-01   2.686334e+00
  4473.000   1.588018e+00   2.674776e+00
  4473.500   1.719664e+00   2.831376e+00
  4474.000   7.139557e-01   2.886153e+00
  4474.500   1.719994e+00   2.835161e+00
  4475.000   1.610109e+00   2.778029e+00
  4475.500   1.707480e+00   2.672278e+00
  4476.000   1.417046e+00   2.546208e+00
  4476.500   1.620896e+00   2.695066e+00
  4477.000   1.652522e+00   2.877083e+00
  4477.500   1.563928e+00   2.921070e+00
  4478.000   1.732067e+00   2.902768e+00
  4478.500   1.660200e+00   2.873977e+00
  4479.000   1.734038e+00   2.785727e+00
  4479.500   1.682343e+00   2.566564e+00
  4480.000   1.700941e+00   2.394826e+00
  4480.500   1.715961e+00   2.358096e+00
  4481.000   1.476409e+00   2.285492e+00
  4481.500   1.240609e+00   2.246367e+00
  4482.000   1.590064e+00   2.231338e+00
  4482.500   8.132027e-01   2.309158e+00
  4483.000   1.676433e+00   2.577351e+00
  4483.500   2.519896e-01   2.730385e+00
  4484.000   6.072185e-01   2.688109e+00
  4484.500   1.724017e+00   2.736415e+00
  4485.000   1.553013e+00   2.819175e+00
  4485.500   5.008519e-01   2.761768e+00
  4486.000   1.728675e+00   2.772616e+00
  4486.500   1.721996e+00   2.848023e+00
  4487.000   1.286895e+00   2.828746e+00
  4487.500   1.690147e+00   2.739247e+00
  4488.000   1.706407e+00   2.604774e+00
  4488.500   1.488037e+00   2.519038e+00
  4489.000   1.421976e+00   2.428140e+00
  4489.500   1.541476e+00   2.366493e+00
  4490.000   1.719466e+00   2.386679e+00
  4490.500   1.376911e+00   2.460247e+00
  4491.000   3.310191e-01   2.528146e+00
  4491.500   1.619938e+00   2.608332e+00
  4492.000   7.920188e-01   2.706281e+00
  4492.500   1.716782e+00   2.753533e+00
  4493.000   1.675115e+00   2.766623e+00
  4493.500   1.613518e+00   2.663872e+00
  4494.000   1.502782e+00   2.438545e+00
  4494.500   1.722319e+00   2.297650e+00
  4495.000   1.633928e+00   2.424552e+00
  4495.500   1.492239e+00   2.525852e+00
  4496.000   1.434521e+00   2.515109e+00
  4496.500   1.586358e+00   2.511581e+00
  4497.000   1.676380e+00   2.567873e+00
  4497.500   1.407519e+00   2.701564e+00
  4498.000   1.629890e+00   2.758694e+00
  4498.500   1.708029e+00   2.690522e+00
  4499.000   1.501446e+00   2.631202e+00
  4499.500   1.652142e+00   2.731936e+00
  4500.000   1.264259e+00   2.762481e+00
  4500.500   1.621969e+00   2.661174e+00
  4501.000   1.713668e+00   2.495869e+00
  4501.500   1.365676e+00   2.440962e+00
  4502.000   1.682998e+00   2.540924e+00
  4502.500   4.686452e-01   2.671688e+00
  4503.000   1.391848e+00   2.811200e+00
  4503.500   8.427342e-01   2.869809e+00
  4504.000   1.699582e+00   2.868641e+00
  4504.500   1.669320e+00   2.826490e+00
  4505.000   1.544021e+00   2.808892e+00
  4505.500   1.699468e+00   2.852093e+00
  4506.000   1.428478e+00   2.852259e+00
  4506.500   1.643722e+00   2.818012e+00
  4507.000   1.657288e+00   2.801617e+00
  4507.500   1.672072e+00   2.775569e+00
  4508.000   1.514870e+00   2.688698e+00
  4508.500   1.555277e+00   2.672329e+00
  4509.000   1.635807e+00   2.735630e+00
  4509.500   9.841520e-01   2.749000e+00
  4510.000   1.579258e+00   2.798686e+00
  4510.500   1.569114e+00   2.847747e+00
  4511.000   9.891760e-01   2.824218e+00
  4511.500   1.696828e+00   2.764572e+00
  4512.000   1.711491e+00   2.690915e+00
  4512.500   1.674498e+00   2.634928e+00
  4513.000   1.702178e+00   2.633186e+00
  4513.500   1.438713e+00   2.642245e+00
  4514.000   5.963090e-01   2.555194e+00
  4514.500   1.669377e+00   2.503247e+00
  4515.000   1.526300e+00   2.532238e+00
  4515.500   1.228723e+00   2.591589e+00
  4516.000   1.663513e+00   2.709816e+00
  4516.500   1.532079e+00   2.727938e+00
  4517.000   1.692118e+00   2.635161e+00
  4517.500   1.584192e+00   2.507352e+00
  4518.000   1.612436e+00   2.460556e+00
  4518.500   1.625062e+00   2.560479e+00
  4519.000   1.667896e+00   2.722238e+00
  4519.500   1.674764e+00   2.735056e+00
  4520.000   1.566683e+00   2.625365e+00
  4520.500   1.701141e+00   2.656288e+00
  4521.000   1.699655e+00   2.780411e+00
  4521.500   5.618025e-01   2.811580e+00
  4522.000   1.689036e+00   2.678852e+00
  4522.500   1.706041e+00   2.436673e+00
  4523.000   1.698279e+00   2.431047e+00
  4523.500   1.714187e+00   2.612208e+00
  4524.000   1.224140e+00   2.698378e+00
  4524.500   1.703801e+00   2.597341e+00
  4525.000   1.657204e+00   2.435804e+00
  4525.500   1.614701e+00   2.464755e+00
  4526.000   1.460405e+00   2.431669e+00
  4526.500   1.203429e+00   2.267365e+00
  4527.000   1.702398e+00   2.248724e+00
  4527.500   1.690669e+00   2.339892e+00
  4528.000   1.662429e+00   2.316439e+00
  4528.500   1.511577e+00   2.101605e+00
  4529.000   1.498285e+00   2.115304e+00
  4529.500   1.621230e+00   2.265005e+00
  4530.000   6.651148e-01   2.413483e+00
  4530.500   1.666155e+00   2.349924e+00
  4531.000   1.324919e+00   2.188620e+00
  4531.500   1.715448e+00   2.342413e+00
  4532.000   5.725390e-01   2.585288e+00
  4532.500   1.144633e+00   2.587092e+00
  4533.000   1.616239e+00   2.371831e+00
  4533.500   1.696610e+00   2.256055e+00
  4534.000   1.645026e+00   2.229202e+00
  4534.500   3.667048e-01   2.273892e+00
  4535.000   1.601137e+00   2.247088e+00
  4535.500   1.420657e+00   2.101421e+00
  4536.000   9.287403e-01   2.152689e+00
  4536.500   1.648354e+00   2.503440e+00
  4537.000   7.008535e-01   2.730311e+00
  4537.500   1.667439e+00   2.771073e+00
  4538.000   1.711854e+00   2.741223e+00
  4538.500   1.613887e+00   2.659814e+00
  4539.000   1.612877e+00   2.611765e+00
  4539.500   1.697970e+00   2.607330e+00
  4540.000   1.236905e+00   2.552096e+00
  4540.500   1.558952e+00   2.447206e+00
  4541.000   1.272702e+00   2.421832e+00
  4541.500   1.672479e+00   2.479856e+00
  4542.000   8.818869e-01   2.556536e+00
  4542.500   1.645487e+00   2.600477e+00
  4543.000   1.661182e+00   2.684196e+00
  4543.500   1.619225e+00   2.695354e+00
  4544.000   1.398276e+00   2.586620e+00
  4544.500   1.638454e+00   2.453207e+00
  4545.000   1.572165e+00   2.412554e+00
  4545.500   1.719922e+00   2.472757e+00
  4546.000   9.637418e-01   2.522695e+00
  4546.500   1.549637e+00   2.522326e+00
  4547.000   1.691406e+00   2.450510e+00
  4547.500   1.699866e+00   2.471664e+00
  4548.000   1.621777e+00   2.520429e+00
  4548.500   1.026989e+00   2.485640e+00
  4549.000   1.643612e+00   2.272723e+00
  4549.500   1.702519e+00   2.060869e+00
  4550.000   1.010011e+00   2.211005e+00
  4550.500   1.394812e+00   2.443137e+00
  4551.000   1.105656e+00   2.529887e+00
  4551.500   1.642577e+00   2.559094e+00
  4552.000   1.023999e+00   2.470052e+00
  4552.500   1.244846e+00   2.402811e+00
  4553.000   1.622049e+00   2.508508e+00
  4553.500   1.525862e+00   2.487095e+00
  4554.000   1.672286e+00   2.331607e+00
  4554.500   1.608407e+00   2.360752e+00
  4555.000   1.655728e+00   2.406462e+00
  4555.500   1.540860e+00   2.323948e+00
  4556.000   1.689164e+00   2.289335e+00
  4556.500   1.693221e+00   2.468473e+00
  4557.000   1.640218e+00   2.616520e+00
  4557.500   1.384173e+00   2.660876e+00
  4558.000   1.683738e+00   2.631546e+00
  4558.500   1.492178e+00   2.579407e+00
  4559.000   1.640109e+00   2.635759e+00
  4559.500   1.545967e+00   2.673271e+00
  4560.000   1.369330e+00   2.613626e+00
  4560.500   1.697753e+00   2.619038e+00
  4561.000   1.688570e+00   2.652702e+00
  4561.500   1.590712e+00   2.685095e+00
  4562.000   1.532574e+00   2.717946e+00
  4562.500   1.616929e+00   2.702797e+00
  4563.000   1.623575e+00   2.625431e+00
  4563.500   1.687440e+00   2.451694e+00
  4564.000   1.695878e+00   2.376753e+00
  4564.500   1.558839e+00   2.396887e+00
  4565.000   5.775925e-01   2.330700e+00
  4565.500   1.561716e+00   2.255445e+00
  4566.000   1.155716e+00   2.372142e+00
  4566.500   1.646378e+00   2.485690e+00
  4567.000   1.041597e+00   2.574209e+00
  4567.500   1.565717e+00   2.686204e+00
  4568.000   1.667942e+00   2.673539e+00
  4568.500   1.707157e+00   2.568613e+00
  4569.000   1.708104e+00   2.552369e+00
  4569.500   1.668359e+00   2.613684e+00
  4570.000   1.310820e+00   2.665533e+00
  4570.500   1.669516e+00   2.612459e+00
  4571.000   1.660063e+00   2.415971e+00
  4571.500   1.698092e+00   2.254276e+00
  4572.000   1.700227e+00   2.261137e+00
  4572.500   1.597067e+00   2.487213e+00
  4573.000   1.286828e+00   2.672452e+00
  4573.500   1.554512e+00   2.717542e+00
  4574.000   1.652834e+00   2.645617e+00
  4574.500   1.694539e+00   2.563724e+00
  4575.000   1.694417e+00   2.576008e+00
  4575.500   9.939608e-01   2.614388e+00
  4576.000   6.951400e-01   2.594133e+00
  4576.500   1.687921e+00   2.586854e+00
  4577.000   1.635936e+00   2.628884e+00
  4577.500   1.646464e+00   2.658037e+00
  4578.000   1.690392e+00   2.620402e+00
  4578.500   1.373966e+00   2.520368e+00
  4579.000   1.629876e+00   2.496562e+00
  4579.500   1.703670e+00   2.449802e+00
  4580.000   1.527451e+00   2.330240e+00
  4580.500   1.654950e+00   2.292741e+00
  4581.000   1.589217e+00   2.256176e+00
  4581.500   1.648000e+00   2.211336e+00
  4582.000   1.621335e+00   2.384439e+00
  4582.500   1.351133e+00   2.486547e+00
  4583.000   1.597071e+00   2.444675e+00
  4583.500   1.652512e+00   2.350502e+00
  4584.000   1.643833e+00   2.331770e+00
  4584.500   1.681544e+00   2.402491e+00
  4585.000   1.173065e+00   2.414404e+00
  4585.500   1.679758e+00   2.337761e+00
  4586.000   9.661615e-01   2.231631e+00
  4586.500   1.683211e+00   2.348726e+00
  4587.000   1.599554e+00   2.483181e+00
  4587.500   1.031799e+00   2.530628e+00
  4588.000   1.699206e+00   2.533588e+00
  4588.500   1.563672e+00   2.579426e+00
  4589.000   1.425885e+00   2.644992e+00
  4589.500   6.974615e-01   2.609355e+00
  4590.000   1.499861e+00   2.541319e+00
  4590.500   1.684150e+00   2.538654e+00
  4591.000   1.702401e+00   2.475502e+00
  4591.500   1.678892e+00   2.386588e+00
  4592.000   1.552634e+00   2.322252e+00
  4592.500   1.647342e+00   2.263456e+00
  4593.000   1.679840e+00   2.384267e+00
  4593.500   1.675759e+00   2.494673e+00
  4594.000   1.011049e+00   2.495277e+00
  4594.500   1.602896e+00   2.490673e+00
  4595.000   1.692149e+00   2.412481e+00
  4595.500   1.603336e+00   2.311786e+00
  4596.000   1.648903e+00   2.319476e+00
  4596.500   1.471380e+00   2.425170e+00
  4597.000   1.590224e+00   2.459631e+00
  4597.500   1.682451e+00   2.359924e+00
  4598.000   1.677378e+00   2.303667e+00
  4598.500   1.460075e+00   2.439865e+00
  4599.000   1.261273e+00   2.570535e+00
  4599.500   1.490778e+00   2.511507e+00
  4600.000   1.497408e+00   2.331410e+00
  4600.500   1.584082e+00   2.230527e+00
  4601.000   1.602200e+00   2.298082e+00
  4601.500   1.462388e+00   2.446093e+00
  4602.000   8.496995e-01   2.483003e+00
  4602.500   1.606822e+00   2.439752e+00
  4603.000   1.710621e+00   2.394525e+00
  4603.500   1.687755e+00   2.478666e+00
  4604.000   1.644152e+00   2.518837e+00
  4604.500   1.653347e+00   2.436955e+00
  4605.000   1.658220e+00   2.340411e+00
  4605.500   1.625958e+00   2.359492e+00
  4606.000   1.671432e+00   2.449683e+00
  4606.500   1.657705e+00   2.529419e+00
  4607.000   1.629968e+00   2.514102e+00
  4607.500   9.523449e-01   2.441923e+00
  4608.000   1.690710e+00   2.529994e+00
  4608.500   1.670584e+00   2.648812e+00
  4609.000   1.141015e+00   2.669854e+00
  4609.500   1.683062e+00   2.642238e+00
  4610.000   1.637168e+00   2.605210e+00
  4610.500   1.635844e+00   2.544561e+00
  4611.000   1.684508e+00   2.396874e+00
  4611.500   1.488834e+00   2.385497e+00
  4612.000   1.695402e+00   2.527408e+00
  4612.500   8.529980e-01   2.536727e+00
  4613.000   1.614725e+00   2.383392e+00
  4613.500   1.678202e+00   2.321344e+00
  4614.000   1.651311e+00   2.436800e+00
  4614.500   5.696517e-01   2.567618e+00
  4615.000   1.539947e+00   2.620789e+00
  4615.500   1.197182e+00   2.542639e+00
  4616.000   1.619000e+00   2.429145e+00
  4616.500   1.710298e+00   2.424412e+00
  4617.000   1.610927e+00   2.481413e+00
  4617.500   1.398257e+00   2.536261e+00
  4618.000   1.555192e+00   2.557915e+00
  4618.500   1.412162e+00   2.447352e+00
  4619.000   1.699661e+00   2.316229e+00
  4619.500   1.706502e+00   2.350106e+00
  4620.000   1.332456e+00   2.475383e+00
  4620.500   1.446071e+00   2.542162e+00
  4621.000   1.648215e+00   2.597680e+00
  4621.500   1.690927e+00   2.576983e+00
  4622.000   1.693501e+00   2.489102e+00
  4622.500   1.700358e+00   2.432639e+00
  4623.000   1.697202e+00   2.440352e+00
  4623.500   1.688605e+00   2.521256e+00
  4624.000   1.474501e+00   2.571881e+00
  4624.500   1.625848e+00   2.514914e+00
  4625.000   1.665293e+00   2.421436e+00
  4625.500   1.678425e+00   2.418317e+00
  4626.000   1.650866e+00   2.395662e+00
  4626.500   1.611111e+00   2.424811e+00
  4627.000   1.646308e+00   2.506866e+00
  4627.500   6.333300e-01   2.538398e+00
  4628.000   1.645777e+00   2.553794e+00
  4628.500   1.617452e+00   2.527622e+00
  4629.000   1.659550e+00   2.426985e+00
  4629.500   1.508705e+00   2.343531e+00
  4630.000   1.621953e+00   2.362925e+00
  4630.500   1.601479e+00   2.449122e+00
  4631.000   1.640456e+00   2.540445e+00
  4631.500   1.447908e+00   2.572225e+00
  4632.000   1.656149e+00   2.534356e+00
  4632.500   1.628445e+00   2.414503e+00
  4633.000   1.663680e+00   2.337576e+00
  4633.500   1.604970e+00   2.380562e+00
  4634.000   1.634458e+00   2.392430e+00
  4634.500   1.599888e+00   2.426356e+00
  4635.000   1.492169e+00   2.456506e+00
  4635.500   1.573340e+00   2.438755e+00
  4636.000   1.118607e+00   2.441752e+00
  4636.500   1.604912e+00   2.469863e+00
  4637.000   1.622678e+00   2.379434e+00
  4637.500   1.630832e+00   2.217734e+00
  4638.000   1.608850e+00   2.230126e+00
  4638.500   1.330601e+00   2.378447e+00
  4639.000   1.507663e+00   2.396674e+00
  4639.500   1.620511e+00   2.309879e+00
  4640.000   1.648363e+00   2.302966e+00
  4640.500   1.637747e+00   2.375088e+00
  4641.000   1.204312e+00   2.435659e+00
  4641.500   1.561772e+00   2.491525e+00
  4642.000   1.636772e+00   2.536811e+00
  4642.500   1.230145e+00   2.524346e+00
  4643.000   1.640176e+00   2.448315e+00
  4643.500   1.583262e+00   2.365081e+00
  4644.000   1.628847e+00   2.389328e+00
  4644.500   1.525641e+00   2.434506e+00
  4645.000   1.510318e+00   2.429886e+00
  4645.500   1.578905e+00   2.361860e+00
  4646.000   1.598700e+00   2.227283e+00
  4646.500   1.249241e+00   2.156116e+00
  4647.000   1.606348e+00   2.155243e+00
  4647.500   5.462351e-01   2.132273e+00
  4648.000   1.364170e+00   2.157026e+00
  4648.500   1.441825e+00   2.180398e+00
  4649.000   1.570941e+00   2.234493e+00
  4649.500   1.579388e+00   2.308123e+00
  4650.000   8.597200e-01   2.364322e+00
  4650.500   1.612159e+00   2.402735e+00
  4651.000   1.457683e+00   2.358997e+00
  4651.500   1.594629e+00   2.312430e+00
  4652.000   1.643863e+00   2.305081e+00
  4652.500   1.483286e+00   2.374395e+00
  4653.000   1.637935e+00   2.455248e+00
  4653.500   6.073946e-01   2.420763e+00
  4654.000   1.627057e+00   2.266054e+00
  4654.500   1.639734e+00   2.098618e+00
  4655.000   1.621553e+00   2.184231e+00
  4655.500   1.449734e+00   2.291574e+00
  4656.000   9.221263e-01   2.260258e+00
  4656.500   1.549152e+00   2.214773e+00
  4657.000   1.360005e+00   2.229730e+00
  4657.500   1.222817e+00   2.310304e+00
  4658.000   1.586871e+00   2.410885e+00
  4658.500   8.007533e-01   2.461845e+00
  4659.000   1.620404e+00   2.495421e+00
  4659.500   1.620195e+00   2.518563e+00
  4660.000   1.571809e+00   2.506488e+00
  4660.500   1.602648e+00   2.467729e+00
  4661.000   1.646229e+00   2.427024e+00
  4661.500   1.629213e+00   2.380526e+00
  4662.000   1.636912e+00   2.363614e+00
  4662.500   1.615434e+00   2.370074e+00
  4663.000   1.644340e+00   2.299555e+00
  4663.500   1.596888e+00   2.230872e+00
  4664.000   1.541998e+00   2.284977e+00
  4664.500   1.213432e+00   2.345268e+00
  4665.000   1.213235e+00   2.357174e+00
  4665.500   1.579292e+00   2.316972e+00
  4666.000   1.473820e+00   2.177659e+00
  4666.500   1.515316e+00   2.022415e+00
  4667.000   1.540622e+00   1.872551e+00
  4667.500   1.170282e+00   1.782083e+00
  4668.000   1.298571e+00   1.858758e+00
  4668.500   1.220550e+00   2.035517e+00
  4669.000   1.403715e+00   2.163914e+00
  4669.500   9.144623e-01   2.257441e+00
  4670.000   1.527463e+00   2.317211e+00
  4670.500   6.866567e-01   2.352140e+00
  4671.000   1.567480e+00   2.415591e+00
  4671.500   1.225987e+00   2.409293e+00
  4672.000   1.650925e+00   2.348269e+00
  4672.500   1.642395e+00   2.260150e+00
  4673.000   1.445004e+00   2.198543e+00
  4673.500   1.523816e+00   2.244967e+00
  4674.000   1.616781e+00   2.310156e+00
  4674.500   6.893926e-01   2.329050e+00
  4675.000   1.577512e+00   2.351790e+00
  4675.500   1.551149e+00   2.402468e+00
  4676.000   1.411489e+00   2.452968e+00
  4676.500   1.529298e+00   2.475613e+00
  4677.000   1.568330e+00   2.460428e+00
  4677.500   1.544230e+00   2.385187e+00
  4678.000   1.599932e+00   2.259797e+00
  4678.500   1.623474e+00   2.149950e+00
  4679.000   1.539994e+00   2.137344e+00
  4679.500   8.622945e-01   2.218323e+00
  4680.000   1.536504e+00   2.190413e+00
  4680.500   1.021152e+00   2.156513e+00
  4681.000   1.625096e+00   2.234939e+00
  4681.500   1.292727e+00   2.225969e+00
  4682.000   1.592275e+00   2.150466e+00
  4682.500   1.602671e+00   2.224733e+00
  4683.000   1.627453e+00   2.343691e+00
  4683.500   1.399278e+00   2.355643e+00
  4684.000   1.597114e+00   2.349338e+00
  4684.500   1.605924e+00   2.323986e+00
  4685.000   1.595223e+00   2.292768e+00
  4685.500   1.509716e+00   2.311642e+00
  4686.000   1.529159e+00   2.331875e+00
  4686.500   1.380154e+00   2.357583e+00
  4687.000   1.605032e+00   2.366058e+00
  4687.500   8.705033e-01   2.328039e+00
  4688.000   1.606655e+00   2.293077e+00
  4688.500   1.527626e+00   2.278164e+00
  4689.000   1.531793e+00   2.298019e+00
  4689.500   9.632293e-01   2.304748e+00
  4690.000   1.422604e+00   2.306382e+00
  4690.500   1.595980e+00   2.304808e+00
  4691.000   1.628820e+00   2.239967e+00
  4691.500   1.173925e+00   2.176836e+00
  4692.000   1.600088e+00   2.272668e+00
  4692.500   1.588859e+00   2.333657e+00
  4693.000   1.525193e+00   2.343444e+00
  4693.500   1.587778e+00   2.353336e+00
  4694.000   1.373692e+00   2.357315e+00
  4694.500   1.358420e+00   2.359327e+00
  4695.000   1.396212e+00   2.370128e+00
  4695.500   1.575435e+00   2.424692e+00
  4696.000   1.514038e+00   2.450835e+00
  4696.500   1.470741e+00   2.426143e+00
  4697.000   1.619630e+00   2.384707e+00
  4697.500   1.574231e+00   2.360237e+00
  4698.000   1.570175e+00   2.268941e+00
  4698.500   1.585127e+00   2.128641e+00
  4699.000   1.615077e+00   2.140434e+00
  4699.500   1.540566e+00   2.222537e+00
  4700.000   1.240147e+00   2.262253e+00
  4700.500   1.562010e+00   2.258151e+00
  4701.000   1.563461e+00   2.208161e+00
  4701.500   8.861092e-01   2.182038e+00
  4702.000   1.581436e+00   2.184574e+00
  4702.500   1.471880e+00   2.025898e+00
  4703.000   1.575807e+00   1.860534e+00
  4703.500   1.569214e+00   1.987598e+00
  4704.000   1.355941e+00   2.189641e+00
  4704.500   1.133602e+00   2.279253e+00
  4705.000   1.486288e+00   2.282016e+00
  4705.500   1.562882e+00   2.321929e+00
  4706.000   1.611385e+00   2.362241e+00
  4706.500   1.577304e+00   2.311180e+00
  4707.000   1.615428e+00   2.164683e+00
  4707.500   1.611124e+00   2.093628e+00
  4708.000   1.554191e+00   2.173809e+00
  4708.500   1.264477e+00   2.188073e+00
  4709.000   1.615909e+00   2.146555e+00
  4709.500   1.628422e+00   2.163818e+00
  4710.000   8.882671e-01   2.182464e+00
  4710.500   1.502916e+00   2.282335e+00
  4711.000   8.324501e-01   2.394428e+00
  4711.500   1.063820e+00   2.384682e+00
  4712.000   1.643719e+00   2.332995e+00
  4712.500   1.636374e+00   2.319523e+00
  4713.000   1.588539e+00   2.337250e+00
  4713.500   1.513903e+00   2.299009e+00
  4714.000   1.422288e+00   2.133122e+00
  4714.500   1.448469e+00   2.046379e+00
  4715.000   1.608162e+00   2.167222e+00
  4715.500   1.271819e+00   2.255849e+00
  4716.000   1.459903e+00   2.333521e+00
  4716.500   1.540457e+00   2.433081e+00
  4717.000   1.413736e+00   2.439193e+00
  4717.500   1.623859e+00   2.391557e+00
  4718.000   1.637516e+00   2.363953e+00
  4718.500   1.569532e+00   2.374589e+00
  4719.000   1.465189e+00   2.441978e+00
  4719.500   1.638132e+00   2.479342e+00
  4720.000   1.595953e+00   2.490984e+00
  4720.500   1.600495e+00   2.467666e+00
  4721.000   1.528247e+00   2.422983e+00
  4721.500   1.613741e+00   2.417062e+00
  4722.000   1.642885e+00   2.377608e+00
  4722.500   1.596793e+00   2.366206e+00
  4723.000   1.646238e+00   2.400807e+00
  4723.500   7.543498e-01   2.451918e+00
  4724.000   1.578460e+00   2.474688e+00
  4724.500   1.289532e+00   2.473105e+00
  4725.000   1.646332e+00   2.504499e+00
  4725.500   1.636314e+00   2.512937e+00
  4726.000   1.630582e+00   2.483198e+00
  4726.500   1.653905e+00   2.420951e+00
  4727.000   1.643079e+00   2.258629e+00
  4727.500   1.468697e+00   2.143316e+00
  4728.000   1.647477e+00   2.182666e+00
  4728.500   1.220234e+00   2.192390e+00
  4729.000   1.636881e+00   2.204437e+00
  4729.500   1.285732e+00   2.200015e+00
  4730.000   1.575583e+00   2.193310e+00
  4730.500   1.485164e+00   2.211594e+00
  4731.000   1.014628e+00   2.195103e+00
  4731.500   1.568957e+00   2.201052e+00
  4732.000   1.145216e+00   2.287201e+00
  4732.500   1.447082e+00   2.368388e+00
  4733.000   1.636761e+00   2.373389e+00
  4733.500   1.587190e+00   2.294168e+00
  4734.000   1.651734e+00   2.296956e+00
  4734.500   1.618675e+00   2.385788e+00
  4735.000   1.419928e+00   2.432794e+00
  4735.500   1.441047e+00   2.374013e+00
  4736.000   1.577835e+00   2.254172e+00
  4736.500   1.639358e+00   2.120480e+00
  4737.000   1.575059e+00   2.084114e+00
  4737.500   1.579705e+00   2.226531e+00
  4738.000   1.162470e+00   2.401244e+00
  4738.500   1.608213e+00   2.467370e+00
  4739.000   1.287776e+00   2.434938e+00
  4739.500   1.651282e+00   2.428161e+00
  4740.000   1.654459e+00   2.379815e+00
  4740.500   1.410481e+00   2.296111e+00
  4741.000   1.655238e+00   2.272023e+00
  4741.500   1.353537e+00   2.311751e+00
  4742.000   1.653644e+00   2.399836e+00
  4742.500   1.624334e+00   2.437080e+00
  4743.000   1.624997e+00   2.460011e+00
  4743.500   1.619767e+00   2.488490e+00
  4744.000   1.650163e+00   2.438849e+00
  4744.500   1.627609e+00   2.372243e+00
  4745.000   1.668167e+00   2.368416e+00
  4745.500   1.629527e+00   2.358816e+00
  4746.000   1.563873e+00   2.389430e+00
  4746.500   1.508212e+00   2.480712e+00
  4747.000   1.567441e+00   2.513225e+00
  4747.500   1.631619e+00   2.452811e+00
  4748.000   1.639518e+00   2.360457e+00
  4748.500   1.624947e+00   2.391557e+00
  4749.000   1.564347e+00   2.449708e+00
  4749.500   8.926151e-01   2.424132e+00
  4750.000   1.632548e+00   2.425132e+00
  4750.500   1.610650e+00   2.469141e+00
  4751.000   1.279959e+00   2.451873e+00
  4751.500   1.647595e+00   2.392333e+00
  4752.000   1.647234e+00   2.311145e+00
  4752.500   1.562781e+00   2.312574e+00
  4753.000   1.612538e+00   2.386831e+00
  4753.500   1.423809e+00   2.342816e+00
  4754.000   1.590521e+00   2.218452e+00
  4754.500   1.604365e+00   2.238239e+00
  4755.000   1.614207e+00   2.320053e+00
  4755.500   1.481217e+00   2.316427e+00
  4756.000   1.473377e+00   2.229106e+00
  4756.500   1.525953e+00   2.228552e+00
  4757.000   1.339249e+00   2.326108e+00
  4757.500   1.237716e+00   2.353605e+00
  4758.000   1.585534e+00   2.367194e+00
  4758.500   1.661109e+00   2.406759e+00
  4759.000   1.564124e+00   2.421698e+00
  4759.500   1.313793e+00   2.447863e+00
  4760.000   1.577285e+00   2.487476e+00
  4760.500   1.624353e+00   2.474763e+00
  4761.000   1.625814e+00   2.380835e+00
  4761.500   1.621587e+00   2.273299e+00
  4762.000   1.649951e+00   2.189477e+00
  4762.500   1.477000e+00   2.133046e+00
  4763.000   1.611128e+00   2.246910e+00
  4763.500   1.615456e+00   2.298905e+00
  4764.000   1.139055e+00   2.236493e+00
  4764.500   1.640927e+00   2.238151e+00
  4765.000   1.628133e+00   2.225795e+00
  4765.500   1.641843e+00   2.129447e+00
  4766.000   1.521460e+00   2.080201e+00
  4766.500   1.575954e+00   2.115460e+00
  4767.000   1.528173e+00   2.248271e+00
  4767.500   1.624534e+00   2.336570e+00
  4768.000   1.377130e+00   2.275254e+00
  4768.500   1.582546e+00   2.253566e+00
  4769.000   1.631192e+00   2.379933e+00
  4769.500   1.601688e+00   2.461935e+00
  4770.000   1.361152e+00   2.468496e+00
  4770.500   1.653102e+00   2.439196e+00
  4771.000   1.647149e+00   2.325024e+00
  4771.500   1.650557e+00   2.222027e+00
  4772.000   1.576416e+00   2.273172e+00
  4772.500   1.527547e+00   2.299927e+00
  4773.000   1.139264e+00   2.299392e+00
  4773.500   1.615686e+00   2.387484e+00
  4774.000   1.631736e+00   2.477622e+00
  4774.500   1.471922e+00   2.523198e+00
  4775.000   1.611558e+00   2.513780e+00
  4775.500   1.653919e+00   2.452649e+00
  4776.000   1.662638e+00   2.367445e+00
  4776.500   1.573277e+00   2.372273e+00
  4777.000   1.619812e+00   2.467270e+00
  4777.500   1.618317e+00   2.519444e+00
  4778.000   1.650322e+00   2.518905e+00
  4778.500   1.635357e+00   2.505467e+00
  4779.000   1.653005e+00   2.464162e+00
  4779.500   1.641570e+00   2.389298e+00
  4780.000   1.658940e+00   2.373441e+00
  4780.500   1.656979e+00   2.440416e+00
  4781.000   1.656689e+00   2.487506e+00
  4781.500   1.647523e+00   2.487003e+00
  4782.000   1.649775e+00   2.469668e+00
  4782.500   1.669074e+00   2.407831e+00
  4783.000   1.584188e+00   2.249988e+00
  4783.500   1.649595e+00   2.161989e+00
  4784.000   1.647959e+00   2.287131e+00
  4784.500   1.583882e+00   2.427297e+00
  4785.000   1.578264e+00   2.463292e+00
  4785.500   1.611800e+00   2.392569e+00
  4786.000   1.624125e+00   2.230361e+00
  4786.500   1.621823e+00   2.095456e+00
  4787.000   1.499573e+00   2.182667e+00
  4787.500   1.625210e+00   2.329612e+00
  4788.000   1.485728e+00   2.364292e+00
  4788.500   1.631224e+00   2.318025e+00
  4789.000   1.647340e+00   2.225692e+00
  4789.500   1.636845e+00   2.186955e+00
  4790.000   1.556433e+00   2.276361e+00
  4790.500   1.645643e+00   2.344974e+00
  4791.000   4.595423e-01   2.335558e+00
  4791.500   1.653208e+00   2.353294e+00
  4792.000   1.637387e+00   2.335837e+00
  4792.500   1.242415e+00   2.289102e+00
  4793.000   1.652449e+00   2.364094e+00
  4793.500   1.584609e+00   2.459141e+00
  4794.000   1.654010e+00   2.491952e+00
  4794.500   1.663128e+00   2.504981e+00
  4795.000   1.657385e+00   2.517360e+00
  4795.500   1.669821e+00   2.502545e+00
  4796.000   1.645778e+00   2.464040e+00
  4796.500   1.656423e+00   2.451288e+00
  4797.000   1.662401e+00   2.454981e+00
  4797.500   1.373122e+00   2.432524e+00
  4798.000   1.606406e+00   2.345990e+00
  4798.500   1.609520e+00   2.271856e+00
  4799.000   1.578343e+00   2.286190e+00
  4799.500   1.621582e+00   2.273150e+00
  4800.000   1.566008e+00   2.247898e+00
  4800.500   1.654945e+00   2.243581e+00
  4801.000   1.646105e+00   2.291168e+00
  4801.500   1.452112e+00   2.400516e+00
  4802.000   7.196829e-01   2.444739e+00
  4802.500   1.633504e+00   2.400458e+00
  4803.000   1.612897e+00   2.383950e+00
  4803.500   1.660017e+00   2.433192e+00
  4804.000   1.655500e+00   2.420969e+00
  4804.500   1.655114e+00   2.318282e+00
  4805.000   1.633692e+00   2.218096e+00
  4805.500   1.620305e+00   2.279424e+00
  4806.000   1.586453e+00   2.385455e+00
  4806.500   1.205003e+00   2.371977e+00
  4807.000   1.643436e+00   2.290513e+00
  4807.500   1.655502e+00   2.248824e+00
  4808.000   1.635144e+00   2.241974e+00
  4808.500   1.590682e+00   2.234546e+00
  4809.000   1.328544e+00   2.279950e+00
  4809.500   1.152930e+00   2.354492e+00
  4810.000   1.066281e+00   2.346085e+00
  4810.500   1.424730e+00   2.300289e+00
  4811.000   1.645225e+00   2.337468e+00
  4811.500   1.648453e+00   2.380756e+00
  4812.000   1.566557e+00   2.359598e+00
  4812.500   1.647541e+00   2.340495e+00
  4813.000   1.656251e+00   2.325845e+00
  4813.500   1.631857e+00   2.319718e+00
  4814.000   1.654550e+00   2.347446e+00
  4814.500   1.441605e+00   2.364342e+00
  4815.000   1.630136e+00   2.382108e+00
  4815.500   1.648530e+00   2.398058e+00
  4816.000   1.530398e+00   2.415051e+00
  4816.500   1.594734e+00   2.435666e+00
  4817.000   1.600808e+00   2.425261e+00
  4817.500   1.583529e+00   2.364666e+00
  4818.000   1.619999e+00   2.343065e+00
  4818.500   1.645715e+00   2.401810e+00
  4819.000   1.643048e+00   2.439091e+00
  4819.500   1.615992e+00   2.443501e+00
  4820.000   1.619489e+00   2.414822e+00
  4820.500   1.550969e+00   2.370919e+00
  4821.000   1.614638e+00   2.362364e+00
  4821.500   1.655561e+00   2.386677e+00
  4822.000   1.655411e+00   2.398171e+00
  4822.500   1.260028e+00   2.338212e+00
  4823.000   1.622270e+00   2.187631e+00
  4823.500   1.630529e+00   2.042014e+00
  4824.000   1.494059e+00   2.090260e+00
  4824.500   1.559829e+00   2.239564e+00
  4825.000   1.445933e+00   2.323628e+00
  4825.500   6.175531e-01   2.346558e+00
  4826.000   1.639325e+00   2.389068e+00
  4826.500   1.633146e+00   2.399886e+00
  4827.000   1.596017e+00   2.378800e+00
  4827.500   1.639437e+00   2.362766e+00
  4828.000   1.622724e+00   2.357289e+00
  4828.500   1.626360e+00   2.289367e+00
  4829.000   1.417600e+00   2.176563e+00
  4829.500   1.626478e+00   2.212312e+00
  4830.000   1.569803e+00   2.338313e+00
  4830.500   1.550461e+00   2.357908e+00
  4831.000   1.599404e+00   2.269826e+00
  4831.500   1.641582e+00   2.230272e+00
  4832.000   1.645685e+00   2.255283e+00
  4832.500   7.831148e-01   2.244999e+00
  4833.000   1.302747e+00   2.275318e+00
  4833.500   1.605492e+00   2.329265e+00
  4834.000   1.274838e+00   2.333119e+00
  4834.500   1.519231e+00   2.330836e+00
  4835.000   1.609055e+00   2.353272e+00
  4835.500   1.564050e+00   2.322712e+00
  4836.000   1.554566e+00   2.264595e+00
  4836.500   1.645936e+00   2.292848e+00
  4837.000   1.628847e+00   2.356934e+00
  4837.500   1.479401e+00   2.369983e+00
  4838.000   1.605054e+00   2.295357e+00
  4838.500   1.635844e+00   2.199617e+00
  4839.000   1.583496e+00   2.191236e+00
  4839.500   1.562983e+00   2.160592e+00
  4840.000   8.622939e-01   2.107860e+00
  4840.500   1.590017e+00   2.113619e+00
  4841.000   1.519838e+00   2.190279e+00
  4841.500   1.539339e+00   2.259999e+00
  4842.000   1.607657e+00   2.274869e+00
  4842.500   1.609831e+00   2.220893e+00
  4843.000   1.494696e+00   2.130994e+00
  4843.500   1.592244e+00   2.142379e+00
  4844.000   1.582208e+00   2.209098e+00
  4844.500   5.966154e-01   2.284514e+00
  4845.000   1.580434e+00   2.325516e+00
  4845.500   1.580794e+00   2.304636e+00
  4846.000   1.624299e+00   2.302030e+00
  4846.500   1.566071e+00   2.316759e+00
  4847.000   9.112991e-01   2.301946e+00
  4847.500   1.575007e+00   2.260142e+00
  4848.000   1.598614e+00   2.196941e+00
  4848.500   1.583036e+00   2.137480e+00
  4849.000   1.562741e+00   2.130706e+00
  4849.500   1.532371e+00   2.187345e+00
  4850.000   1.568958e+00   2.274215e+00
  4850.500   1.149101e+00   2.319211e+00
  4851.000   1.386166e+00   2.293100e+00
  4851.500   1.573745e+00   2.233844e+00
  4852.000   1.590042e+00   2.207877e+00
  4852.500   1.574666e+00   2.203421e+00
  4853.000   1.526632e+00   2.217671e+00
  4853.500   1.575786e+00   2.213766e+00
  4854.000   1.485126e+00   2.183232e+00
  4854.500   1.548187e+00   2.105056e+00
  4855.000   1.538631e+00   1.954898e+00
  4855.500   1.492969e+00   1.834722e+00
  4856.000   1.470715e+00   1.882686e+00
  4856.500   1.408416e+00   2.012143e+00
  4857.000   8.486812e-01   2.047003e+00
  4857.500   1.342350e+00   2.019553e+00
  4858.000   1.461251e+00   2.001561e+00
  4858.500   1.423172e+00   1.955099e+00
  4859.000   1.445213e+00   1.839828e+00
  4859.500   1.258938e+00   1.664858e+00
  4860.000   1.385047e+00   1.530306e+00
  4860.500   9.731650e-01   1.363878e+00
  4861.000   1.008127e+00   1.071805e+00
  4861.500   1.153338e+00   9.937758e-01
  4862.000   1.040037e+00   1.278494e+00
  4862.500   3.600429e-01   1.593447e+00
  4863.000   5.708214e-01   1.760891e+00
  4863.500   1.078551e+00   1.790939e+00
  4864.000   1.078184e+00   1.803004e+00
  4864.500   1.284703e+00   1.877758e+00
  4865.000   5.897482e-01   1.969489e+00
  4865.500   1.344831e+00   1.997084e+00
  4866.000   1.389202e+00   1.987346e+00
  4866.500   1.432803e+00   2.028398e+00
  4867.000   1.002022e+00   2.094134e+00
  4867.500   1.389798e+00   2.069983e+00
  4868.000   1.450086e+00   2.023333e+00
  4868.500   1.503448e+00   2.069560e+00
  4869.000   1.476799e+00   2.139246e+00
  4869.500   1.454449e+00   2.136598e+00
  4870.000   1.523473e+00   2.069462e+00
  4870.500   1.498556e+00   1.930487e+00
  4871.000   1.531076e+00   1.714195e+00
  4871.500   9.099042e-01   1.596646e+00
  4872.000   1.512155e+00   1.651312e+00
  4872.500   1.207072e+00   1.854660e+00
  4873.000   1.343365e+00   2.010109e+00
  4873.500   2.343242e-01   2.043159e+00
  4874.000   1.499976e+00   2.086084e+00
  4874.500   1.541420e+00   2.111701e+00
  4875.000   1.566578e+00   2.088548e+00
  4875.500   1.564268e+00   2.050095e+00
  4876.000   1.538259e+00   2.047116e+00
  4876.500   1.530928e+00   2.110997e+00
  4877.000   1.576773e+00   2.177146e+00
  4877.500   1.522188e+00   2.095739e+00
  4878.000   1.550476e+00   1.938971e+00
  4878.500   1.579733e+00   2.012351e+00
  4879.000   1.311657e+00   2.218481e+00
  4879.500   3.604022e-01   2.315072e+00
  4880.000   1.573967e+00   2.323785e+00
  4880.500   1.559580e+00   2.289269e+00
  4881.000   1.606032e+00   2.202576e+00
  4881.500   1.589112e+00   2.067995e+00
  4882.000   1.599770e+00   2.042775e+00
  4882.500   1.592189e+00   2.163075e+00
  4883.000   1.266540e+00   2.245563e+00
  4883.500   5.944234e-01   2.215249e+00
  4884.000   1.579653e+00   2.185151e+00
  4884.500   1.617265e+00   2.136819e+00
  4885.000   1.231050e+00   2.030310e+00
  4885.500   1.583821e+00   1.984378e+00
  4886.000   1.338104e+00   1.992133e+00
  4886.500   1.155937e+00   1.974247e+00
  4887.000   1.589386e+00   1.963285e+00
  4887.500   1.568342e+00   2.058887e+00
  4888.000   1.568331e+00   2.118431e+00
  4888.500   1.174886e+00   2.007132e+00
  4889.000   1.564582e+00   1.959387e+00
  4889.500   1.552001e+00   2.079298e+00
  4890.000   5.579912e-01   2.066457e+00
  4890.500   8.355408e-01   1.798622e+00
  4891.000   1.569981e+00   1.555772e+00
  4891.500   1.552108e+00   1.589495e+00
  4892.000   1.021983e+00   1.884423e+00
  4892.500   1.170689e+00   2.113441e+00
  4893.000   8.733831e-01   2.194511e+00
  4893.500   1.538091e+00   2.247464e+00
  4894.000   1.591488e+00   2.278159e+00
  4894.500   1.597644e+00   2.303587e+00
  4895.000   1.588915e+00   2.325372e+00
  4895.500   1.608312e+00   2.322899e+00
  4896.000   1.584867e+00   2.282909e+00
  4896.500   1.615605e+00   2.244591e+00
  4897.000   1.592698e+00   2.254151e+00
  4897.500   1.600208e+00   2.270094e+00
  4898.000   1.548239e+00   2.281939e+00
  4898.500   1.562460e+00   2.280681e+00
  4899.000   1.570663e+00   2.252765e+00
  4899.500   1.584259e+00   2.172275e+00
  4900.000   1.558265e+00   2.098903e+00
  4900.500   1.585438e+00   2.147690e+00
  4901.000   1.587010e+00   2.227543e+00
  4901.500   7.233617e-01   2.274245e+00
  4902.000   1.548755e+00   2.259132e+00
  4902.500   1.618006e+00   2.189810e+00
  4903.000   1.581168e+00   2.061489e+00
  4903.500   1.549175e+00   2.020554e+00
  4904.000   1.571654e+00   2.084704e+00
  4904.500   1.473047e+00   2.112942e+00
  4905.000   1.573421e+00   2.182689e+00
  4905.500   1.582046e+00   2.260984e+00
  4906.000   1.604489e+00   2.302320e+00
  4906.500   1.090448e+00   2.296024e+00
  4907.000   1.621260e+00   2.254581e+00
  4907.500   1.547503e+00   2.177435e+00
  4908.000   1.605519e+00   2.148152e+00
  4908.500   1.578914e+00   2.188068e+00
  4909.000   1.533106e+00   2.147799e+00
  4909.500   1.581523e+00   2.026704e+00
  4910.000   1.514369e+00   1.900753e+00
  4910.500   1.523185e+00   1.887234e+00
  4911.000   1.586072e+00   1.979978e+00
  4911.500   1.451386e+00   2.025787e+00
  4912.000   1.198400e+00   2.083394e+00
  4912.500   1.376915e+00   2.178462e+00
  4913.000   1.556532e+00   2.200706e+00
  4913.500   1.518569e+00   2.146084e+00
  4914.000   1.589187e+00   2.142953e+00
  4914.500   1.378897e+00   2.225062e+00
  4915.000   8.369163e-01   2.282395e+00
  4915.500   1.591988e+00   2.292980e+00
  4916.000   1.615271e+00   2.270957e+00
  4916.500   1.604816e+00   2.219250e+00
  4917.000   1.623945e+00   2.144855e+00
  4917.500   1.610227e+00   2.071393e+00
  4918.000   1.562681e+00   1.938289e+00
  4918.500   1.531226e+00   1.740950e+00
  4919.000   1.598937e+00   1.655172e+00
  4919.500   1.537083e+00   1.736072e+00
  4920.000   1.365186e+00   1.665073e+00
  4920.500   9.906936e-01   1.541772e+00
  4921.000   1.501343e+00   1.721400e+00
  4921.500   1.305885e+00   1.946767e+00
  4922.000   6.365185e-01   2.008051e+00
  4922.500   1.445464e+00   2.064957e+00
  4923.000   1.559280e+00   2.101792e+00
  4923.500   1.308294e+00   2.006925e+00
  4924.000   1.583262e+00   1.903710e+00
  4924.500   1.394061e+00   1.926345e+00
  4925.000   1.502839e+00   1.985181e+00
  4925.500   1.463242e+00   2.072780e+00
  4926.000   1.505408e+00   2.185684e+00
  4926.500   1.603870e+00   2.236837e+00
  4927.000   1.194486e+00   2.182460e+00
  4927.500   1.537935e+00   2.094811e+00
  4928.000   1.607371e+00   2.098976e+00
  4928.500   1.608677e+00   2.198530e+00
  4929.000   1.589121e+00   2.280590e+00
  4929.500   1.604097e+00   2.272566e+00
  4930.000   1.619849e+00   2.184076e+00
  4930.500   1.630964e+00   2.145109e+00
  4931.000   1.635600e+00   2.207753e+00
  4931.500   1.558095e+00   2.245373e+00
  4932.000   1.610476e+00   2.227085e+00
  4932.500   1.558252e+00   2.185976e+00
  4933.000   1.615673e+00   2.044433e+00
  4933.500   1.373754e+00   1.870240e+00
  4934.000   1.625128e+00   1.829785e+00
  4934.500   1.474330e+00   2.019266e+00
  4935.000   1.572455e+00   2.183925e+00
  4935.500   3.453436e-01   2.176975e+00
  4936.000   1.618193e+00   2.119963e+00
  4936.500   1.619429e+00   2.101278e+00
  4937.000   1.612417e+00   2.047879e+00
  4937.500   1.609366e+00   1.974706e+00
  4938.000   1.599162e+00   1.913942e+00
  4938.500   1.465060e+00   1.832297e+00
  4939.000   1.530438e+00   1.785930e+00
  4939.500   1.099972e+00   1.847177e+00
  4940.000   1.520940e+00   2.009461e+00
  4940.500   1.457821e+00   2.168734e+00
  4941.000   1.138670e+00   2.240151e+00
  4941.500   1.493120e+00   2.242318e+00
  4942.000   1.588192e+00   2.184296e+00
  4942.500   1.596046e+00   2.137183e+00
  4943.000   1.599673e+00   2.205858e+00
  4943.500   1.627140e+00   2.275481e+00
  4944.000   1.376828e+00   2.283702e+00
  4944.500   1.625021e+00   2.259919e+00
  4945.000   1.634754e+00   2.192983e+00
  4945.500   1.626461e+00   2.082553e+00
  4946.000   1.573420e+00   2.020640e+00
  4946.500   1.622893e+00   2.057156e+00
  4947.000   1.025620e+00   2.174139e+00
  4947.500   1.553664e+00   2.229204e+00
  4948.000   1.595860e+00   2.238240e+00
  4948.500   1.622023e+00   2.242233e+00
  4949.000   1.363901e+00   2.233986e+00
  4949.500   1.603137e+00   2.190480e+00
  4950.000   1.584167e+00   2.132734e+00
  4950.500   1.558233e+00   2.167706e+00
  4951.000   1.581745e+00   2.240495e+00
  4951.500   5.996173e-01   2.252111e+00
  4952.000   1.556729e+00   2.195194e+00
  4952.500   1.625639e+00   2.116381e+00
  4953.000   1.623756e+00   2.106133e+00
  4953.500   1.629875e+00   2.156497e+00
  4954.000   9.954037e-01   2.175811e+00
  4954.500   1.529289e+00   2.126125e+00
  4955.000   1.615715e+00   2.139184e+00
  4955.500   1.602577e+00   2.199378e+00
  4956.000   1.054996e+00   2.171237e+00
  4956.500   1.610343e+00   1.987760e+00
  4957.000   1.606788e+00   1.605268e+00
  4957.500   1.566365e+00   1.338804e+00
  4958.000   1.523414e+00   1.559198e+00
  4958.500   1.097709e+00   1.932478e+00
  4959.000   1.678151e-01   2.135569e+00
  4959.500   1.359164e+00   2.219968e+00
  4960.000   1.555299e+00   2.253907e+00
  4960.500   1.436637e+00   2.246796e+00
  4961.000   1.610111e+00   2.225265e+00
  4961.500   1.620077e+00   2.208100e+00
  4962.000   1.610701e+00   2.176478e+00
  4962.500   1.556894e+00   2.160736e+00
  4963.000   1.617064e+00   2.209040e+00
  4963.500   1.629592e+00   2.255959e+00
  4964.000   1.110921e+00   2.248276e+00
  4964.500   1.612739e+00   2.193067e+00
  4965.000   1.626549e+00   2.113724e+00
  4965.500   1.456947e+00   2.040636e+00
  4966.000   1.631702e+00   1.980826e+00
  4966.500   1.486901e+00   2.069336e+00
  4967.000   1.623915e+00   2.162788e+00
  4967.500   4.361185e-01   2.116417e+00
  4968.000   1.573327e+00   2.035310e+00
  4968.500   1.636497e+00   2.028309e+00
  4969.000   1.608188e+00   2.096178e+00
  4969.500   1.631294e+00   2.105268e+00
  4970.000   1.127182e+00   2.023678e+00
  4970.500   1.625662e+00   2.004658e+00
  4971.000   1.621683e+00   2.060201e+00
  4971.500   1.493633e+00   2.126319e+00
  4972.000   1.250320e+00   2.186782e+00
  4972.500   1.611689e+00   2.167024e+00
  4973.000   1.614490e+00   2.099920e+00
  4973.500   1.614577e+00   2.136986e+00
  4974.000   1.610041e+00   2.203243e+00
  4974.500   5.223843e-01   2.217349e+00
  4975.000   1.616640e+00   2.201259e+00
  4975.500   1.629796e+00   2.163481e+00
  4976.000   1.612185e+00   2.133260e+00
  4976.500   1.636439e+00   2.146377e+00
  4977.000   1.608535e+00   2.183195e+00
  4977.500   1.225598e+00   2.149362e+00
  4978.000   1.618089e+00   2.055508e+00
  4978.500   1.620464e+00   1.979395e+00
  4979.000   1.361371e+00   2.021863e+00
  4979.500   1.367158e+00   2.053421e+00
  4980.000   5.193073e-01   2.013440e+00
  4980.500   1.599827e+00   2.050396e+00
  4981.000   1.342518e+00   2.091457e+00
  4981.500   1.098059e+00   1.984432e+00
  4982.000   1.598538e+00   1.846333e+00
  4982.500   1.630439e+00   1.729503e+00
  4983.000   1.465919e+00   1.681276e+00
  4983.500   1.443186e+00   1.688275e+00
  4984.000   1.269696e+00   1.744083e+00
  4984.500   1.468945e+00   1.873788e+00
  4985.000   1.482365e+00   1.872588e+00
  4985.500   5.224721e-01   1.818393e+00
  4986.000   1.313783e+00   1.918209e+00
  4986.500   1.526785e+00   2.062702e+00
  4987.000   9.334081e-01   2.154248e+00
  4987.500   1.574635e+00   2.183752e+00
  4988.000   1.612366e+00   2.160995e+00
  4988.500   1.603808e+00   2.088619e+00
  4989.000   1.566520e+00   2.029003e+00
  4989.500   1.495438e+00   2.085905e+00
  4990.000   1.601700e+00   2.114719e+00
  4990.500   1.214069e+00   2.018175e+00
  4991.000   1.592517e+00   1.878498e+00
  4991.500   1.602950e+00   1.916654e+00
  4992.000   1.588151e+00   2.056152e+00
  4992.500   5.476259e-01   2.110262e+00
  4993.000   1.588720e+00   2.067227e+00
  4993.500   1.593861e+00   1.961770e+00
  4994.000   1.595720e+00   1.911860e+00
  4994.500   1.594150e+00   1.998420e+00
  4995.000   1.485101e+00   2.084487e+00
  4995.500   4.496135e-01   2.094807e+00
  4996.000   1.563820e+00   2.078639e+00
  4996.500   1.530604e+00   2.035274e+00
  4997.000   1.439764e+00   2.016784e+00
  4997.500   1.539332e+00   2.054203e+00
  4998.000   1.546988e+00   2.046150e+00
  4998.500   1.034620e+00   2.019467e+00
  4999.000   1.577944e+00   1.959560e+00
  4999.500   1.534012e+00   1.891339e+00
  5000.000   1.574349e+00   1.893912e+00
  5000.500   1.082523e+00   1.905521e+00
  5001.000   1.367268e+00   1.911749e+00
  5001.500   1.551357e+00   1.858427e+00
  5002.000   1.564557e+00   1.823088e+00
  5002.500   1.492401e+00   1.868248e+00
  5003.000   1.489468e+00   1.926090e+00
  5003.500   1.475866e+00   1.963945e+00
  5004.000   1.384691e+00   1.955350e+00
  5004.500   1.506747e+00   1.967075e+00
  5005.000   1.545660e+00   1.902425e+00
  5005.500   1.289761e+00   1.705488e+00
  5006.000   1.538533e+00   1.575783e+00
  5006.500   1.472073e+00   1.666072e+00
  5007.000   1.252801e+00   1.737751e+00
  5007.500   3.087040e-01   1.814823e+00
  5008.000   1.465268e+00   1.969526e+00
  5008.500   1.357380e+00   2.052773e+00
  5009.000   1.510461e+00   2.049440e+00
  5009.500   1.526909e+00   1.991090e+00
  5010.000   1.417727e+00   1.945302e+00
  5010.500   1.536153e+00   1.953025e+00
  5011.000   1.345678e+00   1.955014e+00
  5011.500   1.429886e+00   1.884737e+00
  5012.000   1.533424e+00   1.728190e+00
  5012.500   1.525526e+00   1.708476e+00
  5013.000   1.497497e+00   1.783504e+00
  5013.500   2.776789e-01   1.762005e+00
  5014.000   1.444750e+00   1.689218e+00
  5014.500   1.521750e+00   1.684314e+00
  5015.000   1.442391e+00   1.767823e+00
  5015.500   1.404024e+00   1.880634e+00
  5016.000   1.466040e+00   1.894446e+00
  5016.500   1.399524e+00   1.864596e+00
  5017.000   1.522326e+00   1.833925e+00
  5017.500   1.242080e+00   1.741595e+00
  5018.000   1.512577e+00   1.631285e+00
  5018.500   1.468538e+00   1.640712e+00
  5019.000   5.231422e-01   1.811835e+00
  5019.500   1.336388e+00   1.886254e+00
  5020.000   1.245446e+00   1.873807e+00
  5020.500   1.488483e+00   1.906407e+00
  5021.000   1.501630e+00   1.915238e+00
  5021.500   1.249438e+00   1.841928e+00
  5022.000   1.477267e+00   1.756671e+00
  5022.500   1.493582e+00   1.752733e+00
  5023.000   7.566559e-01   1.802301e+00
  5023.500   1.361050e+00   1.884502e+00
  5024.000   1.507709e+00   1.943428e+00
  5024.500   1.454947e+00   1.915740e+00
  5025.000   1.436349e+00   1.858008e+00
  5025.500   1.466414e+00   1.873304e+00
  5026.000   1.517669e+00   1.938979e+00
  5026.500   1.234799e+00   1.915806e+00
  5027.000   9.733760e-01   1.759620e+00
  5027.500   1.519882e+00   1.674263e+00
  5028.000   1.516149e+00   1.731848e+00
  5028.500   5.930805e-01   1.869850e+00
  5029.000   1.370149e+00   1.960924e+00
  5029.500   7.099491e-01   1.951748e+00
  5030.000   1.492309e+00   1.946981e+00
  5030.500   1.505756e+00   1.933408e+00
  5031.000   8.926641e-01   1.902104e+00
  5031.500   1.505351e+00   1.942267e+00
  5032.000   1.474149e+00   1.985009e+00
  5032.500   1.285030e+00   2.011807e+00
  5033.000   1.526485e+00   2.034842e+00
  5033.500   1.476752e+00   2.050656e+00
  5034.000   1.509191e+00   2.053281e+00
  5034.500   1.511091e+00   2.018372e+00
  5035.000   1.455004e+00   1.894867e+00
  5035.500   1.528295e+00   1.736904e+00
  5036.000   1.531357e+00   1.673610e+00
  5036.500   1.497002e+00   1.756835e+00
  5037.000   1.480184e+00   1.900098e+00
  5037.500   1.464944e+00   1.964021e+00
  5038.000   1.486197e+00   1.912870e+00
  5038.500   1.527848e+00   1.810990e+00
  5039.000   1.525490e+00   1.760851e+00
  5039.500   1.531439e+00   1.759012e+00
  5040.000   7.458113e-01   1.759655e+00
  5040.500   1.388349e+00   1.652691e+00
  5041.000   1.520859e+00   1.458694e+00
  5041.500   1.457358e+00   1.405409e+00
  5042.000   1.314339e+00   1.572231e+00
  5042.500   3.733169e-01   1.829507e+00
  5043.000   5.563320e-01   1.964741e+00
  5043.500   1.411013e+00   1.968810e+00
  5044.000   1.475154e+00   1.935156e+00
  5044.500   1.520056e+00   1.956998e+00
  5045.000   1.256395e+00   2.006649e+00
  5045.500   1.467731e+00   2.034984e+00
  5046.000   1.529444e+00   2.061315e+00
  5046.500   1.516060e+00   2.064890e+00
  5047.000   1.525649e+00   2.034548e+00
  5047.500   1.529567e+00   1.956760e+00
  5048.000   1.531056e+00   1.829521e+00
  5048.500   1.457746e+00   1.763075e+00
  5049.000   1.516031e+00   1.793624e+00
  5049.500   1.173338e+00   1.789230e+00
  5050.000   1.491526e+00   1.810720e+00
  5050.500   1.520461e+00   1.909133e+00
  5051.000   1.399847e+00   1.889385e+00
  5051.500   1.469723e+00   1.774074e+00
  5052.000   1.518804e+00   1.788266e+00
  5052.500   1.527658e+00   1.883239e+00
  5053.000   5.707868e-01   1.924377e+00
  5053.500   1.300576e+00   1.950130e+00
  5054.000   1.416904e+00   1.976818e+00
  5054.500   1.459334e+00   1.987265e+00
  5055.000   1.368544e+00   2.004342e+00
  5055.500   1.465414e+00   2.000540e+00
  5056.000   1.289261e+00   1.969524e+00
  5056.500   1.530183e+00   1.963425e+00
  5057.000   1.441028e+00   1.972171e+00
  5057.500   1.342757e+00   1.975197e+00
  5058.000   1.516735e+00   1.979013e+00
  5058.500   1.514859e+00   2.004517e+00
  5059.000   1.517711e+00   2.016275e+00
  5059.500   1.495445e+00   1.984642e+00
  5060.000   1.525565e+00   1.948669e+00
  5060.500   1.516452e+00   1.992579e+00
  5061.000   1.533943e+00   2.041016e+00
  5061.500   7.081750e-01   2.040498e+00
  5062.000   1.534627e+00   2.031643e+00
  5062.500   1.534675e+00   2.038226e+00
  5063.000   1.524753e+00   2.035246e+00
  5063.500   1.309977e+00   2.016365e+00
  5064.000   1.534428e+00   1.937964e+00
  5064.500   1.467258e+00   1.755368e+00
  5065.000   1.527890e+00   1.649927e+00
  5065.500   1.459852e+00   1.778395e+00
  5066.000   1.110308e+00   1.913670e+00
  5066.500   9.203199e-01   1.935173e+00
  5067.000   1.525428e+00   1.890201e+00
  5067.500   1.516154e+00   1.880414e+00
  5068.000   1.525856e+00   1.879613e+00
  5068.500   1.206075e+00   1.817682e+00
  5069.000   1.501144e+00   1.819424e+00
  5069.500   1.528884e+00   1.919189e+00
  5070.000   1.399089e+00   1.984599e+00
  5070.500   1.350948e+00   2.012341e+00
  5071.000   1.518637e+00   1.989794e+00
  5071.500   1.431669e+00   1.896158e+00
  5072.000   1.529038e+00   1.782833e+00
  5072.500   1.506297e+00   1.761327e+00
  5073.000   1.478250e+00   1.845103e+00
  5073.500   5.469543e-01   1.934100e+00
  5074.000   1.377931e+00   1.938039e+00
  5074.500   1.492214e+00   1.846787e+00
  5075.000   1.428079e+00   1.810213e+00
  5075.500   1.510557e+00   1.868339e+00
  5076.000   1.418454e+00   1.874714e+00
  5076.500   1.473015e+00   1.882063e+00
  5077.000   1.504648e+00   1.955455e+00
  5077.500   1.438428e+00   1.999479e+00
  5078.000   1.332170e+00   1.967457e+00
  5078.500   1.519197e+00   1.831641e+00
  5079.000   1.504040e+00   1.645661e+00
  5079.500   1.472591e+00   1.567753e+00
  5080.000   1.472459e+00   1.574088e+00
  5080.500   1.279358e+00   1.606845e+00
  5081.000   1.480182e+00   1.685791e+00
  5081.500   1.374733e+00   1.806110e+00
  5082.000   7.550200e-01   1.860415e+00
  5082.500   6.187934e-01   1.841908e+00
  5083.000   1.393598e+00   1.786095e+00
  5083.500   1.512577e+00   1.738557e+00
  5084.000   1.509157e+00   1.764068e+00
  5084.500   1.383408e+00   1.845838e+00
  5085.000   1.508115e+00   1.914261e+00
  5085.500   5.352082e-01   1.937798e+00
  5086.000   1.405928e+00   1.949569e+00
  5086.500   1.479694e+00   1.935720e+00
  5087.000   1.466508e+00   1.897762e+00
  5087.500   1.517119e+00   1.879315e+00
  5088.000   1.500774e+00   1.877695e+00
  5088.500   1.182814e+00   1.874100e+00
  5089.000   1.501171e+00   1.894002e+00
  5089.500   1.365820e+00   1.933353e+00
  5090.000   1.244539e+00   1.934327e+00
  5090.500   1.464478e+00   1.872422e+00
  5091.000   1.497576e+00   1.862307e+00
  5091.500   1.501318e+00   1.919619e+00
  5092.000   1.481720e+00   1.948774e+00
  5092.500   1.502505e+00   1.968419e+00
  5093.000   1.514115e+00   1.991651e+00
  5093.500   1.498221e+00   1.991499e+00
  5094.000   1.495123e+00   1.966516e+00
  5094.500   1.519451e+00   1.946727e+00
  5095.000   1.486096e+00   1.947420e+00
  5095.500   1.435890e+00   1.958571e+00
  5096.000   1.515385e+00   1.944357e+00
  5096.500   1.485461e+00   1.848376e+00
  5097.000   1.511225e+00   1.743124e+00
  5097.500   1.497204e+00   1.761638e+00
  5098.000   1.508877e+00   1.755563e+00
  5098.500   1.160405e+00   1.623096e+00
  5099.000   1.434699e+00   1.560926e+00
  5099.500   1.370732e+00   1.636697e+00
  5100.000   5.482704e-01   1.755677e+00
  5100.500   7.584966e-01   1.863040e+00
  5101.000   1.421014e+00   1.922920e+00
  5101.500   1.462882e+00   1.964833e+00
  5102.000   1.463725e+00   1.974705e+00
  5102.500   1.368393e+00   1.940205e+00
  5103.000   1.481881e+00   1.903551e+00
  5103.500   1.516908e+00   1.888499e+00
  5104.000   1.472651e+00   1.856956e+00
  5104.500   1.440554e+00   1.860086e+00
  5105.000   1.510069e+00   1.865776e+00
  5105.500   1.280309e+00   1.842018e+00
  5106.000   1.477562e+00   1.877896e+00
  5106.500   1.480468e+00   1.887798e+00
  5107.000   6.608339e-01   1.794743e+00
  5107.500   1.516453e+00   1.674735e+00
  5108.000   1.366627e+00   1.743597e+00
  5108.500   1.515004e+00   1.859490e+00
  5109.000   9.272211e-01   1.868001e+00
  5109.500   1.505470e+00   1.794917e+00
  5110.000   1.484406e+00   1.719514e+00
  5110.500   1.403255e+00   1.713851e+00
  5111.000   1.235518e+00   1.828682e+00
  5111.500   1.476363e+00   1.918641e+00
  5112.000   1.458837e+00   1.953685e+00
  5112.500   1.509453e+00   1.955951e+00
  5113.000   1.445546e+00   1.927798e+00
  5113.500   1.517847e+00   1.923259e+00
  5114.000   1.507574e+00   1.939592e+00
  5114.500   1.299467e+00   1.928764e+00
  5115.000   1.513760e+00   1.882270e+00
  5115.500   1.514244e+00   1.841262e+00
  5116.000   1.426307e+00   1.884391e+00
  5116.500   1.512700e+00   1.933931e+00
  5117.000   1.485729e+00   1.959285e+00
  5117.500   1.488480e+00   1.965403e+00
  5118.000   1.488726e+00   1.952638e+00
  5118.500   1.516210e+00   1.956798e+00
  5119.000   1.516372e+00   1.954805e+00
  5119.500   1.413313e+00   1.945340e+00
  5120.000   1.514720e+00   1.916357e+00
  5120.500   1.408087e+00   1.876469e+00
  5121.000   1.506288e+00   1.846126e+00
  5121.500   1.496725e+00   1.800174e+00
  5122.000   1.463496e+00   1.827084e+00
  5122.500   1.500571e+00   1.857538e+00
  5123.000   8.772481e-01   1.795687e+00
  5123.500   1.409982e+00   1.711729e+00
  5124.000   1.508338e+00   1.723600e+00
  5124.500   1.480988e+00   1.742392e+00
  5125.000   1.447291e+00   1.672430e+00
  5125.500   1.334674e+00   1.682856e+00
  5126.000   1.338712e+00   1.743616e+00
  5126.500   7.427907e-01   1.788385e+00
  5127.000   1.414279e+00   1.780560e+00
  5127.500   1.348737e+00   1.754303e+00
  5128.000   1.492609e+00   1.791414e+00
  5128.500   1.474309e+00   1.796912e+00
  5129.000   1.481701e+00   1.720746e+00
  5129.500   1.267062e+00   1.700331e+00
  5130.000   1.439137e+00   1.790960e+00
  5130.500   1.304039e+00   1.848678e+00
  5131.000   1.217969e+00   1.826988e+00
  5131.500   1.497925e+00   1.769032e+00
  5132.000   1.313846e+00   1.808729e+00
  5132.500   1.509356e+00   1.855968e+00
  5133.000   1.250546e+00   1.814757e+00
  5133.500   1.507575e+00   1.710152e+00
  5134.000   1.470661e+00   1.724212e+00
  5134.500   1.497803e+00   1.837651e+00
  5135.000   1.134870e+00   1.911157e+00
  5135.500   1.464921e+00   1.920994e+00
  5136.000   1.331593e+00   1.880525e+00
  5136.500   1.484517e+00   1.791002e+00
  5137.000   1.355964e+00   1.664707e+00
  5137.500   1.243387e+00   1.668525e+00
  5138.000   1.497392e+00   1.777888e+00
  5138.500   4.233406e-01   1.751179e+00
  5139.000   1.286037e+00   1.552219e+00
  5139.500   1.452510e+00   1.466480e+00
  5140.000   1.446790e+00   1.669429e+00
  5140.500   1.305645e+00   1.839853e+00
  5141.000   8.639865e-01   1.854739e+00
  5141.500   1.468020e+00   1.771430e+00
  5142.000   1.503070e+00   1.653342e+00
  5142.500   1.497034e+00   1.526949e+00
  5143.000   1.476099e+00   1.568503e+00
  5143.500   1.474133e+00   1.756128e+00
  5144.000   5.555724e-01   1.856645e+00
  5144.500   1.438187e+00   1.849084e+00
  5145.000   1.436906e+00   1.799517e+00
  5145.500   1.486756e+00   1.777934e+00
  5146.000   1.314842e+00   1.742991e+00
  5146.500   9.324080e-01   1.711683e+00
  5147.000   1.467287e+00   1.739588e+00
  5147.500   1.250622e+00   1.710097e+00
  5148.000   1.207408e+00   1.648005e+00
  5148.500   1.320931e+00   1.708467e+00
  5149.000   1.432643e+00   1.823559e+00
  5149.500   6.382248e-01   1.876278e+00
  5150.000   1.474441e+00   1.849548e+00
  5150.500   1.346604e+00   1.761565e+00
  5151.000   1.481921e+00   1.719743e+00
  5151.500   1.458475e+00   1.731094e+00
  5152.000   1.322120e+00   1.726025e+00
  5152.500   1.490782e+00   1.776911e+00
  5153.000   1.476449e+00   1.770185e+00
  5153.500   1.459334e+00   1.726197e+00
  5154.000   1.469007e+00   1.718938e+00
  5154.500   1.427732e+00   1.752617e+00
  5155.000   1.418456e+00   1.768375e+00
  5155.500   6.175571e-01   1.747233e+00
  5156.000   1.469636e+00   1.766286e+00
  5156.500   1.276526e+00   1.816340e+00
  5157.000   1.367783e+00   1.851781e+00
  5157.500   1.380690e+00   1.866868e+00
  5158.000   1.287250e+00   1.864358e+00
  5158.500   1.454296e+00   1.836253e+00
  5159.000   1.423676e+00   1.798519e+00
  5159.500   1.468002e+00   1.823671e+00
  5160.000   1.360123e+00   1.868187e+00
  5160.500   6.095410e-01   1.881772e+00
  5161.000   1.394293e+00   1.859223e+00
  5161.500   1.486960e+00   1.789612e+00
  5162.000   1.493203e+00   1.668847e+00
  5162.500   1.347063e+00   1.637419e+00
  5163.000   1.484361e+00   1.730090e+00
  5163.500   1.377031e+00   1.784532e+00
  5164.000   1.283751e+00   1.752203e+00
  5164.500   1.346033e+00   1.660571e+00
  5165.000   1.359110e+00   1.582008e+00
  5165.500   1.401844e+00   1.558374e+00
  5166.000   8.792185e-01   1.507858e+00
  5166.500   1.139406e+00   1.352243e+00
  5167.000   1.311213e+00   1.122064e+00
  5167.500   1.338397e+00   1.041051e+00
  5168.000   1.269143e+00   1.218552e+00
  5168.500   7.729169e-01   1.300968e+00
  5169.000   4.162251e-01   1.326449e+00
  5169.500   1.218177e+00   1.531292e+00
  5170.000   1.203745e+00   1.696638e+00
  5170.500   3.019105e-01   1.686533e+00
  5171.000   1.373979e+00   1.549468e+00
  5171.500   1.382297e+00   1.317218e+00
  5172.000   1.333051e+00   1.073681e+00
  5172.500   1.297833e+00   8.909772e-01
  5173.000   4.245237e-01   9.517280e-01
  5173.500   9.430519e-01   1.221341e+00
  5174.000   4.388739e-01   1.496153e+00
  5174.500   6.919734e-01   1.690445e+00
  5175.000   1.116114e+00   1.782269e+00
  5175.500   1.281237e+00   1.808109e+00
  5176.000   1.360008e+00   1.787949e+00
  5176.500   1.403567e+00   1.753012e+00
  5177.000   1.425119e+00   1.758129e+00
  5177.500   1.342407e+00   1.796937e+00
  5178.000   7.178409e-01   1.835551e+00
  5178.500   1.443312e+00   1.829009e+00
  5179.000   1.428971e+00   1.806967e+00
  5179.500   1.446989e+00   1.791541e+00
  5180.000   1.440960e+00   1.763886e+00
  5180.500   1.360263e+00   1.758145e+00
  5181.000   1.433431e+00   1.735896e+00
  5181.500   8.306339e-01   1.669297e+00
  5182.000   1.373894e+00   1.555324e+00
  5182.500   1.384754e+00   1.343857e+00
  5183.000   1.321020e+00   1.038421e+00
  5183.500   1.254993e+00   8.113512e-01
  5184.000   1.099049e+00   8.766973e-01
  5184.500   7.526648e-01   1.164909e+00
  5185.000   1.820608e-01   1.457588e+00
  5185.500   6.820584e-01   1.613723e+00
  5186.000   6.588671e-01   1.679711e+00
  5186.500   1.243993e+00   1.752482e+00
  5187.000   1.346905e+00   1.799500e+00
  5187.500   1.378208e+00   1.773932e+00
  5188.000   1.178797e+00   1.693332e+00
  5188.500   1.437602e+00   1.600587e+00
  5189.000   1.432525e+00   1.627441e+00
  5189.500   1.411973e+00   1.781411e+00
  5190.000   1.394708e+00   1.863092e+00
  5190.500   1.412797e+00   1.833424e+00
  5191.000   1.447374e+00   1.683194e+00
  5191.500   1.473026e+00   1.497896e+00
  5192.000   1.454784e+00   1.409029e+00
  5192.500   1.416022e+00   1.428055e+00
  5193.000   8.747644e-01   1.584552e+00
  5193.500   1.208693e+00   1.746264e+00
  5194.000   1.164336e+00   1.798720e+00
  5194.500   1.237264e+00   1.721340e+00
  5195.000   1.413814e+00   1.593419e+00
  5195.500   1.298950e+00   1.565137e+00
  5196.000   1.461067e+00   1.610203e+00
  5196.500   1.214712e+00   1.670549e+00
  5197.000   1.074839e+00   1.707416e+00
  5197.500   5.898396e-01   1.691344e+00
  5198.000   1.080694e+00   1.703857e+00
  5198.500   1.457872e+00   1.720628e+00
  5199.000   6.118075e-01   1.765359e+00
  5199.500   1.451458e+00   1.823887e+00
  5200.000   1.443893e+00   1.820266e+00
  5200.500   1.478756e+00   1.813101e+00
  5201.000   1.419926e+00   1.830448e+00
  5201.500   1.469267e+00   1.801296e+00
  5202.000   1.463756e+00   1.697986e+00
  5202.500   1.351701e+00   1.684302e+00
  5203.000   1.480717e+00   1.794494e+00
  5203.500   1.346839e+00   1.822344e+00
  5204.000   1.428394e+00   1.709938e+00
  5204.500   1.479376e+00   1.577470e+00
  5205.000   1.457265e+00   1.602882e+00
  5205.500   1.464780e+00   1.572485e+00
  5206.000   2.227042e-01   1.492389e+00
  5206.500   1.461198e+00   1.614906e+00
  5207.000   1.439881e+00   1.760000e+00
  5207.500   1.904433e-01   1.726848e+00
  5208.000   1.306019e+00   1.525022e+00
  5208.500   1.461039e+00   1.404585e+00
  5209.000   1.451186e+00   1.575539e+00
  5209.500   1.322066e+00   1.743503e+00
  5210.000   5.290415e-01   1.748803e+00
  5210.500   1.421717e+00   1.728864e+00
  5211.000   1.460077e+00   1.772143e+00
  5211.500   1.440410e+00   1.808117e+00
  5212.000   1.452449e+00   1.829656e+00
  5212.500   1.476206e+00   1.839770e+00
  5213.000   1.049105e+00   1.850983e+00
  5213.500   1.479455e+00   1.851489e+00
  5214.000   1.474952e+00   1.819971e+00
  5214.500   1.469620e+00   1.741016e+00
  5215.000   1.479141e+00   1.630516e+00
  5215.500   1.454497e+00   1.596105e+00
  5216.000   1.383242e+00   1.602756e+00
  5216.500   1.286997e+00   1.621644e+00
  5217.000   1.223278e+00   1.648621e+00
  5217.500   1.441636e+00   1.628922e+00
  5218.000   1.351467e+00   1.669277e+00
  5218.500   1.467939e+00   1.767744e+00
  5219.000   1.374648e+00   1.836880e+00
  5219.500   1.443126e+00   1.830306e+00
  5220.000   1.462539e+00   1.803753e+00
  5220.500   1.451967e+00   1.806525e+00
  5221.000   1.473428e+00   1.820128e+00
  5221.500   1.320962e+00   1.825083e+00
  5222.000   1.481492e+00   1.816092e+00
  5222.500   1.185082e+00   1.799273e+00
  5223.000   1.475009e+00   1.792002e+00
  5223.500   1.482549e+00   1.786137e+00
  5224.000   1.417320e+00   1.748059e+00
  5224.500   1.474969e+00   1.685175e+00
  5225.000   1.397262e+00   1.644093e+00
  5225.500   1.348348e+00   1.623467e+00
  5226.000   1.110800e+00   1.555134e+00
  5226.500   1.088986e+00   1.364411e+00
  5227.000   5.284925e-01   1.244888e+00
  5227.500   1.320033e+00   1.409135e+00
  5228.000   4.539774e-01   1.616227e+00
  5228.500   9.123647e-01   1.722669e+00
  5229.000   1.355195e+00   1.770893e+00
  5229.500   1.325076e+00   1.713228e+00
  5230.000   1.435693e+00   1.668393e+00
  5230.500   1.477454e+00   1.744968e+00
  5231.000   1.450548e+00   1.813749e+00
  5231.500   1.409136e+00   1.810479e+00
  5232.000   1.464500e+00   1.724491e+00
  5232.500   1.468794e+00   1.535964e+00
  5233.000   1.427881e+00   1.431645e+00
  5233.500   1.444792e+00   1.572405e+00
  5234.000   1.245217e+00   1.692361e+00
  5234.500   6.379545e-01   1.675305e+00
  5235.000   1.394033e+00   1.640613e+00
  5235.500   1.404870e+00   1.660916e+00
  5236.000   1.230532e+00   1.731232e+00
  5236.500   1.405192e+00   1.779761e+00
  5237.000   1.237405e+00   1.790919e+00
  5237.500   1.466008e+00   1.800507e+00
  5238.000   1.455975e+00   1.831276e+00
  5238.500   1.450007e+00   1.835566e+00
  5239.000   1.478818e+00   1.824088e+00
  5239.500   1.481665e+00   1.799816e+00
  5240.000   1.326639e+00   1.790251e+00
  5240.500   1.449184e+00   1.823441e+00
  5241.000   1.473789e+00   1.849998e+00
  5241.500   1.459138e+00   1.834917e+00
  5242.000   1.439403e+00   1.770969e+00
  5242.500   1.483875e+00   1.719722e+00
  5243.000   1.479452e+00   1.729680e+00
  5243.500   1.277027e+00   1.738831e+00
  5244.000   8.000362e-01   1.780743e+00
  5244.500   1.479168e+00   1.844717e+00
  5245.000   1.458873e+00   1.872015e+00
  5245.500   1.485257e+00   1.866318e+00
  5246.000   1.447204e+00   1.841477e+00
  5246.500   1.488153e+00   1.779423e+00
  5247.000   1.472151e+00   1.690497e+00
  5247.500   1.452726e+00   1.670076e+00
  5248.000   1.415078e+00   1.742056e+00
  5248.500   5.865731e-01   1.797123e+00
  5249.000   6.533936e-01   1.776836e+00
  5249.500   1.472109e+00   1.727759e+00
  5250.000   1.488192e+00   1.657997e+00
  5250.500   1.302703e+00   1.617140e+00
  5251.000   1.375874e+00   1.685764e+00
  5251.500   1.416021e+00   1.756773e+00
  5252.000   1.333844e+00   1.767819e+00
  5252.500   1.444865e+00   1.782163e+00
  5253.000   1.457356e+00   1.757188e+00
  5253.500   1.242229e+00   1.727981e+00
  5254.000   1.483967e+00   1.745984e+00
  5254.500   1.205648e+00   1.698808e+00
  5255.000   1.181124e+00   1.609913e+00
  5255.500   1.440656e+00   1.647227e+00
  5256.000   1.469216e+00   1.760344e+00
  5256.500   1.159164e+00   1.828793e+00
  5257.000   1.381395e+00   1.838072e+00
  5257.500   1.488873e+00   1.840788e+00
  5258.000   1.491036e+00   1.856391e+00
  5258.500   1.446720e+00   1.866129e+00
  5259.000   1.459836e+00   1.862099e+00
  5259.500   1.494515e+00   1.852903e+00
  5260.000   1.495378e+00   1.830928e+00
  5260.500   1.478086e+00   1.807954e+00
  5261.000   1.463933e+00   1.773203e+00
  5261.500   1.470726e+00   1.663326e+00
  5262.000   1.485587e+00   1.564557e+00
  5262.500   1.496257e+00   1.569568e+00
  5263.000   1.430775e+00   1.556111e+00
  5263.500   1.449032e+00   1.492150e+00
  5264.000   1.458192e+00   1.460225e+00
  5264.500   1.446109e+00   1.498244e+00
  5265.000   1.379206e+00   1.497499e+00
  5265.500   1.379757e+00   1.389009e+00
  5266.000   1.474089e+00   1.335267e+00
  5266.500   1.460775e+00   1.374414e+00
  5267.000   4.075269e-01   1.530618e+00
  5267.500   1.148362e+00   1.676646e+00
  5268.000   3.160217e-01   1.685791e+00
  5268.500   1.366542e+00   1.579191e+00
  5269.000   1.445213e+00   1.386412e+00
  5269.500   1.435357e+00   1.173542e+00
  5270.000   1.261023e+00   1.148753e+00
  5270.500   1.282583e+00   1.317442e+00
  5271.000   2.020297e-01   1.558951e+00
  5271.500   1.161520e+00   1.700441e+00
  5272.000   1.186780e+00   1.730507e+00
  5272.500   1.142667e+00   1.685023e+00
  5273.000   1.457206e+00   1.580471e+00
  5273.500   1.215741e+00   1.581790e+00
  5274.000   1.468943e+00   1.689357e+00
  5274.500   1.333761e+00   1.680880e+00
  5275.000   1.406454e+00   1.563527e+00
  5275.500   1.475514e+00   1.483255e+00
  5276.000   1.321787e+00   1.513553e+00
  5276.500   1.054640e+00   1.670627e+00
  5277.000   1.453939e+00   1.790601e+00
  5277.500   4.799282e-01   1.822471e+00
  5278.000   1.473904e+00   1.820878e+00
  5278.500   1.474706e+00   1.815879e+00
  5279.000   1.469207e+00   1.809428e+00
  5279.500   1.428870e+00   1.780477e+00
  5280.000   1.466642e+00   1.723744e+00
  5280.500   1.454715e+00   1.700474e+00
  5281.000   1.473726e+00   1.692233e+00
  5281.500   1.349089e+00   1.619305e+00
  5282.000   1.449158e+00   1.607421e+00
  5282.500   1.471115e+00   1.675194e+00
  5283.000   1.416128e+00   1.636283e+00
  5283.500   1.410524e+00   1.500774e+00
  5284.000   1.443835e+00   1.496267e+00
  5284.500   1.451276e+00   1.615125e+00
  5285.000   8.726348e-01   1.722323e+00
  5285.500   1.266887e+00   1.791942e+00
  5286.000   1.401137e+00   1.831853e+00
  5286.500   1.447180e+00   1.842243e+00
  5287.000   1.474603e+00   1.833253e+00
  5287.500   1.472131e+00   1.817102e+00
  5288.000   1.470461e+00   1.788483e+00
  5288.500   1.478351e+00   1.761591e+00
  5289.000   1.443963e+00   1.789496e+00
  5289.500   1.479489e+00   1.827586e+00
  5290.000   7.008961e-01   1.843563e+00
  5290.500   1.479447e+00   1.846391e+00
  5291.000   1.460898e+00   1.846604e+00
  5291.500   1.482094e+00   1.843900e+00
  5292.000   1.481940e+00   1.821601e+00
  5292.500   1.482883e+00   1.785051e+00
  5293.000   1.482828e+00   1.774910e+00
  5293.500   1.483597e+00   1.783249e+00
  5294.000   1.294039e+00   1.783719e+00
  5294.500   1.302853e+00   1.790719e+00
  5295.000   1.483988e+00   1.790687e+00
  5295.500   1.361968e+00   1.779391e+00
  5296.000   1.294519e+00   1.751278e+00
  5296.500   1.477107e+00   1.673400e+00
  5297.000   1.482404e+00   1.599139e+00
  5297.500   1.453712e+00   1.542794e+00
  5298.000   1.468023e+00   1.471356e+00
  5298.500   1.478818e+00   1.494361e+00
  5299.000   1.429328e+00   1.651925e+00
  5299.500   6.140646e-01   1.762066e+00
  5300.000   9.149119e-01   1.767949e+00
  5300.500   1.479643e+00   1.728391e+00
  5301.000   1.480709e+00   1.712157e+00
  5301.500   1.315494e+00   1.705155e+00
  5302.000   1.474257e+00   1.633103e+00
  5302.500   1.236266e+00   1.627271e+00
  5303.000   1.463839e+00   1.729096e+00
  5303.500   1.399962e+00   1.789178e+00
  5304.000   1.348701e+00   1.803220e+00
  5304.500   1.475763e+00   1.815147e+00
  5305.000   1.432552e+00   1.822172e+00
  5305.500   1.475871e+00   1.809692e+00
  5306.000   1.462370e+00   1.796494e+00
  5306.500   1.466841e+00   1.783508e+00
  5307.000   1.476371e+00   1.731005e+00
  5307.500   1.470035e+00   1.705555e+00
  5308.000   1.472682e+00   1.746030e+00
  5308.500   1.476968e+00   1.773643e+00
  5309.000   1.460286e+00   1.800857e+00
  5309.500   1.474725e+00   1.820869e+00
  5310.000   1.428202e+00   1.819953e+00
  5310.500   1.460827e+00   1.809881e+00
  5311.000   1.474295e+00   1.811513e+00
  5311.500   1.475212e+00   1.817256e+00
  5312.000   1.442118e+00   1.813790e+00
  5312.500   1.474291e+00   1.793861e+00
  5313.000   1.467464e+00   1.771376e+00
  5313.500   1.473940e+00   1.765425e+00
  5314.000   1.471385e+00   1.781055e+00
  5314.500   1.470867e+00   1.782220e+00
  5315.000   1.312389e+00   1.764469e+00
  5315.500   1.473547e+00   1.758290e+00
  5316.000   1.473566e+00   1.703667e+00
  5316.500   1.269816e+00   1.596635e+00
  5317.000   1.473955e+00   1.618064e+00
  5317.500   1.471848e+00   1.730048e+00
  5318.000   1.213821e+00   1.780617e+00
  5318.500   1.455862e+00   1.780560e+00
  5319.000   1.368255e+00   1.774916e+00
  5319.500   1.465221e+00   1.774497e+00
  5320.000   1.476203e+00   1.771740e+00
  5320.500   1.382177e+00   1.766144e+00
  5321.000   1.477262e+00   1.743271e+00
  5321.500   1.221837e+00   1.726643e+00
  5322.000   1.474502e+00   1.719254e+00
  5322.500   1.402295e+00   1.745318e+00
  5323.000   1.476614e+00   1.735172e+00
  5323.500   7.838068e-01   1.614430e+00
  5324.000   1.472641e+00   1.451651e+00
  5324.500   1.462706e+00   1.479038e+00
  5325.000   1.405381e+00   1.618222e+00
  5325.500   9.750503e-01   1.673523e+00
  5326.000   1.295804e+00   1.691562e+00
  5326.500   1.442492e+00   1.702512e+00
  5327.000   1.075630e+00   1.644518e+00
  5327.500   1.434963e+00   1.435351e+00
  5328.000   1.446028e+00   1.171113e+00
  5328.500   1.438951e+00   1.171444e+00
  5329.000   1.344372e+00   1.391850e+00
  5329.500   2.234265e-01   1.556721e+00
  5330.000   2.971476e-01   1.642452e+00
  5330.500   1.366657e+00   1.725087e+00
  5331.000   1.444909e+00   1.768495e+00
  5331.500   8.231000e-01   1.767152e+00
  5332.000   1.433723e+00   1.732609e+00
  5332.500   1.467179e+00   1.647509e+00
  5333.000   1.340153e+00   1.618955e+00
  5333.500   1.468955e+00   1.697587e+00
  5334.000   1.448234e+00   1.755116e+00
  5334.500   1.344601e+00   1.761335e+00
  5335.000   1.467947e+00   1.761828e+00
  5335.500   1.470732e+00   1.776682e+00
  5336.000   1.471044e+00   1.761640e+00
  5336.500   1.448448e+00   1.711964e+00
  5337.000   1.470376e+00   1.695883e+00
  5337.500   1.458181e+00   1.717687e+00
  5338.000   1.446164e+00   1.732142e+00
  5338.500   1.465144e+00   1.741599e+00
  5339.000   1.468796e+00   1.708869e+00
  5339.500   1.467590e+00   1.598938e+00
  5340.000   1.431914e+00   1.499017e+00
  5340.500   1.464403e+00   1.481765e+00
  5341.000   1.390182e+00   1.480072e+00
  5341.500   8.729191e-01   1.594826e+00
  5342.000   1.382672e+00   1.711427e+00
  5342.500   3.099113e-01   1.726277e+00
  5343.000   1.431462e+00   1.698136e+00
  5343.500   1.459610e+00   1.692931e+00
  5344.000   1.463736e+00   1.732429e+00
  5344.500   1.461110e+00   1.751114e+00
  5345.000   1.273304e+00   1.724111e+00
  5345.500   1.466516e+00   1.643628e+00
  5346.000   1.413917e+00   1.612873e+00
  5346.500   1.467255e+00   1.677769e+00
  5347.000   1.427123e+00   1.730727e+00
  5347.500   1.388270e+00   1.726305e+00
  5348.000   1.293952e+00   1.661136e+00
  5348.500   1.444679e+00   1.619060e+00
  5349.000   1.420779e+00   1.604844e+00
  5349.500   1.434351e+00   1.567040e+00
  5350.000   1.431113e+00   1.621431e+00
  5350.500   1.456527e+00   1.708117e+00
  5351.000   7.661441e-01   1.744668e+00
  5351.500   1.441229e+00   1.749969e+00
  5352.000   1.456005e+00   1.739054e+00
  5352.500   1.394373e+00   1.722165e+00
  5353.000   1.459545e+00   1.668510e+00
  5353.500   1.228446e+00   1.639568e+00
  5354.000   1.456456e+00   1.703224e+00
  5354.500   1.437430e+00   1.756266e+00
  5355.000   1.057504e+00   1.769876e+00
  5355.500   1.454074e+00   1.768049e+00
  5356.000   1.453547e+00   1.767425e+00
  5356.500   1.453000e+00   1.768759e+00
  5357.000   1.448760e+00   1.766325e+00
  5357.500   1.450791e+00   1.764253e+00
  5358.000   1.453210e+00   1.761848e+00
  5358.500   1.434835e+00   1.760264e+00
  5359.000   1.449632e+00   1.756728e+00
  5359.500   1.451450e+00   1.757641e+00
  5360.000   1.455418e+00   1.764952e+00
  5360.500   1.447366e+00   1.763959e+00
  5361.000   1.429188e+00   1.738870e+00
  5361.500   1.452035e+00   1.699984e+00
  5362.000   1.455501e+00   1.682080e+00
  5362.500   1.453973e+00   1.643953e+00
  5363.000   1.307516e+00   1.639037e+00
  5363.500   1.458566e+00   1.700345e+00
  5364.000   1.459240e+00   1.699023e+00
  5364.500   1.409267e+00   1.600991e+00
  5365.000   1.459833e+00   1.520369e+00
  5365.500   1.457617e+00   1.575981e+00
  5366.000   1.425079e+00   1.673665e+00
  5366.500   1.249776e+00   1.688197e+00
  5367.000   1.351774e+00   1.612692e+00
  5367.500   1.456457e+00   1.553803e+00
  5368.000   1.444364e+00   1.618428e+00
  5368.500   1.418925e+00   1.678289e+00
  5369.000   4.843480e-01   1.647279e+00
  5369.500   1.434304e+00   1.525463e+00
  5370.000   1.371615e+00   1.450539e+00
  5370.500   1.441680e+00   1.486016e+00
  5371.000   1.295756e+00   1.428428e+00
  5371.500   4.802388e-01   1.352597e+00
  5372.000   1.407712e+00   1.488785e+00
  5372.500   1.361852e+00   1.651423e+00
  5373.000   1.784769e-01   1.699545e+00
  5373.500   1.361745e+00   1.675692e+00
  5374.000   1.433295e+00   1.681604e+00
  5374.500   1.445181e+00   1.722776e+00
  5375.000   1.440047e+00   1.743260e+00
  5375.500   1.443682e+00   1.746141e+00
  5376.000   1.448075e+00   1.739116e+00
  5376.500   1.449781e+00   1.720570e+00
  5377.000   1.449773e+00   1.691120e+00
  5377.500   1.438085e+00   1.665683e+00
  5378.000   1.432802e+00   1.682020e+00
  5378.500   1.420833e+00   1.711678e+00
  5379.000   1.387100e+00   1.697632e+00
  5379.500   1.423600e+00   1.657580e+00
  5380.000   1.445607e+00   1.650836e+00
  5380.500   1.440900e+00   1.644286e+00
  5381.000   1.248336e+00   1.636641e+00
  5381.500   1.445534e+00   1.666113e+00
  5382.000   1.432793e+00   1.674835e+00
  5382.500   7.930540e-01   1.629908e+00
  5383.000   1.439573e+00   1.529597e+00
  5383.500   1.434530e+00   1.495797e+00
  5384.000   1.433171e+00   1.608178e+00
  5384.500   1.357459e+00   1.702008e+00
  5385.000   1.080743e+00   1.730792e+00
  5385.500   1.417165e+00   1.725189e+00
  5386.000   1.444700e+00   1.701536e+00
  5386.500   1.447946e+00   1.680295e+00
  5387.000   1.439990e+00   1.675627e+00
  5387.500   1.447134e+00   1.683579e+00
  5388.000   1.445127e+00   1.698869e+00
  5388.500   1.224095e+00   1.694088e+00
  5389.000   1.174687e+00   1.650841e+00
  5389.500   1.444193e+00   1.601692e+00
  5390.000   1.382626e+00   1.615536e+00
  5390.500   1.451223e+00   1.631247e+00
  5391.000   5.828816e-01   1.608812e+00
  5391.500   1.360915e+00   1.577482e+00
  5392.000   1.133616e+00   1.606574e+00
  5392.500   1.445489e+00   1.601839e+00
  5393.000   8.559545e-01   1.535617e+00
  5393.500   1.385995e+00   1.556923e+00
  5394.000   1.442883e+00   1.623602e+00
  5394.500   1.290533e+00   1.619489e+00
  5395.000   1.393718e+00   1.630400e+00
  5395.500   1.443028e+00   1.670318e+00
  5396.000   1.445259e+00   1.659451e+00
  5396.500   1.448047e+00   1.555962e+00
  5397.000   1.425440e+00   1.423508e+00
  5397.500   1.429667e+00   1.443512e+00
  5398.000   1.410102e+00   1.539717e+00
  5398.500   1.024464e+00   1.606953e+00
  5399.000   1.378234e+00   1.649678e+00
  5399.500   1.433092e+00   1.638254e+00
  5400.000   1.439690e+00   1.585802e+00
  5400.500   1.435114e+00   1.529780e+00
  5401.000   1.092467e+00   1.573032e+00
  5401.500   1.439936e+00   1.640131e+00
  5402.000   4.777132e-01   1.673776e+00
  5402.500   1.438286e+00   1.681162e+00
  5403.000   1.432723e+00   1.642571e+00
  5403.500   1.355766e+00   1.514419e+00
  5404.000   1.435584e+00   1.371618e+00
  5404.500   1.440020e+00   1.389101e+00
  5405.000   1.406215e+00   1.422163e+00
  5405.500   1.074534e+00   1.352308e+00
  5406.000   1.299923e+00   1.372105e+00
  5406.500   1.261663e+00   1.496689e+00
  5407.000   1.284761e+00   1.558499e+00
  5407.500   1.195461e+00   1.583976e+00
  5408.000   1.409084e+00   1.636433e+00
  5408.500   1.434233e+00   1.645704e+00
  5409.000   1.045273e+00   1.574682e+00
  5409.500   1.439027e+00   1.486335e+00
  5410.000   1.439867e+00   1.469826e+00
  5410.500   1.413001e+00   1.480932e+00
  5411.000   1.418965e+00   1.481619e+00
  5411.500   1.377508e+00   1.577107e+00
  5412.000   1.391803e+00   1.664012e+00
  5412.500   9.491997e-01   1.676309e+00
  5413.000   1.431562e+00   1.657685e+00
  5413.500   1.424036e+00   1.642603e+00
  5414.000   1.434892e+00   1.625942e+00
  5414.500   1.416203e+00   1.579273e+00
  5415.000   1.433952e+00   1.491373e+00
  5415.500   1.366531e+00   1.515784e+00
  5416.000   1.433333e+00   1.629426e+00
  5416.500   1.274726e+00   1.678405e+00
  5417.000   1.349190e+00   1.676779e+00
  5417.500   1.439085e+00   1.682005e+00
  5418.000   1.447126e+00   1.675097e+00
  5418.500   1.198662e+00   1.650326e+00
  5419.000   1.448879e+00   1.648143e+00
  5419.500   1.406371e+00   1.657689e+00
  5420.000   1.446274e+00   1.615826e+00
  5420.500   1.437660e+00   1.569091e+00
  5421.000   1.448190e+00   1.573436e+00
  5421.500   1.443558e+00   1.609644e+00
  5422.000   1.342116e+00   1.650376e+00
  5422.500   1.318559e+00   1.672658e+00
  5423.000   1.417251e+00   1.644824e+00
  5423.500   1.426769e+00   1.527876e+00
  5424.000   1.408024e+00   1.397956e+00
  5424.500   1.439604e+00   1.426547e+00
  5425.000   1.361424e+00   1.540803e+00
  5425.500   7.485452e-01   1.630130e+00
  5426.000   1.304543e+00   1.683307e+00
  5426.500   1.432697e+00   1.703113e+00
  5427.000   1.439788e+00   1.709390e+00
  5427.500   1.443942e+00   1.708093e+00
  5428.000   1.444255e+00   1.694630e+00
  5428.500   1.435501e+00   1.642268e+00
  5429.000   1.443985e+00   1.501863e+00
  5429.500   1.443539e+00   1.328573e+00
  5430.000   1.442088e+00   1.369835e+00
  5430.500   1.418253e+00   1.555945e+00
  5431.000   6.845498e-01   1.662725e+00
  5431.500   1.303268e+00   1.683147e+00
  5432.000   1.415636e+00   1.646513e+00
  5432.500   1.431104e+00   1.574712e+00
  5433.000   1.416853e+00   1.549075e+00
  5433.500   1.440093e+00   1.570586e+00
  5434.000   1.091040e+00   1.521826e+00
  5434.500   8.479661e-01   1.445771e+00
  5435.000   1.414648e+00   1.497541e+00
  5435.500   1.420954e+00   1.554371e+00
  5436.000   3.617259e-01   1.542810e+00
  5436.500   1.379743e+00   1.545284e+00
  5437.000   1.431577e+00   1.591811e+00
  5437.500   1.408897e+00   1.646404e+00
  5438.000   1.389739e+00   1.678282e+00
  5438.500   1.393271e+00   1.689543e+00
  5439.000   1.436399e+00   1.694553e+00
  5439.500   1.424185e+00   1.695956e+00
  5440.000   1.426836e+00   1.692987e+00
  5440.500   1.429227e+00   1.681158e+00
  5441.000   1.437975e+00   1.660948e+00
  5441.500   1.436485e+00   1.656585e+00
  5442.000   1.430439e+00   1.671744e+00
  5442.500   1.412993e+00   1.680139e+00
  5443.000   1.424607e+00   1.684829e+00
  5443.500   1.438470e+00   1.681632e+00
  5444.000   1.412407e+00   1.655683e+00
  5444.500   1.418795e+00   1.582938e+00
  5445.000   1.427128e+00   1.518009e+00
  5445.500   1.438094e+00   1.542880e+00
  5446.000   1.409942e+00   1.519009e+00
  5446.500   8.175346e-01   1.375777e+00
  5447.000   1.409981e+00   1.339507e+00
  5447.500   1.411729e+00   1.498112e+00
  5448.000   1.214086e+00   1.623257e+00
  5448.500   4.715800e-01   1.667527e+00
  5449.000   1.382964e+00   1.688332e+00
  5449.500   1.424849e+00   1.698581e+00
  5450.000   1.407899e+00   1.699190e+00
  5450.500   1.435061e+00   1.691365e+00
  5451.000   1.439569e+00   1.684743e+00
  5451.500   1.435298e+00   1.681998e+00
  5452.000   1.439890e+00   1.672926e+00
  5452.500   1.423751e+00   1.666844e+00
  5453.000   1.440450e+00   1.663193e+00
  5453.500   1.386680e+00   1.663534e+00
  5454.000   1.441060e+00   1.653506e+00
  5454.500   1.430256e+00   1.603754e+00
  5455.000   1.440350e+00   1.467199e+00
  5455.500   1.322476e+00   1.336384e+00
  5456.000   1.416768e+00   1.430562e+00
  5456.500   1.414158e+00   1.591417e+00
  5457.000   3.879527e-01   1.667142e+00
  5457.500   1.371077e+00   1.692057e+00
  5458.000   1.357035e+00   1.704522e+00
  5458.500   1.438343e+00   1.708786e+00
  5459.000   1.371346e+00   1.706316e+00
  5459.500   1.442091e+00   1.701611e+00
  5460.000   1.441792e+00   1.690551e+00
  5460.500   1.441075e+00   1.675358e+00
  5461.000   1.439701e+00   1.666613e+00
  5461.500   1.440204e+00   1.651478e+00
  5462.000   1.313606e+00   1.610252e+00
  5462.500   1.436577e+00   1.508780e+00
  5463.000   1.347985e+00   1.415573e+00
  5463.500   1.439408e+00   1.458954e+00
  5464.000   9.476195e-01   1.562058e+00
  5464.500   5.396415e-01   1.633854e+00
  5465.000   1.367830e+00   1.676476e+00
  5465.500   1.310950e+00   1.671339e+00
  5466.000   1.435232e+00   1.617876e+00
  5466.500   1.438264e+00   1.574692e+00
  5467.000   1.436263e+00   1.601564e+00
  5467.500   1.418004e+00   1.647765e+00
  5468.000   1.182654e+00   1.670938e+00
  5468.500   9.901902e-01   1.681846e+00
  5469.000   1.423416e+00   1.682977e+00
  5469.500   1.433990e+00   1.666492e+00
  5470.000   1.424785e+00   1.632150e+00
  5470.500   1.437667e+00   1.608299e+00
  5471.000   1.414992e+00   1.636541e+00
  5471.500   1.414483e+00   1.675887e+00
  5472.000   1.367054e+00   1.675146e+00
  5472.500   1.438265e+00   1.636274e+00
  5473.000   1.439036e+00   1.601938e+00
  5473.500   1.431364e+00   1.574975e+00
  5474.000   1.421538e+00   1.575254e+00
  5474.500   1.435674e+00   1.636857e+00
  5475.000   1.410715e+00   1.674791e+00
  5475.500   1.148248e+00   1.631185e+00
  5476.000   1.403725e+00   1.481919e+00
  5476.500   1.440410e+00   1.319688e+00
  5477.000   1.411637e+00   1.341675e+00
  5477.500   1.427218e+00   1.494163e+00
  5478.000   1.115593e+00   1.589734e+00
  5478.500   6.918250e-01   1.631624e+00
  5479.000   1.368190e+00   1.673580e+00
  5479.500   1.435376e+00   1.693241e+00
  5480.000   1.066736e+00   1.667616e+00
  5480.500   1.430671e+00   1.583777e+00
  5481.000   1.428979e+00   1.493961e+00
  5481.500   1.421035e+00   1.504817e+00
  5482.000   1.330938e+00   1.590951e+00
  5482.500   1.384866e+00   1.624885e+00
  5483.000   9.599414e-01   1.593356e+00
  5483.500   1.387276e+00   1.598367e+00
  5484.000   1.423788e+00   1.653584e+00
  5484.500   1.414735e+00   1.690323e+00
  5485.000   1.396036e+00   1.700361e+00
  5485.500   1.382823e+00   1.696983e+00
  5486.000   1.433763e+00   1.689156e+00
  5486.500   1.429467e+00   1.658750e+00
  5487.000   1.419908e+00   1.584300e+00
  5487.500   1.431666e+00   1.509851e+00
  5488.000   1.423808e+00   1.524833e+00
  5488.500   1.371450e+00   1.599933e+00
  5489.000   1.210943e+00   1.639244e+00
  5489.500   1.366080e+00   1.642273e+00
  5490.000   1.409789e+00   1.634242e+00
  5490.500   1.259906e+00   1.642860e+00
  5491.000   1.422888e+00   1.664863e+00
  5491.500   1.413191e+00   1.677804e+00
  5492.000   1.421056e+00   1.675066e+00
  5492.500   1.420366e+00   1.659857e+00
  5493.000   1.430569e+00   1.618985e+00
  5493.500   1.427178e+00   1.582761e+00
  5494.000   1.431165e+00   1.589464e+00
  5494.500   1.401241e+00   1.613996e+00
  5495.000   1.017873e+00   1.647089e+00
  5495.500   1.351960e+00   1.676514e+00
  5496.000   1.076766e+00   1.680338e+00
  5496.500   1.402436e+00   1.650791e+00
  5497.000   1.432659e+00   1.579835e+00
  5497.500   1.430334e+00   1.525085e+00
  5498.000   1.396260e+00   1.585568e+00
  5498.500   1.425311e+00   1.659401e+00
  5499.000   5.867111e-01   1.684869e+00
  5499.500   1.418646e+00   1.690875e+00
  5500.000   1.428670e+00   1.689849e+00
  5500.500   1.417446e+00   1.662923e+00
  5501.000   1.425142e+00   1.588236e+00
  5501.500   1.437048e+00   1.523027e+00
  5502.000   1.437153e+00   1.556714e+00
  5502.500   1.416277e+00   1.589719e+00
  5503.000   3.321730e-01   1.574680e+00
  5503.500   1.404412e+00   1.589794e+00
  5504.000   1.437769e+00   1.623296e+00
  5504.500   1.210073e+00   1.651317e+00
  5505.000   1.354119e+00   1.659214e+00
  5505.500   1.388787e+00   1.619793e+00
  5506.000   1.393932e+00   1.556349e+00
  5506.500   1.438640e+00   1.505952e+00
  5507.000   1.434267e+00   1.527126e+00
  5507.500   1.291736e+00   1.611142e+00
  5508.000   1.365399e+00   1.644965e+00
  5508.500   1.377830e+00   1.639625e+00
  5509.000   1.437429e+00   1.635127e+00
  5509.500   1.437275e+00   1.608997e+00
  5510.000   1.337452e+00   1.581332e+00
  5510.500   1.436232e+00   1.594901e+00
  5511.000   1.387836e+00   1.620837e+00
  5511.500   1.079479e+00   1.610972e+00
  5512.000   1.428623e+00   1.538632e+00
  5512.500   1.432791e+00   1.466913e+00
  5513.000   1.411936e+00   1.481874e+00
  5513.500   1.405615e+00   1.552753e+00
  5514.000   1.142113e+00   1.566559e+00
  5514.500   5.834468e-01   1.547176e+00
  5515.000   1.420157e+00   1.581499e+00
  5515.500   1.429014e+00   1.619254e+00
  5516.000   1.252494e+00   1.618624e+00
  5516.500   1.381526e+00   1.587245e+00
  5517.000   1.412322e+00   1.575752e+00
  5517.500   1.417610e+00   1.604702e+00
  5518.000   1.371096e+00   1.632394e+00
  5518.500   1.400315e+00   1.641249e+00
  5519.000   1.371161e+00   1.632927e+00
  5519.500   1.423474e+00   1.617085e+00
  5520.000   1.411785e+00   1.617635e+00
  5520.500   1.424867e+00   1.621065e+00
  5521.000   1.381307e+00   1.616081e+00
  5521.500   1.407972e+00   1.613809e+00
  5522.000   1.349769e+00   1.603824e+00
  5522.500   1.333267e+00   1.593061e+00
  5523.000   1.400476e+00   1.607458e+00
  5523.500   1.426249e+00   1.617841e+00
  5524.000   9.118976e-01   1.619014e+00
  5524.500   1.426426e+00   1.612427e+00
  5525.000   1.421737e+00   1.583611e+00
  5525.500   1.317786e+00   1.554024e+00
  5526.000   1.406573e+00   1.556909e+00
  5526.500   1.386890e+00   1.541828e+00
  5527.000   1.279636e+00   1.522638e+00
  5527.500   1.423596e+00   1.491286e+00
  5528.000   1.422867e+00   1.369402e+00
  5528.500   1.387261e+00   1.299748e+00
  5529.000   1.400093e+00   1.413131e+00
  5529.500   1.321435e+00   1.541672e+00
  5530.000   4.144617e-01   1.594496e+00
  5530.500   1.314745e+00   1.601285e+00
  5531.000   1.402981e+00   1.606084e+00
  5531.500   1.373473e+00   1.605901e+00
  5532.000   1.308131e+00   1.583459e+00
  5532.500   1.408033e+00   1.557042e+00
  5533.000   1.424983e+00   1.562232e+00
  5533.500   1.232959e+00   1.594683e+00
  5534.000   1.412731e+00   1.593294e+00
  5534.500   1.386880e+00   1.538813e+00
  5535.000   1.408115e+00   1.476435e+00
  5535.500   1.426369e+00   1.474512e+00
  5536.000   1.420055e+00   1.539544e+00
  5536.500   1.375561e+00   1.591316e+00
  5537.000   8.452316e-01   1.604257e+00
  5537.500   1.424707e+00   1.586969e+00
  5538.000   1.407993e+00   1.566824e+00
  5538.500   1.428222e+00   1.562222e+00
  5539.000   1.428075e+00   1.573591e+00
  5539.500   1.419586e+00   1.586789e+00
  5540.000   1.219887e+00   1.596811e+00
  5540.500   1.416591e+00   1.603901e+00
  5541.000   1.419596e+00   1.613238e+00
  5541.500   1.390677e+00   1.621063e+00
  5542.000   1.376215e+00   1.615266e+00
  5542.500   1.403383e+00   1.583801e+00
  5543.000   1.425369e+00   1.527490e+00
  5543.500   1.417683e+00   1.499837e+00
  5544.000   1.417401e+00   1.515507e+00
  5544.500   1.396210e+00   1.562570e+00
  5545.000   1.415054e+00   1.595509e+00
  5545.500   7.521356e-01   1.594961e+00
  5546.000   1.421464e+00   1.563205e+00
  5546.500   1.418197e+00   1.529273e+00
  5547.000   1.414104e+00   1.543110e+00
  5547.500   1.343831e+00   1.583919e+00
  5548.000   1.085870e+00   1.608005e+00
  5548.500   1.186176e+00   1.616075e+00
  5549.000   1.422907e+00   1.615743e+00
  5549.500   1.416842e+00   1.606910e+00
  5550.000   1.401824e+00   1.606023e+00
  5550.500   1.424634e+00   1.615675e+00
  5551.000   1.420323e+00   1.617713e+00
  5551.500   1.282349e+00   1.609057e+00
  5552.000   1.425426e+00   1.600421e+00
  5552.500   1.417492e+00   1.593941e+00
  5553.000   1.415623e+00   1.571902e+00
  5553.500   1.330089e+00   1.540451e+00
  5554.000   1.421321e+00   1.535370e+00
  5554.500   1.426456e+00   1.513359e+00
  5555.000   1.404226e+00   1.499368e+00
  5555.500   1.416782e+00   1.551713e+00
  5556.000   1.418761e+00   1.597329e+00
  5556.500   9.899053e-01   1.607560e+00
  5557.000   1.398479e+00   1.591862e+00
  5557.500   1.426702e+00   1.560070e+00
  5558.000   1.416900e+00   1.542462e+00
  5558.500   1.356875e+00   1.570677e+00
  5559.000   1.384087e+00   1.590967e+00
  5559.500   9.025120e-01   1.579972e+00
  5560.000   1.426347e+00   1.554444e+00
  5560.500   1.417763e+00   1.561471e+00
  5561.000   1.426789e+00   1.584378e+00
  5561.500   1.413179e+00   1.582755e+00
  5562.000   1.424486e+00   1.556462e+00
  5562.500   1.422502e+00   1.513462e+00
  5563.000   1.406555e+00   1.487922e+00
  5563.500   1.406765e+00   1.479752e+00
  5564.000   1.379433e+00   1.524866e+00
  5564.500   1.409777e+00   1.576063e+00
  5565.000   1.393706e+00   1.554692e+00
  5565.500   1.425530e+00   1.486756e+00
  5566.000   1.428977e+00   1.483538e+00
  5566.500   1.418242e+00   1.528678e+00
  5567.000   1.215080e+00   1.527888e+00
  5567.500   1.368765e+00   1.523425e+00
  5568.000   1.417084e+00   1.558866e+00
  5568.500   1.421540e+00   1.562414e+00
  5569.000   1.108911e+00   1.494564e+00
  5569.500   1.424804e+00   1.410541e+00
  5570.000   1.423784e+00   1.446332e+00
  5570.500   1.401236e+00   1.540904e+00
  5571.000   1.217286e+00   1.589200e+00
  5571.500   1.364845e+00   1.583597e+00
  5572.000   1.382072e+00   1.510409e+00
  5572.500   1.418226e+00   1.369537e+00
  5573.000   1.406861e+00   1.313895e+00
  5573.500   1.408120e+00   1.431472e+00
  5574.000   1.332408e+00   1.543642e+00
  5574.500   8.756257e-01   1.583607e+00
  5575.000   1.380378e+00   1.573696e+00
  5575.500   1.407138e+00   1.516682e+00
  5576.000   1.396815e+00   1.451467e+00
  5576.500   1.394230e+00   1.480997e+00
  5577.000   1.403996e+00   1.545418e+00
  5577.500   1.266299e+00   1.574618e+00
  5578.000   1.389395e+00   1.566810e+00
  5578.500   1.375154e+00   1.532270e+00
  5579.000   1.398714e+00   1.528042e+00
  5579.500   1.407719e+00   1.558833e+00
  5580.000   1.391838e+00   1.582271e+00
  5580.500   1.399993e+00   1.588114e+00
  5581.000   1.383345e+00   1.571596e+00
  5581.500   1.397122e+00   1.518655e+00
  5582.000   1.371499e+00   1.477898e+00
  5582.500   1.408850e+00   1.519057e+00
  5583.000   1.404929e+00   1.567808e+00
  5583.500   5.188313e-01   1.581465e+00
  5584.000   1.393735e+00   1.567664e+00
  5584.500   1.374027e+00   1.538689e+00
  5585.000   1.404275e+00   1.526044e+00
  5585.500   1.352694e+00   1.522684e+00
  5586.000   1.382187e+00   1.455358e+00
  5586.500   1.377469e+00   1.322270e+00
  5587.000   1.390421e+00   1.286830e+00
  5587.500   1.388215e+00   1.351326e+00
  5588.000   1.266863e+00   1.382005e+00
  5588.500   1.086417e+00   1.359914e+00
  5589.000   1.366871e+00   1.365538e+00
  5589.500   1.280002e+00   1.415961e+00
  5590.000   1.369338e+00   1.434035e+00
  5590.500   1.276617e+00   1.482371e+00
  5591.000   1.355612e+00   1.536900e+00
  5591.500   1.362687e+00   1.537688e+00
  5592.000   1.404142e+00   1.493951e+00
  5592.500   1.399432e+00   1.495091e+00
  5593.000   1.403043e+00   1.530388e+00
  5593.500   1.398482e+00   1.503775e+00
  5594.000   1.362138e+00   1.420560e+00
  5594.500   1.413347e+00   1.365817e+00
  5595.000   1.404487e+00   1.447837e+00
  5595.500   1.408684e+00   1.551583e+00
  5596.000   3.616667e-01   1.592500e+00
  5596.500   1.409143e+00   1.600778e+00
  5597.000   1.419565e+00   1.590643e+00
  5597.500   1.416412e+00   1.541152e+00
  5598.000   1.419522e+00   1.428169e+00
  5598.500   1.418714e+00   1.368677e+00
  5599.000   1.413788e+00   1.457745e+00
  5599.500   1.409532e+00   1.520563e+00
  5600.000   5.241164e-01   1.500573e+00
  5600.500   1.398456e+00   1.467841e+00
  5601.000   1.415497e+00   1.422871e+00
  5601.500   1.336423e+00   1.417420e+00
  5602.000   1.409652e+00   1.435038e+00
  5602.500   1.339679e+00   1.360210e+00
  5603.000   1.279444e+00   1.320995e+00
  5603.500   1.381433e+00   1.429944e+00
  5604.000   1.392780e+00   1.530809e+00
  5604.500   3.992573e-01   1.575574e+00
  5605.000   1.398855e+00   1.586076e+00
  5605.500   1.400859e+00   1.585670e+00
  5606.000   1.407592e+00   1.585405e+00
  5606.500   1.374766e+00   1.586214e+00
  5607.000   1.406079e+00   1.580901e+00
  5607.500   1.371129e+00   1.572227e+00
  5608.000   1.407638e+00   1.571859e+00
  5608.500   1.394580e+00   1.575627e+00
  5609.000   1.405084e+00   1.575774e+00
  5609.500   1.407929e+00   1.576028e+00
  5610.000   1.408085e+00   1.575184e+00
  5610.500   1.314826e+00   1.578470e+00
  5611.000   1.408774e+00   1.580057e+00
  5611.500   1.349893e+00   1.578505e+00
  5612.000   1.394257e+00   1.580836e+00
  5612.500   1.408227e+00   1.584083e+00
  5613.000   1.394344e+00   1.584974e+00
  5613.500   1.407164e+00   1.573118e+00
  5614.000   1.395202e+00   1.532365e+00
  5614.500   1.406393e+00   1.441825e+00
  5615.000   1.405867e+00   1.295001e+00
  5615.500   1.403329e+00   1.183499e+00
  5616.000   1.371007e+00   1.272688e+00
  5616.500   1.345085e+00   1.435880e+00
  5617.000   1.020572e+00   1.508073e+00
  5617.500   1.192416e+00   1.532825e+00
  5618.000   1.381000e+00   1.537505e+00
  5618.500   1.389552e+00   1.518400e+00
  5619.000   1.399815e+00   1.514444e+00
  5619.500   1.382027e+00   1.515105e+00
  5620.000   1.399372e+00   1.514714e+00
  5620.500   1.409063e+00   1.522959e+00
  5621.000   1.400065e+00   1.547287e+00
  5621.500   1.401645e+00   1.564923e+00
  5622.000   1.121779e+00   1.574001e+00
  5622.500   1.411736e+00   1.575499e+00
  5623.000   1.400141e+00   1.563389e+00
  5623.500   1.412157e+00   1.516930e+00
  5624.000   1.412144e+00   1.422262e+00
  5624.500   1.313077e+00   1.358903e+00
  5625.000   1.410944e+00   1.397212e+00
  5625.500   1.299610e+00   1.462670e+00
  5626.000   1.098142e+00   1.521286e+00
  5626.500   1.369552e+00   1.554587e+00
  5627.000   1.369154e+00   1.554269e+00
  5627.500   1.390567e+00   1.539763e+00
  5628.000   1.409273e+00   1.536626e+00
  5628.500   1.396616e+00   1.545595e+00
  5629.000   1.359129e+00   1.564604e+00
  5629.500   1.399152e+00   1.580093e+00
  5630.000   1.388435e+00   1.584707e+00
  5630.500   1.408823e+00   1.584280e+00
  5631.000   1.409229e+00   1.579864e+00
  5631.500   1.409260e+00   1.571678e+00
  5632.000   1.409348e+00   1.569114e+00
  5632.500   1.394690e+00   1.571696e+00
  5633.000   1.409590e+00   1.560127e+00
  5633.500   1.398444e+00   1.521210e+00
  5634.000   1.392338e+00   1.490596e+00
  5634.500   1.409723e+00   1.509900e+00
  5635.000   1.397909e+00   1.525969e+00
  5635.500   6.990251e-01   1.519846e+00
  5636.000   1.383599e+00   1.512759e+00
  5636.500   1.370655e+00   1.502653e+00
  5637.000   1.389008e+00   1.472319e+00
  5637.500   1.376365e+00   1.454982e+00
  5638.000   1.401534e+00   1.453127e+00
  5638.500   1.405044e+00   1.476836e+00
  5639.000   9.896983e-01   1.529925e+00
  5639.500   1.403602e+00   1.555420e+00
  5640.000   1.375173e+00   1.542043e+00
  5640.500   1.405044e+00   1.502566e+00
  5641.000   1.402900e+00   1.453208e+00
  5641.500   1.405954e+00   1.439702e+00
  5642.000   1.387385e+00   1.479756e+00
  5642.500   1.133831e+00   1.515590e+00
  5643.000   7.042204e-01   1.525844e+00
  5643.500   1.243245e+00   1.516321e+00
  5644.000   1.374928e+00   1.497850e+00
  5644.500   1.401240e+00   1.514509e+00
  5645.000   1.405494e+00   1.528849e+00
  5645.500   1.214288e+00   1.517526e+00
  5646.000   1.399040e+00   1.525226e+00
  5646.500   1.388958e+00   1.545959e+00
  5647.000   1.391496e+00   1.553625e+00
  5647.500   1.390799e+00   1.557616e+00
  5648.000   1.405039e+00   1.557753e+00
  5648.500   1.404995e+00   1.546813e+00
  5649.000   1.404966e+00   1.523060e+00
  5649.500   1.391745e+00   1.486144e+00
  5650.000   1.402266e+00   1.469738e+00
  5650.500   1.403776e+00   1.484411e+00
  5651.000   1.356406e+00   1.509457e+00
  5651.500   1.203038e+00   1.528414e+00
  5652.000   1.367842e+00   1.534180e+00
  5652.500   1.401477e+00   1.540485e+00
  5653.000   1.250012e+00   1.545758e+00
  5653.500   1.402136e+00   1.520450e+00
  5654.000   1.382284e+00   1.477398e+00
  5654.500   1.403426e+00   1.436403e+00
  5655.000   1.397218e+00   1.396674e+00
  5655.500   1.230163e+00   1.413782e+00
  5656.000   1.252247e+00   1.495917e+00
  5656.500   1.171761e+00   1.548896e+00
  5657.000   1.038651e+00   1.540527e+00
  5657.500   1.402450e+00   1.468313e+00
  5658.000   1.404944e+00   1.351686e+00
  5658.500   1.401687e+00   1.256468e+00
  5659.000   1.337541e+00   1.301916e+00
  5659.500   9.788262e-01   1.434488e+00
  5660.000   1.249861e+00   1.503999e+00
  5660.500   1.117344e+00   1.505518e+00
  5661.000   1.387124e+00   1.497743e+00
  5661.500   1.404847e+00   1.490839e+00
  5662.000   1.358709e+00   1.444816e+00
  5662.500   1.387128e+00   1.391988e+00
  5663.000   1.350471e+00   1.422127e+00
  5663.500   1.372738e+00   1.481102e+00
  5664.000   1.152806e+00   1.506495e+00
  5664.500   8.069135e-01   1.529284e+00
  5665.000   1.400914e+00   1.534750e+00
  5665.500   1.245180e+00   1.521484e+00
  5666.000   1.404555e+00   1.519511e+00
  5666.500   1.405162e+00   1.500058e+00
  5667.000   1.375134e+00   1.464568e+00
  5667.500   1.404468e+00   1.463591e+00
  5668.000   1.401959e+00   1.502458e+00
  5668.500   1.389932e+00   1.518609e+00
  5669.000   1.256546e+00   1.506376e+00
  5669.500   1.401698e+00   1.502610e+00
  5670.000   1.366545e+00   1.513216e+00
  5670.500   1.327114e+00   1.529261e+00
  5671.000   1.402046e+00   1.534875e+00
  5671.500   1.207892e+00   1.538422e+00
  5672.000   1.403073e+00   1.547559e+00
  5672.500   1.331497e+00   1.560643e+00
  5673.000   1.359693e+00   1.566659e+00
  5673.500   1.384793e+00   1.567073e+00
  5674.000   1.403150e+00   1.561563e+00
  5674.500   1.403150e+00   1.540165e+00
  5675.000   1.378821e+00   1.495518e+00
  5675.500   1.403335e+00   1.469875e+00
  5676.000   1.402393e+00   1.506039e+00
  5676.500   1.386934e+00   1.547195e+00
  5677.000   8.528074e-01   1.562837e+00
  5677.500   1.382443e+00   1.560929e+00
  5678.000   1.397822e+00   1.548127e+00
  5678.500   1.395645e+00   1.518981e+00
  5679.000   1.405092e+00   1.494787e+00
  5679.500   1.405382e+00   1.515033e+00
  5680.000   1.367979e+00   1.539583e+00
  5680.500   1.309053e+00   1.550021e+00
  5681.000   1.405118e+00   1.546697e+00
  5681.500   1.335603e+00   1.514955e+00
  5682.000   1.405455e+00   1.440176e+00
  5682.500   1.405732e+00   1.383463e+00
  5683.000   1.401660e+00   1.426825e+00
  5683.500   1.399776e+00   1.480678e+00
  5684.000   1.330549e+00   1.467828e+00
  5684.500   1.378800e+00   1.458718e+00
  5685.000   1.367799e+00   1.502403e+00
  5685.500   1.404366e+00   1.518276e+00
  5686.000   1.095274e+00   1.473084e+00
  5686.500   1.404225e+00   1.434850e+00
  5687.000   1.404071e+00   1.462406e+00
  5687.500   1.398271e+00   1.464110e+00
  5688.000   1.256208e+00   1.407159e+00
  5688.500   1.383695e+00   1.413399e+00
  5689.000   1.371326e+00   1.483647e+00
  5689.500   1.372911e+00   1.517195e+00
  5690.000   1.330599e+00   1.508767e+00
  5690.500   1.393178e+00   1.492431e+00
  5691.000   1.307083e+00   1.494909e+00
  5691.500   1.401186e+00   1.499239e+00
  5692.000   8.825457e-01   1.523039e+00
  5692.500   1.388404e+00   1.538668e+00
  5693.000   1.289513e+00   1.524559e+00
  5693.500   1.399562e+00   1.498468e+00
  5694.000   1.399168e+00   1.495570e+00
  5694.500   1.370861e+00   1.490427e+00
  5695.000   1.392836e+00   1.484021e+00
  5695.500   1.396330e+00   1.509023e+00
  5696.000   1.396765e+00   1.528477e+00
  5696.500   1.219734e+00   1.538590e+00
  5697.000   1.395485e+00   1.540939e+00
  5697.500   1.394161e+00   1.520578e+00
  5698.000   1.390015e+00   1.476063e+00
  5698.500   1.394113e+00   1.459409e+00
  5699.000   1.393712e+00   1.495116e+00
  5699.500   1.378971e+00   1.517671e+00
  5700.000   1.232658e+00   1.505316e+00
  5700.500   1.387380e+00   1.477344e+00
  5701.000   1.339388e+00   1.432568e+00
  5701.500   1.392853e+00   1.403729e+00
  5702.000   1.381393e+00   1.437198e+00
  5702.500   1.386518e+00   1.479522e+00
  5703.000   1.329047e+00   1.500947e+00
  5703.500   1.358025e+00   1.504613e+00
  5704.000   1.347953e+00   1.512570e+00
  5704.500   1.336948e+00   1.508718e+00
  5705.000   1.392007e+00   1.478117e+00
  5705.500   1.393884e+00   1.426244e+00
  5706.000   1.393853e+00   1.395150e+00
  5706.500   1.392630e+00   1.419278e+00
  5707.000   1.144954e+00   1.446003e+00
  5707.500   1.165481e+00   1.452230e+00
  5708.000   1.389722e+00   1.410072e+00
  5708.500   1.308254e+00   1.366813e+00
  5709.000   1.392477e+00   1.329165e+00
  5709.500   1.385274e+00   1.307083e+00
  5710.000   7.246878e-01   1.383372e+00
  5710.500   1.339904e+00   1.422443e+00
  5711.000   5.546392e-01   1.376932e+00
  5711.500   1.266692e+00   1.344273e+00
  5712.000   1.388778e+00   1.350974e+00
  5712.500   1.322933e+00   1.418126e+00
  5713.000   1.375837e+00   1.484803e+00
  5713.500   7.302383e-01   1.510366e+00
  5714.000   1.377131e+00   1.499422e+00
  5714.500   1.371030e+00   1.470598e+00
  5715.000   1.369189e+00   1.445196e+00
  5715.500   1.348386e+00   1.469587e+00
  5716.000   1.384639e+00   1.507628e+00
  5716.500   1.371039e+00   1.519470e+00
  5717.000   1.371198e+00   1.506693e+00
  5717.500   1.384376e+00   1.469151e+00
  5718.000   1.334090e+00   1.456033e+00
  5718.500   1.384949e+00   1.490359e+00
  5719.000   1.381067e+00   1.516219e+00
  5719.500   1.189673e+00   1.522783e+00
  5720.000   1.377166e+00   1.519990e+00
  5720.500   1.373746e+00   1.513261e+00
  5721.000   1.381007e+00   1.511821e+00
  5721.500   1.376323e+00   1.519567e+00
  5722.000   1.339179e+00   1.526724e+00
  5722.500   1.220295e+00   1.530011e+00
  5723.000   1.383528e+00   1.528568e+00
  5723.500   1.383319e+00   1.522772e+00
  5724.000   1.374669e+00   1.520495e+00
  5724.500   1.383373e+00   1.523857e+00
  5725.000   1.382923e+00   1.527972e+00
  5725.500   1.379554e+00   1.527840e+00
  5726.000   1.345643e+00   1.521942e+00
  5726.500   1.383106e+00   1.504775e+00
  5727.000   1.382849e+00   1.485174e+00
  5727.500   1.363044e+00   1.493547e+00
  5728.000   1.382830e+00   1.513326e+00
  5728.500   1.368756e+00   1.523289e+00
  5729.000   1.382489e+00   1.525399e+00
  5729.500   1.382234e+00   1.526881e+00
  5730.000   1.381816e+00   1.524101e+00
  5730.500   1.344180e+00   1.512117e+00
  5731.000   1.381524e+00   1.485388e+00
  5731.500   1.375347e+00   1.450747e+00
  5732.000   1.381019e+00   1.447107e+00
  5732.500   1.345081e+00   1.479584e+00
  5733.000   1.371006e+00   1.507183e+00
  5733.500   1.352539e+00   1.519184e+00
  5734.000   1.361274e+00   1.519988e+00
  5734.500   1.360956e+00   1.517869e+00
  5735.000   1.379872e+00   1.517876e+00
  5735.500   1.377503e+00   1.516481e+00
  5736.000   1.378143e+00   1.516141e+00
  5736.500   1.379354e+00   1.514386e+00
  5737.000   1.378790e+00   1.509349e+00
  5737.500   1.377752e+00   1.508166e+00
  5738.000   1.378915e+00   1.505789e+00
  5738.500   1.376828e+00   1.505953e+00
  5739.000   1.369212e+00   1.509041e+00
  5739.500   1.378527e+00   1.507458e+00
  5740.000   1.377536e+00   1.508492e+00
  5740.500   1.378213e+00   1.511897e+00
  5741.000   1.351569e+00   1.506704e+00
  5741.500   1.360412e+00   1.490219e+00
  5742.000   1.377687e+00   1.482861e+00
  5742.500   1.361670e+00   1.490554e+00
  5743.000   1.369612e+00   1.491913e+00
  5743.500   1.210117e+00   1.497538e+00
  5744.000   1.376916e+00   1.508386e+00
  5744.500   1.314869e+00   1.515704e+00
  5745.000   1.322517e+00   1.518643e+00
  5745.500   1.335216e+00   1.518693e+00
  5746.000   1.376359e+00   1.514767e+00
  5746.500   1.372286e+00   1.504987e+00
  5747.000   1.376204e+00   1.481044e+00
  5747.500   1.376155e+00   1.436901e+00
  5748.000   1.335683e+00   1.416590e+00
  5748.500   1.371064e+00   1.447280e+00
  5749.000   1.359348e+00   1.484764e+00
  5749.500   1.131591e+00   1.502490e+00
  5750.000   1.194323e+00   1.509768e+00
  5750.500   1.360458e+00   1.511571e+00
  5751.000   1.361034e+00   1.503770e+00
  5751.500   1.374371e+00   1.475831e+00
  5752.000   1.374985e+00   1.439943e+00
  5752.500   1.374778e+00   1.417844e+00
  5753.000   1.374590e+00   1.377716e+00
  5753.500   1.338938e+00   1.361200e+00
  5754.000   1.373487e+00   1.374963e+00
  5754.500   1.354961e+00   1.381820e+00
  5755.000   1.303524e+00   1.423694e+00
  5755.500   1.353649e+00   1.476967e+00
  5756.000   1.192603e+00   1.494511e+00
  5756.500   1.371271e+00   1.485617e+00
  5757.000   1.365173e+00   1.483353e+00
  5757.500   1.373955e+00   1.497660e+00
  5758.000   1.373589e+00   1.505752e+00
  5758.500   1.306348e+00   1.502792e+00
  5759.000   1.373284e+00   1.491317e+00
  5759.500   1.372773e+00   1.478519e+00
  5760.000   1.372675e+00   1.463881e+00
  5760.500   1.372009e+00   1.443827e+00
  5761.000   1.366455e+00   1.442923e+00
  5761.500   1.371366e+00   1.451274e+00
  5762.000   1.249187e+00   1.425802e+00
  5762.500   1.235848e+00   1.365989e+00
  5763.000   1.361102e+00   1.344088e+00
  5763.500   1.358872e+00   1.408720e+00
  5764.000   1.020439e+00   1.471717e+00
  5764.500   1.006542e+00   1.495607e+00
  5765.000   1.339411e+00   1.502570e+00
  5765.500   1.360643e+00   1.502416e+00
  5766.000   1.364773e+00   1.497737e+00
  5766.500   1.368250e+00   1.496402e+00
  5767.000   1.368123e+00   1.500775e+00
  5767.500   1.368022e+00   1.502959e+00
  5768.000   1.338705e+00   1.502017e+00
  5768.500   1.367918e+00   1.498911e+00
  5769.000   1.367907e+00   1.493530e+00
  5769.500   1.366841e+00   1.491995e+00
  5770.000   1.362863e+00   1.495603e+00
  5770.500   1.358751e+00   1.496432e+00
  5771.000   1.342849e+00   1.489015e+00
  5771.500   1.368143e+00   1.465124e+00
  5772.000   1.363018e+00   1.437629e+00
  5772.500   1.368370e+00   1.448584e+00
  5773.000   1.363062e+00   1.477063e+00
  5773.500   1.360414e+00   1.482425e+00
  5774.000   1.329398e+00   1.468865e+00
  5774.500   1.368754e+00   1.447575e+00
  5775.000   1.361613e+00   1.430960e+00
  5775.500   1.365071e+00   1.453539e+00
  5776.000   1.348364e+00   1.485290e+00
  5776.500   1.357628e+00   1.497694e+00
  5777.000   1.368292e+00   1.500863e+00
  5777.500   1.370195e+00   1.498387e+00
  5778.000   1.370481e+00   1.487900e+00
  5778.500   1.370494e+00   1.479221e+00
  5779.000   1.371000e+00   1.482234e+00
  5779.500   1.371137e+00   1.473050e+00
  5780.000   1.273736e+00   1.432150e+00
  5780.500   1.370657e+00   1.383547e+00
  5781.000   1.371642e+00   1.381642e+00
  5781.500   1.371736e+00   1.388699e+00
  5782.000   1.089096e+00   1.376198e+00
  5782.500   1.246537e+00   1.397716e+00
  5783.000   1.370048e+00   1.422477e+00
  5783.500   1.323009e+00   1.423522e+00
  5784.000   1.355743e+00   1.414618e+00
  5784.500   1.364954e+00   1.394446e+00
  5785.000   1.369863e+00   1.360098e+00
  5785.500   9.940910e-01   1.359491e+00
  5786.000   1.356448e+00   1.406973e+00
  5786.500   1.273637e+00   1.455536e+00
  5787.000   1.299146e+00   1.469174e+00
  5787.500   1.322767e+00   1.455081e+00
  5788.000   1.369600e+00   1.444535e+00
  5788.500   1.366358e+00   1.465448e+00
  5789.000   1.369508e+00   1.485793e+00
  5789.500   9.143583e-01   1.486693e+00
  5790.000   1.290591e+00   1.468017e+00
  5790.500   1.369855e+00   1.423568e+00
  5791.000   1.369734e+00   1.387389e+00
  5791.500   1.369551e+00   1.416727e+00
  5792.000   1.369270e+00   1.456014e+00
  5792.500   1.110421e+00   1.457395e+00
  5793.000   1.362820e+00   1.436383e+00
  5793.500   1.357181e+00   1.431839e+00
  5794.000   1.368248e+00   1.444474e+00
  5794.500   1.354572e+00   1.468846e+00
  5795.000   1.356743e+00   1.484531e+00
  5795.500   1.007836e+00   1.485496e+00
  5796.000   1.361712e+00   1.479022e+00
  5796.500   1.366635e+00   1.473121e+00
  5797.000   1.366367e+00   1.459864e+00
  5797.500   1.358724e+00   1.423905e+00
  5798.000   1.354348e+00   1.397400e+00
  5798.500   1.364861e+00   1.427236e+00
  5799.000   1.344806e+00   1.467646e+00
  5799.500   1.010394e+00   1.482583e+00
  5800.000   1.360996e+00   1.484015e+00
  5800.500   1.365512e+00   1.483069e+00
  5801.000   1.365528e+00   1.482642e+00
  5801.500   1.355020e+00   1.484280e+00
  5802.000   1.364359e+00   1.487272e+00
  5802.500   1.365436e+00   1.487419e+00
  5803.000   1.364683e+00   1.481305e+00
  5803.500   1.364895e+00   1.461006e+00
  5804.000   1.365129e+00   1.428943e+00
  5804.500   1.360519e+00   1.414913e+00
  5805.000   1.364842e+00   1.415042e+00
  5805.500   1.359081e+00   1.421469e+00
  5806.000   1.278140e+00   1.429230e+00
  5806.500   1.363830e+00   1.419182e+00
  5807.000   1.355070e+00   1.426335e+00
  5807.500   1.349764e+00   1.450801e+00
  5808.000   1.359746e+00   1.460654e+00
  5808.500   1.345712e+00   1.454135e+00
  5809.000   1.363997e+00   1.431364e+00
  5809.500   1.347681e+00   1.432459e+00
  5810.000   1.362177e+00   1.457701e+00
  5810.500   1.362946e+00   1.469304e+00
  5811.000   1.338984e+00   1.470840e+00
  5811.500   1.339759e+00   1.470116e+00
  5812.000   1.359012e+00   1.469200e+00
  5812.500   1.340455e+00   1.472294e+00
  5813.000   1.364065e+00   1.473531e+00
  5813.500   1.251764e+00   1.471164e+00
  5814.000   1.356609e+00   1.464968e+00
  5814.500   1.349435e+00   1.452021e+00
  5815.000   1.361353e+00   1.438963e+00
  5815.500   1.358121e+00   1.424692e+00
  5816.000   1.363788e+00   1.388019e+00
  5816.500   1.304883e+00   1.376757e+00
  5817.000   1.362203e+00   1.417457e+00
  5817.500   1.356361e+00   1.454610e+00
  5818.000   6.722821e-01   1.472969e+00
  5818.500   1.343973e+00   1.479410e+00
  5819.000   1.351752e+00   1.479833e+00
  5819.500   1.356642e+00   1.477438e+00
  5820.000   1.362184e+00   1.475508e+00
  5820.500   1.362005e+00   1.476775e+00
  5821.000   1.361742e+00   1.477045e+00
  5821.500   1.330499e+00   1.472987e+00
  5822.000   1.361272e+00   1.468163e+00
  5822.500   1.361385e+00   1.467537e+00
  5823.000   1.361252e+00   1.469038e+00
  5823.500   1.295086e+00   1.469283e+00
  5824.000   1.337062e+00   1.469936e+00
  5824.500   1.357251e+00   1.472004e+00
  5825.000   1.355946e+00   1.473614e+00
  5825.500   1.358555e+00   1.472027e+00
  5826.000   1.333098e+00   1.470069e+00
  5826.500   1.360544e+00   1.468895e+00
  5827.000   1.360476e+00   1.464650e+00
  5827.500   1.353543e+00   1.458292e+00
  5828.000   1.359156e+00   1.459488e+00
  5828.500   1.360326e+00   1.467261e+00
  5829.000   1.316827e+00   1.472196e+00
  5829.500   1.216148e+00   1.472843e+00
  5830.000   1.360291e+00   1.470645e+00
  5830.500   1.355584e+00   1.467458e+00
  5831.000   1.360421e+00   1.458537e+00
  5831.500   1.356818e+00   1.446349e+00
  5832.000   1.360608e+00   1.451346e+00
  5832.500   1.360723e+00   1.464182e+00
  5833.000   1.360144e+00   1.467565e+00
  5833.500   1.347724e+00   1.459981e+00
  5834.000   1.359759e+00   1.450507e+00
  5834.500   1.361215e+00   1.449558e+00
  5835.000   1.356910e+00   1.446058e+00
  5835.500   1.322996e+00   1.448464e+00
  5836.000   1.361243e+00   1.461257e+00
  5836.500   1.360891e+00   1.468424e+00
  5837.000   1.303373e+00   1.465526e+00
  5837.500   1.361500e+00   1.453407e+00
  5838.000   1.362069e+00   1.439334e+00
  5838.500   1.360543e+00   1.440332e+00
  5839.000   1.362345e+00   1.455708e+00
  5839.500   1.356976e+00   1.466218e+00
  5840.000   1.134794e+00   1.471364e+00
  5840.500   1.359741e+00   1.474014e+00
  5841.000   1.361478e+00   1.474526e+00
  5841.500   1.362695e+00   1.475231e+00
  5842.000   1.363896e+00   1.475423e+00
  5842.500   1.361110e+00   1.474034e+00
  5843.000   1.364544e+00   1.472775e+00
  5843.500   1.364832e+00   1.473280e+00
  5844.000   1.352847e+00   1.472147e+00
  5844.500   1.347027e+00   1.467204e+00
  5845.000   1.365623e+00   1.462960e+00
  5845.500   1.365908e+00   1.462139e+00
  5846.000   1.366092e+00   1.459804e+00
  5846.500   1.340793e+00   1.451712e+00
  5847.000   1.356222e+00   1.442733e+00
  5847.500   1.354594e+00   1.437461e+00
  5848.000   1.361031e+00   1.428140e+00
  5848.500   1.351093e+00   1.437655e+00
  5849.000   1.366986e+00   1.454471e+00
  5849.500   1.364022e+00   1.460616e+00
  5850.000   1.363897e+00   1.464258e+00
  5850.500   1.353501e+00   1.467508e+00
  5851.000   1.366949e+00   1.464625e+00
  5851.500   1.366838e+00   1.451346e+00
  5852.000   1.360514e+00   1.428506e+00
  5852.500   1.366735e+00   1.420688e+00
  5853.000   1.365697e+00   1.414182e+00
  5853.500   1.364892e+00   1.391286e+00
  5854.000   1.349830e+00   1.401347e+00
  5854.500   1.364762e+00   1.427775e+00
  5855.000   1.350384e+00   1.431293e+00
  5855.500   1.350832e+00   1.425426e+00
  5856.000   1.351658e+00   1.411683e+00
  5856.500   1.361056e+00   1.390808e+00
  5857.000   1.360624e+00   1.325789e+00
  5857.500   1.344648e+00   1.264621e+00
  5858.000   1.356541e+00   1.314734e+00
  5858.500   1.347366e+00   1.381454e+00
  5859.000   8.164126e-01   1.386248e+00
  5859.500   1.306310e+00   1.369844e+00
  5860.000   1.350829e+00   1.395017e+00
  5860.500   1.337486e+00   1.429219e+00
  5861.000   1.335549e+00   1.435448e+00
  5861.500   1.346914e+00   1.419515e+00
  5862.000   1.353531e+00   1.377476e+00
  5862.500   1.352592e+00   1.360683e+00
  5863.000   1.351985e+00   1.400491e+00
  5863.500   1.349767e+00   1.429272e+00
  5864.000   5.619998e-01   1.435473e+00
  5864.500   1.329957e+00   1.440277e+00
  5865.000   1.344160e+00   1.444360e+00
  5865.500   1.325249e+00   1.437324e+00
  5866.000   1.327930e+00   1.412309e+00
  5866.500   1.348692e+00   1.391917e+00
  5867.000   1.348443e+00   1.400139e+00
  5867.500   1.348182e+00   1.410398e+00
  5868.000   1.224803e+00   1.424489e+00
  5868.500   1.347292e+00   1.437873e+00
  5869.000   1.345961e+00   1.441651e+00
  5869.500   1.341413e+00   1.442406e+00
  5870.000   1.347804e+00   1.445354e+00
  5870.500   1.345864e+00   1.448168e+00
  5871.000   1.345962e+00   1.448242e+00
  5871.500   1.347022e+00   1.448167e+00
  5872.000   1.350326e+00   1.447800e+00
  5872.500   1.350130e+00   1.441086e+00
  5873.000   1.338024e+00   1.429390e+00
  5873.500   1.351034e+00   1.429572e+00
  5874.000   1.352873e+00   1.441228e+00
  5874.500   1.342001e+00   1.450060e+00
  5875.000   1.349684e+00   1.451637e+00
  5875.500   1.344141e+00   1.449721e+00
  5876.000   1.355821e+00   1.447472e+00
  5876.500   1.356412e+00   1.447620e+00
  5877.000   1.352626e+00   1.447299e+00
  5877.500   1.353294e+00   1.440855e+00
  5878.000   1.349917e+00   1.439886e+00
  5878.500   1.358282e+00   1.446818e+00
  5879.000   1.353744e+00   1.445807e+00
  5879.500   1.314710e+00   1.437162e+00
  5880.000   1.359598e+00   1.432482e+00
  5880.500   1.359280e+00   1.436321e+00
  5881.000   1.352853e+00   1.438230e+00
  5881.500   1.355771e+00   1.441387e+00
  5882.000   1.354359e+00   1.450277e+00
  5882.500   1.361735e+00   1.451265e+00
  5883.000   1.327620e+00   1.434475e+00
  5883.500   1.361436e+00   1.398224e+00
  5884.000   1.362843e+00   1.388057e+00
  5884.500   1.362462e+00   1.417025e+00
  5885.000   1.359145e+00   1.436254e+00
  5885.500   9.220648e-01   1.443501e+00
  5886.000   1.348322e+00   1.446844e+00
  5886.500   1.358171e+00   1.444046e+00
  5887.000   1.316765e+00   1.436372e+00
  5887.500   1.355894e+00   1.422296e+00
  5888.000   1.352406e+00   1.393582e+00
  5888.500   1.341974e+00   1.330851e+00
  5889.000   1.338688e+00   1.196049e+00
  5889.500   1.328752e+00   9.817651e-01
  5890.000   1.305005e+00   8.670945e-01
  5890.500   1.242043e+00   1.005703e+00
  5891.000   1.073863e+00   1.200851e+00
  5891.500   2.338232e-01   1.311143e+00
  5892.000   9.148311e-01   1.343467e+00
  5892.500   1.215352e+00   1.320927e+00
  5893.000   1.282398e+00   1.316754e+00
  5893.500   1.266700e+00   1.359275e+00
  5894.000   1.304585e+00   1.376171e+00
  5894.500   6.095063e-01   1.341708e+00
  5895.000   1.319880e+00   1.234063e+00
  5895.500   1.317528e+00   1.044773e+00
  5896.000   1.305393e+00   9.496541e-01
  5896.500   1.267950e+00   1.087710e+00
  5897.000   1.160996e+00   1.254267e+00
  5897.500   1.589104e-01   1.335803e+00
  5898.000   1.050884e+00   1.367227e+00
  5898.500   1.253719e+00   1.372505e+00
  5899.000   1.270849e+00   1.358417e+00
  5899.500   1.307346e+00   1.352059e+00
  5900.000   1.311200e+00   1.376414e+00
  5900.500   1.315185e+00   1.395358e+00
  5901.000   1.183599e+00   1.398431e+00
  5901.500   1.311594e+00   1.394645e+00
  5902.000   1.316561e+00   1.389298e+00
  5902.500   1.316471e+00   1.386704e+00
  5903.000   1.314900e+00   1.390731e+00
  5903.500   1.315351e+00   1.394700e+00
  5904.000   1.307605e+00   1.394544e+00
  5904.500   1.315340e+00   1.387677e+00
  5905.000   1.277936e+00   1.367630e+00
  5905.500   1.313241e+00   1.340619e+00
  5906.000   1.313921e+00   1.343874e+00
  5906.500   1.270897e+00   1.363674e+00
  5907.000   1.305566e+00   1.376452e+00
  5907.500   1.304131e+00   1.388251e+00
  5908.000   1.313500e+00   1.395425e+00
  5908.500   1.152236e+00   1.399333e+00
  5909.000   1.317169e+00   1.396973e+00
  5909.500   1.234359e+00   1.383293e+00
  5910.000   1.318382e+00   1.373501e+00
  5910.500   1.313619e+00   1.386722e+00
  5911.000   1.319882e+00   1.401002e+00
  5911.500   1.276862e+00   1.405615e+00
  5912.000   1.320876e+00   1.405820e+00
  5912.500   1.318436e+00   1.403229e+00
  5913.000   1.322902e+00   1.390484e+00
  5913.500   1.323692e+00   1.345292e+00
  5914.000   1.324496e+00   1.283201e+00
  5914.500   1.325235e+00   1.298526e+00
  5915.000   1.318238e+00   1.357038e+00
  5915.500   1.313400e+00   1.370488e+00
  5916.000   1.268541e+00   1.351754e+00
  5916.500   1.327049e+00   1.355518e+00
  5917.000   1.327840e+00   1.385085e+00
  5917.500   1.326114e+00   1.402523e+00
  5918.000   1.265182e+00   1.404382e+00
  5918.500   1.320552e+00   1.401786e+00
  5919.000   1.317907e+00   1.405382e+00
  5919.500   1.329036e+00   1.410940e+00
  5920.000   1.328584e+00   1.412586e+00
  5920.500   1.327151e+00   1.412150e+00
  5921.000   1.324414e+00   1.409080e+00
  5921.500   1.329429e+00   1.400859e+00
  5922.000   1.328957e+00   1.391569e+00
  5922.500   1.329713e+00   1.396136e+00
  5923.000   1.327939e+00   1.404814e+00
  5923.500   1.317465e+00   1.407364e+00
  5924.000   1.317798e+00   1.408297e+00
  5924.500   1.329939e+00   1.411434e+00
  5925.000   1.330632e+00   1.413298e+00
  5925.500   1.317703e+00   1.412847e+00
  5926.000   1.331001e+00   1.411445e+00
  5926.500   1.331150e+00   1.407783e+00
  5927.000   1.331180e+00   1.396419e+00
  5927.500   1.324390e+00   1.375179e+00
  5928.000   1.331441e+00   1.369778e+00
  5928.500   1.320769e+00   1.381121e+00
  5929.000   1.331363e+00   1.370246e+00
  5929.500   1.155641e+00   1.325844e+00
  5930.000   1.331428e+00   1.287582e+00
  5930.500   1.282457e+00   1.315696e+00
  5931.000   1.330394e+00   1.371211e+00
  5931.500   1.315589e+00   1.398493e+00
  5932.000   1.278471e+00   1.406588e+00
  5932.500   1.323209e+00   1.407919e+00
  5933.000   1.330845e+00   1.404123e+00
  5933.500   1.322813e+00   1.391202e+00
  5934.000   1.330716e+00   1.362763e+00
  5934.500   1.330553e+00   1.328215e+00
  5935.000   1.327092e+00   1.339885e+00
  5935.500   1.283489e+00   1.378924e+00
  5936.000   1.322689e+00   1.399564e+00
  5936.500   1.307196e+00   1.405087e+00
  5937.000   1.304355e+00   1.404497e+00
  5937.500   1.329560e+00   1.401297e+00
  5938.000   1.329493e+00   1.400768e+00
  5938.500   1.327248e+00   1.403704e+00
  5939.000   1.327340e+00   1.405018e+00
  5939.500   1.276644e+00   1.404158e+00
  5940.000   1.328273e+00   1.400551e+00
  5940.500   1.329280e+00   1.391340e+00
  5941.000   1.324793e+00   1.381634e+00
  5941.500   1.329247e+00   1.379208e+00
  5942.000   1.326268e+00   1.383453e+00
  5942.500   1.325335e+00   1.388897e+00
  5943.000   1.329087e+00   1.386313e+00
  5943.500   1.308521e+00   1.385369e+00
  5944.000   1.327606e+00   1.393530e+00
  5944.500   1.324368e+00   1.401438e+00
  5945.000   1.279908e+00   1.404220e+00
  5945.500   1.328931e+00   1.404940e+00
  5946.000   1.328977e+00   1.403789e+00
  5946.500   1.328884e+00   1.399921e+00
  5947.000   1.328806e+00   1.392886e+00
  5947.500   1.328704e+00   1.375443e+00
  5948.000   1.324871e+00   1.339237e+00
  5948.500   1.328432e+00   1.299525e+00
  5949.000   1.324854e+00   1.307477e+00
  5949.500   1.327416e+00   1.341583e+00
  5950.000   1.289309e+00   1.375516e+00
  5950.500   1.312520e+00   1.393030e+00
  5951.000   9.358357e-01   1.396135e+00
  5951.500   1.327465e+00   1.389412e+00
  5952.000   1.327410e+00   1.364542e+00
  5952.500   1.327281e+00   1.318977e+00
  5953.000   1.320929e+00   1.304912e+00
  5953.500   1.326745e+00   1.343092e+00
  5954.000   1.321647e+00   1.378594e+00
  5954.500   1.253640e+00   1.392557e+00
  5955.000   1.319041e+00   1.395962e+00
  5955.500   1.325205e+00   1.391877e+00
  5956.000   1.321522e+00   1.375225e+00
  5956.500   1.325826e+00   1.349000e+00
  5957.000   1.325718e+00   1.349463e+00
  5957.500   1.325640e+00   1.367468e+00
  5958.000   1.325258e+00   1.370989e+00
  5958.500   1.315425e+00   1.374407e+00
  5959.000   1.318121e+00   1.383078e+00
  5959.500   1.317898e+00   1.385395e+00
  5960.000   1.194243e+00   1.387277e+00
  5960.500   1.325567e+00   1.391062e+00
  5961.000   1.324672e+00   1.392060e+00
  5961.500   1.313195e+00   1.390961e+00
  5962.000   1.314688e+00   1.390803e+00
  5962.500   1.325887e+00   1.391612e+00
  5963.000   1.319192e+00   1.391308e+00
  5963.500   1.318769e+00   1.392037e+00
  5964.000   1.321691e+00   1.393347e+00
  5964.500   1.325928e+00   1.392147e+00
  5965.000   1.322416e+00   1.384739e+00
  5965.500   1.325758e+00   1.368989e+00
  5966.000   1.326502e+00   1.364412e+00
  5966.500   1.326527e+00   1.379055e+00
  5967.000   1.324789e+00   1.388811e+00
  5967.500   1.023106e+00   1.391093e+00
  5968.000   1.325746e+00   1.392375e+00
  5968.500   1.326288e+00   1.392745e+00
  5969.000   1.326731e+00   1.391018e+00
  5969.500   1.321695e+00   1.389941e+00
  5970.000   1.326893e+00   1.392036e+00
  5970.500   1.321281e+00   1.394011e+00
  5971.000   1.323218e+00   1.394904e+00
  5971.500   1.327179e+00   1.395404e+00
  5972.000   1.327358e+00   1.395291e+00
  5972.500   1.327555e+00   1.394985e+00
  5973.000   1.327784e+00   1.393663e+00
  5973.500   1.327774e+00   1.391758e+00
  5974.000   1.328378e+00   1.389288e+00
  5974.500   1.328712e+00   1.379552e+00
  5975.000   1.320574e+00   1.355948e+00
  5975.500   1.321865e+00   1.341458e+00
  5976.000   1.329968e+00   1.339924e+00
  5976.500   1.330475e+00   1.319641e+00
  5977.000   7.930797e-01   1.324620e+00
  5977.500   1.324890e+00   1.358284e+00
  5978.000   1.321449e+00   1.368791e+00
  5978.500   1.004794e+00   1.364103e+00
  5979.000   1.332302e+00   1.372793e+00
  5979.500   1.323633e+00   1.386902e+00
  5980.000   1.323936e+00   1.394181e+00
  5980.500   1.306804e+00   1.396110e+00
  5981.000   1.324686e+00   1.395631e+00
  5981.500   1.333070e+00   1.393534e+00
  5982.000   1.333088e+00   1.388396e+00
  5982.500   1.326092e+00   1.377674e+00
  5983.000   1.326282e+00   1.351176e+00
  5983.500   1.323589e+00   1.309311e+00
  5984.000   1.303236e+00   1.290881e+00
  5984.500   1.301510e+00   1.283230e+00
  5985.000   1.318751e+00   1.293058e+00
  5985.500   1.291544e+00   1.337726e+00
  5986.000   1.316547e+00   1.359949e+00
  5986.500   6.309872e-01   1.342274e+00
  5987.000   1.315154e+00   1.315577e+00
  5987.500   1.327556e+00   1.332445e+00
  5988.000   1.326874e+00   1.360994e+00
  5988.500   1.311404e+00   1.368657e+00
  5989.000   1.298906e+00   1.372955e+00
  5989.500   1.325306e+00   1.379416e+00
  5990.000   1.321994e+00   1.380653e+00
  5990.500   1.290146e+00   1.374213e+00
  5991.000   1.324049e+00   1.356781e+00
  5991.500   1.324329e+00   1.344455e+00
  5992.000   1.324184e+00   1.355676e+00
  5992.500   1.323949e+00   1.372096e+00
  5993.000   1.067650e+00   1.380036e+00
  5993.500   1.262255e+00   1.382417e+00
  5994.000   1.323572e+00   1.382813e+00
  5994.500   1.323436e+00   1.382156e+00
  5995.000   1.323245e+00   1.380073e+00
  5995.500   1.323021e+00   1.375650e+00
  5996.000   1.322793e+00   1.366207e+00
  5996.500   1.322549e+00   1.349402e+00
  5997.000   1.322288e+00   1.326271e+00
  5997.500   1.317799e+00   1.300193e+00
  5998.000   1.321637e+00   1.306165e+00
  5998.500   1.296190e+00   1.339094e+00
  5999.000   1.272801e+00   1.355720e+00
  5999.500   1.063915e+00   1.362829e+00
  6000.000   1.316344e+00   1.369491e+00
  6000.500   1.301819e+00   1.372209e+00
  6001.000   1.320018e+00   1.372563e+00
  6001.500   1.321790e+00   1.371310e+00
  6002.000   1.321940e+00   1.358853e+00
  6002.500   1.321672e+00   1.321877e+00
  6003.000   1.321779e+00   1.291737e+00
  6003.500   1.322307e+00   1.320723e+00
  6004.000   1.322006e+00   1.358351e+00
  6004.500   1.286235e+00   1.369974e+00
  6005.000   1.315589e+00   1.364287e+00
  6005.500   1.322540e+00   1.353738e+00
  6006.000   1.322748e+00   1.354276e+00
  6006.500   1.322757e+00   1.353863e+00
  6007.000   1.321468e+00   1.332706e+00
  6007.500   1.320964e+00   1.290805e+00
  6008.000   1.283073e+00   1.248839e+00
  6008.500   1.322213e+00   1.245463e+00
  6009.000   1.045516e+00   1.297507e+00
  6009.500   1.271781e+00   1.348144e+00
  6010.000   1.297649e+00   1.367680e+00
  6010.500   1.307785e+00   1.372307e+00
  6011.000   1.320359e+00   1.371338e+00
  6011.500   1.313053e+00   1.363035e+00
  6012.000   1.320046e+00   1.345283e+00
  6012.500   1.318924e+00   1.327817e+00
  6013.000   1.319494e+00   1.300116e+00
  6013.500   1.319257e+00   1.278743e+00
  6014.000   1.280881e+00   1.310249e+00
  6014.500   1.313792e+00   1.343972e+00
  6015.000   1.272875e+00   1.353257e+00
  6015.500   1.310326e+00   1.349491e+00
  6016.000   1.311275e+00   1.321030e+00
  6016.500   1.283117e+00   1.279842e+00
  6017.000   1.312703e+00   1.294621e+00
  6017.500   1.317381e+00   1.337093e+00
  6018.000   1.312006e+00   1.352091e+00
  6018.500   1.298294e+00   1.350912e+00
  6019.000   1.316314e+00   1.337301e+00
  6019.500   1.315654e+00   1.289700e+00
  6020.000   1.235007e+00   1.232994e+00
  6020.500   1.314287e+00   1.252132e+00
  6021.000   1.270577e+00   1.289168e+00
  6021.500   1.294999e+00   1.269959e+00
  6022.000   1.257902e+00   1.266324e+00
  6022.500   1.310323e+00   1.306587e+00
  6023.000   1.309067e+00   1.321374e+00
  6023.500   6.208925e-01   1.286608e+00
  6024.000   1.300529e+00   1.245014e+00
  6024.500   1.306682e+00   1.274118e+00
  6025.000   1.304574e+00   1.322774e+00
  6025.500   1.266420e+00   1.339432e+00
  6026.000   1.277197e+00   1.336207e+00
  6026.500   1.302814e+00   1.314189e+00
  6027.000   1.303007e+00   1.289264e+00
  6027.500   1.289598e+00   1.304144e+00
  6028.000   1.302065e+00   1.329876e+00
  6028.500   1.297107e+00   1.340429e+00
  6029.000   1.298865e+00   1.341428e+00
  6029.500   1.299632e+00   1.336676e+00
  6030.000   1.288358e+00   1.333907e+00
  6030.500   1.294580e+00   1.337456e+00
  6031.000   1.295562e+00   1.340242e+00
  6031.500   1.241444e+00   1.343741e+00
  6032.000   1.299939e+00   1.347441e+00
  6032.500   1.295973e+00   1.349132e+00
  6033.000   1.296575e+00   1.348788e+00
  6033.500   1.300472e+00   1.345685e+00
  6034.000   1.300677e+00   1.342218e+00
  6034.500   1.300774e+00   1.343243e+00
  6035.000   1.301001e+00   1.344270e+00
  6035.500   1.301037e+00   1.344217e+00
  6036.000   1.301186e+00   1.344198e+00
  6036.500   1.299994e+00   1.344377e+00
  6037.000   1.234535e+00   1.347951e+00
  6037.500   1.302371e+00   1.351045e+00
  6038.000   1.297634e+00   1.352330e+00
  6038.500   1.303052e+00   1.351889e+00
  6039.000   1.302382e+00   1.348062e+00
  6039.500   1.303923e+00   1.342432e+00
  6040.000   1.304344e+00   1.343195e+00
  6040.500   1.304726e+00   1.347162e+00
  6041.000   1.284520e+00   1.342791e+00
  6041.500   1.293087e+00   1.322037e+00
  6042.000   1.305931e+00   1.299157e+00
  6042.500   1.306254e+00   1.312989e+00
  6043.000   1.306321e+00   1.339474e+00
  6043.500   1.292049e+00   1.350821e+00
  6044.000   1.301212e+00   1.353541e+00
  6044.500   1.307446e+00   1.352689e+00
  6045.000   1.302821e+00   1.349482e+00
  6045.500   1.308042e+00   1.342720e+00
  6046.000   1.308039e+00   1.338978e+00
  6046.500   1.302931e+00   1.345215e+00
  6047.000   1.306428e+00   1.351432e+00
  6047.500   1.278465e+00   1.353493e+00
  6048.000   1.306450e+00   1.354145e+00
  6048.500   1.309060e+00   1.353134e+00
  6049.000   1.309275e+00   1.351833e+00
  6049.500   1.308776e+00   1.353308e+00
  6050.000   1.309488e+00   1.355131e+00
  6050.500   1.303057e+00   1.355570e+00
  6051.000   1.307769e+00   1.355065e+00
  6051.500   1.309482e+00   1.353176e+00
  6052.000   1.309166e+00   1.347906e+00
  6052.500   1.309301e+00   1.339063e+00
  6053.000   1.309051e+00   1.330193e+00
  6053.500   1.299490e+00   1.321182e+00
  6054.000   1.305928e+00   1.322521e+00
  6054.500   1.290763e+00   1.331921e+00
  6055.000   1.305180e+00   1.327242e+00
  6055.500   1.295023e+00   1.298408e+00
  6056.000   1.307032e+00   1.273055e+00
  6056.500   1.306970e+00   1.294689e+00
  6057.000   1.299614e+00   1.324598e+00
  6057.500   1.282550e+00   1.337995e+00
  6058.000   1.264277e+00   1.344240e+00
  6058.500   1.298204e+00   1.347099e+00
  6059.000   1.280905e+00   1.347722e+00
  6059.500   1.305615e+00   1.347567e+00
  6060.000   1.304840e+00   1.347730e+00
  6060.500   1.305690e+00   1.347421e+00
  6061.000   1.298147e+00   1.346731e+00
  6061.500   1.303608e+00   1.345002e+00
  6062.000   1.305382e+00   1.339433e+00
  6062.500   1.291640e+00   1.327799e+00
  6063.000   1.305101e+00   1.323753e+00
  6063.500   1.304929e+00   1.331289e+00
  6064.000   1.304735e+00   1.330054e+00
  6064.500   1.123260e+00   1.310114e+00
  6065.000   1.295404e+00   1.262905e+00
  6065.500   1.302164e+00   1.228755e+00
  6066.000   1.303494e+00   1.270349e+00
  6066.500   1.295604e+00   1.320235e+00
  6067.000   1.246941e+00   1.338171e+00
  6067.500   1.278563e+00   1.341767e+00
  6068.000   1.303208e+00   1.343313e+00
  6068.500   1.303184e+00   1.345036e+00
  6069.000   1.302785e+00   1.345742e+00
  6069.500   1.301895e+00   1.345293e+00
  6070.000   1.302948e+00   1.344148e+00
  6070.500   1.302945e+00   1.343328e+00
  6071.000   1.302948e+00   1.342884e+00
  6071.500   1.302964e+00   1.342599e+00
  6072.000   1.299264e+00   1.343288e+00
  6072.500   1.293958e+00   1.343976e+00
  6073.000   1.291866e+00   1.343664e+00
  6073.500   1.295063e+00   1.343650e+00
  6074.000   1.302831e+00   1.344027e+00
  6074.500   1.302687e+00   1.343865e+00
  6075.000   1.301013e+00   1.342905e+00
  6075.500   1.302281e+00   1.340390e+00
  6076.000   1.302008e+00   1.334704e+00
  6076.500   1.301680e+00   1.325339e+00
  6077.000   1.301318e+00   1.317523e+00
  6077.500   1.300703e+00   1.307591e+00
  6078.000   1.298521e+00   1.272491e+00
  6078.500   1.243086e+00   1.231187e+00
  6079.000   1.289363e+00   1.242877e+00
  6079.500   1.276316e+00   1.288929e+00
  6080.000   1.258361e+00   1.318456e+00
  6080.500   1.284458e+00   1.327211e+00
  6081.000   1.296998e+00   1.322839e+00
  6081.500   1.296106e+00   1.313153e+00
  6082.000   1.294983e+00   1.303867e+00
  6082.500   1.297585e+00   1.291995e+00
  6083.000   1.291209e+00   1.297178e+00
  6083.500   1.271366e+00   1.308139e+00
  6084.000   1.264433e+00   1.306137e+00
  6084.500   1.261056e+00   1.301566e+00
  6085.000   1.296249e+00   1.288617e+00
  6085.500   1.289606e+00   1.280506e+00
  6086.000   1.294862e+00   1.278513e+00
  6086.500   1.295453e+00   1.283730e+00
  6087.000   1.088394e+00   1.301156e+00
  6087.500   1.294642e+00   1.305980e+00
  6088.000   9.233256e-01   1.306841e+00
  6088.500   1.289420e+00   1.311623e+00
  6089.000   1.290035e+00   1.302611e+00
  6089.500   1.167049e+00   1.281873e+00
  6090.000   1.285550e+00   1.274672e+00
  6090.500   1.291793e+00   1.285040e+00
  6091.000   1.291222e+00   1.291908e+00
  6091.500   1.291040e+00   1.285298e+00
  6092.000   1.250113e+00   1.283849e+00
  6092.500   1.292019e+00   1.295144e+00
  6093.000   1.284584e+00   1.295667e+00
  6093.500   1.216990e+00   1.286977e+00
  6094.000   1.289529e+00   1.289113e+00
  6094.500   1.247973e+00   1.301886e+00
  6095.000   1.291532e+00   1.315997e+00
  6095.500   1.287859e+00   1.320354e+00
  6096.000   1.213602e+00   1.310337e+00
  6096.500   1.292917e+00   1.292519e+00
  6097.000   1.288275e+00   1.293199e+00
  6097.500   1.293152e+00   1.305876e+00
  6098.000   1.292667e+00   1.308039e+00
  6098.500   1.277708e+00   1.309313e+00
  6099.000   1.270072e+00   1.317448e+00
  6099.500   1.292808e+00   1.321547e+00
  6100.000   1.220109e+00   1.318574e+00
  6100.500   1.291727e+00   1.314651e+00
  6101.000   1.291893e+00   1.305307e+00
  6101.500   1.291460e+00   1.266448e+00
  6102.000   1.224737e+00   1.182103e+00
  6102.500   1.290558e+00   1.102372e+00
  6103.000   1.288177e+00   1.105867e+00
  6103.500   1.286283e+00   1.190974e+00
  6104.000   1.192979e+00   1.271721e+00
  6104.500   8.499956e-01   1.303132e+00
  6105.000   9.337354e-01   1.307515e+00
  6105.500   1.288098e+00   1.309445e+00
  6106.000   1.288822e+00   1.309913e+00
  6106.500   1.288727e+00   1.305489e+00
  6107.000   1.281415e+00   1.301205e+00
  6107.500   1.276007e+00   1.285184e+00
  6108.000   1.285178e+00   1.261657e+00
  6108.500   1.277237e+00   1.274415e+00
  6109.000   1.278126e+00   1.303787e+00
  6109.500   1.287471e+00   1.316598e+00
  6110.000   1.283140e+00   1.315696e+00
  6110.500   1.286804e+00   1.302747e+00
  6111.000   1.290197e+00   1.286394e+00
  6111.500   1.290473e+00   1.289425e+00
  6112.000   1.277454e+00   1.302577e+00
  6112.500   1.284388e+00   1.306073e+00
  6113.000   1.289532e+00   1.302417e+00
  6113.500   1.288774e+00   1.307198e+00
  6114.000   1.281131e+00   1.316794e+00
  6114.500   1.277795e+00   1.320063e+00
  6115.000   1.175545e+00   1.315506e+00
  6115.500   1.286125e+00   1.295469e+00
  6116.000   1.290237e+00   1.264986e+00
  6116.500   1.280873e+00   1.267661e+00
  6117.000   1.293994e+00   1.295487e+00
  6117.500   1.286918e+00   1.313155e+00
  6118.000   1.139888e+00   1.319822e+00
  6118.500   1.294810e+00   1.319941e+00
  6119.000   1.291227e+00   1.310652e+00
  6119.500   1.295488e+00   1.297231e+00
  6120.000   1.294502e+00   1.298433e+00
  6120.500   1.296104e+00   1.303005e+00
  6121.000   1.295290e+00   1.288290e+00
  6121.500   1.224555e+00   1.230799e+00
  6122.000   1.265579e+00   1.144446e+00
  6122.500   1.283598e+00   1.150010e+00
  6123.000   1.289932e+00   1.236000e+00
  6123.500   1.246840e+00   1.289612e+00
  6124.000   6.625195e-01   1.306656e+00
  6124.500   1.273603e+00   1.301916e+00
  6125.000   1.275220e+00   1.291487e+00
  6125.500   1.290765e+00   1.295443e+00
  6126.000   1.293998e+00   1.298332e+00
  6126.500   1.285945e+00   1.301377e+00
  6127.000   1.291209e+00   1.302151e+00
  6127.500   1.294568e+00   1.283599e+00
  6128.000   1.245581e+00   1.268301e+00
  6128.500   1.290359e+00   1.275970e+00
  6129.000   1.294176e+00   1.281003e+00
  6129.500   1.240961e+00   1.284897e+00
  6130.000   1.283947e+00   1.288684e+00
  6130.500   1.292409e+00   1.295843e+00
  6131.000   1.288278e+00   1.293953e+00
  6131.500   1.287050e+00   1.279897e+00
  6132.000   1.286239e+00   1.284641e+00
  6132.500   1.295098e+00   1.304741e+00
  6133.000   1.261509e+00   1.314577e+00
  6133.500   1.162889e+00   1.315710e+00
  6134.000   1.294253e+00   1.314707e+00
  6134.500   1.294161e+00   1.311750e+00
  6135.000   1.283791e+00   1.299680e+00
  6135.500   1.293165e+00   1.272135e+00
  6136.000   1.292831e+00   1.214227e+00
  6136.500   1.292277e+00   1.125212e+00
  6137.000   1.249329e+00   1.084308e+00
  6137.500   1.168171e+00   1.101083e+00
  6138.000   1.278859e+00   1.160334e+00
  6138.500   1.198643e+00   1.235837e+00
  6139.000   1.222326e+00   1.283203e+00
  6139.500   9.571952e-01   1.303789e+00
  6140.000   1.260510e+00   1.308287e+00
  6140.500   1.280777e+00   1.298967e+00
  6141.000   1.287728e+00   1.261718e+00
  6141.500   1.288599e+00   1.200695e+00
  6142.000   1.289075e+00   1.190054e+00
  6142.500   1.288896e+00   1.235180e+00
  6143.000   1.276402e+00   1.278498e+00
  6143.500   8.456726e-01   1.301194e+00
  6144.000   1.274156e+00   1.304859e+00
  6144.500   1.287695e+00   1.291838e+00
  6145.000   1.281191e+00   1.278144e+00
  6145.500   1.290017e+00   1.288399e+00
  6146.000   1.278768e+00   1.302990e+00
  6146.500   1.283725e+00   1.305017e+00
  6147.000   1.285539e+00   1.290077e+00
  6147.500   1.291147e+00   1.257396e+00
  6148.000   1.285492e+00   1.249284e+00
  6148.500   1.291777e+00   1.269202e+00
  6149.000   1.291840e+00   1.272694e+00
  6149.500   8.448881e-01   1.277783e+00
  6150.000   1.292362e+00   1.292053e+00
  6150.500   1.274996e+00   1.299367e+00
  6151.000   1.064357e+00   1.290466e+00
  6151.500   1.288329e+00   1.272364e+00
  6152.000   1.289354e+00   1.280287e+00
  6152.500   1.294027e+00   1.300825e+00
  6153.000   1.293922e+00   1.308236e+00
  6153.500   1.287161e+00   1.299332e+00
  6154.000   1.274145e+00   1.274012e+00
  6154.500   1.287413e+00   1.245041e+00
  6155.000   1.285198e+00   1.221199e+00
  6155.500   1.296753e+00   1.233442e+00
  6156.000   1.138928e+00   1.268097e+00
  6156.500   1.287648e+00   1.287127e+00
  6157.000   1.165419e+00   1.281158e+00
  6157.500   1.278641e+00   1.257511e+00
  6158.000   1.254932e+00   1.260532e+00
  6158.500   1.260537e+00   1.288635e+00
  6159.000   1.284507e+00   1.300167e+00
  6159.500   1.016152e+00   1.296835e+00
  6160.000   1.289602e+00   1.278863e+00
  6160.500   1.297366e+00   1.230185e+00
  6161.000   1.265903e+00   1.172098e+00
  6161.500   1.297437e+00   1.114854e+00
  6162.000   1.285016e+00   1.056894e+00
  6162.500   9.158582e-01   1.084308e+00
  6163.000   6.850740e-01   1.148759e+00
  6163.500   1.200261e+00   1.162991e+00
  6164.000   7.701383e-01   1.204699e+00
  6164.500   1.256965e+00   1.255963e+00
  6165.000   1.258455e+00   1.260341e+00
  6165.500   8.436543e-01   1.247559e+00
  6166.000   1.289080e+00   1.237290e+00
  6166.500   1.288118e+00   1.234388e+00
  6167.000   1.131462e+00   1.263559e+00
  6167.500   1.279070e+00   1.284719e+00
  6168.000   1.247801e+00   1.275315e+00
  6168.500   1.283567e+00   1.225446e+00
  6169.000   1.283863e+00   1.145793e+00
  6169.500   1.277661e+00   1.113203e+00
  6170.000   1.281815e+00   1.143422e+00
  6170.500   1.267584e+00   1.178945e+00
  6171.000   1.249139e+00   1.228784e+00
  6171.500   1.245519e+00   1.270877e+00
  6172.000   1.251829e+00   1.282940e+00
  6172.500   1.248865e+00   1.271486e+00
  6173.000   1.276731e+00   1.241730e+00
  6173.500   1.276283e+00   1.232385e+00
  6174.000   1.276104e+00   1.258031e+00
  6174.500   1.267722e+00   1.267838e+00
  6175.000   8.585712e-01   1.249476e+00
  6175.500   1.274022e+00   1.238173e+00
  6176.000   1.273904e+00   1.243977e+00
  6176.500   1.273377e+00   1.228947e+00
  6177.000   1.133093e+00   1.221737e+00
  6177.500   1.261884e+00   1.249658e+00
  6178.000   1.272972e+00   1.274365e+00
  6178.500   7.461296e-01   1.281986e+00
  6179.000   1.172056e+00   1.279230e+00
  6179.500   1.273382e+00   1.262735e+00
  6180.000   1.268166e+00   1.238155e+00
  6180.500   1.273485e+00   1.243305e+00
  6181.000   1.269734e+00   1.271277e+00
  6181.500   1.264230e+00   1.286450e+00
  6182.000   1.119061e+00   1.289684e+00
  6182.500   1.272945e+00   1.287926e+00
  6183.000   1.274534e+00   1.282341e+00
  6183.500   1.274934e+00   1.276224e+00
  6184.000   1.266882e+00   1.279269e+00
  6184.500   1.275122e+00   1.285631e+00
  6185.000   1.274018e+00   1.283179e+00
  6185.500   1.258404e+00   1.271044e+00
  6186.000   1.275835e+00   1.257800e+00
  6186.500   1.276007e+00   1.248989e+00
  6187.000   1.275994e+00   1.249710e+00
  6187.500   1.241534e+00   1.246922e+00
  6188.000   1.237667e+00   1.240760e+00
  6188.500   1.159124e+00   1.255588e+00
  6189.000   1.271012e+00   1.271681e+00
  6189.500   1.268665e+00   1.278039e+00
  6190.000   1.273405e+00   1.270538e+00
  6190.500   1.274808e+00   1.231973e+00
  6191.000   1.272173e+00   1.153073e+00
  6191.500   1.274489e+00   1.111769e+00
  6192.000   1.270594e+00   1.174239e+00
  6192.500   1.271553e+00   1.245977e+00
  6193.000   1.140532e+00   1.273988e+00
  6193.500   1.231460e+00   1.277963e+00
  6194.000   1.263470e+00   1.270915e+00
  6194.500   1.272749e+00   1.263013e+00
  6195.000   1.271724e+00   1.261418e+00
  6195.500   1.264871e+00   1.264216e+00
  6196.000   1.234775e+00   1.273904e+00
  6196.500   1.257245e+00   1.281925e+00
  6197.000   1.257843e+00   1.284944e+00
  6197.500   1.268892e+00   1.285387e+00
  6198.000   1.271283e+00   1.283550e+00
  6198.500   1.271272e+00   1.277214e+00
  6199.000   1.271223e+00   1.265434e+00
  6199.500   1.271175e+00   1.248678e+00
  6200.000   1.271158e+00   1.222304e+00
  6200.500   1.270952e+00   1.218236e+00
  6201.000   1.236783e+00   1.250291e+00
  6201.500   1.271178e+00   1.273761e+00
  6202.000   7.161048e-01   1.281989e+00
  6202.500   1.268496e+00   1.284346e+00
  6203.000   1.268160e+00   1.283801e+00
  6203.500   1.266958e+00   1.281533e+00
  6204.000   1.267024e+00   1.275439e+00
  6204.500   1.272500e+00   1.267562e+00
  6205.000   1.262315e+00   1.271507e+00
  6205.500   1.273208e+00   1.281314e+00
  6206.000   1.273500e+00   1.286528e+00
  6206.500   1.271073e+00   1.287804e+00
  6207.000   1.267133e+00   1.287122e+00
  6207.500   1.275295e+00   1.286228e+00
  6208.000   1.275907e+00   1.284632e+00
  6208.500   1.276539e+00   1.283690e+00
  6209.000   1.260072e+00   1.286300e+00
  6209.500   1.277670e+00   1.288830e+00
  6210.000   1.268779e+00   1.288994e+00
  6210.500   1.278282e+00   1.287887e+00
  6211.000   1.279256e+00   1.287707e+00
  6211.500   1.274584e+00   1.286346e+00
  6212.000   1.279810e+00   1.280784e+00
  6212.500   1.273268e+00   1.266986e+00
  6213.000   1.279431e+00   1.233003e+00
  6213.500   1.280264e+00   1.208558e+00
  6214.000   1.275204e+00   1.226636e+00
  6214.500   1.274757e+00   1.229046e+00
  6215.000   1.247937e+00   1.205787e+00
  6215.500   1.270392e+00   1.210974e+00
  6216.000   1.279149e+00   1.230441e+00
  6216.500   1.265508e+00   1.244834e+00
  6217.000   1.166904e+00   1.265742e+00
  6217.500   1.267423e+00   1.276477e+00
  6218.000   1.164031e+00   1.273929e+00
  6218.500   1.277987e+00   1.253584e+00
  6219.000   1.278500e+00   1.211916e+00
  6219.500   1.273184e+00   1.198871e+00
  6220.000   1.272142e+00   1.222440e+00
  6220.500   1.277254e+00   1.235699e+00
  6221.000   4.799846e-01   1.245382e+00
  6221.500   1.275469e+00   1.260376e+00
  6222.000   1.213506e+00   1.274652e+00
  6222.500   1.073530e+00   1.280962e+00
  6223.000   1.191667e+00   1.278438e+00
  6223.500   1.272730e+00   1.266895e+00
  6224.000   1.276866e+00   1.256214e+00
  6224.500   1.276745e+00   1.261880e+00
  6225.000   1.276228e+00   1.271229e+00
  6225.500   1.274889e+00   1.273963e+00
  6226.000   1.273870e+00   1.268005e+00
  6226.500   1.275723e+00   1.255081e+00
  6227.000   1.269227e+00   1.252750e+00
  6227.500   1.275059e+00   1.261204e+00
  6228.000   1.262646e+00   1.266735e+00
  6228.500   1.056845e+00   1.260206e+00
  6229.000   1.268949e+00   1.238389e+00
  6229.500   1.271121e+00   1.217628e+00
  6230.000   1.272055e+00   1.182603e+00
  6230.500   1.272186e+00   1.127310e+00
  6231.000   1.020452e+00   1.136348e+00
  6231.500   1.267630e+00   1.199161e+00
  6232.000   1.257453e+00   1.215063e+00
  6232.500   4.521730e-01   1.191740e+00
  6233.000   1.253959e+00   1.203486e+00
  6233.500   1.268844e+00   1.240423e+00
  6234.000   1.264862e+00   1.262127e+00
  6234.500   1.173713e+00   1.270091e+00
  6235.000   1.251293e+00   1.271793e+00
  6235.500   1.266884e+00   1.269770e+00
  6236.000   1.266895e+00   1.263096e+00
  6236.500   1.266320e+00   1.245162e+00
  6237.000   1.265633e+00   1.213182e+00
  6237.500   1.264599e+00   1.196353e+00
  6238.000   1.262081e+00   1.203499e+00
  6238.500   1.256817e+00   1.214677e+00
  6239.000   9.376172e-01   1.232296e+00
  6239.500   1.251058e+00   1.234111e+00
  6240.000   1.183711e+00   1.216677e+00
  6240.500   1.261049e+00   1.203929e+00
  6241.000   1.251977e+00   1.222241e+00
  6241.500   1.240804e+00   1.247329e+00
  6242.000   1.144193e+00   1.252630e+00
  6242.500   1.233387e+00   1.237907e+00
  6243.000   1.261718e+00   1.211132e+00
  6243.500   1.261369e+00   1.188123e+00
  6244.000   1.261013e+00   1.176603e+00
  6244.500   1.209032e+00   1.185925e+00
  6245.000   1.245864e+00   1.200579e+00
  6245.500   9.803814e-01   1.182319e+00
  6246.000   1.238835e+00   1.141300e+00
  6246.500   1.255321e+00   1.138363e+00
  6247.000   1.259069e+00   1.175214e+00
  6247.500   1.247222e+00   1.195183e+00
  6248.000   6.543909e-01   1.221162e+00
  6248.500   1.250947e+00   1.244286e+00
  6249.000   1.237378e+00   1.249512e+00
  6249.500   1.252971e+00   1.249753e+00
  6250.000   1.259277e+00   1.253805e+00
  6250.500   1.257977e+00   1.256557e+00
  6251.000   1.259055e+00   1.250696e+00
  6251.500   1.257055e+00   1.229687e+00
  6252.000   1.259161e+00   1.185228e+00
  6252.500   1.259140e+00   1.144690e+00
  6253.000   1.250072e+00   1.161990e+00
  6253.500   1.181075e+00   1.171044e+00
  6254.000   1.250695e+00   1.137159e+00
  6254.500   1.227488e+00   1.146484e+00
  6255.000   1.258104e+00   1.194644e+00
  6255.500   1.180388e+00   1.202636e+00
  6256.000   4.725863e-01   1.169202e+00
  6256.500   1.231498e+00   1.161817e+00
  6257.000   1.255894e+00   1.196505e+00
  6257.500   1.254596e+00   1.204187e+00
  6258.000   1.040467e+00   1.174273e+00
  6258.500   1.253355e+00   1.154864e+00
  6259.000   1.254351e+00   1.174470e+00
  6259.500   1.253212e+00   1.204234e+00
  6260.000   1.242361e+00   1.221118e+00
  6260.500   9.394894e-01   1.219456e+00
  6261.000   1.251013e+00   1.205778e+00
  6261.500   1.216651e+00   1.214277e+00
  6262.000   1.250471e+00   1.232751e+00
  6262.500   1.249551e+00   1.241716e+00
  6263.000   1.223560e+00   1.244994e+00
  6263.500   1.249080e+00   1.243815e+00
  6264.000   1.236172e+00   1.234885e+00
  6264.500   1.248278e+00   1.206815e+00
  6265.000   1.240775e+00   1.170863e+00
  6265.500   1.247577e+00   1.180875e+00
  6266.000   1.247251e+00   1.216121e+00
  6266.500   1.239314e+00   1.234034e+00
  6267.000   1.173004e+00   1.238620e+00
  6267.500   1.245539e+00   1.237537e+00
  6268.000   1.233682e+00   1.236543e+00
  6268.500   1.243365e+00   1.236190e+00
  6269.000   1.245205e+00   1.232754e+00
  6269.500   1.205878e+00   1.218881e+00
  6270.000   1.242499e+00   1.195272e+00
  6270.500   1.229741e+00   1.192380e+00
  6271.000   1.245608e+00   1.203631e+00
  6271.500   1.245572e+00   1.211810e+00
  6272.000   8.412384e-01   1.224533e+00
  6272.500   1.245539e+00   1.233294e+00
  6273.000   1.010563e+00   1.236976e+00
  6273.500   1.199364e+00   1.238721e+00
  6274.000   1.245821e+00   1.237697e+00
  6274.500   1.243076e+00   1.236704e+00
  6275.000   1.246595e+00   1.239328e+00
  6275.500   1.247190e+00   1.242816e+00
  6276.000   1.247532e+00   1.243986e+00
  6276.500   1.238765e+00   1.242763e+00
  6277.000   1.248268e+00   1.239968e+00
  6277.500   1.238504e+00   1.237464e+00
  6278.000   1.248917e+00   1.232694e+00
  6278.500   1.243994e+00   1.228082e+00
  6279.000   1.236648e+00   1.219953e+00
  6279.500   1.240026e+00   1.200261e+00
  6280.000   1.176330e+00   1.186712e+00
  6280.500   1.249511e+00   1.177648e+00
  6281.000   1.186157e+00   1.195264e+00
  6281.500   9.745466e-01   1.222228e+00
  6282.000   1.248576e+00   1.227620e+00
  6282.500   1.164355e+00   1.217845e+00
  6283.000   1.250260e+00   1.220124e+00
  6283.500   1.243841e+00   1.234756e+00
  6284.000   1.245559e+00   1.242660e+00
  6284.500   1.128799e+00   1.241307e+00
  6285.000   1.250881e+00   1.235491e+00
  6285.500   1.252128e+00   1.229430e+00
  6286.000   1.252328e+00   1.224187e+00
  6286.500   1.249201e+00   1.228405e+00
  6287.000   1.238148e+00   1.237446e+00
  6287.500   1.248312e+00   1.241717e+00
  6288.000   1.227000e+00   1.242087e+00
  6288.500   1.246631e+00   1.242695e+00
  6289.000   1.243025e+00   1.244233e+00
  6289.500   1.252868e+00   1.242683e+00
  6290.000   1.227775e+00   1.231114e+00
  6290.500   1.252601e+00   1.203137e+00
  6291.000   1.252956e+00   1.184993e+00
  6291.500   1.252970e+00   1.206468e+00
  6292.000   1.252408e+00   1.230198e+00
  6292.500   1.242102e+00   1.234749e+00
  6293.000   1.248485e+00   1.234060e+00
  6293.500   1.246879e+00   1.231717e+00
  6294.000   1.253336e+00   1.232085e+00
  6294.500   1.216210e+00   1.239087e+00
  6295.000   1.247562e+00   1.244618e+00
  6295.500   1.238907e+00   1.243368e+00
  6296.000   1.253469e+00   1.237744e+00
  6296.500   1.254195e+00   1.227898e+00
  6297.000   1.244251e+00   1.213836e+00
  6297.500   1.254485e+00   1.185228e+00
  6298.000   1.250602e+00   1.179010e+00
  6298.500   1.251350e+00   1.205414e+00
  6299.000   1.254133e+00   1.212540e+00
  6299.500   7.386751e-01   1.203328e+00
  6300.000   1.248167e+00   1.204064e+00
  6300.500   1.247543e+00   1.197012e+00
  6301.000   1.238102e+00   1.155553e+00
  6301.500   1.219593e+00   1.111922e+00
  6302.000   1.227075e+00   1.117776e+00
  6302.500   1.230250e+00   1.140671e+00
  6303.000   1.209732e+00   1.182340e+00
  6303.500   1.208488e+00   1.213937e+00
  6304.000   1.237764e+00   1.226326e+00
  6304.500   1.243543e+00   1.233202e+00
  6305.000   1.254039e+00   1.236042e+00
  6305.500   1.168455e+00   1.237054e+00
  6306.000   1.234516e+00   1.240945e+00
  6306.500   1.248534e+00   1.244115e+00
  6307.000   1.224049e+00   1.242748e+00
  6307.500   1.241141e+00   1.239214e+00
  6308.000   1.253072e+00   1.236380e+00
  6308.500   1.255168e+00   1.234903e+00
  6309.000   1.256319e+00   1.232874e+00
  6309.500   1.251917e+00   1.226197e+00
  6310.000   1.254102e+00   1.216105e+00
  6310.500   1.227608e+00   1.212020e+00
  6311.000   1.255509e+00   1.206058e+00
  6311.500   1.245902e+00   1.201806e+00
  6312.000   1.137110e+00   1.212756e+00
  6312.500   1.247780e+00   1.224386e+00
  6313.000   1.172170e+00   1.228936e+00
  6313.500   1.243708e+00   1.224524e+00
  6314.000   1.169907e+00   1.199265e+00
  6314.500   1.225882e+00   1.152164e+00
  6315.000   1.246987e+00   1.120778e+00
  6315.500   1.250074e+00   1.124053e+00
  6316.000   1.247809e+00   1.159167e+00
  6316.500   1.061311e+00   1.191944e+00
  6317.000   9.823647e-01   1.191940e+00
  6317.500   1.067124e+00   1.152908e+00
  6318.000   1.241675e+00   1.106393e+00
  6318.500   1.238152e+00   1.107974e+00
  6319.000   1.230222e+00   1.136618e+00
  6319.500   1.217455e+00   1.170536e+00
  6320.000   1.202624e+00   1.199452e+00
  6320.500   9.707540e-01   1.211491e+00
  6321.000   1.016063e+00   1.214365e+00
  6321.500   1.236873e+00   1.208799e+00
  6322.000   1.239561e+00   1.183932e+00
  6322.500   1.228250e+00   1.156556e+00
  6323.000   1.239868e+00   1.170361e+00
  6323.500   1.241624e+00   1.206234e+00
  6324.000   1.194626e+00   1.223697e+00
  6324.500   8.566105e-01   1.227755e+00
  6325.000   1.245331e+00   1.228959e+00
  6325.500   1.245756e+00   1.230095e+00
  6326.000   1.239434e+00   1.229429e+00
  6326.500   1.237512e+00   1.224251e+00
  6327.000   1.243099e+00   1.211243e+00
  6327.500   1.246597e+00   1.198119e+00
  6328.000   1.246693e+00   1.206370e+00
  6328.500   1.244235e+00   1.221858e+00
  6329.000   1.240738e+00   1.225576e+00
  6329.500   1.233198e+00   1.216817e+00
  6330.000   1.247543e+00   1.200650e+00
  6330.500   1.247765e+00   1.191154e+00
  6331.000   1.247684e+00   1.195120e+00
  6331.500   1.247961e+00   1.207551e+00
  6332.000   1.241949e+00   1.215118e+00
  6332.500   1.203183e+00   1.222906e+00
  6333.000   1.244889e+00   1.228864e+00
  6333.500   1.247897e+00   1.228990e+00
  6334.000   1.235345e+00   1.221987e+00
  6334.500   1.247884e+00   1.199120e+00
  6335.000   1.247159e+00   1.155008e+00
  6335.500   1.248402e+00   1.134060e+00
  6336.000   1.247609e+00   1.145022e+00
  6336.500   1.235772e+00   1.128349e+00
  6337.000   9.926098e-01   1.128449e+00
  6337.500   1.237002e+00   1.172305e+00
  6338.000   1.235319e+00   1.192207e+00
  6338.500   8.985570e-01   1.171202e+00
  6339.000   1.237743e+00   1.150450e+00
  6339.500   1.244484e+00   1.172601e+00
  6340.000   1.237130e+00   1.202625e+00
  6340.500   1.217476e+00   1.214641e+00
  6341.000   1.209357e+00   1.215796e+00
  6341.500   1.241286e+00   1.211650e+00
  6342.000   1.239910e+00   1.204779e+00
  6342.500   1.238048e+00   1.195421e+00
  6343.000   1.235447e+00   1.182595e+00
  6343.500   1.226514e+00   1.162617e+00
  6344.000   1.225110e+00   1.143241e+00
  6344.500   1.205994e+00   1.156552e+00
  6345.000   1.199171e+00   1.186255e+00
  6345.500   1.197270e+00   1.201405e+00
  6346.000   1.093879e+00   1.202697e+00
  6346.500   1.218399e+00   1.190952e+00
  6347.000   1.222602e+00   1.175457e+00
  6347.500   1.231099e+00   1.182203e+00
  6348.000   1.233317e+00   1.200528e+00
  6348.500   1.225602e+00   1.211176e+00
  6349.000   1.192090e+00   1.214272e+00
  6349.500   1.227314e+00   1.213203e+00
  6350.000   1.235990e+00   1.210855e+00
  6350.500   1.237274e+00   1.209545e+00
  6351.000   1.237491e+00   1.211036e+00
  6351.500   1.218912e+00   1.213118e+00
  6352.000   1.237491e+00   1.213381e+00
  6352.500   1.237652e+00   1.211014e+00
  6353.000   1.213724e+00   1.208190e+00
  6353.500   1.237911e+00   1.205505e+00
  6354.000   1.236556e+00   1.197370e+00
  6354.500   1.233273e+00   1.171984e+00
  6355.000   1.234080e+00   1.146843e+00
  6355.500   1.230364e+00   1.164763e+00
  6356.000   1.237162e+00   1.194619e+00
  6356.500   1.233979e+00   1.206363e+00
  6357.000   1.173417e+00   1.206439e+00
  6357.500   1.235368e+00   1.198105e+00
  6358.000   1.234414e+00   1.173118e+00
  6358.500   1.233284e+00   1.138192e+00
  6359.000   1.225552e+00   1.141175e+00
  6359.500   1.230114e+00   1.168775e+00
  6360.000   1.227722e+00   1.177307e+00
  6360.500   7.762002e-01   1.168313e+00
  6361.000   1.221550e+00   1.158172e+00
  6361.500   1.209284e+00   1.152201e+00
  6362.000   1.212744e+00   1.140710e+00
  6362.500   1.142847e+00   1.131192e+00
  6363.000   1.184635e+00   1.140895e+00
  6363.500   1.176802e+00   1.159926e+00
  6364.000   1.154953e+00   1.162518e+00
  6364.500   1.179172e+00   1.160813e+00
  6365.000   1.207989e+00   1.174818e+00
  6365.500   1.208469e+00   1.186278e+00
  6366.000   1.204379e+00   1.182132e+00
  6366.500   1.145515e+00   1.176647e+00
  6367.000   1.222827e+00   1.185757e+00
  6367.500   1.224612e+00   1.196705e+00
  6368.000   1.223271e+00   1.201915e+00
  6368.500   1.225601e+00   1.201599e+00
  6369.000   1.228011e+00   1.194783e+00
  6369.500   1.229182e+00   1.187191e+00
  6370.000   1.229937e+00   1.185220e+00
  6370.500   1.230605e+00   1.182921e+00
  6371.000   1.230807e+00   1.178502e+00
  6371.500   1.231592e+00   1.180020e+00
  6372.000   1.223591e+00   1.193558e+00
  6372.500   1.225835e+00   1.203507e+00
  6373.000   1.189197e+00   1.206638e+00
  6373.500   1.229447e+00   1.206877e+00
  6374.000   1.233578e+00   1.205492e+00
  6374.500   1.231393e+00   1.203952e+00
  6375.000   1.234141e+00   1.202218e+00
  6375.500   1.232579e+00   1.200121e+00
  6376.000   1.231383e+00   1.200680e+00
  6376.500   1.233779e+00   1.203560e+00
  6377.000   1.213661e+00   1.203602e+00
  6377.500   1.214043e+00   1.196074e+00
  6378.000   1.216334e+00   1.182380e+00
  6378.500   1.235579e+00   1.180327e+00
  6379.000   1.235509e+00   1.191276e+00
  6379.500   1.235906e+00   1.196543e+00
  6380.000   9.396366e-01   1.187500e+00
  6380.500   1.222763e+00   1.167009e+00
  6381.000   1.234882e+00   1.166486e+00
  6381.500   1.235358e+00   1.187068e+00
  6382.000   1.236237e+00   1.199518e+00
  6382.500   7.344058e-01   1.202833e+00
  6383.000   1.225562e+00   1.201360e+00
  6383.500   1.233428e+00   1.195541e+00
  6384.000   1.232052e+00   1.187958e+00
  6384.500   1.234597e+00   1.180631e+00
  6385.000   1.236223e+00   1.181700e+00
  6385.500   1.152573e+00   1.187840e+00
  6386.000   1.236023e+00   1.194974e+00
  6386.500   1.157348e+00   1.201671e+00
  6387.000   1.232284e+00   1.204261e+00
  6387.500   1.133979e+00   1.204348e+00
  6388.000   1.235573e+00   1.203665e+00
  6388.500   1.235789e+00   1.203475e+00
  6389.000   1.235658e+00   1.204293e+00
  6389.500   1.235520e+00   1.204646e+00
  6390.000   1.227317e+00   1.203886e+00
  6390.500   1.235245e+00   1.202331e+00
  6391.000   1.230296e+00   1.200579e+00
  6391.500   1.235022e+00   1.196759e+00
  6392.000   1.234940e+00   1.186217e+00
  6392.500   1.234878e+00   1.165433e+00
  6393.000   1.210952e+00   1.126128e+00
  6393.500   1.234864e+00   1.083697e+00
  6394.000   1.224531e+00   1.105982e+00
  6394.500   1.233553e+00   1.156979e+00
  6395.000   1.213257e+00   1.182455e+00
  6395.500   1.035673e+00   1.193227e+00
  6396.000   1.186340e+00   1.199340e+00
  6396.500   1.231294e+00   1.201596e+00
  6397.000   1.206800e+00   1.202097e+00
  6397.500   1.234450e+00   1.200641e+00
  6398.000   1.234077e+00   1.196931e+00
  6398.500   1.235849e+00   1.187538e+00
  6399.000   1.233016e+00   1.156027e+00
  6399.500   1.235618e+00   1.080081e+00
  6400.000   1.234453e+00   1.012178e+00
  6400.500   1.234774e+00   1.054808e+00
  6401.000   1.227612e+00   1.140436e+00
  6401.500   1.138045e+00   1.184553e+00
  6402.000   1.010512e+00   1.198329e+00
  6402.500   1.222984e+00   1.201597e+00
  6403.000   1.235060e+00   1.201667e+00
  6403.500   1.236972e+00   1.201583e+00
  6404.000   1.227496e+00   1.202024e+00
  6404.500   1.237571e+00   1.200909e+00
  6405.000   1.235568e+00   1.195062e+00
  6405.500   1.226519e+00   1.185721e+00
  6406.000   1.237281e+00   1.181217e+00
  6406.500   1.236892e+00   1.174317e+00
  6407.000   1.234976e+00   1.148079e+00
  6407.500   1.171306e+00   1.109174e+00
  6408.000   1.224160e+00   1.089657e+00
  6408.500   1.234136e+00   1.122410e+00
  6409.000   1.070050e+00   1.166484e+00
  6409.500   1.191634e+00   1.186849e+00
  6410.000   1.189985e+00   1.187045e+00
  6410.500   1.195368e+00   1.168708e+00
  6411.000   1.233041e+00   1.123505e+00
  6411.500   1.232850e+00   1.075975e+00
  6412.000   1.230502e+00   1.096049e+00
  6412.500   1.228187e+00   1.151506e+00
  6413.000   1.210512e+00   1.178433e+00
  6413.500   7.765745e-01   1.181139e+00
  6414.000   1.215573e+00   1.169604e+00
  6414.500   1.228729e+00   1.146244e+00
  6415.000   1.228893e+00   1.135508e+00
  6415.500   1.228111e+00   1.153753e+00
  6416.000   1.218687e+00   1.168699e+00
  6416.500   1.204225e+00   1.161557e+00
  6417.000   1.208195e+00   1.152341e+00
  6417.500   1.226187e+00   1.159927e+00
  6418.000   1.227137e+00   1.171044e+00
  6418.500   1.222315e+00   1.175110e+00
  6419.000   1.225832e+00   1.161587e+00
  6419.500   1.143750e+00   1.124808e+00
  6420.000   1.224929e+00   1.100140e+00
  6420.500   1.225706e+00   1.108340e+00
  6421.000   1.224513e+00   1.092456e+00
  6421.500   1.183614e+00   1.086374e+00
  6422.000   1.212876e+00   1.132623e+00
  6422.500   1.217894e+00   1.170172e+00
  6423.000   1.112738e+00   1.182988e+00
  6423.500   1.217363e+00   1.186020e+00
  6424.000   1.224104e+00   1.184628e+00
  6424.500   1.225017e+00   1.180145e+00
  6425.000   1.225148e+00   1.178082e+00
  6425.500   1.219774e+00   1.180772e+00
  6426.000   1.225364e+00   1.182183e+00
  6426.500   1.218194e+00   1.182368e+00
  6427.000   1.225564e+00   1.183863e+00
  6427.500   1.222282e+00   1.185428e+00
  6428.000   1.204759e+00   1.185775e+00
  6428.500   1.207511e+00   1.185444e+00
  6429.000   1.225913e+00   1.183299e+00
  6429.500   1.225967e+00   1.174941e+00
  6430.000   1.225332e+00   1.150264e+00
  6430.500   1.224437e+00   1.105393e+00
  6431.000   1.225981e+00   1.091848e+00
  6431.500   1.225205e+00   1.129274e+00
  6432.000   1.217695e+00   1.149774e+00
  6432.500   1.077150e+00   1.144056e+00
  6433.000   1.222177e+00   1.145785e+00
  6433.500   1.208927e+00   1.158790e+00
  6434.000   1.225275e+00   1.172089e+00
  6434.500   9.592552e-01   1.179993e+00
  6435.000   1.220024e+00   1.182204e+00
  6435.500   1.218929e+00   1.181365e+00
  6436.000   1.224893e+00   1.177465e+00
  6436.500   1.224882e+00   1.174116e+00
  6437.000   1.224771e+00   1.172855e+00
  6437.500   1.224732e+00   1.165228e+00
  6438.000   1.223133e+00   1.143157e+00
  6438.500   1.224321e+00   1.088787e+00
  6439.000   1.224443e+00   1.036581e+00
  6439.500   1.173207e+00   1.072277e+00
  6440.000   1.214790e+00   1.136885e+00
  6440.500   1.151598e+00   1.165865e+00
  6441.000   1.017176e+00   1.175106e+00
  6441.500   1.211690e+00   1.180170e+00
  6442.000   1.224515e+00   1.181735e+00
  6442.500   1.223996e+00   1.180474e+00
  6443.000   1.225423e+00   1.179224e+00
  6443.500   1.225712e+00   1.180083e+00
  6444.000   1.225954e+00   1.181428e+00
  6444.500   1.225686e+00   1.182058e+00
  6445.000   1.225755e+00   1.182641e+00
  6445.500   1.226317e+00   1.182470e+00
  6446.000   1.216382e+00   1.181127e+00
  6446.500   1.213753e+00   1.180866e+00
  6447.000   1.227272e+00   1.181993e+00
  6447.500   1.221188e+00   1.180976e+00
  6448.000   1.226114e+00   1.173755e+00
  6448.500   1.227363e+00   1.153594e+00
  6449.000   1.227362e+00   1.114999e+00
  6449.500   1.226707e+00   1.065717e+00
  6450.000   1.224543e+00   1.051251e+00
  6450.500   1.211265e+00   1.097758e+00
  6451.000   1.135405e+00   1.145708e+00
  6451.500   9.726867e-01   1.165255e+00
  6452.000   1.026841e+00   1.170220e+00
  6452.500   1.218650e+00   1.172407e+00
  6453.000   1.222032e+00   1.175155e+00
  6453.500   1.223321e+00   1.175440e+00
  6454.000   1.201776e+00   1.172038e+00
  6454.500   1.214872e+00   1.160232e+00
  6455.000   1.224951e+00   1.134965e+00
  6455.500   1.220741e+00   1.105383e+00
  6456.000   1.224006e+00   1.091012e+00
  6456.500   1.223666e+00   1.096595e+00
  6457.000   1.222434e+00   1.124066e+00
  6457.500   1.167481e+00   1.151164e+00
  6458.000   1.199671e+00   1.165347e+00
  6458.500   1.206006e+00   1.170019e+00
  6459.000   1.210826e+00   1.171126e+00
  6459.500   1.219408e+00   1.170760e+00
  6460.000   1.218774e+00   1.169293e+00
  6460.500   1.217939e+00   1.165362e+00
  6461.000   1.217091e+00   1.156584e+00
  6461.500   1.216253e+00   1.133158e+00
  6462.000   1.215437e+00   1.068571e+00
  6462.500   1.213819e+00   9.955381e-01
  6463.000   1.212836e+00   1.025655e+00
  6463.500   1.212367e+00   1.104642e+00
  6464.000   1.194112e+00   1.141191e+00
  6464.500   5.250816e-01   1.149246e+00
  6465.000   1.202280e+00   1.154121e+00
  6465.500   1.211234e+00   1.158962e+00
  6466.000   1.198462e+00   1.160397e+00
  6466.500   1.129447e+00   1.159514e+00
  6467.000   1.210778e+00   1.158775e+00
  6467.500   1.207051e+00   1.158777e+00
  6468.000   1.210375e+00   1.154801e+00
  6468.500   1.206829e+00   1.139478e+00
  6469.000   1.209851e+00   1.117758e+00
  6469.500   1.209659e+00   1.120881e+00
  6470.000   1.209400e+00   1.138918e+00
  6470.500   1.208818e+00   1.140678e+00
  6471.000   7.846797e-01   1.117872e+00
  6471.500   1.208516e+00   1.085493e+00
  6472.000   1.207149e+00   1.095916e+00
  6472.500   1.206675e+00   1.132431e+00
  6473.000   1.203325e+00   1.151006e+00
  6473.500   6.900706e-01   1.155904e+00
  6474.000   1.202173e+00   1.155622e+00
  6474.500   1.207789e+00   1.150164e+00
  6475.000   1.203899e+00   1.134711e+00
  6475.500   1.207559e+00   1.115415e+00
  6476.000   1.207486e+00   1.123672e+00
  6476.500   1.202450e+00   1.143874e+00
  6477.000   1.207144e+00   1.152784e+00
  6477.500   1.076829e+00   1.154184e+00
  6478.000   1.207490e+00   1.154225e+00
  6478.500   1.207632e+00   1.154958e+00
  6479.000   1.196107e+00   1.156031e+00
  6479.500   1.206730e+00   1.157115e+00
  6480.000   1.208003e+00   1.156847e+00
  6480.500   1.198177e+00   1.152231e+00
  6481.000   1.208099e+00   1.138545e+00
  6481.500   1.208102e+00   1.109803e+00
  6482.000   1.208088e+00   1.089270e+00
  6482.500   1.208057e+00   1.095719e+00
  6483.000   1.207934e+00   1.113831e+00
  6483.500   1.191600e+00   1.134873e+00
  6484.000   1.146214e+00   1.145819e+00
  6484.500   1.128822e+00   1.150255e+00
  6485.000   1.207460e+00   1.152127e+00
  6485.500   1.207310e+00   1.152780e+00
  6486.000   1.204313e+00   1.152529e+00
  6486.500   1.206321e+00   1.152853e+00
  6487.000   1.197424e+00   1.154163e+00
  6487.500   1.207356e+00   1.154720e+00
  6488.000   1.195111e+00   1.154449e+00
  6488.500   1.207267e+00   1.153376e+00
  6489.000   1.207197e+00   1.151718e+00
  6489.500   1.207091e+00   1.148775e+00
  6490.000   1.206918e+00   1.144523e+00
  6490.500   1.206716e+00   1.138425e+00
  6491.000   1.206476e+00   1.126582e+00
  6491.500   1.189800e+00   1.114255e+00
  6492.000   1.198099e+00   1.120147e+00
  6492.500   1.192428e+00   1.125126e+00
  6493.000   1.191357e+00   1.098383e+00
  6493.500   1.122741e+00   1.038202e+00
  6494.000   1.203435e+00   9.978181e-01
  6494.500   1.202563e+00   9.776294e-01
  6495.000   1.200275e+00   9.647141e-01
  6495.500   7.331463e-01   9.982234e-01
  6496.000   1.187980e+00   1.019701e+00
  6496.500   1.148537e+00   1.004737e+00
  6497.000   1.119315e+00   1.019543e+00
  6497.500   9.116222e-01   1.074328e+00
  6498.000   1.188526e+00   1.103683e+00
  6498.500   1.157435e+00   1.091890e+00
  6499.000   1.184663e+00   1.060931e+00
  6499.500   1.166982e+00   1.045097e+00
  6500.000   1.190713e+00   1.069202e+00
  6500.500   1.187036e+00   1.102943e+00
  6501.000   1.170944e+00   1.111283e+00
  6501.500   7.579850e-01   1.107905e+00
  6502.000   1.188949e+00   1.113125e+00
  6502.500   1.188655e+00   1.123362e+00
  6503.000   1.123703e+00   1.128243e+00
  6503.500   1.005040e+00   1.126745e+00
  6504.000   1.164601e+00   1.122684e+00
  6504.500   1.188395e+00   1.123526e+00
  6505.000   1.188218e+00   1.126965e+00
  6505.500   1.188064e+00   1.128237e+00
  6506.000   1.104605e+00   1.128647e+00
  6506.500   1.187769e+00   1.128807e+00
  6507.000   1.184301e+00   1.129025e+00
  6507.500   1.187450e+00   1.128458e+00
  6508.000   1.184933e+00   1.126258e+00
  6508.500   1.187143e+00   1.122732e+00
  6509.000   1.179267e+00   1.120689e+00
  6509.500   1.186824e+00   1.122152e+00
  6510.000   1.179020e+00   1.124511e+00
  6510.500   1.179671e+00   1.126964e+00
  6511.000   1.185694e+00   1.128604e+00
  6511.500   1.178035e+00   1.128812e+00
  6512.000   1.174830e+00   1.128010e+00
  6512.500   1.185855e+00   1.126555e+00
  6513.000   1.185701e+00   1.125797e+00
  6513.500   1.185535e+00   1.126352e+00
  6514.000   1.179002e+00   1.126516e+00
  6514.500   1.185116e+00   1.125091e+00
  6515.000   1.183305e+00   1.118915e+00
  6515.500   1.184862e+00   1.102511e+00
  6516.000   1.184684e+00   1.085571e+00
  6516.500   1.179292e+00   1.094674e+00
  6517.000   1.184342e+00   1.108805e+00
  6517.500   1.183753e+00   1.105341e+00
  6518.000   1.132014e+00   1.081924e+00
  6518.500   1.183783e+00   1.065865e+00
  6519.000   1.183272e+00   1.083974e+00
  6519.500   1.183384e+00   1.106840e+00
  6520.000   1.168964e+00   1.116798e+00
  6520.500   1.066880e+00   1.120939e+00
  6521.000   1.181929e+00   1.122546e+00
  6521.500   1.164366e+00   1.122806e+00
  6522.000   1.175938e+00   1.121872e+00
  6522.500   1.179351e+00   1.120493e+00
  6523.000   1.181768e+00   1.120821e+00
  6523.500   1.181955e+00   1.122643e+00
  6524.000   1.180787e+00   1.123681e+00
  6524.500   1.169846e+00   1.123080e+00
  6525.000   1.181340e+00   1.121269e+00
  6525.500   1.181140e+00   1.115848e+00
  6526.000   1.180927e+00   1.102249e+00
  6526.500   1.180715e+00   1.081470e+00
  6527.000   1.180455e+00   1.069695e+00
  6527.500   1.180006e+00   1.080448e+00
  6528.000   1.175080e+00   1.097954e+00
  6528.500   1.065231e+00   1.105653e+00
  6529.000   9.149055e-01   1.110914e+00
  6529.500   1.172008e+00   1.115488e+00
  6530.000   1.178193e+00   1.117598e+00
  6530.500   1.168923e+00   1.117455e+00
  6531.000   1.162766e+00   1.114799e+00
  6531.500   1.178354e+00   1.111954e+00
  6532.000   1.177960e+00   1.109771e+00
  6532.500   1.177835e+00   1.103566e+00
  6533.000   1.177276e+00   1.094968e+00
  6533.500   1.177163e+00   1.086790e+00
  6534.000   1.176974e+00   1.084110e+00
  6534.500   1.175342e+00   1.096844e+00
  6535.000   1.170857e+00   1.108269e+00
  6535.500   1.173898e+00   1.112019e+00
  6536.000   1.164527e+00   1.112391e+00
  6536.500   1.175371e+00   1.111144e+00
  6537.000   1.169156e+00   1.109798e+00
  6537.500   1.174126e+00   1.108534e+00
  6538.000   1.174261e+00   1.107068e+00
  6538.500   1.166818e+00   1.106603e+00
  6539.000   1.168029e+00   1.108425e+00
  6539.500   1.173051e+00   1.110356e+00
  6540.000   1.172321e+00   1.110980e+00
  6540.500   1.165564e+00   1.110453e+00
  6541.000   1.171287e+00   1.109078e+00
  6541.500   1.171192e+00   1.107973e+00
  6542.000   1.170674e+00   1.107322e+00
  6542.500   1.170130e+00   1.106388e+00
  6543.000   1.162736e+00   1.105061e+00
  6543.500   1.168945e+00   1.104762e+00
  6544.000   1.158785e+00   1.104979e+00
  6544.500   1.167144e+00   1.101491e+00
  6545.000   1.162708e+00   1.092576e+00
  6545.500   1.166004e+00   1.067535e+00
  6546.000   1.165389e+00   1.028413e+00
  6546.500   1.159633e+00   1.027374e+00
  6547.000   1.163621e+00   1.063509e+00
  6547.500   1.154946e+00   1.085196e+00
  6548.000   6.527892e-01   1.091113e+00
  6548.500   1.158869e+00   1.093121e+00
  6549.000   1.157607e+00   1.092979e+00
  6549.500   1.155764e+00   1.091577e+00
  6550.000   1.148694e+00   1.088881e+00
  6550.500   1.155377e+00   1.085990e+00
  6551.000   1.153798e+00   1.082920e+00
  6551.500   1.152125e+00   1.079418e+00
  6552.000   1.142108e+00   1.078443e+00
  6552.500   1.148242e+00   1.078408e+00
  6553.000   1.146061e+00   1.074844e+00
  6553.500   1.087246e+00   1.067045e+00
  6554.000   1.141079e+00   1.055008e+00
  6554.500   1.138208e+00   1.042734e+00
  6555.000   1.135021e+00   1.025665e+00
  6555.500   1.131396e+00   1.008955e+00
  6556.000   1.031650e+00   1.009813e+00
  6556.500   1.121132e+00   1.017592e+00
  6557.000   1.101692e+00   1.021721e+00
  6557.500   1.097165e+00   1.021241e+00
  6558.000   1.094884e+00   1.014401e+00
  6558.500   1.087576e+00   1.001291e+00
  6559.000   1.090818e+00   9.813652e-01
  6559.500   1.081207e+00   9.562895e-01
  6560.000   1.069953e+00   9.308427e-01
  6560.500   1.056635e+00   9.000122e-01
  6561.000   1.040688e+00   8.569930e-01
  6561.500   1.012065e+00   7.764725e-01
  6562.000   9.895275e-01   6.292462e-01
  6562.500   9.426555e-01   4.698606e-01
  6563.000   9.268544e-01   4.467583e-01
  6563.500   8.695607e-01   5.868000e-01
  6564.000   6.269338e-01   7.503524e-01
  6564.500   1.968093e-01   8.515552e-01
  6565.000   3.232956e-01   9.057444e-01
  6565.500   8.117213e-01   9.387420e-01
  6566.000   9.034060e-01   9.631557e-01
  6566.500   9.495276e-01   9.826677e-01
  6567.000   9.834135e-01   9.977473e-01
  6567.500   1.008960e+00   1.008576e+00
  6568.000   1.030762e+00   1.013413e+00
  6568.500   1.047828e+00   1.005100e+00
  6569.000   1.061929e+00   9.867839e-01
  6569.500   1.073743e+00   9.943551e-01
  6570.000   1.083722e+00   1.023241e+00
  6570.500   1.091635e+00   1.039340e+00
  6571.000   6.548842e-01   1.046608e+00
  6571.500   1.104687e+00   1.053211e+00
  6572.000   1.110687e+00   1.053470e+00
  6572.500   1.095138e+00   1.045129e+00
  6573.000   1.095256e+00   1.044503e+00
  6573.500   1.124296e+00   1.050156e+00
  6574.000   1.126558e+00   1.042614e+00
  6574.500   1.088249e+00   1.028386e+00
  6575.000   1.133638e+00   1.024704e+00
  6575.500   1.136422e+00   1.045105e+00
  6576.000   9.817070e-01   1.066973e+00
  6576.500   1.139855e+00   1.076540e+00
  6577.000   1.116723e+00   1.081477e+00
  6577.500   1.144012e+00   1.084611e+00
  6578.000   1.138835e+00   1.086202e+00
  6578.500   1.146613e+00   1.086797e+00
  6579.000   1.148082e+00   1.086175e+00
  6579.500   1.149188e+00   1.083248e+00
  6580.000   1.150201e+00   1.078210e+00
  6580.500   1.151119e+00   1.073638e+00
  6581.000   1.151708e+00   1.069500e+00
  6581.500   1.152599e+00   1.071898e+00
  6582.000   1.089033e+00   1.079462e+00
  6582.500   1.153475e+00   1.083011e+00
  6583.000   1.006882e+00   1.081235e+00
  6583.500   1.140201e+00   1.076933e+00
  6584.000   1.145883e+00   1.077434e+00
  6584.500   1.146269e+00   1.081828e+00
  6585.000   1.150768e+00   1.083773e+00
  6585.500   1.052664e+00   1.078037e+00
  6586.000   1.155278e+00   1.062899e+00
  6586.500   1.147549e+00   1.057757e+00
  6587.000   1.155943e+00   1.068611e+00
  6587.500   1.157341e+00   1.075782e+00
  6588.000   1.136398e+00   1.081788e+00
  6588.500   1.130659e+00   1.088101e+00
  6589.000   1.156807e+00   1.090861e+00
  6589.500   1.093937e+00   1.091843e+00
  6590.000   1.150429e+00   1.092097e+00
  6590.500   1.157286e+00   1.090298e+00
  6591.000   1.158843e+00   1.084666e+00
  6591.500   1.159353e+00   1.075589e+00
  6592.000   1.159436e+00   1.052409e+00
  6592.500   1.159519e+00   1.004736e+00
  6593.000   1.156295e+00   9.753246e-01
  6593.500   1.159569e+00   9.864997e-01
  6594.000   1.158544e+00   1.010735e+00
  6594.500   1.128496e+00   1.050629e+00
  6595.000   1.140990e+00   1.076847e+00
  6595.500   1.149384e+00   1.084309e+00
  6596.000   1.155425e+00   1.085562e+00
  6596.500   1.146830e+00   1.083283e+00
  6597.000   1.158614e+00   1.070903e+00
  6597.500   1.158202e+00   1.055348e+00
  6598.000   1.156356e+00   1.055436e+00
  6598.500   1.159703e+00   1.060166e+00
  6599.000   1.159335e+00   1.068646e+00
  6599.500   1.115934e+00   1.081124e+00
  6600.000   1.158216e+00   1.088631e+00
  6600.500   1.078922e+00   1.090784e+00
  6601.000   1.127763e+00   1.090805e+00
  6601.500   1.159458e+00   1.090565e+00
  6602.000   1.159402e+00   1.090340e+00
  6602.500   1.159139e+00   1.089528e+00
  6603.000   1.156481e+00   1.087803e+00
  6603.500   1.159123e+00   1.084046e+00
  6604.000   1.158004e+00   1.074116e+00
  6604.500   1.159028e+00   1.062420e+00
  6605.000   1.148273e+00   1.065512e+00
  6605.500   1.158893e+00   1.073348e+00
  6606.000   1.158679e+00   1.077063e+00
  6606.500   1.073317e+00   1.078206e+00
  6607.000   1.157640e+00   1.075782e+00
  6607.500   1.143634e+00   1.071433e+00
  6608.000   1.157276e+00   1.063645e+00
  6608.500   1.153697e+00   1.048828e+00
  6609.000   1.151543e+00   1.029225e+00
  6609.500   1.157139e+00   1.036794e+00
  6610.000   1.152641e+00   1.063215e+00
  6610.500   1.157649e+00   1.079303e+00
  6611.000   8.541942e-01   1.084574e+00
  6611.500   1.092862e+00   1.085539e+00
  6612.000   1.157635e+00   1.084542e+00
  6612.500   1.151842e+00   1.082962e+00
  6613.000   1.157385e+00   1.078385e+00
  6613.500   1.157353e+00   1.073073e+00
  6614.000   1.128728e+00   1.075648e+00
  6614.500   1.157138e+00   1.082082e+00
  6615.000   1.156751e+00   1.085419e+00
  6615.500   1.137795e+00   1.086218e+00
  6616.000   1.156787e+00   1.085407e+00
  6616.500   1.151956e+00   1.083245e+00
  6617.000   1.156584e+00   1.080540e+00
  6617.500   1.156447e+00   1.079272e+00
  6618.000   1.151697e+00   1.080386e+00
  6618.500   1.154691e+00   1.082372e+00
  6619.000   1.142925e+00   1.082934e+00
  6619.500   1.141896e+00   1.082624e+00
  6620.000   1.154322e+00   1.083455e+00
  6620.500   1.155458e+00   1.084292e+00
  6621.000   1.152012e+00   1.084191e+00
  6621.500   1.147548e+00   1.084184e+00
  6622.000   1.155169e+00   1.084057e+00
  6622.500   1.155251e+00   1.083497e+00
  6623.000   1.142121e+00   1.082609e+00
  6623.500   1.155038e+00   1.080407e+00
  6624.000   1.154914e+00   1.076962e+00
  6624.500   1.154790e+00   1.072329e+00
  6625.000   1.154643e+00   1.069674e+00
  6625.500   1.150621e+00   1.074058e+00
  6626.000   1.152872e+00   1.078187e+00
  6626.500   1.153052e+00   1.076937e+00
  6627.000   1.149801e+00   1.068922e+00
  6627.500   1.154048e+00   1.061261e+00
  6628.000   1.141063e+00   1.066986e+00
  6628.500   1.153790e+00   1.075602e+00
  6629.000   1.147543e+00   1.078207e+00
  6629.500   1.132781e+00   1.076824e+00
  6630.000   1.153362e+00   1.074945e+00
  6630.500   1.153216e+00   1.074922e+00
  6631.000   1.152950e+00   1.073749e+00
  6631.500   1.138655e+00   1.070331e+00
  6632.000   1.150022e+00   1.064997e+00
  6632.500   1.151479e+00   1.056014e+00
  6633.000   1.144680e+00   1.032386e+00
  6633.500   1.134704e+00   9.959137e-01
  6634.000   1.145000e+00   9.899993e-01
  6634.500   1.150232e+00   1.018346e+00
  6635.000   1.147639e+00   1.038978e+00
  6635.500   9.724141e-01   1.051245e+00
  6636.000   9.998204e-01   1.064022e+00
  6636.500   1.145709e+00   1.072829e+00
  6637.000   9.976252e-01   1.076540e+00
  6637.500   1.073751e+00   1.076759e+00
  6638.000   1.150099e+00   1.075271e+00
  6638.500   1.150867e+00   1.073214e+00
  6639.000   1.150830e+00   1.066620e+00
  6639.500   1.149977e+00   1.054869e+00
  6640.000   1.137991e+00   1.054164e+00
  6640.500   1.149892e+00   1.065984e+00
  6641.000   1.150296e+00   1.074003e+00
  6641.500   9.919598e-01   1.075945e+00
  6642.000   1.148786e+00   1.073595e+00
  6642.500   1.150149e+00   1.064237e+00
  6643.000   1.150073e+00   1.038767e+00
  6643.500   1.149951e+00   1.008514e+00
  6644.000   1.149830e+00   1.018803e+00
  6644.500   1.148520e+00   1.049054e+00
  6645.000   1.148961e+00   1.063006e+00
  6645.500   5.581554e-01   1.068002e+00
  6646.000   1.148012e+00   1.070201e+00
  6646.500   1.148800e+00   1.068312e+00
  6647.000   1.119078e+00   1.066163e+00
  6647.500   1.148108e+00   1.066814e+00
  6648.000   1.148365e+00   1.067531e+00
  6648.500   1.143005e+00   1.070158e+00
  6649.000   1.147291e+00   1.073089e+00
  6649.500   1.147538e+00   1.074103e+00
  6650.000   1.119562e+00   1.073960e+00
  6650.500   1.148138e+00   1.073366e+00
  6651.000   1.148017e+00   1.072841e+00
  6651.500   1.147885e+00   1.072326e+00
  6652.000   1.147753e+00   1.071230e+00
  6652.500   1.147609e+00   1.070140e+00
  6653.000   1.143984e+00   1.068783e+00
  6653.500   1.147345e+00   1.065696e+00
  6654.000   1.144731e+00   1.064552e+00
  6654.500   1.146978e+00   1.067298e+00
  6655.000   1.146961e+00   1.068622e+00
  6655.500   1.145555e+00   1.067964e+00
  6656.000   1.146516e+00   1.067450e+00
  6656.500   1.146577e+00   1.066958e+00
  6657.000   1.146388e+00   1.066837e+00
  6657.500   1.143416e+00   1.067276e+00
  6658.000   1.145234e+00   1.068000e+00
  6658.500   1.143348e+00   1.068315e+00
  6659.000   1.145473e+00   1.067493e+00
  6659.500   1.140068e+00   1.065335e+00
  6660.000   1.145669e+00   1.062894e+00
  6660.500   1.145538e+00   1.058981e+00
  6661.000   1.145407e+00   1.053282e+00
  6661.500   1.144639e+00   1.053011e+00
  6662.000   1.145110e+00   1.052827e+00
  6662.500   1.144968e+00   1.036298e+00
  6663.000   1.115030e+00   9.990193e-01
  6663.500   1.144626e+00   9.840340e-01
  6664.000   1.144610e+00   1.016416e+00
  6664.500   1.144186e+00   1.044016e+00
  6665.000   1.040508e+00   1.051272e+00
  6665.500   1.134841e+00   1.053069e+00
  6666.000   1.143322e+00   1.054626e+00
  6666.500   1.142276e+00   1.053855e+00
  6667.000   1.111982e+00   1.050811e+00
  6667.500   1.139252e+00   1.047331e+00
  6668.000   1.142605e+00   1.047326e+00
  6668.500   1.127906e+00   1.049102e+00
  6669.000   1.124628e+00   1.051116e+00
  6669.500   1.103397e+00   1.054585e+00
  6670.000   1.140014e+00   1.058193e+00
  6670.500   1.135831e+00   1.059434e+00
  6671.000   1.136235e+00   1.058379e+00
  6671.500   1.142357e+00   1.055857e+00
  6672.000   1.142459e+00   1.054209e+00
  6672.500   1.142215e+00   1.054497e+00
  6673.000   1.141598e+00   1.055538e+00
  6673.500   1.133809e+00   1.056160e+00
  6674.000   1.139142e+00   1.056342e+00
  6674.500   1.114291e+00   1.056942e+00
  6675.000   1.141568e+00   1.057434e+00
  6675.500   1.141565e+00   1.057107e+00
  6676.000   1.132194e+00   1.054838e+00
  6676.500   1.141386e+00   1.047779e+00
  6677.000   1.141257e+00   1.028240e+00
  6677.500   1.141128e+00   9.862092e-01
  6678.000   1.140977e+00   9.560626e-01
  6678.500   1.137052e+00   9.853752e-01
  6679.000   1.129339e+00   1.024850e+00
  6679.500   1.125039e+00   1.041360e+00
  6680.000   1.042979e+00   1.045103e+00
  6680.500   1.131856e+00   1.047470e+00
  6681.000   1.139761e+00   1.049864e+00
  6681.500   1.137765e+00   1.050907e+00
  6682.000   1.076281e+00   1.051537e+00
  6682.500   1.139842e+00   1.051611e+00
  6683.000   1.136415e+00   1.051084e+00
  6683.500   1.139358e+00   1.050581e+00
  6684.000   1.137836e+00   1.050428e+00
  6684.500   1.139330e+00   1.050194e+00
  6685.000   1.133400e+00   1.049792e+00
  6685.500   1.139097e+00   1.049717e+00
  6686.000   1.138348e+00   1.049706e+00
  6686.500   1.138761e+00   1.049025e+00
  6687.000   1.138023e+00   1.047286e+00
  6687.500   1.134615e+00   1.045561e+00
  6688.000   1.138470e+00   1.045817e+00
  6688.500   1.136943e+00   1.046492e+00
  6689.000   1.138215e+00   1.046474e+00
  6689.500   1.134732e+00   1.046684e+00
  6690.000   1.137960e+00   1.046487e+00
  6690.500   1.136634e+00   1.045189e+00
  6691.000   1.134523e+00   1.044385e+00
  6691.500   1.137578e+00   1.044368e+00
  6692.000   1.137451e+00   1.043343e+00
  6692.500   1.134964e+00   1.042240e+00
  6693.000   1.137137e+00   1.042678e+00
  6693.500   1.136559e+00   1.043739e+00
  6694.000   1.136178e+00   1.043741e+00
  6694.500   1.136438e+00   1.041577e+00
  6695.000   1.136668e+00   1.035359e+00
  6695.500   1.136513e+00   1.020105e+00
  6696.000   1.136437e+00   1.003133e+00
  6696.500   1.130361e+00   1.006263e+00
  6697.000   1.136104e+00   1.019856e+00
  6697.500   1.131688e+00   1.027456e+00
  6698.000   1.090254e+00   1.027520e+00
  6698.500   1.117877e+00   1.022142e+00
  6699.000   1.127204e+00   1.022767e+00
  6699.500   1.132625e+00   1.031014e+00
  6700.000   1.128375e+00   1.036801e+00
  6700.500   9.851294e-01   1.037712e+00
  6701.000   1.062476e+00   1.036831e+00
  6701.500   1.135016e+00   1.036340e+00
  6702.000   1.134901e+00   1.035910e+00
  6702.500   1.131702e+00   1.032595e+00
  6703.000   1.133360e+00   1.021728e+00
  6703.500   1.133866e+00   1.008845e+00
  6704.000   1.133536e+00   1.008645e+00
  6704.500   1.134222e+00   1.006765e+00
  6705.000   1.134035e+00   9.995409e-01
  6705.500   1.039168e+00   1.009260e+00
  6706.000   1.133628e+00   1.025227e+00
  6706.500   1.132372e+00   1.030823e+00
  6707.000   8.625187e-01   1.029380e+00
  6707.500   1.133023e+00   1.027262e+00
  6708.000   1.133376e+00   1.027897e+00
  6708.500   1.131298e+00   1.028887e+00
  6709.000   1.130721e+00   1.028638e+00
  6709.500   1.127595e+00   1.026668e+00
  6710.000   1.130227e+00   1.022089e+00
  6710.500   1.128458e+00   1.021325e+00
  6711.000   1.127976e+00   1.025489e+00
  6711.500   1.128649e+00   1.026667e+00
  6712.000   1.130041e+00   1.023294e+00
  6712.500   1.131281e+00   1.013466e+00
  6713.000   1.130946e+00   1.000672e+00
  6713.500   1.128685e+00   9.990358e-01
  6714.000   1.131916e+00   1.008211e+00
  6714.500   1.131642e+00   1.014696e+00
  6715.000   1.044499e+00   1.009279e+00
  6715.500   1.098207e+00   1.002072e+00
  6716.000   1.131052e+00   1.001383e+00
  6716.500   1.130701e+00   9.979979e-01
  6717.000   1.125274e+00   9.758898e-01
  6717.500   1.122177e+00   9.417890e-01
  6718.000   1.093709e+00   9.521027e-01
  6718.500   1.113332e+00   9.914381e-01
  6719.000   1.117731e+00   1.009560e+00
  6719.500   5.655217e-01   1.011422e+00
  6720.000   1.123449e+00   1.013983e+00
  6720.500   1.127821e+00   1.016908e+00
  6721.000   1.123614e+00   1.011951e+00
  6721.500   1.070089e+00   9.978394e-01
  6722.000   1.123815e+00   9.929695e-01
  6722.500   1.126848e+00   1.006024e+00
  6723.000   1.127918e+00   1.017844e+00
  6723.500   1.106504e+00   1.022446e+00
  6724.000   1.120480e+00   1.022171e+00
  6724.500   1.118071e+00   1.017833e+00
  6725.000   1.128909e+00   1.010985e+00
  6725.500   1.125662e+00   1.006068e+00
  6726.000   1.128944e+00   1.000000e+00
  6726.500   1.091923e+00   9.890970e-01
  6727.000   1.127633e+00   9.942754e-01
  6727.500   1.128278e+00   1.010103e+00
  6728.000   1.125655e+00   1.017053e+00
  6728.500   7.845974e-01   1.016404e+00
  6729.000   1.122064e+00   1.014439e+00
  6729.500   1.128111e+00   1.014958e+00
  6730.000   1.127931e+00   1.016144e+00
  6730.500   1.120311e+00   1.017401e+00
  6731.000   1.121622e+00   1.018099e+00
  6731.500   1.122828e+00   1.016065e+00
  6732.000   1.127049e+00   1.011949e+00
  6732.500   1.127390e+00   1.006270e+00
  6733.000   1.126226e+00   9.988173e-01
  6733.500   1.126652e+00   9.999123e-01
  6734.000   1.107130e+00   1.006808e+00
  6734.500   1.126848e+00   1.010948e+00
  6735.000   8.983382e-01   1.012646e+00
  6735.500   1.116859e+00   1.012980e+00
  6736.000   1.112058e+00   1.013287e+00
  6736.500   1.120394e+00   1.012826e+00
  6737.000   1.125569e+00   1.009790e+00
  6737.500   1.124378e+00   1.001224e+00
  6738.000   1.125472e+00   9.917768e-01
  6738.500   1.120866e+00   9.924227e-01
  6739.000   1.125398e+00   9.973943e-01
  6739.500   1.124857e+00   1.001482e+00
  6740.000   1.098565e+00   1.006477e+00
  6740.500   1.110775e+00   1.009087e+00
  6741.000   1.117933e+00   1.006339e+00
  6741.500   1.117301e+00   1.001232e+00
  6742.000   1.119600e+00   1.000428e+00
  6742.500   1.124912e+00   9.990818e-01
  6743.000   1.124254e+00   9.936009e-01
  6743.500   1.021319e+00   9.940781e-01
  6744.000   1.124079e+00   1.000365e+00
  6744.500   1.114954e+00   1.003089e+00
  6745.000   9.673019e-01   1.001083e+00
  6745.500   1.090055e+00   9.994999e-01
  6746.000   1.119708e+00   1.000209e+00
  6746.500   1.117320e+00   1.001885e+00
  6747.000   1.063077e+00   1.002032e+00
  6747.500   1.114226e+00   9.998384e-01
  6748.000   1.120679e+00   9.940176e-01
  6748.500   1.118803e+00   9.875695e-01
  6749.000   1.120689e+00   9.844296e-01
  6749.500   1.115380e+00   9.740571e-01
  6750.000   1.082327e+00   9.561392e-01
  6750.500   1.085862e+00   9.642072e-01
  6751.000   1.113799e+00   9.873702e-01
  6751.500   1.120882e+00   9.969195e-01
  6752.000   5.625714e-01   9.925029e-01
  6752.500   1.121875e+00   9.808353e-01
  6753.000   1.118351e+00   9.803529e-01
  6753.500   1.121958e+00   9.910949e-01
  6754.000   1.121912e+00   9.985895e-01
  6754.500   1.011379e+00   9.996293e-01
  6755.000   1.115945e+00   9.966686e-01
  6755.500   1.119849e+00   9.932308e-01
  6756.000   1.121682e+00   9.928854e-01
  6756.500   1.114839e+00   9.915153e-01
  6757.000   1.120941e+00   9.884941e-01
  6757.500   1.016761e+00   9.910960e-01
  6758.000   1.120770e+00   9.961896e-01
  6758.500   1.110743e+00   9.973323e-01
  6759.000   1.044022e+00   9.967480e-01
  6759.500   1.112707e+00   9.982442e-01
  6760.000   1.119327e+00   1.000074e+00
  6760.500   1.116899e+00   9.996586e-01
  6761.000   1.107908e+00   9.979207e-01
  6761.500   1.118901e+00   9.973508e-01
  6762.000   1.120126e+00   9.973975e-01
  6762.500   1.120097e+00   9.976611e-01
  6763.000   1.111842e+00   9.979849e-01
  6763.500   1.116138e+00   9.969716e-01
  6764.000   1.104776e+00   9.959178e-01
  6764.500   1.119248e+00   9.962273e-01
  6765.000   1.118591e+00   9.957951e-01
  6765.500   1.109757e+00   9.941721e-01
  6766.000   1.100038e+00   9.919798e-01
  6766.500   1.118942e+00   9.876035e-01
  6767.000   1.115353e+00   9.735053e-01
  6767.500   1.111632e+00   9.484695e-01
  6768.000   1.107273e+00   9.461393e-01
  6768.500   1.112859e+00   9.706073e-01
  6769.000   1.118310e+00   9.861251e-01
  6769.500   1.081900e+00   9.899553e-01
  6770.000   1.115652e+00   9.893312e-01
  6770.500   1.117716e+00   9.841432e-01
  6771.000   1.112365e+00   9.774998e-01
  6771.500   1.098453e+00   9.728097e-01
  6772.000   1.115660e+00   9.623140e-01
  6772.500   1.115568e+00   9.610752e-01
  6773.000   1.054124e+00   9.766691e-01
  6773.500   1.117558e+00   9.876557e-01
  6774.000   1.106001e+00   9.905457e-01
  6774.500   1.115701e+00   9.905770e-01
  6775.000   1.112168e+00   9.906652e-01
  6775.500   1.117124e+00   9.911579e-01
  6776.000   1.113319e+00   9.908338e-01
  6776.500   1.114962e+00   9.892509e-01
  6777.000   1.116190e+00   9.862232e-01
  6777.500   1.116261e+00   9.846253e-01
  6778.000   1.115703e+00   9.870471e-01
  6778.500   1.116425e+00   9.896387e-01
  6779.000   1.104584e+00   9.905455e-01
  6779.500   1.114097e+00   9.903479e-01
  6780.000   1.116054e+00   9.893027e-01
  6780.500   1.115938e+00   9.877964e-01
  6781.000   1.115811e+00   9.860880e-01
  6781.500   1.115661e+00   9.829968e-01
  6782.000   1.115265e+00   9.781903e-01
  6782.500   1.115084e+00   9.748073e-01
  6783.000   1.114723e+00   9.718256e-01
  6783.500   1.112775e+00   9.657979e-01
  6784.000   1.095420e+00   9.633086e-01
  6784.500   1.102847e+00   9.673874e-01
  6785.000   1.109177e+00   9.716154e-01
  6785.500   1.065575e+00   9.718670e-01
  6786.000   1.078511e+00   9.677221e-01
  6786.500   1.104032e+00   9.620157e-01
  6787.000   1.101277e+00   9.635138e-01
  6787.500   1.107142e+00   9.737123e-01
  6788.000   1.098640e+00   9.808743e-01
  6788.500   1.108501e+00   9.823082e-01
  6789.000   1.103117e+00   9.810830e-01
  6789.500   1.107930e+00   9.800421e-01
  6790.000   1.113663e+00   9.796298e-01
  6790.500   1.113491e+00   9.798999e-01
  6791.000   1.091927e+00   9.811370e-01
  6791.500   1.109143e+00   9.819677e-01
  6792.000   1.106964e+00   9.810680e-01
  6792.500   1.099039e+00   9.770604e-01
  6793.000   1.112543e+00   9.686920e-01
  6793.500   1.112948e+00   9.623615e-01
  6794.000   1.112822e+00   9.644876e-01
  6794.500   1.112707e+00   9.685740e-01
  6795.000   1.107802e+00   9.696385e-01
  6795.500   9.885389e-01   9.658132e-01
  6796.000   1.104630e+00   9.615569e-01
  6796.500   1.076452e+00   9.633644e-01
  6797.000   1.111586e+00   9.683042e-01
  6797.500   1.107963e+00   9.716138e-01
  6798.000   1.018585e+00   9.713369e-01
  6798.500   1.098988e+00   9.689676e-01
  6799.000   1.099302e+00   9.687018e-01
  6799.500   1.109338e+00   9.701566e-01
  6800.000   1.105667e+00   9.695164e-01
  6800.500   1.105452e+00   9.676472e-01
  6801.000   1.099229e+00   9.696943e-01
  6801.500   1.107485e+00   9.730247e-01
  6802.000   1.107532e+00   9.743797e-01
  6802.500   1.038589e+00   9.738889e-01
  6803.000   1.110264e+00   9.701688e-01
  6803.500   1.104798e+00   9.604978e-01
  6804.000   1.110373e+00   9.507927e-01
  6804.500   1.106422e+00   9.549314e-01
  6805.000   1.106304e+00   9.648294e-01
  6805.500   1.109879e+00   9.682700e-01
  6806.000   1.088871e+00   9.643568e-01
  6806.500   1.107177e+00   9.542409e-01
  6807.000   1.108874e+00   9.510573e-01
  6807.500   1.104116e+00   9.605469e-01
  6808.000   1.109549e+00   9.678495e-01
  6808.500   1.102786e+00   9.693475e-01
  6809.000   1.108245e+00   9.665306e-01
  6809.500   1.107916e+00   9.567672e-01
  6810.000   1.108030e+00   9.412182e-01
  6810.500   1.108983e+00   9.405931e-01
  6811.000   1.108264e+00   9.558006e-01
  6811.500   1.105674e+00   9.648840e-01
  6812.000   1.081177e+00   9.662232e-01
  6812.500   1.107427e+00   9.653765e-01
  6813.000   1.107745e+00   9.630639e-01
  6813.500   1.108266e+00   9.592626e-01
  6814.000   1.100146e+00   9.574973e-01
  6814.500   1.107054e+00   9.551836e-01
  6815.000   1.106985e+00   9.538276e-01
  6815.500   1.046567e+00   9.591939e-01
  6816.000   1.104646e+00   9.647384e-01
  6816.500   1.103378e+00   9.670370e-01
  6817.000   1.100352e+00   9.673353e-01
  6817.500   1.104883e+00   9.664544e-01
  6818.000   1.106989e+00   9.651651e-01
  6818.500   1.107287e+00   9.635779e-01
  6819.000   1.107174e+00   9.596206e-01
  6819.500   1.100172e+00   9.509984e-01
  6820.000   1.097945e+00   9.395874e-01
  6820.500   1.103427e+00   9.372334e-01
  6821.000   1.106592e+00   9.492195e-01
  6821.500   1.053798e+00   9.585983e-01
  6822.000   1.103604e+00   9.616395e-01
  6822.500   1.103039e+00   9.628273e-01
  6823.000   1.105411e+00   9.631984e-01
  6823.500   1.105793e+00   9.629072e-01
  6824.000   1.101668e+00   9.623054e-01
  6824.500   1.105939e+00   9.612732e-01
  6825.000   1.101625e+00   9.607705e-01
  6825.500   1.101031e+00   9.612580e-01
  6826.000   1.103680e+00   9.612172e-01
  6826.500   1.105281e+00   9.600701e-01
  6827.000   1.105057e+00   9.566644e-01
  6827.500   1.105256e+00   9.477553e-01
  6828.000   1.103720e+00   9.304257e-01
  6828.500   1.099063e+00   9.173922e-01
  6829.000   1.103314e+00   9.285914e-01
  6829.500   1.103583e+00   9.465293e-01
  6830.000   1.074971e+00   9.547846e-01
  6830.500   6.953906e-01   9.575799e-01
  6831.000   1.104219e+00   9.583501e-01
  6831.500   1.087316e+00   9.581014e-01
  6832.000   1.103134e+00   9.572309e-01
  6832.500   1.103464e+00   9.551691e-01
  6833.000   1.104038e+00   9.522622e-01
  6833.500   1.103814e+00   9.522468e-01
  6834.000   1.102270e+00   9.546190e-01
  6834.500   1.103259e+00   9.551346e-01
  6835.000   1.093660e+00   9.539457e-01
  6835.500   1.099672e+00   9.533660e-01
  6836.000   1.103345e+00   9.520976e-01
  6836.500   1.103247e+00   9.469069e-01
  6837.000   1.090211e+00   9.417545e-01
  6837.500   1.102948e+00   9.417197e-01
  6838.000   1.102857e+00   9.368270e-01
  6838.500   1.091694e+00   9.233848e-01
  6839.000   1.080878e+00   9.167925e-01
  6839.500   1.101839e+00   9.188523e-01
  6840.000   1.095052e+00   9.217079e-01
  6840.500   1.053924e+00   9.200498e-01
  6841.000   1.086432e+00   9.016008e-01
  6841.500   1.093587e+00   8.885813e-01
  6842.000   1.099042e+00   8.936711e-01
  6842.500   1.098261e+00   8.978063e-01
  6843.000   1.051714e+00   8.989470e-01
  6843.500   1.087169e+00   8.992043e-01
  6844.000   1.013940e+00   9.131424e-01
  6844.500   9.893280e-01   9.336623e-01
  6845.000   1.083048e+00   9.436857e-01
  6845.500   7.848015e-01   9.468685e-01
  6846.000   1.100424e+00   9.475429e-01
  6846.500   1.090833e+00   9.473428e-01
  6847.000   1.088998e+00   9.462299e-01
  6847.500   1.100444e+00   9.435985e-01
  6848.000   1.100428e+00   9.395089e-01
  6848.500   1.098292e+00   9.354282e-01
  6849.000   1.100454e+00   9.371507e-01
  6849.500   1.059316e+00   9.411274e-01
  6850.000   1.099848e+00   9.415496e-01
  6850.500   1.011372e+00   9.407282e-01
  6851.000   1.096274e+00   9.418922e-01
  6851.500   1.095846e+00   9.427135e-01
  6852.000   1.099007e+00   9.434285e-01
  6852.500   1.094349e+00   9.438862e-01
  6853.000   1.099255e+00   9.436206e-01
  6853.500   1.070547e+00   9.409268e-01
  6854.000   1.099340e+00   9.311419e-01
  6854.500   1.096264e+00   9.087305e-01
  6855.000   1.099174e+00   8.836268e-01
  6855.500   1.097647e+00   8.868080e-01
  6856.000   1.097360e+00   9.101797e-01
  6856.500   1.094721e+00   9.235368e-01
  6857.000   7.794475e-01   9.204885e-01
  6857.500   1.074884e+00   9.107132e-01
  6858.000   1.087319e+00   9.030527e-01
  6858.500   1.095196e+00   9.117110e-01
  6859.000   1.087907e+00   9.277794e-01
  6859.500   1.094350e+00   9.336081e-01
  6860.000   8.151369e-01   9.308025e-01
  6860.500   1.096396e+00   9.258314e-01
  6861.000   1.094927e+00   9.211344e-01
  6861.500   1.096799e+00   9.151469e-01
  6862.000   1.071483e+00   9.093210e-01
  6862.500   1.091690e+00   9.114673e-01
  6863.000   1.090635e+00   9.235554e-01
  6863.500   1.093732e+00   9.326438e-01
  6864.000   1.093083e+00   9.342979e-01
  6864.500   1.061240e+00   9.345069e-01
  6865.000   1.096885e+00   9.355493e-01
  6865.500   1.096287e+00   9.357452e-01
  6866.000   1.096021e+00   9.359220e-01
  6866.500   1.096217e+00   9.374655e-01
  6867.000   1.096208e+00   9.436562e-01
  6867.500   1.076130e+00   9.532954e-01
  6868.000   1.095483e+00   9.584709e-01
  6868.500   1.095803e+00   9.608154e-01
  6869.000   1.095439e+00   9.600866e-01
  6869.500   1.095967e+00   9.485939e-01
  6870.000   1.095040e+00   9.525342e-01
  6870.500   1.094552e+00   9.450236e-01
  6871.000   1.095464e+00   9.533585e-01
  6871.500   1.094671e+00   9.483764e-01
  6872.000   1.077405e+00   9.402561e-01
  6872.500   1.093995e+00   9.400822e-01
  6873.000   1.094961e+00   9.447056e-01
  6873.500   1.094961e+00   9.431570e-01
  6874.000   1.091807e+00   9.473241e-01
  6874.500   1.084285e+00   9.476157e-01
  6875.000   1.094633e+00   9.381019e-01
  6875.500   1.094118e+00   9.358665e-01
  6876.000   1.094384e+00   9.279498e-01
  6876.500   1.094360e+00   9.329331e-01
  6877.000   1.094125e+00   9.371657e-01
  6877.500   1.092246e+00   9.391847e-01
  6878.000   1.082637e+00   9.306468e-01
  6878.500   1.091054e+00   9.253247e-01
  6879.000   1.092939e+00   9.253075e-01
  6879.500   1.092196e+00   9.212778e-01
  6880.000   1.090200e+00   9.230504e-01
  6880.500   1.085209e+00   9.157557e-01
  6881.000   1.045452e+00   9.076294e-01
  6881.500   1.082614e+00   8.982568e-01
  6882.000   1.089357e+00   8.917784e-01
  6882.500   9.963384e-01   8.879756e-01
  6883.000   1.085856e+00   8.930757e-01
  6883.500   1.061610e+00   9.107961e-01
  6884.000   1.089768e+00   9.269401e-01
  6884.500   1.003769e+00   9.263197e-01
  6885.000   9.091550e-01   9.214740e-01
  6885.500   1.092354e+00   9.154945e-01
  6886.000   1.090347e+00   9.162019e-01
  6886.500   1.092224e+00   9.254385e-01
  6887.000   1.090471e+00   9.264891e-01
  6887.500   1.085287e+00   9.218402e-01
  6888.000   1.091832e+00   9.227497e-01
  6888.500   1.091547e+00   9.279999e-01
  6889.000   1.085970e+00   9.360220e-01
  6889.500   1.063109e+00   9.332225e-01
  6890.000   1.089897e+00   9.366690e-01
  6890.500   1.091108e+00   9.284374e-01
  6891.000   1.090934e+00   9.255802e-01
  6891.500   1.091137e+00   9.257972e-01
  6892.000   1.090921e+00   9.289171e-01
  6892.500   1.087991e+00   9.360546e-01
  6893.000   1.090843e+00   9.333382e-01
  6893.500   1.090357e+00   9.323305e-01
  6894.000   1.090582e+00   9.219986e-01
  6894.500   1.090408e+00   9.144423e-01
  6895.000   1.090212e+00   9.091809e-01
  6895.500   1.089832e+00   9.119889e-01
  6896.000   1.083031e+00   9.243794e-01
  6896.500   1.083633e+00   9.254480e-01
  6897.000   1.058395e+00   9.295759e-01
  6897.500   1.077963e+00   9.195268e-01
  6898.000   1.088524e+00   9.117908e-01
  6898.500   1.084918e+00   9.106533e-01
  6899.000   1.089365e+00   9.153719e-01
  6899.500   1.088978e+00   9.211199e-01
  6900.000   1.087516e+00   9.281033e-01
  6900.500   1.087434e+00   9.242221e-01
  6901.000   1.088758e+00   9.251971e-01
  6901.500   1.088795e+00   9.170453e-01
  6902.000   1.088779e+00   9.123144e-01
  6902.500   1.087418e+00   9.075494e-01
  6903.000   1.075515e+00   9.060489e-01
  6903.500   1.082707e+00   9.129964e-01
  6904.000   1.088135e+00   9.222426e-01
  6904.500   1.087316e+00   9.187141e-01
  6905.000   1.086179e+00   9.156381e-01
  6905.500   1.088097e+00   9.040778e-01
  6906.000   1.087934e+00   9.013631e-01
  6906.500   1.087608e+00   9.041775e-01
  6907.000   1.085826e+00   9.088380e-01
  6907.500   1.061296e+00   9.114964e-01
  6908.000   1.075815e+00   9.145319e-01
  6908.500   1.081294e+00   9.207561e-01
  6909.000   1.086609e+00   9.189876e-01
  6909.500   1.080079e+00   9.210039e-01
  6910.000   1.082446e+00   9.147820e-01
  6910.500   1.087024e+00   9.103328e-01
  6911.000   1.086948e+00   9.055058e-01
  6911.500   1.086840e+00   9.023391e-01
  6912.000   1.084404e+00   9.050326e-01
  6912.500   1.086597e+00   9.092158e-01
  6913.000   1.068833e+00   9.110591e-01
  6913.500   1.048695e+00   9.028596e-01
  6914.000   1.086073e+00   8.849947e-01
  6914.500   1.086166e+00   8.624092e-01
  6915.000   1.084995e+00   8.726960e-01
  6915.500   1.078366e+00   8.901599e-01
  6916.000   1.085675e+00   8.863787e-01
  6916.500   5.878563e-01   8.700727e-01
  6917.000   1.085049e+00   8.715000e-01
  6917.500   1.085464e+00   8.893353e-01
  6918.000   1.084927e+00   9.005068e-01
  6918.500   9.679162e-01   9.012180e-01
  6919.000   1.069097e+00   9.062259e-01
  6919.500   1.080979e+00   9.047463e-01
  6920.000   1.082171e+00   9.019727e-01
  6920.500   1.062474e+00   9.024083e-01
  6921.000   1.083461e+00   9.046438e-01
  6921.500   1.084197e+00   9.059649e-01
  6922.000   1.060287e+00   9.065231e-01
  6922.500   1.083825e+00   9.062258e-01
  6923.000   1.084057e+00   9.040952e-01
  6923.500   1.083198e+00   8.966204e-01
  6924.000   1.084133e+00   8.814966e-01
  6924.500   1.084025e+00   8.737957e-01
  6925.000   1.083920e+00   8.716256e-01
  6925.500   1.083754e+00   8.713808e-01
  6926.000   1.009359e+00   8.777700e-01
  6926.500   1.083189e+00   8.876381e-01
  6927.000   1.076351e+00   8.959769e-01
  6927.500   1.082293e+00   8.992104e-01
  6928.000   9.301052e-01   8.992416e-01
  6928.500   1.081366e+00   9.001087e-01
  6929.000   1.082895e+00   9.021392e-01
  6929.500   1.082867e+00   9.031051e-01
  6930.000   1.076786e+00   8.989583e-01
  6930.500   1.073490e+00   8.946959e-01
  6931.000   1.075525e+00   8.948779e-01
  6931.500   1.082499e+00   8.967638e-01
  6932.000   1.078534e+00   8.951494e-01
  6932.500   1.032283e+00   8.886730e-01
  6933.000   1.068929e+00   8.791221e-01
  6933.500   1.082077e+00   8.747926e-01
  6934.000   1.079404e+00   8.828155e-01
  6934.500   1.077412e+00   8.936148e-01
  6935.000   1.022221e+00   8.970830e-01
  6935.500   8.810930e-01   8.964634e-01
  6936.000   1.081513e+00   8.938997e-01
  6936.500   1.081374e+00   8.919424e-01
  6937.000   1.081115e+00   8.923403e-01
  6937.500   1.073782e+00   8.938771e-01
  6938.000   1.078510e+00   8.942442e-01
  6938.500   1.068220e+00   8.935617e-01
  6939.000   1.071373e+00   8.941194e-01
  6939.500   1.077470e+00   8.966191e-01
  6940.000   1.080604e+00   8.981288e-01
  6940.500   1.078516e+00   8.981377e-01
  6941.000   1.080143e+00   8.977952e-01
  6941.500   1.080144e+00   8.965116e-01
  6942.000   1.080238e+00   8.944141e-01
  6942.500   1.080140e+00   8.912544e-01
  6943.000   1.080032e+00   8.896606e-01
  6943.500   1.079924e+00   8.891949e-01
  6944.000   1.079773e+00   8.853937e-01
  6944.500   1.067131e+00   8.691218e-01
  6945.000   1.068767e+00   8.460738e-01
  6945.500   1.070922e+00   8.487694e-01
  6946.000   1.078409e+00   8.717908e-01
  6946.500   1.078851e+00   8.843687e-01
  6947.000   1.009320e+00   8.854574e-01
  6947.500   1.076646e+00   8.852760e-01
  6948.000   1.078370e+00   8.866691e-01
  6948.500   1.078804e+00   8.898416e-01
  6949.000   1.078723e+00   8.912525e-01
  6949.500   1.052955e+00   8.894802e-01
  6950.000   1.077235e+00   8.859058e-01
  6950.500   1.078409e+00   8.756476e-01
  6951.000   1.077940e+00   8.597986e-01
  6951.500   1.078021e+00   8.579070e-01
  6952.000   1.077890e+00   8.700902e-01
  6952.500   1.077476e+00   8.750287e-01
  6953.000   1.059504e+00   8.734933e-01
  6953.500   1.044307e+00   8.767878e-01
  6954.000   1.073176e+00   8.808925e-01
  6954.500   1.073699e+00   8.799783e-01
  6955.000   1.000431e+00   8.776891e-01
  6955.500   1.070929e+00   8.805872e-01
  6956.000   1.073366e+00   8.857037e-01
  6956.500   1.073767e+00   8.888802e-01
  6957.000   9.981935e-01   8.864636e-01
  6957.500   1.067257e+00   8.850415e-01
  6958.000   1.076751e+00   8.849040e-01
  6958.500   1.075928e+00   8.851056e-01
  6959.000   1.072595e+00   8.841585e-01
  6959.500   1.075725e+00   8.812148e-01
  6960.000   1.065433e+00   8.758594e-01
  6960.500   1.076199e+00   8.757504e-01
  6961.000   1.067365e+00   8.808100e-01
  6961.500   1.074411e+00   8.836949e-01
  6962.000   1.063228e+00   8.831819e-01
  6962.500   1.067386e+00   8.822353e-01
  6963.000   1.075512e+00   8.814700e-01
  6963.500   1.073855e+00   8.813686e-01
  6964.000   1.075293e+00   8.813066e-01
  6964.500   1.074643e+00   8.791400e-01
  6965.000   1.071897e+00   8.726736e-01
  6965.500   1.063275e+00   8.675801e-01
  6966.000   1.074683e+00   8.700590e-01
  6966.500   1.073727e+00   8.751239e-01
  6967.000   1.067763e+00   8.785410e-01
  6967.500   1.037860e+00   8.802663e-01
  6968.000   1.066916e+00   8.802996e-01
  6968.500   1.070350e+00   8.797353e-01
  6969.000   1.073712e+00   8.796152e-01
  6969.500   1.074180e+00   8.795782e-01
  6970.000   1.067210e+00   8.781705e-01
  6970.500   1.059688e+00   8.762663e-01
  6971.000   1.066721e+00   8.749090e-01
  6971.500   1.073844e+00   8.724034e-01
  6972.000   1.072948e+00   8.715290e-01
  6972.500   1.069331e+00   8.744227e-01
  6973.000   1.069068e+00   8.762862e-01
  6973.500   1.065988e+00   8.758472e-01
  6974.000   1.067463e+00   8.743569e-01
  6974.500   1.073160e+00   8.703378e-01
  6975.000   1.070918e+00   8.618912e-01
  6975.500   1.061685e+00   8.515162e-01
  6976.000   1.071696e+00   8.394189e-01
  6976.500   1.069170e+00   8.275923e-01
  6977.000   1.071756e+00   8.294832e-01
  6977.500   1.057800e+00   8.330669e-01
  6978.000   1.067810e+00   8.182309e-01
  6978.500   8.886089e-01   7.945306e-01
  6979.000   1.066965e+00   7.977365e-01
  6979.500   1.064676e+00   8.218358e-01
  6980.000   1.059869e+00   8.423445e-01
  6980.500   1.046484e+00   8.569696e-01
  6981.000   1.054543e+00   8.627111e-01
  6981.500   1.066460e+00   8.650362e-01
  6982.000   1.070093e+00   8.677408e-01
  6982.500   1.071082e+00   8.704555e-01
  6983.000   1.060279e+00   8.714215e-01
  6983.500   1.029410e+00   8.712009e-01
  6984.000   1.067549e+00   8.712188e-01
  6984.500   1.061218e+00   8.712232e-01
  6985.000   1.068644e+00   8.710760e-01
  6985.500   1.054113e+00   8.695005e-01
  6986.000   1.070402e+00   8.672341e-01
  6986.500   1.054401e+00   8.659095e-01
  6987.000   1.070463e+00   8.657704e-01
  6987.500   1.057538e+00   8.649980e-01
  6988.000   1.069594e+00   8.584862e-01
  6988.500   1.015496e+00   8.521263e-01
  6989.000   1.059232e+00   8.575060e-01
  6989.500   1.067938e+00   8.625544e-01
  6990.000   1.069745e+00   8.650802e-01
  6990.500   8.798302e-01   8.676656e-01
  6991.000   1.069596e+00   8.682737e-01
  6991.500   1.042858e+00   8.674464e-01
  6992.000   1.067345e+00   8.653597e-01
  6992.500   1.069267e+00   8.616567e-01
  6993.000   1.068059e+00   8.603873e-01
  6993.500   1.068962e+00   8.637839e-01
  6994.000   1.068564e+00   8.646563e-01
  6994.500   1.066997e+00   8.625239e-01
  6995.000   1.062019e+00   8.622307e-01
  6995.500   1.068470e+00   8.643783e-01
  6996.000   1.068489e+00   8.653123e-01
  6996.500   1.063109e+00   8.641925e-01
  6997.000   1.052694e+00   8.635513e-01
  6997.500   1.068140e+00   8.637641e-01
  6998.000   1.068074e+00   8.616518e-01
  6998.500   1.061214e+00   8.536466e-01
  6999.000   1.062366e+00   8.414326e-01
  6999.500   1.067623e+00   8.275293e-01
  7000.000   1.065515e+00   8.221528e-01
  7000.500   1.067528e+00   8.327102e-01
  7001.000   1.039883e+00   8.451817e-01
  7001.500   1.057784e+00   8.516830e-01
  7002.000   1.049763e+00   8.552851e-01
  7002.500   9.765605e-01   8.537712e-01
  7003.000   1.066825e+00   8.406759e-01
  7003.500   9.786302e-01   8.249706e-01
  7004.000   1.055050e+00   8.276523e-01
  7004.500   1.066482e+00   8.359915e-01
  7005.000   1.065061e+00   8.325894e-01
  7005.500   7.227019e-01   8.155100e-01
  7006.000   1.058751e+00   8.088130e-01
  7006.500   1.036236e+00   8.254897e-01
  7007.000   1.063955e+00   8.389697e-01
  7007.500   1.000259e+00   8.414456e-01
  7008.000   1.006518e+00   8.415430e-01
  7008.500   1.050739e+00   8.486011e-01
  7009.000   1.026479e+00   8.553641e-01
  7009.500   1.053572e+00   8.564678e-01
  7010.000   1.021129e+00   8.530755e-01
  7010.500   1.064957e+00   8.483370e-01
  7011.000   1.058586e+00   8.448272e-01
  7011.500   1.058890e+00   8.418762e-01
  7012.000   1.064651e+00   8.361668e-01
  7012.500   1.063818e+00   8.286779e-01
  7013.000   1.057064e+00   8.337986e-01
  7013.500   1.063275e+00   8.462990e-01
  7014.000   1.059374e+00   8.522233e-01
  7014.500   9.036804e-01   8.502231e-01
  7015.000   1.051085e+00   8.418119e-01
  7015.500   1.062996e+00   8.206505e-01
  7016.000   1.061036e+00   7.857226e-01
  7016.500   1.047169e+00   7.722991e-01
  7017.000   1.038593e+00   7.899737e-01
  7017.500   1.063516e+00   8.088849e-01
  7018.000   6.469051e-01   8.269346e-01
  7018.500   9.421151e-01   8.424540e-01
  7019.000   1.057692e+00   8.487297e-01
  7019.500   9.760131e-01   8.517033e-01
  7020.000   1.044168e+00   8.538639e-01
  7020.500   1.061283e+00   8.546921e-01
  7021.000   1.033602e+00   8.537795e-01
  7021.500   1.060426e+00   8.492321e-01
  7022.000   1.061807e+00   8.371191e-01
  7022.500   1.062553e+00   8.164172e-01
  7023.000   1.060471e+00   8.020355e-01
  7023.500   1.062383e+00   8.050197e-01
  7024.000   1.054506e+00   8.046286e-01
  7024.500   1.055478e+00   8.022523e-01
  7025.000   9.580397e-01   8.147345e-01
  7025.500   1.010822e+00   8.338178e-01
  7026.000   8.358513e-01   8.416823e-01
  7026.500   9.528548e-01   8.419027e-01
  7027.000   1.057070e+00   8.426552e-01
  7027.500   1.051618e+00   8.437834e-01
  7028.000   1.053003e+00   8.436350e-01
  7028.500   1.011531e+00   8.410361e-01
  7029.000   1.047577e+00   8.376501e-01
  7029.500   1.002244e+00   8.365879e-01
  7030.000   1.061043e+00   8.362179e-01
  7030.500   1.023297e+00   8.384655e-01
  7031.000   1.018422e+00   8.405041e-01
  7031.500   1.060606e+00   8.396425e-01
  7032.000   9.512134e-01   8.345127e-01
  7032.500   1.060428e+00   8.335148e-01
  7033.000   1.027430e+00   8.391292e-01
  7033.500   1.059525e+00   8.389596e-01
  7034.000   1.044981e+00   8.273107e-01
  7034.500   1.046857e+00   8.082763e-01
  7035.000   1.058982e+00   8.020708e-01
  7035.500   1.058742e+00   8.192550e-01
  7036.000   1.011237e+00   8.364475e-01
  7036.500   1.048856e+00   8.425601e-01
  7037.000   9.945398e-01   8.394913e-01
  7037.500   1.050184e+00   8.260158e-01
  7038.000   1.056173e+00   8.046183e-01
  7038.500   1.058051e+00   7.985275e-01
  7039.000   1.057312e+00   8.150702e-01
  7039.500   1.055291e+00   8.340247e-01
  7040.000   1.027943e+00   8.438155e-01
  7040.500   1.051906e+00   8.468439e-01
  7041.000   1.057343e+00   8.474629e-01
  7041.500   1.058289e+00   8.471669e-01
  7042.000   1.054899e+00   8.464572e-01
  7042.500   1.058271e+00   8.460774e-01
  7043.000   1.056551e+00   8.459050e-01
  7043.500   1.057912e+00   8.446622e-01
  7044.000   1.047561e+00   8.403462e-01
  7044.500   1.057451e+00   8.344513e-01
  7045.000   1.053376e+00   8.333960e-01
  7045.500   1.057628e+00   8.375880e-01
  7046.000   1.055851e+00   8.420157e-01
  7046.500   1.021751e+00   8.437105e-01
  7047.000   1.035759e+00   8.438821e-01
  7047.500   1.056703e+00   8.446065e-01
  7048.000   1.054253e+00   8.454605e-01
  7048.500   1.056953e+00   8.454155e-01
  7049.000   1.037044e+00   8.449849e-01
  7049.500   1.055317e+00   8.446848e-01
  7050.000   1.056641e+00   8.443244e-01
  7050.500   1.056520e+00   8.438633e-01
  7051.000   1.051826e+00   8.433926e-01
  7051.500   1.050669e+00   8.412519e-01
  7052.000   1.056187e+00   8.361009e-01
  7052.500   1.053713e+00   8.275801e-01
  7053.000   1.053645e+00   8.241999e-01
  7053.500   1.050823e+00   8.298305e-01
  7054.000   1.055690e+00   8.328644e-01
  7054.500   1.050686e+00   8.324070e-01
  7055.000   1.042199e+00   8.311495e-01
  7055.500   1.053564e+00   8.272877e-01
  7056.000   1.019010e+00   8.247566e-01
  7056.500   1.032151e+00   8.300039e-01
  7057.000   1.042571e+00   8.365547e-01
  7057.500   1.049065e+00   8.384664e-01
  7058.000   1.006720e+00   8.379241e-01
  7058.500   1.043170e+00   8.364210e-01
  7059.000   1.052944e+00   8.331975e-01
  7059.500   1.053539e+00   8.276157e-01
  7060.000   1.047586e+00   8.182783e-01
  7060.500   1.051671e+00   8.133362e-01
  7061.000   1.041948e+00   8.207103e-01
  7061.500   1.043800e+00   8.301647e-01
  7062.000   1.030376e+00   8.334197e-01
  7062.500   9.693456e-01   8.310346e-01
  7063.000   1.042028e+00   8.279947e-01
  7063.500   1.048786e+00   8.297199e-01
  7064.000   1.051131e+00   8.340187e-01
  7064.500   1.045683e+00   8.370454e-01
  7065.000   1.024120e+00   8.375673e-01
  7065.500   9.822608e-01   8.362950e-01
  7066.000   1.050143e+00   8.328963e-01
  7066.500   1.052722e+00   8.291894e-01
  7067.000   1.047973e+00   8.241230e-01
  7067.500   1.052506e+00   8.148457e-01
  7068.000   1.040420e+00   7.995754e-01
  7068.500   1.046665e+00   7.927650e-01
  7069.000   1.025092e+00   8.079298e-01
  7069.500   1.037157e+00   8.238982e-01
  7070.000   1.012685e+00   8.317124e-01
  7070.500   9.621157e-01   8.346817e-01
  7071.000   1.028093e+00   8.325076e-01
  7071.500   1.009337e+00   8.254879e-01
  7072.000   1.039942e+00   8.222951e-01
  7072.500   1.048931e+00   8.268255e-01
  7073.000   1.051489e+00   8.316457e-01
  7073.500   1.049870e+00   8.346669e-01
  7074.000   1.044410e+00   8.349676e-01
  7074.500   1.047888e+00   8.341784e-01
  7075.000   1.050033e+00   8.347285e-01
  7075.500   1.047605e+00   8.350846e-01
  7076.000   1.050511e+00   8.341132e-01
  7076.500   1.032262e+00   8.333371e-01
  7077.000   1.049937e+00   8.340216e-01
  7077.500   1.050420e+00   8.350950e-01
  7078.000   1.049229e+00   8.350413e-01
  7078.500   1.041068e+00   8.342320e-01
  7079.000   1.047567e+00   8.334612e-01
  7079.500   1.050024e+00   8.337019e-01
  7080.000   1.046733e+00   8.349774e-01
  7080.500   1.049811e+00   8.357604e-01
  7081.000   1.046532e+00   8.356313e-01
  7081.500   1.049574e+00   8.341789e-01
  7082.000   1.049507e+00   8.310659e-01
  7082.500   1.049384e+00   8.259408e-01
  7083.000   1.049261e+00   8.160720e-01
  7083.500   1.049107e+00   8.031656e-01
  7084.000   1.044772e+00   7.938004e-01
  7084.500   1.033720e+00   7.856348e-01
  7085.000   1.047584e+00   7.857737e-01
  7085.500   1.032284e+00   8.029913e-01
  7086.000   9.882672e-01   8.160379e-01
  7086.500   9.892064e-01   8.157525e-01
  7087.000   8.235365e-01   8.152486e-01
  7087.500   1.039203e+00   8.186193e-01
  7088.000   1.047467e+00   8.221788e-01
  7088.500   1.043225e+00   8.252442e-01
  7089.000   1.044090e+00   8.249678e-01
  7089.500   1.035218e+00   8.172293e-01
  7090.000   1.020922e+00   7.997386e-01
  7090.500   1.045501e+00   7.913324e-01
  7091.000   1.038512e+00   8.045730e-01
  7091.500   1.038842e+00   8.148345e-01
  7092.000   1.043369e+00   8.158343e-01
  7092.500   1.006750e+00   8.148500e-01
  7093.000   1.045699e+00   8.139839e-01
  7093.500   1.046056e+00   8.181234e-01
  7094.000   1.026022e+00   8.223397e-01
  7094.500   1.046012e+00   8.214123e-01
  7095.000   9.699280e-01   8.155560e-01
  7095.500   1.043998e+00   8.115300e-01
  7096.000   1.045294e+00   8.150619e-01
  7096.500   1.045158e+00   8.162984e-01
  7097.000   1.044685e+00   8.135096e-01
  7097.500   1.028062e+00   8.154045e-01
  7098.000   1.040652e+00   8.209411e-01
  7098.500   1.039837e+00   8.247193e-01
  7099.000   9.901199e-01   8.257133e-01
  7099.500   1.034608e+00   8.246085e-01
  7100.000   1.036303e+00   8.226646e-01
  7100.500   1.044220e+00   8.233778e-01
  7101.000   1.042714e+00   8.248113e-01
  7101.500   1.044986e+00   8.240652e-01
  7102.000   1.012355e+00   8.231931e-01
  7102.500   1.044868e+00   8.235686e-01
  7103.000   1.037916e+00   8.233683e-01
  7103.500   1.044446e+00   8.239240e-01
  7104.000   1.028036e+00   8.257473e-01
  7104.500   1.044438e+00   8.267418e-01
  7105.000   1.039817e+00   8.266379e-01
  7105.500   1.034686e+00   8.257480e-01
  7106.000   1.044099e+00   8.242068e-01
  7106.500   1.043785e+00   8.210492e-01
  7107.000   1.040791e+00   8.146681e-01
  7107.500   1.038291e+00   8.105041e-01
  7108.000   1.034027e+00   8.143225e-01
  7108.500   1.043514e+00   8.186120e-01
  7109.000   1.033682e+00   8.198193e-01
  7109.500   9.819077e-01   8.201006e-01
  7110.000   1.033945e+00   8.164320e-01
  7110.500   1.042998e+00   8.060275e-01
  7111.000   1.014937e+00   7.971481e-01
  7111.500   1.042838e+00   7.965735e-01
  7112.000   1.035686e+00   7.966879e-01
  7112.500   1.042271e+00   7.995217e-01
  7113.000   1.020883e+00   8.034425e-01
  7113.500   1.009190e+00   8.084426e-01
  7114.000   1.007948e+00   8.133497e-01
  7114.500   1.041516e+00   8.121001e-01
  7115.000   1.000773e+00   8.085865e-01
  7115.500   1.018591e+00   8.106788e-01
  7116.000   1.036033e+00   8.146738e-01
  7116.500   9.808388e-01   8.127151e-01
  7117.000   1.006388e+00   8.088651e-01
  7117.500   1.038499e+00   8.086697e-01
  7118.000   1.041304e+00   8.096428e-01
  7118.500   1.040500e+00   8.124435e-01
  7119.000   9.779149e-01   8.132336e-01
  7119.500   1.032790e+00   8.092842e-01
  7120.000   9.881078e-01   8.073843e-01
  7120.500   1.029921e+00   8.101360e-01
  7121.000   1.035119e+00   8.082117e-01
  7121.500   1.018155e+00   7.905623e-01
  7122.000   9.584458e-01   7.643050e-01
  7122.500   1.036138e+00   7.678897e-01
  7123.000   1.038641e+00   7.954423e-01
  7123.500   1.035694e+00   8.121549e-01
  7124.000   9.669722e-01   8.172637e-01
  7124.500   1.026457e+00   8.177573e-01
  7125.000   1.039110e+00   8.173055e-01
  7125.500   1.037319e+00   8.171880e-01
  7126.000   1.039349e+00   8.159311e-01
  7126.500   1.037302e+00   8.129409e-01
  7127.000   1.025142e+00   8.073574e-01
  7127.500   1.039224e+00   8.026347e-01
  7128.000   1.025001e+00   8.065568e-01
  7128.500   1.034973e+00   8.118053e-01
  7129.000   1.038331e+00   8.106670e-01
  7129.500   8.711163e-01   8.052389e-01
  7130.000   1.030660e+00   7.948251e-01
  7130.500   1.031988e+00   7.735061e-01
  7131.000   1.035457e+00   7.610913e-01
  7131.500   1.028207e+00   7.786038e-01
  7132.000   1.033212e+00   7.963230e-01
  7132.500   1.026077e+00   7.957811e-01
  7133.000   8.740157e-01   7.909774e-01
  7133.500   1.029200e+00   7.988067e-01
  7134.000   1.024777e+00   8.090710e-01
  7134.500   1.037106e+00   8.131151e-01
  7135.000   8.022705e-01   8.136458e-01
  7135.500   1.033764e+00   8.125478e-01
  7136.000   1.035715e+00   8.123366e-01
  7136.500   1.029567e+00   8.134363e-01
  7137.000   1.028831e+00   8.148367e-01
  7137.500   1.014678e+00   8.158931e-01
  7138.000   1.035016e+00   8.154369e-01
  7138.500   1.019742e+00   8.130465e-01
  7139.000   1.035887e+00   8.103013e-01
  7139.500   1.035646e+00   8.093876e-01
  7140.000   1.035726e+00   8.102093e-01
  7140.500   1.033686e+00   8.118055e-01
  7141.000   1.030140e+00   8.118312e-01
  7141.500   1.030688e+00   8.081989e-01
  7142.000   1.035246e+00   7.999495e-01
  7142.500   1.035163e+00   7.933707e-01
  7143.000   1.028546e+00   7.987365e-01
  7143.500   1.026630e+00   8.059625e-01
  7144.000   1.034138e+00   8.077531e-01
  7144.500   7.737223e-01   8.036983e-01
  7145.000   1.034351e+00   7.941960e-01
  7145.500   1.030791e+00   7.926355e-01
  7146.000   1.019311e+00   8.013113e-01
  7146.500   1.034533e+00   8.040187e-01
  7147.000   1.022574e+00   7.952393e-01
  7147.500   1.026643e+00   7.675353e-01
  7148.000   1.034305e+00   7.321229e-01
  7148.500   1.029426e+00   7.390650e-01
  7149.000   1.032733e+00   7.751391e-01
  7149.500   1.030640e+00   7.965967e-01
  7150.000   8.248794e-01   8.020646e-01
  7150.500   1.007367e+00   8.021774e-01
  7151.000   1.031463e+00   7.990195e-01
  7151.500   1.032596e+00   7.966958e-01
  7152.000   1.025687e+00   8.015687e-01
  7152.500   1.029308e+00   8.068346e-01
  7153.000   1.021430e+00   8.086173e-01
  7153.500   9.272263e-01   8.091121e-01
  7154.000   1.026685e+00   8.083802e-01
  7154.500   1.032465e+00   8.043306e-01
  7155.000   1.031266e+00   7.959364e-01
  7155.500   1.030753e+00   7.879781e-01
  7156.000   1.032585e+00   7.923464e-01
  7156.500   1.031233e+00   8.028614e-01
  7157.000   1.031421e+00   8.079997e-01
  7157.500   9.889994e-01   8.082370e-01
  7158.000   1.030077e+00   8.050375e-01
  7158.500   1.031411e+00   8.023479e-01
  7159.000   1.031952e+00   8.038932e-01
  7159.500   1.031941e+00   8.055857e-01
  7160.000   1.031755e+00   8.047145e-01
  7160.500   9.618856e-01   8.035116e-01
  7161.000   1.027330e+00   8.036672e-01
  7161.500   1.025190e+00   8.036433e-01
  7162.000   1.030353e+00   8.022216e-01
  7162.500   1.024977e+00   8.002236e-01
  7163.000   1.030230e+00   7.969905e-01
  7163.500   1.025374e+00   7.834627e-01
  7164.000   1.030542e+00   7.508080e-01
  7164.500   1.028732e+00   7.199256e-01
  7165.000   1.029450e+00   7.210818e-01
  7165.500   1.013560e+00   7.374813e-01
  7166.000   1.020559e+00   7.638797e-01
  7166.500   6.770735e-01   7.861401e-01
  7167.000   9.845916e-01   7.961316e-01
  7167.500   6.823651e-01   8.036531e-01
  7168.000   1.018675e+00   8.088950e-01
  7168.500   1.017396e+00   8.079262e-01
  7169.000   9.578187e-01   8.066811e-01
  7169.500   1.023964e+00   8.054478e-01
  7170.000   1.029543e+00   8.046272e-01
  7170.500   1.029438e+00   8.044165e-01
  7171.000   1.019370e+00   8.048263e-01
  7171.500   1.029169e+00   8.059726e-01
  7172.000   1.014553e+00   8.069093e-01
  7172.500   1.000000e+00   8.077976e-01
  7173.000   1.027429e+00   8.084286e-01
  7173.500   1.028701e+00   8.089940e-01
  7174.000   1.028509e+00   8.065861e-01
  7174.500   1.012641e+00   8.030125e-01
  7175.000   1.028235e+00   7.973773e-01
  7175.500   1.028010e+00   7.869887e-01
  7176.000   1.028088e+00   7.777547e-01
  7176.500   1.027905e+00   7.745726e-01
  7177.000   1.024666e+00   7.813478e-01
  7177.500   1.025555e+00   7.967944e-01
  7178.000   9.649177e-01   8.020895e-01
  7178.500   1.022069e+00   8.026876e-01
  7179.000   9.988157e-01   8.001108e-01
  7179.500   1.027205e+00   7.942116e-01
  7180.000   1.027080e+00   7.856533e-01
  7180.500   1.027130e+00   7.743495e-01
  7181.000   1.026477e+00   7.572116e-01
  7181.500   1.026796e+00   7.476309e-01
  7182.000   8.781163e-01   7.514341e-01
  7182.500   1.013725e+00   7.740470e-01
  7183.000   1.004475e+00   7.928029e-01
  7183.500   1.020402e+00   7.987164e-01
  7184.000   7.502964e-01   7.994384e-01
  7184.500   1.025790e+00   7.977258e-01
  7185.000   1.026038e+00   7.863468e-01
  7185.500   1.021725e+00   7.843979e-01
  7186.000   1.025666e+00   7.821182e-01
  7186.500   9.652447e-01   7.619763e-01
  7187.000   9.986686e-01   7.264082e-01
  7187.500   9.920357e-01   7.220548e-01
  7188.000   1.018932e+00   7.493185e-01
  7188.500   9.988286e-01   7.675784e-01
  7189.000   9.627362e-01   7.685702e-01
  7189.500   8.969035e-01   7.699806e-01
  7190.000   9.995174e-01   7.771530e-01
  7190.500   9.996471e-01   7.857661e-01
  7191.000   1.002959e+00   7.901138e-01
  7191.500   1.018073e+00   7.886281e-01
  7192.000   1.007506e+00   7.786162e-01
  7192.500   1.020021e+00   7.679631e-01
  7193.000   1.024062e+00   7.545513e-01
  7193.500   1.010168e+00   7.549808e-01
  7194.000   1.015017e+00   7.658035e-01
  7194.500   9.855288e-01   7.737605e-01
  7195.000   9.647593e-01   7.785303e-01
  7195.500   9.370219e-01   7.833136e-01
  7196.000   9.963505e-01   7.838436e-01
  7196.500   1.020441e+00   7.716043e-01
  7197.000   9.867576e-01   7.601580e-01
  7197.500   9.800146e-01   7.712831e-01
  7198.000   1.015519e+00   7.878885e-01
  7198.500   1.022532e+00   7.944003e-01
  7199.000   5.904754e-01   7.941873e-01
  7199.500   1.022289e+00   7.935699e-01
  7200.000   1.022632e+00   7.946062e-01
  7200.500   1.018989e+00   7.987783e-01
  7201.000   1.021696e+00   7.926462e-01
  7201.500   1.019505e+00   7.681850e-01
  7202.000   1.015821e+00   7.388762e-01
  7202.500   1.021488e+00   7.434590e-01
  7203.000   1.015486e+00   7.718733e-01
  7203.500   1.021432e+00   7.895499e-01
  7204.000   9.788544e-01   7.977865e-01
  7204.500   1.014138e+00   8.007472e-01
  7205.000   1.015823e+00   7.961136e-01
  7205.500   1.021412e+00   7.910983e-01
  7206.000   1.021307e+00   7.821869e-01
  7206.500   1.009131e+00   7.538225e-01
  7207.000   1.021026e+00   7.031877e-01
  7207.500   1.008733e+00   6.946099e-01
  7208.000   1.007495e+00   7.338807e-01
  7208.500   1.018330e+00   7.637727e-01
  7209.000   9.141023e-01   7.681075e-01
  7209.500   8.048185e-01   7.683575e-01
  7210.000   1.013065e+00   7.774242e-01
  7210.500   1.016712e+00   7.870237e-01
  7211.000   1.019493e+00   7.904856e-01
  7211.500   8.673020e-01   7.880847e-01
  7212.000   1.019635e+00   7.804338e-01
  7212.500   1.018633e+00   7.752100e-01
  7213.000   1.018105e+00   7.791176e-01
  7213.500   1.019577e+00   7.820827e-01
  7214.000   1.018958e+00   7.799035e-01
  7214.500   9.261612e-01   7.743284e-01
  7215.000   1.018495e+00   7.727876e-01
  7215.500   9.983305e-01   7.763828e-01
  7216.000   1.017019e+00   7.760822e-01
  7216.500   1.017798e+00   7.766816e-01
  7217.000   9.885261e-01   7.804036e-01
  7217.500   9.939667e-01   7.829460e-01
  7218.000   1.016508e+00   7.786943e-01
  7218.500   1.014283e+00   7.721579e-01
  7219.000   1.018056e+00   7.682876e-01
  7219.500   1.005538e+00   7.621188e-01
  7220.000   1.015340e+00   7.631994e-01
  7220.500   9.050564e-01   7.660826e-01
  7221.000   1.015843e+00   7.614241e-01
  7221.500   1.006066e+00   7.633842e-01
  7222.000   1.012374e+00   7.678521e-01
  7222.500   1.017411e+00   7.640668e-01
  7223.000   1.008259e+00   7.569256e-01
  7223.500   1.015319e+00   7.491569e-01
  7224.000   1.017147e+00   7.507572e-01
  7224.500   9.911608e-01   7.630833e-01
  7225.000   1.006015e+00   7.721797e-01
  7225.500   9.908175e-01   7.703191e-01
  7226.000   1.014603e+00   7.623205e-01
  7226.500   8.884187e-01   7.656767e-01
  7227.000   1.008169e+00   7.774500e-01
  7227.500   1.015994e+00   7.837877e-01
  7228.000   9.421599e-01   7.789824e-01
  7228.500   1.012127e+00   7.703695e-01
  7229.000   1.013204e+00   7.681227e-01
  7229.500   1.015733e+00   7.742022e-01
  7230.000   1.015770e+00   7.808310e-01
  7230.500   1.009457e+00   7.845301e-01
  7231.000   1.002202e+00   7.856856e-01
  7231.500   9.856212e-01   7.861709e-01
  7232.000   1.010182e+00   7.879763e-01
  7232.500   1.004652e+00   7.899529e-01
  7233.000   1.014911e+00   7.925636e-01
  7233.500   1.000705e+00   7.885037e-01
  7234.000   1.014802e+00   7.871193e-01
  7234.500   1.013307e+00   7.850771e-01
  7235.000   1.014501e+00   7.704042e-01
  7235.500   1.013737e+00   7.584659e-01
  7236.000   1.014424e+00   7.655872e-01
  7236.500   1.014299e+00   7.756834e-01
  7237.000   1.013041e+00   7.809290e-01
  7237.500   9.983726e-01   7.829337e-01
  7238.000   1.006732e+00   7.831787e-01
  7238.500   9.971183e-01   7.808780e-01
  7239.000   1.013712e+00   7.736372e-01
  7239.500   1.010709e+00   7.602582e-01
  7240.000   1.013301e+00   7.570152e-01
  7240.500   1.013372e+00   7.736186e-01
  7241.000   1.005725e+00   7.833295e-01
  7241.500   1.010889e+00   7.818993e-01
  7242.000   9.638237e-01   7.795125e-01
  7242.500   1.012571e+00   7.784543e-01
  7243.000   1.010633e+00   7.804307e-01
  7243.500   1.012066e+00   7.838453e-01
  7244.000   1.007570e+00   7.739159e-01
  7244.500   9.996740e-01   7.570737e-01
  7245.000   9.998938e-01   7.526320e-01
  7245.500   1.011859e+00   7.665631e-01
  7246.000   1.011988e+00   7.761726e-01
  7246.500   9.869786e-01   7.794378e-01
  7247.000   9.799949e-01   7.817262e-01
  7247.500   1.010071e+00   7.818023e-01
  7248.000   1.010347e+00   7.808370e-01
  7248.500   1.010208e+00   7.805464e-01
  7249.000   1.005247e+00   7.795142e-01
  7249.500   1.011337e+00   7.734675e-01
  7250.000   1.011141e+00   7.609689e-01
  7250.500   1.010946e+00   7.472994e-01
  7251.000   1.010982e+00   7.476800e-01
  7251.500   9.953741e-01   7.543427e-01
  7252.000   1.004404e+00   7.636455e-01
  7252.500   9.584170e-01   7.770445e-01
  7253.000   1.008942e+00   7.819382e-01
  7253.500   1.002177e+00   7.808579e-01
  7254.000   1.009549e+00   7.726768e-01
  7254.500   1.009857e+00   7.635451e-01
  7255.000   1.010010e+00   7.630366e-01
  7255.500   1.009961e+00   7.667149e-01
  7256.000   1.009795e+00   7.682120e-01
  7256.500   9.950156e-01   7.718999e-01
  7257.000   1.007690e+00   7.773416e-01
  7257.500   1.007661e+00   7.804054e-01
  7258.000   9.995701e-01   7.805068e-01
  7258.500   1.006345e+00   7.777731e-01
  7259.000   1.009148e+00   7.761511e-01
  7259.500   1.009043e+00   7.760841e-01
  7260.000   1.008883e+00   7.735214e-01
  7260.500   1.004480e+00   7.627073e-01
  7261.000   9.834378e-01   7.412468e-01
  7261.500   1.008575e+00   7.226356e-01
  7262.000   1.008450e+00   7.280309e-01
  7262.500   1.008204e+00   7.516365e-01
  7263.000   8.657078e-01   7.685510e-01
  7263.500   7.553920e-01   7.729718e-01
  7264.000   8.281401e-01   7.743940e-01
  7264.500   1.007407e+00   7.773635e-01
  7265.000   1.007752e+00   7.768381e-01
  7265.500   1.005720e+00   7.768595e-01
  7266.000   1.004972e+00   7.699957e-01
  7266.500   1.006199e+00   7.694303e-01
  7267.000   1.002637e+00   7.715641e-01
  7267.500   1.006766e+00   7.712222e-01
  7268.000   9.919783e-01   7.697289e-01
  7268.500   1.005092e+00   7.682788e-01
  7269.000   1.000055e+00   7.685413e-01
  7269.500   1.004218e+00   7.711262e-01
  7270.000   1.004826e+00   7.730730e-01
  7270.500   9.858361e-01   7.721828e-01
  7271.000   9.900765e-01   7.705651e-01
  7271.500   1.003361e+00   7.688069e-01
  7272.000   1.004174e+00   7.682692e-01
  7272.500   1.000280e+00   7.713420e-01
  7273.000   9.951723e-01   7.771309e-01
  7273.500   9.880080e-01   7.734769e-01
  7274.000   9.816879e-01   7.697961e-01
  7274.500   1.004620e+00   7.625481e-01
  7275.000   1.004676e+00   7.510175e-01
  7275.500   1.004095e+00   7.512859e-01
  7276.000   1.000712e+00   7.617264e-01
  7276.500   1.005118e+00   7.710231e-01
  7277.000   1.003033e+00   7.755014e-01
  7277.500   9.922118e-01   7.757528e-01
  7278.000   1.004714e+00   7.679387e-01
  7278.500   1.004372e+00   7.621412e-01
  7279.000   1.004575e+00   7.631172e-01
  7279.500   1.004461e+00   7.667108e-01
  7280.000   1.003712e+00   7.692684e-01
  7280.500   9.072015e-01   7.696508e-01
  7281.000   9.662096e-01   7.672645e-01
  7281.500   9.977355e-01   7.594144e-01
  7282.000   1.003878e+00   7.419307e-01
  7282.500   1.001978e+00   7.220517e-01
  7283.000   1.003499e+00   7.198788e-01
  7283.500   1.000672e+00   7.339547e-01
  7284.000   9.950908e-01   7.429857e-01
  7284.500   9.577157e-01   7.397539e-01
  7285.000   9.147338e-01   7.362040e-01
  7285.500   9.761601e-01   7.455630e-01
  7286.000   9.916430e-01   7.574290e-01
  7286.500   9.954259e-01   7.635462e-01
  7287.000   9.869234e-01   7.658495e-01
  7287.500   9.999934e-01   7.632191e-01
  7288.000   9.805899e-01   7.445485e-01
  7288.500   9.808290e-01   7.083848e-01
  7289.000   1.002167e+00   6.834268e-01
  7289.500   1.002122e+00   6.998921e-01
  7290.000   9.999140e-01   7.308373e-01
  7290.500   9.897733e-01   7.446352e-01
  7291.000   9.291690e-01   7.368812e-01
  7291.500   9.665493e-01   7.307985e-01
  7292.000   1.000190e+00   7.302237e-01
  7292.500   1.000809e+00   7.142387e-01
  7293.000   9.672052e-01   7.020303e-01
  7293.500   7.155739e-01   7.235385e-01
  7294.000   1.000076e+00   7.472432e-01
  7294.500   9.930779e-01   7.537946e-01
  7295.000   7.015625e-01   7.539940e-01
  7295.500   9.967113e-01   7.577277e-01
  7296.000   9.864369e-01   7.631732e-01
  7296.500   1.000432e+00   7.654746e-01
  7297.000   8.349348e-01   7.646429e-01
  7297.500   9.984392e-01   7.623999e-01
  7298.000   1.000158e+00   7.613790e-01
  7298.500   1.000014e+00   7.613891e-01
  7299.000   9.995967e-01   7.608444e-01
  7299.500   9.942562e-01   7.587894e-01
  7300.000   9.937752e-01   7.529354e-01
  7300.500   9.807435e-01   7.461520e-01
  7301.000   9.991090e-01   7.482995e-01
  7301.500   9.934409e-01   7.539436e-01
  7302.000   9.988583e-01   7.576247e-01
  7302.500   8.679125e-01   7.579646e-01
  7303.000   9.983022e-01   7.590825e-01
  7303.500   9.781257e-01   7.613932e-01
  7304.000   9.988073e-01   7.648430e-01
  7304.500   9.982938e-01   7.638932e-01
  7305.000   9.834201e-01   7.621895e-01
  7305.500   9.983937e-01   7.583415e-01
  7306.000   9.976378e-01   7.484073e-01
  7306.500   9.970696e-01   7.374680e-01
  7307.000   9.948224e-01   7.346595e-01
  7307.500   9.980478e-01   7.273316e-01
  7308.000   9.880047e-01   7.200675e-01
  7308.500   8.953874e-01   7.331336e-01
  7309.000   9.966942e-01   7.495429e-01
  7309.500   9.785213e-01   7.539185e-01
  7310.000   7.231573e-01   7.452302e-01
  7310.500   9.690142e-01   7.289383e-01
  7311.000   9.961085e-01   7.136757e-01
  7311.500   9.937461e-01   7.204413e-01
  7312.000   9.958307e-01   7.394860e-01
  7312.500   9.943289e-01   7.519470e-01
  7313.000   8.756426e-01   7.564828e-01
  7313.500   9.905897e-01   7.582889e-01
  7314.000   9.777474e-01   7.593814e-01
  7314.500   9.934522e-01   7.593712e-01
  7315.000   9.799744e-01   7.577780e-01
  7315.500   9.881798e-01   7.561090e-01
  7316.000   9.960492e-01   7.540372e-01
  7316.500   9.916854e-01   7.516577e-01
  7317.000   9.868433e-01   7.509029e-01
  7317.500   9.709971e-01   7.522884e-01
  7318.000   9.956114e-01   7.540586e-01
  7318.500   9.927985e-01   7.558583e-01
  7319.000   9.925207e-01   7.551392e-01
  7319.500   9.518989e-01   7.524487e-01
  7320.000   9.897443e-01   7.423391e-01
  7320.500   9.848027e-01   7.279702e-01
  7321.000   9.918007e-01   7.299486e-01
  7321.500   9.945844e-01   7.441891e-01
  7322.000   9.946494e-01   7.526865e-01
  7322.500   9.815068e-01   7.550542e-01
  7323.000   9.868475e-01   7.541440e-01
  7323.500   9.942843e-01   7.518204e-01
  7324.000   9.939184e-01   7.508359e-01
  7324.500   9.940009e-01   7.493532e-01
  7325.000   9.938547e-01   7.420047e-01
  7325.500   9.931512e-01   7.202462e-01
  7326.000   9.766280e-01   6.932425e-01
  7326.500   9.925160e-01   6.982268e-01
  7327.000   9.911240e-01   7.258047e-01
  7327.500   9.749326e-01   7.416383e-01
  7328.000   9.281075e-01   7.478122e-01
  7328.500   8.717864e-01   7.506160e-01
  7329.000   9.926369e-01   7.497323e-01
  7329.500   9.875709e-01   7.460774e-01
  7330.000   9.921717e-01   7.385654e-01
  7330.500   9.887588e-01   7.299719e-01
  7331.000   9.876382e-01   7.294057e-01
  7331.500   9.906275e-01   7.387614e-01
  7332.000   9.759045e-01   7.466147e-01
  7332.500   9.654344e-01   7.483573e-01
  7333.000   8.706904e-01   7.458409e-01
  7333.500   9.843628e-01   7.420436e-01
  7334.000   9.880868e-01   7.429697e-01
  7334.500   9.768412e-01   7.466272e-01
  7335.000   9.835454e-01   7.492499e-01
  7335.500   9.354264e-01   7.506914e-01
  7336.000   9.908911e-01   7.510618e-01
  7336.500   9.884234e-01   7.521150e-01
  7337.000   9.846813e-01   7.525305e-01
  7337.500   9.897407e-01   7.520792e-01
  7338.000   9.786754e-01   7.518767e-01
  7338.500   9.906203e-01   7.518216e-01
  7339.000   9.851677e-01   7.511811e-01
  7339.500   9.840602e-01   7.504752e-01
  7340.000   9.842163e-01   7.503605e-01
  7340.500   9.905248e-01   7.509222e-01
  7341.000   9.795916e-01   7.514965e-01
  7341.500   9.900360e-01   7.513669e-01
  7342.000   9.876787e-01   7.501250e-01
  7342.500   9.893566e-01   7.478181e-01
  7343.000   9.899658e-01   7.440937e-01
  7343.500   9.894672e-01   7.400458e-01
  7344.000   9.897284e-01   7.356950e-01
  7344.500   9.890821e-01   7.319281e-01
  7345.000   9.874965e-01   7.350891e-01
  7345.500   9.875088e-01   7.420410e-01
  7346.000   9.718904e-01   7.459111e-01
  7346.500   9.825747e-01   7.462609e-01
  7347.000   9.865841e-01   7.459124e-01
  7347.500   9.717173e-01   7.461799e-01
  7348.000   9.885372e-01   7.463037e-01
  7348.500   9.776520e-01   7.462766e-01
  7349.000   9.857723e-01   7.473141e-01
  7349.500   9.873486e-01   7.468543e-01
  7350.000   9.814220e-01   7.415570e-01
  7350.500   9.553719e-01   7.294326e-01
  7351.000   9.875385e-01   7.124282e-01
  7351.500   9.878649e-01   7.083101e-01
  7352.000   9.803385e-01   7.229393e-01
  7352.500   9.691795e-01   7.349554e-01
  7353.000   9.681271e-01   7.354322e-01
  7353.500   7.546259e-01   7.329813e-01
  7354.000   9.865859e-01   7.356610e-01
  7354.500   9.872103e-01   7.358954e-01
  7355.000   9.810275e-01   7.257127e-01
  7355.500   8.598977e-01   7.082515e-01
  7356.000   9.864877e-01   7.036063e-01
  7356.500   9.823609e-01   7.187576e-01
  7357.000   9.817035e-01   7.309041e-01
  7357.500   8.748611e-01   7.323563e-01
  7358.000   7.921700e-01   7.344942e-01
  7358.500   9.757743e-01   7.405095e-01
  7359.000   9.717549e-01   7.440131e-01
  7359.500   9.848998e-01   7.430841e-01
  7360.000   9.740687e-01   7.410191e-01
  7360.500   9.854939e-01   7.398456e-01
  7361.000   9.858549e-01   7.341750e-01
  7361.500   9.857118e-01   7.238600e-01
  7362.000   9.329384e-01   7.164132e-01
  7362.500   9.852117e-01   7.172295e-01
  7363.000   9.838457e-01   7.236146e-01
  7363.500   9.293214e-01   7.235039e-01
  7364.000   9.710036e-01   7.197755e-01
  7364.500   9.481153e-01   7.259997e-01
  7365.000   9.665699e-01   7.349548e-01
  7365.500   9.832560e-01   7.377898e-01
  7366.000   8.464384e-01   7.345204e-01
  7366.500   9.799221e-01   7.309202e-01
  7367.000   9.829234e-01   7.330783e-01
  7367.500   9.797683e-01   7.376015e-01
  7368.000   9.836106e-01   7.402572e-01
  7368.500   9.508083e-01   7.402793e-01
  7369.000   9.765391e-01   7.380465e-01
  7369.500   9.822942e-01   7.349363e-01
  7370.000   9.835958e-01   7.328766e-01
  7370.500   9.806906e-01   7.356685e-01
  7371.000   9.654662e-01   7.398324e-01
  7371.500   9.785044e-01   7.407032e-01
  7372.000   9.697752e-01   7.378862e-01
  7372.500   9.823800e-01   7.315295e-01
  7373.000   9.830924e-01   7.266527e-01
  7373.500   9.826977e-01   7.297887e-01
  7374.000   9.803747e-01   7.323254e-01
  7374.500   9.816569e-01   7.279428e-01
  7375.000   8.460674e-01   7.197702e-01
  7375.500   9.807893e-01   7.171121e-01
  7376.000   9.819307e-01   7.193676e-01
  7376.500   9.613660e-01   7.215036e-01
  7377.000   9.680589e-01   7.283087e-01
  7377.500   9.571228e-01   7.355752e-01
  7378.000   9.691096e-01   7.392692e-01
  7378.500   8.176260e-01   7.405045e-01
  7379.000   9.637652e-01   7.405846e-01
  7379.500   9.797204e-01   7.401802e-01
  7380.000   9.810490e-01   7.389689e-01
  7380.500   9.813823e-01   7.365197e-01
  7381.000   9.812788e-01   7.322541e-01
  7381.500   9.811655e-01   7.268090e-01
  7382.000   9.801342e-01   7.222392e-01
  7382.500   9.808702e-01   7.197350e-01
  7383.000   9.803552e-01   7.213922e-01
  7383.500   9.744878e-01   7.284073e-01
  7384.000   8.721991e-01   7.310815e-01
  7384.500   9.783984e-01   7.239471e-01
  7385.000   8.544046e-01   7.088670e-01
  7385.500   9.766535e-01   6.942465e-01
  7386.000   9.797146e-01   6.809562e-01
  7386.500   9.563016e-01   6.783764e-01
  7387.000   9.768590e-01   6.850458e-01
  7387.500   9.558046e-01   6.818429e-01
  7388.000   9.631025e-01   6.839645e-01
  7388.500   9.050147e-01   6.877902e-01
  7389.000   9.516820e-01   6.732973e-01
  7389.500   9.389398e-01   6.685018e-01
  7390.000   9.232615e-01   6.948309e-01
  7390.500   9.660787e-01   7.197340e-01
  7391.000   9.652022e-01   7.304762e-01
  7391.500   6.275522e-01   7.338816e-01
  7392.000   9.660600e-01   7.321691e-01
  7392.500   9.755690e-01   7.240838e-01
  7393.000   9.673216e-01   7.044114e-01
  7393.500   9.760264e-01   6.837692e-01
  7394.000   9.778061e-01   6.912611e-01
  7394.500   9.774676e-01   7.134291e-01
  7395.000   9.732467e-01   7.244913e-01
  7395.500   8.894762e-01   7.262466e-01
  7396.000   9.461781e-01   7.261196e-01
  7396.500   9.722454e-01   7.262019e-01
  7397.000   9.766156e-01   7.286084e-01
  7397.500   9.476230e-01   7.304488e-01
  7398.000   9.763253e-01   7.304760e-01
  7398.500   9.230941e-01   7.293002e-01
  7399.000   9.761746e-01   7.252294e-01
  7399.500   9.727380e-01   7.126856e-01
  7400.000   9.506140e-01   6.944806e-01
  7400.500   9.625457e-01   6.921337e-01
  7401.000   9.597688e-01   6.995057e-01
  7401.500   9.760991e-01   7.013409e-01
  7402.000   9.606291e-01   7.084109e-01
  7402.500   9.679229e-01   7.211452e-01
  7403.000   9.670799e-01   7.289145e-01
  7403.500   9.733978e-01   7.315068e-01
  7404.000   9.613336e-01   7.311909e-01
  7404.500   9.758699e-01   7.267215e-01
  7405.000   9.758943e-01   7.129773e-01
  7405.500   9.709175e-01   6.913039e-01
  7406.000   9.756681e-01   6.879694e-01
  7406.500   9.755355e-01   7.073221e-01
  7407.000   9.751420e-01   7.219998e-01
  7407.500   9.668399e-01   7.254283e-01
  7408.000   9.174164e-01   7.185337e-01
  7408.500   9.721264e-01   6.952652e-01
  7409.000   9.689441e-01   6.634276e-01
  7409.500   9.746947e-01   6.619628e-01
  7410.000   9.747441e-01   6.860292e-01
  7410.500   9.600851e-01   6.887805e-01
  7411.000   9.023723e-01   6.738515e-01
  7411.500   8.398988e-01   6.827433e-01
  7412.000   9.642708e-01   7.083528e-01
  7412.500   9.724113e-01   7.223557e-01
  7413.000   9.214471e-01   7.247909e-01
  7413.500   9.539752e-01   7.191310e-01
  7414.000   9.728591e-01   7.023921e-01
  7414.500   9.736040e-01   6.836452e-01
  7415.000   9.677040e-01   6.754727e-01
  7415.500   9.734619e-01   6.672000e-01
  7416.000   9.547605e-01   6.689987e-01
  7416.500   6.752518e-01   6.920651e-01
  7417.000   9.586433e-01   7.103688e-01
  7417.500   9.180004e-01   7.147295e-01
  7418.000   5.376134e-01   7.100118e-01
  7418.500   9.698364e-01   7.007802e-01
  7419.000   9.693939e-01   7.027273e-01
  7419.500   9.310154e-01   7.126599e-01
  7420.000   9.723370e-01   7.183986e-01
  7420.500   9.624688e-01   7.188984e-01
  7421.000   9.706437e-01   7.126925e-01
  7421.500   9.592284e-01   6.955329e-01
  7422.000   9.697904e-01   6.726849e-01
  7422.500   9.687345e-01   6.640359e-01
  7423.000   9.709725e-01   6.640979e-01
  7423.500   9.479697e-01   6.623423e-01
  7424.000   9.603621e-01   6.802465e-01
  7424.500   9.148395e-01   7.023237e-01
  7425.000   9.621644e-01   7.151741e-01
  7425.500   5.941140e-01   7.221558e-01
  7426.000   9.505639e-01   7.245835e-01
  7426.500   9.622336e-01   7.245925e-01
  7427.000   9.699477e-01   7.232051e-01
  7427.500   9.707411e-01   7.216219e-01
  7428.000   9.660208e-01   7.221383e-01
  7428.500   9.697175e-01   7.230735e-01
  7429.000   9.704121e-01   7.225079e-01
  7429.500   9.567748e-01   7.199935e-01
  7430.000   9.640887e-01   7.132138e-01
  7430.500   9.700927e-01   7.033906e-01
  7431.000   9.648778e-01   7.005499e-01
  7431.500   9.697851e-01   7.054459e-01
  7432.000   9.690977e-01   7.106818e-01
  7432.500   9.412622e-01   7.145970e-01
  7433.000   9.271987e-01   7.169537e-01
  7433.500   9.550609e-01   7.185440e-01
  7434.000   9.529238e-01   7.203468e-01
  7434.500   9.449111e-01   7.198865e-01
  7435.000   9.613055e-01   7.150584e-01
  7435.500   9.278260e-01   7.098762e-01
  7436.000   9.688316e-01   7.120810e-01
  7436.500   9.687768e-01   7.166293e-01
  7437.000   9.678793e-01   7.172655e-01
  7437.500   9.478120e-01   7.163308e-01
  7438.000   9.645751e-01   7.171708e-01
  7438.500   9.682382e-01   7.187739e-01
  7439.000   9.653494e-01   7.188829e-01
  7439.500   9.618555e-01   7.156737e-01
  7440.000   9.667080e-01   7.065981e-01
  7440.500   9.574009e-01   6.929601e-01
  7441.000   9.665879e-01   6.884816e-01
  7441.500   9.660771e-01   6.987409e-01
  7442.000   9.659993e-01   7.055693e-01
  7442.500   9.614998e-01   7.020829e-01
  7443.000   6.694092e-01   6.976994e-01
  7443.500   9.648196e-01   7.034092e-01
  7444.000   9.575780e-01   7.099626e-01
  7444.500   9.490796e-01   7.063397e-01
  7445.000   8.673375e-01   6.871797e-01
  7445.500   9.605429e-01   6.582371e-01
  7446.000   9.657148e-01   6.563827e-01
  7446.500   9.579016e-01   6.804776e-01
  7447.000   9.621741e-01   6.915786e-01
  7447.500   9.288761e-01   6.917605e-01
  7448.000   8.742716e-01   6.976777e-01
  7448.500   9.614399e-01   7.048113e-01
  7449.000   9.593458e-01   7.056158e-01
  7449.500   8.072829e-01   7.055703e-01
  7450.000   8.683103e-01   7.090681e-01
  7450.500   9.653102e-01   7.124398e-01
  7451.000   9.530982e-01   7.144713e-01
  7451.500   9.216098e-01   7.141158e-01
  7452.000   9.633955e-01   7.125101e-01
  7452.500   9.465015e-01   7.127407e-01
  7453.000   9.647541e-01   7.135493e-01
  7453.500   9.568158e-01   7.122784e-01
  7454.000   9.608017e-01   7.104658e-01
  7454.500   9.643540e-01   7.112160e-01
  7455.000   9.544367e-01   7.120149e-01
  7455.500   9.644153e-01   7.123100e-01
  7456.000   9.146661e-01   7.133802e-01
  7456.500   9.641769e-01   7.136538e-01
  7457.000   9.624634e-01   7.126954e-01
  7457.500   9.309401e-01   7.120526e-01
  7458.000   9.637995e-01   7.126583e-01
  7458.500   9.618430e-01   7.130834e-01
  7459.000   9.613694e-01   7.127634e-01
  7459.500   9.486452e-01   7.122309e-01
  7460.000   9.623240e-01   7.105297e-01
  7460.500   9.625956e-01   7.060150e-01
  7461.000   9.571808e-01   6.967093e-01
  7461.500   9.604742e-01   6.801559e-01
  7462.000   9.619438e-01   6.606955e-01
  7462.500   9.517561e-01   6.586640e-01
  7463.000   9.573149e-01   6.792351e-01
  7463.500   9.024478e-01   6.952259e-01
  7464.000   9.586200e-01   7.015925e-01
  7464.500   7.105510e-01   7.058235e-01
  7465.000   9.579453e-01   7.098164e-01
  7465.500   9.221458e-01   7.114188e-01
  7466.000   9.537890e-01   7.109913e-01
  7466.500   9.520901e-01   7.103135e-01
  7467.000   9.618474e-01   7.105286e-01
  7467.500   9.617924e-01   7.106789e-01
  7468.000   9.614277e-01   7.100316e-01
  7468.500   9.497824e-01   7.093287e-01
  7469.000   9.608598e-01   7.094027e-01
  7469.500   9.584791e-01   7.098621e-01
  7470.000   9.610380e-01   7.099898e-01
  7470.500   9.578907e-01   7.096586e-01
  7471.000   9.440749e-01   7.087246e-01
  7471.500   9.591401e-01   7.072680e-01
  7472.000   9.534553e-01   7.048408e-01
  7472.500   9.589639e-01   7.008161e-01
  7473.000   9.595579e-01   6.974396e-01
  7473.500   9.589760e-01   6.965494e-01
  7474.000   9.595330e-01   6.994504e-01
  7474.500   9.524340e-01   7.026745e-01
  7475.000   9.570552e-01   7.031090e-01
  7475.500   9.401545e-01   7.000242e-01
  7476.000   9.512884e-01   6.943088e-01
  7476.500   9.479700e-01   6.933044e-01
  7477.000   9.505893e-01   6.965488e-01
  7477.500   9.545092e-01   6.977172e-01
  7478.000   9.550283e-01   7.003285e-01
  7478.500   8.962663e-01   7.030649e-01
  7479.000   9.590061e-01   7.031117e-01
  7479.500   9.385366e-01   7.022451e-01
  7480.000   9.583217e-01   7.023994e-01
  7480.500   9.554212e-01   7.020029e-01
  7481.000   9.535192e-01   6.979350e-01
  7481.500   9.522034e-01   6.905998e-01
  7482.000   9.535869e-01   6.866502e-01
  7482.500   9.573160e-01   6.904903e-01
  7483.000   9.577262e-01   6.956127e-01
  7483.500   9.072317e-01   6.980532e-01
  7484.000   8.654970e-01   6.989021e-01
  7484.500   9.541231e-01   6.998011e-01
  7485.000   9.464497e-01   7.017527e-01
  7485.500   9.324624e-01   7.022270e-01
  7486.000   9.562149e-01   7.001815e-01
  7486.500   9.499928e-01   6.984534e-01
  7487.000   9.569252e-01   7.000653e-01
  7487.500   9.569795e-01   7.026167e-01
  7488.000   9.531362e-01   7.032128e-01
  7488.500   9.505939e-01   7.022944e-01
  7489.000   9.554515e-01   7.006370e-01
  7489.500   9.541594e-01   6.990202e-01
  7490.000   9.518429e-01   6.983215e-01
  7490.500   9.562314e-01   6.949702e-01
  7491.000   9.515536e-01   6.835575e-01
  7491.500   9.446584e-01   6.704786e-01
  7492.000   9.533994e-01   6.746735e-01
  7492.500   9.517190e-01   6.883846e-01
  7493.000   9.517548e-01   6.940993e-01
  7493.500   9.407595e-01   6.902098e-01
  7494.000   9.496038e-01   6.747652e-01
  7494.500   9.513971e-01   6.449596e-01
  7495.000   9.366885e-01   6.222367e-01
  7495.500   9.524959e-01   6.398363e-01
  7496.000   9.316502e-01   6.725378e-01
  7496.500   8.750298e-01   6.910853e-01
  7497.000   7.471098e-01   6.981742e-01
  7497.500   9.198134e-01   6.990575e-01
  7498.000   9.442068e-01   6.958587e-01
  7498.500   9.505218e-01   6.924719e-01
  7499.000   9.543667e-01   6.937542e-01
  7499.500   9.489578e-01   6.964841e-01
  7500.000   9.541986e-01   6.971927e-01
  7500.500   9.290582e-01   6.971753e-01
  7501.000   9.537323e-01   6.973148e-01
  7501.500   9.530764e-01   6.974826e-01
  7502.000   9.530419e-01   6.982242e-01
  7502.500   9.463642e-01   6.986440e-01
  7503.000   9.534369e-01   6.980433e-01
  7503.500   9.519488e-01   6.965920e-01
  7504.000   9.497000e-01   6.940475e-01
  7504.500   9.534422e-01   6.915629e-01
  7505.000   9.529730e-01   6.900005e-01
  7505.500   9.519431e-01   6.875708e-01
  7506.000   9.439828e-01   6.835360e-01
  7506.500   9.501631e-01   6.787464e-01
  7507.000   9.111791e-01   6.704986e-01
  7507.500   9.500574e-01   6.714476e-01
  7508.000   9.167321e-01   6.842573e-01
  7508.500   9.521618e-01   6.928643e-01
  7509.000   9.490258e-01   6.943742e-01
  7509.500   9.208040e-01   6.894430e-01
  7510.000   9.517400e-01   6.724468e-01
  7510.500   9.517701e-01   6.374426e-01
  7511.000   9.517300e-01   6.113061e-01
  7511.500   9.466994e-01   6.313863e-01
  7512.000   9.486749e-01   6.656960e-01
  7512.500   9.312519e-01   6.840581e-01
  7513.000   6.081683e-01   6.908930e-01
  7513.500   9.078990e-01   6.914232e-01
  7514.000   9.429562e-01   6.886859e-01
  7514.500   9.457928e-01   6.881929e-01
  7515.000   9.494413e-01   6.893376e-01
  7515.500   9.507595e-01   6.886274e-01
  7516.000   9.497817e-01   6.884822e-01
  7516.500   9.487985e-01   6.905050e-01
  7517.000   9.462484e-01   6.927214e-01
  7517.500   9.412919e-01   6.940138e-01
  7518.000   9.300582e-01   6.940741e-01
  7518.500   9.499440e-01   6.938087e-01
  7519.000   9.487826e-01   6.936076e-01
  7519.500   9.500624e-01   6.931079e-01
  7520.000   9.384974e-01   6.926660e-01
  7520.500   9.478295e-01   6.920300e-01
  7521.000   9.490475e-01   6.901620e-01
  7521.500   9.489667e-01   6.866472e-01
  7522.000   9.400962e-01   6.762329e-01
  7522.500   9.491938e-01   6.578688e-01
  7523.000   9.405742e-01   6.531677e-01
  7523.500   9.461887e-01   6.681193e-01
  7524.000   9.489848e-01   6.780382e-01
  7524.500   9.458893e-01   6.716969e-01
  7525.000   8.593284e-01   6.603792e-01
  7525.500   9.441426e-01   6.659518e-01
  7526.000   9.418084e-01   6.797885e-01
  7526.500   9.471999e-01   6.866373e-01
  7527.000   9.270315e-01   6.889168e-01
  7527.500   9.438076e-01   6.896608e-01
  7528.000   9.460580e-01   6.892494e-01
  7528.500   9.437178e-01   6.893655e-01
  7529.000   9.390626e-01   6.898769e-01
  7529.500   9.461570e-01   6.885223e-01
  7530.000   9.468558e-01   6.825688e-01
  7530.500   9.363073e-01   6.664540e-01
  7531.000   9.442564e-01   6.465263e-01
  7531.500   9.379099e-01   6.476635e-01
  7532.000   9.470381e-01   6.653170e-01
  7532.500   9.380188e-01   6.778416e-01
  7533.000   9.249198e-01   6.807777e-01
  7533.500   9.283942e-01   6.815752e-01
  7534.000   9.217530e-01   6.847224e-01
  7534.500   9.448728e-01   6.870557e-01
  7535.000   9.457472e-01   6.884510e-01
  7535.500   8.766161e-01   6.895228e-01
  7536.000   9.461004e-01   6.897215e-01
  7536.500   9.435481e-01   6.891525e-01
  7537.000   9.396675e-01   6.879786e-01
  7537.500   9.459131e-01   6.868938e-01
  7538.000   9.458856e-01   6.870467e-01
  7538.500   9.457192e-01   6.877541e-01
  7539.000   9.453950e-01   6.876374e-01
  7539.500   9.257199e-01   6.865176e-01
  7540.000   9.366971e-01   6.846316e-01
  7540.500   9.452754e-01   6.831700e-01
  7541.000   9.451918e-01   6.828831e-01
  7541.500   9.377281e-01   6.814865e-01
  7542.000   9.442992e-01   6.812224e-01
  7542.500   8.677937e-01   6.834778e-01
  7543.000   9.446085e-01   6.849147e-01
  7543.500   9.383733e-01   6.853751e-01
  7544.000   8.701997e-01   6.857764e-01
  7544.500   9.421432e-01   6.850940e-01
  7545.000   9.401695e-01   6.816371e-01
  7545.500   9.313019e-01   6.735657e-01
  7546.000   9.404875e-01   6.643521e-01
  7546.500   9.428274e-01   6.643262e-01
  7547.000   9.427836e-01   6.696828e-01
  7547.500   9.417602e-01   6.711232e-01
  7548.000   9.354232e-01   6.727819e-01
  7548.500   9.377350e-01   6.784608e-01
  7549.000   9.288049e-01   6.828198e-01
  7549.500   9.302784e-01   6.842776e-01
  7550.000   8.135917e-01   6.840934e-01
  7550.500   9.398736e-01   6.823541e-01
  7551.000   9.419118e-01   6.802918e-01
  7551.500   9.422027e-01   6.805157e-01
  7552.000   9.420317e-01   6.806449e-01
  7552.500   9.423297e-01   6.795254e-01
  7553.000   9.406104e-01   6.798489e-01
  7553.500   9.421451e-01   6.795967e-01
  7554.000   9.421697e-01   6.760239e-01
  7554.500   9.180628e-01   6.678734e-01
  7555.000   9.384100e-01   6.520558e-01
  7555.500   9.336157e-01   6.381646e-01
  7556.000   9.147486e-01   6.479974e-01
  7556.500   9.360208e-01   6.674487e-01
  7557.000   9.123419e-01   6.756662e-01
  7557.500   9.014051e-01   6.752215e-01
  7558.000   9.323908e-01   6.737271e-01
  7558.500   9.402481e-01   6.734804e-01
  7559.000   9.403137e-01   6.704637e-01
  7559.500   9.361711e-01   6.646293e-01
  7560.000   9.287893e-01   6.656709e-01
  7560.500   9.268062e-01   6.724910e-01
  7561.000   9.335115e-01   6.770568e-01
  7561.500   9.343481e-01   6.791553e-01
  7562.000   9.243021e-01   6.789131e-01
  7562.500   9.342436e-01   6.757995e-01
  7563.000   9.325948e-01   6.732156e-01
  7563.500   9.384164e-01   6.752083e-01
  7564.000   9.394659e-01   6.779049e-01
  7564.500   9.345713e-01   6.783177e-01
  7565.000   9.154639e-01   6.777293e-01
  7565.500   9.351002e-01   6.770013e-01
  7566.000   9.394700e-01   6.762237e-01
  7566.500   9.287609e-01   6.736349e-01
  7567.000   9.351364e-01   6.696355e-01
  7567.500   9.306352e-01   6.675587e-01
  7568.000   9.372070e-01   6.628076e-01
  7568.500   9.277272e-01   6.484969e-01
  7569.000   9.235337e-01   6.404610e-01
  7569.500   9.255669e-01   6.526176e-01
  7570.000   9.358773e-01   6.672796e-01
  7570.500   9.360016e-01   6.749371e-01
  7571.000   5.136099e-01   6.778209e-01
  7571.500   9.292035e-01   6.782246e-01
  7572.000   9.283120e-01   6.772047e-01
  7572.500   9.375241e-01   6.736670e-01
  7573.000   9.379178e-01   6.646067e-01
  7573.500   9.256960e-01   6.499008e-01
  7574.000   9.319147e-01   6.415558e-01
  7574.500   9.293074e-01   6.516860e-01
  7575.000   9.366324e-01   6.660435e-01
  7575.500   8.363246e-01   6.732489e-01
  7576.000   8.820629e-01   6.765308e-01
  7576.500   9.210523e-01   6.778279e-01
  7577.000   9.313342e-01   6.777448e-01
  7577.500   9.121084e-01   6.770533e-01
  7578.000   9.368935e-01   6.756686e-01
  7578.500   9.367717e-01   6.737710e-01
  7579.000   9.340153e-01   6.733321e-01
  7579.500   9.364113e-01   6.745202e-01
  7580.000   9.360974e-01   6.753193e-01
  7580.500   9.300125e-01   6.753769e-01
  7581.000   9.237530e-01   6.745327e-01
  7581.500   9.350417e-01   6.718913e-01
  7582.000   9.331712e-01   6.685984e-01
  7582.500   9.347922e-01   6.660889e-01
  7583.000   9.357510e-01   6.578290e-01
  7583.500   9.298706e-01   6.417040e-01
  7584.000   9.333128e-01   6.384435e-01
  7584.500   9.329398e-01   6.511452e-01
  7585.000   9.352788e-01   6.526041e-01
  7585.500   9.343566e-01   6.328080e-01
  7586.000   8.219563e-01   6.150828e-01
  7586.500   9.340627e-01   6.298350e-01
  7587.000   9.337854e-01   6.538213e-01
  7587.500   9.294725e-01   6.628442e-01
  7588.000   7.295536e-01   6.603401e-01
  7588.500   9.118809e-01   6.587082e-01
  7589.000   9.297279e-01   6.639348e-01
  7589.500   9.338343e-01   6.697934e-01
  7590.000   9.315433e-01   6.722494e-01
  7590.500   8.852207e-01   6.725276e-01
  7591.000   8.932045e-01   6.723793e-01
  7591.500   9.338509e-01   6.722574e-01
  7592.000   9.310270e-01   6.725277e-01
  7592.500   9.306414e-01   6.734201e-01
  7593.000   9.325896e-01   6.754348e-01
  7593.500   9.312471e-01   6.811700e-01
  7594.000   9.245616e-01   6.887022e-01
  7594.500   9.310877e-01   6.939991e-01
  7595.000   9.328993e-01   7.000101e-01
  7595.500   9.329716e-01   7.021930e-01
  7596.000   9.281184e-01   7.072400e-01
  7596.500   9.324276e-01   7.021918e-01
  7597.000   9.326162e-01   6.901827e-01
  7597.500   9.215931e-01   6.962959e-01
  7598.000   9.322520e-01   6.912467e-01
  7598.500   9.313255e-01   7.035999e-01
  7599.000   9.208901e-01   7.072049e-01
  7599.500   9.211383e-01   6.950741e-01
  7600.000   9.318268e-01   7.069958e-01
  7600.500   9.172957e-01   7.006245e-01
  7601.000   9.315358e-01   6.825231e-01
  7601.500   9.311221e-01   6.973981e-01
  7602.000   9.298383e-01   7.142782e-01
  7602.500   9.212102e-01   7.094850e-01
  7603.000   8.925567e-01   6.975420e-01
  7603.500   9.205430e-01   7.116813e-01
  7604.000   9.156417e-01   7.154498e-01
  7604.500   9.113637e-01   7.095849e-01
  7605.000   9.214343e-01   6.927881e-01
  7605.500   9.269944e-01   7.001953e-01
  7606.000   9.295453e-01   6.991445e-01
  7606.500   9.302797e-01   7.078189e-01
  7607.000   9.299764e-01   7.130259e-01
  7607.500   7.632117e-01   7.091699e-01
  7608.000   9.287393e-01   7.112827e-01
  7608.500   8.804406e-01   6.991836e-01
  7609.000   9.296446e-01   7.058625e-01
  7609.500   9.296176e-01   7.069197e-01
  7610.000   9.293010e-01   6.945199e-01
  7610.500   9.285580e-01   6.969293e-01
  7611.000   9.251707e-01   6.864796e-01
  7611.500   9.254622e-01   6.872816e-01
  7612.000   9.010038e-01   7.008693e-01
  7612.500   9.127058e-01   6.993793e-01
  7613.000   9.197229e-01   7.014134e-01
  7613.500   9.284024e-01   6.904874e-01
  7614.000   9.286747e-01   6.775423e-01
  7614.500   9.286463e-01   6.762091e-01
  7615.000   9.285622e-01   6.843036e-01
  7615.500   9.284409e-01   6.762091e-01
  7616.000   9.282195e-01   6.644752e-01
  7616.500   9.240537e-01   6.332773e-01
  7617.000   9.125147e-01   6.138112e-01
  7617.500   9.263458e-01   6.249793e-01
  7618.000   9.076825e-01   6.407230e-01
  7618.500   9.263193e-01   6.410776e-01
  7619.000   6.463669e-01   6.313545e-01
  7619.500   9.194570e-01   6.304634e-01
  7620.000   9.085718e-01   6.351843e-01
  7620.500   9.233534e-01   6.390743e-01
  7621.000   9.216962e-01   6.614374e-01
  7621.500   9.052152e-01   6.695189e-01
  7622.000   9.237480e-01   6.690545e-01
  7622.500   8.463131e-01   6.722124e-01
  7623.000   9.256554e-01   6.853526e-01
  7623.500   9.266693e-01   6.926803e-01
  7624.000   9.265852e-01   6.852214e-01
  7624.500   9.246425e-01   6.853027e-01
  7625.000   9.263616e-01   6.737304e-01
  7625.500   9.258222e-01   6.701856e-01
  7626.000   9.261051e-01   6.706785e-01
  7626.500   9.204294e-01   6.772440e-01
  7627.000   9.172847e-01   6.907851e-01
  7627.500   9.257657e-01   6.895583e-01
  7628.000   9.256227e-01   6.953351e-01
  7628.500   9.255451e-01   6.860757e-01
  7629.000   9.254491e-01   6.702588e-01
  7629.500   9.246634e-01   6.651641e-01
  7630.000   9.086806e-01   6.677256e-01
  7630.500   9.242948e-01   6.756683e-01
  7631.000   9.176637e-01   6.901680e-01
  7631.500   9.212053e-01   6.918110e-01
  7632.000   9.087971e-01   6.981889e-01
  7632.500   9.245776e-01   6.856880e-01
  7633.000   9.245556e-01   6.708993e-01
  7633.500   9.244533e-01   6.652492e-01
  7634.000   9.243509e-01   6.660755e-01
  7634.500   9.162179e-01   6.714487e-01
  7635.000   9.227056e-01   6.887050e-01
  7635.500   9.193063e-01   6.958309e-01
  7636.000   9.207437e-01   6.958971e-01
  7636.500   9.237744e-01   6.891353e-01
  7637.000   9.236721e-01   6.708211e-01
  7637.500   9.234310e-01   6.634885e-01
  7638.000   9.026194e-01   6.621375e-01
  7638.500   9.232031e-01   6.640273e-01
  7639.000   9.228832e-01   6.685313e-01
  7639.500   9.167668e-01   6.791448e-01
  7640.000   9.195558e-01   6.752397e-01
  7640.500   9.218394e-01   6.824147e-01
  7641.000   9.183497e-01   6.791427e-01
  7641.500   9.210908e-01   6.687584e-01
  7642.000   9.161486e-01   6.648853e-01
  7642.500   8.744248e-01   6.645494e-01
  7643.000   9.200396e-01   6.649617e-01
  7643.500   9.217802e-01   6.692870e-01
  7644.000   9.219916e-01   6.845604e-01
  7644.500   9.219632e-01   6.897966e-01
  7645.000   9.218795e-01   6.910570e-01
  7645.500   9.217774e-01   6.853759e-01
  7646.000   9.205172e-01   6.695851e-01
  7646.500   9.177063e-01   6.637973e-01
  7647.000   9.214434e-01   6.613340e-01
  7647.500   9.213229e-01   6.589364e-01
  7648.000   9.181808e-01   6.590553e-01
  7648.500   9.211003e-01   6.661901e-01
  7649.000   9.209890e-01   6.799428e-01
  7649.500   9.207481e-01   6.784823e-01
  7650.000   8.830633e-01   6.801132e-01
  7650.500   9.205335e-01   6.652606e-01
  7651.000   9.188971e-01   6.551246e-01
  7651.500   9.204144e-01   6.557807e-01
  7652.000   9.202848e-01   6.585756e-01
  7652.500   9.198929e-01   6.583541e-01
  7653.000   8.450546e-01   6.537991e-01
  7653.500   9.143533e-01   6.487933e-01
  7654.000   9.197537e-01   6.573688e-01
  7654.500   9.192822e-01   6.602012e-01
  7655.000   9.194892e-01   6.646279e-01
  7655.500   9.174690e-01   6.581353e-01
  7656.000   8.841081e-01   6.519733e-01
  7656.500   8.987916e-01   6.452593e-01
  7657.000   9.092398e-01   6.268268e-01
  7657.500   8.824209e-01   6.074846e-01
  7658.000   9.100545e-01   6.113118e-01
  7658.500   9.150977e-01   6.199360e-01
  7659.000   9.153609e-01   6.177598e-01
  7659.500   8.624702e-01   6.235192e-01
  7660.000   8.913621e-01   6.290055e-01
  7660.500   8.985821e-01   6.348764e-01
  7661.000   8.962874e-01   6.227121e-01
  7661.500   8.888929e-01   6.250895e-01
  7662.000   6.988503e-01   6.408776e-01
  7662.500   9.143073e-01   6.491365e-01
  7663.000   9.091285e-01   6.466883e-01
  7663.500   8.730021e-01   6.285886e-01
  7664.000   9.165590e-01   5.888791e-01
  7664.500   8.919473e-01   5.529187e-01
  7665.000   9.162259e-01   5.647573e-01
  7665.500   9.113158e-01   6.070434e-01
  7666.000   9.132507e-01   6.466469e-01
  7666.500   6.847737e-01   6.589238e-01
  7667.000   1.248963e-01   6.597067e-01
  7667.500   8.989499e-01   6.593561e-01
  7668.000   9.137719e-01   6.569831e-01
  7668.500   9.154960e-01   6.525787e-01
  7669.000   9.159539e-01   6.442820e-01
  7669.500   9.142984e-01   6.360915e-01
  7670.000   9.144456e-01   6.409056e-01
  7670.500   9.057258e-01   6.570367e-01
  7671.000   9.071671e-01   6.630744e-01
  7671.500   8.938897e-01   6.671216e-01
  7672.000   8.873086e-01   6.638096e-01
  7672.500   9.104387e-01   6.599478e-01
  7673.000   9.131935e-01   6.591166e-01
  7673.500   9.154047e-01   6.592118e-01
  7674.000   9.153518e-01   6.596789e-01
  7674.500   9.037652e-01   6.601836e-01
  7675.000   9.144445e-01   6.602492e-01
  7675.500   9.100882e-01   6.601361e-01
  7676.000   9.128774e-01   6.613485e-01
  7676.500   9.148634e-01   6.648626e-01
  7677.000   9.135560e-01   6.634080e-01
  7677.500   9.145694e-01   6.637949e-01
  7678.000   9.101026e-01   6.593094e-01
  7678.500   9.138970e-01   6.566729e-01
  7679.000   9.119730e-01   6.528045e-01
  7679.500   9.137521e-01   6.413045e-01
  7680.000   9.079234e-01   6.252102e-01
  7680.500   9.129896e-01   6.250183e-01
  7681.000   9.133744e-01   6.413006e-01
  7681.500   9.112187e-01   6.530677e-01
  7682.000   9.047148e-01   6.579744e-01
  7682.500   7.787022e-01   6.612879e-01
  7683.000   9.112634e-01   6.624960e-01
  7683.500   9.117763e-01   6.620086e-01
  7684.000   9.078565e-01   6.625525e-01
  7684.500   9.131352e-01   6.604122e-01
  7685.000   9.128655e-01   6.588603e-01
  7685.500   9.107860e-01   6.582412e-01
  7686.000   9.127957e-01   6.580219e-01
  7686.500   9.126947e-01   6.580067e-01
  7687.000   9.122239e-01   6.575117e-01
  7687.500   9.111411e-01   6.551582e-01
  7688.000   9.118668e-01   6.505160e-01
  7688.500   9.117959e-01   6.455265e-01
  7689.000   9.114327e-01   6.453555e-01
  7689.500   9.073464e-01   6.487010e-01
  7690.000   9.087285e-01   6.510857e-01
  7690.500   8.539121e-01   6.438925e-01
  7691.000   8.927456e-01   6.253788e-01
  7691.500   9.092874e-01   6.086112e-01
  7692.000   9.097258e-01   6.171123e-01
  7692.500   9.080941e-01   6.379167e-01
  7693.000   8.955255e-01   6.504199e-01
  7693.500   8.264933e-01   6.551861e-01
  7694.000   8.579308e-01   6.573363e-01
  7694.500   8.972853e-01   6.576338e-01
  7695.000   9.071467e-01   6.551252e-01
  7695.500   9.041240e-01   6.517074e-01
  7696.000   9.067375e-01   6.518142e-01
  7696.500   9.101145e-01   6.526820e-01
  7697.000   9.078261e-01   6.535048e-01
  7697.500   9.046058e-01   6.513809e-01
  7698.000   8.979268e-01   6.392246e-01
  7698.500   9.054737e-01   6.104611e-01
  7699.000   8.905292e-01   5.916157e-01
  7699.500   9.094519e-01   6.132483e-01
  7700.000   9.095203e-01   6.415080e-01
  7700.500   9.086182e-01   6.538392e-01
  7701.000   5.770229e-01   6.578000e-01
  7701.500   9.019908e-01   6.595411e-01
  7702.000   9.089079e-01   6.599542e-01
  7702.500   9.066565e-01   6.597214e-01
  7703.000   9.065098e-01   6.596051e-01
  7703.500   9.089541e-01   6.599499e-01
  7704.000   9.074180e-01   6.603079e-01
  7704.500   9.087263e-01   6.598879e-01
  7705.000   8.961244e-01   6.593556e-01
  7705.500   9.054707e-01   6.588578e-01
  7706.000   9.084256e-01   6.587183e-01
  7706.500   9.083072e-01   6.589458e-01
  7707.000   9.039500e-01   6.589597e-01
  7707.500   9.077811e-01   6.587992e-01
  7708.000   9.041570e-01   6.585815e-01
  7708.500   9.042370e-01   6.575699e-01
  7709.000   9.054714e-01   6.544662e-01
  7709.500   9.025164e-01   6.461494e-01
  7710.000   9.007501e-01   6.324011e-01
  7710.500   9.071504e-01   6.265601e-01
  7711.000   9.062627e-01   6.327142e-01
  7711.500   9.023515e-01   6.343723e-01
  7712.000   9.007209e-01   6.367479e-01
  7712.500   5.401685e-01   6.434573e-01
  7713.000   9.046445e-01   6.460692e-01
  7713.500   9.038680e-01   6.367740e-01
  7714.000   8.819376e-01   6.153984e-01
  7714.500   8.977975e-01   6.055902e-01
  7715.000   8.985838e-01   6.142992e-01
  7715.500   9.058830e-01   6.236007e-01
  7716.000   9.021359e-01   6.374396e-01
  7716.500   5.519495e-01   6.508405e-01
  7717.000   8.946779e-01   6.566783e-01
  7717.500   8.941095e-01   6.578515e-01
  7718.000   9.040726e-01   6.565894e-01
  7718.500   9.056733e-01   6.519805e-01
  7719.000   9.047694e-01   6.474912e-01
  7719.500   9.051186e-01   6.498786e-01
  7720.000   9.051972e-01   6.538842e-01
  7720.500   9.051843e-01   6.546215e-01
  7721.000   8.969533e-01   6.546542e-01
  7721.500   9.028110e-01   6.541149e-01
  7722.000   9.045771e-01   6.494726e-01
  7722.500   9.034771e-01   6.403609e-01
  7723.000   8.990061e-01   6.334093e-01
  7723.500   9.031653e-01   6.380063e-01
  7724.000   8.996618e-01   6.486379e-01
  7724.500   8.881066e-01   6.543750e-01
  7725.000   8.775685e-01   6.553207e-01
  7725.500   8.849871e-01   6.551723e-01
  7726.000   9.009262e-01   6.546182e-01
  7726.500   9.013168e-01   6.499256e-01
  7727.000   9.015572e-01   6.356144e-01
  7727.500   9.009003e-01   6.203166e-01
  7728.000   8.926894e-01   6.271307e-01
  7728.500   9.030884e-01   6.451705e-01
  7729.000   9.013991e-01   6.546853e-01
  7729.500   8.869845e-01   6.571815e-01
  7730.000   8.882286e-01   6.579303e-01
  7730.500   9.024307e-01   6.578780e-01
  7731.000   9.026382e-01   6.566643e-01
  7731.500   8.996163e-01   6.543635e-01
  7732.000   9.001529e-01   6.513845e-01
  7732.500   9.016462e-01   6.495966e-01
  7733.000   8.978041e-01   6.496734e-01
  7733.500   8.965430e-01   6.501829e-01
  7734.000   8.941471e-01   6.518730e-01
  7734.500   8.779845e-01   6.548911e-01
  7735.000   8.871360e-01   6.568342e-01
  7735.500   8.990958e-01   6.569184e-01
  7736.000   8.939021e-01   6.568744e-01
  7736.500   8.940277e-01   6.577015e-01
  7737.000   8.970746e-01   6.582285e-01
  7737.500   9.000884e-01   6.581712e-01
  7738.000   8.881597e-01   6.583699e-01
  7738.500   9.005680e-01   6.587493e-01
  7739.000   9.006201e-01   6.589248e-01
  7739.500   9.009236e-01   6.590570e-01
  7740.000   8.992469e-01   6.590205e-01
  7740.500   9.007219e-01   6.580481e-01
  7741.000   9.001077e-01   6.554883e-01
  7741.500   8.947540e-01   6.492423e-01
  7742.000   9.005288e-01   6.345106e-01
  7742.500   9.000742e-01   6.152538e-01
  7743.000   9.000986e-01   6.154992e-01
  7743.500   8.975172e-01   6.346247e-01
  7744.000   8.964909e-01   6.487621e-01
  7744.500   8.795634e-01   6.528376e-01
  7745.000   7.724694e-01   6.507429e-01
  7745.500   8.880300e-01   6.474246e-01
  7746.000   8.926429e-01   6.468237e-01
  7746.500   8.981875e-01   6.462263e-01
  7747.000   8.974565e-01   6.444583e-01
  7747.500   8.898549e-01   6.331457e-01
  7748.000   8.947759e-01   6.066590e-01
  7748.500   8.979910e-01   5.880217e-01
  7749.000   8.984714e-01   5.992014e-01
  7749.500   8.989182e-01   6.263996e-01
  7750.000   8.970723e-01   6.426791e-01
  7750.500   6.565442e-01   6.428136e-01
  7751.000   4.855548e-01   6.377850e-01
  7751.500   8.946157e-01   6.420861e-01
  7752.000   8.895829e-01   6.508419e-01
  7752.500   8.969359e-01   6.549825e-01
  7753.000   8.932533e-01   6.557238e-01
  7753.500   8.932453e-01   6.557646e-01
  7754.000   8.978949e-01   6.556603e-01
  7754.500   8.960297e-01   6.547615e-01
  7755.000   8.969564e-01   6.532261e-01
  7755.500   8.925652e-01   6.528321e-01
  7756.000   8.939379e-01   6.541864e-01
  7756.500   8.954270e-01   6.555861e-01
  7757.000   8.946630e-01   6.561030e-01
  7757.500   8.831335e-01   6.559098e-01
  7758.000   8.935952e-01   6.550328e-01
  7758.500   8.959393e-01   6.528516e-01
  7759.000   8.962797e-01   6.492946e-01
  7759.500   8.962192e-01   6.464960e-01
  7760.000   8.958277e-01   6.451073e-01
  7760.500   8.950539e-01   6.440457e-01
  7761.000   8.918971e-01   6.461493e-01
  7761.500   8.624556e-01   6.504725e-01
  7762.000   8.891644e-01   6.534368e-01
  7762.500   8.844309e-01   6.545545e-01
  7763.000   8.859079e-01   6.546669e-01
  7763.500   8.908878e-01   6.542708e-01
  7764.000   8.954140e-01   6.532963e-01
  7764.500   8.955867e-01   6.521562e-01
  7765.000   8.955164e-01   6.521336e-01
  7765.500   8.942919e-01   6.529409e-01
  7766.000   8.943781e-01   6.537016e-01
  7766.500   8.925515e-01   6.540845e-01
  7767.000   8.944304e-01   6.541159e-01
  7767.500   8.921857e-01   6.539566e-01
  7768.000   8.921397e-01   6.537148e-01
  7768.500   8.949443e-01   6.534993e-01
  7769.000   8.948473e-01   6.533357e-01
  7769.500   8.939540e-01   6.529136e-01
  7770.000   8.946355e-01   6.519919e-01
  7770.500   8.920085e-01   6.499324e-01
  7771.000   8.944329e-01   6.435966e-01
  7771.500   8.943182e-01   6.305540e-01
  7772.000   8.942214e-01   6.222720e-01
  7772.500   8.933271e-01   6.301164e-01
  7773.000   8.930951e-01   6.384213e-01
  7773.500   8.904246e-01   6.348266e-01
  7774.000   7.435984e-01   6.249392e-01
  7774.500   8.897649e-01   6.234617e-01
  7775.000   8.864533e-01   6.261495e-01
  7775.500   8.927290e-01   6.291676e-01
  7776.000   8.891063e-01   6.382915e-01
  7776.500   8.575140e-01   6.456853e-01
  7777.000   8.921461e-01   6.481672e-01
  7777.500   7.188604e-01   6.489527e-01
  7778.000   8.926417e-01   6.492304e-01
  7778.500   8.923506e-01   6.482635e-01
  7779.000   8.913414e-01   6.453236e-01
  7779.500   8.910273e-01   6.362268e-01
  7780.000   8.887118e-01   6.149895e-01
  7780.500   8.923486e-01   5.964576e-01
  7781.000   8.877524e-01   6.077947e-01
  7781.500   8.916589e-01   6.306983e-01
  7782.000   8.887712e-01   6.426997e-01
  7782.500   8.249039e-01   6.466952e-01
  7783.000   8.601058e-01   6.484244e-01
  7783.500   8.870379e-01   6.490629e-01
  7784.000   8.907622e-01   6.490780e-01
  7784.500   8.913040e-01   6.489404e-01
  7785.000   8.910989e-01   6.486601e-01
  7785.500   8.913699e-01   6.483210e-01
  7786.000   8.899318e-01   6.479680e-01
  7786.500   8.902094e-01   6.473509e-01
  7787.000   8.887476e-01   6.463163e-01
  7787.500   8.893827e-01   6.439103e-01
  7788.000   8.908550e-01   6.357407e-01
  7788.500   8.873411e-01   6.191230e-01
  7789.000   8.845040e-01   6.104632e-01
  7789.500   8.900368e-01   6.234771e-01
  7790.000   8.904277e-01   6.377891e-01
  7790.500   8.900798e-01   6.434849e-01
  7791.000   6.344657e-01   6.453939e-01
  7791.500   8.890604e-01   6.464990e-01
  7792.000   8.880639e-01   6.469141e-01
  7792.500   8.845993e-01   6.467740e-01
  7793.000   8.895586e-01   6.464694e-01
  7793.500   8.874106e-01   6.462470e-01
  7794.000   8.896014e-01   6.459398e-01
  7794.500   8.894971e-01   6.456037e-01
  7795.000   8.886791e-01   6.452983e-01
  7795.500   8.872461e-01   6.445794e-01
  7796.000   8.891749e-01   6.430609e-01
  7796.500   8.810413e-01   6.382015e-01
  7797.000   8.884707e-01   6.256794e-01
  7797.500   8.860593e-01   6.131758e-01
  7798.000   8.876435e-01   6.178742e-01
  7798.500   8.886377e-01   6.282206e-01
  7799.000   8.882554e-01   6.287031e-01
  7799.500   8.759345e-01   6.212032e-01
  7800.000   8.798242e-01   6.159256e-01
  7800.500   8.879645e-01   6.233765e-01
  7801.000   8.666968e-01   6.342295e-01
  7801.500   8.743838e-01   6.389297e-01
  7802.000   8.401110e-01   6.385080e-01
  7802.500   8.632809e-01   6.376487e-01
  7803.000   8.864329e-01   6.397802e-01
  7803.500   8.860117e-01   6.420721e-01
  7804.000   8.874060e-01   6.426921e-01
  7804.500   8.773171e-01   6.425365e-01
  7805.000   8.871826e-01   6.422705e-01
  7805.500   8.871146e-01   6.416362e-01
  7806.000   8.869211e-01   6.405033e-01
  7806.500   8.868439e-01   6.384251e-01
  7807.000   8.865626e-01   6.326842e-01
  7807.500   8.865350e-01   6.218583e-01
  7808.000   8.825983e-01   6.167987e-01
  7808.500   8.818803e-01   6.254076e-01
  7809.000   8.841790e-01   6.338570e-01
  7809.500   8.835547e-01   6.352836e-01
  7810.000   7.032780e-01   6.310139e-01
  7810.500   8.834446e-01   6.220644e-01
  7811.000   8.843128e-01   6.155158e-01
  7811.500   8.834544e-01   6.196450e-01
  7812.000   8.814711e-01   6.284697e-01
  7812.500   8.782468e-01   6.343560e-01
  7813.000   7.716087e-01   6.369739e-01
  7813.500   8.415038e-01   6.380063e-01
  7814.000   8.739521e-01   6.387420e-01
  7814.500   8.752089e-01   6.393977e-01
  7815.000   8.818348e-01   6.395739e-01
  7815.500   8.829161e-01   6.393001e-01
  7816.000   8.833702e-01   6.392050e-01
  7816.500   8.823224e-01   6.394276e-01
  7817.000   8.840540e-01   6.394273e-01
  7817.500   8.841520e-01   6.392470e-01
  7818.000   8.759678e-01   6.391491e-01
  7818.500   8.841887e-01   6.391017e-01
  7819.000   8.841569e-01   6.390292e-01
  7819.500   8.806333e-01   6.388375e-01
  7820.000   8.828210e-01   6.381633e-01
  7820.500   8.839822e-01   6.369554e-01
  7821.000   8.831860e-01   6.362912e-01
  7821.500   8.816316e-01   6.364905e-01
  7822.000   8.837370e-01   6.370018e-01
  7822.500   8.836348e-01   6.375710e-01
  7823.000   8.582629e-01   6.378131e-01
  7823.500   8.833887e-01   6.378553e-01
  7824.000   8.757955e-01   6.377431e-01
  7824.500   8.832613e-01   6.376047e-01
  7825.000   8.828050e-01   6.374563e-01
  7825.500   8.830748e-01   6.368835e-01
  7826.000   8.829816e-01   6.351963e-01
  7826.500   8.811735e-01   6.327980e-01
  7827.000   8.827776e-01   6.325649e-01
  7827.500   8.826845e-01   6.345938e-01
  7828.000   8.825826e-01   6.360552e-01
  7828.500   8.784942e-01   6.364578e-01
  7829.000   8.540537e-01   6.364094e-01
  7829.500   8.822289e-01   6.359466e-01
  7830.000   8.821754e-01   6.344470e-01
  7830.500   8.820737e-01   6.314083e-01
  7831.000   8.819201e-01   6.238358e-01
  7831.500   8.818527e-01   6.046382e-01
  7832.000   8.817247e-01   5.806181e-01
  7832.500   8.815173e-01   5.824340e-01
  7833.000   8.767332e-01   6.063243e-01
  7833.500   8.787889e-01   6.230768e-01
  7834.000   8.533385e-01   6.275071e-01
  7834.500   7.272780e-01   6.235419e-01
  7835.000   8.721842e-01   6.128512e-01
  7835.500   8.793783e-01   6.024017e-01
  7836.000   8.806285e-01   6.000175e-01
  7836.500   8.805621e-01   6.089380e-01
  7837.000   8.785233e-01   6.213005e-01
  7837.500   7.173466e-01   6.279236e-01
  7838.000   8.657327e-01   6.300284e-01
  7838.500   8.529737e-01   6.314736e-01
  7839.000   8.769122e-01   6.326621e-01
  7839.500   8.788807e-01   6.326946e-01
  7840.000   8.799473e-01   6.321353e-01
  7840.500   8.796066e-01   6.318512e-01
  7841.000   8.799460e-01   6.314971e-01
  7841.500   8.798451e-01   6.308525e-01
  7842.000   8.786071e-01   6.297843e-01
  7842.500   8.766734e-01   6.276082e-01
  7843.000   8.795250e-01   6.258989e-01
  7843.500   8.664766e-01   6.266363e-01
  7844.000   8.791280e-01   6.270774e-01
  7844.500   8.775257e-01   6.263343e-01
  7845.000   8.682707e-01   6.274764e-01
  7845.500   8.747916e-01   6.294959e-01
  7846.000   8.784763e-01   6.303400e-01
  7846.500   8.779974e-01   6.305924e-01
  7847.000   8.769300e-01   6.307758e-01
  7847.500   8.765620e-01   6.302376e-01
  7848.000   8.785366e-01   6.286706e-01
  7848.500   8.739847e-01   6.263859e-01
  7849.000   8.783358e-01   6.215041e-01
  7849.500   8.782355e-01   6.115810e-01
  7850.000   8.778081e-01   6.044971e-01
  7850.500   8.736148e-01   6.103093e-01
  7851.000   8.760834e-01   6.198549e-01
  7851.500   8.720962e-01   6.251348e-01
  7852.000   8.171570e-01   6.269563e-01
  7852.500   8.631338e-01   6.274386e-01
  7853.000   8.576696e-01   6.276860e-01
  7853.500   8.749617e-01   6.278746e-01
  7854.000   8.753297e-01   6.269452e-01
  7854.500   8.772342e-01   6.232314e-01
  7855.000   8.703189e-01   6.167131e-01
  7855.500   8.742677e-01   6.143637e-01
  7856.000   8.755831e-01   6.196365e-01
  7856.500   8.719724e-01   6.248216e-01
  7857.000   8.764565e-01   6.267200e-01
  7857.500   7.903305e-01   6.273344e-01
  7858.000   8.619984e-01   6.277585e-01
  7858.500   8.764358e-01   6.276960e-01
  7859.000   8.763102e-01   6.273936e-01
  7859.500   8.716565e-01   6.270607e-01
  7860.000   8.761458e-01   6.258793e-01
  7860.500   8.760462e-01   6.231064e-01
  7861.000   8.708037e-01   6.211126e-01
  7861.500   8.758287e-01   6.226307e-01
  7862.000   8.757479e-01   6.247848e-01
  7862.500   8.756485e-01   6.253356e-01
  7863.000   8.535206e-01   6.240488e-01
  7863.500   8.752454e-01   6.213328e-01
  7864.000   8.726640e-01   6.206408e-01
  7864.500   8.712758e-01   6.230733e-01
  7865.000   8.750854e-01   6.251162e-01
  7865.500   8.750093e-01   6.258280e-01
  7866.000   8.090369e-01   6.258315e-01
  7866.500   8.746601e-01   6.253564e-01
  7867.000   8.747470e-01   6.248862e-01
  7867.500   8.746567e-01   6.246507e-01
  7868.000   8.730836e-01   6.243353e-01
  7868.500   8.744501e-01   6.227628e-01
  7869.000   8.676299e-01   6.184038e-01
  7869.500   8.701279e-01   6.135767e-01
  7870.000   8.741622e-01   6.150950e-01
  7870.500   8.740574e-01   6.197739e-01
  7871.000   8.739472e-01   6.215905e-01
  7871.500   8.726568e-01   6.215884e-01
  7872.000   8.548456e-01   6.217139e-01
  7872.500   8.736424e-01   6.214383e-01
  7873.000   8.735700e-01   6.210402e-01
  7873.500   8.609849e-01   6.212470e-01
  7874.000   8.723056e-01   6.217140e-01
  7874.500   8.732744e-01   6.217334e-01
  7875.000   8.617703e-01   6.210510e-01
  7875.500   8.575620e-01   6.202465e-01
  7876.000   8.724177e-01   6.194331e-01
  7876.500   8.728807e-01   6.169211e-01
  7877.000   8.600168e-01   6.124878e-01
  7877.500   8.658196e-01   6.115791e-01
  7878.000   8.695257e-01   6.149933e-01
  7878.500   8.724789e-01   6.178172e-01
  7879.000   8.698364e-01   6.179124e-01
  7879.500   8.461086e-01   6.165759e-01
  7880.000   8.600780e-01   6.160940e-01
  7880.500   8.719902e-01   6.162576e-01
  7881.000   8.670149e-01   6.139194e-01
  7881.500   8.718730e-01   6.093308e-01
  7882.000   8.397587e-01   6.082419e-01
  7882.500   8.678700e-01   6.121872e-01
  7883.000   8.583713e-01   6.159738e-01
  7883.500   8.671598e-01   6.181299e-01
  7884.000   8.115631e-01   6.192338e-01
  7884.500   8.589997e-01   6.193705e-01
  7885.000   8.547481e-01   6.191616e-01
  7885.500   8.673239e-01   6.193527e-01
  7886.000   8.709491e-01   6.196769e-01
  7886.500   8.686945e-01   6.192580e-01
  7887.000   8.708061e-01   6.186822e-01
  7887.500   8.673819e-01   6.182841e-01
  7888.000   8.706284e-01   6.184968e-01
  7888.500   8.705309e-01   6.189021e-01
  7889.000   8.613892e-01   6.186830e-01
  7889.500   8.693117e-01   6.178708e-01
  7890.000   8.578624e-01   6.168643e-01
  7890.500   8.701413e-01   6.167922e-01
  7891.000   8.700440e-01   6.176034e-01
  7891.500   8.559339e-01   6.177470e-01
  7892.000   8.698234e-01   6.168603e-01
  7892.500   8.690721e-01   6.158038e-01
  7893.000   8.696013e-01   6.156607e-01
  7893.500   8.695579e-01   6.151136e-01
  7894.000   8.694339e-01   6.135430e-01
  7894.500   8.690333e-01   6.129882e-01
  7895.000   8.580917e-01   6.127704e-01
  7895.500   8.691697e-01   6.112367e-01
  7896.000   8.606088e-01   6.078551e-01
  7896.500   8.596031e-01   6.062745e-01
  7897.000   8.633682e-01   6.095264e-01
  7897.500   8.582220e-01   6.128190e-01
  7898.000   8.674451e-01   6.138538e-01
  7898.500   7.963813e-01   6.144437e-01
  7899.000   8.659293e-01   6.151692e-01
  7899.500   8.683690e-01   6.149663e-01
  7900.000   8.640639e-01   6.143420e-01
  7900.500   8.580379e-01   6.139736e-01
  7901.000   8.680220e-01   6.138502e-01
  7901.500   8.679998e-01   6.138397e-01
  7902.000   8.454704e-01   6.140983e-01
  7902.500   8.678154e-01   6.145902e-01
  7903.000   8.601859e-01   6.147955e-01
  7903.500   8.675965e-01   6.141857e-01
  7904.000   8.367034e-01   6.131184e-01
  7904.500   8.674297e-01   6.125909e-01
  7905.000   8.671647e-01   6.128221e-01
  7905.500   8.657002e-01   6.129090e-01
  7906.000   8.671322e-01   6.130622e-01
  7906.500   8.659488e-01   6.131910e-01
  7907.000   8.669397e-01   6.130995e-01
  7907.500   8.661875e-01   6.121054e-01
  7908.000   8.667454e-01   6.092300e-01
  7908.500   8.666600e-01   6.060657e-01
  7909.000   8.599464e-01   6.054353e-01
  7909.500   8.664679e-01   6.067000e-01
  7910.000   8.643538e-01   6.086292e-01
  7910.500   8.632423e-01   6.101984e-01
  7911.000   8.545600e-01   6.102725e-01
  7911.500   8.660463e-01   6.077346e-01
  7912.000   8.655537e-01   6.002864e-01
  7912.500   8.654062e-01   5.890224e-01
  7913.000   8.611706e-01   5.839288e-01
  7913.500   8.656923e-01   5.908590e-01
  7914.000   8.506698e-01   6.013749e-01
  7914.500   8.261550e-01   6.076277e-01
  7915.000   6.703416e-01   6.088805e-01
  7915.500   8.346681e-01   6.082126e-01
  7916.000   8.402116e-01   6.072406e-01
  7916.500   8.651272e-01   6.043954e-01
  7917.000   8.650316e-01   5.969010e-01
  7917.500   8.601519e-01   5.849505e-01
  7918.000   8.648234e-01   5.732846e-01
  7918.500   8.456486e-01   5.732023e-01
  7919.000   8.633215e-01   5.883860e-01
  7919.500   8.368671e-01   6.010735e-01
  7920.000   8.340764e-01   6.054816e-01
  7920.500   6.213967e-01   6.075827e-01
  7921.000   8.541307e-01   6.090737e-01
  7921.500   8.597775e-01   6.096241e-01
  7922.000   8.639703e-01   6.086899e-01
  7922.500   8.546118e-01   6.062123e-01
  7923.000   8.545078e-01   6.034493e-01
  7923.500   8.637670e-01   6.010649e-01
  7924.000   8.636633e-01   5.992655e-01
  7924.500   8.634129e-01   6.010012e-01
  7925.000   8.519929e-01   6.023024e-01
  7925.500   8.625906e-01   5.996644e-01
  7926.000   8.431704e-01   5.970677e-01
  7926.500   8.551846e-01   5.987299e-01
  7927.000   8.629359e-01   6.020946e-01
  7927.500   8.520591e-01   6.030979e-01
  7928.000   7.874279e-01   6.026654e-01
  7928.500   8.220988e-01   6.035726e-01
  7929.000   8.599878e-01   6.035075e-01
  7929.500   8.618909e-01   6.002254e-01
  7930.000   8.513900e-01   5.918171e-01
  7930.500   8.595911e-01   5.802018e-01
  7931.000   8.570275e-01   5.736591e-01
  7931.500   8.601731e-01   5.706294e-01
  7932.000   8.365682e-01   5.605398e-01
  7932.500   8.375809e-01   5.559306e-01
  7933.000   7.164071e-01   5.673641e-01
  7933.500   8.370287e-01   5.832136e-01
  7934.000   8.421582e-01   5.953823e-01
  7934.500   5.354043e-01   6.012271e-01
  7935.000   8.449742e-01   6.022581e-01
  7935.500   8.505859e-01   5.999253e-01
  7936.000   8.602923e-01   5.905443e-01
  7936.500   8.605501e-01   5.680043e-01
  7937.000   8.514169e-01   5.441321e-01
  7937.500   8.606228e-01   5.501136e-01
  7938.000   8.588449e-01   5.754000e-01
  7938.500   8.482046e-01   5.913057e-01
  7939.000   8.217034e-01   5.970643e-01
  7939.500   7.233311e-01   5.999715e-01
  7940.000   8.511299e-01   6.000270e-01
  7940.500   8.584867e-01   5.942267e-01
  7941.000   8.577893e-01   5.868561e-01
  7941.500   8.438945e-01   5.870579e-01
  7942.000   8.602028e-01   5.912154e-01
  7942.500   8.601433e-01   5.926095e-01
  7943.000   8.525591e-01   5.850635e-01
  7943.500   8.563842e-01   5.656700e-01
  7944.000   8.221805e-01   5.509566e-01
  7944.500   8.594117e-01   5.579068e-01
  7945.000   8.491155e-01   5.609581e-01
  7945.500   8.347740e-01   5.447565e-01
  7946.000   7.563399e-01   5.407298e-01
  7946.500   8.201123e-01   5.643240e-01
  7947.000   8.531644e-01   5.863662e-01
  7947.500   8.253302e-01   5.960365e-01
  7948.000   4.188202e-01   5.990195e-01
  7948.500   8.391066e-01   5.982749e-01
  7949.000   8.400472e-01   5.965120e-01
  7949.500   8.579841e-01   5.972886e-01
  7950.000   8.583939e-01   5.986180e-01
  7950.500   8.586197e-01   5.983539e-01
  7951.000   8.221139e-01   5.976802e-01
  7951.500   8.506814e-01   5.970366e-01
  7952.000   8.584084e-01   5.975710e-01
  7952.500   8.519561e-01   5.985655e-01
  7953.000   8.477591e-01   5.978963e-01
  7953.500   8.581373e-01   5.963628e-01
  7954.000   8.420808e-01   5.960006e-01
  7954.500   8.500143e-01   5.952285e-01
  7955.000   8.578149e-01   5.927660e-01
  7955.500   8.545983e-01   5.901752e-01
  7956.000   8.554443e-01   5.908015e-01
  7956.500   8.575526e-01   5.932691e-01
  7957.000   8.540549e-01   5.952560e-01
  7957.500   8.571385e-01   5.972333e-01
  7958.000   8.328127e-01   5.976371e-01
  7958.500   8.482682e-01   5.954401e-01
  7959.000   8.447757e-01   5.917802e-01
  7959.500   8.570210e-01   5.923947e-01
  7960.000   8.569367e-01   5.958645e-01
  7960.500   8.496293e-01   5.976883e-01
  7961.000   8.563091e-01   5.980863e-01
  7961.500   8.480308e-01   5.982457e-01
  7962.000   8.538997e-01   5.977174e-01
  7962.500   8.564641e-01   5.965555e-01
  7963.000   8.496197e-01   5.958056e-01
  7963.500   8.562790e-01   5.957359e-01
  7964.000   8.561950e-01   5.963021e-01
  7964.500   8.547620e-01   5.948500e-01
  7965.000   8.555716e-01   5.926665e-01
  7965.500   8.221036e-01   5.937410e-01
  7966.000   8.558248e-01   5.962265e-01
  7966.500   8.557237e-01   5.972383e-01
  7967.000   8.532473e-01   5.971017e-01
  7967.500   8.543819e-01   5.970288e-01
  7968.000   8.542765e-01   5.962832e-01
  7968.500   8.553627e-01   5.946595e-01
  7969.000   8.552412e-01   5.935203e-01
  7969.500   8.548771e-01   5.905769e-01
  7970.000   8.550772e-01   5.853636e-01
  7970.500   8.535668e-01   5.848864e-01
  7971.000   8.503136e-01   5.901551e-01
  7971.500   8.527148e-01   5.939621e-01
  7972.000   8.504973e-01   5.946688e-01
  7972.500   7.300524e-01   5.952028e-01
  7973.000   8.421993e-01   5.957940e-01
  7973.500   8.542729e-01   5.953383e-01
  7974.000   8.413696e-01   5.941910e-01
  7974.500   8.332561e-01   5.930481e-01
  7975.000   8.541472e-01   5.928051e-01
  7975.500   8.540723e-01   5.932566e-01
  7976.000   8.308521e-01   5.941395e-01
  7976.500   8.538234e-01   5.943098e-01
  7977.000   8.471625e-01   5.931885e-01
  7977.500   8.530408e-01   5.923010e-01
  7978.000   8.522153e-01   5.908394e-01
  7978.500   8.534867e-01   5.878870e-01
  7979.000   8.532062e-01   5.872568e-01
  7979.500   8.351261e-01   5.898371e-01
  7980.000   8.531616e-01   5.918245e-01
  7980.500   8.436724e-01   5.918875e-01
  7981.000   7.809321e-01   5.913948e-01
  7981.500   8.528055e-01   5.924726e-01
  7982.000   8.336393e-01   5.940485e-01
  7982.500   8.527871e-01   5.947377e-01
  7983.000   8.305131e-01   5.947825e-01
  7983.500   8.488748e-01   5.944469e-01
  7984.000   8.525123e-01   5.935198e-01
  7984.500   8.524207e-01   5.922380e-01
  7985.000   8.523292e-01   5.915938e-01
  7985.500   8.522377e-01   5.918935e-01
  7986.000   8.521463e-01   5.914217e-01
  7986.500   8.520378e-01   5.888842e-01
  7987.000   8.511445e-01   5.845513e-01
  7987.500   8.466418e-01   5.818663e-01
  7988.000   8.517807e-01   5.840812e-01
  7988.500   8.512340e-01   5.884612e-01
  7989.000   8.500745e-01   5.912558e-01
  7989.500   8.026375e-01   5.921872e-01
  7990.000   8.446820e-01   5.922824e-01
  7990.500   8.504499e-01   5.919917e-01
  7991.000   8.511734e-01   5.916356e-01
  7991.500   8.484990e-01   5.907678e-01
  7992.000   8.510421e-01   5.889419e-01
  7992.500   8.509169e-01   5.876079e-01
  7993.000   8.496247e-01   5.871822e-01
  7993.500   8.487802e-01   5.842448e-01
  7994.000   8.506436e-01   5.759927e-01
  7994.500   8.059901e-01   5.686215e-01
  7995.000   8.502422e-01   5.719960e-01
  7995.500   8.466944e-01   5.792888e-01
  7996.000   8.494403e-01   5.833780e-01
  7996.500   8.376013e-01   5.847101e-01
  7997.000   8.348219e-01   5.849405e-01
  7997.500   8.481070e-01   5.823693e-01
  7998.000   8.466623e-01   5.705182e-01
  7998.500   8.471205e-01   5.465456e-01
  7999.000   8.327243e-01   5.326480e-01
  7999.500   8.461440e-01   5.487547e-01
  8000.000   8.455593e-01   5.698007e-01
  8000.500   8.391870e-01   5.807568e-01
  8001.000   7.026753e-01   5.856408e-01
  8001.500   8.174420e-01   5.871081e-01
  8002.000   8.309239e-01   5.851870e-01
  8002.500   8.173333e-01   5.822944e-01
  8003.000   8.487582e-01   5.815675e-01
  8003.500   8.488750e-01   5.827157e-01
  8004.000   8.488183e-01   5.850285e-01
  8004.500   8.432733e-01   5.873392e-01
  8005.000   8.467951e-01   5.883473e-01
  8005.500   8.344112e-01   5.878022e-01
  8006.000   8.453446e-01   5.858278e-01
  8006.500   8.482959e-01   5.832222e-01
  8007.000   8.483174e-01   5.814683e-01
  8007.500   8.482099e-01   5.812439e-01
  8008.000   8.479689e-01   5.808836e-01
  8008.500   8.392800e-01   5.810092e-01
  8009.000   8.436773e-01   5.827348e-01
  8009.500   8.129560e-01   5.839751e-01
  8010.000   8.412126e-01   5.842269e-01
  8010.500   8.373389e-01   5.849727e-01
  8011.000   8.447277e-01   5.852261e-01
  8011.500   8.395665e-01   5.835957e-01
  8012.000   8.471730e-01   5.815557e-01
  8012.500   8.470821e-01   5.811627e-01
  8013.000   8.471906e-01   5.825125e-01
  8013.500   8.423487e-01   5.834836e-01
  8014.000   8.274446e-01   5.835950e-01
  8014.500   8.284300e-01   5.840688e-01
  8015.000   8.407823e-01   5.847279e-01
  8015.500   8.441038e-01   5.849116e-01
  8016.000   8.460822e-01   5.849317e-01
  8016.500   8.448747e-01   5.844026e-01
  8017.000   8.453992e-01   5.833427e-01
  8017.500   8.461306e-01   5.827735e-01
  8018.000   8.419317e-01   5.824711e-01
  8018.500   8.462330e-01   5.832718e-01
  8019.000   8.457573e-01   5.844298e-01
  8019.500   8.456965e-01   5.846113e-01
  8020.000   8.453197e-01   5.840026e-01
  8020.500   8.441448e-01   5.833594e-01
  8021.000   8.454471e-01   5.825895e-01
  8021.500   8.457101e-01   5.822875e-01
  8022.000   8.456032e-01   5.829616e-01
  8022.500   8.293792e-01   5.836273e-01
  8023.000   8.454319e-01   5.837331e-01
  8023.500   8.379271e-01   5.823765e-01
  8024.000   8.445630e-01   5.788869e-01
  8024.500   8.445851e-01   5.749058e-01
  8025.000   8.445222e-01   5.745489e-01
  8025.500   8.449829e-01   5.752210e-01
  8026.000   8.446057e-01   5.720557e-01
  8026.500   8.432846e-01   5.656218e-01
  8027.000   8.089863e-01   5.602810e-01
  8027.500   8.444888e-01   5.553089e-01
  8028.000   8.279659e-01   5.475594e-01
  8028.500   8.267475e-01   5.500528e-01
  8029.000   8.132640e-01   5.641409e-01
  8029.500   8.352265e-01   5.751182e-01
  8030.000   8.360472e-01   5.792764e-01
  8030.500   5.337850e-01   5.802137e-01
  8031.000   8.411487e-01   5.810461e-01
  8031.500   8.337723e-01   5.820182e-01
  8032.000   8.438005e-01   5.822983e-01
  8032.500   8.428367e-01   5.818840e-01
  8033.000   8.295764e-01   5.817179e-01
  8033.500   8.362752e-01   5.817964e-01
  8034.000   8.434425e-01   5.805071e-01
  8034.500   8.432097e-01   5.766433e-01
  8035.000   8.273042e-01   5.712626e-01
  8035.500   8.430730e-01   5.690319e-01
  8036.000   8.430932e-01   5.726858e-01
  8036.500   8.430038e-01   5.781241e-01
  8037.000   8.398767e-01   5.806374e-01
  8037.500   8.407984e-01   5.810759e-01
  8038.000   8.286714e-01   5.808620e-01
  8038.500   8.384556e-01   5.808777e-01
  8039.000   8.425065e-01   5.808693e-01
  8039.500   8.424762e-01   5.800033e-01
  8040.000   8.423953e-01   5.786814e-01
  8040.500   8.417670e-01   5.788490e-01
  8041.000   8.422168e-01   5.796391e-01
  8041.500   8.421191e-01   5.795996e-01
  8042.000   8.405844e-01   5.794897e-01
  8042.500   8.212904e-01   5.793886e-01
  8043.000   8.418431e-01   5.780702e-01
  8043.500   8.415940e-01   5.753584e-01
  8044.000   8.253942e-01   5.725384e-01
  8044.500   8.414410e-01   5.699908e-01
  8045.000   8.414696e-01   5.621430e-01
  8045.500   8.224238e-01   5.422634e-01
  8046.000   8.244963e-01   5.244417e-01
  8046.500   8.289405e-01   5.317620e-01
  8047.000   8.402817e-01   5.447933e-01
  8047.500   8.278425e-01   5.477393e-01
  8048.000   7.968956e-01   5.546336e-01
  8048.500   7.802906e-01   5.634871e-01
  8049.000   8.013853e-01   5.626013e-01
  8049.500   8.377546e-01   5.571401e-01
  8050.000   8.100757e-01   5.585247e-01
  8050.500   8.389658e-01   5.661885e-01
  8051.000   8.384401e-01   5.724906e-01
  8051.500   7.822966e-01   5.755207e-01
  8052.000   7.902622e-01   5.761878e-01
  8052.500   8.272163e-01   5.748212e-01
  8053.000   8.369957e-01   5.718376e-01
  8053.500   8.384877e-01   5.669277e-01
  8054.000   8.395319e-01   5.607667e-01
  8054.500   8.392835e-01   5.604354e-01
  8055.000   8.381583e-01   5.664975e-01
  8055.500   8.362305e-01   5.708405e-01
  8056.000   8.259535e-01   5.718037e-01
  8056.500   7.473744e-01   5.723190e-01
  8057.000   8.284716e-01   5.728701e-01
  8057.500   8.359923e-01   5.733771e-01
  8058.000   8.358987e-01   5.737309e-01
  8058.500   8.263942e-01   5.738436e-01
  8059.000   8.384153e-01   5.745780e-01
  8059.500   8.165617e-01   5.750116e-01
  8060.000   8.340792e-01   5.740793e-01
  8060.500   8.380760e-01   5.734629e-01
  8061.000   8.333191e-01   5.741088e-01
  8061.500   8.384945e-01   5.746394e-01
  8062.000   8.383555e-01   5.739238e-01
  8062.500   8.108072e-01   5.730329e-01
  8063.000   8.277125e-01   5.735853e-01
  8063.500   8.331415e-01   5.738863e-01
  8064.000   8.381100e-01   5.731342e-01
  8064.500   8.309239e-01   5.733499e-01
  8065.000   8.375470e-01   5.741584e-01
  8065.500   8.378526e-01   5.738055e-01
  8066.000   8.377641e-01   5.728430e-01
  8066.500   8.305551e-01   5.723093e-01
  8067.000   8.375016e-01   5.715162e-01
  8067.500   8.374398e-01   5.705278e-01
  8068.000   8.344835e-01   5.698131e-01
  8068.500   8.361408e-01   5.697587e-01
  8069.000   8.371911e-01   5.694613e-01
  8069.500   8.116373e-01   5.669340e-01
  8070.000   8.265321e-01   5.626983e-01
  8070.500   7.959346e-01   5.582295e-01
  8071.000   8.364047e-01   5.569274e-01
  8071.500   8.353094e-01   5.590122e-01
  8072.000   7.991654e-01   5.609376e-01
  8072.500   8.295128e-01   5.617253e-01
  8073.000   7.979281e-01   5.630968e-01
  8073.500   7.534674e-01   5.652463e-01
  8074.000   8.349568e-01   5.653865e-01
  8074.500   8.210787e-01   5.613527e-01
  8075.000   8.317841e-01   5.563916e-01
  8075.500   8.269805e-01   5.584914e-01
  8076.000   8.245737e-01   5.656486e-01
  8076.500   8.305207e-01   5.699882e-01
  8077.000   8.347822e-01   5.706666e-01
  8077.500   7.934278e-01   5.697238e-01
  8078.000   8.235247e-01   5.685513e-01
  8078.500   8.355453e-01   5.683256e-01
  8079.000   8.354487e-01   5.686682e-01
  8079.500   8.352794e-01   5.671124e-01
  8080.000   8.326873e-01   5.613721e-01
  8080.500   8.274202e-01   5.550910e-01
  8081.000   8.340398e-01   5.564165e-01
  8081.500   8.276928e-01   5.619541e-01
  8082.000   8.346854e-01   5.650299e-01
  8082.500   8.303432e-01   5.658014e-01
  8083.000   7.795684e-01   5.661396e-01
  8083.500   8.338991e-01   5.651454e-01
  8084.000   8.248179e-01   5.595172e-01
  8084.500   8.306743e-01   5.441700e-01
  8085.000   8.337546e-01   5.265294e-01
  8085.500   8.291967e-01   5.306625e-01
  8086.000   8.236177e-01   5.498558e-01
  8086.500   8.318823e-01   5.623830e-01
  8087.000   8.204794e-01   5.670074e-01
  8087.500   6.140491e-01   5.684490e-01
  8088.000   8.295214e-01   5.685060e-01
  8088.500   8.238129e-01   5.675342e-01
  8089.000   8.335102e-01   5.655579e-01
  8089.500   8.298579e-01   5.632380e-01
  8090.000   8.334420e-01   5.619487e-01
  8090.500   8.219994e-01   5.621673e-01
  8091.000   8.331733e-01   5.630272e-01
  8091.500   8.146880e-01   5.614580e-01
  8092.000   8.243861e-01   5.542460e-01
  8092.500   7.940310e-01   5.415167e-01
  8093.000   8.326083e-01   5.333895e-01
  8093.500   8.292744e-01   5.375027e-01
  8094.000   8.326877e-01   5.483796e-01
  8094.500   8.316599e-01   5.580440e-01
  8095.000   7.938840e-01   5.626212e-01
  8095.500   6.585717e-01   5.628889e-01
  8096.000   8.204362e-01   5.597895e-01
  8096.500   8.314402e-01   5.542433e-01
  8097.000   8.310706e-01   5.506620e-01
  8097.500   8.289016e-01   5.504066e-01
  8098.000   8.281905e-01   5.438001e-01
  8098.500   8.315058e-01   5.321171e-01
  8099.000   7.848147e-01   5.320964e-01
  8099.500   8.273907e-01   5.451679e-01
  8100.000   8.264246e-01   5.562752e-01
  8100.500   8.091005e-01   5.612946e-01
  8101.000   6.247258e-01   5.635638e-01
  8101.500   7.980748e-01   5.649350e-01
  8102.000   8.191587e-01   5.655267e-01
  8102.500   8.280751e-01   5.654647e-01
  8103.000   8.288796e-01   5.646875e-01
  8103.500   8.304891e-01   5.630295e-01
  8104.000   8.307136e-01   5.620783e-01
  8104.500   8.299610e-01   5.626109e-01
  8105.000   8.307962e-01   5.626331e-01
  8105.500   8.255787e-01   5.618943e-01
  8106.000   7.948810e-01   5.613308e-01
  8106.500   8.272983e-01   5.602265e-01
  8107.000   8.246470e-01   5.590064e-01
  8107.500   8.150222e-01   5.592202e-01
  8108.000   8.125371e-01   5.601610e-01
  8108.500   8.159789e-01   5.610975e-01
  8109.000   8.014667e-01   5.622978e-01
  8109.500   8.061536e-01   5.618482e-01
  8110.000   8.294630e-01   5.613200e-01
  8110.500   7.967009e-01   5.623207e-01
  8111.000   8.297015e-01   5.630232e-01
  8111.500   8.296022e-01   5.616907e-01
  8112.000   8.218647e-01   5.596432e-01
  8112.500   8.284326e-01   5.603107e-01
  8113.000   8.292286e-01   5.619834e-01
  8113.500   8.293956e-01   5.625345e-01
  8114.000   8.279751e-01   5.614676e-01
  8114.500   8.103781e-01   5.589390e-01
  8115.000   8.291408e-01   5.578105e-01
  8115.500   8.173050e-01   5.587063e-01
  8116.000   8.282911e-01   5.593567e-01
  8116.500   8.139404e-01   5.589970e-01
  8117.000   7.941762e-01   5.589603e-01
  8117.500   8.244367e-01   5.601574e-01
  8118.000   8.218283e-01   5.610053e-01
  8118.500   8.261033e-01   5.605880e-01
  8119.000   8.180721e-01   5.595070e-01
  8119.500   8.126955e-01   5.580032e-01
  8120.000   8.282310e-01   5.577980e-01
  8120.500   8.279773e-01   5.596699e-01
  8121.000   7.974806e-01   5.613469e-01
  8121.500   8.230356e-01   5.619514e-01
  8122.000   8.049131e-01   5.617939e-01
  8122.500   8.254536e-01   5.615852e-01
  8123.000   8.274819e-01   5.611179e-01
  8123.500   8.275681e-01   5.612668e-01
  8124.000   8.275302e-01   5.612966e-01
  8124.500   8.151442e-01   5.605310e-01
  8125.000   8.216174e-01   5.592636e-01
  8125.500   8.097445e-01   5.579910e-01
  8126.000   8.272130e-01   5.562329e-01
  8126.500   8.271172e-01   5.556627e-01
  8127.000   8.266969e-01   5.567929e-01
  8127.500   8.237800e-01   5.575703e-01
  8128.000   8.251587e-01   5.582236e-01
  8128.500   7.879821e-01   5.591290e-01
  8129.000   8.263185e-01   5.594276e-01
  8129.500   8.248945e-01   5.594093e-01
  8130.000   8.139752e-01   5.590143e-01
  8130.500   8.219381e-01   5.572330e-01
  8131.000   8.263293e-01   5.558860e-01
  8131.500   8.135268e-01   5.569657e-01
  8132.000   8.261626e-01   5.583994e-01
  8132.500   8.254468e-01   5.584114e-01
  8133.000   8.234303e-01   5.573367e-01
  8133.500   8.228372e-01   5.580314e-01
  8134.000   8.258126e-01   5.599338e-01
  8134.500   8.254207e-01   5.602710e-01
  8135.000   8.255906e-01   5.606272e-01
  8135.500   7.946701e-01   5.587304e-01
  8136.000   8.253024e-01   5.574091e-01
  8136.500   8.155754e-01   5.572288e-01
  8137.000   8.252878e-01   5.570683e-01
  8137.500   8.038853e-01   5.567019e-01
  8138.000   8.251046e-01   5.567896e-01
  8138.500   7.930088e-01   5.576874e-01
  8139.000   8.243851e-01   5.580352e-01
  8139.500   8.247788e-01   5.569842e-01
  8140.000   8.245974e-01   5.556859e-01
  8140.500   8.246446e-01   5.565147e-01
  8141.000   8.245800e-01   5.570122e-01
  8141.500   8.245008e-01   5.565405e-01
  8142.000   8.141831e-01   5.562554e-01
  8142.500   8.119798e-01   5.544982e-01
  8143.000   8.238734e-01   5.548203e-01
  8143.500   8.241366e-01   5.560574e-01
  8144.000   8.045544e-01   5.558902e-01
  8144.500   7.999220e-01   5.540199e-01
  8145.000   7.852960e-01   5.522230e-01
  8145.500   8.237604e-01   5.517744e-01
  8146.000   8.210979e-01   5.533372e-01
  8146.500   8.145505e-01   5.542265e-01
  8147.000   7.993582e-01   5.551506e-01
  8147.500   8.229682e-01   5.554870e-01
  8148.000   8.232653e-01   5.559885e-01
  8148.500   8.232423e-01   5.556933e-01
  8149.000   8.064243e-01   5.520654e-01
  8149.500   8.231027e-01   5.488279e-01
  8150.000   8.128465e-01   5.481412e-01
  8150.500   8.229198e-01   5.511319e-01
  8151.000   8.226295e-01   5.543398e-01
  8151.500   8.139953e-01   5.558365e-01
  8152.000   7.838827e-01   5.564629e-01
  8152.500   8.216588e-01   5.571809e-01
  8153.000   8.224111e-01   5.556209e-01
  8153.500   8.224040e-01   5.555007e-01
  8154.000   8.223163e-01   5.557311e-01
  8154.500   8.172735e-01   5.547025e-01
  8155.000   8.105236e-01   5.497272e-01
  8155.500   8.150920e-01   5.493649e-01
  8156.000   8.119142e-01   5.525283e-01
  8156.500   8.218801e-01   5.547823e-01
  8157.000   7.946176e-01   5.554385e-01
  8157.500   7.794604e-01   5.563763e-01
  8158.000   8.211448e-01   5.580794e-01
  8158.500   8.215310e-01   5.550864e-01
  8159.000   8.214437e-01   5.524940e-01
  8159.500   8.213564e-01   5.521926e-01
  8160.000   8.212691e-01   5.529313e-01
  8160.500   8.211819e-01   5.533828e-01
  8161.000   8.210946e-01   5.538470e-01
  8161.500   8.065747e-01   5.549759e-01
  8162.000   8.207570e-01   5.531761e-01
  8162.500   8.196411e-01   5.523086e-01
  8163.000   8.205820e-01   5.503956e-01
  8163.500   8.200863e-01   5.514204e-01
  8164.000   8.062164e-01   5.540744e-01
  8164.500   8.091391e-01   5.575093e-01
  8165.000   8.185735e-01   5.545405e-01
  8165.500   8.191755e-01   5.529262e-01
  8166.000   8.201975e-01   5.516486e-01
  8166.500   7.986656e-01   5.511313e-01
  8167.000   8.073490e-01   5.507231e-01
  8167.500   8.199206e-01   5.499115e-01
  8168.000   8.097640e-01   5.496042e-01
  8168.500   8.151351e-01   5.509787e-01
  8169.000   8.185629e-01   5.533216e-01
  8169.500   8.196034e-01   5.550132e-01
  8170.000   8.165692e-01   5.559833e-01
  8170.500   8.177143e-01   5.497898e-01
  8171.000   8.174826e-01   5.444950e-01
  8171.500   7.926985e-01   5.439540e-01
  8172.000   8.164404e-01   5.464452e-01
  8172.500   8.190803e-01   5.478749e-01
  8173.000   8.074409e-01   5.481946e-01
  8173.500   7.481726e-01   5.479739e-01
  8174.000   8.187021e-01   5.478600e-01
  8174.500   8.151549e-01   5.483663e-01
  8175.000   8.095808e-01   5.491153e-01
  8175.500   8.096955e-01   5.501205e-01
  8176.000   8.184204e-01   5.511714e-01
  8176.500   8.167580e-01   5.528823e-01
  8177.000   8.182041e-01   5.559269e-01
  8177.500   8.162788e-01   5.529277e-01
  8178.000   8.181296e-01   5.525920e-01
  8178.500   8.180425e-01   5.505057e-01
  8179.000   7.928776e-01   5.483056e-01
  8179.500   8.178682e-01   5.471065e-01
  8180.000   8.125756e-01   5.479199e-01
  8180.500   8.176858e-01   5.472261e-01
  8181.000   8.162180e-01   5.452604e-01
  8181.500   8.156189e-01   5.436408e-01
  8182.000   8.174244e-01   5.366361e-01
  8182.500   8.049393e-01   5.121947e-01
  8183.000   8.171564e-01   4.812889e-01
  8183.500   7.806451e-01   4.796626e-01
  8184.000   8.167278e-01   5.092077e-01
  8184.500   8.120781e-01   5.313322e-01
  8185.000   8.024539e-01   5.400193e-01
  8185.500   2.102801e-01   5.435459e-01
  8186.000   8.027210e-01   5.430505e-01
  8186.500   8.152117e-01   5.384720e-01
  8187.000   7.934737e-01   5.349612e-01
  8187.500   8.123727e-01   5.383375e-01
  8188.000   8.163548e-01   5.412353e-01
  8188.500   8.161117e-01   5.443085e-01
  8189.000   6.646217e-01   5.497744e-01
  8189.500   8.157013e-01   5.526318e-01
  8190.000   8.036964e-01   5.497754e-01
  8190.500   8.054119e-01   5.478206e-01
  8191.000   8.054197e-01   5.472871e-01
  8191.500   8.157780e-01   5.471371e-01
  8192.000   8.156909e-01   5.460365e-01
  8192.500   8.156039e-01   5.443509e-01
  8193.000   8.070874e-01   5.427031e-01
  8193.500   8.154135e-01   5.319026e-01
  8194.000   8.153102e-01   5.052999e-01
  8194.500   8.051473e-01   4.653995e-01
  8195.000   8.094924e-01   4.543735e-01
  8195.500   8.137983e-01   4.873674e-01
  8196.000   8.119299e-01   5.200124e-01
  8196.500   7.962524e-01   5.340341e-01
  8197.000   3.300666e-01   5.400412e-01
  8197.500   7.559725e-01   5.440712e-01
  8198.000   8.053134e-01   5.371043e-01
  8198.500   8.131671e-01   5.229616e-01
  8199.000   8.129135e-01   5.179673e-01
  8199.500   8.141358e-01   5.275092e-01
  8200.000   8.141928e-01   5.378810e-01
  8200.500   7.743702e-01   5.400358e-01
  8201.000   7.811028e-01   5.348767e-01
  8201.500   8.070048e-01   5.286348e-01
  8202.000   8.134854e-01   5.299993e-01
  8202.500   8.115804e-01   5.363068e-01
  8203.000   8.125131e-01   5.395767e-01
  8203.500   7.975741e-01   5.404646e-01
  8204.000   6.525696e-01   5.406111e-01
  8204.500   8.095958e-01   5.395926e-01
  8205.000   8.129204e-01   5.386734e-01
  8205.500   7.836985e-01   5.397391e-01
  8206.000   8.132551e-01   5.409341e-01
  8206.500   8.119678e-01   5.390873e-01
  8207.000   8.127424e-01   5.316763e-01
  8207.500   8.040157e-01   5.213445e-01
  8208.000   8.066065e-01   5.203021e-01
  8208.500   8.128124e-01   5.291748e-01
  8209.000   8.110851e-01   5.359061e-01
  8209.500   8.115487e-01   5.377544e-01
  8210.000   5.039090e-01   5.384002e-01
  8210.500   7.994997e-01   5.388701e-01
  8211.000   8.096191e-01   5.368335e-01
  8211.500   8.120497e-01   5.338126e-01
  8212.000   7.876930e-01   5.261508e-01
  8212.500   8.115647e-01   5.067038e-01
  8213.000   8.059052e-01   4.911472e-01
  8213.500   7.948957e-01   5.000434e-01
  8214.000   8.093033e-01   5.173324e-01
  8214.500   8.041260e-01   5.241918e-01
  8215.000   7.579143e-01   5.234168e-01
  8215.500   7.059469e-01   5.254329e-01
  8216.000   8.001337e-01   5.306288e-01
  8216.500   7.981928e-01   5.353837e-01
  8217.000   7.871686e-01   5.390166e-01
  8217.500   7.269388e-01   5.411140e-01
  8218.000   7.812235e-01   5.407308e-01
  8218.500   7.927258e-01   5.354713e-01
  8219.000   8.023843e-01   5.281764e-01
  8219.500   8.105931e-01   5.109023e-01
  8220.000   8.104578e-01   4.831537e-01
  8220.500   8.076908e-01   4.730615e-01
  8221.000   8.072703e-01   4.950976e-01
  8221.500   8.063919e-01   5.205476e-01
  8222.000   7.677374e-01   5.316550e-01
  8222.500   6.102712e-01   5.350628e-01
  8223.000   7.533778e-01   5.373592e-01
  8223.500   7.878312e-01   5.398986e-01
  8224.000   7.997916e-01   5.420714e-01
  8224.500   7.960359e-01   5.415314e-01
  8225.000   7.894511e-01   5.413772e-01
  8225.500   8.068236e-01   5.420248e-01
  8226.000   8.097003e-01   5.421962e-01
  8226.500   7.987581e-01   5.437368e-01
  8227.000   8.095835e-01   5.466764e-01
  8227.500   8.094890e-01   5.446360e-01
  8228.000   8.094248e-01   5.478314e-01
  8228.500   8.093477e-01   5.480462e-01
  8229.000   8.092609e-01   5.423707e-01
  8229.500   7.974318e-01   5.399413e-01
  8230.000   8.045268e-01   5.382378e-01
  8230.500   8.080566e-01   5.346997e-01
  8231.000   8.088899e-01   5.330317e-01
  8231.500   7.800689e-01   5.261826e-01
  8232.000   8.087408e-01   5.117785e-01
  8232.500   8.085315e-01   5.115684e-01
  8233.000   7.785154e-01   5.242855e-01
  8233.500   8.082084e-01   5.344470e-01
  8234.000   6.986196e-01   5.379840e-01
  8234.500   6.651011e-01   5.354926e-01
  8235.000   8.044229e-01   5.336942e-01
  8235.500   8.078807e-01   5.329196e-01
  8236.000   8.079667e-01   5.330824e-01
  8236.500   8.072472e-01   5.336898e-01
  8237.000   7.914217e-01   5.332974e-01
  8237.500   8.058756e-01   5.329644e-01
  8238.000   7.760333e-01   5.318863e-01
  8238.500   8.035960e-01   5.277034e-01
  8239.000   8.074148e-01   5.227914e-01
  8239.500   7.903735e-01   5.256960e-01
  8240.000   8.073466e-01   5.329673e-01
  8240.500   8.040645e-01   5.359455e-01
  8241.000   8.055487e-01   5.356775e-01
  8241.500   7.509812e-01   5.339383e-01
  8242.000   8.069298e-01   5.318323e-01
  8242.500   8.069138e-01   5.315018e-01
  8243.000   8.068192e-01   5.338043e-01
  8243.500   8.066840e-01   5.356784e-01
  8244.000   7.894729e-01   5.336665e-01
  8244.500   7.957925e-01   5.345393e-01
  8245.000   8.022775e-01   5.359926e-01
  8245.500   8.061527e-01   5.361728e-01
  8246.000   7.732318e-01   5.349769e-01
  8246.500   8.044134e-01   5.322547e-01
  8247.000   8.060787e-01   5.272621e-01
  8247.500   8.060487e-01   5.180326e-01
  8248.000   8.059703e-01   5.056297e-01
  8248.500   8.058757e-01   5.009656e-01
  8249.000   7.908979e-01   5.089101e-01
  8249.500   7.898036e-01   5.218096e-01
  8250.000   8.032557e-01   5.297020e-01
  8250.500   6.967404e-01   5.322308e-01
  8251.000   6.893533e-01   5.326070e-01
  8251.500   8.019708e-01   5.325382e-01
  8252.000   8.033651e-01   5.327692e-01
  8252.500   8.034490e-01   5.338667e-01
  8253.000   8.050979e-01   5.340978e-01
  8253.500   8.050099e-01   5.327008e-01
  8254.000   7.984225e-01   5.304154e-01
  8254.500   8.047321e-01   5.283628e-01
  8255.000   8.042801e-01   5.284726e-01
  8255.500   8.046177e-01   5.303769e-01
  8256.000   7.959402e-01   5.325939e-01
  8256.500   8.022433e-01   5.342553e-01
  8257.000   7.388094e-01   5.302941e-01
  8257.500   8.039541e-01   5.288212e-01
  8258.000   8.011070e-01   5.298371e-01
  8258.500   8.038964e-01   5.306301e-01
  8259.000   7.945708e-01   5.316242e-01
  8259.500   7.777035e-01   5.325351e-01
  8260.000   8.031312e-01   5.317604e-01
  8260.500   8.036933e-01   5.316677e-01
  8261.000   7.933796e-01   5.321307e-01
  8261.500   8.036223e-01   5.322121e-01
  8262.000   7.972865e-01   5.319285e-01
  8262.500   8.024233e-01   5.314904e-01
  8263.000   7.984447e-01   5.298421e-01
  8263.500   8.032935e-01   5.258894e-01
  8264.000   8.028750e-01   5.211339e-01
  8264.500   8.031130e-01   5.223056e-01
  8265.000   8.030349e-01   5.266702e-01
  8265.500   7.979145e-01   5.290857e-01
  8266.000   7.822014e-01   5.287295e-01
  8266.500   7.389835e-01   5.278448e-01
  8267.000   7.949910e-01   5.279232e-01
  8267.500   8.025361e-01   5.276649e-01
  8268.000   8.025179e-01   5.268744e-01
  8268.500   7.994841e-01   5.263329e-01
  8269.000   8.023049e-01   5.248424e-01
  8269.500   7.886257e-01   5.235625e-01
  8270.000   8.006263e-01   5.256534e-01
  8270.500   7.925806e-01   5.286347e-01
  8271.000   8.004145e-01   5.300783e-01
  8271.500   7.853329e-01   5.310259e-01
  8272.000   7.666847e-01   5.317484e-01
  8272.500   8.016950e-01   5.298159e-01
  8273.000   8.008752e-01   5.279331e-01
  8273.500   8.003496e-01   5.249310e-01
  8274.000   8.014850e-01   5.222943e-01
  8274.500   7.939679e-01   5.231030e-01
  8275.000   8.012712e-01   5.221424e-01
  8275.500   8.010058e-01   5.194019e-01
  8276.000   7.995803e-01   5.181890e-01
  8276.500   7.372381e-01   5.229803e-01
  8277.000   7.915127e-01   5.262887e-01
  8277.500   8.004087e-01   5.275501e-01
  8278.000   7.901104e-01   5.272923e-01
  8278.500   7.962056e-01   5.264388e-01
  8279.000   7.927087e-01   5.274423e-01
  8279.500   7.959988e-01   5.302852e-01
  8280.000   8.004535e-01   5.298253e-01
  8280.500   8.000164e-01   5.293599e-01
  8281.000   7.937044e-01   5.297357e-01
  8281.500   8.001639e-01   5.310374e-01
  8282.000   8.000686e-01   5.327654e-01
  8282.500   7.972326e-01   5.292512e-01
  8283.000   7.999384e-01   5.273637e-01
  8283.500   7.998526e-01   5.271535e-01
  8284.000   7.997668e-01   5.267230e-01
  8284.500   7.996810e-01   5.252069e-01
  8285.000   7.800136e-01   5.238540e-01
  8285.500   7.986202e-01   5.242362e-01
  8286.000   7.993842e-01   5.253621e-01
  8286.500   7.993219e-01   5.247377e-01
  8287.000   7.958963e-01   5.222654e-01
  8287.500   7.759295e-01   5.225944e-01
  8288.000   7.873762e-01   5.276339e-01
  8288.500   7.971603e-01   5.265734e-01
  8289.000   7.989093e-01   5.242870e-01
  8289.500   7.696756e-01   5.231161e-01
  8290.000   7.950655e-01   5.221352e-01
  8290.500   7.986523e-01   5.236111e-01
  8291.000   7.985507e-01   5.248586e-01
  8291.500   7.982846e-01   5.244037e-01
  8292.000   7.452879e-01   5.221629e-01
  8292.500   7.979532e-01   5.169533e-01
  8293.000   7.982163e-01   5.091438e-01
  8293.500   7.913394e-01   5.055826e-01
  8294.000   7.978742e-01   5.130843e-01
  8294.500   7.970312e-01   5.201983e-01
  8295.000   7.707338e-01   5.218995e-01
  8295.500   7.952326e-01   5.230256e-01
  8296.000   7.873247e-01   5.233264e-01
  8296.500   7.944673e-01   5.228542e-01
  8297.000   7.718742e-01   5.223570e-01
  8297.500   7.954707e-01   5.210942e-01
  8298.000   7.961522e-01   5.192639e-01
  8298.500   7.859894e-01   5.185797e-01
  8299.000   7.959244e-01   5.198396e-01
  8299.500   7.965951e-01   5.213252e-01
  8300.000   7.847105e-01   5.229274e-01
  8300.500   7.914531e-01   5.252618e-01
  8301.000   7.933376e-01   5.240720e-01
  8301.500   7.958618e-01   5.227603e-01
  8302.000   7.966142e-01   5.222540e-01
  8302.500   7.964853e-01   5.209446e-01
  8303.000   7.964594e-01   5.185887e-01
  8303.500   7.962820e-01   5.176268e-01
  8304.000   7.958473e-01   5.189960e-01
  8304.500   7.958088e-01   5.195266e-01
  8305.000   7.917966e-01   5.155734e-01
  8305.500   7.773056e-01   5.074965e-01
  8306.000   7.866697e-01   5.064557e-01
  8306.500   7.937183e-01   5.102777e-01
  8307.000   7.739737e-01   5.139801e-01
  8307.500   7.823179e-01   5.168574e-01
  8308.000   7.213354e-01   5.190169e-01
  8308.500   7.656038e-01   5.192916e-01
  8309.000   7.588553e-01   5.158334e-01
  8309.500   7.893460e-01   5.072143e-01
  8310.000   7.873168e-01   4.970927e-01
  8310.500   7.945929e-01   4.963868e-01
  8311.000   7.941393e-01   5.051270e-01
  8311.500   7.879108e-01   5.135557e-01
  8312.000   7.704805e-01   5.184210e-01
  8312.500   6.704966e-01   5.190410e-01
  8313.000   7.759159e-01   5.192804e-01
  8313.500   7.766904e-01   5.200166e-01
  8314.000   7.886242e-01   5.205140e-01
  8314.500   7.924228e-01   5.197661e-01
  8315.000   7.894084e-01   5.192411e-01
  8315.500   7.889696e-01   5.194781e-01
  8316.000   7.942383e-01   5.206479e-01
  8316.500   7.941772e-01   5.212587e-01
  8317.000   7.841175e-01   5.206884e-01
  8317.500   7.939069e-01   5.205123e-01
  8318.000   7.766020e-01   5.216713e-01
  8318.500   7.937901e-01   5.207364e-01
  8319.000   7.937846e-01   5.196808e-01
  8319.500   7.932716e-01   5.187376e-01
  8320.000   7.930521e-01   5.176053e-01
  8320.500   7.872894e-01   5.170142e-01
  8321.000   7.877610e-01   5.181601e-01
  8321.500   7.930597e-01   5.194885e-01
  8322.000   7.931181e-01   5.175447e-01
  8322.500   7.751966e-01   5.168092e-01
  8323.000   7.922922e-01   5.165827e-01
  8323.500   7.905657e-01   5.162755e-01
  8324.000   7.713223e-01   5.152624e-01
  8324.500   7.928603e-01   5.140312e-01
  8325.000   7.925441e-01   5.130464e-01
  8325.500   7.861117e-01   5.108409e-01
  8326.000   7.925589e-01   5.018682e-01
  8326.500   7.754349e-01   4.805324e-01
  8327.000   7.747111e-01   4.626194e-01
  8327.500   7.921341e-01   4.744459e-01
  8328.000   7.919234e-01   4.976917e-01
  8328.500   7.888906e-01   5.091249e-01
  8329.000   7.673988e-01   5.127238e-01
  8329.500   6.142030e-01   5.154994e-01
  8330.000   7.872036e-01   5.146466e-01
  8330.500   7.911783e-01   5.100136e-01
  8331.000   7.900983e-01   4.991181e-01
  8331.500   7.909755e-01   4.812344e-01
  8332.000   7.914741e-01   4.735139e-01
  8332.500   7.909711e-01   4.868139e-01
  8333.000   7.890645e-01   5.015676e-01
  8333.500   7.754807e-01   5.064996e-01
  8334.000   7.319768e-01   5.027657e-01
  8334.500   7.587236e-01   4.928321e-01
  8335.000   7.871821e-01   4.841457e-01
  8335.500   7.890671e-01   4.891410e-01
  8336.000   7.821993e-01   5.006059e-01
  8336.500   7.680663e-01   5.075929e-01
  8337.000   7.802277e-01   5.096978e-01
  8337.500   5.739870e-01   5.079420e-01
  8338.000   7.881498e-01   5.040803e-01
  8338.500   7.404705e-01   4.981243e-01
  8339.000   7.902941e-01   4.881814e-01
  8339.500   7.846415e-01   4.832795e-01
  8340.000   7.882897e-01   4.945155e-01
  8340.500   7.752579e-01   5.062347e-01
  8341.000   7.820427e-01   5.113994e-01
  8341.500   7.428224e-01   5.120208e-01
  8342.000   7.764423e-01   5.098526e-01
  8342.500   7.891536e-01   5.071422e-01
  8343.000   7.895422e-01   5.062747e-01
  8343.500   7.896167e-01   5.074081e-01
  8344.000   7.872482e-01   5.085192e-01
  8344.500   7.289956e-01   5.076536e-01
  8345.000   7.821435e-01   5.007487e-01
  8345.500   7.884109e-01   4.850554e-01
  8346.000   7.542231e-01   4.702600e-01
  8346.500   7.865118e-01   4.742804e-01
  8347.000   7.869752e-01   4.900332e-01
  8347.500   7.669873e-01   5.007816e-01
  8348.000   7.386203e-01   5.042998e-01
  8348.500   5.610311e-01   5.048498e-01
  8349.000   7.610460e-01   5.060443e-01
  8349.500   7.663585e-01   5.086572e-01
  8350.000   7.849898e-01   5.109974e-01
  8350.500   7.678577e-01   5.121160e-01
  8351.000   7.821269e-01   5.127938e-01
  8351.500   7.762941e-01   5.131875e-01
  8352.000   7.766395e-01   5.127348e-01
  8352.500   7.880507e-01   5.121252e-01
  8353.000   7.654590e-01   5.120342e-01
  8353.500   7.879571e-01   5.119548e-01
  8354.000   7.878893e-01   5.113295e-01
  8354.500   7.840531e-01   5.111726e-01
  8355.000   7.876814e-01   5.112625e-01
  8355.500   7.723105e-01   5.109767e-01
  8356.000   7.776501e-01   5.104105e-01
  8356.500   7.821203e-01   5.100317e-01
  8357.000   7.872289e-01   5.098942e-01
  8357.500   7.817070e-01   5.081784e-01
  8358.000   7.871898e-01   5.051794e-01
  8358.500   7.855787e-01   5.037796e-01
  8359.000   7.748019e-01   5.059403e-01
  8359.500   7.734782e-01   5.073852e-01
  8360.000   7.854853e-01   5.032422e-01
  8360.500   7.863530e-01   4.952528e-01
  8361.000   7.827815e-01   4.941730e-01
  8361.500   7.823125e-01   5.019561e-01
  8362.000   7.865159e-01   5.080678e-01
  8362.500   7.859368e-01   5.094551e-01
  8363.000   6.959234e-01   5.083144e-01
  8363.500   7.841509e-01   5.050865e-01
  8364.000   7.861110e-01   5.012029e-01
  8364.500   7.837285e-01   4.989167e-01
  8365.000   7.859575e-01   4.942185e-01
  8365.500   7.841073e-01   4.876304e-01
  8366.000   7.786487e-01   4.912143e-01
  8366.500   7.066202e-01   5.014679e-01
  8367.000   7.856300e-01   5.078119e-01
  8367.500   7.846012e-01   5.099093e-01
  8368.000   5.649162e-01   5.100235e-01
  8368.500   7.841434e-01   5.097005e-01
  8369.000   7.849867e-01   5.086256e-01
  8369.500   7.853095e-01   5.071513e-01
  8370.000   7.850491e-01   5.065446e-01
  8370.500   7.840036e-01   5.069173e-01
  8371.000   7.850688e-01   5.066332e-01
  8371.500   7.735371e-01   5.054699e-01
  8372.000   7.833846e-01   5.042803e-01
  8372.500   7.847704e-01   5.032800e-01
  8373.000   7.836594e-01   5.034267e-01
  8373.500   7.836424e-01   5.039846e-01
  8374.000   7.825099e-01   5.039557e-01
  8374.500   7.650437e-01   5.054599e-01
  8375.000   7.589882e-01   5.074703e-01
  8375.500   7.840119e-01   5.081739e-01
  8376.000   7.771811e-01   5.074724e-01
  8376.500   7.719626e-01   5.061354e-01
  8377.000   7.805403e-01   5.033128e-01
  8377.500   7.839942e-01   4.990093e-01
  8378.000   7.839116e-01   4.975879e-01
  8378.500   7.750255e-01   5.014148e-01
  8379.000   7.825736e-01   5.055126e-01
  8379.500   7.825068e-01   5.073614e-01
  8380.000   7.783431e-01   5.080572e-01
  8380.500   7.742824e-01   5.080752e-01
  8381.000   7.833382e-01   5.072425e-01
  8381.500   7.831648e-01   5.044490e-01
  8382.000   7.832235e-01   4.978876e-01
  8382.500   7.831702e-01   4.909722e-01
  8383.000   7.830879e-01   4.917110e-01
  8383.500   7.830056e-01   4.979400e-01
  8384.000   7.829156e-01   5.027527e-01
  8384.500   7.643285e-01   5.045558e-01
  8385.000   7.416804e-01   5.051025e-01
  8385.500   7.764672e-01   5.042130e-01
  8386.000   7.807127e-01   5.009791e-01
  8386.500   7.824892e-01   4.942406e-01
  8387.000   7.755958e-01   4.776578e-01
  8387.500   7.823094e-01   4.540128e-01
  8388.000   7.817699e-01   4.514344e-01
  8388.500   7.779026e-01   4.736850e-01
  8389.000   7.784812e-01   4.918809e-01
  8389.500   7.740541e-01   4.989702e-01
  8390.000   4.385874e-01   5.012348e-01
  8390.500   7.566137e-01   5.021234e-01
  8391.000   7.782636e-01   5.030402e-01
  8391.500   7.616465e-01   5.041732e-01
  8392.000   7.810833e-01   5.051488e-01
  8392.500   7.777832e-01   5.055681e-01
  8393.000   7.802782e-01   5.054991e-01
  8393.500   7.575744e-01   5.049921e-01
  8394.000   7.745502e-01   5.039125e-01
  8394.500   7.812023e-01   5.020529e-01
  8395.000   7.781899e-01   5.001083e-01
  8395.500   7.810389e-01   4.999083e-01
  8396.000   7.809522e-01   4.996716e-01
  8396.500   7.697535e-01   4.970268e-01
  8397.000   7.807394e-01   4.957697e-01
  8397.500   7.360142e-01   4.984536e-01
  8398.000   7.805451e-01   5.009560e-01
  8398.500   7.792743e-01   5.019604e-01
  8399.000   7.758810e-01   5.026572e-01
  8399.500   7.703595e-01   5.030888e-01
  8400.000   7.801754e-01   5.027821e-01
  8400.500   7.800780e-01   5.003775e-01
  8401.000   7.798080e-01   4.951313e-01
  8401.500   7.739203e-01   4.917540e-01
  8402.000   7.770617e-01   4.943661e-01
  8402.500   7.798982e-01   4.981073e-01
  8403.000   7.798091e-01   5.002568e-01
  8403.500   7.715207e-01   5.009545e-01
  8404.000   7.467813e-01   4.998582e-01
  8404.500   7.794640e-01   4.986099e-01
  8405.000   7.586325e-01   4.990227e-01
  8405.500   7.793000e-01   5.000453e-01
  8406.000   7.792362e-01   5.009878e-01
  8406.500   7.758225e-01   5.015309e-01
  8407.000   7.697659e-01   5.012521e-01
  8407.500   7.768909e-01   5.008579e-01
  8408.000   7.701625e-01   5.007362e-01
  8408.500   7.788932e-01   5.009667e-01
  8409.000   7.756331e-01   5.015313e-01
  8409.500   7.642604e-01   5.017218e-01
  8410.000   7.786765e-01   5.011606e-01
  8410.500   7.681922e-01   5.001389e-01
  8411.000   7.711006e-01   4.980402e-01
  8411.500   7.784310e-01   4.940089e-01
  8412.000   7.782719e-01   4.887449e-01
  8412.500   7.707806e-01   4.872693e-01
  8413.000   7.781603e-01   4.916593e-01
  8413.500   7.676184e-01   4.949781e-01
  8414.000   7.631729e-01   4.958314e-01
  8414.500   7.644524e-01   4.969056e-01
  8415.000   7.746338e-01   4.975631e-01
  8415.500   7.759037e-01   4.974472e-01
  8416.000   7.739651e-01   4.974080e-01
  8416.500   7.623770e-01   4.963007e-01
  8417.000   7.745175e-01   4.945869e-01
  8417.500   7.737505e-01   4.950716e-01
  8418.000   7.738685e-01   4.967103e-01
  8418.500   7.772395e-01   4.966007e-01
  8419.000   7.731588e-01   4.943940e-01
  8419.500   7.396204e-01   4.932108e-01
  8420.000   7.757563e-01   4.943419e-01
  8420.500   7.763895e-01   4.957294e-01
  8421.000   7.694055e-01   4.958416e-01
  8421.500   7.539643e-01   4.951074e-01
  8422.000   7.758334e-01   4.936293e-01
  8422.500   7.765484e-01   4.897173e-01
  8423.000   7.759805e-01   4.858707e-01
  8423.500   7.762255e-01   4.850909e-01
  8424.000   7.707936e-01   4.849282e-01
  8424.500   7.762663e-01   4.874517e-01
  8425.000   7.748827e-01   4.907982e-01
  8425.500   7.353313e-01   4.889375e-01
  8426.000   7.755483e-01   4.822081e-01
  8426.500   6.446953e-01   4.781147e-01
  8427.000   7.756436e-01   4.830482e-01
  8427.500   7.754397e-01   4.911740e-01
  8428.000   7.656056e-01   4.961111e-01
  8428.500   7.595486e-01   4.979399e-01
  8429.000   7.626283e-01   4.983978e-01
  8429.500   7.607548e-01   4.982122e-01
  8430.000   7.751427e-01   4.978864e-01
  8430.500   7.753776e-01   4.977489e-01
  8431.000   7.752977e-01   4.974419e-01
  8431.500   7.749782e-01   4.970924e-01
  8432.000   7.751381e-01   4.969521e-01
  8432.500   7.750356e-01   4.966371e-01
  8433.000   7.749709e-01   4.957472e-01
  8433.500   7.652061e-01   4.929780e-01
  8434.000   7.748037e-01   4.852635e-01
  8434.500   7.745547e-01   4.712918e-01
  8435.000   7.745980e-01   4.596689e-01
  8435.500   7.721014e-01   4.608833e-01
  8436.000   7.741516e-01   4.728631e-01
  8436.500   7.729008e-01   4.846739e-01
  8437.000   7.571645e-01   4.893869e-01
  8437.500   7.590377e-01   4.905438e-01
  8438.000   4.958859e-01   4.901285e-01
  8438.500   7.734550e-01   4.852436e-01
  8439.000   7.682052e-01   4.751013e-01
  8439.500   7.544321e-01   4.676731e-01
  8440.000   7.695925e-01   4.732853e-01
  8440.500   7.728267e-01   4.835867e-01
  8441.000   7.527362e-01   4.889469e-01
  8441.500   7.664373e-01   4.909413e-01
  8442.000   6.443869e-01   4.926295e-01
  8442.500   7.707846e-01   4.936083e-01
  8443.000   7.658327e-01   4.919041e-01
  8443.500   7.728465e-01   4.872306e-01
  8444.000   7.610848e-01   4.836125e-01
  8444.500   7.731132e-01   4.851221e-01
  8445.000   7.730418e-01   4.861370e-01
  8445.500   7.728428e-01   4.800409e-01
  8446.000   7.697779e-01   4.674545e-01
  8446.500   7.612180e-01   4.608008e-01
  8447.000   7.722543e-01   4.694961e-01
  8447.500   7.680786e-01   4.820893e-01
  8448.000   7.582132e-01   4.891398e-01
  8448.500   7.117260e-01   4.918805e-01
  8449.000   6.835354e-01   4.922168e-01
  8449.500   7.648341e-01   4.906060e-01
  8450.000   7.544971e-01   4.888028e-01
  8450.500   7.718954e-01   4.888689e-01
  8451.000   7.661294e-01   4.902742e-01
  8451.500   7.719695e-01   4.918035e-01
  8452.000   7.677672e-01   4.926681e-01
  8452.500   7.528883e-01   4.929741e-01
  8453.000   7.712590e-01   4.925281e-01
  8453.500   7.715549e-01   4.915669e-01
  8454.000   7.685190e-01   4.914985e-01
  8454.500   7.649762e-01   4.920283e-01
  8455.000   7.714729e-01   4.918392e-01
  8455.500   7.713340e-01   4.912235e-01
  8456.000   7.376525e-01   4.907253e-01
  8456.500   7.652590e-01   4.902731e-01
  8457.000   7.711511e-01   4.900924e-01
  8457.500   7.669284e-01   4.904248e-01
  8458.000   7.709279e-01   4.907947e-01
  8458.500   7.635676e-01   4.908212e-01
  8459.000   7.707244e-01   4.906315e-01
  8459.500   7.619324e-01   4.906207e-01
  8460.000   7.677375e-01   4.907842e-01
  8460.500   7.704909e-01   4.912050e-01
  8461.000   7.636873e-01   4.915082e-01
  8461.500   7.694677e-01   4.915855e-01
  8462.000   7.612739e-01   4.917940e-01
  8462.500   7.588676e-01   4.917728e-01
  8463.000   7.701960e-01   4.910020e-01
  8463.500   7.700430e-01   4.899268e-01
  8464.000   7.692604e-01   4.894042e-01
  8464.500   7.699616e-01   4.885705e-01
  8465.000   7.698836e-01   4.864835e-01
  8465.500   7.697978e-01   4.845632e-01
  8466.000   7.657411e-01   4.836238e-01
  8466.500   7.689434e-01   4.830067e-01
  8467.000   7.695485e-01   4.811728e-01
  8467.500   7.403263e-01   4.729819e-01
  8468.000   7.515842e-01   4.562868e-01
  8468.500   7.549804e-01   4.480813e-01
  8469.000   7.628189e-01   4.615568e-01
  8469.500   7.477902e-01   4.771940e-01
  8470.000   7.613829e-01   4.835063e-01
  8470.500   7.422036e-01   4.845331e-01
  8471.000   7.334457e-01   4.824803e-01
  8471.500   7.652499e-01   4.782755e-01
  8472.000   7.680141e-01   4.779349e-01
  8472.500   7.668929e-01   4.822759e-01
  8473.000   7.679495e-01   4.853549e-01
  8473.500   7.679866e-01   4.858689e-01
  8474.000   6.816585e-01   4.866969e-01
  8474.500   7.642175e-01   4.882672e-01
  8475.000   7.680816e-01   4.891389e-01
  8475.500   7.676337e-01   4.892236e-01
  8476.000   7.320731e-01   4.886881e-01
  8476.500   7.673453e-01   4.875844e-01
  8477.000   7.661360e-01   4.865638e-01
  8477.500   7.678019e-01   4.866523e-01
  8478.000   7.677321e-01   4.874520e-01
  8478.500   7.676074e-01   4.878230e-01
  8479.000   7.595874e-01   4.876349e-01
  8479.500   7.446811e-01   4.864836e-01
  8480.000   7.662776e-01   4.840129e-01
  8480.500   7.672669e-01   4.813216e-01
  8481.000   7.671188e-01   4.802106e-01
  8481.500   7.670836e-01   4.788359e-01
  8482.000   7.575577e-01   4.776284e-01
  8482.500   7.662375e-01   4.789009e-01
  8483.000   6.994807e-01   4.803255e-01
  8483.500   7.645902e-01   4.818332e-01
  8484.000   7.563352e-01   4.841866e-01
  8484.500   7.607560e-01   4.857133e-01
  8485.000   7.654641e-01   4.861397e-01
  8485.500   7.485745e-01   4.863215e-01
  8486.000   7.630390e-01   4.863553e-01
  8486.500   7.658068e-01   4.861537e-01
  8487.000   7.622516e-01   4.853198e-01
  8487.500   7.651885e-01   4.835087e-01
  8488.000   7.615127e-01   4.821696e-01
  8488.500   7.618999e-01   4.826532e-01
  8489.000   7.650168e-01   4.839382e-01
  8489.500   7.647711e-01   4.845873e-01
  8490.000   7.535054e-01   4.844489e-01
  8490.500   7.586207e-01   4.838360e-01
  8491.000   7.635499e-01   4.826459e-01
  8491.500   7.635243e-01   4.810852e-01
  8492.000   7.630929e-01   4.798954e-01
  8492.500   7.608647e-01   4.794448e-01
  8493.000   7.619627e-01   4.785498e-01
  8493.500   7.593334e-01   4.766397e-01
  8494.000   7.588661e-01   4.747612e-01
  8494.500   7.420948e-01   4.724649e-01
  8495.000   7.578531e-01   4.676558e-01
  8495.500   7.560930e-01   4.581001e-01
  8496.000   7.513148e-01   4.408442e-01
  8496.500   7.508332e-01   4.122122e-01
  8497.000   7.448704e-01   3.708493e-01
  8497.500   7.407212e-01   3.250337e-01
  8498.000   7.265610e-01   3.006214e-01
  8498.500   7.068622e-01   3.232666e-01
  8499.000   6.782695e-01   3.715706e-01
  8499.500   5.978111e-01   4.123297e-01
  8500.000   4.692636e-01   4.381307e-01
  8500.500   2.517269e-01   4.518265e-01
  8501.000   5.571219e-01   4.544887e-01
  8501.500   6.501091e-01   4.494930e-01
  8502.000   6.983541e-01   4.471118e-01
  8502.500   7.226914e-01   4.537977e-01
  8503.000   7.358878e-01   4.643401e-01
  8503.500   7.427211e-01   4.714943e-01
  8504.000   6.910635e-01   4.750758e-01
  8504.500   6.169985e-01   4.768254e-01
  8505.000   7.433900e-01   4.780316e-01
  8505.500   7.383160e-01   4.794598e-01
  8506.000   7.529393e-01   4.807478e-01
  8506.500   7.551987e-01   4.814606e-01
  8507.000   7.546280e-01   4.817754e-01
  8507.500   7.406817e-01   4.817720e-01
  8508.000   7.592052e-01   4.815892e-01
  8508.500   7.588780e-01   4.814583e-01
  8509.000   7.598047e-01   4.810878e-01
  8509.500   7.599885e-01   4.799691e-01
  8510.000   7.601179e-01   4.784986e-01
  8510.500   7.546910e-01   4.780531e-01
  8511.000   7.602346e-01   4.786566e-01
  8511.500   7.602353e-01   4.787669e-01
  8512.000   7.548538e-01   4.778358e-01
  8512.500   7.457376e-01   4.757742e-01
  8513.000   7.569340e-01   4.689257e-01
  8513.500   7.554434e-01   4.529663e-01
  8514.000   7.597444e-01   4.357946e-01
  8514.500   7.543867e-01   4.326865e-01
  8515.000   7.596912e-01   4.384287e-01
  8515.500   7.593693e-01   4.508701e-01
  8516.000   7.561588e-01   4.649036e-01
  8516.500   4.739451e-01   4.715903e-01
  8517.000   7.368588e-01   4.714485e-01
  8517.500   4.309521e-01   4.694331e-01
  8518.000   7.450382e-01   4.678194e-01
  8518.500   7.564510e-01   4.683937e-01
  8519.000   7.580499e-01   4.718939e-01
  8519.500   7.371751e-01   4.750202e-01
  8520.000   7.568452e-01   4.758291e-01
  8520.500   7.445835e-01   4.750692e-01
  8521.000   7.543079e-01   4.740496e-01
  8521.500   7.449521e-01   4.738728e-01
  8522.000   7.564975e-01   4.742864e-01
  8522.500   7.502149e-01   4.742943e-01
  8523.000   7.479422e-01   4.739198e-01
  8523.500   7.328432e-01   4.736624e-01
  8524.000   7.538717e-01   4.729495e-01
  8524.500   7.501175e-01   4.701694e-01
  8525.000   7.524446e-01   4.659781e-01
  8525.500   7.521713e-01   4.619187e-01
  8526.000   7.513613e-01   4.559748e-01
  8526.500   7.524024e-01   4.491558e-01
  8527.000   7.468716e-01   4.503311e-01
  8527.500   7.390906e-01   4.576590e-01
  8528.000   7.278892e-01   4.628439e-01
  8528.500   7.456485e-01   4.657105e-01
  8529.000   4.850231e-01   4.668023e-01
  8529.500   7.402959e-01   4.661869e-01
  8530.000   7.432105e-01   4.653635e-01
  8530.500   7.448556e-01   4.652447e-01
  8531.000   7.422109e-01   4.647207e-01
  8531.500   7.435693e-01   4.632592e-01
  8532.000   7.198457e-01   4.618910e-01
  8532.500   7.266805e-01   4.609841e-01
  8533.000   7.391171e-01   4.597060e-01
  8533.500   7.372974e-01   4.577910e-01
  8534.000   7.249191e-01   4.552669e-01
  8534.500   7.326097e-01   4.519126e-01
  8535.000   7.304771e-01   4.465956e-01
  8535.500   7.276520e-01   4.376187e-01
  8536.000   7.244697e-01   4.275618e-01
  8536.500   7.208732e-01   4.236070e-01
  8537.000   7.167600e-01   4.222883e-01
  8537.500   7.119495e-01   4.152215e-01
  8538.000   7.051102e-01   4.037957e-01
  8538.500   5.283076e-01   3.926396e-01
  8539.000   6.905682e-01   3.791960e-01
  8539.500   6.821501e-01   3.601348e-01
  8540.000   6.676428e-01   3.353268e-01
  8540.500   6.235216e-01   3.050488e-01
  8541.000   6.310467e-01   2.677521e-01
  8541.500   6.041904e-01   2.246660e-01
  8542.000   5.700043e-01   1.954335e-01
  8542.500   5.287861e-01   2.073330e-01
  8543.000   4.802321e-01   2.484713e-01
  8543.500   4.222841e-01   2.896301e-01
  8544.000   3.419538e-01   3.228325e-01
  8544.500   8.506904e-02   3.504312e-01
  8545.000   3.641117e-01   3.733242e-01
  8545.500   4.349742e-01   3.916124e-01
  8546.000   4.900610e-01   4.059008e-01
  8546.500   5.358690e-01   4.168649e-01
  8547.000   5.762486e-01   4.248832e-01
  8547.500   6.090719e-01   4.301958e-01
  8548.000   6.353373e-01   4.343624e-01
  8548.500   6.557174e-01   4.389510e-01
  8549.000   6.709754e-01   4.433344e-01
  8549.500   6.831283e-01   4.467620e-01
  8550.000   6.847274e-01   4.488087e-01
  8550.500   6.761387e-01   4.506002e-01
  8551.000   7.059139e-01   4.534438e-01
  8551.500   7.000952e-01   4.566188e-01
  8552.000   7.154215e-01   4.590525e-01
  8552.500   7.150653e-01   4.606908e-01
  8553.000   7.206523e-01   4.617758e-01
  8553.500   7.209006e-01   4.621814e-01
  8554.000   7.281971e-01   4.616193e-01
  8554.500   7.305127e-01   4.600414e-01
  8555.000   7.325711e-01   4.573364e-01
  8555.500   7.343971e-01   4.526611e-01
  8556.000   7.360145e-01   4.432970e-01
  8556.500   7.327536e-01   4.305948e-01
  8557.000   7.361229e-01   4.305809e-01
  8557.500   7.287426e-01   4.461155e-01
  8558.000   7.151701e-01   4.588914e-01
  8558.500   7.333146e-01   4.631789e-01
  8559.000   6.186663e-01   4.636014e-01
  8559.500   7.186509e-01   4.637581e-01
  8560.000   7.413931e-01   4.643811e-01
  8560.500   7.440788e-01   4.650183e-01
  8561.000   7.434845e-01   4.644398e-01
  8561.500   7.296537e-01   4.623889e-01
  8562.000   7.345971e-01   4.613758e-01
  8562.500   7.436494e-01   4.639705e-01
  8563.000   7.327271e-01   4.674091e-01
  8563.500   7.423380e-01   4.688141e-01
  8564.000   7.210399e-01   4.690270e-01
  8564.500   6.748918e-01   4.691942e-01
  8565.000   7.478891e-01   4.692433e-01
  8565.500   7.491299e-01   4.693308e-01
  8566.000   7.473992e-01   4.698161e-01
  8566.500   7.487630e-01   4.699782e-01
  8567.000   7.427561e-01   4.693155e-01
  8567.500   7.496922e-01   4.685614e-01
  8568.000   7.472332e-01   4.684487e-01
  8568.500   7.504383e-01   4.686184e-01
  8569.000   7.505682e-01   4.685321e-01
  8569.500   7.452003e-01   4.684967e-01
  8570.000   7.466166e-01   4.683939e-01
  8570.500   7.508146e-01   4.673416e-01
  8571.000   7.444390e-01   4.643082e-01
  8571.500   7.447384e-01   4.604995e-01
  8572.000   7.448777e-01   4.604948e-01
  8572.500   7.448265e-01   4.640866e-01
  8573.000   7.478444e-01   4.662235e-01
  8573.500   7.462612e-01   4.668839e-01
  8574.000   7.368198e-01   4.676518e-01
  8574.500   7.499621e-01   4.677649e-01
  8575.000   7.452272e-01   4.673689e-01
  8575.500   7.429431e-01   4.672893e-01
  8576.000   7.462731e-01   4.679291e-01
  8576.500   7.513762e-01   4.688922e-01
  8577.000   7.404879e-01   4.697454e-01
  8577.500   7.423672e-01   4.703897e-01
  8578.000   7.448540e-01   4.706420e-01
  8578.500   7.483595e-01   4.703117e-01
  8579.000   7.505225e-01   4.698833e-01
  8579.500   7.410544e-01   4.699543e-01
  8580.000   7.513416e-01   4.699660e-01
  8580.500   7.513205e-01   4.691940e-01
  8581.000   7.472518e-01   4.663301e-01
  8581.500   7.348204e-01   4.586215e-01
  8582.000   7.512422e-01   4.480728e-01
  8582.500   7.511985e-01   4.460736e-01
  8583.000   7.511323e-01   4.537110e-01
  8583.500   7.510886e-01   4.608516e-01
  8584.000   7.413090e-01   4.646875e-01
  8584.500   6.841847e-01   4.656436e-01
  8585.000   7.469028e-01   4.644704e-01
  8585.500   7.410702e-01   4.625805e-01
  8586.000   7.480818e-01   4.619786e-01
  8586.500   7.426675e-01   4.636594e-01
  8587.000   7.497025e-01   4.662215e-01
  8587.500   7.491913e-01   4.675970e-01
  8588.000   7.145111e-01   4.678018e-01
  8588.500   7.137454e-01   4.678350e-01
  8589.000   7.440156e-01   4.678152e-01
  8589.500   7.483915e-01   4.677649e-01
  8590.000   7.504684e-01   4.680235e-01
  8590.500   7.490107e-01   4.679442e-01
  8591.000   7.502696e-01   4.668757e-01
  8591.500   7.489612e-01   4.650984e-01
  8592.000   7.404094e-01   4.619212e-01
  8592.500   7.501975e-01   4.562265e-01
  8593.000   7.501238e-01   4.527383e-01
  8593.500   7.500067e-01   4.570320e-01
  8594.000   7.439906e-01   4.628608e-01
  8594.500   7.278557e-01   4.649862e-01
  8595.000   7.484269e-01   4.627723e-01
  8595.500   6.958943e-01   4.565921e-01
  8596.000   7.489156e-01   4.511949e-01
  8596.500   7.449989e-01   4.508023e-01
  8597.000   7.494670e-01   4.521500e-01
  8597.500   7.487667e-01   4.546546e-01
  8598.000   7.410901e-01   4.548490e-01
  8598.500   7.130874e-01   4.505770e-01
  8599.000   7.452023e-01   4.498467e-01
  8599.500   6.731348e-01   4.564422e-01
  8600.000   7.465439e-01   4.625166e-01
  8600.500   7.409126e-01   4.649793e-01
  8601.000   7.345715e-01   4.655893e-01
  8601.500   7.402970e-01   4.654518e-01
  8602.000   7.432848e-01   4.646970e-01
  8602.500   7.467078e-01   4.641592e-01
  8603.000   7.436501e-01   4.643768e-01
  8603.500   7.447936e-01   4.646762e-01
  8604.000   7.449837e-01   4.648009e-01
  8604.500   7.356550e-01   4.650373e-01
  8605.000   7.427067e-01   4.646869e-01
  8605.500   7.474806e-01   4.633018e-01
  8606.000   7.457279e-01   4.613149e-01
  8606.500   7.458947e-01   4.596402e-01
  8607.000   7.481890e-01   4.588647e-01
  8607.500   7.480624e-01   4.597525e-01
  8608.000   7.433258e-01   4.608635e-01
  8608.500   7.387541e-01   4.616745e-01
  8609.000   7.478347e-01   4.625587e-01
  8609.500   6.860999e-01   4.617326e-01
  8610.000   7.431062e-01   4.581004e-01
  8610.500   7.465370e-01   4.531579e-01
  8611.000   7.474360e-01   4.468029e-01
  8611.500   7.418372e-01   4.376589e-01
  8612.000   7.458371e-01   4.369790e-01
  8612.500   7.300995e-01   4.483012e-01
  8613.000   6.374664e-01   4.562104e-01
  8613.500   7.470225e-01   4.559797e-01
  8614.000   7.027874e-01   4.548214e-01
  8614.500   7.376925e-01   4.573641e-01
  8615.000   7.429017e-01   4.588835e-01
  8615.500   7.468850e-01   4.565108e-01
  8616.000   7.424989e-01   4.523017e-01
  8616.500   7.378503e-01   4.522280e-01
  8617.000   7.466067e-01   4.572034e-01
  8617.500   7.450905e-01   4.612430e-01
  8618.000   7.463144e-01   4.624893e-01
  8618.500   7.256395e-01   4.623570e-01
  8619.000   7.452371e-01   4.620800e-01
  8619.500   7.382756e-01   4.622136e-01
  8620.000   7.461252e-01   4.621258e-01
  8620.500   7.415568e-01   4.593725e-01
  8621.000   7.409666e-01   4.515221e-01
  8621.500   7.283638e-01   4.433106e-01
  8622.000   7.458329e-01   4.451225e-01
  8622.500   7.457272e-01   4.521835e-01
  8623.000   7.456311e-01   4.567315e-01
  8623.500   7.453480e-01   4.594052e-01
  8624.000   4.488527e-01   4.612055e-01
  8624.500   7.414649e-01   4.623355e-01
  8625.000   7.344078e-01   4.629484e-01
  8625.500   7.419487e-01   4.628699e-01
  8626.000   7.398115e-01   4.620489e-01
  8626.500   7.449813e-01   4.614009e-01
  8627.000   7.439008e-01   4.616927e-01
  8627.500   7.447893e-01   4.621859e-01
  8628.000   7.446869e-01   4.622193e-01
  8628.500   7.426041e-01   4.616485e-01
  8629.000   7.281519e-01   4.608667e-01
  8629.500   7.443679e-01   4.609866e-01
  8630.000   7.442793e-01   4.616776e-01
  8630.500   7.439614e-01   4.616712e-01
  8631.000   7.439532e-01   4.606316e-01
  8631.500   7.311889e-01   4.588077e-01
  8632.000   7.434616e-01   4.566772e-01
  8632.500   7.436950e-01   4.555472e-01
  8633.000   7.435989e-01   4.556038e-01
  8633.500   7.428219e-01   4.548702e-01
  8634.000   7.411349e-01   4.542398e-01
  8634.500   7.384988e-01   4.561292e-01
  8635.000   7.402073e-01   4.586828e-01
  8635.500   7.280260e-01   4.598826e-01
  8636.000   7.413215e-01   4.596769e-01
  8636.500   7.153645e-01   4.584965e-01
  8637.000   7.404505e-01   4.576844e-01
  8637.500   7.354376e-01   4.585088e-01
  8638.000   7.422593e-01   4.596208e-01
  8638.500   7.403227e-01   4.600270e-01
  8639.000   7.419065e-01   4.598866e-01
  8639.500   7.329927e-01   4.594441e-01
  8640.000   7.416032e-01   4.591170e-01
  8640.500   7.385602e-01   4.590723e-01
  8641.000   7.412372e-01   4.587504e-01
  8641.500   7.409740e-01   4.578977e-01
  8642.000   7.373020e-01   4.571560e-01
  8642.500   7.367137e-01   4.568843e-01
  8643.000   7.403975e-01   4.568077e-01
  8643.500   7.400643e-01   4.570661e-01
  8644.000   7.342785e-01   4.575249e-01
  8644.500   7.358128e-01   4.576525e-01
  8645.000   7.393772e-01   4.571606e-01
  8645.500   7.354062e-01   4.557780e-01
  8646.000   7.385271e-01   4.534721e-01
  8646.500   7.348225e-01   4.512072e-01
  8647.000   7.381322e-01   4.483509e-01
  8647.500   7.376812e-01   4.397385e-01
  8648.000   7.344376e-01   4.241092e-01
  8648.500   7.316400e-01   4.153401e-01
  8649.000   7.338000e-01   4.250906e-01
  8649.500   7.316764e-01   4.394324e-01
  8650.000   7.314375e-01   4.471822e-01
  8650.500   7.025752e-01   4.499573e-01
  8651.000   6.091389e-01   4.508375e-01
  8651.500   7.204508e-01   4.508076e-01
  8652.000   7.264104e-01   4.499302e-01
  8652.500   7.309625e-01   4.488883e-01
  8653.000   7.296945e-01   4.482217e-01
  8653.500   7.273584e-01   4.469336e-01
  8654.000   7.293225e-01   4.446068e-01
  8654.500   7.280220e-01   4.426969e-01
  8655.000   7.248452e-01   4.420428e-01
  8655.500   7.254654e-01   4.411139e-01
  8656.000   7.238345e-01   4.387855e-01
  8656.500   7.129648e-01   4.353597e-01
  8657.000   7.103645e-01   4.317344e-01
  8657.500   7.134774e-01   4.275601e-01
  8658.000   7.144365e-01   4.217142e-01
  8658.500   7.109176e-01   4.133460e-01
  8659.000   6.870440e-01   4.016789e-01
  8659.500   7.002761e-01   3.856158e-01
  8660.000   6.888816e-01   3.638487e-01
  8660.500   6.838612e-01   3.354105e-01
  8661.000   6.704147e-01   2.986705e-01
  8661.500   6.520637e-01   2.550051e-01
  8662.000   6.271786e-01   2.233329e-01
  8662.500   5.934703e-01   2.315049e-01
  8663.000   5.476098e-01   2.705668e-01
  8663.500   4.870484e-01   3.112662e-01
  8664.000   4.112289e-01   3.438194e-01
  8664.500   1.436313e-01   3.692666e-01
  8665.000   3.960009e-01   3.882989e-01
  8665.500   4.781796e-01   4.022191e-01
  8666.000   5.338401e-01   4.123752e-01
  8666.500   5.866487e-01   4.193435e-01
  8667.000   6.199737e-01   4.237149e-01
  8667.500   6.438030e-01   4.268117e-01
  8668.000   6.633833e-01   4.295035e-01
  8668.500   6.776371e-01   4.319759e-01
  8669.000   6.880499e-01   4.346463e-01
  8669.500   6.950218e-01   4.363745e-01
  8670.000   7.006233e-01   4.360830e-01
  8670.500   6.957638e-01   4.349214e-01
  8671.000   7.008393e-01   4.343617e-01
  8671.500   7.127066e-01   4.344149e-01
  8672.000   7.153257e-01   4.359267e-01
  8672.500   7.042291e-01   4.387201e-01
  8673.000   6.843308e-01   4.400173e-01
  8673.500   7.125948e-01   4.373761e-01
  8674.000   7.166981e-01   4.282337e-01
  8674.500   7.122238e-01   4.155371e-01
  8675.000   7.183081e-01   4.137828e-01
  8675.500   7.244076e-01   4.253368e-01
  8676.000   7.160899e-01   4.370092e-01
  8676.500   7.203300e-01   4.431166e-01
  8677.000   6.378043e-01   4.454482e-01
  8677.500   7.252317e-01   4.460998e-01
  8678.000   7.232389e-01   4.453592e-01
  8678.500   7.296395e-01   4.425541e-01
  8679.000   7.304423e-01   4.370201e-01
  8679.500   7.230466e-01   4.304940e-01
  8680.000   7.312220e-01   4.280281e-01
  8680.500   7.313775e-01   4.318080e-01
  8681.000   7.312644e-01   4.383689e-01
  8681.500   7.273296e-01   4.429786e-01
  8682.000   5.934591e-01   4.442995e-01
  8682.500   6.809826e-01   4.435239e-01
  8683.000   7.186368e-01   4.426176e-01
  8683.500   7.321396e-01   4.435749e-01
  8684.000   7.328609e-01   4.454709e-01
  8684.500   7.330122e-01   4.463458e-01
  8685.000   7.322367e-01   4.454978e-01
  8685.500   7.253129e-01   4.417876e-01
  8686.000   7.325819e-01   4.350038e-01
  8686.500   7.336079e-01   4.301885e-01
  8687.000   7.336557e-01   4.294165e-01
  8687.500   7.336281e-01   4.224766e-01
  8688.000   7.332277e-01   4.012962e-01
  8688.500   7.164804e-01   3.803225e-01
  8689.000   7.172191e-01   3.873069e-01
  8689.500   7.293191e-01   4.116171e-01
  8690.000   7.228027e-01   4.292254e-01
  8690.500   7.033277e-01   4.384812e-01
  8691.000   2.477627e-01   4.430710e-01
  8691.500   6.977223e-01   4.444647e-01
  8692.000   7.161996e-01   4.440247e-01
  8692.500   7.235255e-01   4.433677e-01
  8693.000   7.331966e-01   4.426704e-01
  8693.500   7.336254e-01   4.406004e-01
  8694.000   7.338141e-01   4.372318e-01
  8694.500   7.289220e-01   4.352712e-01
  8695.000   7.304174e-01   4.372997e-01
  8695.500   7.277261e-01   4.411482e-01
  8696.000   7.325400e-01   4.434080e-01
  8696.500   7.206542e-01   4.438835e-01
  8697.000   6.456711e-01   4.434526e-01
  8697.500   7.275306e-01   4.422123e-01
  8698.000   7.336658e-01   4.390707e-01
  8698.500   7.336714e-01   4.324388e-01
  8699.000   7.335115e-01   4.242948e-01
  8699.500   7.298523e-01   4.216707e-01
  8700.000   7.329154e-01   4.279338e-01
  8700.500   7.334309e-01   4.345665e-01
  8701.000   7.092219e-01   4.376178e-01
  8701.500   7.214553e-01   4.392008e-01
  8702.000   6.891940e-01   4.395018e-01
  8702.500   7.314672e-01   4.384871e-01
  8703.000   7.322657e-01   4.373963e-01
  8703.500   7.179805e-01   4.368818e-01
  8704.000   7.317788e-01   4.377780e-01
  8704.500   7.317283e-01   4.394338e-01
  8705.000   7.182625e-01   4.402532e-01
  8705.500   7.202674e-01   4.403012e-01
  8706.000   7.114315e-01   4.400263e-01
  8706.500   7.277981e-01   4.394605e-01
  8707.000   7.305833e-01   4.388141e-01
  8707.500   7.241511e-01   4.388561e-01
  8708.000   7.320774e-01   4.392203e-01
  8708.500   7.197620e-01   4.387914e-01
  8709.000   7.321523e-01   4.362404e-01
  8709.500   7.207397e-01   4.291200e-01
  8710.000   7.311076e-01   4.182535e-01
  8710.500   7.305447e-01   4.145656e-01
  8711.000   7.320929e-01   4.222236e-01
  8711.500   7.316809e-01   4.279185e-01
  8712.000   7.242270e-01   4.243394e-01
  8712.500   6.796846e-01   4.146977e-01
  8713.000   7.063433e-01   4.100746e-01
  8713.500   7.306060e-01   4.173048e-01
  8714.000   7.180866e-01   4.283822e-01
  8714.500   7.251743e-01   4.349430e-01
  8715.000   6.315513e-01   4.373661e-01
  8715.500   6.458588e-01   4.377600e-01
  8716.000   7.243674e-01   4.367194e-01
  8716.500   7.261834e-01   4.337855e-01
  8717.000   7.305970e-01   4.269551e-01
  8717.500   7.304069e-01   4.169095e-01
  8718.000   7.284055e-01   4.134753e-01
  8718.500   7.296468e-01   4.208687e-01
  8719.000   7.198803e-01   4.293157e-01
  8719.500   7.255576e-01   4.338727e-01
  8720.000   6.968775e-01   4.357982e-01
  8720.500   6.870903e-01   4.365604e-01
  8721.000   7.187316e-01   4.368678e-01
  8721.500   7.269318e-01   4.371039e-01
  8722.000   7.256801e-01   4.371296e-01
  8722.500   7.275768e-01   4.369012e-01
  8723.000   7.277566e-01   4.365219e-01
  8723.500   7.278681e-01   4.359304e-01
  8724.000   7.295763e-01   4.352488e-01
  8724.500   7.295440e-01   4.348758e-01
  8725.000   7.294429e-01   4.345875e-01
  8725.500   7.294134e-01   4.342520e-01
  8726.000   7.293225e-01   4.335785e-01
  8726.500   7.193041e-01   4.315860e-01
  8727.000   7.291261e-01   4.259994e-01
  8727.500   7.244352e-01   4.154931e-01
  8728.000   7.288857e-01   4.065968e-01
  8728.500   7.282209e-01   4.083206e-01
  8729.000   7.284526e-01   4.155328e-01
  8729.500   7.115219e-01   4.228145e-01
  8730.000   7.209287e-01   4.285951e-01
  8730.500   5.583837e-01   4.316354e-01
  8731.000   6.783070e-01   4.330501e-01
  8731.500   6.560747e-01   4.339935e-01
  8732.000   7.256017e-01   4.342956e-01
  8732.500   7.256006e-01   4.338640e-01
  8733.000   7.251486e-01   4.332217e-01
  8733.500   7.263700e-01   4.324422e-01
  8734.000   7.272604e-01   4.304736e-01
  8734.500   7.270087e-01   4.259602e-01
  8735.000   7.248289e-01   4.163517e-01
  8735.500   7.225397e-01   3.999214e-01
  8736.000   7.255788e-01   3.879315e-01
  8736.500   7.251804e-01   3.953780e-01
  8737.000   7.180957e-01   4.115818e-01
  8737.500   7.153259e-01   4.225717e-01
  8738.000   6.906230e-01   4.280488e-01
  8738.500   4.665659e-01   4.306723e-01
  8739.000   6.930913e-01   4.316645e-01
  8739.500   7.075016e-01   4.316052e-01
  8740.000   7.168954e-01   4.299585e-01
  8740.500   7.221724e-01   4.266502e-01
  8741.000   7.220320e-01   4.237522e-01
  8741.500   7.235325e-01   4.199176e-01
  8742.000   7.237753e-01   4.114818e-01
  8742.500   7.236841e-01   4.064116e-01
  8743.000   7.004818e-01   4.135254e-01
  8743.500   6.989922e-01   4.229196e-01
  8744.000   7.199949e-01   4.276214e-01
  8744.500   7.164602e-01   4.292782e-01
  8745.000   6.290963e-01   4.295662e-01
  8745.500   7.199137e-01   4.291580e-01
  8746.000   7.142432e-01   4.287336e-01
  8746.500   7.204297e-01   4.276126e-01
  8747.000   7.204056e-01   4.251990e-01
  8747.500   7.200047e-01   4.235894e-01
  8748.000   7.172936e-01   4.245955e-01
  8748.500   7.188357e-01   4.259707e-01
  8749.000   7.181168e-01   4.260033e-01
  8749.500   7.166169e-01   4.248207e-01
  8750.000   7.069227e-01   4.223532e-01
  8750.500   7.151856e-01   4.178895e-01
  8751.000   7.140587e-01   4.101742e-01
  8751.500   7.125734e-01   3.999206e-01
  8752.000   7.107686e-01   3.950559e-01
  8752.500   7.085098e-01   4.037218e-01
  8753.000   7.052857e-01   4.159867e-01
  8753.500   6.777963e-01   4.229387e-01
  8754.000   6.963110e-01   4.260573e-01
  8754.500   4.969412e-01   4.274995e-01
  8755.000   7.090116e-01   4.273353e-01
  8755.500   7.036442e-01   4.258749e-01
  8756.000   7.102213e-01   4.227537e-01
  8756.500   7.148375e-01   4.151373e-01
  8757.000   7.157004e-01   4.060433e-01
  8757.500   7.164280e-01   4.081592e-01
  8758.000   7.151620e-01   4.190987e-01
  8758.500   7.175108e-01   4.266335e-01
  8759.000   7.175819e-01   4.293952e-01
  8759.500   5.760337e-01   4.304436e-01
  8760.000   7.172244e-01   4.310108e-01
  8760.500   7.191012e-01   4.312610e-01
  8761.000   7.194457e-01   4.312039e-01
  8761.500   7.196963e-01   4.307644e-01
  8762.000   7.194711e-01   4.299292e-01
  8762.500   7.201217e-01   4.279389e-01
  8763.000   7.202929e-01   4.216864e-01
  8763.500   7.204481e-01   4.097922e-01
  8764.000   7.193871e-01   4.026836e-01
  8764.500   7.206814e-01   4.103417e-01
  8765.000   7.206762e-01   4.213832e-01
  8765.500   7.200817e-01   4.263335e-01
  8766.000   7.107501e-01   4.265243e-01
  8766.500   5.890216e-01   4.261979e-01
  8767.000   7.184271e-01   4.276879e-01
  8767.500   7.190077e-01   4.296568e-01
  8768.000   7.211657e-01   4.309475e-01
  8768.500   7.180449e-01   4.315868e-01
  8769.000   7.084253e-01   4.316631e-01
  8769.500   7.160374e-01   4.311368e-01
  8770.000   7.182077e-01   4.297526e-01
  8770.500   7.213766e-01   4.278633e-01
  8771.000   7.213864e-01   4.270807e-01
  8771.500   7.213940e-01   4.258116e-01
  8772.000   7.170548e-01   4.196255e-01
  8772.500   7.212448e-01   4.086045e-01
  8773.000   6.992870e-01   4.000897e-01
  8773.500   7.208141e-01   3.973700e-01
  8774.000   7.211551e-01   4.007944e-01
  8774.500   7.167594e-01   4.126565e-01
  8775.000   6.806462e-01   4.236599e-01
  8775.500   6.919037e-01   4.287974e-01
  8776.000   6.990577e-01   4.307427e-01
  8776.500   6.622945e-01   4.316893e-01
  8777.000   7.187400e-01   4.319405e-01
  8777.500   7.207073e-01   4.317112e-01
  8778.000   7.207879e-01   4.310982e-01
  8778.500   7.210417e-01   4.301582e-01
  8779.000   7.210282e-01   4.293244e-01
  8779.500   7.209857e-01   4.286476e-01
  8780.000   7.208998e-01   4.266975e-01
  8780.500   7.154945e-01   4.237689e-01
  8781.000   7.168761e-01   4.238974e-01
  8781.500   7.040469e-01   4.273093e-01
  8782.000   7.194634e-01   4.299746e-01
  8782.500   7.190606e-01   4.307797e-01
  8783.000   6.967405e-01   4.304330e-01
  8783.500   7.139306e-01   4.287099e-01
  8784.000   7.197752e-01   4.254011e-01
  8784.500   7.203448e-01   4.235140e-01
  8785.000   7.204299e-01   4.257870e-01
  8785.500   7.204087e-01   4.290153e-01
  8786.000   7.203199e-01   4.307531e-01
  8786.500   7.195106e-01   4.313910e-01
  8787.000   7.024501e-01   4.316187e-01
  8787.500   7.106226e-01   4.315323e-01
  8788.000   7.201364e-01   4.308975e-01
  8788.500   7.200789e-01   4.294646e-01
  8789.000   7.200215e-01   4.265789e-01
  8789.500   7.199568e-01   4.191203e-01
  8790.000   7.198921e-01   4.062431e-01
  8790.500   7.198202e-01   3.998328e-01
  8791.000   7.170565e-01   4.086614e-01
  8791.500   7.195030e-01   4.191101e-01
  8792.000   7.189118e-01   4.207465e-01
  8792.500   6.969214e-01   4.122574e-01
  8793.000   5.599695e-01   3.988137e-01
  8793.500   7.173584e-01   3.967533e-01
  8794.000   7.163558e-01   4.098291e-01
  8794.500   7.187801e-01   4.216885e-01
  8795.000   7.157751e-01   4.262937e-01
  8795.500   6.634831e-01   4.265895e-01
  8796.000   6.773926e-01   4.242466e-01
  8796.500   7.167395e-01   4.223228e-01
  8797.000   7.185433e-01   4.240962e-01
  8797.500   7.100397e-01   4.265908e-01
  8798.000   7.186663e-01   4.275411e-01
  8798.500   7.174162e-01   4.283587e-01
  8799.000   6.747698e-01   4.293864e-01
  8799.500   7.176068e-01   4.299079e-01
  8800.000   7.184201e-01   4.300993e-01
  8800.500   6.847556e-01   4.302336e-01
  8801.000   7.128791e-01   4.301908e-01
  8801.500   7.181813e-01   4.299346e-01
  8802.000   7.157728e-01   4.295323e-01
  8802.500   7.158860e-01   4.287109e-01
  8803.000   7.178201e-01   4.269062e-01
  8803.500   7.176531e-01   4.228388e-01
  8804.000   7.142073e-01   4.149297e-01
  8804.500   7.161922e-01   4.052146e-01
  8805.000   7.166271e-01   3.991007e-01
  8805.500   7.156581e-01   3.895745e-01
  8806.000   7.113942e-01   3.640769e-01
  8806.500   7.104820e-01   3.330954e-01
  8807.000   5.299795e-01   3.306912e-01
  8807.500   7.015763e-01   3.588694e-01
  8808.000   6.903083e-01   3.861366e-01
  8808.500   6.492098e-01   4.022711e-01
  8809.000   4.355432e-01   4.108953e-01
  8809.500   5.343149e-01   4.160095e-01
  8810.000   6.636954e-01   4.214973e-01
  8810.500   6.464271e-01   4.260034e-01
  8811.000   7.054704e-01   4.281776e-01
  8811.500   7.081558e-01   4.289474e-01
  8812.000   7.022032e-01   4.290573e-01
  8812.500   7.141022e-01   4.287026e-01
  8813.000   7.150719e-01   4.283182e-01
  8813.500   7.154463e-01   4.280651e-01
  8814.000   7.156389e-01   4.276524e-01
  8814.500   7.157309e-01   4.275378e-01
  8815.000   7.157583e-01   4.280603e-01
  8815.500   7.147550e-01   4.283526e-01
  8816.000   7.124215e-01   4.277555e-01
  8816.500   7.150340e-01   4.265951e-01
  8817.000   7.064844e-01   4.262351e-01
  8817.500   7.155292e-01   4.272027e-01
  8818.000   7.154489e-01   4.279856e-01
  8818.500   7.133638e-01   4.277916e-01
  8819.000   7.148733e-01   4.269733e-01
  8819.500   7.128357e-01   4.265136e-01
  8820.000   7.150918e-01   4.272364e-01
  8820.500   7.150186e-01   4.281498e-01
  8821.000   7.143477e-01   4.284806e-01
  8821.500   7.148292e-01   4.282354e-01
  8822.000   6.930671e-01   4.270809e-01
  8822.500   7.146396e-01   4.245132e-01
  8823.000   7.145449e-01   4.180759e-01
  8823.500   7.144429e-01   4.028370e-01
  8824.000   7.143410e-01   3.845071e-01
  8824.500   7.142104e-01   3.852951e-01
  8825.000   7.139902e-01   4.038972e-01
  8825.500   7.128096e-01   4.183297e-01
  8826.000   7.091136e-01   4.240157e-01
  8826.500   5.590473e-01   4.259675e-01
  8827.000   6.867991e-01   4.262910e-01
  8827.500   7.113403e-01   4.252741e-01
  8828.000   7.131474e-01   4.241103e-01
  8828.500   7.133424e-01   4.241496e-01
  8829.000   7.133064e-01   4.250100e-01
  8829.500   7.132114e-01   4.258028e-01
  8830.000   7.114966e-01   4.261346e-01
  8830.500   6.767443e-01   4.261596e-01
  8831.000   7.127550e-01   4.261250e-01
  8831.500   7.113692e-01   4.259490e-01
  8832.000   7.126793e-01   4.252956e-01
  8832.500   7.125699e-01   4.240219e-01
  8833.000   7.124463e-01   4.228289e-01
  8833.500   7.123370e-01   4.225066e-01
  8834.000   7.122134e-01   4.227642e-01
  8834.500   7.120753e-01   4.234743e-01
  8835.000   7.115640e-01   4.238070e-01
  8835.500   6.989712e-01   4.229631e-01
  8836.000   7.115243e-01   4.211290e-01
  8836.500   6.863498e-01   4.193532e-01
  8837.000   7.114572e-01   4.176250e-01
  8837.500   7.113050e-01   4.126921e-01
  8838.000   7.090873e-01   4.030476e-01
  8838.500   7.084718e-01   3.984438e-01
  8839.000   7.037320e-01   4.064318e-01
  8839.500   6.970989e-01   4.159799e-01
  8840.000   7.087562e-01   4.203242e-01
  8840.500   7.046648e-01   4.214393e-01
  8841.000   6.320799e-01   4.212940e-01
  8841.500   7.061098e-01   4.210693e-01
  8842.000   7.098112e-01   4.211591e-01
  8842.500   7.098898e-01   4.211955e-01
  8843.000   7.096232e-01   4.214531e-01
  8843.500   7.055948e-01   4.218420e-01
  8844.000   7.082946e-01   4.217850e-01
  8844.500   7.085978e-01   4.210931e-01
  8845.000   6.978452e-01   4.202836e-01
  8845.500   7.088957e-01   4.188794e-01
  8846.000   7.077465e-01   4.148296e-01
  8846.500   7.084268e-01   4.093581e-01
  8847.000   7.068732e-01   4.091634e-01
  8847.500   7.067477e-01   4.143819e-01
  8848.000   7.078098e-01   4.184166e-01
  8848.500   7.028873e-01   4.198087e-01
  8849.000   6.885029e-01   4.202064e-01
  8849.500   7.010517e-01   4.203241e-01
  8850.000   7.069238e-01   4.202808e-01
  8850.500   7.067977e-01   4.201672e-01
  8851.000   7.033240e-01   4.199192e-01
  8851.500   7.051626e-01   4.195687e-01
  8852.000   7.059231e-01   4.192922e-01
  8852.500   7.057111e-01   4.191072e-01
  8853.000   7.054069e-01   4.188036e-01
  8853.500   7.050830e-01   4.184106e-01
  8854.000   7.021217e-01   4.180562e-01
  8854.500   7.036280e-01   4.177569e-01
  8855.000   7.040065e-01   4.174099e-01
  8855.500   7.036077e-01   4.169252e-01
  8856.000   7.003985e-01   4.164285e-01
  8856.500   7.027123e-01   4.160089e-01
  8857.000   7.022271e-01   4.155848e-01
  8857.500   7.017009e-01   4.151761e-01
  8858.000   7.011322e-01   4.146694e-01
  8858.500   7.004816e-01   4.140619e-01
  8859.000   6.998392e-01   4.131825e-01
  8859.500   6.971273e-01   4.118276e-01
  8860.000   6.962432e-01   4.102736e-01
  8860.500   6.973865e-01   4.086306e-01
  8861.000   6.963742e-01   4.059218e-01
  8861.500   6.952282e-01   4.003517e-01
  8862.000   6.939210e-01   3.921163e-01
  8862.500   6.835326e-01   3.871365e-01
  8863.000   6.906564e-01   3.902512e-01
  8863.500   6.872378e-01   3.964129e-01
  8864.000   6.848384e-01   4.015955e-01
  8864.500   6.103802e-01   4.050337e-01
  8865.000   4.674068e-01   4.060605e-01
  8865.500   6.787058e-01   4.040411e-01
  8866.000   6.293560e-01   3.962247e-01
  8866.500   6.858893e-01   3.820628e-01
  8867.000   6.874890e-01   3.745346e-01
  8867.500   6.900288e-01   3.825731e-01
  8868.000   6.871281e-01   3.914209e-01
  8868.500   6.902918e-01   3.961296e-01
  8869.000   6.722125e-01   4.032584e-01
  8869.500   5.309659e-01   4.098141e-01
  8870.000   6.889927e-01   4.127285e-01
  8870.500   6.946897e-01   4.137577e-01
  8871.000   6.525109e-01   4.143960e-01
  8871.500   6.977153e-01   4.147268e-01
  8872.000   6.983676e-01   4.147528e-01
  8872.500   6.988421e-01   4.143980e-01
  8873.000   6.973623e-01   4.135686e-01
  8873.500   6.996137e-01   4.124738e-01
  8874.000   6.999321e-01   4.112968e-01
  8874.500   7.002220e-01   4.104769e-01
  8875.000   7.004733e-01   4.099175e-01
  8875.500   7.003179e-01   4.076995e-01
  8876.000   6.967157e-01   4.054114e-01
  8876.500   6.978267e-01   4.069494e-01
  8877.000   6.751042e-01   4.099523e-01
  8877.500   7.009089e-01   4.111844e-01
  8878.000   7.013402e-01   4.102007e-01
  8878.500   5.763190e-01   4.089362e-01
  8879.000   7.007953e-01   4.097920e-01
  8879.500   6.785673e-01   4.121591e-01
  8880.000   7.020241e-01   4.135197e-01
  8880.500   7.019016e-01   4.137626e-01
  8881.000   7.009554e-01   4.138175e-01
  8881.500   6.962421e-01   4.136454e-01
  8882.000   6.983315e-01   4.127847e-01
  8882.500   7.023361e-01   4.115878e-01
  8883.000   6.967260e-01   4.103818e-01
  8883.500   7.023558e-01   4.087931e-01
  8884.000   7.021090e-01   4.082485e-01
  8884.500   7.012409e-01   4.098662e-01
  8885.000   6.886132e-01   4.121406e-01
  8885.500   7.007698e-01   4.136287e-01
  8886.000   6.890509e-01   4.141475e-01
  8886.500   6.920727e-01   4.139313e-01
  8887.000   7.009939e-01   4.135737e-01
  8887.500   6.970014e-01   4.137537e-01
  8888.000   7.025097e-01   4.141341e-01
  8888.500   7.025299e-01   4.142395e-01
  8889.000   7.025182e-01   4.141441e-01
  8889.500   6.886512e-01   4.138756e-01
  8890.000   7.024807e-01   4.133043e-01
  8890.500   7.024620e-01   4.118935e-01
  8891.000   6.993959e-01   4.093414e-01
  8891.500   7.024103e-01   4.060000e-01
  8892.000   7.023773e-01   4.008836e-01
  8892.500   7.023362e-01   3.951933e-01
  8893.000   7.022757e-01   3.965686e-01
  8893.500   6.999607e-01   4.041861e-01
  8894.000   6.947798e-01   4.097427e-01
  8894.500   6.915535e-01   4.119746e-01
  8895.000   6.545272e-01   4.128329e-01
  8895.500   6.927244e-01   4.130242e-01
  8896.000   7.014979e-01   4.128872e-01
  8896.500   6.978616e-01   4.126756e-01
  8897.000   7.019696e-01   4.118292e-01
  8897.500   7.010724e-01   4.103888e-01
  8898.000   7.018963e-01   4.087961e-01
  8898.500   6.963304e-01   4.061382e-01
  8899.000   7.017948e-01   4.025618e-01
  8899.500   7.017405e-01   4.028902e-01
  8900.000   7.016651e-01   4.073001e-01
  8900.500   6.985913e-01   4.107356e-01
  8901.000   7.013143e-01   4.119337e-01
  8901.500   6.795426e-01   4.121411e-01
  8902.000   6.976658e-01   4.117324e-01
  8902.500   7.012602e-01   4.106476e-01
  8903.000   7.013390e-01   4.095426e-01
  8903.500   7.012917e-01   4.090222e-01
  8904.000   7.012302e-01   4.089601e-01
  8904.500   7.011688e-01   4.093003e-01
  8905.000   7.011074e-01   4.091147e-01
  8905.500   6.954856e-01   4.074579e-01
  8906.000   6.975385e-01   4.062032e-01
  8906.500   6.941173e-01   4.077245e-01
  8907.000   6.955491e-01   4.099181e-01
  8907.500   7.007789e-01   4.108485e-01
  8908.000   7.005412e-01   4.106645e-01
  8908.500   6.400987e-01   4.098063e-01
  8909.000   7.005282e-01   4.089636e-01
  8909.500   7.005188e-01   4.089838e-01
  8910.000   7.004573e-01   4.090459e-01
  8910.500   7.003887e-01   4.078586e-01
  8911.000   7.003131e-01   4.032694e-01
  8911.500   6.865212e-01   3.931224e-01
  8912.000   7.001368e-01   3.840871e-01
  8912.500   6.990507e-01   3.876984e-01
  8913.000   6.999407e-01   3.977964e-01
  8913.500   6.994990e-01   4.043505e-01
  8914.000   6.961043e-01   4.072376e-01
  8914.500   4.421885e-01   4.086106e-01
  8915.000   6.933992e-01   4.091574e-01
  8915.500   6.936298e-01   4.090019e-01
  8916.000   6.960559e-01   4.081831e-01
  8916.500   6.994534e-01   4.069797e-01
  8917.000   6.967185e-01   4.065983e-01
  8917.500   6.993161e-01   4.071869e-01
  8918.000   6.961337e-01   4.068647e-01
  8918.500   6.986269e-01   4.054450e-01
  8919.000   6.960578e-01   4.028631e-01
  8919.500   6.903165e-01   3.978838e-01
  8920.000   6.980513e-01   3.942627e-01
  8920.500   6.983332e-01   3.978978e-01
  8921.000   6.875783e-01   4.036440e-01
  8921.500   6.976864e-01   4.058657e-01
  8922.000   6.973292e-01   4.047902e-01
  8922.500   4.965140e-01   4.012773e-01
  8923.000   6.977061e-01   3.959385e-01
  8923.500   6.984010e-01   3.922742e-01
  8924.000   6.983742e-01   3.948534e-01
  8924.500   6.982845e-01   3.984426e-01
  8925.000   6.824624e-01   3.978016e-01
  8925.500   6.971023e-01   3.966471e-01
  8926.000   5.218733e-01   3.964962e-01
  8926.500   6.966194e-01   3.914376e-01
  8927.000   6.972375e-01   3.808991e-01
  8927.500   6.890367e-01   3.770339e-01
  8928.000   6.867442e-01   3.853691e-01
  8928.500   6.947894e-01   3.923544e-01
  8929.000   6.805811e-01   3.941041e-01
  8929.500   6.812209e-01   3.976377e-01
  8930.000   6.105162e-01   4.027263e-01
  8930.500   6.944586e-01   4.049898e-01
  8931.000   6.963711e-01   4.045966e-01
  8931.500   5.494368e-01   4.037039e-01
  8932.000   6.946797e-01   4.038137e-01
  8932.500   6.969752e-01   4.048514e-01
  8933.000   6.969343e-01   4.056087e-01
  8933.500   6.941434e-01   4.061230e-01
  8934.000   6.965609e-01   4.066135e-01
  8934.500   6.965924e-01   4.064313e-01
  8935.000   6.966104e-01   4.063104e-01
  8935.500   6.924280e-01   4.063037e-01
  8936.000   6.964450e-01   4.062248e-01
  8936.500   6.937395e-01   4.059965e-01
  8937.000   6.962795e-01   4.057730e-01
  8937.500   6.961968e-01   4.056296e-01
  8938.000   6.961141e-01   4.055048e-01
  8938.500   6.960314e-01   4.052932e-01
  8939.000   6.959487e-01   4.049192e-01
  8939.500   6.956164e-01   4.041869e-01
  8940.000   6.957763e-01   4.031987e-01
  8940.500   6.956936e-01   4.026177e-01
  8941.000   6.949725e-01   4.028257e-01
  8941.500   6.955212e-01   4.029607e-01
  8942.000   6.914044e-01   4.011916e-01
  8942.500   6.953316e-01   3.963126e-01
  8943.000   6.878621e-01   3.917419e-01
  8943.500   6.898400e-01   3.931822e-01
  8944.000   6.950937e-01   3.954818e-01
  8944.500   6.949902e-01   3.916334e-01
  8945.000   6.945315e-01   3.843380e-01
  8945.500   5.305888e-01   3.831797e-01
  8946.000   6.942897e-01   3.872395e-01
  8946.500   6.942460e-01   3.904411e-01
  8947.000   6.941057e-01   3.921969e-01
  8947.500   6.484135e-01   3.945317e-01
  8948.000   6.901087e-01   3.966166e-01
  8948.500   6.815106e-01   3.951179e-01
  8949.000   6.928577e-01   3.919386e-01
  8949.500   6.791660e-01   3.927837e-01
  8950.000   6.936696e-01   3.962418e-01
  8950.500   6.890974e-01   3.992742e-01
  8951.000   6.936766e-01   4.016424e-01
  8951.500   5.828887e-01   4.033238e-01
  8952.000   6.931135e-01   4.041360e-01
  8952.500   6.888884e-01   4.034614e-01
  8953.000   6.934246e-01   4.027131e-01
  8953.500   6.934119e-01   4.024957e-01
  8954.000   6.933224e-01   4.033527e-01
  8954.500   6.932259e-01   4.048139e-01
  8955.000   6.931363e-01   4.050891e-01
  8955.500   6.930468e-01   4.028381e-01
  8956.000   6.808670e-01   4.016219e-01
  8956.500   6.928607e-01   4.015682e-01
  8957.000   6.927712e-01   4.017822e-01
  8957.500   6.926747e-01   4.019273e-01
  8958.000   6.905908e-01   4.021251e-01
  8958.500   6.924444e-01   4.021534e-01
  8959.000   6.923785e-01   4.009375e-01
  8959.500   6.923028e-01   3.995108e-01
  8960.000   6.922064e-01   3.988424e-01
  8960.500   6.921100e-01   3.990310e-01
  8961.000   6.920136e-01   3.991773e-01
  8961.500   6.919172e-01   3.998891e-01
  8962.000   6.884234e-01   4.019917e-01
  8962.500   6.873189e-01   4.044758e-01
  8963.000   6.915049e-01   4.036803e-01
  8963.500   6.914814e-01   4.033177e-01
  8964.000   6.908889e-01   4.014989e-01
  8964.500   6.913333e-01   4.001068e-01
  8965.000   6.912357e-01   3.986300e-01
  8965.500   6.911394e-01   3.954485e-01
  8966.000   6.910362e-01   3.915194e-01
  8966.500   6.909329e-01   3.928908e-01
  8967.000   6.908297e-01   3.923659e-01
  8967.500   6.906573e-01   3.890535e-01
  8968.000   6.891595e-01   3.878936e-01
  8968.500   6.249072e-01   3.912670e-01
  8969.000   6.899536e-01   3.954848e-01
  8969.500   6.895237e-01   3.978257e-01
  8970.000   6.642533e-01   3.989349e-01
  8970.500   6.597331e-01   4.001088e-01
  8971.000   6.887441e-01   4.024206e-01
  8971.500   6.859984e-01   4.039363e-01
  8972.000   6.897843e-01   4.015186e-01
  8972.500   6.896882e-01   3.999733e-01
  8973.000   6.895782e-01   3.994388e-01
  8973.500   6.894751e-01   3.984633e-01
  8974.000   6.893651e-01   3.972978e-01
  8974.500   6.892552e-01   3.931337e-01
  8975.000   6.891384e-01   3.840082e-01
  8975.500   6.890284e-01   3.791408e-01
  8976.000   6.889116e-01   3.840839e-01
  8976.500   6.888017e-01   3.895635e-01
  8977.000   6.886642e-01   3.914621e-01
  8977.500   6.862451e-01   3.928801e-01
  8978.000   6.122547e-01   3.934654e-01
  8978.500   6.882189e-01   3.928493e-01
  8979.000   6.880561e-01   3.921001e-01
  8979.500   6.833213e-01   3.932823e-01
  8980.000   6.879294e-01   3.968811e-01
  8980.500   6.850785e-01   4.009300e-01
  8981.000   6.872978e-01   3.992703e-01
  8981.500   6.820447e-01   3.973966e-01
  8982.000   6.874107e-01   3.962931e-01
  8982.500   6.873394e-01   3.955393e-01
  8983.000   6.872091e-01   3.946685e-01
  8983.500   6.870787e-01   3.932446e-01
  8984.000   6.869415e-01   3.909291e-01
  8984.500   6.867974e-01   3.881281e-01
  8985.000   6.861582e-01   3.874152e-01
  8985.500   6.864887e-01   3.905740e-01
  8986.000   6.855842e-01   3.947149e-01
  8986.500   6.754013e-01   3.981159e-01
  8987.000   6.846852e-01   3.988166e-01
  8987.500   6.661313e-01   4.011159e-01
  8988.000   6.856204e-01   3.995214e-01
  8988.500   6.856319e-01   3.975755e-01
  8989.000   6.854880e-01   3.974453e-01
  8989.500   6.782943e-01   3.961613e-01
  8990.000   6.851660e-01   3.953514e-01
  8990.500   6.850015e-01   3.967429e-01
  8991.000   6.848303e-01   3.989292e-01
  8991.500   6.846486e-01   3.994002e-01
  8992.000   6.793849e-01   3.979475e-01
  8992.500   6.841696e-01   3.948942e-01
  8993.000   6.816132e-01   3.938826e-01
  8993.500   6.831526e-01   3.931429e-01
  8994.000   6.775036e-01   3.923029e-01
  8994.500   6.793705e-01   3.915919e-01
  8995.000   6.827088e-01   3.914542e-01
  8995.500   6.829603e-01   3.915189e-01
  8996.000   6.828661e-01   3.910259e-01
  8996.500   6.826872e-01   3.895622e-01
  8997.000   6.781437e-01   3.877223e-01
  8997.500   6.822356e-01   3.869418e-01
  8998.000   6.820236e-01   3.862013e-01
  8998.500   6.817774e-01   3.809013e-01
  8999.000   6.815174e-01   3.681527e-01
  8999.500   6.655031e-01   3.579074e-01
  9000.000   6.808931e-01   3.664163e-01
  9000.500   6.806581e-01   3.832540e-01
  9001.000   6.801235e-01   3.892772e-01
  9001.500   6.767867e-01   3.894885e-01
  9002.000   3.072091e-01   3.896697e-01
  9002.500   6.740988e-01   3.898069e-01
  9003.000   6.787202e-01   3.906979e-01
  9003.500   6.786943e-01   3.930486e-01
  9004.000   6.783651e-01   3.925067e-01
  9004.500   6.779755e-01   3.890019e-01
  9005.000   6.775598e-01   3.869139e-01
  9005.500   6.771247e-01   3.857334e-01
  9006.000   6.766564e-01   3.836623e-01
  9006.500   6.761659e-01   3.808986e-01
  9007.000   6.756491e-01   3.799691e-01
  9007.500   6.691718e-01   3.773547e-01
  9008.000   6.744994e-01   3.690631e-01
  9008.500   6.738372e-01   3.625129e-01
  9009.000   6.705880e-01   3.623447e-01
  9009.500   6.702091e-01   3.604616e-01
  9010.000   6.709590e-01   3.575792e-01
  9010.500   6.583789e-01   3.593332e-01
  9011.000   4.835344e-01   3.634020e-01
  9011.500   6.669723e-01   3.636722e-01
  9012.000   6.627295e-01   3.606723e-01
  9012.500   6.427676e-01   3.609454e-01
  9013.000   5.829432e-01   3.646887e-01
  9013.500   6.627805e-01   3.648252e-01
  9014.000   6.598398e-01   3.630944e-01
  9014.500   4.594886e-01   3.639304e-01
  9015.000   6.535058e-01   3.660807e-01
  9015.500   6.482829e-01   3.677389e-01
  9016.000   6.501860e-01   3.692905e-01
  9016.500   5.575804e-01   3.706430e-01
  9017.000   6.413759e-01   3.692415e-01
  9017.500   6.387482e-01   3.701948e-01
  9018.000   6.448036e-01   3.743135e-01
  9018.500   6.352389e-01   3.763579e-01
  9019.000   6.519814e-01   3.758115e-01
  9019.500   4.636105e-01   3.743026e-01
  9020.000   6.574724e-01   3.740255e-01
  9020.500   6.599591e-01   3.735550e-01
  9021.000   6.616486e-01   3.686560e-01
  9021.500   6.622541e-01   3.623452e-01
  9022.000   6.619388e-01   3.641642e-01
  9022.500   6.641777e-01   3.740953e-01
  9023.000   6.664209e-01   3.787537e-01
  9023.500   6.660266e-01   3.757180e-01
  9024.000   5.253729e-01   3.690405e-01
  9024.500   5.867067e-01   3.658654e-01
  9025.000   6.677047e-01   3.715318e-01
  9025.500   6.699760e-01   3.805136e-01
  9026.000   6.706199e-01   3.863311e-01
  9026.500   6.681853e-01   3.849564e-01
  9027.000   6.318755e-01   3.834192e-01
  9027.500   6.698437e-01   3.831029e-01
  9028.000   6.724509e-01   3.836665e-01
  9028.500   6.728574e-01   3.843530e-01
  9029.000   6.695866e-01   3.848452e-01
  9029.500   6.734650e-01   3.847013e-01
  9030.000   6.734943e-01   3.826174e-01
  9030.500   6.739141e-01   3.804013e-01
  9031.000   6.742120e-01   3.813184e-01
  9031.500   6.744130e-01   3.846816e-01
  9032.000   6.746037e-01   3.855011e-01
  9032.500   6.747672e-01   3.853656e-01
  9033.000   6.718599e-01   3.853799e-01
  9033.500   6.745230e-01   3.853569e-01
  9034.000   6.752126e-01   3.851678e-01
  9034.500   6.753391e-01   3.848314e-01
  9035.000   6.754560e-01   3.837148e-01
  9035.500   6.755552e-01   3.813851e-01
  9036.000   6.756491e-01   3.799042e-01
  9036.500   6.757378e-01   3.807369e-01
  9037.000   6.758148e-01   3.825199e-01
  9037.500   6.758773e-01   3.838021e-01
  9038.000   6.757728e-01   3.841128e-01
  9038.500   6.591022e-01   3.838398e-01
  9039.000   6.735430e-01   3.839737e-01
  9039.500   6.760868e-01   3.848037e-01
  9040.000   6.761436e-01   3.856093e-01
  9040.500   6.761799e-01   3.855830e-01
  9041.000   6.754375e-01   3.855780e-01
  9041.500   6.754461e-01   3.856181e-01
  9042.000   6.762615e-01   3.860159e-01
  9042.500   6.762762e-01   3.867099e-01
  9043.000   6.762909e-01   3.865163e-01
  9043.500   6.762988e-01   3.850321e-01
  9044.000   6.763067e-01   3.843107e-01
  9044.500   6.763078e-01   3.843972e-01
  9045.000   6.763088e-01   3.845289e-01
  9045.500   6.763094e-01   3.844476e-01
  9046.000   6.761267e-01   3.842751e-01
  9046.500   6.736456e-01   3.841692e-01
  9047.000   6.762807e-01   3.840434e-01
  9047.500   6.762667e-01   3.835615e-01
  9048.000   6.762542e-01   3.824592e-01
  9048.500   6.755201e-01   3.816929e-01
  9049.000   6.762156e-01   3.814086e-01
  9049.500   6.761895e-01   3.816301e-01
  9050.000   6.757659e-01   3.817047e-01
  9050.500   6.754594e-01   3.804641e-01
  9051.000   6.660041e-01   3.774674e-01
  9051.500   6.742134e-01   3.753614e-01
  9052.000   6.747789e-01   3.771786e-01
  9052.500   6.708854e-01   3.806060e-01
  9053.000   6.758595e-01   3.839181e-01
  9053.500   6.741787e-01   3.840949e-01
  9054.000   6.053785e-01   3.838204e-01
  9054.500   6.751372e-01   3.837193e-01
  9055.000   6.586384e-01   3.835381e-01
  9055.500   6.755399e-01   3.832656e-01
  9056.000   6.757359e-01   3.830917e-01
  9056.500   6.757099e-01   3.830051e-01
  9057.000   6.756636e-01   3.828637e-01
  9057.500   6.756173e-01   3.823487e-01
  9058.000   6.755710e-01   3.815116e-01
  9058.500   6.755247e-01   3.809930e-01
  9059.000   6.751427e-01   3.810381e-01
  9059.500   6.754322e-01   3.809261e-01
  9060.000   6.753792e-01   3.791806e-01
  9060.500   6.653115e-01   3.716124e-01
  9061.000   6.584097e-01   3.558465e-01
  9061.500   6.751647e-01   3.420026e-01
  9062.000   6.751334e-01   3.371308e-01
  9062.500   6.749790e-01   3.426122e-01
  9063.000   6.743214e-01   3.578443e-01
  9063.500   6.657578e-01   3.719712e-01
  9064.000   4.522870e-01   3.794425e-01
  9064.500   6.577957e-01   3.811102e-01
  9065.000   4.369010e-01   3.815596e-01
  9065.500   6.682148e-01   3.819943e-01
  9066.000   6.742594e-01   3.820788e-01
  9066.500   6.746166e-01   3.819747e-01
  9067.000   6.733342e-01   3.820200e-01
  9067.500   6.745312e-01   3.820419e-01
  9068.000   6.744851e-01   3.819377e-01
  9068.500   6.744242e-01   3.823565e-01
  9069.000   6.743592e-01   3.829008e-01
  9069.500   6.742997e-01   3.787455e-01
  9070.000   6.742334e-01   3.744181e-01
  9070.500   6.741671e-01   3.733350e-01
  9071.000   6.740469e-01   3.766103e-01
  9071.500   6.698540e-01   3.814303e-01
  9072.000   6.597012e-01   3.852395e-01
  9072.500   6.725876e-01   3.836235e-01
  9073.000   6.155226e-01   3.823976e-01
  9073.500   6.734688e-01   3.822636e-01
  9074.000   6.736970e-01   3.830395e-01
  9074.500   6.736578e-01   3.833034e-01
  9075.000   6.735917e-01   3.818178e-01
  9075.500   6.735255e-01   3.808134e-01
  9076.000   6.734594e-01   3.800311e-01
  9076.500   6.733934e-01   3.787134e-01
  9077.000   6.733273e-01   3.756284e-01
  9077.500   6.732612e-01   3.679620e-01
  9078.000   6.731884e-01   3.569654e-01
  9078.500   6.731224e-01   3.524298e-01
  9079.000   6.730362e-01   3.563004e-01
  9079.500   6.728961e-01   3.592267e-01
  9080.000   6.722398e-01   3.616598e-01
  9080.500   6.498001e-01   3.660220e-01
  9081.000   6.110831e-01   3.738906e-01
  9081.500   6.714986e-01   3.795915e-01
  9082.000   5.506125e-01   3.799102e-01
  9082.500   6.713653e-01   3.793486e-01
  9083.000   6.164708e-01   3.789571e-01
  9083.500   6.724025e-01   3.780312e-01
  9084.000   6.723636e-01   3.768963e-01
  9084.500   6.722910e-01   3.768670e-01
  9085.000   6.722252e-01   3.778104e-01
  9085.500   6.721527e-01   3.787273e-01
  9086.000   6.720554e-01   3.793629e-01
  9086.500   6.690794e-01   3.803899e-01
  9087.000   6.714469e-01   3.764310e-01
  9087.500   6.718426e-01   3.615398e-01
  9088.000   6.717627e-01   3.416190e-01
  9088.500   6.686294e-01   3.284886e-01
  9089.000   6.716388e-01   3.317146e-01
  9089.500   6.715328e-01   3.436175e-01
  9090.000   6.712052e-01   3.586137e-01
  9090.500   6.651510e-01   3.690443e-01
  9091.000   4.244571e-01   3.732086e-01
  9091.500   6.661881e-01   3.748151e-01
  9092.000   4.850332e-01   3.761757e-01
  9092.500   6.709574e-01   3.770846e-01
  9093.000   6.707706e-01   3.752688e-01
  9093.500   6.709947e-01   3.707980e-01
  9094.000   6.693824e-01   3.583573e-01
  9094.500   6.655368e-01   3.409306e-01
  9095.000   6.707512e-01   3.374444e-01
  9095.500   6.686270e-01   3.519110e-01
  9096.000   6.705958e-01   3.661559e-01
  9096.500   6.666433e-01   3.727617e-01
  9097.000   6.210148e-01   3.752596e-01
  9097.500   5.013611e-01   3.759254e-01
  9098.000   6.572354e-01   3.751065e-01
  9098.500   6.686903e-01   3.735696e-01
  9099.000   6.701811e-01   3.728431e-01
  9099.500   6.701158e-01   3.736613e-01
  9100.000   6.700438e-01   3.709175e-01
  9100.500   6.699651e-01   3.661849e-01
  9101.000   6.549303e-01   3.665708e-01
  9101.500   6.570572e-01   3.709105e-01
  9102.000   6.696488e-01   3.733178e-01
  9102.500   6.684255e-01   3.731101e-01
  9103.000   5.881712e-01   3.712922e-01
  9103.500   6.679397e-01   3.699556e-01
  9104.000   6.693813e-01   3.710980e-01
  9104.500   6.644544e-01   3.734914e-01
  9105.000   6.692980e-01   3.755662e-01
  9105.500   6.672337e-01   3.765230e-01
  9106.000   6.572051e-01   3.745122e-01
  9106.500   6.688872e-01   3.744022e-01
  9107.000   6.686623e-01   3.766183e-01
  9107.500   6.689257e-01   3.778796e-01
  9108.000   6.628199e-01   3.775008e-01
  9108.500   6.687623e-01   3.765474e-01
  9109.000   6.662359e-01   3.747311e-01
  9109.500   6.686257e-01   3.735208e-01
  9110.000   6.685473e-01   3.721933e-01
  9110.500   6.684690e-01   3.686703e-01
  9111.000   6.683841e-01   3.597850e-01
  9111.500   6.662472e-01   3.474519e-01
  9112.000   6.682209e-01   3.442080e-01
  9112.500   6.681092e-01   3.544029e-01
  9113.000   6.675816e-01   3.656406e-01
  9113.500   6.666427e-01   3.710735e-01
  9114.000   6.416317e-01   3.729889e-01
  9114.500   5.735690e-01   3.735800e-01
  9115.000   6.625345e-01   3.731226e-01
  9115.500   6.672860e-01   3.711043e-01
  9116.000   6.675489e-01   3.668670e-01
  9116.500   6.675376e-01   3.628729e-01
  9117.000   6.674796e-01   3.618084e-01
  9117.500   6.674083e-01   3.640521e-01
  9118.000   6.673369e-01   3.650464e-01
  9118.500   6.669854e-01   3.610184e-01
  9119.000   6.665662e-01   3.608385e-01
  9119.500   6.319913e-01   3.642121e-01
  9120.000   6.666706e-01   3.686635e-01
  9120.500   6.667545e-01   3.713518e-01
  9121.000   6.628101e-01   3.724919e-01
  9121.500   5.444782e-01   3.727457e-01
  9122.000   6.658404e-01   3.727338e-01
  9122.500   6.494040e-01   3.724683e-01
  9123.000   6.665647e-01   3.721689e-01
  9123.500   6.665002e-01   3.721987e-01
  9124.000   6.664224e-01   3.727570e-01
  9124.500   6.663514e-01   3.731866e-01
  9125.000   6.662736e-01   3.729839e-01
  9125.500   6.631771e-01   3.724022e-01
  9126.000   6.620335e-01   3.719247e-01
  9126.500   6.660472e-01   3.717655e-01
  9127.000   6.659696e-01   3.718551e-01
  9127.500   6.658919e-01   3.720317e-01
  9128.000   6.658143e-01   3.725209e-01
  9128.500   6.657367e-01   3.730996e-01
  9129.000   6.601198e-01   3.728049e-01
  9129.500   6.655883e-01   3.728830e-01
  9130.000   6.655108e-01   3.739816e-01
  9130.500   6.637043e-01   3.746466e-01
  9131.000   6.653405e-01   3.724883e-01
  9131.500   6.652783e-01   3.713898e-01
  9132.000   6.652008e-01   3.714559e-01
  9132.500   6.604600e-01   3.716025e-01
  9133.000   6.603727e-01   3.710731e-01
  9133.500   6.531792e-01   3.713510e-01
  9134.000   6.648540e-01   3.723978e-01
  9134.500   6.648206e-01   3.732760e-01
  9135.000   6.646335e-01   3.732060e-01
  9135.500   6.645329e-01   3.731160e-01
  9136.000   6.645886e-01   3.741418e-01
  9136.500   6.645114e-01   3.734550e-01
  9137.000   6.644341e-01   3.709724e-01
  9137.500   6.643569e-01   3.699137e-01
  9138.000   6.642863e-01   3.699841e-01
  9138.500   6.642025e-01   3.698872e-01
  9139.000   6.537054e-01   3.693051e-01
  9139.500   6.580472e-01   3.679777e-01
  9140.000   6.639777e-01   3.660819e-01
  9140.500   6.639006e-01   3.648556e-01
  9141.000   6.638235e-01   3.647406e-01
  9141.500   6.637464e-01   3.652920e-01
  9142.000   6.636495e-01   3.659440e-01
  9142.500   6.569544e-01   3.665916e-01
  9143.000   6.540094e-01   3.671996e-01
  9143.500   6.484213e-01   3.674993e-01
  9144.000   6.608876e-01   3.671880e-01
  9144.500   6.609415e-01   3.658621e-01
  9145.000   6.431706e-01   3.632062e-01
  9145.500   6.631240e-01   3.593220e-01
  9146.000   6.627986e-01   3.554960e-01
  9146.500   6.622692e-01   3.553917e-01
  9147.000   6.628776e-01   3.559820e-01
  9147.500   6.514981e-01   3.537332e-01
  9148.000   6.626292e-01   3.537069e-01
  9148.500   6.412815e-01   3.583655e-01
  9149.000   6.620449e-01   3.624996e-01
  9149.500   6.404932e-01   3.650631e-01
  9150.000   6.547954e-01   3.674890e-01
  9150.500   5.379665e-01   3.681228e-01
  9151.000   6.621684e-01   3.677218e-01
  9151.500   6.496497e-01   3.679316e-01
  9152.000   6.464345e-01   3.697666e-01
  9152.500   6.620494e-01   3.720311e-01
  9153.000   6.619661e-01   3.718122e-01
  9153.500   6.618896e-01   3.685563e-01
  9154.000   6.350889e-01   3.661239e-01
  9154.500   6.617364e-01   3.663494e-01
  9155.000   6.616599e-01   3.685024e-01
  9155.500   6.615834e-01   3.703955e-01
  9156.000   6.615003e-01   3.658674e-01
  9156.500   6.508301e-01   3.604937e-01
  9157.000   6.613474e-01   3.589975e-01
  9157.500   6.612709e-01   3.609647e-01
  9158.000   6.611747e-01   3.640260e-01
  9158.500   6.585226e-01   3.656040e-01
  9159.000   6.554340e-01   3.658399e-01
  9159.500   6.145168e-01   3.657876e-01
  9160.000   6.606761e-01   3.660387e-01
  9160.500   6.607996e-01   3.658593e-01
  9161.000   6.607233e-01   3.663317e-01
  9161.500   6.606470e-01   3.659029e-01
  9162.000   6.549133e-01   3.648913e-01
  9162.500   6.604880e-01   3.634780e-01
  9163.000   6.382596e-01   3.615141e-01
  9163.500   6.603290e-01   3.585923e-01
  9164.000   6.602528e-01   3.546979e-01
  9164.500   6.601700e-01   3.533888e-01
  9165.000   6.573188e-01   3.570142e-01
  9165.500   6.519580e-01   3.610803e-01
  9166.000   6.596834e-01   3.625828e-01
  9166.500   5.991695e-01   3.630509e-01
  9167.000   6.007476e-01   3.638538e-01
  9167.500   6.590439e-01   3.641347e-01
  9168.000   6.595914e-01   3.632023e-01
  9168.500   6.595352e-01   3.614674e-01
  9169.000   6.494012e-01   3.610483e-01
  9169.500   6.593767e-01   3.607687e-01
  9170.000   6.593007e-01   3.599490e-01
  9170.500   6.362224e-01   3.596471e-01
  9171.000   6.497592e-01   3.600660e-01
  9171.500   6.581904e-01   3.601710e-01
  9172.000   6.502586e-01   3.593665e-01
  9172.500   6.586697e-01   3.575868e-01
  9173.000   6.341995e-01   3.539929e-01
  9173.500   6.492022e-01   3.523855e-01
  9174.000   6.586343e-01   3.571225e-01
  9174.500   6.336024e-01   3.615475e-01
  9175.000   6.548862e-01   3.636417e-01
  9175.500   6.562571e-01   3.633472e-01
  9176.000   6.513872e-01   3.620746e-01
  9176.500   6.462384e-01   3.625241e-01
  9177.000   6.518176e-01   3.635457e-01
  9177.500   6.580786e-01   3.619520e-01
  9178.000   6.561055e-01   3.595136e-01
  9178.500   6.301286e-01   3.575876e-01
  9179.000   6.567972e-01   3.576888e-01
  9179.500   6.524074e-01   3.593283e-01
  9180.000   6.574269e-01   3.601903e-01
  9180.500   6.534686e-01   3.601223e-01
  9181.000   6.258051e-01   3.595613e-01
  9181.500   6.425591e-01   3.587237e-01
  9182.000   6.573396e-01   3.589658e-01
  9182.500   6.534877e-01   3.597747e-01
  9183.000   6.501144e-01   3.600662e-01
  9183.500   6.482912e-01   3.608063e-01
  9184.000   6.367738e-01   3.624518e-01
  9184.500   6.551834e-01   3.643685e-01
  9185.000   6.568216e-01   3.642177e-01
  9185.500   6.528681e-01   3.626569e-01
  9186.000   6.478788e-01   3.615443e-01
  9186.500   6.565694e-01   3.603068e-01
  9187.000   6.564811e-01   3.590753e-01
  9187.500   6.543964e-01   3.583127e-01
  9188.000   6.562987e-01   3.571167e-01
  9188.500   6.561892e-01   3.562941e-01
  9189.000   6.558001e-01   3.568432e-01
  9189.500   6.226067e-01   3.574753e-01
  9190.000   6.556043e-01   3.578360e-01
  9190.500   6.558176e-01   3.579633e-01
  9191.000   6.285666e-01   3.581076e-01
  9191.500   6.556734e-01   3.581666e-01
  9192.000   6.399073e-01   3.576179e-01
  9192.500   6.551339e-01   3.566173e-01
  9193.000   6.364060e-01   3.551811e-01
  9193.500   6.541048e-01   3.554365e-01
  9194.000   6.548680e-01   3.571151e-01
  9194.500   6.550857e-01   3.585448e-01
  9195.000   6.337845e-01   3.598964e-01
  9195.500   6.442887e-01   3.621855e-01
  9196.000   6.431098e-01   3.618614e-01
  9196.500   6.545870e-01   3.592768e-01
  9197.000   6.546130e-01   3.572093e-01
  9197.500   6.454900e-01   3.562642e-01
  9198.000   6.544110e-01   3.555206e-01
  9198.500   6.543100e-01   3.537878e-01
  9199.000   6.542025e-01   3.513892e-01
  9199.500   6.202394e-01   3.503546e-01
  9200.000   6.278692e-01   3.519435e-01
  9200.500   6.538802e-01   3.542291e-01
  9201.000   6.214102e-01   3.555304e-01
  9201.500   6.528112e-01   3.551964e-01
  9202.000   5.747535e-01   3.544396e-01
  9202.500   6.531415e-01   3.538539e-01
  9203.000   6.418975e-01   3.529144e-01
  9203.500   6.531903e-01   3.528094e-01
  9204.000   6.530194e-01   3.534140e-01
  9204.500   6.413086e-01   3.530495e-01
  9205.000   6.522378e-01   3.529469e-01
  9205.500   6.510236e-01   3.544493e-01
  9206.000   6.327650e-01   3.549764e-01
  9206.500   6.501363e-01   3.539827e-01
  9207.000   6.516201e-01   3.530529e-01
  9207.500   6.329289e-01   3.521648e-01
  9208.000   6.518251e-01   3.501278e-01
  9208.500   6.515756e-01   3.485343e-01
  9209.000   6.517114e-01   3.472457e-01
  9209.500   6.065087e-01   3.430935e-01
  9210.000   6.513864e-01   3.390648e-01
  9210.500   6.501817e-01   3.400827e-01
  9211.000   6.236619e-01   3.425307e-01
  9211.500   6.508242e-01   3.426074e-01
  9212.000   6.457733e-01   3.372388e-01
  9212.500   4.886402e-01   3.267923e-01
  9213.000   6.497639e-01   3.232926e-01
  9213.500   6.404305e-01   3.307272e-01
  9214.000   6.382925e-01   3.365549e-01
  9214.500   6.483401e-01   3.382456e-01
  9215.000   6.189503e-01   3.418070e-01
  9215.500   4.280743e-01   3.474099e-01
  9216.000   6.439007e-01   3.504730e-01
  9216.500   6.405646e-01   3.494639e-01
  9217.000   4.813850e-01   3.439755e-01
  9217.500   6.069837e-01   3.348756e-01
  9218.000   6.477618e-01   3.297544e-01
  9218.500   6.475511e-01   3.339053e-01
  9219.000   6.471994e-01   3.417352e-01
  9219.500   6.318318e-01   3.465696e-01
  9220.000   5.738532e-01   3.488218e-01
  9220.500   6.310775e-01   3.505866e-01
  9221.000   6.221221e-01   3.515075e-01
  9221.500   6.404947e-01   3.516950e-01
  9222.000   6.444841e-01   3.514672e-01
  9222.500   6.400557e-01   3.503656e-01
  9223.000   6.435135e-01   3.487375e-01
  9223.500   6.428564e-01   3.459219e-01
  9224.000   6.421285e-01   3.417957e-01
  9224.500   6.413226e-01   3.386744e-01
  9225.000   6.404128e-01   3.387231e-01
  9225.500   6.393932e-01   3.389429e-01
  9226.000   6.382317e-01   3.377694e-01
  9226.500   6.227706e-01   3.351353e-01
  9227.000   5.993085e-01   3.303968e-01
  9227.500   6.155963e-01   3.214658e-01
  9228.000   6.032839e-01   3.127954e-01
  9228.500   6.279837e-01   3.137211e-01
  9229.000   5.926884e-01   3.204491e-01
  9229.500   6.193305e-01   3.254316e-01
  9230.000   6.132503e-01   3.283171e-01
  9230.500   5.227886e-01   3.311885e-01
  9231.000   5.958982e-01   3.336458e-01
  9231.500   5.966470e-01   3.354886e-01
  9232.000   5.968320e-01   3.375045e-01
  9232.500   6.059350e-01   3.395427e-01
  9233.000   6.120991e-01   3.406701e-01
  9233.500   6.033741e-01   3.423730e-01
  9234.000   6.238000e-01   3.450491e-01
  9234.500   6.142150e-01   3.470843e-01
  9235.000   6.301449e-01   3.473201e-01
  9235.500   6.265184e-01   3.453482e-01
  9236.000   6.336960e-01   3.427462e-01
  9236.500   6.354298e-01   3.390484e-01
  9237.000   6.366244e-01   3.322857e-01
  9237.500   6.376356e-01   3.270419e-01
  9238.000   6.356011e-01   3.316611e-01
  9238.500   6.282248e-01   3.401991e-01
  9239.000   6.391860e-01   3.450005e-01
  9239.500   6.386755e-01   3.463818e-01
  9240.000   4.687773e-01   3.475535e-01
  9240.500   6.020701e-01   3.478715e-01
  9241.000   6.416020e-01   3.468901e-01
  9241.500   6.421751e-01   3.452489e-01
  9242.000   6.250471e-01   3.436558e-01
  9242.500   6.428673e-01   3.441793e-01
  9243.000   6.415752e-01   3.463738e-01
  9243.500   6.350223e-01   3.459376e-01
  9244.000   6.435659e-01   3.431729e-01
  9244.500   6.283002e-01   3.422760e-01
  9245.000   6.187751e-01   3.429561e-01
  9245.500   6.440915e-01   3.420015e-01
  9246.000   6.442229e-01   3.397186e-01
  9246.500   6.429846e-01   3.379288e-01
  9247.000   6.264177e-01   3.395726e-01
  9247.500   6.445452e-01   3.436478e-01
  9248.000   6.346008e-01   3.458268e-01
  9248.500   6.420244e-01   3.452536e-01
  9249.000   5.620604e-01   3.452332e-01
  9249.500   6.444088e-01   3.472045e-01
  9250.000   6.448546e-01   3.487397e-01
  9250.500   6.449463e-01   3.495625e-01
  9251.000   6.449217e-01   3.499452e-01
  9251.500   6.322707e-01   3.477748e-01
  9252.000   6.232095e-01   3.443099e-01
  9252.500   6.450565e-01   3.409835e-01
  9253.000   6.382463e-01   3.381770e-01
  9253.500   6.450663e-01   3.359832e-01
  9254.000   6.448883e-01   3.358657e-01
  9254.500   6.436903e-01   3.341273e-01
  9255.000   6.107015e-01   3.232665e-01
  9255.500   6.013400e-01   3.083812e-01
  9256.000   6.329047e-01   3.071803e-01
  9256.500   6.338311e-01   3.207753e-01
  9257.000   6.416342e-01   3.315296e-01
  9257.500   6.352353e-01   3.316437e-01
  9258.000   5.629349e-01   3.256645e-01
  9258.500   4.775014e-01   3.224393e-01
  9259.000   6.291424e-01   3.264579e-01
  9259.500   6.374771e-01   3.347800e-01
  9260.000   6.282859e-01   3.416782e-01
  9260.500   6.281595e-01   3.445507e-01
  9261.000   6.077812e-01   3.448226e-01
  9261.500   4.925173e-01   3.456393e-01
  9262.000   6.429204e-01   3.451428e-01
  9262.500   6.443450e-01   3.422128e-01
  9263.000   6.441900e-01   3.396021e-01
  9263.500   6.057168e-01   3.388588e-01
  9264.000   6.446260e-01   3.397612e-01
  9264.500   6.445922e-01   3.426211e-01
  9265.000   6.356735e-01   3.448942e-01
  9265.500   6.133769e-01   3.447158e-01
  9266.000   6.321702e-01   3.440833e-01
  9266.500   5.593335e-01   3.449344e-01
  9267.000   6.327549e-01   3.461382e-01
  9267.500   6.443248e-01   3.471683e-01
  9268.000   6.442716e-01   3.478952e-01
  9268.500   5.891045e-01   3.477426e-01
  9269.000   6.441587e-01   3.467107e-01
  9269.500   6.410005e-01   3.457506e-01
  9270.000   6.440656e-01   3.453247e-01
  9270.500   6.440125e-01   3.445091e-01
  9271.000   6.439594e-01   3.443185e-01
  9271.500   6.439064e-01   3.450562e-01
  9272.000   6.087886e-01   3.455109e-01
  9272.500   6.437358e-01   3.451701e-01
  9273.000   6.418079e-01   3.453270e-01
  9273.500   6.407178e-01   3.457938e-01
  9274.000   6.271980e-01   3.468823e-01
  9274.500   6.435559e-01   3.479573e-01
  9275.000   6.431218e-01   3.485179e-01
  9275.500   6.385973e-01   3.481303e-01
  9276.000   6.196867e-01   3.472941e-01
  9276.500   6.433247e-01   3.468204e-01
  9277.000   6.432653e-01   3.471372e-01
  9277.500   6.432059e-01   3.470324e-01
  9278.000   6.431465e-01   3.461318e-01
  9278.500   6.430807e-01   3.462477e-01
  9279.000   6.167911e-01   3.470380e-01
  9279.500   6.429603e-01   3.462321e-01
  9280.000   6.428962e-01   3.453863e-01
  9280.500   6.428305e-01   3.440454e-01
  9281.000   6.423994e-01   3.429344e-01
  9281.500   6.409741e-01   3.415345e-01
  9282.000   6.426460e-01   3.411597e-01
  9282.500   6.198600e-01   3.429824e-01
  9283.000   6.220224e-01   3.449683e-01
  9283.500   6.423172e-01   3.456464e-01
  9284.000   6.397946e-01   3.461315e-01
  9284.500   5.925785e-01   3.473453e-01
  9285.000   6.421078e-01   3.478697e-01
  9285.500   6.421929e-01   3.452766e-01
  9286.000   6.421273e-01   3.429963e-01
  9286.500   6.273100e-01   3.421818e-01
  9287.000   6.419961e-01   3.408428e-01
  9287.500   6.334297e-01   3.408294e-01
  9288.000   6.418649e-01   3.423957e-01
  9288.500   6.240966e-01   3.425824e-01
  9289.000   6.271241e-01   3.402826e-01
  9289.500   6.402809e-01   3.371806e-01
  9290.000   6.110225e-01   3.343061e-01
  9290.500   6.415243e-01   3.326738e-01
  9291.000   6.414550e-01   3.355212e-01
  9291.500   6.413067e-01   3.396002e-01
  9292.000   5.757367e-01   3.418003e-01
  9292.500   6.411619e-01   3.436927e-01
  9293.000   4.623683e-01   3.447593e-01
  9293.500   6.410938e-01   3.433283e-01
  9294.000   6.188212e-01   3.415982e-01
  9294.500   6.409942e-01   3.419835e-01
  9295.000   6.409224e-01   3.425602e-01
  9295.500   6.408570e-01   3.402746e-01
  9296.000   6.407916e-01   3.375935e-01
  9296.500   6.407134e-01   3.371070e-01
  9297.000   6.164412e-01   3.385446e-01
  9297.500   6.405827e-01   3.416131e-01
  9298.000   6.404867e-01   3.436929e-01
  9298.500   5.913425e-01   3.435812e-01
  9299.000   6.263699e-01   3.426232e-01
  9299.500   6.061868e-01   3.421551e-01
  9300.000   6.398245e-01   3.435224e-01
  9300.500   6.349388e-01   3.462611e-01
  9301.000   6.401063e-01   3.443278e-01
  9301.500   6.400346e-01   3.406537e-01
  9302.000   6.399694e-01   3.409244e-01
  9302.500   6.338346e-01   3.414464e-01
  9303.000   6.398261e-01   3.419298e-01
  9303.500   6.397609e-01   3.434227e-01
  9304.000   5.842018e-01   3.446310e-01
  9304.500   6.393646e-01   3.416337e-01
  9305.000   6.395525e-01   3.382034e-01
  9305.500   6.394809e-01   3.373352e-01
  9306.000   6.394157e-01   3.375994e-01
  9306.500   6.393442e-01   3.370044e-01
  9307.000   6.392726e-01   3.365928e-01
  9307.500   6.381015e-01   3.379137e-01
  9308.000   6.390002e-01   3.410618e-01
  9308.500   6.390645e-01   3.410331e-01
  9309.000   6.389994e-01   3.424253e-01
  9309.500   6.201361e-01   3.429020e-01
  9310.000   6.381456e-01   3.375460e-01
  9310.500   5.918961e-01   3.335825e-01
  9311.000   6.387199e-01   3.326218e-01
  9311.500   6.227565e-01   3.332761e-01
  9312.000   6.385771e-01   3.348064e-01
  9312.500   6.379728e-01   3.360749e-01
  9313.000   6.201337e-01   3.365530e-01
  9313.500   6.377322e-01   3.368694e-01
  9314.000   6.064933e-01   3.374943e-01
  9314.500   6.350942e-01   3.381914e-01
  9315.000   6.381615e-01   3.416737e-01
  9315.500   6.380902e-01   3.447796e-01
  9316.000   6.276798e-01   3.497140e-01
  9316.500   6.379475e-01   3.503450e-01
  9317.000   6.378762e-01   3.394901e-01
  9317.500   6.378033e-01   3.281021e-01
  9318.000   6.377400e-01   3.234942e-01
  9318.500   6.376687e-01   3.259697e-01
  9319.000   6.375911e-01   3.341189e-01
  9319.500   6.346219e-01   3.367674e-01
  9320.000   6.350736e-01   3.364796e-01
  9320.500   6.270855e-01   3.370511e-01
  9321.000   6.271871e-01   3.367716e-01
  9321.500   6.236576e-01   3.350172e-01
  9322.000   6.371446e-01   3.347604e-01
  9322.500   6.347153e-01   3.383372e-01
  9323.000   6.370341e-01   3.410223e-01
  9323.500   6.369693e-01   3.396182e-01
  9324.000   6.368982e-01   3.391893e-01
  9324.500   6.113798e-01   3.397957e-01
  9325.000   6.108438e-01   3.443972e-01
  9325.500   6.366847e-01   3.443082e-01
  9326.000   6.366136e-01   3.390135e-01
  9326.500   6.321419e-01   3.362069e-01
  9327.000   6.355664e-01   3.358171e-01
  9327.500   6.364027e-01   3.374926e-01
  9328.000   6.363356e-01   3.373832e-01
  9328.500   6.362646e-01   3.341492e-01
  9329.000   6.361935e-01   3.317544e-01
  9329.500   6.361225e-01   3.314940e-01
  9330.000   6.319764e-01   3.329426e-01
  9330.500   6.317386e-01   3.348876e-01
  9331.000   6.359158e-01   3.361575e-01
  9331.500   6.046529e-01   3.374530e-01
  9332.000   6.242328e-01   3.351021e-01
  9332.500   6.357028e-01   3.339048e-01
  9333.000   6.356318e-01   3.347699e-01
  9333.500   6.355609e-01   3.368631e-01
  9334.000   6.354899e-01   3.355539e-01
  9334.500   6.354190e-01   3.357121e-01
  9335.000   6.353481e-01   3.337702e-01
  9335.500   6.352772e-01   3.351351e-01
  9336.000   6.188994e-01   3.369868e-01
  9336.500   6.059659e-01   3.361964e-01
  9337.000   6.350096e-01   3.358684e-01
  9337.500   5.707302e-01   3.350160e-01
  9338.000   6.349291e-01   3.349204e-01
  9338.500   6.348582e-01   3.375448e-01
  9339.000   6.347874e-01   3.391755e-01
  9339.500   6.347165e-01   3.380093e-01
  9340.000   6.346457e-01   3.327076e-01
  9340.500   6.345431e-01   3.300435e-01
  9341.000   6.339346e-01   3.301795e-01
  9341.500   6.248865e-01   3.320922e-01
  9342.000   6.343625e-01   3.357761e-01
  9342.500   6.342917e-01   3.425473e-01
  9343.000   6.146369e-01   3.485201e-01
  9343.500   6.341565e-01   3.521281e-01
  9344.000   6.340858e-01   3.494522e-01
  9344.500   6.340150e-01   3.416464e-01
  9345.000   6.339443e-01   3.384712e-01
  9345.500   6.337919e-01   3.389953e-01
  9346.000   6.063890e-01   3.361159e-01
  9346.500   6.337321e-01   3.326751e-01
  9347.000   6.336295e-01   3.305764e-01
  9347.500   6.292726e-01   3.287828e-01
  9348.000   6.335201e-01   3.273181e-01
  9348.500   6.334494e-01   3.258100e-01
  9349.000   6.333788e-01   3.232664e-01
  9349.500   6.333081e-01   3.194302e-01
  9350.000   6.332375e-01   3.149546e-01
  9350.500   6.331605e-01   3.139418e-01
  9351.000   6.330772e-01   3.174138e-01
  9351.500   6.328705e-01   3.219029e-01
  9352.000   6.216226e-01   3.246521e-01
  9352.500   6.292195e-01   3.275584e-01
  9353.000   4.392543e-01   3.349243e-01
  9353.500   6.296821e-01   3.437012e-01
  9354.000   6.323138e-01   3.459038e-01
  9354.500   6.325326e-01   3.392153e-01
  9355.000   6.117411e-01   3.312041e-01
  9355.500   6.324611e-01   3.265136e-01
  9356.000   6.323905e-01   3.231060e-01
  9356.500   6.323264e-01   3.215533e-01
  9357.000   6.320806e-01   3.239032e-01
  9357.500   6.321790e-01   3.317178e-01
  9358.000   6.321148e-01   3.389927e-01
  9358.500   6.320444e-01   3.330981e-01
  9359.000   5.858424e-01   3.216641e-01
  9359.500   6.312896e-01   3.156773e-01
  9360.000   6.318330e-01   3.171704e-01
  9360.500   6.317625e-01   3.199131e-01
  9361.000   6.316854e-01   3.206509e-01
  9361.500   6.313407e-01   3.181684e-01
  9362.000   4.336670e-01   3.135105e-01
  9362.500   6.312449e-01   3.121453e-01
  9363.000   6.313978e-01   3.162129e-01
  9363.500   6.255221e-01   3.206355e-01
  9364.000   6.312696e-01   3.232718e-01
  9364.500   6.294706e-01   3.267170e-01
  9365.000   5.034952e-01   3.298106e-01
  9365.500   6.310143e-01   3.281663e-01
  9366.000   6.309882e-01   3.290510e-01
  9366.500   6.309178e-01   3.299348e-01
  9367.000   6.308475e-01   3.257168e-01
  9367.500   6.307771e-01   3.219624e-01
  9368.000   6.307068e-01   3.190886e-01
  9368.500   6.306365e-01   3.194100e-01
  9369.000   6.305662e-01   3.241418e-01
  9369.500   6.304959e-01   3.292919e-01
  9370.000   6.304256e-01   3.277954e-01
  9370.500   6.302953e-01   3.262518e-01
  9371.000   6.273650e-01   3.291822e-01
  9371.500   6.302148e-01   3.275537e-01
  9372.000   6.301445e-01   3.191786e-01
  9372.500   6.300743e-01   3.108258e-01
  9373.000   6.069032e-01   3.082500e-01
  9373.500   6.299338e-01   3.113783e-01
  9374.000   6.298636e-01   3.148010e-01
  9374.500   6.297871e-01   3.159954e-01
  9375.000   6.290242e-01   3.169148e-01
  9375.500   3.983824e-01   3.182299e-01
  9376.000   6.293574e-01   3.191148e-01
  9376.500   6.295063e-01   3.204336e-01
  9377.000   6.245696e-01   3.234560e-01
  9377.500   6.288130e-01   3.286141e-01
  9378.000   6.293021e-01   3.274827e-01
  9378.500   6.292320e-01   3.223146e-01
  9379.000   6.291618e-01   3.201563e-01
  9379.500   6.290917e-01   3.195159e-01
  9380.000   6.290153e-01   3.177504e-01
  9380.500   6.289326e-01   3.196852e-01
  9381.000   6.288149e-01   3.261272e-01
  9381.500   6.285573e-01   3.277622e-01
  9382.000   6.272532e-01   3.215652e-01
  9382.500   5.776578e-01   3.158625e-01
  9383.000   6.253213e-01   3.133290e-01
  9383.500   6.281169e-01   3.140853e-01
  9384.000   6.283603e-01   3.145290e-01
  9384.500   6.283593e-01   3.140973e-01
  9385.000   6.282767e-01   3.137604e-01
  9385.500   5.584740e-01   3.145259e-01
  9386.000   6.125571e-01   3.172025e-01
  9386.500   6.281106e-01   3.223330e-01
  9387.000   6.280406e-01   3.213997e-01
  9387.500   5.990309e-01   3.144416e-01
  9388.000   6.273237e-01   3.104767e-01
  9388.500   6.278306e-01   3.093636e-01
  9389.000   6.277606e-01   3.108020e-01
  9389.500   6.276843e-01   3.119261e-01
  9390.000   6.052493e-01   3.121257e-01
  9390.500   6.239885e-01   3.121454e-01
  9391.000   6.225651e-01   3.126472e-01
  9391.500   6.273480e-01   3.127840e-01
  9392.000   6.197896e-01   3.107280e-01
  9392.500   6.272709e-01   3.077391e-01
  9393.000   6.244219e-01   3.063071e-01
  9393.500   6.270702e-01   3.058465e-01
  9394.000   6.270611e-01   3.057976e-01
  9394.500   6.269786e-01   3.060876e-01
  9395.000   6.250811e-01   3.073169e-01
  9395.500   6.147434e-01   3.096571e-01
  9396.000   5.937166e-01   3.112671e-01
  9396.500   5.741584e-01   3.113776e-01
  9397.000   6.250524e-01   3.110788e-01
  9397.500   6.243526e-01   3.117398e-01
  9398.000   6.264593e-01   3.134408e-01
  9398.500   6.263900e-01   3.160997e-01
  9399.000   6.020499e-01   3.185437e-01
  9399.500   5.991081e-01   3.168370e-01
  9400.000   6.220025e-01   3.137465e-01
  9400.500   6.261403e-01   3.079976e-01
  9401.000   6.260767e-01   3.044045e-01
  9401.500   6.260069e-01   3.082525e-01
  9402.000   6.259308e-01   3.133359e-01
  9402.500   6.011720e-01   3.158269e-01
  9403.000   6.253039e-01   3.158832e-01
  9403.500   6.035939e-01   3.144324e-01
  9404.000   6.186160e-01   3.103172e-01
  9404.500   6.252660e-01   3.033639e-01
  9405.000   6.254308e-01   2.929713e-01
  9405.500   6.253298e-01   2.834401e-01
  9406.000   6.251298e-01   2.849972e-01
  9406.500   6.246901e-01   2.966102e-01
  9407.000   5.967813e-01   3.070795e-01
  9407.500   5.835297e-01   3.116598e-01
  9408.000   5.754395e-01   3.141360e-01
  9408.500   5.010998e-01   3.161838e-01
  9409.000   6.151417e-01   3.178877e-01
  9409.500   6.165121e-01   3.173521e-01
  9410.000   6.206080e-01   3.183530e-01
  9410.500   6.240467e-01   3.201439e-01
  9411.000   6.229827e-01   3.182401e-01
  9411.500   6.193741e-01   3.166363e-01
  9412.000   6.229515e-01   3.128948e-01
  9412.500   6.204066e-01   3.035890e-01
  9413.000   6.190167e-01   2.875978e-01
  9413.500   6.218303e-01   2.722500e-01
  9414.000   6.235003e-01   2.662795e-01
  9414.500   6.225724e-01   2.659558e-01
  9415.000   6.199526e-01   2.702121e-01
  9415.500   6.081286e-01   2.837985e-01
  9416.000   3.907835e-01   2.994792e-01
  9416.500   5.446457e-01   3.091237e-01
  9417.000   5.859281e-01   3.149520e-01
  9417.500   3.683071e-01   3.209663e-01
  9418.000   5.759228e-01   3.219128e-01
  9418.500   6.107118e-01   3.199917e-01
  9419.000   6.024845e-01   3.196245e-01
  9419.500   5.910783e-01   3.196875e-01
  9420.000   6.221488e-01   3.194203e-01
  9420.500   5.848044e-01   3.187054e-01
  9421.000   6.228690e-01   3.181368e-01
  9421.500   6.199953e-01   3.189781e-01
  9422.000   6.229945e-01   3.205517e-01
  9422.500   6.223143e-01   3.199917e-01
  9423.000   6.229302e-01   3.199199e-01
  9423.500   6.193097e-01   3.196395e-01
  9424.000   6.199711e-01   3.189854e-01
  9424.500   5.758726e-01   3.189160e-01
  9425.000   6.220193e-01   3.196937e-01
  9425.500   6.226076e-01   3.213197e-01
  9426.000   6.225318e-01   3.245888e-01
  9426.500   6.193701e-01   3.308398e-01
  9427.000   6.218362e-01   3.360347e-01
  9427.500   5.952626e-01   3.356409e-01
  9428.000   6.221833e-01   3.360054e-01
  9428.500   6.125600e-01   3.292727e-01
  9429.000   6.221524e-01   3.183677e-01
  9429.500   6.220829e-01   3.099281e-01
  9430.000   6.220072e-01   3.067558e-01
  9430.500   6.219139e-01   3.117858e-01
  9431.000   6.217809e-01   3.129420e-01
  9431.500   6.213649e-01   3.083937e-01
  9432.000   6.175975e-01   3.018332e-01
  9432.500   5.351459e-01   2.957539e-01
  9433.000   6.162594e-01   2.970899e-01
  9433.500   6.188648e-01   3.052147e-01
  9434.000   6.026595e-01   3.119158e-01
  9434.500   6.138978e-01   3.145336e-01
  9435.000   5.826405e-01   3.159169e-01
  9435.500   5.220394e-01   3.171579e-01
  9436.000   6.072529e-01   3.171773e-01
  9436.500   6.184996e-01   3.161819e-01
  9437.000   6.200941e-01   3.162347e-01
  9437.500   6.134483e-01   3.171686e-01
  9438.000   6.205802e-01   3.071601e-01
  9438.500   6.204946e-01   2.939912e-01
  9439.000   5.951636e-01   2.924793e-01
  9439.500   6.128832e-01   3.013707e-01
  9440.000   6.175894e-01   3.125074e-01
  9440.500   5.908923e-01   3.221363e-01
  9441.000   5.892955e-01   3.281905e-01
  9441.500   4.700201e-01   3.279537e-01
  9442.000   5.771628e-01   3.249141e-01
  9442.500   6.161951e-01   3.238591e-01
  9443.000   6.186656e-01   3.213657e-01
  9443.500   6.194531e-01   3.152068e-01
  9444.000   6.197280e-01   3.104894e-01
  9444.500   6.198098e-01   3.132304e-01
  9445.000   6.197405e-01   3.149959e-01
  9445.500   6.196031e-01   3.163305e-01
  9446.000   6.167646e-01   3.157271e-01
  9446.500   5.198790e-01   3.089177e-01
  9447.000   6.188333e-01   3.041866e-01
  9447.500   6.167839e-01   3.069750e-01
  9448.000   6.194552e-01   3.122796e-01
  9448.500   6.193244e-01   3.151194e-01
  9449.000   6.185815e-01   3.166770e-01
  9449.500   5.653340e-01   3.180032e-01
  9450.000   6.132422e-01   3.198700e-01
  9450.500   6.188234e-01   3.198924e-01
  9451.000   6.190208e-01   3.170639e-01
  9451.500   6.041589e-01   3.139685e-01
  9452.000   6.154319e-01   3.108326e-01
  9452.500   6.188509e-01   3.093520e-01
  9453.000   6.187756e-01   3.104688e-01
  9453.500   6.046611e-01   3.119681e-01
  9454.000   6.185877e-01   3.142029e-01
  9454.500   6.115087e-01   3.166808e-01
  9455.000   5.822366e-01   3.171670e-01
  9455.500   6.153412e-01   3.182526e-01
  9456.000   6.164303e-01   3.232055e-01
  9456.500   6.030468e-01   3.242171e-01
  9457.000   5.844207e-01   3.210507e-01
  9457.500   6.153441e-01   3.187223e-01
  9458.000   5.748648e-01   3.179371e-01
  9458.500   5.997863e-01   3.174874e-01
  9459.000   6.178593e-01   3.174642e-01
  9459.500   6.178334e-01   3.200539e-01
  9460.000   6.035725e-01   3.261909e-01
  9460.500   6.177137e-01   3.295484e-01
  9461.000   6.176447e-01   3.305044e-01
  9461.500   6.175570e-01   3.246194e-01
  9462.000   5.954932e-01   3.159607e-01
  9462.500   6.173869e-01   3.106615e-01
  9463.000   6.173622e-01   3.078163e-01
  9463.500   6.172869e-01   3.081635e-01
  9464.000   6.172179e-01   3.107020e-01
  9464.500   6.171426e-01   3.136357e-01
  9465.000   6.049629e-01   3.171131e-01
  9465.500   5.943773e-01   3.192760e-01
  9466.000   6.137278e-01   3.180099e-01
  9466.500   5.808228e-01   3.169685e-01
  9467.000   6.009979e-01   3.174932e-01
  9467.500   6.143806e-01   3.186816e-01
  9468.000   6.166409e-01   3.206627e-01
  9468.500   6.165719e-01   3.229131e-01
  9469.000   6.164967e-01   3.236381e-01
  9469.500   5.906332e-01   3.221170e-01
  9470.000   6.163525e-01   3.181523e-01
  9470.500   6.162774e-01   3.170093e-01
  9471.000   6.162022e-01   3.154613e-01
  9471.500   6.160900e-01   3.145536e-01
  9472.000   6.150423e-01   3.143820e-01
  9472.500   6.077091e-01   3.150153e-01
  9473.000   6.157933e-01   3.154638e-01
  9473.500   5.919416e-01   3.155689e-01
  9474.000   6.149116e-01   3.174220e-01
  9474.500   6.155205e-01   3.213418e-01
  9475.000   6.156198e-01   3.217976e-01
  9475.500   6.155508e-01   3.205068e-01
  9476.000   6.154757e-01   3.191521e-01
  9476.500   5.702202e-01   3.166337e-01
  9477.000   6.145664e-01   3.144083e-01
  9477.500   6.152567e-01   3.132426e-01
  9478.000   6.067049e-01   3.133850e-01
  9478.500   6.151066e-01   3.138626e-01
  9479.000   6.150315e-01   3.144999e-01
  9479.500   6.018063e-01   3.170937e-01
  9480.000   6.147628e-01   3.236257e-01
  9480.500   6.023510e-01   3.281487e-01
  9481.000   6.147375e-01   3.278664e-01
  9481.500   6.145585e-01   3.307779e-01
  9482.000   6.143320e-01   3.294488e-01
  9482.500   6.145125e-01   3.232382e-01
  9483.000   6.144375e-01   3.184118e-01
  9483.500   6.143625e-01   3.162701e-01
  9484.000   6.142875e-01   3.151207e-01
  9484.500   5.986545e-01   3.139537e-01
  9485.000   6.141376e-01   3.133202e-01
  9485.500   6.140565e-01   3.134544e-01
  9486.000   6.139815e-01   3.141553e-01
  9486.500   6.139066e-01   3.141223e-01
  9487.000   6.097258e-01   3.146105e-01
  9487.500   6.019974e-01   3.143287e-01
  9488.000   5.959130e-01   3.123048e-01
  9488.500   6.009687e-01   3.112253e-01
  9489.000   6.038091e-01   3.115848e-01
  9489.500   6.101080e-01   3.130274e-01
  9490.000   6.133637e-01   3.141957e-01
  9490.500   6.042884e-01   3.144760e-01
  9491.000   6.131847e-01   3.147083e-01
  9491.500   5.679831e-01   3.150145e-01
  9492.000   6.130519e-01   3.148256e-01
  9492.500   6.129709e-01   3.154739e-01
  9493.000   6.128899e-01   3.182249e-01
  9493.500   6.128089e-01   3.236542e-01
  9494.000   6.127279e-01   3.270919e-01
  9494.500   6.126469e-01   3.223546e-01
  9495.000   6.121949e-01   3.159471e-01
  9495.500   6.124850e-01   3.141418e-01
  9496.000   6.120569e-01   3.143504e-01
  9496.500   6.114569e-01   3.158982e-01
  9497.000   6.122182e-01   3.185152e-01
  9497.500   5.974738e-01   3.205155e-01
  9498.000   6.120742e-01   3.179704e-01
  9498.500   5.903926e-01   3.168822e-01
  9499.000   6.119063e-01   3.181420e-01
  9499.500   6.118193e-01   3.206425e-01
  9500.000   6.117384e-01   3.223600e-01
  9500.500   6.116514e-01   3.266487e-01
  9501.000   6.115644e-01   3.302656e-01
  9501.500   6.114774e-01   3.254748e-01
  9502.000   6.113844e-01   3.175276e-01
  9502.500   6.112952e-01   3.128666e-01
  9503.000   6.111920e-01   3.117233e-01
  9503.500   6.110556e-01   3.108045e-01
  9504.000   6.107095e-01   3.088292e-01
  9504.500   6.069547e-01   3.072549e-01
  9505.000   5.898903e-01   3.074645e-01
  9505.500   6.100016e-01   3.099634e-01
  9506.000   6.105410e-01   3.116812e-01
  9506.500   6.105408e-01   3.116048e-01
  9507.000   5.465328e-01   3.111484e-01
  9507.500   6.103098e-01   3.115567e-01
  9508.000   6.045003e-01   3.123622e-01
  9508.500   6.101873e-01   3.126413e-01
  9509.000   6.100943e-01   3.121620e-01
  9509.500   6.099891e-01   3.110161e-01
  9510.000   6.098256e-01   3.101512e-01
  9510.500   6.097911e-01   3.106369e-01
  9511.000   6.096860e-01   3.113867e-01
  9511.500   6.095809e-01   3.111968e-01
  9512.000   6.094758e-01   3.101915e-01
  9512.500   6.030985e-01   3.070078e-01
  9513.000   6.092595e-01   3.021751e-01
  9513.500   6.042820e-01   3.022743e-01
  9514.000   6.090433e-01   3.072974e-01
  9514.500   6.089200e-01   3.109356e-01
  9515.000   6.087365e-01   3.112036e-01
  9515.500   6.066401e-01   3.118214e-01
  9516.000   5.372391e-01   3.138931e-01
  9516.500   6.081036e-01   3.170089e-01
  9517.000   6.083157e-01   3.198520e-01
  9517.500   6.082108e-01   3.171304e-01
  9518.000   6.063239e-01   3.124214e-01
  9518.500   6.079583e-01   3.106116e-01
  9519.000   6.078229e-01   3.112337e-01
  9519.500   6.076896e-01   3.086116e-01
  9520.000   6.075522e-01   3.034851e-01
  9520.500   6.064664e-01   3.047239e-01
  9521.000   5.843371e-01   3.092064e-01
  9521.500   6.071219e-01   3.138250e-01
  9522.000   6.067870e-01   3.197840e-01
  9522.500   5.831758e-01   3.207404e-01
  9523.000   6.023544e-01   3.162942e-01
  9523.500   6.064904e-01   3.140385e-01
  9524.000   6.063301e-01   3.127969e-01
  9524.500   6.061585e-01   3.131850e-01
  9525.000   6.059807e-01   3.143139e-01
  9525.500   6.058009e-01   3.119774e-01
  9526.000   6.056131e-01   3.093471e-01
  9526.500   6.054172e-01   3.078927e-01
  9527.000   6.052175e-01   3.075217e-01
  9527.500   6.050089e-01   3.086694e-01
  9528.000   6.047883e-01   3.102405e-01
  9528.500   6.007981e-01   3.111991e-01
  9529.000   6.019589e-01   3.069903e-01
  9529.500   6.038166e-01   3.027521e-01
  9530.000   6.028518e-01   3.018972e-01
  9530.500   5.909983e-01   3.044243e-01
  9531.000   6.033149e-01   3.069724e-01
  9531.500   6.030282e-01   3.087253e-01
  9532.000   5.744603e-01   3.089871e-01
  9532.500   5.817359e-01   3.085580e-01
  9533.000   5.968122e-01   3.085444e-01
  9533.500   6.017341e-01   3.086651e-01
  9534.000   5.951228e-01   3.075371e-01
  9534.500   6.009910e-01   3.061556e-01
  9535.000   6.005832e-01   3.053526e-01
  9535.500   6.001511e-01   3.065132e-01
  9536.000   5.996889e-01   3.087966e-01
  9536.500   5.991963e-01   3.069430e-01
  9537.000   5.986722e-01   3.052293e-01
  9537.500   5.978499e-01   3.052076e-01
  9538.000   5.814829e-01   3.059315e-01
  9538.500   5.968383e-01   3.059525e-01
  9539.000   5.730180e-01   3.040963e-01
  9539.500   5.953274e-01   3.025239e-01
  9540.000   5.945148e-01   3.019907e-01
  9540.500   5.935873e-01   3.027959e-01
  9541.000   5.925631e-01   3.033777e-01
  9541.500   5.914194e-01   3.006118e-01
  9542.000   5.901415e-01   2.980397e-01
  9542.500   5.805104e-01   2.962229e-01
  9543.000   5.870382e-01   2.948094e-01
  9543.500   5.851232e-01   2.944002e-01
  9544.000   5.828704e-01   2.934194e-01
  9544.500   5.801820e-01   2.867457e-01
  9545.000   5.769032e-01   2.796157e-01
  9545.500   5.728283e-01   2.756189e-01
  9546.000   5.539264e-01   2.742253e-01
  9546.500   5.602723e-01   2.759169e-01
  9547.000   5.531397e-01   2.799438e-01
  9547.500   5.440664e-01   2.841836e-01
  9548.000   5.358426e-01   2.882666e-01
  9548.500   5.193463e-01   2.925572e-01
  9549.000   5.161856e-01   2.950872e-01
  9549.500   5.433242e-01   2.959931e-01
  9550.000   5.529817e-01   2.965471e-01
  9550.500   5.605418e-01   2.964007e-01
  9551.000   5.673663e-01   2.966519e-01
  9551.500   5.723248e-01   2.974669e-01
  9552.000   5.762053e-01   2.980659e-01
  9552.500   5.791741e-01   2.987342e-01
  9553.000   5.587046e-01   3.015530e-01
  9553.500   5.650982e-01   3.074527e-01
  9554.000   5.847950e-01   3.101785e-01
  9554.500   5.870597e-01   3.088793e-01
  9555.000   5.708391e-01   3.065743e-01
  9555.500   5.861216e-01   3.062067e-01
  9556.000   5.835273e-01   3.065443e-01
  9556.500   5.911546e-01   3.066017e-01
  9557.000   5.751652e-01   3.103419e-01
  9557.500   5.929672e-01   3.123451e-01
  9558.000   5.936088e-01   3.100410e-01
  9558.500   5.941793e-01   3.090548e-01
  9559.000   5.883099e-01   3.077582e-01
  9559.500   5.951614e-01   3.063437e-01
  9560.000   5.955875e-01   3.053205e-01
  9560.500   5.959723e-01   3.043345e-01
  9561.000   5.963262e-01   3.032434e-01
  9561.500   5.966497e-01   3.035602e-01
  9562.000   5.969430e-01   3.061957e-01
  9562.500   5.971120e-01   3.095249e-01
  9563.000   5.974567e-01   3.096422e-01
  9563.500   5.976849e-01   3.085814e-01
  9564.000   5.916343e-01   3.092738e-01
  9564.500   5.980162e-01   3.099688e-01
  9565.000   5.982596e-01   3.123540e-01
  9565.500   5.984194e-01   3.117128e-01
  9566.000   5.905296e-01   3.121557e-01
  9566.500   5.986126e-01   3.147705e-01
  9567.000   5.744787e-01   3.130545e-01
  9567.500   5.989378e-01   3.094538e-01
  9568.000   5.990421e-01   3.077514e-01
  9568.500   5.991351e-01   3.073571e-01
  9569.000   5.992220e-01   3.032644e-01
  9569.500   5.993009e-01   2.941319e-01
  9570.000   5.993659e-01   2.897313e-01
  9570.500   5.994250e-01   2.944538e-01
  9571.000   5.993024e-01   3.022892e-01
  9571.500   5.994284e-01   3.054869e-01
  9572.000   5.982264e-01   3.046124e-01
  9572.500   4.013263e-01   3.046666e-01
  9573.000   5.766205e-01   3.047968e-01
  9573.500   5.992743e-01   3.031334e-01
  9574.000   5.996869e-01   3.000563e-01
  9574.500   5.643759e-01   2.988268e-01
  9575.000   5.816409e-01   3.010077e-01
  9575.500   5.997196e-01   3.040292e-01
  9576.000   5.997778e-01   3.051330e-01
  9576.500   5.997773e-01   3.056724e-01
  9577.000   4.892420e-01   3.072016e-01
  9577.500   5.607487e-01   3.075757e-01
  9578.000   5.997841e-01   3.071337e-01
  9578.500   5.997827e-01   3.066191e-01
  9579.000   5.891331e-01   3.070042e-01
  9579.500   5.997617e-01   3.095468e-01
  9580.000   5.997522e-01   3.133765e-01
  9580.500   5.997356e-01   3.142944e-01
  9581.000   5.997212e-01   3.156735e-01
  9581.500   5.663073e-01   3.141408e-01
  9582.000   5.843239e-01   3.109726e-01
  9582.500   5.996566e-01   3.080296e-01
  9583.000   5.996371e-01   3.067037e-01
  9583.500   5.996116e-01   3.063110e-01
  9584.000   5.995860e-01   3.061332e-01
  9584.500   5.995544e-01   3.063462e-01
  9585.000   5.994480e-01   3.061210e-01
  9585.500   5.994913e-01   3.055324e-01
  9586.000   5.931512e-01   3.057769e-01
  9586.500   5.957453e-01   3.068044e-01
  9587.000   5.993655e-01   3.076353e-01
  9587.500   5.993170e-01   3.064808e-01
  9588.000   5.986612e-01   3.065016e-01
  9588.500   5.668988e-01   3.101847e-01
  9589.000   5.989254e-01   3.136379e-01
  9589.500   5.991787e-01   3.136458e-01
  9590.000   5.991591e-01   3.129311e-01
  9590.500   5.710611e-01   3.118906e-01
  9591.000   5.829660e-01   3.115572e-01
  9591.500   5.856121e-01   3.119085e-01
  9592.000   5.989848e-01   3.128638e-01
  9592.500   5.989412e-01   3.116626e-01
  9593.000   5.988976e-01   3.074665e-01
  9593.500   5.985492e-01   3.061475e-01
  9594.000   5.985430e-01   3.081909e-01
  9594.500   5.987549e-01   3.096991e-01
  9595.000   5.986874e-01   3.089177e-01
  9595.500   5.983893e-01   3.069912e-01
  9596.000   5.700105e-01   3.058055e-01
  9596.500   5.978303e-01   3.054079e-01
  9597.000   5.984652e-01   3.054162e-01
  9597.500   5.984516e-01   3.071800e-01
  9598.000   5.984021e-01   3.080437e-01
  9598.500   5.959752e-01   3.070744e-01
  9599.000   5.983019e-01   3.049805e-01
  9599.500   5.890749e-01   3.017148e-01
  9600.000   5.981919e-01   3.010500e-01
  9600.500   5.981364e-01   3.014295e-01
  9601.000   5.964518e-01   3.014747e-01
  9601.500   5.980190e-01   3.009684e-01
  9602.000   5.969087e-01   3.005514e-01
  9602.500   5.977159e-01   3.005879e-01
  9603.000   5.978649e-01   3.009727e-01
  9603.500   5.978094e-01   3.015819e-01
  9604.000   5.977539e-01   3.025851e-01
  9604.500   5.976639e-01   3.051907e-01
  9605.000   5.971607e-01   3.070807e-01
  9605.500   5.339336e-01   3.059648e-01
  9606.000   5.864850e-01   3.045868e-01
  9606.500   5.974057e-01   3.030042e-01
  9607.000   5.560068e-01   3.018459e-01
  9607.500   5.973477e-01   3.019480e-01
  9608.000   5.972922e-01   3.027028e-01
  9608.500   5.769008e-01   3.022138e-01
  9609.000   5.967302e-01   3.016480e-01
  9609.500   5.970487e-01   3.023247e-01
  9610.000   5.970585e-01   3.036209e-01
  9610.500   5.969971e-01   3.026009e-01
  9611.000   5.763920e-01   3.012395e-01
  9611.500   5.775809e-01   3.006620e-01
  9612.000   5.968057e-01   3.004936e-01
  9612.500   5.967575e-01   3.005385e-01
  9613.000   5.966962e-01   3.006378e-01
  9613.500   5.966348e-01   3.011378e-01
  9614.000   5.965734e-01   3.020888e-01
  9614.500   5.965121e-01   3.030472e-01
  9615.000   5.942850e-01   3.049193e-01
  9615.500   5.963894e-01   3.043083e-01
  9616.000   5.963281e-01   3.020203e-01
  9616.500   5.962667e-01   3.010070e-01
  9617.000   5.962054e-01   3.009690e-01
  9617.500   5.961441e-01   3.018926e-01
  9618.000   5.899978e-01   3.032957e-01
  9618.500   5.960087e-01   3.027249e-01
  9619.000   5.959602e-01   3.018401e-01
  9619.500   5.958929e-01   3.023492e-01
  9620.000   5.956390e-01   3.038790e-01
  9620.500   5.957223e-01   3.043060e-01
  9621.000   5.956912e-01   3.056362e-01
  9621.500   5.956001e-01   3.053633e-01
  9622.000   5.954136e-01   3.042706e-01
  9622.500   5.946546e-01   3.047096e-01
  9623.000   5.849004e-01   3.036552e-01
  9623.500   4.039598e-01   3.020733e-01
  9624.000   5.907633e-01   3.018853e-01
  9624.500   5.947263e-01   3.026570e-01
  9625.000   5.862269e-01   3.029729e-01
  9625.500   5.946585e-01   3.039091e-01
  9626.000   5.948708e-01   3.051854e-01
  9626.500   5.950057e-01   3.048825e-01
  9627.000   5.936054e-01   3.025470e-01
  9627.500   5.922601e-01   3.015855e-01
  9628.000   5.935452e-01   3.018912e-01
  9628.500   5.883941e-01   3.019872e-01
  9629.000   5.456316e-01   3.014434e-01
  9629.500   5.171904e-01   3.009873e-01
  9630.000   5.944193e-01   3.008664e-01
  9630.500   5.944866e-01   3.006749e-01
  9631.000   5.944314e-01   3.004979e-01
  9631.500   5.943703e-01   3.003751e-01
  9632.000   5.943092e-01   3.003440e-01
  9632.500   5.942421e-01   3.003787e-01
  9633.000   5.939116e-01   3.005218e-01
  9633.500   5.941139e-01   3.006860e-01
  9634.000   5.890209e-01   3.006816e-01
  9634.500   5.939858e-01   3.008580e-01
  9635.000   5.939188e-01   3.014894e-01
  9635.500   5.938577e-01   3.028801e-01
  9636.000   5.878552e-01   3.047216e-01
  9636.500   5.921902e-01   3.057597e-01
  9637.000   5.544536e-01   3.065719e-01
  9637.500   5.914107e-01   3.070995e-01
  9638.000   5.935168e-01   3.042698e-01
  9638.500   5.882034e-01   3.022954e-01
  9639.000   5.880332e-01   3.014222e-01
  9639.500   5.931258e-01   3.015778e-01
  9640.000   5.930815e-01   3.027600e-01
  9640.500   5.929305e-01   3.034527e-01
  9641.000   3.614673e-01   3.022846e-01
  9641.500   5.930066e-01   3.011362e-01
  9642.000   5.930109e-01   3.007717e-01
  9642.500   5.929499e-01   3.009800e-01
  9643.000   5.928811e-01   3.013983e-01
  9643.500   5.812908e-01   3.012367e-01
  9644.000   5.927492e-01   3.013899e-01
  9644.500   5.860436e-01   3.027609e-01
  9645.000   5.926214e-01   3.059500e-01
  9645.500   5.918674e-01   3.074735e-01
  9646.000   5.924877e-01   3.056138e-01
  9646.500   5.924268e-01   3.045252e-01
  9647.000   5.823169e-01   3.024283e-01
  9647.500   5.922931e-01   3.013557e-01
  9648.000   5.922263e-01   3.013805e-01
  9648.500   5.914508e-01   3.017157e-01
  9649.000   5.906652e-01   3.015326e-01
  9649.500   5.920259e-01   3.012837e-01
  9650.000   4.865062e-01   3.010332e-01
  9650.500   5.718230e-01   3.009027e-01
  9651.000   5.918374e-01   3.009345e-01
  9651.500   5.917647e-01   3.011744e-01
  9652.000   5.873077e-01   3.017481e-01
  9652.500   5.902115e-01   3.020859e-01
  9653.000   5.907852e-01   3.021946e-01
  9653.500   5.868806e-01   3.016530e-01
  9654.000   5.914311e-01   3.015626e-01
  9654.500   5.913432e-01   3.019426e-01
  9655.000   5.910526e-01   3.015672e-01
  9655.500   5.826678e-01   3.012251e-01
  9656.000   5.766663e-01   3.013287e-01
  9656.500   5.560328e-01   3.013776e-01
  9657.000   5.909777e-01   3.017541e-01
  9657.500   5.909170e-01   3.019726e-01
  9658.000   5.907391e-01   3.012761e-01
  9658.500   5.713964e-01   3.009181e-01
  9659.000   5.778534e-01   3.011610e-01
  9659.500   5.899614e-01   3.018103e-01
  9660.000   5.388628e-01   3.021106e-01
  9660.500   5.847521e-01   3.025988e-01
  9661.000   4.210179e-01   3.035449e-01
  9661.500   5.756551e-01   3.037521e-01
  9662.000   5.758880e-01   3.051672e-01
  9662.500   5.896405e-01   3.058806e-01
  9663.000   5.896783e-01   3.040030e-01
  9663.500   5.900588e-01   3.027297e-01
  9664.000   5.900454e-01   3.027475e-01
  9664.500   5.813300e-01   3.033645e-01
  9665.000   5.899655e-01   3.024621e-01
  9665.500   5.899108e-01   3.014278e-01
  9666.000   5.898390e-01   3.012616e-01
  9666.500   5.894645e-01   3.017148e-01
  9667.000   5.818340e-01   3.021402e-01
  9667.500   5.894870e-01   3.017736e-01
  9668.000   5.760006e-01   3.013167e-01
  9668.500   5.878680e-01   3.011217e-01
  9669.000   5.893982e-01   3.012612e-01
  9669.500   5.890815e-01   3.022128e-01
  9670.000   5.671208e-01   3.040870e-01
  9670.500   5.891477e-01   3.046003e-01
  9671.000   5.891973e-01   3.026989e-01
  9671.500   5.891368e-01   3.012938e-01
  9672.000   5.890763e-01   3.007815e-01
  9672.500   5.889915e-01   3.006174e-01
  9673.000   5.829393e-01   3.005263e-01
  9673.500   5.879227e-01   3.004616e-01
  9674.000   5.887729e-01   3.004559e-01
  9674.500   5.860588e-01   3.004763e-01
  9675.000   5.698988e-01   3.004908e-01
  9675.500   5.886040e-01   3.004945e-01
  9676.000   5.881229e-01   3.004997e-01
  9676.500   5.823508e-01   3.004977e-01
  9677.000   5.884186e-01   3.004928e-01
  9677.500   5.883406e-01   3.005058e-01
  9678.000   5.788408e-01   3.005762e-01
  9678.500   5.856169e-01   3.006741e-01
  9679.000   5.707130e-01   3.009178e-01
  9679.500   5.876079e-01   3.016449e-01
  9680.000   5.879204e-01   3.033630e-01
  9680.500   5.879547e-01   3.048419e-01
  9681.000   5.878885e-01   3.034147e-01
  9681.500   5.784467e-01   3.021241e-01
  9682.000   5.872894e-01   3.015606e-01
  9682.500   5.876832e-01   3.011438e-01
  9683.000   5.875518e-01   3.008259e-01
  9683.500   5.544019e-01   3.006891e-01
  9684.000   5.874786e-01   3.007100e-01
  9684.500   5.872966e-01   3.006596e-01
  9685.000   5.873410e-01   3.006348e-01
  9685.500   5.872986e-01   3.007377e-01
  9686.000   5.872325e-01   3.009514e-01
  9686.500   5.871663e-01   3.010648e-01
  9687.000   5.707449e-01   3.008231e-01
  9687.500   5.870341e-01   3.006981e-01
  9688.000   5.869680e-01   3.007821e-01
  9688.500   5.750232e-01   3.008632e-01
  9689.000   5.868358e-01   3.007907e-01
  9689.500   5.867697e-01   3.007594e-01
  9690.000   5.705132e-01   3.007690e-01
  9690.500   5.865760e-01   3.007455e-01
  9691.000   5.853020e-01   3.008659e-01
  9691.500   5.109828e-01   3.013101e-01
  9692.000   4.967184e-01   3.016989e-01
  9692.500   5.850744e-01   3.012588e-01
  9693.000   5.862351e-01   3.008474e-01
  9693.500   5.751075e-01   3.007433e-01
  9694.000   5.794192e-01   3.008336e-01
  9694.500   5.861153e-01   3.009968e-01
  9695.000   5.860435e-01   3.009523e-01
  9695.500   5.859541e-01   3.007690e-01
  9696.000   5.801045e-01   3.006499e-01
  9696.500   5.162431e-01   3.006232e-01
  9697.000   5.853234e-01   3.006725e-01
  9697.500   5.794215e-01   3.008365e-01
  9698.000   5.856478e-01   3.011434e-01
  9698.500   5.686111e-01   3.012791e-01
  9699.000   5.855219e-01   3.011348e-01
  9699.500   5.854560e-01   3.012196e-01
  9700.000   5.687876e-01   3.014890e-01
  9700.500   5.853243e-01   3.017353e-01
  9701.000   5.852526e-01   3.027030e-01
  9701.500   5.851341e-01   3.036769e-01
  9702.000   5.785316e-01   3.022773e-01
  9702.500   4.965847e-01   3.011711e-01
  9703.000   5.845425e-01   3.008091e-01
  9703.500   5.848824e-01   3.006977e-01
  9704.000   5.847616e-01   3.006585e-01
  9704.500   5.288963e-01   3.006459e-01
  9705.000   5.559116e-01   3.007299e-01
  9705.500   5.846720e-01   3.007963e-01
  9706.000   5.842856e-01   3.007022e-01
  9706.500   5.725940e-01   3.006523e-01
  9707.000   5.844748e-01   3.006584e-01
  9707.500   5.840671e-01   3.007237e-01
  9708.000   5.833299e-01   3.009291e-01
  9708.500   5.598612e-01   3.014448e-01
  9709.000   5.829144e-01   3.019129e-01
  9709.500   5.750470e-01   3.013462e-01
  9710.000   5.807896e-01   3.008753e-01
  9710.500   5.840149e-01   3.007472e-01
  9711.000   5.759749e-01   3.007157e-01
  9711.500   5.838836e-01   3.007185e-01
  9712.000   5.838179e-01   3.007480e-01
  9712.500   5.837523e-01   3.008002e-01
  9713.000   5.835186e-01   3.008289e-01
  9713.500   5.835327e-01   3.008711e-01
  9714.000   5.835496e-01   3.010923e-01
  9714.500   5.829254e-01   3.018395e-01
  9715.000   5.834243e-01   3.033505e-01
  9715.500   5.833587e-01   3.038133e-01
  9716.000   5.832932e-01   3.022511e-01
  9716.500   5.832276e-01   3.012644e-01
  9717.000   5.831621e-01   3.009269e-01
  9717.500   5.583074e-01   3.008024e-01
  9718.000   5.830310e-01   3.007297e-01
  9718.500   5.829655e-01   3.006711e-01
  9719.000   5.826736e-01   3.006793e-01
  9719.500   5.617153e-01   3.007158e-01
  9720.000   5.827691e-01   3.007392e-01
  9720.500   5.827036e-01   3.007785e-01
  9721.000   5.826381e-01   3.007951e-01
  9721.500   5.760070e-01   3.008286e-01
  9722.000   5.825072e-01   3.010540e-01
  9722.500   5.824418e-01   3.017626e-01
  9723.000   5.823764e-01   3.027659e-01
  9723.500   5.764382e-01   3.024579e-01
  9724.000   5.822245e-01   3.022120e-01
  9724.500   5.737668e-01   3.025362e-01
  9725.000   5.820450e-01   3.018499e-01
  9725.500   5.717814e-01   3.011974e-01
  9726.000   5.779462e-01   3.010174e-01
  9726.500   5.724633e-01   3.010694e-01
  9727.000   5.818360e-01   3.010800e-01
  9727.500   5.817881e-01   3.010911e-01
  9728.000   5.817286e-01   3.011141e-01
  9728.500   5.816575e-01   3.010569e-01
  9729.000   5.624162e-01   3.009816e-01
  9729.500   5.783936e-01   3.009955e-01
  9730.000   5.814675e-01   3.013615e-01
  9730.500   5.644794e-01   3.019083e-01
  9731.000   5.072085e-01   3.016235e-01
  9731.500   5.810039e-01   3.011337e-01
  9732.000   5.812007e-01   3.008860e-01
  9732.500   5.811413e-01   3.008523e-01
  9733.000   5.404326e-01   3.008784e-01
  9733.500   5.810109e-01   3.009732e-01
  9734.000   5.809457e-01   3.013976e-01
  9734.500   5.808805e-01   3.025094e-01
  9735.000   5.693867e-01   3.036120e-01
  9735.500   5.807502e-01   3.029553e-01
  9736.000   5.786382e-01   3.031404e-01
  9736.500   5.805966e-01   3.043469e-01
  9737.000   5.780053e-01   3.040934e-01
  9737.500   5.709867e-01   3.028644e-01
  9738.000   5.803554e-01   3.020700e-01
  9738.500   5.675961e-01   3.015902e-01
  9739.000   5.800309e-01   3.012159e-01
  9739.500   5.797318e-01   3.009576e-01
  9740.000   5.706252e-01   3.008540e-01
  9740.500   5.594028e-01   3.008591e-01
  9741.000   5.464750e-01   3.009485e-01
  9741.500   5.465664e-01   3.010748e-01
  9742.000   5.778251e-01   3.012302e-01
  9742.500   5.681449e-01   3.016832e-01
  9743.000   5.728769e-01   3.030747e-01
  9743.500   5.796266e-01   3.046245e-01
  9744.000   5.796325e-01   3.030623e-01
  9744.500   5.795733e-01   3.017136e-01
  9745.000   5.795025e-01   3.012903e-01
  9745.500   5.793369e-01   3.010770e-01
  9746.000   5.678527e-01   3.009482e-01
  9746.500   5.676167e-01   3.009016e-01
  9747.000   5.789181e-01   3.009534e-01
  9747.500   5.791721e-01   3.010629e-01
  9748.000   5.791246e-01   3.013228e-01
  9748.500   5.790539e-01   3.020418e-01
  9749.000   5.788447e-01   3.036112e-01
  9749.500   5.719235e-01   3.042834e-01
  9750.000   5.389018e-01   3.025341e-01
  9750.500   5.530965e-01   3.013982e-01
  9751.000   5.783991e-01   3.010631e-01
  9751.500   5.786706e-01   3.010023e-01
  9752.000   5.786058e-01   3.010119e-01
  9752.500   5.668681e-01   3.011453e-01
  9753.000   5.784762e-01   3.016282e-01
  9753.500   5.709884e-01   3.026857e-01
  9754.000   5.783466e-01   3.033281e-01
  9754.500   5.782211e-01   3.022206e-01
  9755.000   5.780513e-01   3.016066e-01
  9755.500   5.716708e-01   3.016702e-01
  9756.000   5.667293e-01   3.017798e-01
  9756.500   5.777512e-01   3.018501e-01
  9757.000   5.739151e-01   3.027137e-01
  9757.500   5.705337e-01   3.043926e-01
  9758.000   5.778288e-01   3.041899e-01
  9758.500   5.777642e-01   3.026656e-01
  9759.000   5.776995e-01   3.016467e-01
  9759.500   5.776348e-01   3.012275e-01
  9760.000   5.775538e-01   3.010675e-01
  9760.500   5.676471e-01   3.010581e-01
  9761.000   5.774409e-01   3.012365e-01
  9761.500   5.773763e-01   3.017014e-01
  9762.000   5.619363e-01   3.023515e-01
  9762.500   5.718352e-01   3.032989e-01
  9763.000   5.679154e-01   3.040243e-01
  9763.500   5.770457e-01   3.028958e-01
  9764.000   5.769070e-01   3.019190e-01
  9764.500   5.769831e-01   3.016375e-01
  9765.000   5.768782e-01   3.018661e-01
  9765.500   5.762475e-01   3.022480e-01
  9766.000   4.681886e-01   3.016358e-01
  9766.500   4.707621e-01   3.011320e-01
  9767.000   5.677971e-01   3.009863e-01
  9767.500   5.763373e-01   3.010013e-01
  9768.000   5.757376e-01   3.011878e-01
  9768.500   5.711659e-01   3.014034e-01
  9769.000   5.734449e-01   3.012282e-01
  9769.500   5.763036e-01   3.010021e-01
  9770.000   5.762795e-01   3.009047e-01
  9770.500   5.762151e-01   3.008751e-01
  9771.000   5.109307e-01   3.008748e-01
  9771.500   5.760805e-01   3.009034e-01
  9772.000   5.760219e-01   3.009390e-01
  9772.500   5.693365e-01   3.009933e-01
  9773.000   4.901671e-01   3.011663e-01
  9773.500   5.757654e-01   3.016603e-01
  9774.000   5.757611e-01   3.021726e-01
  9774.500   5.732701e-01   3.017518e-01
  9775.000   5.756357e-01   3.012829e-01
  9775.500   5.735744e-01   3.011574e-01
  9776.000   5.755129e-01   3.012591e-01
  9776.500   5.754486e-01   3.015908e-01
  9777.000   5.753843e-01   3.017956e-01
  9777.500   5.753200e-01   3.014351e-01
  9778.000   5.752558e-01   3.012255e-01
  9778.500   5.751857e-01   3.013665e-01
  9779.000   5.751215e-01   3.018864e-01
  9779.500   5.749164e-01   3.023256e-01
  9780.000   5.707874e-01   3.017637e-01
  9780.500   5.741283e-01   3.013156e-01
  9781.000   5.651927e-01   3.012985e-01
  9781.500   5.745963e-01   3.016921e-01
  9782.000   5.747363e-01   3.028540e-01
  9782.500   5.435272e-01   3.039542e-01
  9783.000   5.746079e-01   3.026869e-01
  9783.500   5.736354e-01   3.015823e-01
  9784.000   5.725932e-01   3.011813e-01
  9784.500   5.744213e-01   3.010702e-01
  9785.000   5.743571e-01   3.010495e-01
  9785.500   5.742873e-01   3.010497e-01
  9786.000   4.643003e-01   3.011516e-01
  9786.500   5.643297e-01   3.014244e-01
  9787.000   5.734878e-01   3.017864e-01
  9787.500   5.739301e-01   3.015564e-01
  9788.000   5.739602e-01   3.012101e-01
  9788.500   5.739086e-01   3.011374e-01
  9789.000   5.737254e-01   3.012067e-01
  9789.500   5.676783e-01   3.012890e-01
  9790.000   5.735206e-01   3.014590e-01
  9790.500   5.360565e-01   3.021566e-01
  9791.000   5.581937e-01   3.030422e-01
  9791.500   5.315042e-01   3.023412e-01
  9792.000   5.734491e-01   3.017948e-01
  9792.500   5.615526e-01   3.021171e-01
  9793.000   5.733123e-01   3.030835e-01
  9793.500   5.732687e-01   3.035814e-01
  9794.000   5.732048e-01   3.023616e-01
  9794.500   5.709044e-01   3.015478e-01
  9795.000   5.730265e-01   3.013872e-01
  9795.500   5.730131e-01   3.013181e-01
  9796.000   5.729492e-01   3.011407e-01
  9796.500   5.728853e-01   3.010088e-01
  9797.000   5.728215e-01   3.010155e-01
  9797.500   5.465672e-01   3.010517e-01
  9798.000   5.726849e-01   3.011193e-01
  9798.500   5.726299e-01   3.012969e-01
  9799.000   5.725661e-01   3.018383e-01
  9799.500   5.402564e-01   3.024337e-01
  9800.000   5.724328e-01   3.018489e-01
